applicable,K_x,K_y,D_hat,Q_hat,Q_bc,s_Q,Z,U_D,T0,p_exact,decision,mt_reject,success_x,success_y,max_residual_x,max_residual_y,correct_cardinality,rep,seconds,name,c_h,order,rho,n
True,4,4,0.49647943498241404,0.9859673174418284,0.90878873979076,0.1919936701946495,-0.4750743090476212,0.5533060239510668,139.03407459676544,3.768162572985323e-26,inconclusive,True,1.0,1.0,8.986038582470185e-07,8.688724992553703e-07,True,0,0.9917359352111816,c0.75_beta6_rho1.00,0.75,6,1.0,800
True,4,4,0.5936396837706173,1.409632296589114,1.3346574542123053,0.2015006218824108,1.6608259125254734,0.6453867993204861,242.5648205452553,6.48256359008769e-48,meaningfully_different,True,1.0,1.0,9.414355783381832e-07,9.616234586679384e-07,True,1,0.9603981971740723,c0.75_beta6_rho1.00,0.75,6,1.0,800
True,4,4,0.5349639758523709,1.144745821839104,1.0819002114132727,0.19670863508120603,0.4163529037729451,0.5927598846243031,158.79761262704807,2.8532333069838114e-30,inconclusive,True,1.0,1.0,8.786122891597685e-07,9.655304974524847e-07,True,2,0.9142439365386963,c0.75_beta6_rho1.00,0.75,6,1.0,800
True,4,4,0.4928038690370364,0.9714226133514899,0.895443727500033,0.22352743491102733,-0.4677558821429884,0.5619416427745401,92.77672552700622,1.2683579433708744e-16,inconclusive,True,1.0,1.0,9.839969294115615e-07,9.885047405604345e-07,True,3,1.0080041885375977,c0.75_beta6_rho1.00,0.75,6,1.0,800
True,4,4,0.5698498802230307,1.29891554396081,1.2445232061301985,0.1954325703921504,1.2511896335372554,0.62569584830894,212.5588108110445,1.4353321437530947e-41,inconclusive,True,1.0,1.0,9.841573280182521e-07,9.206105307668421e-07,True,4,0.8713459968566895,c0.75_beta6_rho1.00,0.75,6,1.0,800
True,4,4,0.5287098333913303,1.118136351698753,1.032041925738122,0.2226062040852765,0.14393994933693416,0.5912268067141595,129.46735655744595,3.6478566653985605e-24,inconclusive,True,1.0,1.0,9.87501211312706e-07,9.246001218565982e-07,True,5,1.0587120056152344,c0.75_beta6_rho1.00,0.75,6,1.0,800
True,4,4,0.5675196614434734,1.2883142644996588,1.214869407430888,0.22939725434061325,0.9366694821545067,0.63091091154888,229.7381689547226,3.3638725890969464e-45,inconclusive,True,1.0,1.0,9.413597857868168e-07,9.311821933781067e-07,True,6,0.9635050296783447,c0.75_beta6_rho1.00,0.75,6,1.0,800
True,4,4,0.5512685729241277,1.2155881579752172,1.1377158044057154,0.2380823933429819,0.5784375840313475,0.618329704245479,137.53616587843038,7.717742888180102e-26,inconclusive,True,1.0,1.0,8.528813410148406e-07,9.922835460879038e-07,True,7,1.0335841178894043,c0.75_beta6_rho1.00,0.75,6,1.0,800
True,4,4,0.5231904461568125,1.0949129717990582,1.0317984988066649,0.1966033940498485,0.16173931767730515,0.5820614882855005,179.95907732377134,1.0500774801085841e-34,inconclusive,True,1.0,1.0,9.91300962976208e-07,8.80764792966823e-07,True,8,0.9748890399932861,c0.75_beta6_rho1.00,0.75,6,1.0,800
True,4,4,0.5769671022587258,1.3315641483553238,1.2480354297432246,0.2877185280692324,0.862076667108282,0.6559897663414881,104.39203384361336,5.389021327669274e-19,inconclusive,True,1.0,1.0,8.859052270533393e-07,9.744885022596175e-07,True,9,1.037419080734253,c0.75_beta6_rho1.00,0.75,6,1.0,800
True,4,4,0.5023023077458598,1.0092304334672657,0.9454612003662393,0.19101883832178157,-0.28551529321881425,0.5611727072381278,157.748668330513,4.727029175619266e-30,inconclusive,True,1.0,1.0,9.384008836016585e-07,9.351427676036389e-07,True,10,0.9337620735168457,c0.75_beta6_rho1.00,0.75,6,1.0,800
True,4,4,0.5902652653678859,1.3936523339992832,1.3063430609606599,0.24398887890826013,1.2555615744922741,0.6533890597049998,147.5022120445016,6.5048670273394595e-28,inconclusive,True,1.0,1.0,8.759670774574241e-07,9.538820896132711e-07,True,11,1.0494310855865479,c0.75_beta6_rho1.00,0.75,6,1.0,800
True,4,4,0.5511329276620883,1.214990015813539,1.139578945224385,0.2379060136409609,0.5866978437755358,0.6186476207493418,129.74608545019493,3.1935272808187283e-24,inconclusive,True,1.0,1.0,9.467062860049223e-07,9.168260147412258e-07,True,12,1.0103366374969482,c0.75_beta6_rho1.00,0.75,6,1.0,800
True,4,4,0.5396267705977503,1.1647882061830284,1.0997145019820518,0.21335907811301946,0.46735532822855347,0.6022165215807505,145.70799887403842,1.5385861649850624e-27,inconclusive,True,1.0,1.0,9.327802510131146e-07,9.735583530612575e-07,True,13,0.949113130569458,c0.75_beta6_rho1.00,0.75,6,1.0,800
True,4,4,0.4989154780273407,0.9956666168609997,0.901955643685755,0.2669998412310806,-0.3672075453759932,0.5790361173817582,86.84615124946836,2.027412408708841e-15,inconclusive,True,1.0,1.0,9.515550099323201e-07,9.800122421084987e-07,True,14,1.067431926727295,c0.75_beta6_rho1.00,0.75,6,1.0,800
True,4,4,0.4649096904659959,0.8645640811567524,0.7943360791306289,0.16363410015427643,-1.2568524572535213,0.5156283114469014,145.807525974328,1.4668545826449928e-27,inconclusive,True,1.0,1.0,8.951672938236577e-07,9.376656653425084e-07,True,15,0.9696028232574463,c0.75_beta6_rho1.00,0.75,6,1.0,800
True,4,4,0.5327671386789045,1.135363296224428,1.077331411940915,0.1896873626494732,0.4076782494141011,0.5893512022516286,197.67838194055395,1.970462780702693e-38,inconclusive,True,1.0,1.0,9.360428477147196e-07,9.956407091420345e-07,True,16,0.9149665832519531,c0.75_beta6_rho1.00,0.75,6,1.0,800
True,4,4,0.5238662128409283,1.097743235825187,1.0346208987134524,0.17836574888660417,0.19410059907556926,0.576195810400748,193.36065475890987,1.5983608728727994e-37,inconclusive,True,1.0,1.0,9.471885029068474e-07,8.603771899383993e-07,True,17,0.9617202281951904,c0.75_beta6_rho1.00,0.75,6,1.0,800
True,4,4,0.5664804620561521,1.2836004555654064,1.2094313410412374,0.21388041649284,0.9791983037785437,0.6247466126045376,171.4398132293739,6.437203916247242e-33,inconclusive,True,1.0,1.0,9.852487728972324e-07,9.929134259821952e-07,True,18,1.0775058269500732,c0.75_beta6_rho1.00,0.75,6,1.0,800
True,4,4,0.4750104718186476,0.9025397933494967,0.8388776066507622,0.1479427316977687,-1.08908623965653,0.5201494365720647,201.13570751932912,3.6828220829369966e-39,inconclusive,True,1.0,1.0,9.21681530737709e-07,9.193262894858696e-07,True,19,0.9559159278869629,c0.75_beta6_rho1.00,0.75,6,1.0,800
True,4,4,0.463947589446729,0.8609894630137224,0.7968307360278237,0.15891184302021982,-1.2785029744216432,0.5143484853154462,136.71790490993044,1.1415996711829585e-25,inconclusive,True,1.0,1.0,8.631725911619383e-07,9.784168018844143e-07,True,20,0.9654030799865723,c0.75_beta6_rho1.00,0.75,6,1.0,800
True,4,4,0.5212335698635042,1.0867377374106102,1.0160694884210926,0.19547104858889255,0.08220904597943464,0.5782712926595397,151.42366896347914,9.895259625636342e-29,inconclusive,True,1.0,1.0,9.933893675521585e-07,9.547068429798352e-07,True,21,0.9673469066619873,c0.75_beta6_rho1.00,0.75,6,1.0,800
True,4,4,0.4896960521468634,0.9592088939528942,0.8883485366671079,0.21180047542829186,-0.5271539787959226,0.5560416614034824,125.71500215522325,2.183440527983037e-23,inconclusive,True,1.0,1.0,8.62444372970942e-07,8.646837603052675e-07,True,22,0.981320858001709,c0.75_beta6_rho1.00,0.75,6,1.0,800
True,4,4,0.49509233241306666,0.980465670456842,0.9148849861797272,0.20186864894616455,-0.4216356242765151,0.5583299574549577,136.4752754299712,1.282095188378332e-25,inconclusive,True,1.0,1.0,9.095932080476924e-07,9.340342296710813e-07,True,23,0.9290690422058105,c0.75_beta6_rho1.00,0.75,6,1.0,800
True,4,4,0.5380326680552838,1.1579166075787488,1.0813252446296464,0.19862545129481754,0.40944020063640413,0.5933032611145838,191.33188992432807,4.271865972152988e-37,inconclusive,True,1.0,1.0,9.32760995141999e-07,8.769805741947105e-07,True,24,0.9859697818756104,c0.75_beta6_rho1.00,0.75,6,1.0,800
True,4,4,0.5245495656639116,1.1006089873527936,1.044326281174099,0.17897607072010124,0.24766596448203612,0.5785144164659124,182.3725566419898,3.2681688672486485e-35,inconclusive,True,1.0,1.0,9.820243152592265e-07,9.392594579432599e-07,True,25,0.9074747562408447,c0.75_beta6_rho1.00,0.75,6,1.0,800
True,4,4,0.498179088318632,0.9927296161519334,0.9149105109809497,0.1884127294426678,-0.4516122093806951,0.553358354136031,160.07001356523642,1.546339885363765e-30,inconclusive,True,1.0,1.0,9.916134151615413e-07,9.645823219580487e-07,True,26,1.0465857982635498,c0.75_beta6_rho1.00,0.75,6,1.0,800
True,4,4,0.594476315999709,1.4136083611383434,1.352604639036652,0.22771276510357233,1.5484623309381629,0.657107070160642,185.5309503354452,7.089128813355066e-36,inconclusive,True,1.0,1.0,8.999147289982347e-07,9.305548760131176e-07,True,27,0.9188580513000488,c0.75_beta6_rho1.00,0.75,6,1.0,800
True,4,4,0.5247914814759468,1.101624396118876,1.0170951799498475,0.20976992772657144,0.08149490317854609,0.5835529124244533,133.05992455702025,6.561924035258424e-25,inconclusive,True,1.0,1.0,9.17018021698108e-07,8.056864187773618e-07,True,28,1.026543140411377,c0.75_beta6_rho1.00,0.75,6,1.0,800
True,4,4,0.48929447992465036,0.9576363523389363,0.8968956684975944,0.18422869840617287,-0.5596540191316411,0.5477054206550125,137.58771479768018,7.529699358751041e-26,inconclusive,True,1.0,1.0,9.246021914208807e-07,8.327185483308445e-07,True,29,0.9088621139526367,c0.75_beta6_rho1.00,0.75,6,1.0,800
True,4,4,0.5453880459971258,1.1897924828662516,1.094221601814238,0.22774879716861557,0.4137084497727574,0.6059775236902089,160.17080640107008,1.4730851302672278e-30,inconclusive,True,1.0,1.0,8.772784379763446e-07,9.56869065466845e-07,True,30,1.1969609260559082,c0.75_beta6_rho1.00,0.75,6,1.0,800
True,4,4,0.482216911173701,0.9301325976876202,0.8600508047166515,0.17341756244476442,-0.8070070488271567,0.535092821686342,148.74239628477557,3.5867025046105656e-28,inconclusive,True,1.0,1.0,9.091878298007338e-07,8.406946770661395e-07,True,31,0.9671869277954102,c0.75_beta6_rho1.00,0.75,6,1.0,800
True,4,4,0.46612042952045907,0.8690730192653491,0.8046942544209394,0.18966241631776629,-1.0297545996242041,0.5283609485469184,111.46517671940035,1.9028314513544492e-20,inconclusive,True,1.0,1.0,9.440843709240052e-07,9.242895403609812e-07,True,32,0.9404630661010742,c0.75_beta6_rho1.00,0.75,6,1.0,800
True,4,4,0.55270688182564,1.2219395888696878,1.147296806021766,0.18576250238056252,0.7929307806158121,0.6026709159678306,209.44954081042417,6.502889524271303e-41,inconclusive,True,1.0,1.0,9.120593901428038e-07,9.395950922206509e-07,True,33,1.0038490295410156,c0.75_beta6_rho1.00,0.75,6,1.0,800
True,4,4,0.4997734579800095,0.9990940372051853,0.919177685989446,0.19807579267013825,-0.40803731198566934,0.557894114499833,154.01260990880098,2.8512837987413857e-29,inconclusive,True,1.0,1.0,9.126513827808978e-07,9.822705489345785e-07,True,34,1.0222797393798828,c0.75_beta6_rho1.00,0.75,6,1.0,800
True,4,4,0.584750804906258,1.367734015354066,1.3012343035501848,0.22289621046760347,1.351455473012482,0.6457294216178245,170.30656315738156,1.112348244465447e-32,inconclusive,True,1.0,1.0,9.876679053353486e-07,9.473725940546923e-07,True,35,0.9674830436706543,c0.75_beta6_rho1.00,0.75,6,1.0,800
True,4,4,0.5302411053132129,1.124622519055111,1.0402543430539226,0.2329722786980952,0.17278597813814378,0.5965441393244999,148.35863031051878,4.312301365783705e-28,inconclusive,True,1.0,1.0,9.933379013819922e-07,9.768883578954393e-07,True,36,1.1107549667358398,c0.75_beta6_rho1.00,0.75,6,1.0,800
True,4,4,0.5357969626311144,1.1483135406589113,1.0893696598940203,0.15759959829059075,0.5670678152950345,0.5806457462920902,257.28400818774765,4.916446872095176e-51,inconclusive,True,1.0,1.0,9.79026857171424e-07,9.678490817503083e-07,True,37,0.9533312320709229,c0.75_beta6_rho1.00,0.75,6,1.0,800
True,4,4,0.5067136533156593,1.0270349058260086,0.9553416678260268,0.1925546939179247,-0.23192544032714435,0.5639295067877402,163.34852202927559,3.187652386173718e-31,inconclusive,True,1.0,1.0,9.951541454479318e-07,9.723973222110484e-07,True,38,1.042876958847046,c0.75_beta6_rho1.00,0.75,6,1.0,800
True,4,4,0.4873655205825823,0.9501006026109258,0.8926018677742991,0.17180354138989049,-0.6251217603365458,0.542031720924285,168.56730203238834,2.5745542454273313e-32,inconclusive,True,1.0,1.0,9.804067847883696e-07,8.868337854788685e-07,True,39,0.9626660346984863,c0.75_beta6_rho1.00,0.75,6,1.0,800
True,4,4,0.4612803218710233,0.8511181413817395,0.7856574163088454,0.17278366743146292,-1.2405257214266305,0.5171704889012578,106.17642546046488,2.321076229787531e-19,inconclusive,True,1.0,1.0,9.448235458795637e-07,9.023736741326959e-07,True,40,0.953488826751709,c0.75_beta6_rho1.00,0.75,6,1.0,800
True,4,4,0.45922795866221094,0.8435612720682453,0.75938272474504,0.17874625836351724,-1.3461388084869188,0.5131749594724679,144.29415207054154,3.0311561543418877e-27,inconclusive,True,1.0,1.0,8.300340241377387e-07,9.273277286366651e-07,True,41,1.036780834197998,c0.75_beta6_rho1.00,0.75,6,1.0,800
True,4,4,0.533537584877193,1.1386494179063518,1.0603189093419967,0.1951617038205071,0.30907144260983094,0.5876502671047608,159.1809608753457,2.3724427087516938e-30,inconclusive,True,1.0,1.0,9.310984365135381e-07,9.95360306095883e-07,True,42,1.0291740894317627,c0.75_beta6_rho1.00,0.75,6,1.0,800
True,4,4,0.47203201688482066,0.8912568998574064,0.8286236538209727,0.16661014781410186,-1.028606891161536,0.5250411792754733,141.92738351907045,9.42547281041045e-27,inconclusive,True,1.0,1.0,9.013521698284914e-07,9.308006946067141e-07,True,43,1.0741040706634521,c0.75_beta6_rho1.00,0.75,6,1.0,800
True,4,4,0.47104952356863783,0.8875506146169627,0.8157559859972189,0.20092805864781302,-0.9169650831381608,0.5353160823336975,122.56428616039639,9.789987844191119e-23,inconclusive,True,1.0,1.0,9.808153881532837e-07,9.9444932082848e-07,True,44,0.9925670623779297,c0.75_beta6_rho1.00,0.75,6,1.0,800
True,4,4,0.505496070517333,1.0221051092338582,0.950558038908825,0.19073860863676884,-0.2592131789391908,0.5622043959105735,136.17214561174194,1.4821428940463572e-25,inconclusive,True,1.0,1.0,8.078435406732134e-07,9.739002793354851e-07,True,45,0.9762251377105713,c0.75_beta6_rho1.00,0.75,6,1.0,800
True,4,4,0.5019174637773555,1.0076845617787717,0.9359968200294909,0.17659069695757335,-0.3624380053604189,0.5537288750837461,172.34469396861113,4.158942436143368e-33,inconclusive,True,1.0,1.0,8.621781517313707e-07,8.440204137717518e-07,True,46,1.014585018157959,c0.75_beta6_rho1.00,0.75,6,1.0,800
True,4,4,0.5615384660400542,1.2613017953704682,1.2038780133219837,0.20272791702866783,1.0056731026992858,0.6199467241083917,192.71897646812806,2.1813630289140656e-37,inconclusive,True,1.0,1.0,9.409959353120803e-07,9.314822252306816e-07,True,47,0.9318220615386963,c0.75_beta6_rho1.00,0.75,6,1.0,800
True,4,4,0.5076618128993549,1.0308820651050383,0.9761148107059641,0.16370867593222793,-0.1459005709869886,0.5579855777877489,186.1548613999745,5.241297100344333e-36,inconclusive,True,1.0,1.0,9.631795421390983e-07,9.170016770785446e-07,True,48,0.9215519428253174,c0.75_beta6_rho1.00,0.75,6,1.0,800
True,4,4,0.6279111181361036,1.5770894891157274,1.5091528565072918,0.2398356369185613,2.122924111899934,0.6898636411938601,215.0431622949032,4.290214491516068e-42,meaningfully_different,True,1.0,1.0,9.897830685539003e-07,9.91166956848732e-07,True,49,0.9791529178619385,c0.75_beta6_rho1.00,0.75,6,1.0,800
True,4,4,0.5753330356977857,1.3240324078609182,1.263813375012344,0.22408922001954815,1.177269370607522,0.6388284866304539,167.07937890511937,5.277013954969768e-32,inconclusive,True,1.0,1.0,9.834321705804605e-07,9.107557662960893e-07,True,50,0.9418990612030029,c0.75_beta6_rho1.00,0.75,6,1.0,800
True,4,4,0.4411972097063347,0.7786199114106219,0.7201826884667633,0.1470768992587764,-1.9025238697812663,0.49043415961098635,125.98651911549616,1.918438015328654e-23,equivalent,True,1.0,1.0,9.370636043826694e-07,9.270303452673254e-07,True,51,0.9396133422851562,c0.75_beta6_rho1.00,0.75,6,1.0,800
True,4,4,0.5094428121171597,1.0381279152713585,0.926549145147383,0.26637317739791283,-0.2757441855449841,0.5841005975242894,130.54683806495967,2.1791177414388005e-24,inconclusive,True,1.0,1.0,8.60751213553898e-07,9.986924684636043e-07,True,52,1.1488358974456787,c0.75_beta6_rho1.00,0.75,6,1.0,800
True,4,4,0.4817035989989342,0.928153429154104,0.8728971230595517,0.16018085492250156,-0.7934960579523878,0.5330035607871245,168.65982559832634,2.4621650696114246e-32,inconclusive,True,1.0,1.0,9.041506309467553e-07,9.835005213067298e-07,True,53,0.9126839637756348,c0.75_beta6_rho1.00,0.75,6,1.0,800
True,4,4,0.6067570225467408,1.4726163376391446,1.3842976495930284,0.3005309221712275,1.278729146460592,0.6853150784379114,186.2356147732184,5.0403690640221537e-36,inconclusive,True,1.0,1.0,9.576484882272865e-07,9.798638684546491e-07,True,54,1.0337669849395752,c0.75_beta6_rho1.00,0.75,6,1.0,800
True,4,4,0.5364836716871808,1.1512589199478351,1.065864611423796,0.20177254870219188,0.32642999182713134,0.5911325824161274,160.43778145077167,1.2953806662446034e-30,inconclusive,True,1.0,1.0,9.755963369828418e-07,8.229456549514057e-07,True,55,1.0625450611114502,c0.75_beta6_rho1.00,0.75,6,1.0,800
True,4,4,0.5682451510090543,1.2916102065812116,1.221574425717969,0.21923645201796252,1.0106641650076282,0.6289249356997397,171.51376006792964,6.211480660318632e-33,inconclusive,True,1.0,1.0,9.910513748490956e-07,8.390081676486959e-07,True,56,1.0344300270080566,c0.75_beta6_rho1.00,0.75,6,1.0,800
True,4,4,0.5677133077248248,1.2891935990714463,1.2167215287406714,0.22088044698918205,0.9811711796802262,0.6284977193859755,172.8043607563793,3.331173156781942e-33,inconclusive,True,1.0,1.0,9.188740807019712e-07,9.666488504245773e-07,True,57,1.0471060276031494,c0.75_beta6_rho1.00,0.75,6,1.0,800
True,4,4,0.506879268445671,1.0277063711200745,0.9608578273894225,0.18259788820296563,-0.21436267963334413,0.5615168354719541,158.58129759526258,3.166329788970585e-30,inconclusive,True,1.0,1.0,9.407872494619452e-07,9.207523411132808e-07,True,58,1.1180658340454102,c0.75_beta6_rho1.00,0.75,6,1.0,800
True,4,4,0.47373485839551543,0.8976988642360761,0.835639206040207,0.16246997744045552,-1.0116379441243564,0.525090120289809,162.7123558420226,4.331035713218222e-31,inconclusive,True,1.0,1.0,9.99109922449546e-07,9.889551978076042e-07,True,59,1.081089973449707,c0.75_beta6_rho1.00,0.75,6,1.0,800
True,4,4,0.45250590373863075,0.8190463716732599,0.751613444237783,0.18026511124102707,-1.3778958892944448,0.5118894329529076,115.16234053645364,3.2985432028389916e-21,inconclusive,True,1.0,1.0,9.665353279689599e-07,9.234010055786448e-07,True,60,1.0457289218902588,c0.75_beta6_rho1.00,0.75,6,1.0,800
True,4,4,0.4941570541783923,0.9767647767770662,0.9120530360946176,0.18398650097058614,-0.4780076986161198,0.551063494419245,156.96583091000838,6.889392422953753e-30,inconclusive,True,1.0,1.0,9.884757457915427e-07,9.926125938701918e-07,True,61,1.0728049278259277,c0.75_beta6_rho1.00,0.75,6,1.0,800
True,4,4,0.4700707546568677,0.8838660575347084,0.8231234365941841,0.1516843500809312,-1.1660831411509718,0.5178373272506966,173.56316818049459,2.3092248531613692e-33,inconclusive,True,1.0,1.0,9.901736619304292e-07,8.900631209754747e-07,True,62,0.95878005027771,c0.75_beta6_rho1.00,0.75,6,1.0,800
True,4,4,0.45006648438594293,0.8102393614700888,0.7533133634830209,0.1442296139169878,-1.7103743802500992,0.497631883787652,161.69385012145437,7.074218213285301e-31,equivalent,True,1.0,1.0,9.80714728609088e-07,9.146570181929762e-07,True,63,0.9334478378295898,c0.75_beta6_rho1.00,0.75,6,1.0,800
True,4,4,0.6250226292943523,1.5626131485201011,1.4979722313376427,0.23770978111753918,2.094874804884082,0.6871990299343174,228.94622745324057,4.947069663543875e-45,meaningfully_different,True,1.0,1.0,8.910734148433094e-07,8.985131093965191e-07,True,64,0.9643499851226807,c0.75_beta6_rho1.00,0.75,6,1.0,800
True,4,4,0.4657446396941933,0.8676722776154957,0.7828799144481902,0.19634320519584983,-1.1058191972329032,0.5257936257796068,113.84922468898992,6.148734406593965e-21,inconclusive,True,1.0,1.0,9.75567906139038e-07,9.547906499624209e-07,True,65,1.0758278369903564,c0.75_beta6_rho1.00,0.75,6,1.0,800
True,4,4,0.6151892944659998,1.5138314721022985,1.4362053778291368,0.25687845923693914,1.6981002577051056,0.6816767641614906,181.07253427828533,6.128916615926337e-35,meaningfully_different,True,1.0,1.0,9.919986216476765e-07,9.502067112221327e-07,True,66,1.0689799785614014,c0.75_beta6_rho1.00,0.75,6,1.0,800
True,4,4,0.47529034906543205,0.903603663658961,0.849170708512357,0.15231687410162953,-0.9902336322041775,0.5243352151353972,162.9137971715648,3.9304411632531895e-31,inconclusive,True,1.0,1.0,9.883806680781414e-07,9.306142950846205e-07,True,67,0.9702160358428955,c0.75_beta6_rho1.00,0.75,6,1.0,800
True,4,4,0.4635768942091117,0.8596141473782637,0.7834988374455283,0.1776921414087757,-1.2184059510905267,0.5185982068814273,142.04339590062534,8.915808452366337e-27,inconclusive,True,1.0,1.0,8.936387106105741e-07,9.578410263362843e-07,True,68,1.0567669868469238,c0.75_beta6_rho1.00,0.75,6,1.0,800
True,4,4,0.45849791997603306,0.8408813704893953,0.7780577350846893,0.15528614936555907,-1.4292470115466414,0.5083012692006477,155.4508727333099,1.427834301136259e-29,inconclusive,True,1.0,1.0,9.037599910437081e-07,9.418887226105034e-07,True,69,1.009491205215454,c0.75_beta6_rho1.00,0.75,6,1.0,800
True,4,4,0.5154382544893586,1.0627063767641474,1.001371163072516,0.18416052350894502,0.0074454777081981215,0.5710272034035432,160.14670345560575,1.4902809001118954e-30,inconclusive,True,1.0,1.0,9.598952409468422e-07,9.77998981202282e-07,True,70,1.020381212234497,c0.75_beta6_rho1.00,0.75,6,1.0,800
True,4,4,0.5705411946091116,1.3020690189839685,1.2432197012909736,0.2111018386540787,1.1521439265601316,0.6305654855479443,185.48634377491592,7.243845630781477e-36,inconclusive,True,1.0,1.0,9.429122415887399e-07,8.251283049277082e-07,True,71,1.0062901973724365,c0.75_beta6_rho1.00,0.75,6,1.0,800
True,4,4,0.5119040466714639,1.0481830119944813,0.9831960657569779,0.1899538452411621,-0.08846324864699677,0.5691314296924925,158.35950104616762,3.523046875222415e-30,inconclusive,True,1.0,1.0,9.018991003472686e-07,9.61558425769498e-07,True,72,0.9830639362335205,c0.75_beta6_rho1.00,0.75,6,1.0,800
True,4,4,0.5027257831718563,1.0109328522630252,0.9438977103452748,0.19063132891917814,-0.2942973223384014,0.5606822502827613,135.15629811097915,2.4091754717285897e-25,inconclusive,True,1.0,1.0,9.089686751184462e-07,9.702242066739328e-07,True,73,0.9845280647277832,c0.75_beta6_rho1.00,0.75,6,1.0,800
True,4,4,0.4811954908567086,0.926196401683315,0.8391090089847628,0.20325242093331994,-0.7915821630878381,0.5416247526525171,122.39423605534556,1.0615223387300241e-22,inconclusive,True,1.0,1.0,8.648735316681613e-07,8.793582338572854e-07,True,74,1.0711829662322998,c0.75_beta6_rho1.00,0.75,6,1.0,800
True,4,4,0.5198945770615407,1.0811614850319933,1.0145783178076928,0.2016956512203671,0.07227879093815931,0.5801590603571258,170.00442738396762,1.286953231223668e-32,inconclusive,True,1.0,1.0,9.182536149213405e-07,9.872640512573985e-07,True,75,1.0111072063446045,c0.75_beta6_rho1.00,0.75,6,1.0,800
True,4,4,0.46991326677307416,0.8832739131573695,0.8253201185362062,0.1624039275424748,-1.0755890211959827,0.5226018579630218,144.90937585467015,2.2567307353669098e-27,inconclusive,True,1.0,1.0,9.411204864746556e-07,8.570237452919148e-07,True,76,0.9545009136199951,c0.75_beta6_rho1.00,0.75,6,1.0,800
True,4,4,0.49587782822603355,0.9835792821046705,0.9081021009345194,0.2223201099341842,-0.4133584635806727,0.5643106724367377,125.30431222403519,2.6553834730921026e-23,inconclusive,True,1.0,1.0,9.07441003378987e-07,9.004192234762385e-07,True,77,1.0387940406799316,c0.75_beta6_rho1.00,0.75,6,1.0,800
True,4,4,0.4730543248393368,0.8951215769968031,0.8243247010744742,0.18864780097041853,-0.9312342790206872,0.5325933534876977,115.31754671110771,3.064385262729713e-21,inconclusive,True,1.0,1.0,7.929994220118028e-07,9.245391546427483e-07,True,78,1.0380091667175293,c0.75_beta6_rho1.00,0.75,6,1.0,800
True,4,4,0.5275959437522357,1.113429919455249,1.05228962026475,0.18593235009488931,0.2812292763366051,0.5826922688447864,171.95079195226617,5.03004023239523e-33,inconclusive,True,1.0,1.0,8.975892598373496e-07,9.92437987063639e-07,True,79,0.9594268798828125,c0.75_beta6_rho1.00,0.75,6,1.0,800
True,4,4,0.5176959526211391,1.0720363974412348,0.9993211775634302,0.19830175751845125,-0.003423179123899806,0.5756514880221596,173.20651846848193,2.7432347384752403e-33,inconclusive,True,1.0,1.0,8.856032109191011e-07,8.897347511898188e-07,True,80,1.0284411907196045,c0.75_beta6_rho1.00,0.75,6,1.0,800
True,4,4,0.4717977886236969,0.8903726134008425,0.8300197465164861,0.17679289711811444,-0.9614653996531938,0.529343504862503,119.72368731574045,3.7806905073896026e-22,inconclusive,True,1.0,1.0,9.687766877365756e-07,9.906210864800474e-07,True,81,0.9828717708587646,c0.75_beta6_rho1.00,0.75,6,1.0,800
True,4,4,0.5972178399345206,1.4266765933442187,1.3527107688651765,0.2176278235504994,1.6207062273144124,0.6539641969859226,227.76778979342293,8.781694986226373e-45,inconclusive,True,1.0,1.0,9.31764620675176e-07,8.485485731032101e-07,True,82,1.0867688655853271,c0.75_beta6_rho1.00,0.75,6,1.0,800
True,4,4,0.515465838949196,1.0628201244943938,0.9870628618687395,0.24267297764057977,-0.0533109959627296,0.5886901539230889,105.95099266521211,2.581816955739484e-19,inconclusive,True,1.0,1.0,9.634132850931963e-07,9.524041734847153e-07,True,83,1.0707571506500244,c0.75_beta6_rho1.00,0.75,6,1.0,800
True,4,4,0.5693976739408413,1.2968548443569623,1.2248704167330209,0.2589101742983887,0.8685267674103155,0.6424055876123672,142.43029924022113,7.406947280693686e-27,inconclusive,True,1.0,1.0,9.213247510491353e-07,9.850196652803137e-07,True,84,1.0930731296539307,c0.75_beta6_rho1.00,0.75,6,1.0,800
True,4,4,0.5392355303878312,1.1630998289305827,1.0855875677373248,0.22538440300538315,0.37974041946141496,0.6033887470940732,133.86258899762134,4.471482823782653e-25,inconclusive,True,1.0,1.0,9.924304258273112e-07,8.535338393285365e-07,True,85,1.1110317707061768,c0.75_beta6_rho1.00,0.75,6,1.0,800
True,4,4,0.4636887310945782,0.8600289573764002,0.7756404417544644,0.177304681450449,-1.265389928851015,0.5165463895222071,134.5158728313944,3.2722000200040996e-25,inconclusive,True,1.0,1.0,8.60879804164382e-07,9.96785976745099e-07,True,86,1.1283292770385742,c0.75_beta6_rho1.00,0.75,6,1.0,800
True,4,4,0.5015781544080005,1.0063225799173439,0.9409727864155191,0.18719903758613474,-0.3153179329638439,0.5587682440759535,150.83113439304557,1.3153901930394077e-28,inconclusive,True,1.0,1.0,9.537974567251358e-07,9.112167110587381e-07,True,87,1.0644659996032715,c0.75_beta6_rho1.00,0.75,6,1.0,800
True,4,4,0.47398535638232,0.8986484722594995,0.8242342974445674,0.19876857360262462,-0.8842730989599036,0.536465168174695,109.18510840676538,5.598607340944939e-20,inconclusive,True,1.0,1.0,9.490094522484113e-07,8.736314966922647e-07,True,88,1.03214693069458,c0.75_beta6_rho1.00,0.75,6,1.0,800
True,4,4,0.42680847531924604,0.7286618984173578,0.664384481896373,0.14217166109673035,-2.3606358363871256,0.47387658053048093,144.53402934203717,2.7018012163402728e-27,equivalent,True,1.0,1.0,8.191566560882921e-07,9.063736233596963e-07,True,89,0.9882009029388428,c0.75_beta6_rho1.00,0.75,6,1.0,800
True,4,4,0.4981413357176874,0.9925791614024068,0.938805933233221,0.18481673375429683,-0.33110674300809223,0.5574052403929974,151.1895855702546,1.1073096204908242e-28,inconclusive,True,1.0,1.0,8.873256838274309e-07,9.761162049601125e-07,True,90,0.9287748336791992,c0.75_beta6_rho1.00,0.75,6,1.0,800
True,4,4,0.4252093452546003,0.7232119491673835,0.6605015674477951,0.15518350834986538,-2.187722369227512,0.4784756326084238,126.82635915425344,1.2855712306326748e-23,equivalent,True,1.0,1.0,8.811504797225874e-07,9.87400273899262e-07,True,91,0.9677162170410156,c0.75_beta6_rho1.00,0.75,6,1.0,800
True,4,4,0.500458555700445,1.0018350638951015,0.9162607821121965,0.21752245278263133,-0.3849681576158186,0.5643698648747751,127.19323520157317,1.079278034455945e-23,inconclusive,True,1.0,1.0,9.67091053505007e-07,9.293786546844958e-07,True,92,1.3636112213134766,c0.75_beta6_rho1.00,0.75,6,1.0,800
True,4,4,0.48195088134567693,0.929106608119499,0.8634528565628302,0.18431651869769025,-0.7408296576018225,0.5400524397801094,118.05117335559544,8.370219953844476e-22,inconclusive,True,1.0,1.0,8.990934288905886e-07,9.74348041166557e-07,True,93,1.2601709365844727,c0.75_beta6_rho1.00,0.75,6,1.0,800
True,4,4,0.45850110311980413,0.840893046248309,0.7673230328920315,0.1833193453026829,-1.2692439345328779,0.5169275875070701,96.09732885414012,2.6730622020657993e-17,inconclusive,True,1.0,1.0,9.856962101699391e-07,9.788177195627872e-07,True,94,1.3794348239898682,c0.75_beta6_rho1.00,0.75,6,1.0,800
True,4,4,0.4862484408166695,0.9457501847865686,0.877097170769083,0.16977823922092275,-0.7239021313620208,0.5376703272752394,161.4343529596092,8.016063032647488e-31,inconclusive,True,1.0,1.0,9.041291041827422e-07,9.673924588121795e-07,True,95,1.3174400329589844,c0.75_beta6_rho1.00,0.75,6,1.0,800
True,4,4,0.4790452853900259,0.9179375418176454,0.8505876270961832,0.178047926677391,-0.8391694061933135,0.5346612023194407,144.66230437263386,2.540612506194319e-27,inconclusive,True,1.0,1.0,9.049435430609513e-07,9.76277492493173e-07,True,96,1.0257058143615723,c0.75_beta6_rho1.00,0.75,6,1.0,800
True,4,4,0.5258822786483205,1.106208683985399,1.031262935123341,0.22564970713823249,0.13854631375253462,0.5921198515356076,137.7191600314942,7.070668273425143e-26,inconclusive,True,1.0,1.0,9.54853674182223e-07,8.824689068770511e-07,True,97,1.0420992374420166,c0.75_beta6_rho1.00,0.75,6,1.0,800
True,4,4,0.5048625169090508,1.0195446439189666,0.9687904926965285,0.1636347183287925,-0.19072668454601419,0.5563150304986432,166.23360350710334,7.934402107712493e-32,inconclusive,True,1.0,1.0,9.3970292198971e-07,9.70360844618662e-07,True,98,0.9326350688934326,c0.75_beta6_rho1.00,0.75,6,1.0,800
True,4,4,0.4715349213552589,0.8893807282300408,0.829030367319849,0.17868642950389943,-0.9568137499575475,0.5298451162784146,133.1607619643132,6.253261455934489e-25,inconclusive,True,1.0,1.0,8.686016759264597e-07,8.011559421486844e-07,True,99,1.02408766746521,c0.75_beta6_rho1.00,0.75,6,1.0,800
True,4,4,0.5214314536435439,1.0875630433952772,1.0281561860086113,0.17646696517372396,0.15955499648839502,0.5741120347353228,181.85565838654645,4.1965321835878365e-35,inconclusive,True,1.0,1.0,9.756533884489246e-07,9.387355297615725e-07,True,100,0.9888670444488525,c0.75_beta6_rho1.00,0.75,6,1.0,800
True,4,4,0.5866499941472489,1.3766328625318691,1.3056940828826074,0.2015740956178879,1.5165345623680415,0.6397761259142046,237.6982895372538,6.955318409753181e-47,inconclusive,True,1.0,1.0,9.971795610427506e-07,8.574044523373243e-07,True,101,1.055704116821289,c0.75_beta6_rho1.00,0.75,6,1.0,800
True,4,4,0.49123731717561614,0.9652564071435875,0.9030594456075448,0.18566359293053739,-0.5221301218097385,0.5496473596389282,132.72499135991558,7.700651073398846e-25,inconclusive,True,0.9970149253731343,1.0,9.48334479029462e-07,9.399866317650173e-07,True,102,1.0050837993621826,c0.75_beta6_rho1.00,0.75,6,1.0,800
True,4,4,0.5580898538712855,1.2458571399762912,1.174230491845504,0.20714200518146314,0.8411161786952501,0.6154162758576982,173.28680440041177,2.638917646579257e-33,inconclusive,True,1.0,1.0,9.463274607713327e-07,9.653138440788293e-07,True,103,1.0511040687561035,c0.75_beta6_rho1.00,0.75,6,1.0,800
True,4,4,0.39666891357158973,0.6293849079762612,0.5493204178860271,0.14662928425335078,-3.0735987317190623,0.4445514953038201,93.28878297847186,9.97846801975128e-17,equivalent,True,1.0,1.0,9.011447904038286e-07,9.264417429169179e-07,True,104,1.097588062286377,c0.75_beta6_rho1.00,0.75,6,1.0,800
True,4,4,0.5518245736368327,1.2180414402778887,1.1481287113072722,0.22195597490130473,0.6673787960569179,0.6150637775156397,141.03045431352695,1.4485294123280858e-26,inconclusive,True,1.0,1.0,9.882512612799004e-07,9.842536771972937e-07,True,105,1.0496618747711182,c0.75_beta6_rho1.00,0.75,6,1.0,800
True,4,4,0.5457287617186977,1.1912795254680923,1.1261375639214237,0.19977719293711835,0.6313912117141752,0.6030633889373129,157.6693967913913,4.9108356304626156e-30,inconclusive,True,1.0,1.0,9.105055429906842e-07,9.711223439479903e-07,True,106,1.0142860412597656,c0.75_beta6_rho1.00,0.75,6,1.0,800
True,4,4,0.489072275074087,0.9567667609845738,0.8740672374297368,0.19732723709447417,-0.6381924990414298,0.5474124722412013,151.51171018173716,9.485417822942721e-29,inconclusive,True,1.0,1.0,8.693832336679183e-07,9.405193618518047e-07,True,107,1.1999289989471436,c0.75_beta6_rho1.00,0.75,6,1.0,800
True,4,4,0.516751916156178,1.0681301714043265,0.983247001541456,0.20661754432273344,-0.08108216808721784,0.5751309891478007,128.29005119907458,6.3969344692079585e-24,inconclusive,True,1.0,1.0,8.649414805747462e-07,9.288981447401003e-07,True,108,1.688978910446167,c0.75_beta6_rho1.00,0.75,6,1.0,800
True,4,4,0.4491715733505933,0.8070204092249897,0.7376731726243936,0.16601241503335765,-1.5801639131802032,0.5026776540714201,143.58380933589495,4.261063703730029e-27,inconclusive,True,1.0,1.0,9.987608067967092e-07,9.105230508235092e-07,True,109,1.6397278308868408,c0.75_beta6_rho1.00,0.75,6,1.0,800
True,4,4,0.5472284870964019,1.1978360683592677,1.1349665416566648,0.20725358200263277,0.6512145187191518,0.607426610322675,186.2780566136366,4.937872504728236e-36,inconclusive,True,1.0,1.0,8.264981124943756e-07,9.244689462015675e-07,True,110,1.625349998474121,c0.75_beta6_rho1.00,0.75,6,1.0,800
True,4,4,0.5166885826519481,1.067868365771516,0.988281874639205,0.21584150423589352,-0.05429041741660685,0.5795061595290157,127.64633470565337,8.695673574420303e-24,inconclusive,True,1.0,1.0,9.272936245241605e-07,9.025392576895572e-07,True,111,285.65911984443665,c0.75_beta6_rho1.00,0.75,6,1.0,800
True,4,4,0.49985616121821086,0.999424727631224,0.9366710144952625,0.16005215116912844,-0.3956771904791037,0.5477073524810464,184.11397006935192,1.407364422832975e-35,inconclusive,True,1.0,1.0,9.741044317288621e-07,9.144494173721168e-07,True,112,285.31830620765686,c0.75_beta6_rho1.00,0.75,6,1.0,800
True,4,4,0.583952206867431,1.3640007196213715,1.3004405465068025,0.18438467252516427,1.6294225674631349,0.6331915870935271,247.1613586256,6.884590702799467e-49,inconclusive,True,1.0,1.0,9.742544312662836e-07,9.003553359720049e-07,True,113,285.3318681716919,c0.75_beta6_rho1.00,0.75,6,1.0,800
True,4,4,0.5466784209748332,1.1954291838381477,1.1238082316661586,0.22212110802024174,0.5573906630020775,0.6101567302373491,158.53439964827527,3.238616036200187e-30,inconclusive,True,1.0,1.0,9.867993268926727e-07,9.340645919885404e-07,True,114,285.5328359603882,c0.75_beta6_rho1.00,0.75,6,1.0,800
True,4,4,0.6067421048253924,1.4725439270717895,1.3835935003423803,0.2850329652991186,1.345786442420197,0.6805202067380822,137.70835847465787,7.107310743570637e-26,inconclusive,True,1.0,1.0,9.752121982045728e-07,9.616129784886178e-07,True,115,1.7006950378417969,c0.75_beta6_rho1.00,0.75,6,1.0,800
True,4,4,0.5284496715794317,1.117036221569637,1.0455512474443356,0.23984353789539287,0.18992067847249086,0.6000122416777105,146.5009041755573,1.0517615694628432e-27,inconclusive,True,1.0,1.0,9.91770016947112e-07,9.528018200751118e-07,True,116,1.3223631381988525,c0.75_beta6_rho1.00,0.75,6,1.0,800
True,4,4,0.5111756152363887,1.0452020384492018,0.9726169527024732,0.2004743663274488,-0.13659126500392665,0.5706066818016976,157.11910608169524,6.399600712427018e-30,inconclusive,True,1.0,1.0,9.924120211569847e-07,8.977047120307387e-07,True,117,1.314404010772705,c0.75_beta6_rho1.00,0.75,6,1.0,800
True,4,4,0.48423027470279495,0.937915835754977,0.8351579667179124,0.23265761027194146,-0.7085176929712819,0.5517802281732233,115.86142820778447,2.3673563530424447e-21,inconclusive,True,1.0,1.0,9.358183164360677e-07,9.743237763736097e-07,True,118,1.2511122226715088,c0.75_beta6_rho1.00,0.75,6,1.0,800
True,4,4,0.537398606439613,1.1551890488129524,1.0916079616996373,0.21183829213751978,0.43244288261240227,0.6000106134163883,164.7091728490054,1.6545648252801877e-31,inconclusive,True,1.0,1.0,9.924827782286972e-07,9.882446659895734e-07,True,119,1.0044066905975342,c0.75_beta6_rho1.00,0.75,6,1.0,800
True,4,4,0.5008533721937558,1.0034164017514273,0.9382897666482186,0.17237198600924014,-0.358006163185202,0.5526790327623136,152.232699474003,6.708082448026685e-29,inconclusive,True,1.0,1.0,9.415313517762411e-07,9.145328889102311e-07,True,120,0.9968597888946533,c0.75_beta6_rho1.00,0.75,6,1.0,800
True,4,4,0.4703994362962622,0.8851025186713648,0.8026517495354883,0.198702644774937,-0.9931838133711839,0.5313869859806489,123.38649051431794,6.619266984478195e-23,inconclusive,True,1.0,1.0,9.450474575989539e-07,9.163952454790054e-07,True,121,1.1216492652893066,c0.75_beta6_rho1.00,0.75,6,1.0,800
True,4,4,0.49659282856181103,0.9864177495160809,0.9064071056615279,0.21737220031045046,-0.4305651514075991,0.5621282233042108,109.19917308822201,5.561482764234969e-20,inconclusive,True,1.0,1.0,9.97768855606184e-07,9.008833977434996e-07,True,122,1.0847101211547852,c0.75_beta6_rho1.00,0.75,6,1.0,800
True,4,4,0.5828523243114208,1.3588673278209022,1.2734912497772248,0.27366742652295134,0.9993562377957622,0.6564362324079881,141.23604426977346,1.312667362483142e-26,inconclusive,True,1.0,1.0,9.38570569000814e-07,9.107104476147166e-07,True,123,1.1130130290985107,c0.75_beta6_rho1.00,0.75,6,1.0,800
True,4,4,0.5630960359967262,1.2683085830209055,1.2094331897461863,0.1978233227748748,1.0586880596709198,0.6194399889634247,193.36613226035473,1.5941234015573452e-37,inconclusive,True,1.0,1.0,9.359586834430157e-07,8.001559323275534e-07,True,124,0.9967648983001709,c0.75_beta6_rho1.00,0.75,6,1.0,800
True,4,4,0.6079387288618623,1.4783579922007075,1.3889220892754168,0.2793349809404266,1.3923143029421072,0.679777030689052,149.01368567375815,3.1486722541467465e-28,inconclusive,True,1.0,1.0,8.431687700898903e-07,9.502052103688182e-07,True,125,1.199064016342163,c0.75_beta6_rho1.00,0.75,6,1.0,800
True,4,4,0.514302735353033,1.0580292143664476,0.9658239099497706,0.22294897800492372,-0.15329108191504967,0.5771789897956902,141.212146584637,1.3277817549810973e-26,inconclusive,True,1.0,1.0,9.977839655137026e-07,9.902586623221042e-07,True,126,1.3116950988769531,c0.75_beta6_rho1.00,0.75,6,1.0,800
True,4,4,0.4353738306472349,0.7582014896497886,0.6906029827639496,0.1476025032167912,-2.0961502040492057,0.48305990713554486,148.7214612867126,3.6229341593871574e-28,equivalent,True,1.0,1.0,9.517400181456083e-07,9.762516622676015e-07,True,127,1.1647319793701172,c0.75_beta6_rho1.00,0.75,6,1.0,800
True,4,4,0.49540385833931067,0.9816999314299032,0.930323450403028,0.1585838326486516,-0.43936729509711747,0.5457038213882663,191.08752532181262,4.808761463135722e-37,inconclusive,True,1.0,1.0,9.943425550906027e-07,8.579016318291458e-07,True,128,1.0588831901550293,c0.75_beta6_rho1.00,0.75,6,1.0,800
True,4,4,0.5803869961257835,1.347396261087641,1.2848142710793975,0.19130318702330054,1.4888109054069623,0.63235275205024,260.14698321465397,1.214143232356628e-51,inconclusive,True,1.0,1.0,8.097646678568058e-07,9.61798437678952e-07,True,129,1.100471019744873,c0.75_beta6_rho1.00,0.75,6,1.0,800
True,4,4,0.6502376258694079,1.6912358803851362,1.6093094416347584,0.2666354838868903,2.285177624345131,0.7155217998740623,201.74787577046425,2.736338256453413e-39,meaningfully_different,True,1.0,1.0,9.904328275844805e-07,9.423627908283077e-07,True,130,1.264833927154541,c0.75_beta6_rho1.00,0.75,6,1.0,800
True,4,4,0.47849444956704246,0.9158277530658678,0.8464147663026871,0.20914287062309092,-0.7343555782692598,0.5455328073539942,89.8157431478036,5.068694700166207e-16,inconclusive,True,1.0,1.0,8.774696185780113e-07,9.642308856070354e-07,True,131,1.1513400077819824,c0.75_beta6_rho1.00,0.75,6,1.0,800
True,4,4,0.4594837031006326,0.844501093660281,0.7827901942224154,0.16120886481870844,-1.3473812747323386,0.5118484102290926,128.01725674760704,7.28582950638766e-24,inconclusive,True,1.0,1.0,9.96509005100926e-07,8.931121674030574e-07,True,132,1.1052782535552979,c0.75_beta6_rho1.00,0.75,6,1.0,800
True,4,4,0.5122347242493183,1.0495376509071006,0.9808618605602342,0.19311895885804964,-0.09910026210235087,0.5697618538633026,137.70657173467185,7.113390224252811e-26,inconclusive,True,1.0,1.0,8.770017658265935e-07,8.599512226996759e-07,True,133,1.1811058521270752,c0.75_beta6_rho1.00,0.75,6,1.0,800
True,4,4,0.5692403148871756,1.2961381443714037,1.2265773081112519,0.24052005076147592,0.9420308510409758,0.6368276034298486,153.4851664604406,3.674198295595706e-29,inconclusive,True,1.0,1.0,9.913162974208994e-07,9.727214996219659e-07,True,134,1.2798583507537842,c0.75_beta6_rho1.00,0.75,6,1.0,800
True,4,4,0.4144081774445693,0.6869365501317185,0.6042669026440235,0.18179299132730845,-2.176833630750266,0.47520778712661693,89.53564600614584,5.777522063708652e-16,equivalent,True,1.0,1.0,9.864445407401903e-07,9.995389437708932e-07,True,135,1.3465657234191895,c0.75_beta6_rho1.00,0.75,6,1.0,800
True,4,4,0.5362732585869115,1.150356031501698,1.0881518000265693,0.1853470650469841,0.4756039703365332,0.5901314667542122,198.58336436407222,1.270410865121556e-38,inconclusive,True,1.0,1.0,9.170082730547571e-07,8.943907950604587e-07,True,136,1.200758934020996,c0.75_beta6_rho1.00,0.75,6,1.0,800
True,4,4,0.5184505296402186,1.0751638067368932,1.0125922603490936,0.17516789212443817,0.07188680640255744,0.5702450795568997,192.44014458958122,2.496944513361599e-37,inconclusive,True,1.0,1.0,8.284653358818544e-07,7.911035076964111e-07,True,137,1.2607429027557373,c0.75_beta6_rho1.00,0.75,6,1.0,800
True,4,4,0.49605477990761637,0.9842813786767749,0.916871856262985,0.19008299037687237,-0.4373255259305377,0.5544209935613381,127.42887793566987,9.645777798093367e-24,inconclusive,True,1.0,1.0,9.289111283574907e-07,9.277540105023317e-07,True,138,1.9263489246368408,c0.75_beta6_rho1.00,0.75,6,1.0,800
True,4,4,0.5071301346399397,1.0287238938396936,0.9618057992991799,0.2004529551037649,-0.1905394743671842,0.5682256526976647,130.2266414010295,2.5389886670985995e-24,inconclusive,True,1.0,1.0,8.960649478151102e-07,9.588119867086702e-07,True,139,1.9664440155029297,c0.75_beta6_rho1.00,0.75,6,1.0,800
True,4,4,0.5370946459961365,1.153882635030861,1.0998624342457801,0.16876175983297942,0.5917361512739155,0.5868242554201747,222.50899624988614,1.135924275722843e-43,inconclusive,True,1.0,1.0,9.968009219505217e-07,9.970060715085468e-07,True,140,1.9372930526733398,c0.75_beta6_rho1.00,0.75,6,1.0,800
True,4,4,0.4624457925457649,0.8554244441731225,0.7967522528709338,0.16339362219906473,-1.2439148137706788,0.5161179237746457,142.26680005695926,8.010645035059933e-27,inconclusive,True,1.0,1.0,8.232690790470728e-07,8.729235199300925e-07,True,141,1.991814136505127,c0.75_beta6_rho1.00,0.75,6,1.0,800
True,4,4,0.5530343648540051,1.2233880348378916,1.1449545976885305,0.24222278454205654,0.5984350232063423,0.6211633487603758,131.62693778385074,1.3010953077141855e-24,inconclusive,True,1.0,1.0,8.291149413764207e-07,8.630240227946555e-07,True,142,1.9479289054870605,c0.75_beta6_rho1.00,0.75,6,1.0,800
True,4,4,0.4607347329433556,0.8491059765615407,0.778872271714444,0.17182424235013777,-1.2869413841787776,0.5151451251691742,141.47708404432586,1.1695084668538227e-26,inconclusive,True,1.0,1.0,9.656510955851146e-07,9.126105157468154e-07,True,143,1.8468539714813232,c0.75_beta6_rho1.00,0.75,6,1.0,800
True,4,4,0.4322515567924802,0.7473656333980909,0.6763855586060273,0.16384669665163618,-1.9751050708213411,0.4862842254940748,97.2423294856242,1.561284255073725e-17,equivalent,True,1.0,1.0,9.2838533334128e-07,8.907301239583668e-07,True,144,1.905513048171997,c0.75_beta6_rho1.00,0.75,6,1.0,800
True,4,4,0.4899688186896605,0.9602777731525658,0.8854644397851731,0.1998860147013192,-0.5730043714462582,0.5509645351661742,134.39834460911487,3.4612989391272968e-25,inconclusive,True,1.0,1.0,9.3646411843139e-07,9.52708205712089e-07,True,145,2.2887728214263916,c0.75_beta6_rho1.00,0.75,6,1.0,800
True,4,4,0.477025473556767,0.9102132096882313,0.8499350085293513,0.17232581645931222,-0.8708212997562118,0.5323029571470144,122.9516505501313,8.141609990206623e-23,inconclusive,True,1.0,1.0,9.516503882462433e-07,9.974622603383379e-07,True,146,2.3673617839813232,c0.75_beta6_rho1.00,0.75,6,1.0,800
True,4,4,0.5079631345932887,1.032106184423358,0.965938852576264,0.2113589020871323,-0.16115312431786935,0.5730604918467954,113.48501405722754,7.30757129143935e-21,inconclusive,True,1.0,1.0,9.98401037217767e-07,9.949034380960044e-07,True,147,2.512141704559326,c0.75_beta6_rho1.00,0.75,6,1.0,800
True,4,4,0.5345670527223646,1.1430477354251012,1.0582060672554194,0.23386081833502684,0.2488919164390931,0.6005982189649807,145.72429891718753,1.5266027117587632e-27,inconclusive,True,1.0,1.0,9.62321035885586e-07,8.94388223689946e-07,True,148,2.6933341026306152,c0.75_beta6_rho1.00,0.75,6,1.0,800
True,4,4,0.5018846603923645,1.0075528493486359,0.9358673661690594,0.2014229317782699,-0.31839787686904975,0.5628451399043403,148.68630717629406,3.6845991661515255e-28,inconclusive,True,1.0,1.0,8.162006810843006e-07,9.573147744960944e-07,True,149,3.1089940071105957,c0.75_beta6_rho1.00,0.75,6,1.0,800
True,4,4,0.44736484712246716,0.8005412257636337,0.7196563207626452,0.17188218865594346,-1.6310222800252951,0.5005939877240164,104.17492797540645,5.970275229553856e-19,inconclusive,True,1.0,1.0,9.670757670419996e-07,9.943394299012987e-07,True,150,820.6247401237488,c0.75_beta6_rho1.00,0.75,6,1.0,800
True,4,4,0.5196901223903764,1.0803112932404975,1.0122035803463405,0.1804199851102014,0.06763984787431668,0.5720507073742208,187.03253885419986,3.4270112751500274e-36,inconclusive,True,1.0,1.0,9.382982531211056e-07,9.371353375126263e-07,True,151,820.4357471466064,c0.75_beta6_rho1.00,0.75,6,1.0,800
True,4,4,0.47304836117349747,0.8950990080357267,0.8383117702140015,0.15962999297538522,-1.0128937975392298,0.5246140827145708,135.20284999906937,2.35614363178539e-25,inconclusive,True,1.0,1.0,9.627527947069477e-07,9.70338219855227e-07,True,152,820.2439069747925,c0.75_beta6_rho1.00,0.75,6,1.0,800
True,4,4,0.4221298211455451,0.7127743436014795,0.6277382122124936,0.17378992003619004,-2.142021745047046,0.4779113915025533,92.39673969855374,1.5153933055412777e-16,equivalent,True,1.0,1.0,8.39989373158418e-07,9.902366548042373e-07,True,153,819.6064670085907,c0.75_beta6_rho1.00,0.75,6,1.0,800
True,4,4,0.5780240896700669,1.336447392955638,1.2658533383155575,0.23231194778053046,1.1443808243849525,0.6418669036892547,155.9065429132618,1.1468172640445376e-29,inconclusive,True,1.0,1.0,9.555021447124927e-07,9.043077807020874e-07,True,154,1.3094680309295654,c0.75_beta6_rho1.00,0.75,6,1.0,800
True,4,4,0.4659223005960602,0.8683343607709019,0.7920813166916679,0.19079120335663008,-1.0897708052068156,0.5258100701591918,104.04364926658887,6.351706125590164e-19,inconclusive,True,1.0,1.0,9.55578961855848e-07,9.9399909214585e-07,True,155,1.3835008144378662,c0.75_beta6_rho1.00,0.75,6,1.0,800
True,4,4,0.4580432629822752,0.8392145230537988,0.7677874303470609,0.1844785618708058,-1.258750975170559,0.5175006429790806,128.8364063703484,4.9292613444572584e-24,inconclusive,True,1.0,1.0,9.894816300800443e-07,9.68316895042072e-07,True,156,1.3310768604278564,c0.75_beta6_rho1.00,0.75,6,1.0,800
True,4,4,0.5449060260468265,1.187690308888579,1.1296288083350958,0.18289196089081472,0.7087725873991988,0.5980090537664583,184.44745247764226,1.1976327989571523e-35,inconclusive,True,1.0,1.0,9.927474776697149e-07,8.760372702037229e-07,True,157,1.0367181301116943,c0.75_beta6_rho1.00,0.75,6,1.0,800
True,4,4,0.5430153896375868,1.1794628535330407,1.0868941720154315,0.2632859030147339,0.33003731312788415,0.6164334807005558,145.84549348444637,1.4403798200096426e-27,inconclusive,True,1.0,1.0,9.70591074336844e-07,9.62698417639269e-07,True,158,1.1882719993591309,c0.75_beta6_rho1.00,0.75,6,1.0,800
True,4,4,0.594122769253772,1.4119274597830835,1.1965887917491767,0.6125412883463051,0.32093965825538545,0.7423155581595883,132.57897289086975,8.257008284938564e-25,inconclusive,True,1.0,1.0,9.922640409348544e-07,8.921196106471804e-07,True,159,1.4179151058197021,c0.75_beta6_rho1.00,0.75,6,1.0,800
True,4,4,0.6033095033640615,1.4559294273975625,1.3543557158410544,0.2613097321385015,1.3560754624065663,0.6678645028197685,213.47986957134262,9.173332164070272e-42,inconclusive,True,1.0,1.0,9.385769174967621e-07,9.041383037035454e-07,True,160,1.1501598358154297,c0.75_beta6_rho1.00,0.75,6,1.0,800
True,4,4,0.6218570959621841,1.546824991194084,1.4326247409736856,0.3319595369776044,1.3032454042821269,0.7033223992900464,178.28591639921527,2.357820922321995e-34,inconclusive,True,1.0,1.0,9.547172042811053e-07,9.764692550607592e-07,True,161,1.164161205291748,c0.75_beta6_rho1.00,0.75,6,1.0,800
True,4,4,0.5302834623005807,1.1248022015579653,1.0573919556304485,0.21816192407650167,0.263070450416101,0.5950286521904626,134.71395323356148,2.9765657717636894e-25,inconclusive,True,1.0,1.0,8.702804771703463e-07,9.680647646837671e-07,True,162,1.2125179767608643,c0.75_beta6_rho1.00,0.75,6,1.0,800
True,4,4,0.574087750477607,1.3183069809937566,1.2437714408758482,0.23751661081555864,1.0263342847424963,0.6392283433244025,154.28675062202188,2.499183621726259e-29,inconclusive,True,1.0,1.0,9.739873804785538e-07,9.02676541836628e-07,True,163,1.2601909637451172,c0.75_beta6_rho1.00,0.75,6,1.0,800
True,4,4,0.5673366452564887,1.2874834762035476,1.2086400335220326,0.2670154475047978,0.7813781392489803,0.6418413668505579,138.14527964194838,5.766278933918107e-26,inconclusive,True,0.9970149253731343,1.0,8.686546914290597e-07,9.914121910981762e-07,True,164,1.424133062362671,c0.75_beta6_rho1.00,0.75,6,1.0,800
True,4,4,0.4594841414298101,0.8445027049019589,0.759957383760369,0.18891218306866897,-1.2706571505363222,0.5173708228283147,106.78367355317849,1.7422697382674316e-19,inconclusive,True,1.0,1.0,9.997885802038978e-07,9.736466440159442e-07,True,165,1.4170691967010498,c0.75_beta6_rho1.00,0.75,6,1.0,800
True,4,4,0.5801049264595061,1.3460869028103557,1.2787116371721425,0.2372650874590487,1.174684569723084,0.6459446525879978,151.59108013645408,9.130503385474793e-29,inconclusive,True,1.0,1.0,8.335544835533644e-07,9.231663929906239e-07,True,166,1.5791773796081543,c0.75_beta6_rho1.00,0.75,6,1.0,800
True,4,4,0.5286541094909105,1.1179006699265106,1.0591484889056102,0.18731492202440542,0.31577029884412355,0.5846482099903295,174.5942411403304,1.403456532883406e-33,inconclusive,True,1.0,1.0,9.345241171174106e-07,9.395633358880407e-07,True,167,1.5308451652526855,c0.75_beta6_rho1.00,0.75,6,1.0,800
True,4,4,0.5190566725351954,1.0776793172132364,1.0149014457447405,0.18019689463683297,0.08269535262953744,0.5725598137866312,175.5491673078646,8.848382344864534e-34,inconclusive,True,1.0,1.0,9.800828022649197e-07,8.543360035030855e-07,True,168,1.5931189060211182,c0.75_beta6_rho1.00,0.75,6,1.0,800
True,4,4,0.43505026529860513,0.7570749333455469,0.697488766673912,0.1738703993676801,-1.7398662131463436,0.4958528319202537,113.18100934897188,8.440237925330316e-21,equivalent,True,1.0,1.0,9.744113325517835e-07,9.902946944626264e-07,True,169,1.5026469230651855,c0.75_beta6_rho1.00,0.75,6,1.0,800
True,4,4,0.5180899517355004,1.0736687923571728,1.0021045236701778,0.19380292176213956,0.010859091550542875,0.5746481450514797,152.07801996000603,7.225697124180213e-29,inconclusive,True,1.0,1.0,9.562750409281467e-07,9.255340480192929e-07,True,170,1.4581482410430908,c0.75_beta6_rho1.00,0.75,6,1.0,800
True,4,4,0.44508165685311485,0.7923907250684554,0.7256764262787923,0.1797696810568567,-1.5259724115238653,0.5053145649447165,93.6334370433844,8.49029798389434e-17,inconclusive,True,1.0,1.0,9.967426974672034e-07,9.581389366709447e-07,True,171,1.4873778820037842,c0.75_beta6_rho1.00,0.75,6,1.0,800
True,4,4,0.47325847080419564,0.8958943207517028,0.8063974450161315,0.18939112734957725,-1.0222366680700823,0.5286582373683191,126.63232356353723,1.4101572509111805e-23,inconclusive,True,1.0,1.0,9.944819949695333e-07,8.72115582523943e-07,True,172,1.8419790267944336,c0.75_beta6_rho1.00,0.75,6,1.0,800
True,4,4,0.5717074581027195,1.307397670601091,1.2462149358020642,0.22759685089603232,1.0818029108607339,0.6365097095648142,157.84542657289268,4.511969471212183e-30,inconclusive,True,1.0,1.0,9.871940303578172e-07,9.795566578782337e-07,True,173,1.5244810581207275,c0.75_beta6_rho1.00,0.75,6,1.0,800
True,4,4,0.6085226527101428,1.4811992754455563,1.3872826614525515,0.3176992189034084,1.2190230205454138,0.6909868620215353,127.31749390045209,1.0171917138216183e-23,inconclusive,True,1.0,1.0,9.187655592313623e-07,9.212936654590791e-07,True,174,2.0449109077453613,c0.75_beta6_rho1.00,0.75,6,1.0,800
True,4,4,0.48956014206356663,0.9586765307891981,0.8990629356651318,0.1582210891443084,-0.6379494976349624,0.5383570998891813,166.44616551318896,7.161460957983921e-32,inconclusive,True,1.0,1.0,9.824624386026544e-07,9.61941776248812e-07,True,175,1.6889417171478271,c0.75_beta6_rho1.00,0.75,6,1.0,800
True,4,4,0.4878670356210829,0.952056977782812,0.8691583761106281,0.20276232614961143,-0.6452955357832517,0.5483321811837542,119.75549823836607,3.7239490762687255e-22,inconclusive,True,1.0,1.0,8.737785712083349e-07,9.344295967654165e-07,True,176,1.9282441139221191,c0.75_beta6_rho1.00,0.75,6,1.0,800
True,4,4,0.5090492901988324,1.03652471940774,0.9644212886441453,0.20821677036582867,-0.17087341856923566,0.5716002533616698,138.19935986860867,5.618944416599614e-26,inconclusive,True,1.0,1.0,9.979468295024247e-07,9.634522297690079e-07,True,177,1.8325450420379639,c0.75_beta6_rho1.00,0.75,6,1.0,800
True,4,4,0.5469954906923349,1.196816267350993,1.1273282602487378,0.17987549407165002,0.7078688562101682,0.5964891279546047,200.0792993778102,6.148721996571144e-39,inconclusive,True,1.0,1.0,9.552414890883578e-07,9.69472056935976e-07,True,178,2.024955987930298,c0.75_beta6_rho1.00,0.75,6,1.0,800
True,4,4,0.5729271673923276,1.312982156544785,1.2550691882349256,0.20887129808395496,1.2211787381739814,0.6321850797935643,177.75226229838626,3.0516237485159404e-34,inconclusive,True,1.0,1.0,8.461479760083002e-07,9.814564613225976e-07,True,179,2.0234899520874023,c0.75_beta6_rho1.00,0.75,6,1.0,800
True,4,4,0.5588354585535211,1.2491882789468969,1.1628304291623766,0.2358293352224331,0.6904587548821934,0.6226425873935524,161.49473578644879,7.786284906402995e-31,inconclusive,True,1.0,1.0,8.723535636095694e-07,8.635707721328644e-07,True,180,2.4504342079162598,c0.75_beta6_rho1.00,0.75,6,1.0,800
True,4,4,0.48899550438505135,0.956466413235163,0.8969238324719684,0.1623513914133096,-0.6348954981582093,0.5394367681848283,156.9309911516134,7.005849348540397e-30,inconclusive,True,1.0,1.0,7.946287054834649e-07,9.185926635351558e-07,True,181,2.1534228324890137,c0.75_beta6_rho1.00,0.75,6,1.0,800
True,4,4,0.44517860065042575,0.792735945908285,0.6863795389725481,0.2322451774339797,-1.350385245853403,0.5168144883361964,101.04382854359906,2.6117585431846034e-18,inconclusive,True,1.0,1.0,8.929848631185265e-07,9.501392828174585e-07,True,182,2.741441011428833,c0.75_beta6_rho1.00,0.75,6,1.0,800
True,4,4,0.46791140693347016,0.8757643389538381,0.7961338965534601,0.19264231079276403,-1.0582623443810841,0.5274946208648129,118.35177298188582,7.256361473044331e-22,inconclusive,True,1.0,1.0,9.529979994751706e-07,9.662185027916045e-07,True,183,2.514309883117676,c0.75_beta6_rho1.00,0.75,6,1.0,800
True,4,4,0.5189940281873312,1.0774192051764495,1.0116037250412047,0.19651216153111714,0.05904838128487658,0.5776758318200044,136.51269947824952,1.2593477184197134e-25,inconclusive,True,1.0,1.0,9.346267702955475e-07,9.47624503589419e-07,True,184,2.483853816986084,c0.75_beta6_rho1.00,0.75,6,1.0,800
True,4,4,0.5242386714502084,1.0993047385755181,1.0495738687442524,0.17938994926577645,0.27634696897542393,0.579793945603243,157.76690668353808,4.6857225326197514e-30,inconclusive,True,1.0,1.0,9.52163241882392e-07,9.653425796745149e-07,True,185,2.2577290534973145,c0.75_beta6_rho1.00,0.75,6,1.0,800
True,4,4,0.5532714414472643,1.2244371516845343,1.1476185738549622,0.22240452598546173,0.6637390727588514,0.6151100440312636,139.03311110788735,3.769901068707807e-26,inconclusive,True,1.0,1.0,9.646194246782944e-07,9.603209798197853e-07,True,186,354.0546770095825,c0.75_beta6_rho1.00,0.75,6,1.0,800
True,4,4,0.5500893234431002,1.2103930550643511,1.1185238164862548,0.2803421438245348,0.422782728523466,0.6284197658697951,158.16195839557133,3.874438683724882e-30,inconclusive,True,1.0,1.0,9.357784620997367e-07,9.74910769557685e-07,True,187,354.0764982700348,c0.75_beta6_rho1.00,0.75,6,1.0,800
True,4,4,0.51227292525582,1.0496941998006197,0.9713239339169172,0.18383947443547027,-0.15598426927155104,0.5642944621868429,159.75997724389782,1.795289480359667e-30,inconclusive,True,1.0,1.0,9.294528603104707e-07,9.034748946604302e-07,True,188,353.8784580230713,c0.75_beta6_rho1.00,0.75,6,1.0,800
True,4,4,0.5383550331604781,1.1593045669168776,1.0930169637668645,0.19996419756394498,0.4651680895882342,0.5962232801959263,153.092807667288,4.4368159347213436e-29,inconclusive,True,1.0,1.0,9.619311861114978e-07,8.329172290924432e-07,True,189,353.63147807121277,c0.75_beta6_rho1.00,0.75,6,1.0,800
True,4,4,0.5439934184309859,1.183715357184919,1.1288128823032766,0.18862394562481424,0.6829084286016056,0.5998065653596477,170.10879576038687,1.2237411498418278e-32,inconclusive,True,1.0,1.0,8.054785107635446e-07,7.773320123644877e-07,True,190,1.2397949695587158,c0.75_beta6_rho1.00,0.75,6,1.0,800
True,4,4,0.5278500426395482,1.1145026700582914,1.055544102580269,0.17294655304994844,0.32116339759733387,0.5787952720162008,192.951565476233,1.9488432198635263e-37,inconclusive,True,1.0,1.0,9.7111355420821e-07,9.58279810524082e-07,True,191,1.254667043685913,c0.75_beta6_rho1.00,0.75,6,1.0,800
True,4,4,0.5400321204704693,1.1665387645593261,1.1075977536046007,0.18874112482002353,0.5700811294157638,0.5954093712144017,175.85517085270402,7.6323635594744324e-34,inconclusive,True,1.0,1.0,9.890709135596269e-07,8.88328704858893e-07,True,192,1.4769837856292725,c0.75_beta6_rho1.00,0.75,6,1.0,800
True,4,4,0.5194223553478937,1.079198332940614,1.0056940314690657,0.21775630397787515,0.026148641233569973,0.5839244980857159,121.9662191111729,1.3013181796444668e-22,inconclusive,True,1.0,1.0,9.775542316945448e-07,8.231962300505193e-07,True,193,1.563943862915039,c0.75_beta6_rho1.00,0.75,6,1.0,800
True,4,4,0.48359938953650167,0.9354734782403084,0.8585189099404167,0.1758353684801857,-0.8046224788702072,0.5356636896251693,180.23793184928164,9.176213802999479e-35,inconclusive,True,1.0,1.0,9.261712447282e-07,8.655048536406124e-07,True,194,1.636239767074585,c0.75_beta6_rho1.00,0.75,6,1.0,800
True,4,4,0.5680758617192748,1.2908407386723864,1.2215752691266109,0.21951606179956795,1.009380668139551,0.6290165060536436,195.14047727001997,6.745356657517952e-38,inconclusive,True,1.0,1.0,9.724467296764443e-07,9.21217313010924e-07,True,195,1.6434299945831299,c0.75_beta6_rho1.00,0.75,6,1.0,800
True,4,4,0.5609641640626446,1.2587231734500066,1.1805357641094194,0.2450234707139525,0.7368100842885459,0.6291985991325597,135.98218563184793,1.6231089744711442e-25,inconclusive,True,1.0,1.0,8.690683676037073e-07,9.908434300934249e-07,True,196,1.4205141067504883,c0.75_beta6_rho1.00,0.75,6,1.0,800
True,4,4,0.5306254393531891,1.1262534275550595,1.061652005399314,0.21160896906806934,0.29134873474801537,0.5936576845426978,131.99384872352417,1.091958994000487e-24,inconclusive,True,1.0,1.0,9.435010531950443e-07,9.97523835771418e-07,True,197,1.3433079719543457,c0.75_beta6_rho1.00,0.75,6,1.0,800
True,4,4,0.4751247695581216,0.9029741865906327,0.8313084245478494,0.17147958390955942,-0.9837414554325067,0.5275810933140084,151.264693445038,1.068065836776389e-28,inconclusive,True,1.0,1.0,9.765600107027988e-07,9.911344392719524e-07,True,198,1.2970519065856934,c0.75_beta6_rho1.00,0.75,6,1.0,800
True,4,4,0.4580524399243787,0.8392481508827063,0.739160732262183,0.24159087164546256,-1.0796735239260267,0.5330437021780179,92.91398780988914,1.1893770633326854e-16,inconclusive,True,1.0,1.0,9.999285534107801e-07,8.497461267515923e-07,True,199,1.4037320613861084,c0.75_beta6_rho1.00,0.75,6,1.0,800
True,4,4,0.5868050720578322,1.3773607703711903,1.2923859588914641,0.2857538103099992,1.0232093093501362,0.6637787941391072,158.79619138637793,2.8551859072136732e-30,inconclusive,True,1.0,1.0,9.087335290355057e-07,9.126675520377209e-07,True,200,1.2261462211608887,c0.75_beta6_rho1.00,0.75,6,1.0,800
True,4,4,0.5126884167060194,1.0513976504981,0.9882445085886506,0.1959545151859078,-0.059990918811932296,0.5723986817790788,138.8394467945471,4.136128552050533e-26,inconclusive,True,1.0,1.0,9.934404606505163e-07,9.958095498432296e-07,True,201,1.0609791278839111,c0.75_beta6_rho1.00,0.75,6,1.0,800
True,4,4,0.524362465392686,1.0998239804507837,1.017890347177451,0.2416028249190316,0.07404858442133931,0.5948301501326327,176.7298658694323,5.001631755473275e-34,inconclusive,True,1.0,1.0,8.675374377285919e-07,9.847052589859983e-07,True,202,1.1998419761657715,c0.75_beta6_rho1.00,0.75,6,1.0,800
True,4,4,0.5490570821383989,1.20585471778533,1.1513143078911994,0.18429060703265288,0.8210635925920483,0.6030019447070522,212.82957571924243,1.2583441144437137e-41,inconclusive,True,1.0,1.0,8.274834099113565e-07,9.893584263304538e-07,True,203,1.183424949645996,c0.75_beta6_rho1.00,0.75,6,1.0,800
True,4,4,0.5443149557797246,1.185115084341934,1.1234891306187995,0.20867334346488153,0.5917820099507918,0.6055423677301821,163.44806531035312,3.038360502750013e-31,inconclusive,True,1.0,1.0,9.231577453167085e-07,8.658600200317653e-07,True,204,1.3526251316070557,c0.75_beta6_rho1.00,0.75,6,1.0,800
True,4,4,0.5331725752693187,1.1370919800772692,1.0528130558877344,0.2202935397318898,0.23973946740340654,0.5948032623712045,131.71199273843055,1.249304547010079e-24,inconclusive,True,1.0,1.0,9.847830327170269e-07,9.397676708228685e-07,True,205,1.4804348945617676,c0.75_beta6_rho1.00,0.75,6,1.0,800
True,4,4,0.5627627186575893,1.2668075100435239,1.2107965080768792,0.1708422343962613,1.2338664898747793,0.6106977519526462,287.23085575770267,2.1437165819784222e-57,inconclusive,True,1.0,1.0,9.249244001272224e-07,8.939686862334851e-07,True,206,1.602849006652832,c0.75_beta6_rho1.00,0.75,6,1.0,800
True,4,4,0.5002934069335411,1.0011739720846788,0.9208108261370658,0.1940081713883725,-0.40817442531536724,0.5567597934709935,127.06211983094039,1.1489004096210643e-23,inconclusive,True,1.0,1.0,9.245107573962568e-07,9.977916259234626e-07,True,207,1.6064338684082031,c0.75_beta6_rho1.00,0.75,6,1.0,800
True,4,4,0.5111995848145942,1.0453000620584536,0.9703660791958361,0.20813006786488616,-0.1423817380552707,0.5728676933204233,148.74793228133765,3.5771821912279186e-28,inconclusive,True,1.0,1.0,9.725599325697113e-07,9.348882492719547e-07,True,208,1.4995341300964355,c0.75_beta6_rho1.00,0.75,6,1.0,800
True,4,4,0.6499163221451301,1.6895649031626099,1.6155170094710878,0.2618200730230596,2.3509160407914047,0.7152224664731538,203.5541584731415,1.1387746543624962e-39,meaningfully_different,True,1.0,1.0,7.835073481157309e-07,9.688542227542264e-07,True,209,1.5004920959472656,c0.75_beta6_rho1.00,0.75,6,1.0,800
True,4,4,0.5055320257513493,1.0222505162410513,0.9558821180475475,0.19136790316159824,-0.23053961099839027,0.563616515825477,152.7593631537523,5.208045162261484e-29,inconclusive,True,1.0,1.0,8.968636563462391e-07,9.274671052289525e-07,True,210,1.1247680187225342,c0.75_beta6_rho1.00,0.75,6,1.0,800
True,4,4,0.41630694002771135,0.6932458732609459,0.6202569794457392,0.1632753335056539,-2.325783156591201,0.4713865197357221,113.36987271245616,7.717503324436595e-21,equivalent,True,1.0,1.0,9.887353140178234e-07,8.752779807776353e-07,True,211,1.208975076675415,c0.75_beta6_rho1.00,0.75,6,1.0,800
True,4,4,0.5012691569589464,1.0050830708733312,0.9284141832478239,0.2153995978792653,-0.3323396025664869,0.5662850415346105,136.10762431770254,1.528594931499153e-25,inconclusive,True,1.0,1.0,9.68122705555105e-07,9.394043131927802e-07,True,212,1.1185989379882812,c0.75_beta6_rho1.00,0.75,6,1.0,800
True,4,4,0.4981268384046529,0.9925213885560606,0.9243627314538871,0.1824932773512262,-0.41446605400450737,0.5532941036644328,158.83821175776944,2.7980154683197395e-30,inconclusive,True,1.0,1.0,9.76514149535019e-07,9.972395209523902e-07,True,213,1.0526280403137207,c0.75_beta6_rho1.00,0.75,6,1.0,800
True,4,4,0.4714451242572107,0.8890420207435874,0.8168910051621439,0.1845620076304208,-0.9921272378252719,0.5292609216658847,130.6381402241168,2.0861783110377343e-24,inconclusive,True,1.0,1.0,8.216096969333094e-07,9.785927279051979e-07,True,214,0.993804931640625,c0.75_beta6_rho1.00,0.75,6,1.0,800
True,4,4,0.510979179232279,1.044398886435574,0.9850095915648076,0.1747660860627339,-0.08577412685096952,0.5640199956768396,160.47237708477164,1.2739794860368086e-30,inconclusive,True,1.0,1.0,8.337598169876973e-07,7.829440864825531e-07,True,215,0.9505710601806641,c0.75_beta6_rho1.00,0.75,6,1.0,800
True,4,4,0.573682921576995,1.3164483780364662,1.2642110964736126,0.18051976804513173,1.463613095312405,0.624727879095988,242.97205647851462,5.314764437852891e-48,inconclusive,True,1.0,1.0,8.878718726524721e-07,9.74894895501759e-07,True,216,0.8903279304504395,c0.75_beta6_rho1.00,0.75,6,1.0,800
True,4,4,0.508045259720043,1.0324399436960237,0.9655147123153104,0.18944723790693785,-0.18203109248618246,0.5650503713613672,152.14760031262693,6.988091933811539e-29,inconclusive,True,1.0,1.0,8.20163395998777e-07,9.294088129187115e-07,True,217,1.024557113647461,c0.75_beta6_rho1.00,0.75,6,1.0,800
True,4,4,0.4522724485782908,0.8182014709720108,0.7472540667181718,0.20136481250177013,-1.2551643464500848,0.5192469809498442,79.21860537879212,7.021437500957979e-14,inconclusive,True,1.0,1.0,9.679956097969879e-07,8.316761162689728e-07,True,218,1.0919768810272217,c0.75_beta6_rho1.00,0.75,6,1.0,800
True,4,4,0.48452029919278855,0.9390396813194772,0.8758958826980527,0.17061047841912774,-0.7274120467388215,0.5377092957448478,158.79639219121148,2.854909946433563e-30,inconclusive,True,1.0,1.0,9.466230685420898e-07,9.380749057568988e-07,True,219,1.0777158737182617,c0.75_beta6_rho1.00,0.75,6,1.0,800
True,4,4,0.44643035800919806,0.7972002582088831,0.710323401625499,0.2086407551727399,-1.3883989162839692,0.5132024221740565,90.27676410065251,4.0860721173008226e-16,inconclusive,True,1.0,1.0,9.228027545766862e-07,9.601164359730064e-07,True,220,1.2338361740112305,c0.75_beta6_rho1.00,0.75,6,1.0,800
True,4,4,0.549155050136449,1.2062850763614636,1.095185046057968,0.2481253420385705,0.383616785274483,0.6130487164264936,145.73771730128453,1.5168078274630806e-27,inconclusive,True,1.0,1.0,9.886539273168007e-07,9.889752083132493e-07,True,221,1.367854118347168,c0.75_beta6_rho1.00,0.75,6,1.0,800
True,4,4,0.6105932335326134,1.49129638734325,1.4231429511677107,0.22544548918087048,1.8769191288996314,0.6696954124314117,195.43160184170418,5.857471951895975e-38,meaningfully_different,True,1.0,1.0,9.501776185780077e-07,9.82391611832097e-07,True,222,0.9862940311431885,c0.75_beta6_rho1.00,0.75,6,1.0,800
True,4,4,0.5807194636119929,1.348940381671203,1.2709165687865047,0.23091993083339435,1.1732056553488552,0.6424068131941777,172.7688020218859,3.3888605620344523e-33,inconclusive,True,1.0,1.0,9.706538157712501e-07,8.843284440779532e-07,True,223,1.0276978015899658,c0.75_beta6_rho1.00,0.75,6,1.0,800
True,4,4,0.43709943815540386,0.764223675343079,0.6493805198535791,0.2539903971879651,-1.380443843658174,0.5165165887653195,77.31898104055364,1.6909399683447345e-13,inconclusive,True,1.0,1.0,9.843372339595756e-07,9.159164949441328e-07,True,224,1.1815221309661865,c0.75_beta6_rho1.00,0.75,6,1.0,800
True,4,4,0.5119505785763628,1.0483735796186906,0.9718923845497829,0.20050735679107864,-0.14018246462399994,0.5704598227741462,134.73775118109742,2.942893196406847e-25,inconclusive,True,1.0,1.0,9.927834720629032e-07,9.638117173858958e-07,True,225,1.0073859691619873,c0.75_beta6_rho1.00,0.75,6,1.0,800
True,4,4,0.5592843458592175,1.2511959180926913,1.1843855056731234,0.21714256010173597,0.8491449377161935,0.6207965111898568,161.38977521460117,8.190034807042467e-31,inconclusive,True,1.0,0.9970149253731343,9.008532894646169e-07,8.420995707245199e-07,True,226,1.0131819248199463,c0.75_beta6_rho1.00,0.75,6,1.0,800
True,4,4,0.5041822581159583,1.016798997595627,0.943334336398639,0.19301477306374346,-0.29358200256851386,0.5614301795254136,141.79893510180648,1.002380336673819e-26,inconclusive,True,1.0,1.0,9.997298606154739e-07,8.640233199735921e-07,True,227,1.0708649158477783,c0.75_beta6_rho1.00,0.75,6,1.0,800
True,4,4,0.47787368655005036,0.9134530411877432,0.8375171866941826,0.20791295147639752,-0.7814944290484116,0.5430247597992932,128.00321042286606,7.334802574783419e-24,inconclusive,True,1.0,1.0,9.594335052334278e-07,9.742501587578996e-07,True,228,1.0751547813415527,c0.75_beta6_rho1.00,0.75,6,1.0,800
True,4,4,0.5942898471383876,1.4127216896470722,1.3347304500102943,0.24516779390767116,1.365311669510523,0.6591653026804085,188.70023426133628,1.528345311651576e-36,inconclusive,True,1.0,1.0,9.39165235676767e-07,9.961412169158236e-07,True,229,1.1047420501708984,c0.75_beta6_rho1.00,0.75,6,1.0,800
True,4,4,0.4313376772818718,0.7442087673716806,0.6848949580653863,0.14974007915478407,-2.1043467033892402,0.48249234977435995,131.1454201970474,1.6374502749859406e-24,equivalent,True,1.0,1.0,8.455172320705637e-07,8.723121544416287e-07,True,230,0.9467787742614746,c0.75_beta6_rho1.00,0.75,6,1.0,800
True,4,4,0.4507939754396283,0.8128608331706568,0.7275205515921733,0.20983107791186636,-1.2985657373512325,0.5178469757425073,72.24497906587494,1.7535715928038785e-12,inconclusive,True,1.0,1.0,9.371624506312792e-07,9.938842566746734e-07,True,231,1.0537819862365723,c0.75_beta6_rho1.00,0.75,6,1.0,800
True,4,4,0.5307059003560185,1.1265950106907692,1.0544363456471832,0.2171001229271224,0.25074304386947216,0.5940400386875179,184.7099717812062,1.0547537833095315e-35,inconclusive,True,1.0,1.0,8.970999054448725e-07,8.881498395170838e-07,True,232,0.9824697971343994,c0.75_beta6_rho1.00,0.75,6,1.0,800
True,4,4,0.5458482603492704,1.1918012933052995,1.1298080375408186,0.18311594563607722,0.7088844015736225,0.5981235166905262,203.7878269144921,1.0166636460085478e-39,inconclusive,True,1.0,1.0,9.385666749026066e-07,9.887150341359967e-07,True,233,0.9482941627502441,c0.75_beta6_rho1.00,0.75,6,1.0,800
True,4,4,0.5682644121741923,1.2916977685747215,1.2263544552196897,0.21979095324589637,1.0298624755790118,0.630055236038342,204.86354326673245,6.030870487569678e-40,inconclusive,True,1.0,1.0,9.011144860120862e-07,9.85863173850967e-07,True,234,0.9833238124847412,c0.75_beta6_rho1.00,0.75,6,1.0,800
True,4,4,0.49928076765352686,0.9971251397947803,0.9423490929244052,0.18067133200971194,-0.31909272176338316,0.5566702319746255,135.3143252984857,2.233844284647682e-25,inconclusive,True,1.0,1.0,9.139450830084127e-07,8.946192860883226e-07,True,235,0.9603269100189209,c0.75_beta6_rho1.00,0.75,6,1.0,800
True,4,4,0.5436526361865843,1.1822327553304903,1.120441870642342,0.19927438615820575,0.6044021661003743,0.6017098693459322,171.50207496485908,6.246615932356253e-33,inconclusive,True,1.0,1.0,9.58217827806934e-07,9.400201468909062e-07,True,236,1.0212011337280273,c0.75_beta6_rho1.00,0.75,6,1.0,800
True,4,4,0.5310868845807999,1.1282131158949593,1.0592455892873418,0.206877851930331,0.28637956520978175,0.5915085321385644,179.99236938432432,1.0333093689250846e-34,inconclusive,True,1.0,1.0,9.606687361072482e-07,9.499790282829798e-07,True,237,1.0742871761322021,c0.75_beta6_rho1.00,0.75,6,1.0,800
True,4,4,0.5243268722018258,1.0996746756517992,1.0473310574751042,0.18539459100139985,0.2552990204269059,0.5814374478181082,178.71234309385298,1.9186277365821936e-34,inconclusive,True,1.0,1.0,9.395795736391461e-07,8.909193236587162e-07,True,238,0.9631857872009277,c0.75_beta6_rho1.00,0.75,6,1.0,800
True,4,4,0.5663316970190346,1.2829263641938387,1.218184908221649,0.20698939352411147,1.0540873834495936,0.6242299582085654,186.57111927668979,4.2847755598193626e-36,inconclusive,True,1.0,1.0,7.954533494571367e-07,8.887601046202673e-07,True,239,1.0183560848236084,c0.75_beta6_rho1.00,0.75,6,1.0,800
True,4,4,0.500569950852894,1.0022811027874747,0.928038711064367,0.18301395428962397,-0.3932011043362987,0.5543171198782304,161.38417559107856,8.2121533615066e-31,inconclusive,True,1.0,1.0,9.173658827226046e-07,9.90045923146024e-07,True,240,1.0859549045562744,c0.75_beta6_rho1.00,0.75,6,1.0,800
True,4,4,0.473157693617362,0.8955128121172057,0.8250233327002344,0.18066447155714996,-0.9685173060958743,0.5296673352214302,120.55191774855216,2.5500776063187973e-22,inconclusive,True,1.0,1.0,8.414734106190301e-07,9.116777749919033e-07,True,241,1.1574440002441406,c0.75_beta6_rho1.00,0.75,6,1.0,800
True,4,4,0.47397131563612765,0.898595232183367,0.8261961781941769,0.17961114579872417,-0.9676672404316775,0.5295352261186498,144.1022231508321,3.323344547886083e-27,inconclusive,True,1.0,1.0,9.394606290490872e-07,9.61604411099458e-07,True,242,1.2234032154083252,c0.75_beta6_rho1.00,0.75,6,1.0,800
True,4,4,0.44374792017674836,0.7876488666447594,0.6957504334805977,0.1691971425573381,-1.7981956546121762,0.4934711154378391,110.74487942109903,2.6762018434513792e-20,equivalent,True,1.0,1.0,9.17078516549913e-07,9.965255685852999e-07,True,243,1.3957061767578125,c0.75_beta6_rho1.00,0.75,6,1.0,800
True,4,4,0.5114206344774824,1.046204261477403,0.9780515387804107,0.20796486966896952,-0.10553927331344945,0.5744830956899222,140.96327824325374,1.49590012832803e-26,inconclusive,True,1.0,1.0,9.914442355235826e-07,9.353213333065975e-07,True,244,1.310711145401001,c0.75_beta6_rho1.00,0.75,6,1.0,800
True,4,4,0.45073445578368604,0.8126461985224624,0.7367182470079119,0.17564144499451081,-1.498972825009019,0.5063651634073306,117.01525913443854,1.3689825754078367e-21,inconclusive,True,1.0,1.0,9.352951091655513e-07,9.570985224540154e-07,True,245,1.2882401943206787,c0.75_beta6_rho1.00,0.75,6,1.0,800
True,4,4,0.5289673676938076,1.1192259043396633,1.047486848014649,0.20533786898810477,0.23126200855527532,0.5884805830633283,177.98138806740926,2.7317203529248896e-34,inconclusive,True,1.0,1.0,7.729124377957795e-07,9.966570740294084e-07,True,246,1.2366361618041992,c0.75_beta6_rho1.00,0.75,6,1.0,800
True,4,4,0.6216917950509623,1.5460027521347506,1.479273998663766,0.22387920830024705,2.14077047307138,0.6796180041823957,234.03636997286526,4.144170186086131e-46,meaningfully_different,True,1.0,1.0,9.64057450111366e-07,9.630853034088409e-07,True,247,1.2146351337432861,c0.75_beta6_rho1.00,0.75,6,1.0,800
True,4,4,0.525798420352484,1.1058559153806702,1.0338471694520996,0.24181373257528266,0.13997207309788404,0.5982464718920678,129.2925420017723,3.9652032918308314e-24,inconclusive,True,1.0,1.0,9.480111876749493e-07,9.942044521813021e-07,True,248,1.2115471363067627,c0.75_beta6_rho1.00,0.75,6,1.0,800
True,4,4,0.49137598005458055,0.9658014150983982,0.8926043820201182,0.1992244547692217,-0.539068449725648,0.5523358238030334,162.34607304540648,5.166892052024429e-31,inconclusive,True,1.0,1.0,9.666553400147157e-07,9.673722394228802e-07,True,249,1.1515707969665527,c0.75_beta6_rho1.00,0.75,6,1.0,800
True,4,4,0.4731866551089182,0.8956224422926652,0.8314339985214503,0.1831648502039748,-0.920296668770413,0.5321450381967029,122.05206051094416,1.249236535852998e-22,inconclusive,True,1.0,1.0,9.495220141260426e-07,9.595348422395677e-07,True,250,1.1449120044708252,c0.75_beta6_rho1.00,0.75,6,1.0,800
True,4,4,0.43737768119173376,0.7651969440186316,0.6974797428966361,0.1590557983609986,-1.901975660244422,0.4896690846169448,139.2690460740847,3.3672411411814845e-26,equivalent,True,1.0,1.0,9.628358095759582e-07,9.983790003058305e-07,True,251,1.0042719841003418,c0.75_beta6_rho1.00,0.75,6,1.0,800
True,4,4,0.4792230527097158,0.9186189369936762,0.850902714240834,0.18556275021304772,-0.8034871523944591,0.5376165633971519,117.49510898019932,1.0900321408779229e-21,inconclusive,True,1.0,1.0,9.380387151868522e-07,9.881093081486858e-07,True,252,0.9898731708526611,c0.75_beta6_rho1.00,0.75,6,1.0,800
True,4,4,0.5009954923520002,1.0039859334280927,0.9260553979473745,0.20064223049347274,-0.36853957350235445,0.5603754318522084,141.09764937174054,1.402645100578923e-26,inconclusive,True,1.0,1.0,9.939570337513964e-07,9.499021367796129e-07,True,253,1.0380449295043945,c0.75_beta6_rho1.00,0.75,6,1.0,800
True,4,4,0.5018638641180009,1.0074693524298048,0.9423594666781648,0.17691155423819524,-0.32581553856130535,0.5552821531249862,167.12579681021546,5.160196705359113e-32,inconclusive,True,1.0,1.0,9.93132612880046e-07,7.786425919495605e-07,True,254,1.0833139419555664,c0.75_beta6_rho1.00,0.75,6,1.0,800
True,4,4,0.5012438111275394,1.0049814327746414,0.947166730809285,0.16790032303221608,-0.3146704439667904,0.5530230976449242,190.5709288248399,6.176195334822434e-37,inconclusive,True,1.0,1.0,8.869262070283397e-07,9.063530709239717e-07,True,255,0.9633650779724121,c0.75_beta6_rho1.00,0.75,6,1.0,800
True,4,4,0.5647369083538998,1.2757111026284842,1.1432976133417774,0.35730694277594705,0.40104905946827235,0.6578402606449638,125.31720208871025,2.6391258260781345e-23,inconclusive,True,1.0,1.0,9.423476246745393e-07,9.158601643862098e-07,True,256,1.2785520553588867,c0.75_beta6_rho1.00,0.75,6,1.0,800
True,4,4,0.5120409784359704,1.0487438543906635,0.9649717942288838,0.2145905905821609,-0.16323271992536345,0.5740082546134702,152.02302805745853,7.419184269493161e-29,inconclusive,True,1.0,1.0,8.822935894402865e-07,8.426131841441318e-07,True,257,1.0916051864624023,c0.75_beta6_rho1.00,0.75,6,1.0,800
True,4,4,0.4918232318186638,0.9675603654262204,0.9059667398366962,0.19634732710275926,-0.4789128609532387,0.5542854302983024,127.04941744141632,1.1558793327171572e-23,inconclusive,True,1.0,1.0,9.82047595600469e-07,9.897742229743445e-07,True,258,1.0036821365356445,c0.75_beta6_rho1.00,0.75,6,1.0,800
True,4,4,0.5100426900288219,1.0405741826073474,0.9502433843200307,0.19360123720272981,-0.2570056699992394,0.5631804953820829,152.9379025862006,4.779771166312695e-29,inconclusive,True,1.0,1.0,9.402957779848787e-07,9.545655845756665e-07,True,259,1.1396501064300537,c0.75_beta6_rho1.00,0.75,6,1.0,800
True,4,4,0.4733867581418361,0.896380091136149,0.8161898926717935,0.18635080624366035,-0.9863660428056757,0.5297899801352912,132.2024071345898,9.884253248530754e-25,inconclusive,True,1.0,1.0,9.398336003364049e-07,9.039759506185474e-07,True,260,1.1133828163146973,c0.75_beta6_rho1.00,0.75,6,1.0,800
True,4,4,0.47587879169145314,0.9058424975268698,0.8495935411604009,0.15182382623733004,-0.9906643941675183,0.5242426710037354,164.8361169004006,1.5563586276504217e-31,inconclusive,True,1.0,1.0,9.611507679135424e-07,9.580754721060514e-07,True,261,1.0040881633758545,c0.75_beta6_rho1.00,0.75,6,1.0,800
True,4,4,0.4417878162349151,0.7807058982944605,0.7082256055755741,0.17405557332712054,-1.676328938206789,0.4986285056667454,132.95804935662497,6.889225869542553e-25,equivalent,True,1.0,1.0,9.82469901825016e-07,9.494057616288324e-07,True,262,1.090285062789917,c0.75_beta6_rho1.00,0.75,6,1.0,800
True,4,4,0.4672790889065845,0.8733989877174707,0.8013996256385569,0.17634713422051204,-1.1261899731985698,0.5223659753859511,123.94902722934762,5.0639081009846695e-23,inconclusive,True,1.0,1.0,9.80211309974046e-07,9.231096538556219e-07,True,263,1.0526001453399658,c0.75_beta6_rho1.00,0.75,6,1.0,800
True,4,4,0.5910861256218255,1.3975312316104818,1.3437017915349436,0.1999046867877865,1.7193283312052023,0.6466289006536965,225.78068774246077,2.310771916928811e-44,meaningfully_different,True,1.0,1.0,8.558809684907303e-07,9.728174418112103e-07,True,264,0.9537241458892822,c0.75_beta6_rho1.00,0.75,6,1.0,800
True,4,4,0.4976112754186806,0.9904679256952241,0.9252470103661691,0.1966567986583967,-0.38011902026169375,0.5587304043329167,168.72093521538935,2.390637361779975e-32,inconclusive,True,1.0,1.0,9.463320263986477e-07,8.508300719503724e-07,True,265,1.0053489208221436,c0.75_beta6_rho1.00,0.75,6,1.0,800
True,4,4,0.5617108709330759,1.2620764100975785,1.1829079858446705,0.2351128935169324,0.7779581251740147,0.6264252312704709,174.07321136006448,1.8050548048867164e-33,inconclusive,True,1.0,1.0,9.523897639702305e-07,9.099595011866264e-07,True,266,1.046370029449463,c0.75_beta6_rho1.00,0.75,6,1.0,800
True,4,4,0.47874377345181496,0.916782402475531,0.7812721115150634,0.2871641295370046,-0.761682487424847,0.5598247653316097,74.28688163791149,6.852154735222389e-13,inconclusive,True,1.0,1.0,8.624938621894502e-07,9.999770741644606e-07,True,267,1.251436710357666,c0.75_beta6_rho1.00,0.75,6,1.0,800
True,4,4,0.5688001203743471,1.294134307751487,1.2251149540485944,0.22558019075086727,0.9979375994819213,0.6316963964147578,155.0846543515329,1.7028177986345146e-29,inconclusive,True,1.0,1.0,9.41186995784976e-07,7.494520219698652e-07,True,268,0.9787137508392334,c0.75_beta6_rho1.00,0.75,6,1.0,800
True,4,4,0.4874222598914431,0.9503218377507261,0.8884989022380017,0.18158866033139615,-0.6140311711012725,0.5447902506463743,150.5924519727637,1.4751907512637838e-28,inconclusive,True,1.0,1.0,8.724159921329982e-07,9.35300334181189e-07,True,269,0.9165828227996826,c0.75_beta6_rho1.00,0.75,6,1.0,800
True,4,4,0.4853894451443564,0.9424116538301847,0.8647419602969094,0.20165306122544083,-0.6707462752171016,0.5469076086139786,132.98302193867693,6.807515702726073e-25,inconclusive,True,1.0,1.0,9.887523775954569e-07,9.151319224114917e-07,True,270,1.0126183032989502,c0.75_beta6_rho1.00,0.75,6,1.0,800
True,4,4,0.5100988237090645,1.040803239797485,0.9494352523332739,0.23826768179511484,-0.2122182382678592,0.5790834812268624,117.75793934031549,9.621157967669305e-22,inconclusive,True,1.0,1.0,9.694366722316252e-07,8.509638472888614e-07,True,271,1.1060397624969482,c0.75_beta6_rho1.00,0.75,6,1.0,800
True,4,4,0.534937701075402,1.1446333761273442,1.0817189041065545,0.19173706523983758,0.42620295666012714,0.5909945666601624,165.3778689503323,1.1986499555743536e-31,inconclusive,True,1.0,1.0,9.54456086898296e-07,9.191601110310145e-07,True,272,0.9592652320861816,c0.75_beta6_rho1.00,0.75,6,1.0,800
True,4,4,0.4928356165081131,0.9715477795957277,0.9049229786191539,0.19273230206916614,-0.49331129426724546,0.5527068401757682,142.1372738361758,8.523616861660237e-27,inconclusive,True,1.0,1.0,9.154972073224667e-07,9.263767389569132e-07,True,273,0.9614269733428955,c0.75_beta6_rho1.00,0.75,6,1.0,800
True,4,4,0.5107944056246473,1.0436436992697469,0.9785959919107031,0.18460638727708037,-0.11594402775008572,0.5661816134381743,172.8520914130905,3.25527917478426e-33,inconclusive,True,1.0,1.0,8.951118767788625e-07,8.702641656246079e-07,True,274,0.9831368923187256,c0.75_beta6_rho1.00,0.75,6,1.0,800
True,4,4,0.5097215439914385,1.0392642096360643,0.9738953245229126,0.1833550648325498,-0.14237226280565338,0.5646874285683751,174.16515856042187,1.7266500893903316e-33,inconclusive,True,1.0,1.0,8.450124156556646e-07,9.769255084243084e-07,True,275,0.9414689540863037,c0.75_beta6_rho1.00,0.75,6,1.0,800
True,4,4,0.4712370203454077,0.8882573173760728,0.8139778401909341,0.18938638449355136,-0.9822361850695766,0.5304457374747152,128.3792061440027,6.130599684208115e-24,inconclusive,True,1.0,1.0,9.863829615343703e-07,9.744838181430176e-07,True,276,1.0324358940124512,c0.75_beta6_rho1.00,0.75,6,1.0,800
True,4,4,0.4508151683832968,0.8129372641778411,0.7151165698894206,0.1943551916535873,-1.465787600973103,0.5086261917650506,101.80512940911242,1.8247434854604326e-18,inconclusive,True,1.0,1.0,7.907946406375759e-07,9.657192363960864e-07,True,277,1.1349718570709229,c0.75_beta6_rho1.00,0.75,6,1.0,800
True,4,4,0.4789354212583972,0.9175165509438336,0.8431571634216991,0.19783692359899108,-0.7927884932957012,0.5405020686242609,111.19828687542612,2.1591779616558477e-20,inconclusive,True,1.0,1.0,9.818867170992456e-07,9.872416582706725e-07,True,278,1.0496680736541748,c0.75_beta6_rho1.00,0.75,6,1.0,800
True,4,4,0.4797272103080503,0.9205527852397775,0.8674226983702709,0.1507251035404194,-0.879596686388584,0.5280491055766893,170.0430747371915,1.263174145632924e-32,inconclusive,True,1.0,1.0,7.866261813206296e-07,9.698984071346656e-07,True,279,1.0130610466003418,c0.75_beta6_rho1.00,0.75,6,1.0,800
True,4,4,0.4943064396841941,0.9773554252530552,0.8631846842173244,0.25856818077268584,-0.5291266519098634,0.5675586961221545,128.2703177530032,6.457430084636065e-24,inconclusive,True,1.0,1.0,8.926270152187442e-07,9.823645666307148e-07,True,280,1.2253310680389404,c0.75_beta6_rho1.00,0.75,6,1.0,800
True,4,4,0.482804312687909,0.932400017400177,0.8510443093861376,0.19587577875935183,-0.7604599790608397,0.541579009589183,171.4633008261175,6.364633200410137e-33,inconclusive,True,1.0,1.0,9.934017837634406e-07,9.63758510847677e-07,True,281,1.0957581996917725,c0.75_beta6_rho1.00,0.75,6,1.0,800
True,4,4,0.5029499391012833,1.011834564967938,0.9367961202853897,0.20346136163106107,-0.3106431570492418,0.5637952374108719,120.62592418198344,2.461893291585288e-22,inconclusive,True,1.0,1.0,9.290293609714534e-07,9.770215736472775e-07,True,282,1.0275850296020508,c0.75_beta6_rho1.00,0.75,6,1.0,800
True,4,4,0.4860215587517777,0.944867822286031,0.8596854983605995,0.20294262117128845,-0.6913998687391137,0.5462363052876548,142.5321587656187,7.054056228844596e-27,inconclusive,True,1.0,1.0,9.739201006855842e-07,9.995657640842262e-07,True,283,1.3005189895629883,c0.75_beta6_rho1.00,0.75,6,1.0,800
True,4,4,0.5049425562090478,1.0198679402837096,0.9508427724894272,0.2167631774899066,-0.22677849660541077,0.5717050094177122,143.2665776177453,4.9609287176701644e-27,inconclusive,True,1.0,1.0,9.76103861254501e-07,8.018768402613971e-07,True,284,1.3484792709350586,c0.75_beta6_rho1.00,0.75,6,1.0,800
True,4,4,0.5297164960921467,1.1223982649285649,1.0571159903062923,0.19863698153294532,0.2875395601841606,0.5881846542174171,142.9462322392896,5.784287706931915e-27,inconclusive,True,1.0,1.0,9.294818995657119e-07,9.846298718142353e-07,True,285,1.307107925415039,c0.75_beta6_rho1.00,0.75,6,1.0,800
True,4,4,0.539393195264817,1.1637800763919561,1.061741611572788,0.2957169255686889,0.2087861946151835,0.6221239163433167,135.56165314455697,1.9846775042227821e-25,inconclusive,True,1.0,1.0,9.78477202909471e-07,9.473329366843016e-07,True,286,1.5827970504760742,c0.75_beta6_rho1.00,0.75,6,1.0,800
True,4,4,0.5810084545588735,1.3502832970755625,1.2664333110570543,0.2540146366035275,1.0488896018732579,0.6488933285550729,169.9378762438779,1.3289544506760915e-32,inconclusive,True,1.0,1.0,9.720484554314166e-07,9.592820999404874e-07,True,287,1.1987147331237793,c0.75_beta6_rho1.00,0.75,6,1.0,800
True,4,4,0.5091626115793497,1.0369862601212152,0.9490847973477672,0.19812336022022695,-0.2569873769334281,0.5645725650857072,162.75246704316407,4.248140547400422e-31,inconclusive,True,1.0,1.0,9.664676228714733e-07,8.568490813096081e-07,True,288,1.102741003036499,c0.75_beta6_rho1.00,0.75,6,1.0,800
True,4,4,0.44747523638216874,0.8009363487011111,0.7122050348766469,0.15769533329834845,-1.8250062262709152,0.4928465216996455,132.95416852532756,6.902011621029443e-25,equivalent,True,1.0,1.0,9.896704826100716e-07,9.478528379429426e-07,True,289,1.097269058227539,c0.75_beta6_rho1.00,0.75,6,1.0,800
True,4,4,0.46327934746280836,0.8585110151422621,0.7854857305305407,0.19133245336874818,-1.1211598748281015,0.5244520021907748,125.35498675980051,2.592039843222089e-23,inconclusive,True,1.0,1.0,8.70758176853271e-07,9.950503574139925e-07,True,290,0.957988977432251,c0.75_beta6_rho1.00,0.75,6,1.0,800
True,4,4,0.5509895088932963,1.2143577556419036,1.1425580776020094,0.20422576462319827,0.6980415907122822,0.6079637257393352,172.95007621978897,3.104851480282605e-33,inconclusive,True,1.0,1.0,9.501137632665452e-07,8.695711508068771e-07,True,291,1.0028891563415527,c0.75_beta6_rho1.00,0.75,6,1.0,800
True,4,4,0.5344761847205184,1.1426591681336067,1.068802565124396,0.23415238257382764,0.2938367073958887,0.602899029867416,136.0021680919084,1.607670828234592e-25,inconclusive,True,1.0,1.0,9.841894211151608e-07,9.876409429785477e-07,True,292,1.0090107917785645,c0.75_beta6_rho1.00,0.75,6,1.0,800
True,4,4,0.5728380241879062,1.3125736078220167,1.255160264612583,0.2061076574656716,1.2379950737884708,0.6313036497077822,243.92775675611588,3.334484200845098e-48,inconclusive,True,1.0,1.0,9.638184326286837e-07,8.642081029197178e-07,True,293,0.922309160232544,c0.75_beta6_rho1.00,0.75,6,1.0,800
True,4,4,0.5445108571209946,1.1859682940905607,1.1290363760578197,0.17679218125419283,0.7298760337839287,0.5957838611045202,202.69925686065534,1.724441069337009e-39,inconclusive,True,1.0,1.0,9.790808977589804e-07,9.638581234951744e-07,True,294,0.9179861545562744,c0.75_beta6_rho1.00,0.75,6,1.0,800
True,4,4,0.5703511382862686,1.301201683777769,1.2411368209803766,0.20870102897984866,1.1554174991808968,0.6293686251805028,174.11680227177317,1.7674501781321064e-33,inconclusive,True,1.0,1.0,8.513344269643263e-07,9.75754387627623e-07,True,295,0.951545000076294,c0.75_beta6_rho1.00,0.75,6,1.0,800
True,4,4,0.4839427343508106,0.9368022805237568,0.8632396745059121,0.17324904156774157,-0.7893857550756704,0.5357725704285538,165.81406137493178,9.713245314623205e-32,inconclusive,True,1.0,1.0,8.583525214961279e-07,8.422825598199922e-07,True,296,1.1379420757293701,c0.75_beta6_rho1.00,0.75,6,1.0,800
True,4,4,0.4704367297313737,0.8852428667213981,0.8050082228958277,0.18477530258559605,-1.0552913423797181,0.5265302815424772,134.82187767949517,2.82688183842476e-25,inconclusive,True,1.0,1.0,9.82048490549584e-07,9.60970997116547e-07,True,297,1.1523778438568115,c0.75_beta6_rho1.00,0.75,6,1.0,800
True,4,4,0.5542161492931952,1.228622160549509,1.1503430071670415,0.21829445018582558,0.6887165800095255,0.614289309954718,185.81812861924774,6.169160964925623e-36,inconclusive,True,1.0,1.0,8.432305840389142e-07,9.557059839759916e-07,True,298,1.090122938156128,c0.75_beta6_rho1.00,0.75,6,1.0,800
True,4,4,0.49569649177766256,0.9828600478427291,0.923361017881229,0.16854484503757525,-0.4547097367569155,0.5478577866438649,172.21196395264553,4.434175284797121e-33,inconclusive,True,1.0,1.0,8.846687997323842e-07,9.223441883903017e-07,True,299,1.0331239700317383,c0.75_beta6_rho1.00,0.75,6,1.0,800
True,4,4,0.5207287359945567,1.084633665961955,1.021579043758482,0.19742841626913846,0.10930059697721006,0.5801551280308698,131.6836913729212,1.266304682803947e-24,inconclusive,True,1.0,1.0,9.023181557984593e-07,9.664471449865572e-07,True,300,0.948354959487915,c0.75_beta6_rho1.00,0.75,6,1.0,800
True,4,4,0.4639002639374592,0.8608138195249772,0.7544304333876222,0.1955310583470788,-1.2559107933455658,0.518664246861945,125.17670210973945,2.821833723043621e-23,inconclusive,True,1.0,1.0,9.315241533773978e-07,9.888617039880282e-07,True,301,1.1586291790008545,c0.75_beta6_rho1.00,0.75,6,1.0,800
True,4,4,0.5911873069896864,1.3980097277828707,1.2960575126360208,0.23398277786194696,1.2652961698347676,0.6482524457042999,183.1707117132808,2.2213348893364344e-35,inconclusive,True,1.0,1.0,9.420725671789219e-07,9.503925235390064e-07,True,302,1.1209568977355957,c0.75_beta6_rho1.00,0.75,6,1.0,800
True,4,4,0.4887534263334277,0.9555196470106615,0.8830407534554139,0.18791426831632885,-0.6224074818400733,0.5459240375847768,157.55136174199924,5.197843285951109e-30,inconclusive,True,1.0,1.0,9.867598012216323e-07,9.86754847754476e-07,True,303,1.0045199394226074,c0.75_beta6_rho1.00,0.75,6,1.0,800
True,4,4,0.4737327804734265,0.8976909891803349,0.8263034965204148,0.1855627999638476,-0.9360523958111525,0.5318663227419602,121.18207577211756,1.8897090589940067e-22,inconclusive,True,1.0,1.0,9.39358313171456e-07,9.653740809669835e-07,True,304,0.9938457012176514,c0.75_beta6_rho1.00,0.75,6,1.0,800
True,4,4,0.5449990792823078,1.1880959856742532,1.1299474100173634,0.1849803605444897,0.7024930086354206,0.5987931669144527,196.41304583576425,3.6395835586716523e-38,inconclusive,True,1.0,1.0,8.941588790514525e-07,9.86881698456564e-07,True,305,0.924536943435669,c0.75_beta6_rho1.00,0.75,6,1.0,800
True,4,4,0.4980580739925385,0.9922473802766278,0.8904139708827778,0.271936333418913,-0.4029841387484138,0.578296946906769,139.22614205764677,3.437123342530063e-26,inconclusive,True,1.0,1.0,9.387598048153027e-07,9.876772824260062e-07,True,306,1.1042811870574951,c0.75_beta6_rho1.00,0.75,6,1.0,800
True,4,4,0.4944360619476746,0.9778680774172988,0.9160618034296526,0.16482795274258938,-0.509247340476485,0.5447888717937635,161.57171779006524,7.502862679214296e-31,inconclusive,True,1.0,1.0,9.71472188493019e-07,8.603226010220061e-07,True,307,0.9519298076629639,c0.75_beta6_rho1.00,0.75,6,1.0,800
True,4,4,0.4780905911540996,0.9142824534003056,0.8388335587868068,0.19534268068939284,-0.825044688874,0.5385498295462495,103.11847447424805,9.826096944174012e-19,inconclusive,True,1.0,1.0,9.736181752801302e-07,9.954777658629897e-07,True,308,1.0262646675109863,c0.75_beta6_rho1.00,0.75,6,1.0,800
True,4,4,0.567980166089043,1.2904058762821475,1.2236664329031142,0.21939984841167867,1.0194466154936888,0.6293939682972158,184.96647139264746,9.316250336326515e-36,inconclusive,True,1.0,1.0,9.765739564947298e-07,9.747877335724757e-07,True,309,0.9779140949249268,c0.75_beta6_rho1.00,0.75,6,1.0,800
True,4,4,0.4257816084288746,0.725159912305118,0.65346335569833,0.17031852401337486,-2.034638606159228,0.4831181008973766,100.32042653122258,3.671520300811175e-18,equivalent,True,1.0,1.0,9.837321449108553e-07,8.842794372644545e-07,True,310,1.0207438468933105,c0.75_beta6_rho1.00,0.75,6,1.0,800
True,4,4,0.44857040506240864,0.8048616331914135,0.730626830576394,0.15945921800832014,-1.689291925472448,0.49822532645085016,121.99647315175426,1.2827194450386432e-22,equivalent,True,1.0,1.0,8.627898058568699e-07,9.931004790409142e-07,True,311,0.9989418983459473,c0.75_beta6_rho1.00,0.75,6,1.0,800
True,4,4,0.47371081286779015,0.8976077369114499,0.8222062368806411,0.1853145645165413,-0.9594160263830149,0.530806360750464,125.7565600343386,2.1406263194360865e-23,inconclusive,True,1.0,1.0,9.683003312229517e-07,9.210245116256983e-07,True,312,1.048328161239624,c0.75_beta6_rho1.00,0.75,6,1.0,800
True,4,4,0.502405028744487,1.0096432516309952,0.9362349267594583,0.20478196158158832,-0.311380322505294,0.5641523019099477,127.11362876776052,1.121029360008708e-23,inconclusive,True,1.0,1.0,9.321825383142064e-07,9.623131679357424e-07,True,313,0.9831078052520752,c0.75_beta6_rho1.00,0.75,6,1.0,800
True,4,4,0.5784491838619793,1.3384138332423596,1.2528016714377337,0.2807999980209384,0.9002908590436779,0.6547282960569293,149.23796548732554,2.827213372460613e-28,inconclusive,True,1.0,1.0,9.464067686825857e-07,9.704553702784682e-07,True,314,1.0552849769592285,c0.75_beta6_rho1.00,0.75,6,1.0,800
True,4,4,0.449789739646054,0.8092432395634601,0.7456393728375994,0.1658950150161192,-1.5332626308131418,0.5046068742050667,115.45413244392232,2.8720979159629035e-21,inconclusive,True,1.0,1.0,9.827617658865765e-07,9.816555166054944e-07,True,315,0.9685618877410889,c0.75_beta6_rho1.00,0.75,6,1.0,800
True,4,4,0.5494963560060918,1.2077849810558943,1.136963908314033,0.2345543275622679,0.5839325572778988,0.6170031289876076,154.78249823168218,1.9691229435364242e-29,inconclusive,True,1.0,1.0,8.176240905121286e-07,9.50662505234356e-07,True,316,0.9778661727905273,c0.75_beta6_rho1.00,0.75,6,1.0,800
True,4,4,0.5037128598529316,1.0149065807248765,0.9048979706384481,0.308156075840267,-0.3086164343903708,0.5940895575692785,98.64543321415596,8.073806229852309e-18,inconclusive,True,1.0,1.0,9.49269866105645e-07,9.408988603572846e-07,True,317,1.1005361080169678,c0.75_beta6_rho1.00,0.75,6,1.0,800
True,4,4,0.5310048658763448,1.1278646703374196,1.0620518251471849,0.20818592026182917,0.29805966258017913,0.592555312011057,202.1273404818572,2.276113211543691e-39,inconclusive,True,1.0,1.0,9.516004095987678e-07,9.896511101203697e-07,True,318,0.9584729671478271,c0.75_beta6_rho1.00,0.75,6,1.0,800
True,4,4,0.5756488316578061,1.3254863095559888,1.262006192830341,0.20230018978722597,1.2951356748894414,0.631419114719936,189.17891057895037,1.2121149037150544e-36,inconclusive,True,1.0,1.0,8.998157112669082e-07,9.258983461563115e-07,True,319,1.0222971439361572,c0.75_beta6_rho1.00,0.75,6,1.0,800
True,4,4,0.5436112401420297,1.1820527216350216,1.0766988407479128,0.23387642397282082,0.32794601287740777,0.6044400973169399,194.43299580854858,9.504941578325336e-38,inconclusive,True,1.0,1.0,9.959226548776105e-07,9.303799082962691e-07,True,320,1.1669678688049316,c0.75_beta6_rho1.00,0.75,6,1.0,800
True,4,4,0.5916898004406481,1.4003872797819759,1.3166460214947895,0.23395123785354205,1.353470169253885,0.6522004223411647,181.588638546532,4.7750732241052816e-35,inconclusive,True,1.0,1.0,9.672745123113375e-07,8.961770907321647e-07,True,321,1.154705286026001,c0.75_beta6_rho1.00,0.75,6,1.0,800
True,4,4,0.5197866110473298,1.0807124840962725,1.0176324691929959,0.19803587458158706,0.08903674261166067,0.5795197355925478,154.77446368572194,1.976745523998008e-29,inconclusive,True,1.0,1.0,9.854599037783422e-07,8.850394618972743e-07,True,322,1.0518171787261963,c0.75_beta6_rho1.00,0.75,6,1.0,800
True,4,4,0.5313917768007359,1.1295088818057726,1.0499598555387526,0.22509108288553215,0.2219539525879805,0.59586108691906,130.3406824911587,2.4044721038137377e-24,inconclusive,True,1.0,1.0,9.223015202855101e-07,9.336142582032161e-07,True,323,1.1249396800994873,c0.75_beta6_rho1.00,0.75,6,1.0,800
True,4,4,0.5249512365331,1.1022952029505229,1.0214596895911283,0.24708239859226058,0.08685236064322593,0.5974684236575766,140.36491741960282,1.9923820707600236e-26,inconclusive,True,1.0,1.0,8.906149959741703e-07,9.435329993329882e-07,True,324,1.0526440143585205,c0.75_beta6_rho1.00,0.75,6,1.0,800
True,4,4,0.5042290684225319,1.0169878137690176,0.954040512202258,0.17772503207902196,-0.2585988437312925,0.558205198788381,147.0486566784994,8.086665925940859e-28,inconclusive,True,1.0,1.0,9.217174421869054e-07,8.788756241866232e-07,True,325,0.9340391159057617,c0.75_beta6_rho1.00,0.75,6,1.0,800
True,4,4,0.46166653151088244,0.8525439452691544,0.7952577885076739,0.14565868258916423,-1.4056299827303063,0.5086366583479395,162.92123015468005,3.9163901749904166e-31,inconclusive,True,1.0,1.0,9.95290132316087e-07,9.815977159349576e-07,True,326,0.9247729778289795,c0.75_beta6_rho1.00,0.75,6,1.0,800
True,4,4,0.4699808683927914,0.8835280666209693,0.8077176607309104,0.19066659445638356,-1.0084741892900153,0.5294658393515531,120.66846292988579,2.4125909759486114e-22,inconclusive,True,1.0,1.0,9.707873480999928e-07,8.959665846717718e-07,True,327,1.0309960842132568,c0.75_beta6_rho1.00,0.75,6,1.0,800
True,4,4,0.47121396632895907,0.8881704082538775,0.7945357305511132,0.20050022445435198,-1.024758301433548,0.5301719654860672,110.87870220256015,2.511910568831796e-20,inconclusive,True,1.0,1.0,8.721387455612686e-07,8.903259589504586e-07,True,328,1.057790994644165,c0.75_beta6_rho1.00,0.75,6,1.0,800
True,4,4,0.4418126369873663,0.7807936248069212,0.7028798129641898,0.1811250544009616,-1.640414618609676,0.5002009635205119,101.17356935985919,2.4569612958348225e-18,inconclusive,True,1.0,1.0,8.632562934790323e-07,9.605891484512813e-07,True,329,1.0145149230957031,c0.75_beta6_rho1.00,0.75,6,1.0,800
True,4,4,0.5137709147421847,1.0558422113400852,0.980408883676337,0.19488758869129438,-0.10052521279174759,0.5703004560718498,133.87845734057868,4.437699566968375e-25,inconclusive,True,1.0,1.0,9.990166301487596e-07,8.456140448135301e-07,True,330,0.9866251945495605,c0.75_beta6_rho1.00,0.75,6,1.0,800
True,4,4,0.5688924582568298,1.294554516245995,1.2146406350318413,0.22619826259890619,0.948904879134466,0.6298221311762896,205.7082078543517,4.001948704131208e-40,inconclusive,True,1.0,1.0,9.380150609241451e-07,9.988626638517425e-07,True,331,1.0401768684387207,c0.75_beta6_rho1.00,0.75,6,1.0,800
True,4,4,0.5831725720516315,1.3603609951732616,1.2829600063625877,0.22556894140157174,1.254428045831207,0.6430373040801302,186.281166464567,4.930444696898833e-36,inconclusive,True,1.0,1.0,8.540975415520129e-07,8.874086314091672e-07,True,332,1.0378632545471191,c0.75_beta6_rho1.00,0.75,6,1.0,800
True,4,4,0.5092619105704049,1.0373907742312765,0.9688841214927926,0.20338879051692701,-0.15298718492855098,0.5708390559640767,127.67232301306596,8.588571924287939e-24,inconclusive,True,1.0,1.0,9.514098212467174e-07,9.571235550382032e-07,True,333,1.0257558822631836,c0.75_beta6_rho1.00,0.75,6,1.0,800
True,4,4,0.5143529085685933,1.0582356582118868,0.9976470223201953,0.18598193563580137,-0.012651646364259823,0.570867778845986,158.91349675816988,2.698433377056751e-30,inconclusive,True,1.0,1.0,8.370911677337557e-07,9.47074241599779e-07,True,334,0.9778299331665039,c0.75_beta6_rho1.00,0.75,6,1.0,800
True,4,4,0.5784256517468084,1.3383049383948804,1.2683570505957737,0.23705958670961694,1.1320236161741657,0.6438721479452858,175.81861177926743,7.76837134525733e-34,inconclusive,True,1.0,1.0,9.4608633305735e-07,9.571392025100805e-07,True,335,1.0141198635101318,c0.75_beta6_rho1.00,0.75,6,1.0,800
True,4,4,0.5283918913103349,1.1167919632100514,1.0568834104654263,0.19733937647127767,0.28825169858437044,0.5876814187113945,148.37587535024358,4.276748978311795e-28,inconclusive,True,1.0,1.0,9.885844654780781e-07,9.900237950476793e-07,True,336,0.9253859519958496,c0.75_beta6_rho1.00,0.75,6,1.0,800
True,4,4,0.5527252852334447,1.2220209637455712,1.143703200069844,0.22586058879161208,0.6362473454916484,0.6154694973613888,164.25593298682264,2.0585317782830445e-31,inconclusive,True,1.0,1.0,8.648107264962645e-07,9.903898254847982e-07,True,337,1.0349640846252441,c0.75_beta6_rho1.00,0.75,6,1.0,800
True,4,4,0.5114238246291652,1.0462173135932926,0.9555774981349047,0.22832785797032923,-0.19455576844621364,0.5768759406171012,137.56380635013238,7.616337962444261e-26,inconclusive,True,1.0,1.0,9.384269938968597e-07,8.879752794427003e-07,True,338,1.0699362754821777,c0.75_beta6_rho1.00,0.75,6,1.0,800
True,4,4,0.5943777475940468,1.41313962733989,1.3419580700049487,0.22437838622699857,1.5240241083604078,0.654031282202913,219.47652699081738,4.967369412645765e-43,inconclusive,True,1.0,1.0,8.775017439779751e-07,8.5215690262218e-07,True,339,0.9855070114135742,c0.75_beta6_rho1.00,0.75,6,1.0,800
True,4,4,0.5473307460590028,1.1982837823260184,1.1192501103031232,0.21185934625997951,0.5628739652428997,0.6057490661161637,189.1419276420395,1.234020932720345e-36,inconclusive,True,1.0,1.0,9.78712839389424e-07,9.618967125388226e-07,True,340,1.0208351612091064,c0.75_beta6_rho1.00,0.75,6,1.0,800
True,4,4,0.5567256786369497,1.2397739250150885,1.15423089289476,0.2229678159168318,0.6917181847997693,0.6166401530874812,163.60998515543267,2.810301746861742e-31,inconclusive,True,1.0,1.0,9.740827479633006e-07,9.248515177133622e-07,True,341,1.0670320987701416,c0.75_beta6_rho1.00,0.75,6,1.0,800
True,4,4,0.48891926030377564,0.9561681723839645,0.8976461112467283,0.17972772918900634,-0.5694941410272517,0.5461849317005681,145.098073519068,2.0614668407778405e-27,inconclusive,True,1.0,1.0,9.271249785835624e-07,9.834631455796687e-07,True,342,0.9055490493774414,c0.75_beta6_rho1.00,0.75,6,1.0,800
True,4,4,0.5170907755725551,1.069531480728906,1.00747474698117,0.16552392347315883,0.0451581066007181,0.5656273890232936,203.74995682776307,1.0355258382042387e-39,inconclusive,True,1.0,1.0,9.910462779161394e-07,9.495408523378591e-07,True,343,0.993933916091919,c0.75_beta6_rho1.00,0.75,6,1.0,800
True,4,4,0.5752552762438311,1.3236745313854659,1.2270535936350955,0.2841792475932068,0.7989802054797301,0.6508622856916665,120.05699442698295,3.2266746295369065e-22,inconclusive,True,1.0,1.0,8.769952185191154e-07,8.690800599111251e-07,True,344,1.0997090339660645,c0.75_beta6_rho1.00,0.75,6,1.0,800
True,4,4,0.47530988057137796,0.9036779302751103,0.8274216607656674,0.17172151155632837,-1.0049896350797216,0.526753835267168,150.880890627555,1.2843226028134573e-28,inconclusive,True,1.0,1.0,9.025890484953325e-07,8.890786649246702e-07,True,345,1.0042040348052979,c0.75_beta6_rho1.00,0.75,6,1.0,800
True,4,4,0.5306676173414411,1.1264324803793686,1.061185738870723,0.19392099661978957,0.3155188965467554,0.5874005008303168,169.85231474066433,1.3849726658758966e-32,inconclusive,True,1.0,1.0,8.43158334871351e-07,9.249389060637941e-07,True,346,0.9329450130462646,c0.75_beta6_rho1.00,0.75,6,1.0,800
True,4,4,0.4541029535615639,0.8248379697333433,0.7621267708930184,0.1689118621537438,-1.408268348202029,0.5098926504647157,156.11056775585382,1.0396150616310926e-29,inconclusive,True,1.0,1.0,9.224757598508134e-07,8.975716436247991e-07,True,347,0.9629917144775391,c0.75_beta6_rho1.00,0.75,6,1.0,800
True,4,4,0.5157047490441037,1.063805552746568,0.9982188997279793,0.1879248346278936,-0.009477726962205085,0.5716921692571811,137.64682545946593,7.3197003053104e-26,inconclusive,True,1.0,1.0,9.81684147436067e-07,9.570829919042364e-07,True,348,0.9655501842498779,c0.75_beta6_rho1.00,0.75,6,1.0,800
True,4,4,0.5102268226803311,1.0413256423298645,0.9717031240805262,0.19274649135063804,-0.1468087731257172,0.5676140611059581,152.03411591110984,7.379759654474211e-29,inconclusive,True,1.0,1.0,8.656216428069663e-07,8.700005282450611e-07,True,349,0.9968860149383545,c0.75_beta6_rho1.00,0.75,6,1.0,800
True,4,4,0.5151417295549701,1.0614840061155435,0.9911936575245683,0.19855278743468158,-0.04435265094592896,0.5739738517732818,187.69832829131002,2.4826812871632893e-36,inconclusive,True,1.0,1.0,9.7181913881426e-07,8.448799903619017e-07,True,350,1.085986852645874,c0.75_beta6_rho1.00,0.75,6,1.0,800
True,4,4,0.5109616035828368,1.0443270413437764,0.946859757787462,0.27711392228759113,-0.19176316286768375,0.5921721873621207,107.57929260950033,1.1962907489974092e-19,inconclusive,True,1.0,1.0,9.920562331677076e-07,8.85408114208408e-07,True,351,1.1866459846496582,c0.75_beta6_rho1.00,0.75,6,1.0,800
True,4,4,0.49946287251868865,0.9978526440984794,0.9254048796723017,0.1867415542587057,-0.39945646068874774,0.5551052608508789,160.24823335663046,1.4191768093487223e-30,inconclusive,True,1.0,1.0,9.777500504686373e-07,9.828294123730034e-07,True,352,1.0850841999053955,c0.75_beta6_rho1.00,0.75,6,1.0,800
True,4,4,0.5264353267319297,1.1085366129254142,1.048660003726007,0.1938005541085304,0.25108289266684375,0.5846865716041006,158.95319564407788,2.6473568755075484e-30,inconclusive,True,1.0,1.0,9.714284262861742e-07,9.538375964792289e-07,True,353,1.027420997619629,c0.75_beta6_rho1.00,0.75,6,1.0,800
True,4,4,0.5611732917457192,1.259661853474904,1.1836549189651273,0.24256107500012658,0.7571491797067252,0.6290135894669394,168.78619244231095,2.3165467183338187e-32,inconclusive,True,1.0,1.0,9.89375736611265e-07,9.678628369234285e-07,True,354,1.0975139141082764,c0.75_beta6_rho1.00,0.75,6,1.0,800
True,4,4,0.4792713545502473,0.9188041251697152,0.8401879256803904,0.20630517450780253,-0.7746391950705313,0.5430307864726469,109.24743970479844,5.435940096743624e-20,inconclusive,True,1.0,1.0,9.922062792700492e-07,9.345634450193594e-07,True,355,1.1011199951171875,c0.75_beta6_rho1.00,0.75,6,1.0,800
True,4,4,0.5195382284551344,1.079679883305198,1.0171271761802727,0.20209625626935354,0.08474761728117139,0.5808497947615703,134.2222275091496,3.76530204926182e-25,inconclusive,True,1.0,1.0,9.489647676338479e-07,9.35249215996148e-07,True,356,0.9417679309844971,c0.75_beta6_rho1.00,0.75,6,1.0,800
True,4,4,0.4763456209242486,0.9076206022948317,0.8471973483717951,0.16802365793920332,-0.9094115287234976,0.5299933187189125,133.4077488009479,5.557144403243251e-25,inconclusive,True,1.0,1.0,9.69243433616035e-07,9.94661610218224e-07,True,357,0.9477782249450684,c0.75_beta6_rho1.00,0.75,6,1.0,800
True,4,4,0.5742620050998398,1.3191074020051539,1.2392259690667162,0.2303426508842738,1.0385656679227222,0.6360239605972661,155.9124537860368,1.143561290687557e-29,inconclusive,True,1.0,1.0,9.877863462405151e-07,9.60920159661832e-07,True,358,1.0606839656829834,c0.75_beta6_rho1.00,0.75,6,1.0,800
True,4,4,0.47422748567180445,0.899566832666406,0.8229483337688562,0.17953625929388814,-0.9861610514081321,0.5287388771968891,130.34826241294934,2.395787919793699e-24,inconclusive,True,1.0,1.0,8.380383445499915e-07,9.256223351177024e-07,True,359,1.0029339790344238,c0.75_beta6_rho1.00,0.75,6,1.0,800
True,4,4,0.5319910965294281,1.1320581071463334,1.060015577575673,0.19647144449103307,0.30546717733534096,0.5880438643585918,175.96478816714122,7.238665436469637e-34,inconclusive,True,1.0,1.0,9.699351748253605e-07,9.483898693511905e-07,True,360,1.0033230781555176,c0.75_beta6_rho1.00,0.75,6,1.0,800
True,4,4,0.5043408936465654,1.0174389480168649,0.9410482189860311,0.19188664862845844,-0.3072219012387601,0.5605072856230581,138.92533158597183,3.9695230011329564e-26,inconclusive,True,1.0,1.0,8.814711475656843e-07,9.860070762250808e-07,True,361,0.9930140972137451,c0.75_beta6_rho1.00,0.75,6,1.0,800
True,4,4,0.5300668428492631,1.1238834315527415,1.0356837460633843,0.2627045619047919,0.13583222843429968,0.6057628037295577,137.97118942553197,6.267293917605416e-26,inconclusive,True,1.0,1.0,9.567233159333452e-07,9.770592256399594e-07,True,362,1.037031888961792,c0.75_beta6_rho1.00,0.75,6,1.0,800
True,4,4,0.49646295725273437,0.9859018716965214,0.9075623688073735,0.20957183140678023,-0.44107851027557454,0.5595259948839907,111.17010961430196,2.188179302304441e-20,inconclusive,True,1.0,0.9970149253731343,8.951447010422808e-07,8.241305755494242e-07,True,363,1.0128810405731201,c0.75_beta6_rho1.00,0.75,6,1.0,800
True,4,4,0.5194454449807099,1.079294281244831,1.0048754586634405,0.20064177849119222,0.024299319414448607,0.5776897557800104,138.35269651694855,5.221336817929242e-26,inconclusive,True,1.0,1.0,9.516436911102158e-07,9.161158625044138e-07,True,364,1.0202107429504395,c0.75_beta6_rho1.00,0.75,6,1.0,800
True,4,4,0.5055434900344591,1.022296881264885,0.9500683146902286,0.19902755245713402,-0.25087825626818966,0.5651193471764658,134.25708204626363,3.703091373794172e-25,inconclusive,True,1.0,1.0,9.698174207768481e-07,9.882429087978687e-07,True,365,1.0024230480194092,c0.75_beta6_rho1.00,0.75,6,1.0,800
True,4,4,0.551410903120044,1.2162159363186502,1.1390094473514962,0.21530098942592424,0.6456516884671512,0.6109721885435884,184.39441039781698,1.2287711362257761e-35,inconclusive,True,1.0,1.0,9.154815231687163e-07,9.151452917820801e-07,True,366,1.0509939193725586,c0.75_beta6_rho1.00,0.75,6,1.0,800
True,4,4,0.4416442343674505,0.7801985190000462,0.7196300114572958,0.15664477469596597,-1.7898457774086514,0.49428932247696583,126.77219704331173,1.3191970854392703e-23,equivalent,True,1.0,1.0,9.976092618479346e-07,9.011029362142712e-07,True,367,0.9296760559082031,c0.75_beta6_rho1.00,0.75,6,1.0,800
True,4,4,0.6051624836896093,1.4648865266615065,1.3899376077525307,0.23235134899412604,1.67822398897451,0.6656052822192343,189.91339115201873,8.49274632732733e-37,meaningfully_different,True,1.0,1.0,9.773440371031463e-07,9.574736747170635e-07,True,368,0.996985912322998,c0.75_beta6_rho1.00,0.75,6,1.0,800
True,4,4,0.5960522754356775,1.421113260208195,1.359359960703296,0.2095483627104613,1.714926120419435,0.652693715522323,245.38308725752074,1.639434281635134e-48,meaningfully_different,True,1.0,1.0,8.793910422130481e-07,9.8801076871236e-07,True,369,0.9518048763275146,c0.75_beta6_rho1.00,0.75,6,1.0,800
True,4,4,0.537011437752664,1.1535251371087334,1.0682748314604054,0.21629567500863056,0.3156550932314346,0.5966677377301935,148.21048861424737,4.630136762740598e-28,inconclusive,True,1.0,1.0,8.798149858705065e-07,9.868019681868025e-07,True,370,1.026155948638916,c0.75_beta6_rho1.00,0.75,6,1.0,800
True,4,4,0.5114461241606715,1.0463085516758919,0.9834220180042501,0.1685055948121096,-0.09838238317389399,0.5613797860612199,186.06931613365236,5.462888504723807e-36,inconclusive,True,1.0,1.0,9.976215597139e-07,9.920341263285085e-07,True,371,0.9863827228546143,c0.75_beta6_rho1.00,0.75,6,1.0,800
True,4,4,0.49539824692422046,0.9816776922223637,0.9187856806283483,0.18473959508272983,-0.43961512059871305,0.5528687171566417,146.53902833416942,1.0326973472236302e-27,inconclusive,True,1.0,1.0,9.318975072199042e-07,9.050863787530726e-07,True,372,0.9593930244445801,c0.75_beta6_rho1.00,0.75,6,1.0,800
True,4,4,0.507967091657275,1.0321222648270019,0.962365620036655,0.16287220530500826,-0.2310669269373963,0.5545869088028906,216.54491147929502,2.0670955712387488e-42,inconclusive,True,0.9970149253731343,1.0,8.792343668021075e-07,9.904280305634485e-07,True,373,0.9805912971496582,c0.75_beta6_rho1.00,0.75,6,1.0,800
True,4,4,0.49971614679404186,0.9988649094667377,0.9330443142445783,0.18244309685788404,-0.3669948981822945,0.5552333977309739,156.670773167811,7.940212681451312e-30,inconclusive,True,1.0,1.0,9.75347082070445e-07,9.85839109317599e-07,True,374,1.0177788734436035,c0.75_beta6_rho1.00,0.75,6,1.0,800
True,4,4,0.5076498219593295,1.0308333669413559,0.9630339410089218,0.18293679704520432,-0.20207011158036042,0.562125029493353,164.5449366416509,1.7908673213753226e-31,inconclusive,True,1.0,1.0,9.756456636261392e-07,8.474626463578281e-07,True,375,1.0440528392791748,c0.75_beta6_rho1.00,0.75,6,1.0,800
True,4,4,0.6283056088613143,1.5790717525063473,1.502866013764054,0.24036516768286656,2.092091872594145,0.6888816174822812,215.65996900074384,3.178614521225636e-42,meaningfully_different,True,1.0,1.0,9.870798523754582e-07,9.775495259944806e-07,True,376,1.0441672801971436,c0.75_beta6_rho1.00,0.75,6,1.0,800
True,4,4,0.5695270865477132,1.297444409246106,1.2256749832632803,0.21942035494064532,1.0285052329093483,0.6297994422660241,158.83257301912536,2.8056202278126155e-30,inconclusive,True,1.0,1.0,8.921393908050937e-07,8.966705859163687e-07,True,377,1.0175249576568604,c0.75_beta6_rho1.00,0.75,6,1.0,800
True,4,4,0.595833917011133,1.4200722266433186,1.3411114964026936,0.25394022086864143,1.3432747881996379,0.6630999151197609,185.76483349615188,6.330373256514016e-36,inconclusive,True,1.0,1.0,9.431064921520677e-07,9.980220145822088e-07,True,378,1.1405470371246338,c0.75_beta6_rho1.00,0.75,6,1.0,800
True,4,4,0.45660167273663826,0.8339403501835844,0.7450821551921581,0.18313892532976092,-1.3919369918155597,0.5114486486336655,118.17374314429854,7.896778727058906e-22,inconclusive,True,1.0,1.0,9.966261101506344e-07,8.366806398964918e-07,True,379,1.1143651008605957,c0.75_beta6_rho1.00,0.75,6,1.0,800
True,4,4,0.5356793116813279,1.147809299853525,1.0703546778994844,0.2293277326924913,0.30678661090599063,0.601574025116462,145.8215460165868,1.457022235914808e-27,inconclusive,True,1.0,1.0,7.773589243397634e-07,9.567503220912372e-07,True,380,1.0706379413604736,c0.75_beta6_rho1.00,0.75,6,1.0,800
True,4,4,0.4178125795309041,0.6982694064570723,0.6262108578198489,0.17491652974017954,-2.13695722602876,0.4779965863311024,84.7646646918499,5.3465880062940896e-15,equivalent,True,1.0,1.0,8.998193976614674e-07,9.421165204158116e-07,True,381,1.0308361053466797,c0.75_beta6_rho1.00,0.75,6,1.0,800
True,4,4,0.4273588235909039,0.7305422564040052,0.6557189540359669,0.19008007781965233,-1.8112421349631727,0.4920296890048506,101.42878033636765,2.1786945262927993e-18,equivalent,True,1.0,1.0,9.062826429984927e-07,9.929499850868266e-07,True,382,1.040402889251709,c0.75_beta6_rho1.00,0.75,6,1.0,800
True,4,4,0.48821428703513386,0.9534127602608964,0.8629837139918708,0.2101715492049521,-0.6519259458591877,0.5497010889982951,126.76347112630141,1.324696063096799e-23,inconclusive,True,1.0,1.0,9.753286796240064e-07,9.863383706586793e-07,True,383,1.0948960781097412,c0.75_beta6_rho1.00,0.75,6,1.0,800
True,4,4,0.5107899403062623,1.0436254524723,0.96963882224373,0.20571957146662337,-0.14758526638869607,0.5718429429278437,144.87774502252975,2.2912255577566727e-27,inconclusive,True,1.0,1.0,9.779643626981634e-07,9.939144203225808e-07,True,384,1.0203640460968018,c0.75_beta6_rho1.00,0.75,6,1.0,800
True,4,4,0.45562807769370767,0.8303877807314533,0.7696395420338104,0.16413839190138646,-1.4034526310248554,0.5098095652483356,128.89438454071384,4.7947834375137956e-24,inconclusive,True,1.0,1.0,8.649382954689702e-07,9.849268806486544e-07,True,385,0.944066047668457,c0.75_beta6_rho1.00,0.75,6,1.0,800
True,4,4,0.4843750871164045,0.9384769000760977,0.8705192324969628,0.17967205687986926,-0.7206505549697662,0.5399197780498616,129.27626546323765,3.996118967917836e-24,inconclusive,True,1.0,1.0,8.970364443496517e-07,9.194075653738533e-07,True,386,0.9856340885162354,c0.75_beta6_rho1.00,0.75,6,1.0,800
True,4,4,0.47474627670595826,0.9015361089846811,0.8395183831350448,0.18023890361154438,-0.8903827844560651,0.5329129847963573,127.86642471664092,7.829249767278654e-24,inconclusive,True,1.0,1.0,8.429650735645833e-07,9.951962586805476e-07,True,387,0.9603102207183838,c0.75_beta6_rho1.00,0.75,6,1.0,800
True,4,4,0.6014179214401194,1.4468140649174146,1.3761062071169843,0.22885382156043538,1.64343424353813,0.6619171484318055,182.9488344347006,2.4730469088028545e-35,inconclusive,True,1.0,1.0,8.931178179422557e-07,9.314771319946768e-07,True,388,0.9834480285644531,c0.75_beta6_rho1.00,0.75,6,1.0,800
True,4,4,0.5193526340629697,1.0789086340325795,1.0055199057924133,0.2206178063801384,0.025020218825411594,0.584893987143581,138.35332861666157,5.219757370170479e-26,inconclusive,True,1.0,1.0,9.048388353595964e-07,8.914599379042533e-07,True,389,1.0116121768951416,c0.75_beta6_rho1.00,0.75,6,1.0,800
True,4,4,0.6166205195393344,1.5208834604678345,1.4370201327482413,0.32557063319229923,1.342320492678202,0.7022350335862421,165.11800715198362,1.3586164659903712e-31,inconclusive,True,1.0,1.0,9.170304413946861e-07,9.988582165587325e-07,True,390,1.074469804763794,c0.75_beta6_rho1.00,0.75,6,1.0,800
True,4,4,0.4458425755403292,0.7951024086577365,0.720527291912558,0.16816779910363222,-1.661868143467935,0.49928416413016097,118.72065956859086,6.0897756780652665e-22,equivalent,True,1.0,1.0,9.278172480160761e-07,8.956511392349749e-07,True,391,1.1214289665222168,c0.75_beta6_rho1.00,0.75,6,1.0,800
True,4,4,0.5362100485564879,1.1500848646918043,1.0632260230514357,0.2309524054871086,0.27376213258348087,0.6006473434699585,148.61877201296534,3.8060235413797514e-28,inconclusive,True,1.0,1.0,9.75893850931946e-07,9.754473068243317e-07,True,392,1.2279012203216553,c0.75_beta6_rho1.00,0.75,6,1.0,800
True,4,4,0.6259489782095605,1.5672484932863715,1.5180631976855803,0.21891975215477882,2.366452513244687,0.6852288205462256,217.59826475294108,1.2384867395675414e-42,meaningfully_different,True,1.0,1.0,8.857252486403623e-07,9.990747999580547e-07,True,393,0.9761872291564941,c0.75_beta6_rho1.00,0.75,6,1.0,800
True,4,4,0.5066317642590844,1.02670297822509,0.958756807982436,0.19643299998890526,-0.20996060753485132,0.5660963567421948,131.8361701693787,1.1773684759094893e-24,inconclusive,True,1.0,1.0,9.907639541881514e-07,8.746597221910815e-07,True,394,1.0839850902557373,c0.75_beta6_rho1.00,0.75,6,1.0,800
True,4,4,0.4279776364717213,0.7326594292796833,0.644531356722552,0.17950614761024586,-1.9802588825495941,0.4847145280160662,83.12654083497262,1.1454722059755773e-14,equivalent,True,1.0,1.0,8.549853236508568e-07,9.778940922235764e-07,True,395,1.0930349826812744,c0.75_beta6_rho1.00,0.75,6,1.0,800
True,4,4,0.5494682896291899,1.2076616052321092,1.1353159085323508,0.22699859940081876,0.5961090019477129,0.614144807449695,178.09551031825615,2.5851191718935766e-34,inconclusive,True,1.0,1.0,9.603049923124949e-07,9.70746456517316e-07,True,396,0.9678432941436768,c0.75_beta6_rho1.00,0.75,6,1.0,800
True,4,4,0.5422887987877203,1.1763085651625143,1.1093642039042593,0.20003197355337596,0.5467336144392778,0.5996639728026418,158.16368311823626,3.8712239788641285e-30,inconclusive,True,1.0,1.0,8.065663250512266e-07,9.622264569710747e-07,True,397,0.9734101295471191,c0.75_beta6_rho1.00,0.75,6,1.0,800
True,4,4,0.3959980836703105,0.6272579290822329,0.5338095688538508,0.15813576787374034,-2.948039127481694,0.4455108753419294,92.34054336205602,1.5557975744326503e-16,equivalent,True,1.0,1.0,9.777361555404334e-07,9.889738329348558e-07,True,398,1.1174631118774414,c0.75_beta6_rho1.00,0.75,6,1.0,800
True,4,4,0.5957624557539304,1.4197316147438157,1.3677173645068923,0.19203291735670008,1.9148663133824049,0.6487648659404909,247.3692915705343,6.220320515605005e-49,meaningfully_different,True,1.0,1.0,8.774822816426232e-07,9.414125942781271e-07,True,399,0.898237943649292,c0.75_beta6_rho1.00,0.75,6,1.0,800
True,4,4,0.40589809743925037,0.6590130620192128,0.5980746567296635,0.14282730180047512,-2.814065225651413,0.45634544539303434,100.40772845160058,3.523699559488596e-18,equivalent,True,1.0,1.0,9.670080383491505e-07,8.059056023248384e-07,True,400,0.9911448955535889,c0.75_beta6_rho1.00,0.75,6,1.0,800
True,4,4,0.5283084431560535,1.116439244439892,0.9640201274004899,0.2453233798842644,-0.1466630396845348,0.5847095814545705,137.6637692178627,7.260591732766861e-26,inconclusive,True,1.0,1.0,9.787330470366456e-07,9.65266616578816e-07,True,401,1.1598739624023438,c0.75_beta6_rho1.00,0.75,6,1.0,800
True,4,4,0.52734637861283,1.112376812144265,1.0397086121976489,0.19863287849608055,0.19990956430927626,0.5844721171330027,151.58409041445418,9.161218622660477e-29,inconclusive,True,1.0,1.0,8.822813169084492e-07,9.892748368811777e-07,True,402,1.0224850177764893,c0.75_beta6_rho1.00,0.75,6,1.0,800
True,4,4,0.5605360136223348,1.2568024902704735,1.1822513003869055,0.22906445500317674,0.7956332656866295,0.6243053739966811,163.11003916843137,3.575830278745562e-31,inconclusive,True,1.0,1.0,9.931740262290226e-07,9.517440338368431e-07,True,403,1.0078258514404297,c0.75_beta6_rho1.00,0.75,6,1.0,800
True,4,4,0.458763628956046,0.8418562690116826,0.7728734371418212,0.17294520190326912,-1.313286291603592,0.5141359206854419,159.19748179777935,2.3536493253093045e-30,inconclusive,True,1.0,1.0,8.906695790502597e-07,8.93910142714416e-07,True,404,1.0100138187408447,c0.75_beta6_rho1.00,0.75,6,1.0,800
True,4,4,0.5800255905425912,1.3457187427371264,1.271738293587657,0.2608340124974463,1.041805441651585,0.6520682604368171,160.23312351729854,1.4295398376468241e-30,inconclusive,True,1.0,1.0,8.865777739942672e-07,8.749045974691677e-07,True,405,1.0305991172790527,c0.75_beta6_rho1.00,0.75,6,1.0,800
True,4,4,0.5797963642198235,1.3446552958501048,1.2716106436820884,0.2157336829380532,1.2590089780281553,0.6376638955041959,234.32164988964786,3.6063124966920824e-46,inconclusive,True,1.0,1.0,9.726125839442878e-07,9.417184433325582e-07,True,406,1.0560157299041748,c0.75_beta6_rho1.00,0.75,6,1.0,800
True,4,4,0.5354721175279151,1.1469215545993172,1.090848118726901,0.17065509319091315,0.5323492960463156,0.5855661294251308,210.6185150585327,3.685093880738451e-41,inconclusive,True,1.0,1.0,9.795794827070887e-07,9.526724545543827e-07,True,407,0.9595630168914795,c0.75_beta6_rho1.00,0.75,6,1.0,800
True,4,4,0.5062425410526209,1.0251260414856582,0.9518256784703447,0.21386962677060783,-0.22525087950579384,0.5708786888995631,135.4944847360715,2.0494594463237843e-25,inconclusive,True,1.0,1.0,9.854455515183474e-07,9.348842852037792e-07,True,408,1.0624361038208008,c0.75_beta6_rho1.00,0.75,6,1.0,800
True,4,4,0.5201663581625682,1.0822921606564364,1.0193235907960443,0.17160500120894742,0.11260505614586228,0.5704359515838726,189.8135205155366,8.913673959828026e-37,inconclusive,True,1.0,1.0,9.844824397488106e-07,7.796505492205923e-07,True,409,0.9741318225860596,c0.75_beta6_rho1.00,0.75,6,1.0,800
True,4,4,0.502942903660155,1.0118062573684319,0.930152534264068,0.19940338519327605,-0.3502822465537928,0.5608346270572168,172.25718299323756,4.3384212022583405e-33,inconclusive,True,1.0,1.0,9.38638672372318e-07,9.265879290881763e-07,True,410,1.0701351165771484,c0.75_beta6_rho1.00,0.75,6,1.0,800
True,4,4,0.5099898624247706,1.040358639104146,0.9697073445525943,0.17249036752641805,-0.17561940345895632,0.5597831614099819,198.8810245070269,1.09961268960055e-38,inconclusive,True,1.0,1.0,9.795761102817522e-07,9.999490928013283e-07,True,411,1.0086190700531006,c0.75_beta6_rho1.00,0.75,6,1.0,800
True,4,4,0.544314840989159,1.185114584484214,1.1147276013870075,0.21560125005149075,0.5321286465621505,0.6060858230295181,171.82919714778097,5.3341425889874885e-33,inconclusive,True,1.0,1.0,8.045112785089755e-07,9.437081716227876e-07,True,412,0.9795420169830322,c0.75_beta6_rho1.00,0.75,6,1.0,800
True,4,4,0.47319502026626203,0.8956541088191525,0.8331366661933808,0.17844164511846528,-0.9351142985475204,0.5307181581041098,156.62677670308875,8.110070825764293e-30,inconclusive,True,1.0,1.0,9.511150303070428e-07,9.681747107781296e-07,True,413,0.9679286479949951,c0.75_beta6_rho1.00,0.75,6,1.0,800
True,4,4,0.6163871080541968,1.5197322679016645,1.461851515050859,0.22481025202872604,2.054405930703926,0.6766889007284262,195.42406716747078,5.878907652353396e-38,meaningfully_different,True,1.0,1.0,8.98500627355192e-07,9.217737835126294e-07,True,414,0.9338221549987793,c0.75_beta6_rho1.00,0.75,6,1.0,800
True,4,4,0.5418889729521879,1.1745746360287077,1.0876372863158028,0.23958474402982738,0.36578825864176184,0.6086294277915554,127.11342618319868,1.1211376426017059e-23,inconclusive,True,1.0,1.0,9.366873591870321e-07,9.418260127448168e-07,True,415,1.1245062351226807,c0.75_beta6_rho1.00,0.75,6,1.0,800
True,4,4,0.5500244174149703,1.2101074390107098,1.138883038239249,0.22435294551429802,0.6190381763024276,0.6139850963960135,149.56890072679772,2.4118135397586087e-28,inconclusive,True,1.0,1.0,8.899950379321487e-07,9.394985959980707e-07,True,416,1.0043377876281738,c0.75_beta6_rho1.00,0.75,6,1.0,800
True,4,4,0.622238702061248,1.5487240093714663,1.4178595477832803,0.43619545823818184,0.9579640041898617,0.7306396562817599,187.4132978697907,2.8500722319842112e-36,inconclusive,True,1.0,1.0,9.624305746144337e-07,9.674398339616522e-07,True,417,1.164200782775879,c0.75_beta6_rho1.00,0.75,6,1.0,800
True,4,4,0.5368032295695753,1.1526308291053047,1.0947908295277065,0.18598493484276785,0.509669396652169,0.591757725797088,191.27006153161722,4.401764858746781e-37,inconclusive,True,1.0,1.0,9.993407301735637e-07,9.811526777621719e-07,True,418,0.9666669368743896,c0.75_beta6_rho1.00,0.75,6,1.0,800
True,4,4,0.47667594565394295,0.908879828660323,0.8330065911698659,0.18392807415334494,-0.9079277842647774,0.5328089129883232,123.78576917204536,5.473281626233049e-23,inconclusive,True,1.0,1.0,8.77207105666914e-07,8.195267125433024e-07,True,419,0.9979991912841797,c0.75_beta6_rho1.00,0.75,6,1.0,800
True,4,4,0.5427032464526858,1.1781072548411382,1.007162038517651,0.38430239200448413,0.018636466144003057,0.6401724810260812,133.49349541653876,5.334042392894432e-25,inconclusive,True,1.0,1.0,9.57633201288226e-07,8.570168256635992e-07,True,420,1.264678955078125,c0.75_beta6_rho1.00,0.75,6,1.0,800
True,4,4,0.5476901481234713,1.1998579934060398,1.1464924869115085,0.17440585004435935,0.8399516809456151,0.5986160250775382,210.34787028538,4.2029972489723677e-41,inconclusive,True,1.0,1.0,8.953376449994635e-07,9.227540072473432e-07,True,421,0.8999941349029541,c0.75_beta6_rho1.00,0.75,6,1.0,800
True,4,4,0.5614812290671909,1.2610446823792132,1.1730165669557986,0.23606866534639986,0.732907803337302,0.6247629485173591,138.08061210773724,5.947534101157014e-26,inconclusive,True,1.0,1.0,9.171297577589667e-07,9.959880941450594e-07,True,422,1.0584142208099365,c0.75_beta6_rho1.00,0.75,6,1.0,800
True,4,4,0.5679193740124938,1.290129661514971,1.2274448385254313,0.2133480022548374,1.0660743767066339,0.6281661949351365,179.63714001587027,1.2269376532436489e-34,inconclusive,True,1.0,1.0,9.695442531100676e-07,9.846105388979722e-07,True,423,0.9360308647155762,c0.75_beta6_rho1.00,0.75,6,1.0,800
True,4,4,0.5923702635569098,1.4036101165859312,1.3268893288926968,0.25251353388619824,1.2945418166775091,0.6599691528699927,148.8077584556567,3.475895808703538e-28,inconclusive,True,1.0,1.0,9.60260150550597e-07,9.704796207472902e-07,True,424,1.3465988636016846,c0.75_beta6_rho1.00,0.75,6,1.0,800
True,4,4,0.5637338429556135,1.271183382774017,1.201382501222454,0.21629372221224769,0.9310603154022128,0.6239298868242537,188.46251816068965,1.7148104928850114e-36,inconclusive,True,1.0,1.0,9.955317828721828e-07,9.46998161772844e-07,True,425,1.2511317729949951,c0.75_beta6_rho1.00,0.75,6,1.0,800
True,4,4,0.4742701953473553,0.8997288727792743,0.8224531501627538,0.17676868700136658,-1.0044021531702254,0.5275442555152129,128.98846921956985,4.584315292397993e-24,inconclusive,True,1.0,1.0,9.647958212511328e-07,9.950055472774712e-07,True,426,1.3157389163970947,c0.75_beta6_rho1.00,0.75,6,1.0,800
True,4,4,0.5451977128625655,1.1889621844422895,1.1154487540439495,0.22114019382510702,0.522061376753854,0.6081101881900041,145.3664860906923,1.812448375100333e-27,inconclusive,True,1.0,1.0,9.71953944471582e-07,9.583568788392198e-07,True,427,1.3510026931762695,c0.75_beta6_rho1.00,0.75,6,1.0,800
True,4,4,0.4469846766554376,0.7991812046590645,0.7133857518694124,0.17469085546702967,-1.6406940555894283,0.5001816267816152,103.87744015306129,6.869735764783762e-19,inconclusive,True,1.0,1.0,8.123054253191383e-07,9.877884222326232e-07,True,428,1.127262830734253,c0.75_beta6_rho1.00,0.75,6,1.0,800
True,4,4,0.5755222693454252,1.3249035300500323,1.2435428761750071,0.24188454393963807,1.006855883424213,0.6405871419209145,146.60515522074513,1.000445577198849e-27,inconclusive,True,1.0,1.0,9.349342975185974e-07,8.877736532706119e-07,True,429,1.0835390090942383,c0.75_beta6_rho1.00,0.75,6,1.0,800
True,4,4,0.5572321029889399,1.242030466405906,1.1801753979460112,0.19249422270878042,0.9360041844923002,0.6117189343022973,198.0542446063463,1.642102886413776e-38,inconclusive,True,1.0,1.0,9.179237033443359e-07,8.489326643077704e-07,True,430,0.9600701332092285,c0.75_beta6_rho1.00,0.75,6,1.0,800
True,4,4,0.476834182687407,0.9094833511166698,0.8266126014373338,0.1975081983907298,-0.8778744374937513,0.5365362704219018,129.83487640925506,3.0610279692534357e-24,inconclusive,True,1.0,1.0,9.57102059617368e-07,9.918979602580388e-07,True,431,1.0597362518310547,c0.75_beta6_rho1.00,0.75,6,1.0,800
True,4,4,0.5804085660845856,1.3474964143374588,1.2899537933950154,0.19447545100179883,1.4909531866432508,0.634396848259894,209.4255907936565,6.578994178260763e-41,inconclusive,True,1.0,1.0,9.770069664324662e-07,9.273453844315224e-07,True,432,0.952582836151123,c0.75_beta6_rho1.00,0.75,6,1.0,800
True,4,4,0.4663225396337611,0.8698268438819228,0.7815256334038476,0.21726787142039292,-1.0055530307719773,0.5335961674641477,109.30104414772916,5.299828722973752e-20,inconclusive,True,1.0,1.0,9.795384865401387e-07,9.094084330892e-07,True,433,1.0523569583892822,c0.75_beta6_rho1.00,0.75,6,1.0,800
True,4,4,0.47558298966158424,0.9047167202218023,0.8504163425392384,0.17417163008258496,-0.8588290606790283,0.5331283100700591,133.46685236478146,5.402388608379548e-25,inconclusive,True,1.0,1.0,9.546121446063682e-07,8.938376694574327e-07,True,434,0.9136478900909424,c0.75_beta6_rho1.00,0.75,6,1.0,800
True,4,4,0.5006701990606746,1.002682592909822,0.9268432172563442,0.2097350290374741,-0.34880574351070653,0.5638764582041454,164.3775305619294,1.9413564545106057e-31,inconclusive,True,1.0,1.0,9.618771043191e-07,9.669328330538567e-07,True,435,1.0640168190002441,c0.75_beta6_rho1.00,0.75,6,1.0,800
True,4,4,0.4568168681931875,0.8347266042633281,0.760292677722704,0.17498690677346215,-1.3698586179800343,0.5118887882143084,115.274772746747,3.1272080570281224e-21,inconclusive,True,1.0,1.0,9.739370649403687e-07,9.296603135239982e-07,True,436,1.0120511054992676,c0.75_beta6_rho1.00,0.75,6,1.0,800
True,4,4,0.5272228358835587,1.1118556747084072,1.0402491662623066,0.20740873147163502,0.1940572413549089,0.5876661829824882,137.95339748521224,6.320886320080775e-26,inconclusive,True,1.0,1.0,9.092144970491009e-07,9.251255231944801e-07,True,437,1.0050511360168457,c0.75_beta6_rho1.00,0.75,6,1.0,800
True,4,4,0.5100946535248919,1.0407862222187183,0.9730920647128753,0.20445484558953606,-0.13160820527161815,0.57214298016943,124.40271401804269,4.079917069423939e-23,inconclusive,True,1.0,1.0,9.350942150590472e-07,9.289429856078077e-07,True,438,0.9986710548400879,c0.75_beta6_rho1.00,0.75,6,1.0,800
True,4,4,0.4825549172846195,0.9314369927822639,0.8244029161799067,0.20947253103283425,-0.8382821506680938,0.5405910119017816,130.7021946441405,2.02334965602632e-24,inconclusive,True,1.0,1.0,9.947915520729093e-07,9.679840571925977e-07,True,439,1.0773937702178955,c0.75_beta6_rho1.00,0.75,6,1.0,800
True,4,4,0.45514838481811887,0.8286402088101696,0.7677941760163695,0.15751416579728778,-1.4741901009872782,0.5066759129177827,166.0432422899455,8.697129892890086e-32,inconclusive,True,1.0,1.0,9.944591769719607e-07,9.203634512836828e-07,True,440,0.9668130874633789,c0.75_beta6_rho1.00,0.75,6,1.0,800
True,4,4,0.5142306433591801,1.057732618278385,0.9597378387381842,0.23468298503787818,-0.17155977991040738,0.5800338347591321,151.67059468160915,8.788251122523267e-29,inconclusive,True,1.0,1.0,9.104583270084674e-07,8.239687587629677e-07,True,441,1.0607097148895264,c0.75_beta6_rho1.00,0.75,6,1.0,800
True,4,4,0.48389022657736713,0.9365990055083827,0.8371501912090789,0.2865725025167329,-0.5682673925821351,0.571952797737341,92.6268562775769,1.3605845615352756e-16,inconclusive,True,1.0,1.0,9.417278334852475e-07,9.7480687188241e-07,True,442,1.1399798393249512,c0.75_beta6_rho1.00,0.75,6,1.0,800
True,4,4,0.4890103081357907,0.956524325852244,0.8831129012588458,0.17375504064368097,-0.6727119875667624,0.5405817491514824,144.28496951968157,3.0445318743511228e-27,inconclusive,True,1.0,1.0,9.953401945188857e-07,9.673084644418611e-07,True,443,1.0235037803649902,c0.75_beta6_rho1.00,0.75,6,1.0,800
True,4,4,0.5046412679062577,1.0186512370961416,0.9630028149448573,0.1763206005353606,-0.20982905538438787,0.5596928609160802,159.32867064854588,2.2096019097280388e-30,inconclusive,True,1.0,1.0,9.857847343984124e-07,9.59718338920438e-07,True,444,0.9104759693145752,c0.75_beta6_rho1.00,0.75,6,1.0,800
True,4,4,0.593859432288212,1.41067610127071,1.3412317089222343,0.2318851620558666,1.471554738116549,0.6562485921444053,185.68553876166817,6.57805865574341e-36,inconclusive,True,1.0,1.0,9.501303013276793e-07,9.90118219196977e-07,True,445,0.9929590225219727,c0.75_beta6_rho1.00,0.75,6,1.0,800
True,4,4,0.5563728880369373,1.2382031621702496,1.153352054262793,0.2466417198243676,0.6217603995463312,0.6243079331694923,132.22140650166267,9.79495759757326e-25,inconclusive,True,1.0,1.0,8.879752797647445e-07,8.569872978538663e-07,True,446,1.0514240264892578,c0.75_beta6_rho1.00,0.75,6,1.0,800
True,4,4,0.4884416869229578,0.9543011260965789,0.8831420820942066,0.19329280788432782,-0.6045642317727861,0.5479690817478614,139.96187641820893,2.4165712250753966e-26,inconclusive,True,1.0,1.0,9.129802715865302e-07,9.767815011451779e-07,True,447,1.0042579174041748,c0.75_beta6_rho1.00,0.75,6,1.0,800
True,4,4,0.5787080461260098,1.3396120106039353,1.272665283416218,0.2200746198498496,1.2389674175161562,0.6392682965852854,166.23881785940677,7.914478331836047e-32,inconclusive,True,1.0,1.0,9.503339379475171e-07,9.971365561060373e-07,True,448,0.9970211982727051,c0.75_beta6_rho1.00,0.75,6,1.0,800
True,4,4,0.48277092532205473,0.9322710653452517,0.8632588439825915,0.18236214128169678,-0.749833024861136,0.5392628935613007,117.70781326095873,9.852965069410896e-22,inconclusive,True,1.0,1.0,9.166432634448161e-07,9.99455455532975e-07,True,449,0.9812109470367432,c0.75_beta6_rho1.00,0.75,6,1.0,800
True,4,4,0.46632489423725304,0.8698356279415409,0.781725832145888,0.20163857641171165,-1.0825020278284119,0.5275869065590103,117.14853676438676,1.2850333980481254e-21,inconclusive,True,1.0,1.0,9.362848508349748e-07,9.378082509379104e-07,True,450,1.0562658309936523,c0.75_beta6_rho1.00,0.75,6,1.0,800
True,4,4,0.4878665343686528,0.9520550214275194,0.8592708830336679,0.1864999760529246,-0.7545798125271407,0.5399157446006468,161.98249661058023,6.155939786347571e-31,inconclusive,True,1.0,1.0,9.839825455829053e-07,9.65228747655379e-07,True,451,1.0969698429107666,c0.75_beta6_rho1.00,0.75,6,1.0,800
True,4,4,0.5243063584626926,1.099588630097638,1.0328475890319186,0.18331837085301797,0.1791832912275626,0.5775767213575052,168.51245973700944,2.643577425282344e-32,inconclusive,True,1.0,1.0,9.857663469523637e-07,8.106067832737685e-07,True,452,0.9901859760284424,c0.75_beta6_rho1.00,0.75,6,1.0,800
True,4,4,0.4754813955148,0.9043302299228068,0.8466081805791443,0.16830327597124992,-0.9114012697355846,0.5299628370197926,153.43738262258927,3.759571851374432e-29,inconclusive,True,1.0,1.0,9.060446079106826e-07,9.751615160116939e-07,True,453,0.9292247295379639,c0.75_beta6_rho1.00,0.75,6,1.0,800
True,4,4,0.5292395682897324,1.120378082574009,1.0590606497194721,0.20066540223522744,0.29432402926259815,0.5893059189397647,168.50896680945345,2.648035676011007e-32,inconclusive,True,1.0,1.0,9.633637444984485e-07,9.430716718613557e-07,True,454,0.9564871788024902,c0.75_beta6_rho1.00,0.75,6,1.0,800
True,4,4,0.5032325956385554,1.0129721812524712,0.9351533667513159,0.19590334639624502,-0.3310134024843134,0.5606660540382105,136.1793551753231,1.4770407959216198e-25,inconclusive,True,1.0,1.0,9.674437904757478e-07,9.691544556953235e-07,True,455,1.0113661289215088,c0.75_beta6_rho1.00,0.75,6,1.0,800
True,4,4,0.43704511657917866,0.7640337357028314,0.6809626482757303,0.18944595828644345,-1.6840546750640268,0.4981399200712798,114.89150426699123,3.750766608980596e-21,equivalent,True,1.0,1.0,8.934992154822779e-07,9.310468741627926e-07,True,456,1.0514559745788574,c0.75_beta6_rho1.00,0.75,6,1.0,800
True,4,4,0.5345216834047126,1.1428537201192315,1.074066199338315,0.20162117565519308,0.3673532757540353,0.5928118422790193,152.50048116514282,5.898066940049692e-29,inconclusive,True,1.0,1.0,9.540742068253056e-07,9.166641716827539e-07,True,457,0.9972350597381592,c0.75_beta6_rho1.00,0.75,6,1.0,800
True,4,4,0.5063352503499611,1.0255015429878311,0.9535022081663446,0.16319899700266355,-0.2849146911907587,0.5527071264017269,183.37703123544782,2.0103092089986895e-35,inconclusive,True,1.0,1.0,9.993953850918753e-07,9.001450226597939e-07,True,458,0.999384880065918,c0.75_beta6_rho1.00,0.75,6,1.0,800
True,4,4,0.5435840566664726,1.1819345066479154,1.110562528421094,0.21738236501317293,0.5086085451982003,0.6058309788935153,150.47979169270468,1.5572204554359842e-28,inconclusive,True,1.0,1.0,8.167889163989614e-07,9.836841932530008e-07,True,459,1.0035810470581055,c0.75_beta6_rho1.00,0.75,6,1.0,800
True,4,4,0.4994034745120161,0.9976153214186958,0.9057852585342091,0.19268602022303546,-0.4889547324540548,0.5528846077078186,150.92456573678467,1.2576570300432952e-28,inconclusive,True,1.0,1.0,8.65839490021426e-07,9.527858259476173e-07,True,460,1.1127879619598389,c0.75_beta6_rho1.00,0.75,6,1.0,800
True,4,4,0.5086815935486285,1.0350278544606886,0.9712686878817408,0.1756749411960549,-0.1635481527567143,0.5612994414910276,155.45901167596145,1.4222560400008883e-29,inconclusive,True,1.0,1.0,8.103044783700405e-07,8.470801759179647e-07,True,461,0.947253942489624,c0.75_beta6_rho1.00,0.75,6,1.0,800
True,4,4,0.4726749325618723,0.8936863674894823,0.8258366327090911,0.16785151088146566,-1.0376038105126175,0.5248637440259506,151.50209478010026,9.529340416939338e-29,inconclusive,True,1.0,1.0,9.28619257767291e-07,8.460793072473547e-07,True,462,0.9827079772949219,c0.75_beta6_rho1.00,0.75,6,1.0,800
True,4,4,0.5114380080655626,1.046275344376282,0.9859352185564219,0.16457454103189967,-0.0854614653967162,0.5604989405156391,184.2832321128821,1.2966891592476186e-35,inconclusive,True,1.0,1.0,9.49334041842639e-07,9.433675645800051e-07,True,463,0.9448652267456055,c0.75_beta6_rho1.00,0.75,6,1.0,800
True,4,4,0.5104444256686232,1.0422140467846825,0.9782344686475195,0.20620478174622947,-0.10555299042127322,0.5738926623937489,131.04246307855436,1.719956916616373e-24,inconclusive,True,1.0,1.0,9.915812369494814e-07,9.276127087304001e-07,True,464,0.969778299331665,c0.75_beta6_rho1.00,0.75,6,1.0,800
True,4,4,0.5480695419150607,1.2015208910999382,1.127442981803271,0.18432880577864053,0.6913893965998812,0.5980461701532545,198.2680353275249,1.4803609469185934e-38,inconclusive,True,1.0,1.0,9.84059342383718e-07,8.184344451235432e-07,True,465,1.0483860969543457,c0.75_beta6_rho1.00,0.75,6,1.0,800
True,4,4,0.5087683146431803,1.0353807919394484,0.9693324545735038,0.1915223765728599,-0.16012512989483238,0.5666477588241522,141.0921524362094,1.4063435105275042e-26,inconclusive,True,1.0,1.0,9.972865744248054e-07,8.992711889903781e-07,True,466,0.9609038829803467,c0.75_beta6_rho1.00,0.75,6,1.0,800
True,4,4,0.552789823581007,1.2223063562188834,1.1560880848603208,0.20090969117003737,0.7769066984838358,0.609621833408027,174.0961234351579,1.785190574073058e-33,inconclusive,True,1.0,1.0,8.956369342239064e-07,9.164806019908182e-07,True,467,0.9666256904602051,c0.75_beta6_rho1.00,0.75,6,1.0,800
True,4,4,0.46998240689309184,0.8835338511560951,0.7600613179728833,0.24368088557300177,-0.9846430156510407,0.5387208707731634,148.7778298399611,3.5262018452266052e-28,inconclusive,True,1.0,1.0,9.270545120767149e-07,9.560651203801845e-07,True,468,1.2367539405822754,c0.75_beta6_rho1.00,0.75,6,1.0,800
True,4,4,0.5615804776443833,1.261490531485175,1.1878923264519856,0.19955329948733017,0.9415646192505831,0.6156558078349976,183.06990066404992,2.3323597312006194e-35,inconclusive,True,1.0,1.0,9.053086234106184e-07,8.599704060712369e-07,True,469,0.9830999374389648,c0.75_beta6_rho1.00,0.75,6,1.0,800
True,4,4,0.5390846272628432,1.1624489414044743,1.0953669918182936,0.19619022116128032,0.4860945222131947,0.5954139712560995,211.039425731099,3.0034832345398274e-41,inconclusive,True,1.0,1.0,9.136750448889865e-07,9.407056293825684e-07,True,470,0.9938549995422363,c0.75_beta6_rho1.00,0.75,6,1.0,800
True,4,4,0.4805024272174998,0.9235303302476349,0.8638229192768163,0.16960553375057616,-0.8029047031180436,0.5345089327170996,159.53502212001052,2.0006461713850416e-30,inconclusive,True,1.0,1.0,9.323193799774413e-07,9.108512509332717e-07,True,471,0.9510509967803955,c0.75_beta6_rho1.00,0.75,6,1.0,800
True,4,4,0.4978968854157165,0.9916052340266844,0.9159148762935587,0.21228135606677184,-0.396102254406142,0.5623803505533789,111.14524941937987,2.2140895040418642e-20,inconclusive,True,1.0,0.9970149253731343,8.668527617902499e-07,9.130081439507923e-07,True,472,1.091860055923462,c0.75_beta6_rho1.00,0.75,6,1.0,800
True,4,4,0.47422014307928134,0.8995389764085362,0.8414317108682102,0.15815455784913302,-1.0026159934198762,0.5247791937961296,161.83380626137824,6.6130300937451585e-31,inconclusive,True,1.0,1.0,9.98811314068971e-07,8.922080212779824e-07,True,473,0.963263988494873,c0.75_beta6_rho1.00,0.75,6,1.0,800
True,4,4,0.5521158591889744,1.219327687871918,1.1490948380891455,0.21896780382062098,0.6808984493961696,0.614260698805705,157.44883322801968,5.460717670954777e-30,inconclusive,True,1.0,1.0,9.756190934111391e-07,9.655300451773955e-07,True,474,1.037898063659668,c0.75_beta6_rho1.00,0.75,6,1.0,800
True,4,4,0.4501664304281687,0.810599260337757,0.7337843420103645,0.180777597902837,-1.4726142015268902,0.5077245881362308,132.23825679047405,9.716437196873294e-25,inconclusive,True,1.0,1.0,8.681809518208333e-07,9.896640519131762e-07,True,475,1.2081201076507568,c0.75_beta6_rho1.00,0.75,6,1.0,800
True,4,4,0.4263097485714949,0.7269600069083648,0.6387714094753819,0.1733854636747212,-2.0833845171836254,0.4806155215610004,101.00984444165648,2.6538913737138597e-18,equivalent,True,1.0,1.0,9.347493534638164e-07,9.821551646932038e-07,True,476,1.5829601287841797,c0.75_beta6_rho1.00,0.75,6,1.0,800
True,4,4,0.5012252949380298,1.0049071851428597,0.902772912044981,0.2472488739528344,-0.39323571590286066,0.572158439404237,109.96392595106524,3.873026498502416e-20,inconclusive,True,1.0,1.0,8.997549526056986e-07,9.597652853029558e-07,True,477,1.6927731037139893,c0.75_beta6_rho1.00,0.75,6,1.0,800
True,4,4,0.5383556554176328,1.1593072468805956,1.095173472004666,0.2039054196776696,0.46675302772782923,0.5980317803253734,155.1756790203446,1.6298848809773847e-29,inconclusive,True,1.0,1.0,9.113331716063562e-07,9.784787307397337e-07,True,478,1.5104126930236816,c0.75_beta6_rho1.00,0.75,6,1.0,800
True,4,4,0.5444453089229487,1.1856827776328203,1.1182664957614032,0.19959944430401594,0.5925191634364873,0.6013689312024613,186.42887464936814,4.590216362670502e-36,inconclusive,True,1.0,1.0,9.056719242260232e-07,8.854551173157028e-07,True,479,1.40950608253479,c0.75_beta6_rho1.00,0.75,6,1.0,800
True,4,4,0.5952720632665247,1.4173953172223417,1.3501112578888699,0.22546023453500047,1.5528736524689393,0.6559268904377025,207.2948159393219,1.8520663722292836e-40,inconclusive,True,1.0,1.0,8.336801671728504e-07,8.847097700485318e-07,True,480,1.0478956699371338,c0.75_beta6_rho1.00,0.75,6,1.0,800
True,4,4,0.5428408171817146,1.1787046111940467,1.1131405272388906,0.18002581146373206,0.6284683641694558,0.5935605773992011,190.98955041393145,5.042513766648759e-37,inconclusive,True,1.0,1.0,9.834246624696729e-07,9.274902093536941e-07,True,481,1.0304691791534424,c0.75_beta6_rho1.00,0.75,6,1.0,800
True,4,4,0.4721155387388211,0.8915723276745893,0.8135049072243983,0.16955674070224602,-1.0998978395267733,0.5225899269844755,137.5185572025194,7.783046464958163e-26,inconclusive,True,1.0,1.0,9.783201134527821e-07,7.983364417679179e-07,True,482,1.083235740661621,c0.75_beta6_rho1.00,0.75,6,1.0,800
True,4,4,0.4853395613547254,0.942217959263989,0.8846836322241047,0.1923716438864915,-0.599445767817722,0.5479750971516446,117.89845727914971,8.999973683749243e-22,inconclusive,True,1.0,1.0,9.896172636907192e-07,9.4077714759474e-07,True,483,1.059844970703125,c0.75_beta6_rho1.00,0.75,6,1.0,800
True,4,4,0.5479743114338917,1.201103383965791,1.1244725776343318,0.2798812933306572,0.4447334659386382,0.6294514155368014,155.0533907701829,1.7286128453948232e-29,inconclusive,True,1.0,1.0,9.94255343952853e-07,8.653549442239962e-07,True,484,1.1010208129882812,c0.75_beta6_rho1.00,0.75,6,1.0,800
True,4,4,0.5558239973430735,1.2357612640897322,1.1595738704257528,0.2006684485942321,0.7952115618754999,0.6102548844357373,178.39182763377875,2.240151885364424e-34,inconclusive,True,1.0,1.0,9.268636295726662e-07,9.446635988286263e-07,True,485,1.1587088108062744,c0.75_beta6_rho1.00,0.75,6,1.0,800
True,4,4,0.5546532399526967,1.2305608663600949,1.1286753208534697,0.3154442035499901,0.407917848562013,0.6417816729939181,152.64962162824332,5.490108248290391e-29,inconclusive,True,1.0,1.0,9.7385753440933e-07,9.976737647456578e-07,True,486,1.231921911239624,c0.75_beta6_rho1.00,0.75,6,1.0,800
True,4,4,0.4838201589052104,0.9363277846522522,0.8361567126834765,0.2274636162645044,-0.7203054712978781,0.5500684200387358,103.27462812327764,9.128623312621817e-19,inconclusive,True,1.0,1.0,9.833764478855623e-07,9.354937201315396e-07,True,487,1.1927809715270996,c0.75_beta6_rho1.00,0.75,6,1.0,800
True,4,4,0.4974960834038999,0.9900094120088805,0.923083837791491,0.1743520514580851,-0.44115432864292964,0.5499698723563755,144.41145974285303,2.8653599831223852e-27,inconclusive,True,1.0,1.0,9.289004922034441e-07,8.968595966718497e-07,True,488,0.9771010875701904,c0.75_beta6_rho1.00,0.75,6,1.0,800
True,4,4,0.43133122691056186,0.7441865092326825,0.6670326004265381,0.18189991164027958,-1.8304978631981381,0.49148533290175717,91.39620912394099,2.4205687894553224e-16,equivalent,True,1.0,1.0,9.1700365837156e-07,8.96679703162451e-07,True,489,1.1780071258544922,c0.75_beta6_rho1.00,0.75,6,1.0,800
True,4,4,0.45861004549029566,0.8412926952984442,0.7882515805546949,0.16164316320218647,-1.3099744848499777,0.5133543911908517,146.68103028103107,9.646776645032217e-28,inconclusive,True,1.0,1.0,7.739038899997639e-07,8.949879052228102e-07,True,490,0.908329963684082,c0.75_beta6_rho1.00,0.75,6,1.0,800
True,4,4,0.4627227450179879,0.8564493550279273,0.7822578054436768,0.1855127309625194,-1.1737318157443077,0.5213921493974208,144.29166722801259,3.034769881985568e-27,inconclusive,True,1.0,1.0,8.758369401126342e-07,9.690372623515661e-07,True,491,1.0278477668762207,c0.75_beta6_rho1.00,0.75,6,1.0,800
True,4,4,0.5174002237828246,1.0708119662820679,1.0017052764952477,0.20565876332223396,0.008291776473321305,0.5787883549407716,123.18132254536094,7.298422937915392e-23,inconclusive,True,1.0,1.0,9.797044514622793e-07,9.821807621906828e-07,True,492,0.998866081237793,c0.75_beta6_rho1.00,0.75,6,1.0,800
True,4,4,0.504115514222538,1.0165298067194157,0.966504605343362,0.16258777353485115,-0.20601422805914826,0.5554137409040504,178.94177811675223,1.7172053710351148e-34,inconclusive,True,1.0,1.0,9.75921176805887e-07,9.201435304904748e-07,True,493,0.8818161487579346,c0.75_beta6_rho1.00,0.75,6,1.0,800
True,4,4,0.5665739969653165,1.2840243761490178,1.2283622287773917,0.19183096392677038,1.1904346623862387,0.6212680753012215,202.25651476509103,2.1378049613072554e-39,inconclusive,True,1.0,1.0,9.801019524096989e-07,9.425229418216762e-07,True,494,1.0228490829467773,c0.75_beta6_rho1.00,0.75,6,1.0,800
True,4,4,0.5825548317934678,1.357480528183662,1.2911970554051153,0.22292344364383138,1.3062648353412567,0.6437921811841115,172.80389836199896,3.331916969682771e-33,inconclusive,True,1.0,1.0,9.289135135902525e-07,9.703671611416866e-07,True,495,1.0130829811096191,c0.75_beta6_rho1.00,0.75,6,1.0,800
True,4,4,0.5712462612121795,1.3052891637955741,1.2080554036506042,0.2570058044374461,0.8095358161501904,0.6385123987102987,147.979742216187,5.172464458515525e-28,inconclusive,True,1.0,1.0,9.027781179617306e-07,9.912060136357031e-07,True,496,1.1178889274597168,c0.75_beta6_rho1.00,0.75,6,1.0,800
True,4,4,0.5135199716225897,1.054811045021061,0.964218782457262,0.24406086566119678,-0.1466077629684768,0.5843079630077357,107.36190624136802,1.3257330666913626e-19,inconclusive,True,1.0,1.0,9.997062515386757e-07,9.892572043037208e-07,True,497,1.1414856910705566,c0.75_beta6_rho1.00,0.75,6,1.0,800
True,4,4,0.48167280888328073,0.9280347792700379,0.8557885749176811,0.1942996209398044,-0.7422115616324169,0.5420754124510294,112.64608448868788,1.0875542308029424e-20,inconclusive,True,1.0,1.0,9.066880048917251e-07,9.895909981979632e-07,True,498,1.0238730907440186,c0.75_beta6_rho1.00,0.75,6,1.0,800
True,4,4,0.5312277530895688,1.1288117026103675,1.023946808789346,0.2838057619314276,0.08437745811211518,0.6104845914623851,111.27911245600306,2.0781014577280347e-20,inconclusive,True,1.0,1.0,9.932206129222468e-07,9.911027127583937e-07,True,499,1.1435458660125732,c0.75_beta6_rho1.00,0.75,6,1.0,800
