applicable,K_x,K_y,D_hat,Q_hat,Q_bc,s_Q,Z,U_D,T0,p_exact,decision,mt_reject,success_x,success_y,max_residual_x,max_residual_y,correct_cardinality,rep,seconds,name,c_h,order,rho,n
True,4,4,0.47201529190298597,0.8911937431610442,0.8490556314976356,0.14329108111642397,-1.05341077285698,0.5207562976051713,192.2225497571855,2.7746005559435412e-37,inconclusive,True,1.0,1.0,8.003030071511007e-07,7.550351895448542e-07,True,0,0.7026000022888184,c1.00_beta6_rho1.00,1.0,6,1.0,800
True,4,4,0.46371404627936386,0.86012286686712,0.8118860399802688,0.13640948545371023,-1.379038703899859,0.5089842033107187,181.72649021127677,4.4670789172175275e-35,inconclusive,True,1.0,1.0,9.76452406460858e-07,7.493203575389058e-07,True,1,0.7197229862213135,c1.00_beta6_rho1.00,1.0,6,1.0,800
True,4,4,0.5202038119466302,1.0824480238552203,1.042204063418497,0.15182303036488504,0.27798195910768986,0.5683156529537396,241.5304490953742,1.0735846430012672e-47,inconclusive,True,1.0,1.0,8.703562609914521e-07,8.321252253647548e-07,True,2,0.7040660381317139,c1.00_beta6_rho1.00,1.0,6,1.0,800
True,4,4,0.5014942634028838,1.0059859849040043,0.962922274127609,0.15014596559153381,-0.24694453644701644,0.549975092663971,218.08404671824127,9.778756756247669e-43,inconclusive,True,1.0,1.0,7.564881451007815e-07,8.682605170996791e-07,True,3,0.7252027988433838,c1.00_beta6_rho1.00,1.0,6,1.0,800
True,4,4,0.5178979648353035,1.0728732079221968,1.0342163656041945,0.14946352694115922,0.22892786156227127,0.5656991227654324,235.82741383661124,1.7312703548956758e-46,inconclusive,True,1.0,1.0,7.942685210810189e-07,7.643424307733323e-07,True,4,0.7319700717926025,c1.00_beta6_rho1.00,1.0,6,1.0,800
True,4,4,0.5494269673036858,1.2074799696021015,1.1711464425733158,0.15795363814575977,1.0835232703876165,0.5981130865412387,263.190311974992,2.7444549508569325e-52,inconclusive,True,1.0,1.0,9.790247259674172e-07,8.778258845314029e-07,True,5,0.6948227882385254,c1.00_beta6_rho1.00,1.0,6,1.0,800
True,4,4,0.5635514815998849,1.2703610896537016,1.2246985053827226,0.17878539421767956,1.2568057159587753,0.6161928086053142,251.63767604277882,7.745588392836014e-50,inconclusive,True,1.0,1.0,9.917804930773894e-07,8.659595283254469e-07,True,6,0.7527239322662354,c1.00_beta6_rho1.00,1.0,6,1.0,800
True,4,4,0.5090304229022665,1.0364478857602413,0.9965870694546596,0.1650002988478974,-0.02068439008396324,0.5630249571428207,178.04106791524913,2.6540479601118702e-34,inconclusive,True,1.0,1.0,9.356049891464514e-07,8.35896530162799e-07,True,7,0.7276551723480225,c1.00_beta6_rho1.00,1.0,6,1.0,800
True,4,4,0.4769226073480969,0.909820693598828,0.8673767480047718,0.14575641419394203,-0.9098965059524653,0.5260999701917685,196.99501361871214,2.7446952175328305e-38,inconclusive,True,1.0,1.0,9.536150139454473e-07,8.80039553538793e-07,True,8,0.7348740100860596,c1.00_beta6_rho1.00,1.0,6,1.0,800
True,4,4,0.5004691703025805,1.0018775616934135,0.9623830926781239,0.14434652999130193,-0.26060139668160215,0.5476796522768069,221.42869984681982,1.9215398943679575e-43,inconclusive,True,1.0,1.0,7.482909516017949e-07,9.835976995700278e-07,True,9,0.7121737003326416,c1.00_beta6_rho1.00,1.0,6,1.0,800
True,4,4,0.5410692490562422,1.1710237290971433,1.128680229685221,0.1594079602972344,0.8072384179891766,0.5896785122728027,246.9029274649896,7.80987095723914e-49,inconclusive,True,1.0,1.0,6.882329568231147e-07,9.915537651277292e-07,True,10,0.7307858467102051,c1.00_beta6_rho1.00,1.0,6,1.0,800
True,4,4,0.5143389689560446,1.058178299947068,1.0204141839763732,0.13971985356649197,0.1461079685905781,0.5590690681553456,260.37580751614837,1.0857203962194529e-51,inconclusive,True,1.0,1.0,7.643204714833692e-07,9.931346755118442e-07,True,11,0.6851902008056641,c1.00_beta6_rho1.00,1.0,6,1.0,800
True,4,4,0.5933249818142838,1.408138136179681,1.3579116270136404,0.21196172661041293,1.6885672368176374,0.653176400714936,288.0256272557595,1.4526461674211062e-57,meaningfully_different,True,1.0,1.0,7.501078952060846e-07,9.462612748124031e-07,True,12,0.7601730823516846,c1.00_beta6_rho1.00,1.0,6,1.0,800
True,4,4,0.495388001759808,0.9816370891503021,0.9396099871846496,0.15806309860035475,-0.3820626911031267,0.5476314107601552,185.92169162166158,5.8675355528602954e-36,inconclusive,True,1.0,1.0,8.478429676029223e-07,7.748812715102372e-07,True,13,0.7228901386260986,c1.00_beta6_rho1.00,1.0,6,1.0,800
True,4,4,0.5177565114923468,1.0722872207708987,1.0338250280217893,0.145375070174999,0.2326741990980405,0.5641244852573457,251.61356433438053,7.837297962083029e-50,inconclusive,True,1.0,1.0,7.497037567072214e-07,8.596254981070957e-07,True,14,0.7181899547576904,c1.00_beta6_rho1.00,1.0,6,1.0,800
True,4,4,0.5215430523233617,1.0880286217070751,1.0531697575023242,0.14933478136168288,0.35604403085138747,0.5698253272396493,258.9229726743041,2.2078192431339275e-51,inconclusive,True,1.0,1.0,8.983458057902216e-07,7.591272980745229e-07,True,15,0.6813480854034424,c1.00_beta6_rho1.00,1.0,6,1.0,800
True,4,4,0.4293711177439371,0.7374382270107116,0.6850094676059927,0.14190099177883678,-2.2197909150976436,0.4791700712172619,138.29621132941122,5.364423729306498e-26,equivalent,True,1.0,1.0,9.08512862017779e-07,8.603864469088422e-07,True,16,0.7815868854522705,c1.00_beta6_rho1.00,1.0,6,1.0,800
True,4,4,0.46390073735759263,0.8608155764836725,0.8161510322138203,0.1335717349127178,-1.3764062277570583,0.5088852976956606,188.06461574060552,2.0791958669319456e-36,inconclusive,True,1.0,1.0,9.18558311964966e-07,9.71490840087011e-07,True,17,0.7358260154724121,c1.00_beta6_rho1.00,1.0,6,1.0,800
True,4,4,0.48223006664679136,0.9301833487126753,0.8851486470695062,0.15588505876489356,-0.7367694751535682,0.5342182960566039,193.76347940337286,1.3148788270884952e-37,inconclusive,True,1.0,1.0,9.751859185944828e-07,7.973765909011118e-07,True,18,0.7375218868255615,c1.00_beta6_rho1.00,1.0,6,1.0,800
True,4,4,0.5308499637223869,1.1272067359362379,1.080549473062762,0.17059066183059057,0.47217984969630855,0.5833408398824098,202.10934388383055,2.296079502422893e-39,inconclusive,True,1.0,1.0,9.744440019122405e-07,9.540192442339778e-07,True,19,0.7587051391601562,c1.00_beta6_rho1.00,1.0,6,1.0,800
True,4,4,0.5193995848535882,1.0791037149843188,1.0391588777775684,0.14509348797968827,0.2698872177023569,0.5652027131321997,242.63602416944588,6.261297446756817e-48,inconclusive,True,1.0,1.0,9.894948043046668e-07,9.90871745695804e-07,True,20,0.7056329250335693,c1.00_beta6_rho1.00,1.0,6,1.0,800
True,4,4,0.4841279256601556,0.9375193936160205,0.8976544038237501,0.15040817049186248,-0.6804523706495529,0.5350359400499245,179.40057187079339,1.3756090415932847e-34,inconclusive,True,1.0,1.0,8.537750195093439e-07,7.901382652024976e-07,True,21,0.7063219547271729,c1.00_beta6_rho1.00,1.0,6,1.0,800
True,4,4,0.47776263149370896,0.9130285282071741,0.8655063506906426,0.16399753184540786,-0.8200955697073399,0.5327425001249786,162.6338343511443,4.498020373049477e-31,inconclusive,True,1.0,1.0,9.669976034723514e-07,9.217406707937851e-07,True,22,0.764514684677124,c1.00_beta6_rho1.00,1.0,6,1.0,800
True,4,4,0.5272328498919537,1.1118979120207655,1.071857753707181,0.16338661374436908,0.4398019645575612,0.5789224511797598,223.552884100142,6.834629248258381e-44,inconclusive,True,1.0,1.0,8.749500887368888e-07,9.99693033680181e-07,True,23,0.7123539447784424,c1.00_beta6_rho1.00,1.0,6,1.0,800
True,4,4,0.4700086614174692,0.8836325672297649,0.8420704998659028,0.13388519232281212,-1.1795890000539537,0.515337764008513,199.79578724547443,7.055371742579162e-39,inconclusive,True,1.0,1.0,8.854402906718719e-07,9.679798305831574e-07,True,24,0.7199227809906006,c1.00_beta6_rho1.00,1.0,6,1.0,800
True,4,4,0.46634268597389766,0.8699020030453972,0.8321842488558107,0.1313004061960316,-1.2781053464041865,0.5118970106885649,219.5034175874496,4.902813733995515e-43,inconclusive,True,1.0,1.0,9.698173084936757e-07,9.984031165209925e-07,True,25,0.6964640617370605,c1.00_beta6_rho1.00,1.0,6,1.0,800
True,4,4,0.4930397072224057,0.9723526115918222,0.9328912694189999,0.1519306171669757,-0.4417064304243946,0.5437818717351369,213.17995520062894,1.0613004290932377e-41,inconclusive,True,1.0,1.0,8.328311895387973e-07,9.714293965362096e-07,True,26,0.7202050685882568,c1.00_beta6_rho1.00,1.0,6,1.0,800
True,4,4,0.5061721799991116,1.0248411032202118,0.98453929088543,0.15063373853022075,-0.1026377574202488,0.5550472371898006,223.66721532785635,6.464700372766723e-44,inconclusive,True,1.0,1.0,8.113844781135004e-07,8.414650424583889e-07,True,27,0.7321510314941406,c1.00_beta6_rho1.00,1.0,6,1.0,800
True,4,4,0.5576820528881884,1.2440370884543368,1.2015652508833088,0.1666769038644219,1.2093172251823547,0.6073969790700611,265.23487033821687,1.0103949769431513e-52,inconclusive,True,1.0,1.0,8.64173476751889e-07,8.656002038569044e-07,True,28,0.7290351390838623,c1.00_beta6_rho1.00,1.0,6,1.0,800
True,4,4,0.5374900329725553,1.1555821421793544,1.1162070462541813,0.1507132598668128,0.7710472612487776,0.5839752345724492,261.3464346785013,6.757085114271758e-52,inconclusive,True,1.0,1.0,9.013360533394166e-07,9.841554700236831e-07,True,29,0.7143621444702148,c1.00_beta6_rho1.00,1.0,6,1.0,800
True,4,4,0.5403065844571752,1.1677248208311144,1.1274205713572831,0.1623482566480367,0.7848594988828544,0.5904362137720837,235.8517357682227,1.7108686507636506e-46,inconclusive,True,1.0,1.0,9.915887193695647e-07,8.448757477615609e-07,True,30,0.7261550426483154,c1.00_beta6_rho1.00,1.0,6,1.0,800
True,4,4,0.5375227141465833,1.1557226728940377,1.1062214781224031,0.17515983417110714,0.606426002999291,0.5904095541772184,198.2685716200608,1.4799759339798735e-38,inconclusive,True,1.0,1.0,7.912956446087682e-07,9.58513201425126e-07,True,31,0.7845089435577393,c1.00_beta6_rho1.00,1.0,6,1.0,800
True,4,4,0.5307325553974283,1.126708181434737,1.0883954546385015,0.14784368752003024,0.5978980646469974,0.5769698172950002,272.65199490985117,2.688735113701065e-54,inconclusive,True,1.0,1.0,8.427136718002856e-07,9.357079832347949e-07,True,32,0.7343261241912842,c1.00_beta6_rho1.00,1.0,6,1.0,800
True,4,4,0.5045597770849013,1.018322274607861,0.9803230560027635,0.13878339352716595,-0.14178168941649985,0.5496820499631028,244.58943108026418,2.4146165635921035e-48,inconclusive,True,1.0,1.0,9.152237349700654e-07,8.497974441897049e-07,True,33,0.7082867622375488,c1.00_beta6_rho1.00,1.0,6,1.0,800
True,4,4,0.5928205688162544,1.4057449072465098,1.366013781037665,0.17931562459065797,2.0411706000143703,0.6443915223904403,303.2505488431424,8.370748552005579e-61,meaningfully_different,True,1.0,1.0,9.82986754613196e-07,9.966528714609006e-07,True,34,0.7101767063140869,c1.00_beta6_rho1.00,1.0,6,1.0,800
True,4,4,0.48379235361073764,0.936220165648868,0.8961854842295294,0.13137876269223303,-0.7901925215543838,0.5273244538584015,237.07871725092232,9.407708446385555e-47,inconclusive,True,1.0,1.0,9.843793939414013e-07,8.485182687390873e-07,True,35,0.7231910228729248,c1.00_beta6_rho1.00,1.0,6,1.0,800
True,4,4,0.5084257628838493,1.0339870254560968,0.9977388083090157,0.14228132378696548,-0.01589239986528306,0.5549258418445349,234.30944763597213,3.627820389112479e-46,inconclusive,True,1.0,1.0,8.509802932951524e-07,9.456836069077737e-07,True,36,0.7090532779693604,c1.00_beta6_rho1.00,1.0,6,1.0,800
True,4,4,0.4735117547485292,0.8968535275401249,0.8601167633220691,0.13188067578858126,-1.060680314545693,0.5189029705103181,200.8446157952872,4.241529674754319e-39,inconclusive,True,1.0,1.0,9.886205533298466e-07,9.923328271133406e-07,True,37,0.7138221263885498,c1.00_beta6_rho1.00,1.0,6,1.0,800
True,4,4,0.5636021253512653,1.2705894228018533,1.2278711232596498,0.1659007308077095,1.373538996183014,0.61252623250817,278.70030620922034,1.3949265088377094e-55,inconclusive,True,1.0,1.0,9.832284987019487e-07,9.316398542745091e-07,True,38,0.7355101108551025,c1.00_beta6_rho1.00,1.0,6,1.0,800
True,4,4,0.5823804446505042,1.3566679292452761,1.3148627437599276,0.16731985310918446,1.8818014593550005,0.6304917547057133,314.1670129289537,3.9633344985689116e-63,meaningfully_different,True,1.0,1.0,8.207555012982163e-07,9.066097919981253e-07,True,39,0.7278602123260498,c1.00_beta6_rho1.00,1.0,6,1.0,800
True,4,4,0.49769628133231963,0.9908063538080779,0.9520558570446673,0.14023664161212823,-0.3418802846686701,0.5437657137113074,219.2372216787644,5.580622590314929e-43,inconclusive,True,1.0,1.0,8.577854727978888e-07,9.94610521979474e-07,True,40,0.7081339359283447,c1.00_beta6_rho1.00,1.0,6,1.0,800
True,4,4,0.517997305623523,1.073284834532918,1.0321549455957904,0.14923622523619123,0.21546340739254013,0.565160749687221,225.30604944785858,2.911428861863544e-44,inconclusive,True,1.0,1.0,9.583336123290168e-07,9.807180031871216e-07,True,41,0.7425332069396973,c1.00_beta6_rho1.00,1.0,6,1.0,800
True,4,4,0.4864869676651114,0.9466782788319805,0.9026713517373101,0.14036382562938152,-0.6934026472011228,0.5323413612092767,218.97106084118184,6.352001872516531e-43,inconclusive,True,1.0,1.0,8.026789209909175e-07,9.96087705632506e-07,True,42,0.7533040046691895,c1.00_beta6_rho1.00,1.0,6,1.0,800
True,4,4,0.5388544896349038,1.1614566439987706,1.1237221116396618,0.14471020803197093,0.8549646450119665,0.5834700553965797,278.31832744591054,1.681601028294349e-55,inconclusive,True,1.0,1.0,8.081237263719014e-07,9.180740360154777e-07,True,43,0.7227997779846191,c1.00_beta6_rho1.00,1.0,6,1.0,800
True,4,4,0.5529290662818555,1.222922209357298,1.1770721254318464,0.16947450476842016,1.0448304638730648,0.6032894991784596,258.4214493438976,2.820730019835764e-51,inconclusive,True,1.0,1.0,9.697959644467286e-07,8.266126486856159e-07,True,44,0.7504801750183105,c1.00_beta6_rho1.00,1.0,6,1.0,800
True,4,4,0.5473410363718565,1.1983288403864716,1.1511977267014784,0.18130805453614135,0.8339272465765667,0.6019599109992221,225.8106221661581,2.277341117830064e-44,inconclusive,True,1.0,1.0,9.42657842616666e-07,9.659350946598096e-07,True,45,0.7553551197052002,c1.00_beta6_rho1.00,1.0,6,1.0,800
True,4,4,0.4836572503045455,0.9356973430886151,0.8960078220427031,0.14933874956455395,-0.6963509354438827,0.5342396947785604,186.29475662631893,4.898115741331257e-36,inconclusive,True,1.0,1.0,8.046703794108974e-07,9.598467194716437e-07,True,46,0.7249531745910645,c1.00_beta6_rho1.00,1.0,6,1.0,800
True,4,4,0.501094778618837,1.004383908636245,0.9573387735910311,0.16133378562800874,-0.2644283479923659,0.5528809175652277,207.51270228443516,1.66609031258252e-40,inconclusive,True,1.0,1.0,9.926722659485574e-07,9.774159375005722e-07,True,47,0.7701959609985352,c1.00_beta6_rho1.00,1.0,6,1.0,800
True,4,4,0.5176217040244805,1.0717289139088277,1.0317209680220596,0.15255092244260257,0.2079369138786731,0.566269570544049,226.13180684064156,1.9476864671435978e-44,inconclusive,True,1.0,1.0,9.247340894157322e-07,8.954205551005142e-07,True,48,0.7226378917694092,c1.00_beta6_rho1.00,1.0,6,1.0,800
True,4,4,0.4608778906082465,0.8496337202060273,0.8000686562411639,0.14997834256807546,-1.333068097269357,0.511556711660211,157.70382005959638,4.8301570389266854e-30,inconclusive,True,1.0,1.0,9.555574481378902e-07,8.644546478446288e-07,True,49,0.7825970649719238,c1.00_beta6_rho1.00,1.0,6,1.0,800
True,4,4,0.4974313426412414,0.9897517625674723,0.9548870012377445,0.13587260599861908,-0.33202424013795684,0.5427654995525051,240.88140918828427,1.4733197229532636e-47,inconclusive,True,1.0,1.0,9.475493103908554e-07,9.6546264608493e-07,True,50,0.6923501491546631,c1.00_beta6_rho1.00,1.0,6,1.0,800
True,4,4,0.5132251715693995,1.0536003069297584,1.0108032805431648,0.16633511943663182,0.0649488849964755,0.5666569078900201,198.43865218018894,1.3627868263136505e-38,inconclusive,True,1.0,1.0,8.855116698466333e-07,9.398230409859235e-07,True,51,0.7498950958251953,c1.00_beta6_rho1.00,1.0,6,1.0,800
True,4,4,0.5039450583838302,1.015842487477928,0.9765631056131291,0.13654763494572833,-0.17163896244842353,0.5479881335862247,236.84484656123033,1.0543705799087984e-46,inconclusive,True,1.0,1.0,9.61282139545578e-07,8.333918017196767e-07,True,52,0.7139689922332764,c1.00_beta6_rho1.00,1.0,6,1.0,800
True,4,4,0.5526824503825168,1.2218315638432928,1.1821699732070983,0.159278398492374,1.143720522879443,0.6008659635605726,277.2991239392637,2.7688212714920127e-55,inconclusive,True,1.0,1.0,5.956524908282035e-07,8.494553868046833e-07,True,53,0.7348582744598389,c1.00_beta6_rho1.00,1.0,6,1.0,800
True,4,4,0.5516011851794199,1.2170554699653626,1.1765425912905378,0.1630215230329435,1.0829403872939034,0.6009761090763983,268.9228099697825,1.6654078565548975e-53,inconclusive,True,1.0,1.0,8.192275023602078e-07,9.53889525307155e-07,True,54,0.7400870323181152,c1.00_beta6_rho1.00,1.0,6,1.0,800
True,4,4,0.5200411474103416,1.0817711799994583,1.0375111038448461,0.17396261460328236,0.21562738597824202,0.5752508455945581,213.51424298280756,9.021335028616938e-42,inconclusive,True,1.0,1.0,9.873959378640448e-07,8.242139156527098e-07,True,55,0.7506070137023926,c1.00_beta6_rho1.00,1.0,6,1.0,800
True,4,4,0.5404326404175992,1.1682697553149521,1.119354682248925,0.1773275631719613,0.6730746202900353,0.593934459282081,195.00542514771655,7.201756713891402e-38,inconclusive,True,1.0,1.0,9.521702172857112e-07,9.607050960572544e-07,True,56,0.7693727016448975,c1.00_beta6_rho1.00,1.0,6,1.0,800
True,4,4,0.4913373451690868,0.9656495470312254,0.9244309982509951,0.13512802917944902,-0.5592400200601598,0.5354196548385238,235.6562955627129,1.881850494118964e-46,inconclusive,True,1.0,1.0,8.612521375311064e-07,9.677270594186914e-07,True,57,0.7411892414093018,c1.00_beta6_rho1.00,1.0,6,1.0,800
True,4,4,0.5045065020313029,1.0181072423674442,0.9770460256458906,0.15577671405258145,-0.14735176880391396,0.5552647834028963,224.8290680045731,3.672357549959921e-44,inconclusive,True,1.0,1.0,9.6761723981177e-07,9.527028814781107e-07,True,58,0.7427380084991455,c1.00_beta6_rho1.00,1.0,6,1.0,800
True,4,4,0.48918515663362183,0.9572084698826445,0.9141781798914239,0.14027162548471203,-0.6118259470653219,0.5350010448186833,225.01291412300088,3.3579844584571577e-44,inconclusive,True,1.0,1.0,8.770256133071401e-07,8.567640115122664e-07,True,59,0.7552409172058105,c1.00_beta6_rho1.00,1.0,6,1.0,800
True,4,4,0.5516331418345852,1.2171964926811825,1.1667421538526834,0.182104733951186,0.915638765861954,0.6054497885822829,211.07224257495307,2.955968294307714e-41,inconclusive,True,1.0,1.0,9.741209793013712e-07,8.823763021700452e-07,True,60,0.7768568992614746,c1.00_beta6_rho1.00,1.0,6,1.0,800
True,4,4,0.5239234486622657,1.0979831202326469,1.0555971490240823,0.15898014546367012,0.34971127282549425,0.573824062301171,253.06904551832216,3.8509470183738624e-50,inconclusive,True,1.0,1.0,8.659865032194214e-07,8.592174873069882e-07,True,61,0.7374238967895508,c1.00_beta6_rho1.00,1.0,6,1.0,800
True,4,4,0.5062588523304445,1.0251921022517554,0.9851672406382266,0.14819997166817217,-0.10008611469228061,0.5542865913836282,267.1396433877846,3.9822412534057904e-53,inconclusive,True,1.0,1.0,9.654697394587947e-07,8.89230386251447e-07,True,62,0.7248010635375977,c1.00_beta6_rho1.00,1.0,6,1.0,800
True,4,4,0.5179960807009443,1.0732797584861566,1.0284149813427068,0.16852791039915407,0.16860697599232466,0.5713183714019067,221.13119269785633,2.220836204365227e-43,inconclusive,True,1.0,1.0,8.590842839460808e-07,9.840605767892557e-07,True,63,0.7575039863586426,c1.00_beta6_rho1.00,1.0,6,1.0,800
True,4,4,0.5688409609130117,1.2943201552497543,1.2582030285607737,0.1509990494485716,1.7099645958282303,0.613712954627911,325.3469194617833,1.6430336370863453e-65,meaningfully_different,True,1.0,1.0,6.613471141263038e-07,9.99871040605973e-07,True,64,0.7088100910186768,c1.00_beta6_rho1.00,1.0,6,1.0,800
True,4,4,0.49456441741187845,0.9783758518798029,0.9331660712012896,0.15596069975118243,-0.42853057792980126,0.5453665267159581,209.110025696305,7.668984529514713e-41,inconclusive,True,1.0,1.0,9.431880875914361e-07,9.818801004799487e-07,True,65,0.758875846862793,c1.00_beta6_rho1.00,1.0,6,1.0,800
True,4,4,0.5023447131156261,1.0094008431808827,0.9663419162486995,0.14906068736903164,-0.22580121120716917,0.5503464655341057,214.6014155790412,5.318009249069187e-42,inconclusive,True,1.0,1.0,9.459933039963904e-07,9.122955255778148e-07,True,66,0.7527170181274414,c1.00_beta6_rho1.00,1.0,6,1.0,800
True,4,4,0.4808707888015212,0.9249468620903887,0.875971963291986,0.1520076147750333,-0.8159330497460391,0.5305662634815141,226.84691780353296,1.375028583348443e-44,inconclusive,True,1.0,1.0,9.781932038956819e-07,9.71318196639334e-07,True,67,0.7888340950012207,c1.00_beta6_rho1.00,1.0,6,1.0,800
True,4,4,0.5131093424706502,1.0531247893226519,1.0087038064417715,0.15315589753731498,0.05682971783473691,0.5613873083698615,244.7753806735932,2.205218970386195e-48,inconclusive,True,1.0,1.0,9.08296502676953e-07,8.624033252112505e-07,True,68,0.7526378631591797,c1.00_beta6_rho1.00,1.0,6,1.0,800
True,4,4,0.47028616682193985,0.8846763148162937,0.8442147324146272,0.1293517447382975,-1.2043538175735875,0.5140475218547204,209.71958752502113,5.70333728420859e-41,inconclusive,True,1.0,1.0,9.607681060120026e-07,9.549905904636215e-07,True,69,0.720919132232666,c1.00_beta6_rho1.00,1.0,6,1.0,800
True,4,4,0.5107322375649962,1.043389673952591,1.00722221263249,0.14209687250724207,0.05082597882034184,0.5569898492689269,238.8704930398947,3.9276372668244214e-47,inconclusive,True,1.0,1.0,8.04465327685614e-07,9.734308262821374e-07,True,70,0.7143092155456543,c1.00_beta6_rho1.00,1.0,6,1.0,800
True,4,4,0.46298419590025125,0.8574174626136088,0.8183583441278254,0.13167128873908887,-1.3795084532976944,0.508659596630126,208.48466662718846,1.0391263942005552e-40,inconclusive,True,1.0,1.0,8.952990363914084e-07,8.330940799899267e-07,True,71,0.7151620388031006,c1.00_beta6_rho1.00,1.0,6,1.0,800
True,4,4,0.5056850580881304,1.0228695118943831,0.980558281616483,0.14873735633620128,-0.13071173821034976,0.5534459010710209,236.31777837471355,1.3632226371457734e-46,inconclusive,True,1.0,1.0,8.657600720252375e-07,8.638902485455675e-07,True,72,0.7518749237060547,c1.00_beta6_rho1.00,1.0,6,1.0,800
True,4,4,0.4960339175894413,0.9841985895965146,0.9401057351048652,0.15298057801574713,-0.39151548302405803,0.545833398049991,198.87578623945552,1.1024102691061932e-38,inconclusive,True,1.0,1.0,8.806441369121654e-07,8.842652522140128e-07,True,73,0.751122236251831,c1.00_beta6_rho1.00,1.0,6,1.0,800
True,4,4,0.5055936944741906,1.0224999355682445,0.9846780074208956,0.13959892558875026,-0.10975723856386989,0.550975908387581,237.80363220176486,6.607155574326929e-47,inconclusive,True,1.0,1.0,8.408400387036463e-07,9.313635472959647e-07,True,74,0.7112419605255127,c1.00_beta6_rho1.00,1.0,6,1.0,800
True,4,4,0.5635981920162186,1.2705716881758016,1.2294119344136405,0.16690820039966792,1.3744797071941646,0.6131785003587816,254.97673094602038,1.5171406733338801e-50,inconclusive,True,1.0,1.0,7.355013335748401e-07,9.242611030881192e-07,True,75,0.7406270503997803,c1.00_beta6_rho1.00,1.0,6,1.0,800
True,4,4,0.573007236493847,1.313349172297262,1.272672667111666,0.17341168113752592,1.5724008055456198,0.6240812246387639,262.94194031204245,3.098622305152419e-52,inconclusive,True,1.0,1.0,9.220921837814371e-07,9.54532529408006e-07,True,76,0.7305302619934082,c1.00_beta6_rho1.00,1.0,6,1.0,800
True,4,4,0.49692693156951856,0.9877455012763879,0.9452961038163805,0.14825029475118737,-0.3689968797392988,0.5452398873052338,194.9377783318052,7.441841291965793e-38,inconclusive,True,1.0,1.0,8.322307567165777e-07,9.167310346322527e-07,True,77,0.7490048408508301,c1.00_beta6_rho1.00,1.0,6,1.0,800
True,4,4,0.4871274910669299,0.9491727702126473,0.9030887450471824,0.15071436120090603,-0.6430127439788732,0.5364214315028266,193.5770310666876,1.4392334935367814e-37,inconclusive,True,1.0,1.0,9.878597503614512e-07,9.507562992709142e-07,True,78,0.7661058902740479,c1.00_beta6_rho1.00,1.0,6,1.0,800
True,4,4,0.485459275941553,0.9426828343907876,0.905307464599854,0.13797931343291442,-0.6862806680523565,0.5320392933666312,203.18777318497553,1.3604213068638212e-39,inconclusive,True,1.0,1.0,9.248353654767497e-07,8.354246460216036e-07,True,79,0.7214820384979248,c1.00_beta6_rho1.00,1.0,6,1.0,800
True,4,4,0.5243626440086986,1.0998247297271728,1.0557786191856893,0.16600381481328214,0.33600805649212323,0.5763745735346714,213.60671107457605,8.624827467712016e-42,inconclusive,True,1.0,1.0,9.75318508008888e-07,9.040464850958984e-07,True,80,0.7474360466003418,c1.00_beta6_rho1.00,1.0,6,1.0,800
True,4,4,0.5484490465684768,1.203185426727485,1.1657884716191196,0.15497869874707904,1.069750055713668,0.5959668082941935,253.23730308061567,3.547234845485383e-50,inconclusive,True,1.0,1.0,9.560122260082032e-07,9.830728098909847e-07,True,81,0.6996989250183105,c1.00_beta6_rho1.00,1.0,6,1.0,800
True,4,4,0.5845855463961772,1.3669610442212683,1.324397917238777,0.1843521869233048,1.7596640574366214,0.6378930710816686,286.3690325672102,3.2690552789721276e-57,meaningfully_different,True,1.0,1.0,8.361682778440867e-07,9.246943089832889e-07,True,82,0.7383861541748047,c1.00_beta6_rho1.00,1.0,6,1.0,800
True,4,4,0.4999993440394326,0.9999973761594514,0.9615711212500115,0.1452911727627647,-0.2644956195152761,0.5478489376034414,223.3206604276253,7.652437584210885e-44,inconclusive,True,1.0,1.0,8.853206566589487e-07,8.999175595033151e-07,True,83,0.7288727760314941,c1.00_beta6_rho1.00,1.0,6,1.0,800
True,4,4,0.48153911955298456,0.9275196946394542,0.8885777587684005,0.13711548499828546,-0.8126160311725021,0.5277576767748244,207.60309893810586,1.5945240523422496e-40,inconclusive,True,1.0,1.0,9.959640320295215e-07,8.339612669998294e-07,True,84,0.7123250961303711,c1.00_beta6_rho1.00,1.0,6,1.0,800
True,4,4,0.5403338512201566,1.1678426830976254,1.1258387594609018,0.15679092332446654,0.8025895682780589,0.5881617291111818,253.50552986003714,3.1118133402873714e-50,inconclusive,True,1.0,1.0,8.910815884183162e-07,9.631841505314275e-07,True,85,0.7497012615203857,c1.00_beta6_rho1.00,1.0,6,1.0,800
True,4,4,0.516561704135793,1.0673439767186983,1.0273768026510146,0.1484240415527545,0.18444992040783398,0.563806843193185,226.55977891489667,1.5813485877529688e-44,inconclusive,True,1.0,1.0,7.65205820772454e-07,7.747347810199278e-07,True,86,0.7259459495544434,c1.00_beta6_rho1.00,1.0,6,1.0,800
True,4,4,0.47141536852210625,0.8889297987153331,0.850392715835737,0.13877639054430907,-1.0780456501100297,0.519292683647136,210.7809937661086,3.4053506050062104e-41,inconclusive,True,1.0,1.0,9.969350821184357e-07,7.618103125461152e-07,True,87,0.7313401699066162,c1.00_beta6_rho1.00,1.0,6,1.0,800
True,4,4,0.508554147661854,1.0345092844162995,0.9887027122001277,0.15281316801630776,-0.07392875853909825,0.5567894588301974,210.415974681253,4.0661944592285645e-41,inconclusive,True,1.0,1.0,8.90498903497748e-07,9.677056649813083e-07,True,88,0.7619776725769043,c1.00_beta6_rho1.00,1.0,6,1.0,800
True,4,4,0.5149087969488348,1.0605242767011855,1.0179972689609018,0.14730723028834775,0.1221750549899887,0.5613145510711588,254.4922566855659,1.9220725521616791e-50,inconclusive,True,1.0,1.0,8.90655365665342e-07,9.873729199006613e-07,True,89,0.7510528564453125,c1.00_beta6_rho1.00,1.0,6,1.0,800
True,4,4,0.5384912016431974,1.1598910969885388,1.1193470247610489,0.15622025841519563,0.7639663765236732,0.5865804470442608,268.4334084522173,2.115618562820729e-53,inconclusive,True,1.0,1.0,7.528446764732561e-07,8.511208290951377e-07,True,90,0.7367208003997803,c1.00_beta6_rho1.00,1.0,6,1.0,800
True,4,4,0.4992560616507026,0.9970264603798805,0.960310397694856,0.14443279260542188,-0.2747963366849285,0.5472387962449788,223.63621831988314,6.562969279397964e-44,inconclusive,True,1.0,1.0,8.781773347451523e-07,9.786438835859019e-07,True,91,0.7094311714172363,c1.00_beta6_rho1.00,1.0,6,1.0,800
True,4,4,0.4907378823856226,0.9632946768333006,0.9209835523501679,0.1400733943764937,-0.5641074666717162,0.5365127638578945,229.64916213992606,3.512907264837674e-45,inconclusive,True,1.0,1.0,8.491250573826318e-07,9.83090907138574e-07,True,92,0.7448451519012451,c1.00_beta6_rho1.00,1.0,6,1.0,800
True,4,4,0.49675378545970655,0.9870572934741926,0.9441924001609985,0.14794921738386527,-0.3772078070153257,0.5448731978587956,195.42244250436943,5.883539990102673e-38,inconclusive,True,1.0,1.0,8.641618764348293e-07,8.561493634503591e-07,True,93,0.7558598518371582,c1.00_beta6_rho1.00,1.0,6,1.0,800
True,4,4,0.5296405762568712,1.1220765600708424,1.0814466961966605,0.1597940432788416,0.5096979494694646,0.5797164194347749,222.47644743670168,1.154060012674342e-43,inconclusive,True,1.0,1.0,8.634802082760793e-07,9.679215392703653e-07,True,94,0.7264952659606934,c1.00_beta6_rho1.00,1.0,6,1.0,800
True,4,4,0.49139094824667384,0.9658602560750611,0.9229512733908662,0.1446388365103304,-0.5326973617049994,0.538716295517159,207.17015863416833,1.9676572163925417e-40,inconclusive,True,1.0,1.0,9.315630418272585e-07,8.071621541348784e-07,True,95,0.7331738471984863,c1.00_beta6_rho1.00,1.0,6,1.0,800
True,4,4,0.5263218156575761,1.1080586145483498,1.0645319648837928,0.15419315918191995,0.4185137993551111,0.5740551240985658,246.24213184395856,1.0781289771906519e-48,inconclusive,True,1.0,1.0,8.794917409039346e-07,7.013229204966057e-07,True,96,0.7440719604492188,c1.00_beta6_rho1.00,1.0,6,1.0,800
True,4,4,0.5709876086588161,1.3041073969676533,1.263424968777284,0.16386033987244722,1.607618835542147,0.6190620411416734,303.8845366521925,6.134773987425556e-61,inconclusive,True,1.0,1.0,9.36533952495506e-07,9.104687113695322e-07,True,97,0.720815896987915,c1.00_beta6_rho1.00,1.0,6,1.0,800
True,4,4,0.5589850217741169,1.2498570182712399,1.2126160961798085,0.15309925275134703,1.3887467924165802,0.6050706482204004,300.036322325165,4.045144883827149e-60,inconclusive,True,1.0,1.0,7.801169419756773e-07,6.897170856823706e-07,True,98,0.7093031406402588,c1.00_beta6_rho1.00,1.0,6,1.0,800
True,4,4,0.5075522434687239,1.030437119400539,0.9858828529141724,0.15822076174284172,-0.08922436556570464,0.5581516027760537,191.91727425608212,3.216926821070507e-37,inconclusive,True,1.0,1.0,9.258688369795956e-07,9.858645297622157e-07,True,99,0.7509989738464355,c1.00_beta6_rho1.00,1.0,6,1.0,800
True,4,4,0.48034604916320717,0.922929307786809,0.8836094111359661,0.12923997687064992,-0.9005772956809146,0.5234955242976722,216.79786025736396,1.8278488815425226e-42,inconclusive,True,1.0,1.0,9.85023994499473e-07,9.715183518704787e-07,True,100,0.7163379192352295,c1.00_beta6_rho1.00,1.0,6,1.0,800
True,4,4,0.5330486918115478,1.1365636313680096,1.0919196078394018,0.1604159621104148,0.5730078642431682,0.5821899142328102,225.21688586516535,3.04058197457195e-44,inconclusive,True,1.0,1.0,8.320629482278351e-07,9.561286865261632e-07,True,101,0.7419300079345703,c1.00_beta6_rho1.00,1.0,6,1.0,800
True,4,4,0.5009933171031318,1.0039772151279964,0.96288177803947,0.14331154666893076,-0.2590037078190093,0.5474048536873521,236.04005691495755,1.5608251889379683e-46,inconclusive,True,1.0,1.0,8.194148764252914e-07,9.115723051661077e-07,True,102,0.7262120246887207,c1.00_beta6_rho1.00,1.0,6,1.0,800
True,4,4,0.48142538226468573,0.9270815947547951,0.879097683571113,0.1642636615733268,-0.7360259431141234,0.5360241046553618,216.2795009570708,2.3518561056743995e-42,inconclusive,True,1.0,1.0,9.5440322025691e-07,9.764018026333745e-07,True,103,0.7777683734893799,c1.00_beta6_rho1.00,1.0,6,1.0,800
True,4,4,0.5381432573010037,1.158392661514137,1.113982474320755,0.16405949089430588,0.6947630624685243,0.588182863349925,232.48381278297745,8.830273724249049e-46,inconclusive,True,1.0,1.0,8.349267777570563e-07,9.034416593225451e-07,True,104,0.7488641738891602,c1.00_beta6_rho1.00,1.0,6,1.0,800
True,4,4,0.5087540987446673,1.0353229319579944,0.9849052465220014,0.1571740706747841,-0.09603844586574227,0.5575467663645237,220.82904449564182,2.5725391761277713e-43,inconclusive,True,1.0,1.0,9.990336234072655e-07,9.829149297189575e-07,True,105,0.7885901927947998,c1.00_beta6_rho1.00,1.0,6,1.0,800
True,4,4,0.49054194584120325,0.9625256025186959,0.9223884429854899,0.14242132633902493,-0.5449433663450141,0.5377384769033815,203.05471522137782,1.4511810653682041e-39,inconclusive,True,1.0,1.0,8.994286517048986e-07,9.759585973856843e-07,True,106,0.730482816696167,c1.00_beta6_rho1.00,1.0,6,1.0,800
True,4,4,0.5155918426676742,1.0633397929017907,1.026583127610897,0.14512312746417727,0.18317636944158924,0.5624254239841248,247.40039664870704,6.1266188853965556e-49,inconclusive,True,1.0,1.0,9.805213423134355e-07,8.941242588576032e-07,True,107,0.7119560241699219,c1.00_beta6_rho1.00,1.0,6,1.0,800
True,4,4,0.5160091861688169,1.0650619208424188,1.0210349851832061,0.15521185396635132,0.135524347178833,0.5648751557038115,236.01937983588329,1.57663467416169e-46,inconclusive,True,1.0,1.0,8.1136815293551e-07,7.671065570412224e-07,True,108,0.7641968727111816,c1.00_beta6_rho1.00,1.0,6,1.0,800
True,4,4,0.5183571628562426,1.0747765931374926,1.0360112728431965,0.15050889928326058,0.23926341242734492,0.5664751498781172,241.1955438279943,1.264058924743708e-47,inconclusive,True,1.0,1.0,9.826383666288654e-07,9.193325057931584e-07,True,109,0.733165979385376,c1.00_beta6_rho1.00,1.0,6,1.0,800
True,4,4,0.5257611192498084,1.1056990180592452,1.059865331306938,0.15791561752747899,0.3790969648490957,0.5743721371091423,227.93842173480482,8.081521712376945e-45,inconclusive,True,1.0,1.0,9.825062342244903e-07,9.539156878530326e-07,True,110,0.7551372051239014,c1.00_beta6_rho1.00,1.0,6,1.0,800
True,4,4,0.5181015518766374,1.0737168722279202,1.0260398177525496,0.1647123267394222,0.15809270786238755,0.5694224016039201,219.0182347805162,6.207904062902101e-43,inconclusive,True,1.0,1.0,8.411381936876647e-07,8.227041735643719e-07,True,111,0.7680292129516602,c1.00_beta6_rho1.00,1.0,6,1.0,800
True,4,4,0.5672989005874166,1.2873121704307662,1.2514855668090248,0.15683556038987942,1.60349837870859,0.6142998264592145,319.48599206846046,2.9160425455654912e-64,inconclusive,True,1.0,1.0,7.060246137344537e-07,9.11340239594948e-07,True,112,0.7120299339294434,c1.00_beta6_rho1.00,1.0,6,1.0,800
True,4,4,0.537115730471848,1.1539732316812277,1.1131304615139512,0.159417418926015,0.709649311073432,0.5863763256718438,262.01150372478344,4.882332167719729e-52,inconclusive,True,1.0,1.0,9.342706160529449e-07,9.152197092887637e-07,True,113,0.7306859493255615,c1.00_beta6_rho1.00,1.0,6,1.0,800
True,4,4,0.47357599267331835,0.8970968833460755,0.85236046868379,0.15162165260022767,-0.9737364603555858,0.5248228019740688,172.94514067369388,3.1122596642932704e-33,inconclusive,True,1.0,1.0,8.543642695295648e-07,9.416671881465225e-07,True,114,0.7398860454559326,c1.00_beta6_rho1.00,1.0,6,1.0,800
True,4,4,0.4579260534815147,0.8387850818286202,0.7988818016646231,0.123268609563495,-1.6315443083811374,0.500409987209089,238.0243365862201,5.93318076684487e-47,inconclusive,True,1.0,1.0,6.861663750657488e-07,9.60721287804265e-07,True,115,0.7312588691711426,c1.00_beta6_rho1.00,1.0,6,1.0,800
True,4,4,0.45964864910450276,0.8451075224943773,0.804568418684946,0.12717994337899982,-1.5366540990874824,0.5034284481997856,188.7323475448731,1.5047609494004394e-36,inconclusive,True,1.0,1.0,9.153174339276841e-07,9.535257473692236e-07,True,116,0.7342400550842285,c1.00_beta6_rho1.00,1.0,6,1.0,800
True,4,4,0.49387631955411043,0.9756552760652553,0.9373273299028845,0.14378643499659896,-0.43587331516076566,0.5417183237194083,214.47515127856673,5.6546723718918236e-42,inconclusive,True,1.0,1.0,7.627105363594395e-07,9.007599990738318e-07,True,117,0.7149169445037842,c1.00_beta6_rho1.00,1.0,6,1.0,800
True,4,4,0.5003140274793493,1.0012565043704285,0.9620376513537733,0.14323311303097566,-0.26503891343908,0.5471825921989669,229.66393046883772,3.48772979117322e-45,inconclusive,True,1.0,1.0,9.743582106568304e-07,9.922562271822859e-07,True,118,0.716303825378418,c1.00_beta6_rho1.00,1.0,6,1.0,800
True,4,4,0.5297814308133896,1.1226734577387292,1.0867188904316456,0.1430426811231286,0.6062448616787287,0.5748919818726572,310.5431829436603,2.3439430621988502e-62,inconclusive,True,1.0,1.0,9.022891348597622e-07,9.633974750413257e-07,True,119,0.7111761569976807,c1.00_beta6_rho1.00,1.0,6,1.0,800
True,4,4,0.47296818528710033,0.8947956171750914,0.8505851164713287,0.14803564713759437,-1.009316920740009,0.522991894675173,162.1833501995378,5.588225700615921e-31,inconclusive,True,1.0,1.0,7.200455411189983e-07,9.61661391477381e-07,True,120,0.7483370304107666,c1.00_beta6_rho1.00,1.0,6,1.0,800
True,4,4,0.5216884158581102,1.0886352129621781,1.045042395923638,0.15790587940520628,0.2852483776620721,0.5711336214889325,209.78559054134107,5.523351940998512e-41,inconclusive,True,1.0,1.0,9.208485674336234e-07,8.66351179651937e-07,True,121,0.7414050102233887,c1.00_beta6_rho1.00,1.0,6,1.0,800
True,4,4,0.46633133508601904,0.8698596563324359,0.8319753831423381,0.14472181006317011,-1.1610179335396666,0.5172092365096851,198.72080599424694,1.18847867069097e-38,inconclusive,True,1.0,1.0,9.26132471179996e-07,9.626299359295445e-07,True,122,0.7103447914123535,c1.00_beta6_rho1.00,1.0,6,1.0,800
True,4,4,0.49585018105984446,0.9834696082283221,0.9433867686696206,0.14267207051521408,-0.396806684909941,0.5426926941928661,223.70132839830697,6.358252146828754e-44,inconclusive,True,1.0,1.0,7.816714107928741e-07,8.452433182292786e-07,True,123,0.7346696853637695,c1.00_beta6_rho1.00,1.0,6,1.0,800
True,4,4,0.4707848302814374,0.8865534256924874,0.8431660199054979,0.14403868318856736,-1.0888323651861207,0.5196365485532958,181.05442927750272,6.182816247633585e-35,inconclusive,True,1.0,1.0,8.596535853937846e-07,9.214913086140133e-07,True,124,0.7518489360809326,c1.00_beta6_rho1.00,1.0,6,1.0,800
True,4,4,0.5132857229113245,1.0538489333784038,1.014538540476659,0.1500215401288338,0.0969096868634576,0.5615385149031225,217.04087480866968,1.6241135468648992e-42,inconclusive,True,1.0,1.0,9.149708845551994e-07,9.818552810392875e-07,True,125,0.725970983505249,c1.00_beta6_rho1.00,1.0,6,1.0,800
True,4,4,0.5445864683106947,1.1862976858684608,1.1397396584063604,0.16515771051528158,0.8460983018617871,0.5940117670480994,244.57747199246094,2.428744767739626e-48,inconclusive,True,1.0,1.0,6.308777855354498e-07,8.949277237025949e-07,True,126,0.768326997756958,c1.00_beta6_rho1.00,1.0,6,1.0,800
True,4,4,0.5795011840753886,1.34328648937911,1.3041398811015454,0.16776818594523749,1.8128578990585384,0.6285089478759707,289.63925868730564,6.591623201458131e-58,meaningfully_different,True,1.0,1.0,8.724292398165542e-07,8.955264755493622e-07,True,127,0.7714831829071045,c1.00_beta6_rho1.00,1.0,6,1.0,800
True,4,4,0.47216766429454554,0.8917692128214667,0.8479052646634901,0.13475858053533984,-1.1286460181778457,0.517098492702279,204.2072886730978,8.293633090677414e-40,inconclusive,True,1.0,1.0,8.095649486329591e-07,9.390623241298572e-07,True,128,0.7736151218414307,c1.00_beta6_rho1.00,1.0,6,1.0,800
True,4,4,0.47157804967299455,0.8895434277335412,0.8454551015008522,0.1404445549591113,-1.100397936709911,0.5187643581412787,206.1741953547384,3.1915582900541636e-40,inconclusive,True,1.0,1.0,9.422941133106986e-07,9.280543748194927e-07,True,129,0.7747080326080322,c1.00_beta6_rho1.00,1.0,6,1.0,800
True,4,4,0.530721015914686,1.1266591869340654,1.0837634409470134,0.1664449629716474,0.503250080095736,0.5825678162194362,205.05099860319865,5.50623168433071e-40,inconclusive,True,1.0,1.0,9.315211842976207e-07,7.903741638640308e-07,True,130,0.7618238925933838,c1.00_beta6_rho1.00,1.0,6,1.0,800
True,4,4,0.49938940984909486,0.997559130677709,0.9509589657040552,0.14930660064333812,-0.3284585817682194,0.5469338326754081,250.5484583509143,1.3181614490715534e-49,inconclusive,True,1.0,1.0,9.250418535205789e-07,9.877506952797359e-07,True,131,0.7683298587799072,c1.00_beta6_rho1.00,1.0,6,1.0,800
True,4,4,0.49946157680037967,0.9978474667996862,0.9581176091034467,0.13833361086314014,-0.30276366412490685,0.5444391955629609,271.06770019410305,5.8349451718222e-54,inconclusive,True,1.0,1.0,8.892986639560889e-07,8.972168008896443e-07,True,132,0.7293310165405273,c1.00_beta6_rho1.00,1.0,6,1.0,800
True,4,4,0.5235192565166044,1.096289647774793,1.0567725975086775,0.14051007631265877,0.4040464498955136,0.567426450334046,264.0487339490049,1.804106990425453e-52,inconclusive,True,1.0,1.0,8.208683991779137e-07,9.145948315183312e-07,True,133,0.7315480709075928,c1.00_beta6_rho1.00,1.0,6,1.0,800
True,4,4,0.5278059586110329,1.1143165197812452,1.0717238880711824,0.15339086400685353,0.46758904798904916,0.5753323837300651,234.1580314984447,3.905623719493498e-46,inconclusive,True,1.0,1.0,9.192288781939717e-07,9.280650364516512e-07,True,134,0.7437260150909424,c1.00_beta6_rho1.00,1.0,6,1.0,800
True,4,4,0.5479291916338901,1.200905596178273,1.158212171442528,0.1558858968395389,1.0149229317735113,0.5946893420622289,324.8748729569624,2.0714288925490784e-65,inconclusive,True,1.0,1.0,7.515795358367503e-07,7.339649101668929e-07,True,135,0.7493581771850586,c1.00_beta6_rho1.00,1.0,6,1.0,800
True,4,4,0.5414953872244088,1.17286901754125,1.130087562051273,0.1706604110106791,0.7622597489416141,0.5938852915503164,251.85436600776143,6.968082160043817e-50,inconclusive,True,1.0,1.0,8.768384019191672e-07,7.862589568694238e-07,True,136,0.7498598098754883,c1.00_beta6_rho1.00,1.0,6,1.0,800
True,4,4,0.5542268817412314,1.2286697457784355,1.186078138127793,0.16854792714091904,1.1040072772429725,0.6048377483674209,266.78336489962436,4.73987394381737e-53,inconclusive,True,1.0,1.0,9.584891343805782e-07,8.476158024668e-07,True,137,0.7533960342407227,c1.00_beta6_rho1.00,1.0,6,1.0,800
True,4,4,0.5595528466200708,1.252397552642498,1.2157244127571718,0.1453471718867971,1.4842009648814334,0.6030752928951552,335.81947455951587,9.606966905602422e-68,inconclusive,True,1.0,1.0,7.740419625498559e-07,8.998029330770693e-07,True,138,0.7051198482513428,c1.00_beta6_rho1.00,1.0,6,1.0,800
True,4,4,0.4764548020463245,0.9080367135720091,0.8706161927653656,0.13085317058273213,-0.9887708999212309,0.521020754144322,217.69236968469255,1.1830820065359433e-42,inconclusive,True,1.0,1.0,9.210004905827616e-07,9.68420559212841e-07,True,139,0.7163352966308594,c1.00_beta6_rho1.00,1.0,6,1.0,800
True,4,4,0.5504737847735637,1.212085550891727,1.169550616332854,0.15321632327897733,1.1066093527393621,0.5961478510794216,289.11728152346967,8.511468584724926e-58,inconclusive,True,1.0,1.0,8.523426549397112e-07,9.589164764845046e-07,True,140,0.7420947551727295,c1.00_beta6_rho1.00,1.0,6,1.0,800
True,4,4,0.4730375411727235,0.8950580614349444,0.8552516601213509,0.13998924376039004,-1.0339961556361064,0.5209398898756992,181.57229404584476,4.812970820683335e-35,inconclusive,True,1.0,1.0,9.542198009841322e-07,8.028083685496142e-07,True,141,0.7224152088165283,c1.00_beta6_rho1.00,1.0,6,1.0,800
True,4,4,0.49198617587432836,0.9682015890057822,0.9284168634094746,0.12823433831122663,-0.5582212809239291,0.5337001920274195,289.39360879272584,7.434243535043735e-58,inconclusive,True,1.0,1.0,8.975171682119535e-07,8.492629093095469e-07,True,142,0.7301111221313477,c1.00_beta6_rho1.00,1.0,6,1.0,800
True,4,4,0.5219908932000162,1.089897970335003,1.0407969012679845,0.18251015097923334,0.22353223121615048,0.5790076392116164,179.23660435696956,1.489094292659558e-34,inconclusive,True,1.0,1.0,7.225070560192998e-07,9.060379349895176e-07,True,143,0.7673180103302002,c1.00_beta6_rho1.00,1.0,6,1.0,800
True,4,4,0.6046251710987319,1.4622863901046832,1.4240603399875031,0.18176790812371094,2.3329769504685522,0.6563234612079951,307.55841656758304,1.0129304785961778e-61,meaningfully_different,True,1.0,1.0,8.724492470615359e-07,9.505664613531037e-07,True,144,0.7239470481872559,c1.00_beta6_rho1.00,1.0,6,1.0,800
True,4,4,0.5267703722055509,1.1099481001342986,1.0638193123513342,0.16428026644781943,0.3884782617613127,0.577502446846458,205.9132570364352,3.622688420887589e-40,inconclusive,True,1.0,1.0,8.621307311517555e-07,9.899689148132663e-07,True,145,0.7697720527648926,c1.00_beta6_rho1.00,1.0,6,1.0,800
True,4,4,0.4738184303472205,0.8980156197468154,0.8568371566204784,0.1319489584372687,-1.0849865362717825,0.5181394309156776,196.90835843008972,2.8624881267919166e-38,inconclusive,True,1.0,1.0,8.542683344148107e-07,9.103286697097475e-07,True,146,0.737807035446167,c1.00_beta6_rho1.00,1.0,6,1.0,800
True,4,4,0.49417029599295237,0.9768171257670486,0.9328354505567128,0.15936612649207216,-0.4214480888862438,0.5465732800207134,183.21590651644684,2.1732915600148644e-35,inconclusive,True,1.0,1.0,9.059711185115252e-07,8.093048955838947e-07,True,147,0.7461879253387451,c1.00_beta6_rho1.00,1.0,6,1.0,800
True,4,4,0.5269841113843715,1.1108490146063028,1.0743164943402885,0.14419470644830282,0.5153898930882926,0.5726027593866847,253.09156755645034,3.8088333187930876e-50,inconclusive,True,1.0,1.0,9.487710380543173e-07,8.04893755473389e-07,True,148,0.7056059837341309,c1.00_beta6_rho1.00,1.0,6,1.0,800
True,4,4,0.5432034617596898,1.1802800034708434,1.1391423683606692,0.15283391789136375,0.9104155038384432,0.5896040604773432,256.74598209897846,6.394052608160785e-51,inconclusive,True,1.0,1.0,9.81665985070188e-07,9.89383909783953e-07,True,149,0.7236533164978027,c1.00_beta6_rho1.00,1.0,6,1.0,800
True,4,4,0.5265508738974428,1.109023291208643,1.0681959168591453,0.15162879806656437,0.4497557042509007,0.5739344682342283,231.64926014059606,1.3260206354557505e-45,inconclusive,True,1.0,1.0,9.112930517485403e-07,9.215969588648983e-07,True,150,0.7371008396148682,c1.00_beta6_rho1.00,1.0,6,1.0,800
True,4,4,0.47318504939641104,0.8956163638891358,0.8518441462039853,0.1452770277142444,-1.019816113580138,0.5222077154142042,178.5404425706589,2.08486917138088e-34,inconclusive,True,1.0,1.0,9.78881932585358e-07,8.486439331182902e-07,True,151,0.7493429183959961,c1.00_beta6_rho1.00,1.0,6,1.0,800
True,4,4,0.5490810803689968,1.205960131276739,1.1635943494590306,0.1657107529758924,0.9872283271975133,0.5992003593365676,276.6060238583191,3.886537071257383e-55,inconclusive,True,1.0,1.0,8.260912636219901e-07,9.846623748759773e-07,True,152,0.7456052303314209,c1.00_beta6_rho1.00,1.0,6,1.0,800
True,4,4,0.4809489979539541,0.9252477545316503,0.8773477737487625,0.14977012884288565,-0.8189365075588884,0.5300230451086472,206.69355140276554,2.480115173195132e-40,inconclusive,True,1.0,1.0,9.203754736736527e-07,9.858543887124118e-07,True,153,0.7642719745635986,c1.00_beta6_rho1.00,1.0,6,1.0,800
True,4,4,0.49719588942299764,0.9888150098365027,0.9482999512207344,0.15184028822853068,-0.340489664386393,0.5472784940116846,227.80371040981083,8.629426309835226e-45,inconclusive,True,1.0,1.0,9.699134468964364e-07,9.105928363474943e-07,True,154,0.7186758518218994,c1.00_beta6_rho1.00,1.0,6,1.0,800
True,4,4,0.5445726179569198,1.1862373449138133,1.1449521661378488,0.16222391492410146,0.8935314266436395,0.5940931663003337,257.6903912308017,4.031313719282787e-51,inconclusive,True,1.0,1.0,9.54927642380523e-07,9.949608055717125e-07,True,155,1.0036962032318115,c1.00_beta6_rho1.00,1.0,6,1.0,800
True,4,4,0.5042963316585943,1.01725916049726,0.9772638628275727,0.14543453079356086,-0.156332454530351,0.5514712998623199,226.1391433066423,1.9407421826186727e-44,inconclusive,True,1.0,1.0,8.869164467703774e-07,9.503540724085915e-07,True,156,1.0557019710540771,c1.00_beta6_rho1.00,1.0,6,1.0,800
True,4,4,0.5235934480929227,1.0966003955433448,1.0523621197923216,0.15454038223348748,0.33882483681973996,0.5715239338863116,224.1837108364829,5.027718117501324e-44,inconclusive,True,1.0,1.0,9.030027696851511e-07,9.939048015724173e-07,True,157,1.1035330295562744,c1.00_beta6_rho1.00,1.0,6,1.0,800
True,4,4,0.49220771386654577,0.9690737343589255,0.9204108615010083,0.14063699970395857,-0.565918916547759,0.5365953178484782,230.78829994671415,2.0169556192434194e-45,inconclusive,True,1.0,1.0,9.726619045488216e-07,9.346938835809945e-07,True,158,1.1408052444458008,c1.00_beta6_rho1.00,1.0,6,1.0,800
True,4,4,0.4883797253516665,0.954059024538277,0.9105089575450965,0.14264317887175776,-0.6273769496917879,0.5350551625001376,195.82265740654762,4.845863032793188e-38,inconclusive,True,1.0,1.0,7.805918050827161e-07,8.08077525991835e-07,True,159,0.8621771335601807,c1.00_beta6_rho1.00,1.0,6,1.0,800
True,4,4,0.4920932337960126,0.9686230029912686,0.9232262256563173,0.15352849532164461,-0.500062051561441,0.542161905713258,209.42130572787227,6.592704204218807e-41,inconclusive,True,1.0,1.0,9.243235933877568e-07,7.705118216351478e-07,True,160,0.8060002326965332,c1.00_beta6_rho1.00,1.0,6,1.0,800
True,4,4,0.4224604151803027,0.7138912095772548,0.6715920401682305,0.11864032909012495,-2.768097175306172,0.4654938280404045,165.66336492633613,1.0445217831301226e-31,equivalent,True,1.0,1.0,8.240349705042784e-07,8.706460346269628e-07,True,161,0.7718017101287842,c1.00_beta6_rho1.00,1.0,6,1.0,800
True,4,4,0.49720944364816627,0.9888689234116762,0.944467026250225,0.1499949521841272,-0.3702322840945015,0.5457075149232186,212.1943543210201,1.7134779486166378e-41,inconclusive,True,1.0,1.0,9.973402835197903e-07,9.153112568034798e-07,True,162,0.779695987701416,c1.00_beta6_rho1.00,1.0,6,1.0,800
True,4,4,0.5046138204002818,1.0185404309558712,0.9815972987695959,0.13893063454129298,-0.13245963563877952,0.5500267850044921,227.8145351105791,8.584059730626211e-45,inconclusive,True,1.0,1.0,7.620058591834643e-07,9.749919294815283e-07,True,163,0.7252941131591797,c1.00_beta6_rho1.00,1.0,6,1.0,800
True,4,4,0.513789296979824,1.055917766764087,1.009239009704958,0.16053176251718057,0.05755253390411857,0.5642008200814349,202.24215483262626,2.152755550636344e-39,inconclusive,True,1.0,1.0,9.532743076333153e-07,9.235501672974197e-07,True,164,0.7680509090423584,c1.00_beta6_rho1.00,1.0,6,1.0,800
True,4,4,0.5105914683585355,1.0428145902421018,1.0062098549954939,0.1419521603623086,0.04374611122257158,0.556709165727724,261.5723770323225,6.05081467826337e-52,inconclusive,True,1.0,1.0,9.391452913509227e-07,8.572845165522333e-07,True,165,0.7095208168029785,c1.00_beta6_rho1.00,1.0,6,1.0,800
True,4,4,0.5197476698700816,1.0805505613415174,1.040707740312849,0.15610313048163313,0.26077465703122904,0.5695336997632454,212.80535449238235,1.273245403316283e-41,inconclusive,True,1.0,1.0,8.090688263953902e-07,9.695309217478037e-07,True,166,0.7269351482391357,c1.00_beta6_rho1.00,1.0,6,1.0,800
True,4,4,0.564392372217157,1.2741549992676395,1.2317152213557778,0.17720951271486918,1.3075777807064373,0.6170897282962854,247.30399032236892,6.421722998069699e-49,inconclusive,True,1.0,1.0,8.944870251806753e-07,9.731164051450882e-07,True,167,0.7470688819885254,c1.00_beta6_rho1.00,1.0,6,1.0,800
True,4,4,0.5346471135628661,1.143390144164417,1.1027285858544322,0.14994759607995012,0.6850965840069798,0.5808120249097793,280.5422615083419,5.66365176711188e-56,inconclusive,True,1.0,1.0,9.699564011424808e-07,9.437619780634601e-07,True,168,0.7284741401672363,c1.00_beta6_rho1.00,1.0,6,1.0,800
True,4,4,0.5115067500080479,1.0465566212151827,1.0081005119034787,0.14613709473002265,0.05543090834290775,0.5586758098849249,225.90002051025175,2.180351869954367e-44,inconclusive,True,1.0,1.0,7.442926745920812e-07,8.288982308729913e-07,True,169,0.7263402938842773,c1.00_beta6_rho1.00,1.0,6,1.0,800
True,4,4,0.5142110821457121,1.057652148005857,1.0138256388342777,0.1561511245921502,0.08854011695649805,0.5636203027021444,203.48522728243165,1.1775222104629692e-39,inconclusive,True,1.0,1.0,9.809224385589264e-07,8.143350619157717e-07,True,170,0.7546162605285645,c1.00_beta6_rho1.00,1.0,6,1.0,800
True,4,4,0.5566712303277362,1.2395314346983821,1.199742210258107,0.15450885560724256,1.2927557418834714,0.6028861131672799,276.94567935000646,3.29150718214565e-55,inconclusive,True,1.0,1.0,9.555987125748857e-07,9.421474456055097e-07,True,171,0.7252411842346191,c1.00_beta6_rho1.00,1.0,6,1.0,800
True,4,4,0.5257636177436482,1.1057095269715562,1.0658601744441816,0.1447998752953932,0.45483585058223397,0.5709717100053929,273.36874255671796,1.8936666641311567e-54,inconclusive,True,1.0,1.0,9.635211185210635e-07,9.995556874131115e-07,True,172,0.7291479110717773,c1.00_beta6_rho1.00,1.0,6,1.0,800
True,4,4,0.5014860519700407,1.0059530412819933,0.9611893470097117,0.1581505682355527,-0.24540318396126728,0.5525676164001101,235.9172514835634,1.6571006490676968e-46,inconclusive,True,1.0,1.0,7.208968569594115e-07,7.880380345644635e-07,True,173,0.7662022113800049,c1.00_beta6_rho1.00,1.0,6,1.0,800
True,4,4,0.5043599615678505,1.0175158833308942,0.9809121703294921,0.1350264037424479,-0.1413636825203198,0.5484092541750802,249.63183502995116,2.061930492314098e-49,inconclusive,True,1.0,1.0,8.966305360357336e-07,8.604240506595804e-07,True,174,0.7108139991760254,c1.00_beta6_rho1.00,1.0,6,1.0,800
True,4,4,0.5335854599744875,1.1388537723847416,1.0960255567415262,0.16165259790349862,0.5940242098605207,0.5835067306186844,228.18908008536533,7.152908542525432e-45,inconclusive,True,1.0,1.0,9.961530371538304e-07,8.698662529801715e-07,True,175,0.7433342933654785,c1.00_beta6_rho1.00,1.0,6,1.0,800
True,4,4,0.5171724083894076,1.0698691999972008,1.017725583369076,0.14686322189773682,0.1206945015915457,0.561091366573517,234.67301819483615,3.0387861416250973e-46,inconclusive,True,1.0,1.0,8.867033706401509e-07,9.97682011014451e-07,True,176,0.7908601760864258,c1.00_beta6_rho1.00,1.0,6,1.0,800
True,4,4,0.4853689958694206,0.9423322486051586,0.9051548142629415,0.14115526804099443,-0.671920977894452,0.5332294461260271,200.00760812399687,6.366345497544032e-39,inconclusive,True,1.0,1.0,9.278119644469227e-07,9.356372434547438e-07,True,177,0.7115881443023682,c1.00_beta6_rho1.00,1.0,6,1.0,800
True,4,4,0.4517709499365409,0.8163879648262582,0.7749156417411536,0.12814375478164353,-1.7564988527329273,0.4964104555619573,181.89856671445102,4.11033380173754e-35,equivalent,True,1.0,1.0,7.218670152064042e-07,9.905865663971363e-07,True,178,0.7307107448577881,c1.00_beta6_rho1.00,1.0,6,1.0,800
True,4,4,0.5412961352781974,1.1720060242684505,1.1281087781541148,0.15651523870279552,0.8185067423203353,0.5885476693114126,266.17111697119674,6.393577228593653e-53,inconclusive,True,1.0,1.0,9.917958965406297e-07,8.934387591945802e-07,True,179,0.7465550899505615,c1.00_beta6_rho1.00,1.0,6,1.0,800
True,4,4,0.47834840404632495,0.9152687826146646,0.8729162869283293,0.1451275869935659,-0.8756688904178143,0.5271693097965329,211.0456894780587,2.9943554757178893e-41,inconclusive,True,1.0,1.0,7.317389830875908e-07,9.258954889594673e-07,True,180,0.7406258583068848,c1.00_beta6_rho1.00,1.0,6,1.0,800
True,4,4,0.46832595919767045,0.8773168162336724,0.8306379607978008,0.142420644990359,-1.1891677587449765,0.5159697363370648,166.022817772417,8.783199818701899e-32,inconclusive,True,1.0,1.0,9.621226958694608e-07,9.733362690965918e-07,True,181,0.7623050212860107,c1.00_beta6_rho1.00,1.0,6,1.0,800
True,4,4,0.48212009816286555,0.9297591562102845,0.8935347403527459,0.12593339802852316,-0.8454092505559194,0.5245657124837377,234.60942056865173,3.1344408959908683e-46,inconclusive,True,1.0,1.0,9.418176069157329e-07,8.186070962009765e-07,True,182,0.7081029415130615,c1.00_beta6_rho1.00,1.0,6,1.0,800
True,4,4,0.5344198583060217,1.142418339807313,1.1022294872166525,0.16353035066473778,0.6251407570588444,0.5854940173956077,272.73239464449176,2.585060662573109e-54,inconclusive,True,1.0,1.0,8.731294562139026e-07,9.54781718256695e-07,True,183,0.7410850524902344,c1.00_beta6_rho1.00,1.0,6,1.0,800
True,4,4,0.5034298906661341,1.013766619264463,0.969814583170798,0.16183312981574952,-0.18652186275806873,0.5558791221365357,192.67246082142196,2.231092010471288e-37,inconclusive,True,1.0,1.0,9.55881837809483e-07,9.696678124266568e-07,True,184,0.754101037979126,c1.00_beta6_rho1.00,1.0,6,1.0,800
True,4,4,0.4803315680982354,0.9228736612468391,0.8759887475571569,0.15459287400689636,-0.8021796168774955,0.5315711140262073,171.56237148873026,6.067421507270129e-33,inconclusive,True,1.0,1.0,9.578614761332135e-07,9.975821985678236e-07,True,185,0.7625401020050049,c1.00_beta6_rho1.00,1.0,6,1.0,800
True,4,4,0.4895111757865329,0.9584847648796557,0.9144707890960296,0.13823853773837838,-0.6187074335655778,0.5342875979468992,242.5819304977652,6.428690857773283e-48,inconclusive,True,1.0,1.0,8.861581821262296e-07,9.907569448564253e-07,True,186,0.7482938766479492,c1.00_beta6_rho1.00,1.0,6,1.0,800
True,4,4,0.4875624856345052,0.9508687095923885,0.9110509768836063,0.12501764746234756,-0.7114917367420719,0.5283669907708536,260.5511419470779,9.96586217631363e-52,inconclusive,True,1.0,1.0,9.315327916648921e-07,9.859537833431855e-07,True,187,0.730532169342041,c1.00_beta6_rho1.00,1.0,6,1.0,800
True,4,4,0.5282546875917116,1.1162120598504672,1.0775487485032154,0.1400742527297546,0.553626001866526,0.5718282939721218,293.43833183879445,1.0254042543505278e-58,inconclusive,True,1.0,1.0,8.315667727540797e-07,8.420668946962551e-07,True,188,0.7305328845977783,c1.00_beta6_rho1.00,1.0,6,1.0,800
True,4,4,0.5355125814743942,1.1470948996694788,1.1012000739964027,0.16156907508907345,0.6263579459163883,0.5845847999135497,251.30194194482368,9.124994811063897e-50,inconclusive,True,1.0,1.0,9.330455209915116e-07,9.309520460045673e-07,True,189,0.7571611404418945,c1.00_beta6_rho1.00,1.0,6,1.0,800
True,4,4,0.4987013633543589,0.9948121992459851,0.9555837383232487,0.13807916328144776,-0.3216724422512417,0.5437609196267148,253.5781817037927,3.0033625528186276e-50,inconclusive,True,1.0,1.0,9.971513255593845e-07,9.52122786881074e-07,True,190,0.7300150394439697,c1.00_beta6_rho1.00,1.0,6,1.0,800
True,4,4,0.5163446448491892,1.0664471690577413,1.0265818498318677,0.15794198592922745,0.168301352395169,0.5670919895033512,210.0333978586093,4.89683377430724e-41,inconclusive,True,1.0,1.0,9.741232886999593e-07,9.472812114088912e-07,True,191,0.7217109203338623,c1.00_beta6_rho1.00,1.0,6,1.0,800
True,4,4,0.47722813605670006,0.910986775376609,0.8682743977440599,0.1350324221879354,-0.9755109189451335,0.522107021389276,231.74027832990194,1.2685082586077774e-45,inconclusive,True,1.0,1.0,9.102323802271554e-07,9.137074469259291e-07,True,192,0.7516562938690186,c1.00_beta6_rho1.00,1.0,6,1.0,800
True,4,4,0.5061213661174309,1.0246353489622981,0.9840537231412211,0.15308218443840851,-0.10416807754134698,0.5558442923689132,217.64078189216264,1.213140412740685e-42,inconclusive,True,1.0,1.0,8.790664897387663e-07,9.099105245777627e-07,True,193,0.7193317413330078,c1.00_beta6_rho1.00,1.0,6,1.0,800
True,4,4,0.4978124930800444,0.9912691130662769,0.9450150469439491,0.15506697692653598,-0.3545884117035465,0.5477402501099317,183.12432468809274,2.2717498278635405e-35,inconclusive,True,1.0,1.0,8.89769957817723e-07,9.408401390323199e-07,True,194,0.7604007720947266,c1.00_beta6_rho1.00,1.0,6,1.0,800
True,4,4,0.5143021645620678,1.058026865892913,1.015535517353087,0.1550076095283628,0.10022422383234195,0.5635823688891651,216.13851795891958,2.5187390555370554e-42,inconclusive,True,1.0,1.0,8.339021674768453e-07,9.762908814365076e-07,True,195,0.7487256526947021,c1.00_beta6_rho1.00,1.0,6,1.0,800
True,4,4,0.5133597015647149,1.0541527327624527,1.012744463078785,0.1508010924226031,0.08451174241543316,0.5614245690425268,220.5974191495528,2.8794132752318023e-43,inconclusive,True,1.0,1.0,8.320539725410289e-07,8.549198054463007e-07,True,196,0.7437379360198975,c1.00_beta6_rho1.00,1.0,6,1.0,800
True,4,4,0.5586957143416887,1.2485636048950797,1.203637593761617,0.1642349153901575,1.2399165748516647,0.6069967030415374,264.3345746138308,1.5688870373378902e-52,inconclusive,True,1.0,1.0,8.130286984277756e-07,9.297778994605662e-07,True,197,0.7604279518127441,c1.00_beta6_rho1.00,1.0,6,1.0,800
True,4,4,0.5034120671407123,1.0136948373715402,0.9690005193054976,0.1408644006261461,-0.22006611007968574,0.547882706330415,239.57768731225212,2.7821799139364974e-47,inconclusive,True,1.0,1.0,7.400090251886648e-07,8.358063216336653e-07,True,198,0.745905876159668,c1.00_beta6_rho1.00,1.0,6,1.0,800
True,4,4,0.5111432430400793,1.0450696596221185,0.9977167847916436,0.16052894743216128,-0.014223074684528584,0.5616412124760202,232.23496463656784,9.968449803474526e-46,inconclusive,True,1.0,1.0,8.298163562328815e-07,9.577987788631822e-07,True,199,0.765355110168457,c1.00_beta6_rho1.00,1.0,6,1.0,800
True,4,4,0.4677510918184571,0.8751643355894346,0.8319325151043139,0.13503979441095948,-1.2445774642118843,0.5133354679748814,179.4932923991173,1.3153054903878642e-34,inconclusive,True,1.0,1.0,8.7037173795797e-07,8.764051698461762e-07,True,200,0.7456481456756592,c1.00_beta6_rho1.00,1.0,6,1.0,800
True,4,4,0.4977051640566147,0.990841721314487,0.9490443979873359,0.1481601117517115,-0.34392254035321024,0.5460645784089264,228.0115142954933,7.798935458924838e-45,inconclusive,True,1.0,1.0,8.976337735199864e-07,9.108337993609417e-07,True,201,0.7477030754089355,c1.00_beta6_rho1.00,1.0,6,1.0,800
True,4,4,0.48706354128168755,0.9489235729834327,0.9086246509527878,0.1373529399341128,-0.6652595065751364,0.5325763166851913,234.1484083557018,3.9239815277010935e-46,inconclusive,True,1.0,1.0,8.228258506070641e-07,9.179630488842184e-07,True,202,0.7268381118774414,c1.00_beta6_rho1.00,1.0,6,1.0,800
True,4,4,0.5514912235061611,1.21657027841729,1.1740948041533306,0.16899855356535032,1.0301555870181431,0.6025098936811847,240.53287605716542,1.7462615644520475e-47,inconclusive,True,1.0,1.0,7.366038812108369e-07,8.153798668231664e-07,True,203,0.7399580478668213,c1.00_beta6_rho1.00,1.0,6,1.0,800
True,4,4,0.4885507017779189,0.9547271528307882,0.9114160346548963,0.15299178591724702,-0.5790112509244033,0.5392274864597184,189.69029041726168,9.461907572999201e-37,inconclusive,True,1.0,1.0,9.534075955112945e-07,9.662908079609696e-07,True,204,0.7524030208587646,c1.00_beta6_rho1.00,1.0,6,1.0,800
True,4,4,0.550705512377925,1.2131062454537316,1.175942199902134,0.1521216479711421,1.1565888369517974,0.5971097144380801,287.7443123448127,1.667179475152321e-57,inconclusive,True,1.0,1.0,9.866805768229102e-07,9.60305901796191e-07,True,205,0.7070460319519043,c1.00_beta6_rho1.00,1.0,6,1.0,800
True,4,4,0.4959635998150432,0.9839195693659851,0.9349413573006953,0.15801088297555094,-0.41173520123529256,0.5465450876324923,201.20670434186516,3.558108353506003e-39,inconclusive,True,1.0,1.0,9.185970516818879e-07,8.467135905726985e-07,True,206,0.7835559844970703,c1.00_beta6_rho1.00,1.0,6,1.0,800
True,4,4,0.522723130935974,1.0929578864620297,1.0525610568823633,0.14870492898730966,0.35345874034107405,0.569464419141508,259.146526302557,1.979407153670037e-51,inconclusive,True,1.0,1.0,7.623507308613713e-07,9.5731651329796e-07,True,207,0.7328400611877441,c1.00_beta6_rho1.00,1.0,6,1.0,800
True,4,4,0.5107791187290364,1.0435812325184441,0.9964887106061476,0.16462939561970746,-0.0213284473324765,0.5628676507612718,191.93494603751495,3.1894992516533408e-37,inconclusive,True,1.0,1.0,8.551341768702874e-07,9.988161349861892e-07,True,208,0.7846920490264893,c1.00_beta6_rho1.00,1.0,6,1.0,800
True,4,4,0.5715656870230491,1.3067493383285207,1.2655722314137647,0.15646037672233584,1.697376914060903,0.6170345714665615,300.1894186402857,3.752751605461881e-60,meaningfully_different,True,1.0,1.0,9.557559089707865e-07,7.525169167609309e-07,True,209,0.7372720241546631,c1.00_beta6_rho1.00,1.0,6,1.0,800
True,4,4,0.5430466578552847,1.1795986904311788,1.1307510599626138,0.16976769597926622,0.7701763236427647,0.5937158559515875,230.51458585916077,2.3046235151151916e-45,inconclusive,True,1.0,1.0,8.375480882852934e-07,8.873257997969291e-07,True,210,0.7876479625701904,c1.00_beta6_rho1.00,1.0,6,1.0,800
True,4,4,0.5340556672991993,1.140861823097572,1.0937176195314797,0.17349485977967408,0.5401751939538401,0.5871735835546235,203.19986645286087,1.3524592147975603e-39,inconclusive,True,1.0,1.0,8.234297734275365e-07,9.781445220146561e-07,True,211,0.7667710781097412,c1.00_beta6_rho1.00,1.0,6,1.0,800
True,4,4,0.5837666348939339,1.3631339360615502,1.3184934213068735,0.17589884483897456,1.8106623815434162,0.6339994625819557,266.98313907243136,4.298869747010002e-53,meaningfully_different,True,1.0,1.0,8.050343706941417e-07,9.715131253834033e-07,True,212,0.7684400081634521,c1.00_beta6_rho1.00,1.0,6,1.0,800
True,4,4,0.5413116029367078,1.1720730058956317,1.129024735990401,0.16438591209029035,0.784889254497266,0.5914844671907795,250.91334278641128,1.1031022748594707e-49,inconclusive,True,1.0,1.0,9.598277304318486e-07,9.572935383860776e-07,True,213,0.747622013092041,c1.00_beta6_rho1.00,1.0,6,1.0,800
True,4,4,0.4848249329547734,0.9402208624584021,0.8957927769465773,0.15397497908897337,-0.6767802383867009,0.5359708666897979,189.46525500534588,1.0551505620471656e-36,inconclusive,True,1.0,1.0,8.428117093963415e-07,9.686290240599913e-07,True,214,0.7466418743133545,c1.00_beta6_rho1.00,1.0,6,1.0,800
True,4,4,0.4757369832481721,0.9053027089202863,0.8605978839231816,0.13878990058469556,-1.0044110954006285,0.5217487314992132,193.95532816945462,1.1981252956881453e-37,inconclusive,True,1.0,1.0,8.287294421308684e-07,9.467428268886789e-07,True,215,0.7581942081451416,c1.00_beta6_rho1.00,1.0,6,1.0,800
True,4,4,0.5035103894300227,1.0140908490558922,0.9699274613966281,0.1612232537817816,-0.18652730234607212,0.5556788899914475,201.97559578108758,2.4500564439442955e-39,inconclusive,True,1.0,1.0,9.381929578921128e-07,8.933614543969759e-07,True,216,0.7534489631652832,c1.00_beta6_rho1.00,1.0,6,1.0,800
True,4,4,0.4907858511108095,0.9634830066022467,0.9233266007387055,0.13869136906898327,-0.5528346844940157,0.5365290304770768,222.43472981408357,1.1777283869537125e-43,inconclusive,True,1.0,1.0,7.779938710509284e-07,9.586481211878249e-07,True,217,0.7230331897735596,c1.00_beta6_rho1.00,1.0,6,1.0,800
True,4,4,0.5335880078929408,1.138864648668628,1.0950843148422154,0.16754708388791592,0.5675080260174744,0.5853790958559241,211.93312746915558,1.9454207843407264e-41,inconclusive,True,1.0,1.0,8.329616586086012e-07,9.281143223142543e-07,True,218,0.7483789920806885,c1.00_beta6_rho1.00,1.0,6,1.0,800
True,4,4,0.5281289816297432,1.1156808849490787,1.0743835317567374,0.14553980224504748,0.5110872119469887,0.5731001664947638,251.07806447855614,1.0178765290793464e-49,inconclusive,True,1.0,1.0,8.805194785518262e-07,8.06050199393974e-07,True,219,0.7433919906616211,c1.00_beta6_rho1.00,1.0,6,1.0,800
True,4,4,0.5199446171122499,1.0813696194560165,1.041660246592537,0.1428563429656567,0.29162335901705394,0.5649420369499469,287.4147910022308,1.9590907635739683e-57,inconclusive,True,1.0,1.0,9.539128435644466e-07,8.615251730310011e-07,True,220,0.7384450435638428,c1.00_beta6_rho1.00,1.0,6,1.0,800
True,4,4,0.5036821596383105,1.0147828717516503,0.9729429351849506,0.13833879599226978,-0.19558551613071257,0.5478343740403973,246.15634261224136,1.1242148960743561e-48,inconclusive,True,1.0,1.0,7.149913843200356e-07,9.467581603039158e-07,True,221,0.7412071228027344,c1.00_beta6_rho1.00,1.0,6,1.0,800
True,4,4,0.5306586404674108,1.1263943708108832,1.082657199524287,0.1634069278552513,0.5058365676974618,0.5812567585576951,221.28871207376824,2.0569840658483726e-43,inconclusive,True,1.0,1.0,8.203503792963278e-07,9.328593315705899e-07,True,222,0.7537310123443604,c1.00_beta6_rho1.00,1.0,6,1.0,800
True,4,4,0.5038031223111615,1.0152703442019007,0.9711165605338445,0.14267320414918186,-0.20244473822817055,0.5490430533772862,238.66005295545722,4.3520034729692406e-47,inconclusive,True,1.0,1.0,9.902751867444338e-07,9.968057326076188e-07,True,223,0.7676401138305664,c1.00_beta6_rho1.00,1.0,6,1.0,800
True,4,4,0.4896191017724249,0.9589074592817447,0.917596646268128,0.14606771895787007,-0.5641448659552176,0.5380187412108682,192.75914234110311,2.1393148628745667e-37,inconclusive,True,1.0,1.0,7.40000232007937e-07,8.634306481334729e-07,True,224,0.7322497367858887,c1.00_beta6_rho1.00,1.0,6,1.0,800
True,4,4,0.5051515365652507,1.0207122995769353,0.982513199508858,0.1426483911912382,-0.1225867347336485,0.5516223624769392,239.75229988314277,2.55511133178869e-47,inconclusive,True,1.0,1.0,9.869122994765116e-07,8.724476629728507e-07,True,225,0.7308051586151123,c1.00_beta6_rho1.00,1.0,6,1.0,800
True,4,4,0.5296335981606801,1.122046993202515,1.0738680477908287,0.16132622959746684,0.457879961461571,0.5786246800963963,224.93777963221774,3.4830740677292925e-44,inconclusive,True,1.0,1.0,9.179054032394997e-07,8.766019160593134e-07,True,226,0.7807302474975586,c1.00_beta6_rho1.00,1.0,6,1.0,800
True,4,4,0.48758232421829945,0.9509460915604755,0.9111746802251292,0.14892388919665778,-0.5964477576701932,0.5376180520383339,182.38801716874622,3.2438181564467697e-35,inconclusive,True,1.0,1.0,8.023644783731702e-07,7.135569457057648e-07,True,227,0.7333447933197021,c1.00_beta6_rho1.00,1.0,6,1.0,800
True,4,4,0.49995789423614717,0.9998315840361701,0.9563886484384722,0.16145869554979153,-0.27010841016040993,0.5527125313886958,193.5451076715272,1.4616745881860038e-37,inconclusive,True,1.0,1.0,8.957949565911713e-07,8.957761847742161e-07,True,228,0.7534909248352051,c1.00_beta6_rho1.00,1.0,6,1.0,800
True,4,4,0.4855510299146872,0.9430392106048537,0.8989922573907455,0.14333442835137988,-0.7046997973273885,0.5326247299298843,194.8145860283527,7.899801573294481e-38,inconclusive,True,1.0,1.0,9.679215328947824e-07,8.724473974659749e-07,True,229,0.7642362117767334,c1.00_beta6_rho1.00,1.0,6,1.0,800
True,4,4,0.5013746037545196,1.0055059731600062,0.9649436308495059,0.1416534031592184,-0.2474798936605201,0.5472528539911796,233.49437061738524,5.396802069176862e-46,inconclusive,True,1.0,1.0,9.95358130306726e-07,9.559441966808354e-07,True,230,0.7268209457397461,c1.00_beta6_rho1.00,1.0,6,1.0,800
True,4,4,0.5130955812319103,1.0530683019188478,1.0065131678686838,0.16049939983989434,0.04058063690693562,0.563584773529872,224.86552189082866,3.6077666162214296e-44,inconclusive,True,1.0,1.0,9.759378851102851e-07,8.718576114072556e-07,True,231,0.766383171081543,c1.00_beta6_rho1.00,1.0,6,1.0,800
True,4,4,0.4838928419654229,0.9366091300214952,0.8934537893462393,0.1501035337030648,-0.7098181370235471,0.5339363565013994,186.154071408147,5.243301770753299e-36,inconclusive,True,1.0,1.0,9.903048543419981e-07,9.582165815457288e-07,True,232,0.7378158569335938,c1.00_beta6_rho1.00,1.0,6,1.0,800
True,4,4,0.5571064814589157,1.2414705267341326,1.2012970305877821,0.14899800897653792,1.3510048353698438,0.6013270628496169,297.82142180811604,1.197581083782106e-59,inconclusive,True,1.0,1.0,9.931993566504869e-07,8.527488142797756e-07,True,233,0.7388629913330078,c1.00_beta6_rho1.00,1.0,6,1.0,800
True,4,4,0.5097004688028307,1.0391782715913016,0.9985650013667884,0.1509530881135605,-0.009506255560218018,0.5583145922886809,220.51422919185774,2.99834458105117e-43,inconclusive,True,1.0,1.0,9.122896927139795e-07,9.950523277970317e-07,True,234,0.7488250732421875,c1.00_beta6_rho1.00,1.0,6,1.0,800
True,4,4,0.5394364992415098,1.1639669468557416,1.1247603919960174,0.16192479784826766,0.7704835433107947,0.5897251442473274,251.3736566770093,8.811071859371138e-50,inconclusive,True,1.0,1.0,9.838842659628005e-07,9.641987314078207e-07,True,235,0.7316031455993652,c1.00_beta6_rho1.00,1.0,6,1.0,800
True,4,4,0.5253374695457407,1.1039178276348882,1.0617475905355502,0.16333712285851698,0.3780377017479128,0.5767177059630648,211.9555845106047,1.9243045297055426e-41,inconclusive,True,1.0,1.0,8.088602720545526e-07,8.452676433443372e-07,True,236,0.7368080615997314,c1.00_beta6_rho1.00,1.0,6,1.0,800
True,4,4,0.46196675476404064,0.853653130028877,0.8138242072686906,0.13429504265690073,-1.3863191749151489,0.5086059120931687,191.70671434074666,3.5624478936774082e-37,inconclusive,True,1.0,1.0,7.61319189484839e-07,7.648590643519978e-07,True,237,0.7384309768676758,c1.00_beta6_rho1.00,1.0,6,1.0,800
True,4,4,0.5685813668203856,1.2931390827813516,1.2502870358551128,0.16250700121512632,1.5401615560167992,0.6159519596139014,294.6712010365822,5.605393605712167e-59,inconclusive,True,1.0,1.0,9.111671248535853e-07,9.082050796390261e-07,True,238,0.7467391490936279,c1.00_beta6_rho1.00,1.0,6,1.0,800
True,4,4,0.49303221987104995,0.9723230793239013,0.9326884264948301,0.14049022743099476,-0.47911925787316173,0.5393918535341304,219.34081117608326,5.306379208971901e-43,inconclusive,True,1.0,1.0,9.678334827612204e-07,9.669286172096582e-07,True,239,0.7449309825897217,c1.00_beta6_rho1.00,1.0,6,1.0,800
True,4,4,0.5090924514247785,1.036700496390762,0.99556331303651,0.14631859229675098,-0.03032209983603358,0.555930746646166,233.51985577206102,5.330199067762439e-46,inconclusive,True,1.0,1.0,7.969323659893787e-07,8.81974272214006e-07,True,240,0.740372896194458,c1.00_beta6_rho1.00,1.0,6,1.0,800
True,4,4,0.49446170748657964,0.9779695206821755,0.9380453701341249,0.14314650344252244,-0.4328057505837137,0.5416411209248655,215.30558999717005,3.776310135745083e-42,inconclusive,True,1.0,1.0,9.896478109638898e-07,9.193388894302633e-07,True,241,0.7451310157775879,c1.00_beta6_rho1.00,1.0,6,1.0,800
True,4,4,0.5244474085331107,1.100180337268382,1.049776731914822,0.16418260647946076,0.3031790820122531,0.5744199438705339,236.8487243371278,1.0523795030071558e-46,inconclusive,True,1.0,1.0,7.064022124937933e-07,9.335623432502352e-07,True,242,0.7947778701782227,c1.00_beta6_rho1.00,1.0,6,1.0,800
True,4,4,0.45768353331620165,0.8378968666752107,0.787589720987005,0.14905783262922215,-1.4250192376093418,0.5081259778865637,156.09009241595547,1.0499051028403137e-29,inconclusive,True,1.0,1.0,9.877739398668407e-07,7.568362525106725e-07,True,243,0.7881369590759277,c1.00_beta6_rho1.00,1.0,6,1.0,800
True,4,4,0.5785228362238053,1.3387546881297432,1.29823024567216,0.17617036145605883,1.692851415001188,0.630080293231448,263.29824829761947,2.603443491830599e-52,meaningfully_different,True,1.0,1.0,9.25811276543478e-07,7.970628926906659e-07,True,244,0.7401127815246582,c1.00_beta6_rho1.00,1.0,6,1.0,800
True,4,4,0.48538862650064946,0.942408474944748,0.90032695723178,0.14765215648204688,-0.6750530784177153,0.5346010527366367,183.71105649453798,1.7103112864579077e-35,inconclusive,True,1.0,1.0,8.646301954466754e-07,8.985189661127488e-07,True,245,0.7391648292541504,c1.00_beta6_rho1.00,1.0,6,1.0,800
True,4,4,0.5896438353375127,1.3907194102061275,1.3467864395022984,0.17774295899993864,1.9510558474635167,0.6401459970737993,281.96818179067657,2.818512856881222e-56,meaningfully_different,True,1.0,1.0,9.416893658651882e-07,7.450925135514022e-07,True,246,0.7665700912475586,c1.00_beta6_rho1.00,1.0,6,1.0,800
True,4,4,0.5592501293458033,1.251042828693191,1.2108115005278226,0.15599814606520052,1.3513718325839108,0.6056825936249268,307.63594023996234,9.75150851591204e-62,inconclusive,True,1.0,1.0,7.483497834556992e-07,9.548541193414738e-07,True,247,0.743894100189209,c1.00_beta6_rho1.00,1.0,6,1.0,800
True,4,4,0.5035632186141328,1.0143036605640994,0.9716892433781655,0.14896411578206095,-0.1900508486436691,0.551523664385289,225.33521639157146,2.8703827092708734e-44,inconclusive,True,1.0,1.0,8.333706129319431e-07,8.761590283220996e-07,True,248,0.7390451431274414,c1.00_beta6_rho1.00,1.0,6,1.0,800
True,4,4,0.4701077740457443,0.8840052768729783,0.8442763184278989,0.13260774467515346,-1.1743181512782255,0.5153631361037283,212.86802191908575,1.2350485784746257e-41,inconclusive,True,1.0,1.0,9.70972937208447e-07,9.089810798594398e-07,True,249,0.7326798439025879,c1.00_beta6_rho1.00,1.0,6,1.0,800
True,4,4,0.49691275504437865,0.9876891445031786,0.9414116928400509,0.15258101525174605,-0.38398163141910713,0.5459819431951992,213.96013505422764,7.263383096340459e-42,inconclusive,True,1.0,1.0,9.760349758209928e-07,8.562407978430383e-07,True,250,0.7640259265899658,c1.00_beta6_rho1.00,1.0,6,1.0,800
True,4,4,0.5377494967268217,1.1566980849198,1.1097915136134646,0.17525336431077915,0.6264730725441017,0.5911974385802719,251.02592805814672,1.0441141469614528e-49,inconclusive,True,1.0,1.0,7.954338123292381e-07,8.811778711536022e-07,True,251,0.7870731353759766,c1.00_beta6_rho1.00,1.0,6,1.0,800
True,4,4,0.5487471328718326,1.2044936633402268,1.1631512270186297,0.17157045917028885,0.9509284279334895,0.6011155294663848,242.454253486643,6.841747367091802e-48,inconclusive,True,1.0,1.0,8.793542392430335e-07,9.985416451833143e-07,True,252,0.7375831604003906,c1.00_beta6_rho1.00,1.0,6,1.0,800
True,4,4,0.44174402016180514,0.7805511173948532,0.7393192427905104,0.1245925919816756,-2.092265302963029,0.48586413214057445,183.63178442081644,1.7771854152614545e-35,equivalent,True,1.0,1.0,7.945767682620325e-07,7.472199316091838e-07,True,253,0.7458488941192627,c1.00_beta6_rho1.00,1.0,6,1.0,800
True,4,4,0.5228011530373836,1.0932841824688713,1.0544013336781504,0.14716051863723104,0.3696734299520676,0.5693107338050679,243.98227659877034,3.2469723994370165e-48,inconclusive,True,1.0,1.0,9.861089172230886e-07,9.61360398582037e-07,True,254,0.7198779582977295,c1.00_beta6_rho1.00,1.0,6,1.0,800
True,4,4,0.48796002559367846,0.9524199463095333,0.912512040908972,0.1419263448166038,-0.6164321303707169,0.5352476305273401,210.06797536315884,4.815255826530272e-41,inconclusive,True,1.0,1.0,9.84693702928852e-07,9.88151703827102e-07,True,255,0.7382962703704834,c1.00_beta6_rho1.00,1.0,6,1.0,800
True,4,4,0.5259196659844338,1.106365980276714,1.0649656677022972,0.1651805373049179,0.39330098304725003,0.5780708160749175,227.77128174601,8.766775364839475e-45,inconclusive,True,1.0,1.0,7.72390757412888e-07,8.791852541812177e-07,True,256,0.7315347194671631,c1.00_beta6_rho1.00,1.0,6,1.0,800
True,4,4,0.5628415113771218,1.267162267717131,1.2265811597000749,0.16260853117907598,1.3934149583489424,0.611156361331376,302.76574187068417,1.0616174616632647e-60,inconclusive,True,1.0,1.0,8.935798824652742e-07,9.957178001817026e-07,True,257,0.7486660480499268,c1.00_beta6_rho1.00,1.0,6,1.0,800
True,4,4,0.5039502643816727,1.015863475881431,0.9711254224864041,0.15406727862288017,-0.18741537964251292,0.5532954781407019,209.69324597640284,5.776795162940875e-41,inconclusive,True,1.0,1.0,7.65408636658412e-07,9.691471738464287e-07,True,258,0.76218581199646,c1.00_beta6_rho1.00,1.0,6,1.0,800
True,4,4,0.503580291535301,1.014372440091115,0.9751305914221359,0.1443056780899703,-0.1723383924114115,0.5505661425791898,230.12342968628226,2.7883361635975083e-45,inconclusive,True,1.0,1.0,9.583107373149934e-07,9.073951003037368e-07,True,259,0.7277281284332275,c1.00_beta6_rho1.00,1.0,6,1.0,800
True,4,4,0.4699758270587983,0.8835091120784061,0.8433339459810623,0.1410715606675298,-1.110543140499879,0.5185016909819951,187.00204866238658,3.4779735513166576e-36,inconclusive,True,1.0,1.0,9.722947691650393e-07,7.227311363688534e-07,True,260,0.7276191711425781,c1.00_beta6_rho1.00,1.0,6,1.0,800
True,4,4,0.4645524493471255,0.8632359127776542,0.8214086100083327,0.13892758888322498,-1.2854998163236073,0.51232903452433,186.37743709197625,4.705947199036249e-36,inconclusive,True,1.0,1.0,9.926964181062713e-07,7.548632550457924e-07,True,261,0.7428979873657227,c1.00_beta6_rho1.00,1.0,6,1.0,800
True,4,4,0.5185651586252261,1.0756392949600238,1.034173567576637,0.16367695721706374,0.20878667442062118,0.5708323318417382,209.68399624703534,5.802813361060632e-41,inconclusive,True,1.0,1.0,8.922559709268806e-07,9.311605912055984e-07,True,262,0.756112813949585,c1.00_beta6_rho1.00,1.0,6,1.0,800
True,4,4,0.47200120941197965,0.8911405667454859,0.852431993182148,0.14435197421130336,-1.0222791037262917,0.5219841620014001,187.178316571469,3.1934817963805056e-36,inconclusive,True,1.0,1.0,9.858532508589757e-07,9.898183597700036e-07,True,263,0.7275311946868896,c1.00_beta6_rho1.00,1.0,6,1.0,800
True,4,4,0.5491482997718509,1.2062554205692582,1.1643408086624207,0.17204978887782651,0.9551933177850048,0.6015267092811317,225.67422680784057,2.4336929570327263e-44,inconclusive,True,1.0,1.0,7.092729984320744e-07,9.418338172958856e-07,True,264,0.7422440052032471,c1.00_beta6_rho1.00,1.0,6,1.0,800
True,4,4,0.5031829071270769,1.0127721520994262,0.9718886926143757,0.14411852284998858,-0.19505686590255328,0.5497596219337748,220.89603733906785,2.490039699919196e-43,inconclusive,True,1.0,1.0,9.809204326841777e-07,9.385072887882238e-07,True,265,0.7286679744720459,c1.00_beta6_rho1.00,1.0,6,1.0,800
True,4,4,0.4789710587534335,0.9176531004935402,0.8747654490155418,0.13814422761273454,-0.9065492865582011,0.5248791486729963,202.86313092547127,1.5925972992760656e-39,inconclusive,True,1.0,1.0,8.927218716683216e-07,8.983808376981533e-07,True,266,0.749082088470459,c1.00_beta6_rho1.00,1.0,6,1.0,800
True,4,4,0.4967209514463057,0.9869268144228927,0.9456947676212647,0.13982480958863028,-0.388380520871105,0.5421453017436659,223.1709895310155,8.230662970551275e-44,inconclusive,True,1.0,1.0,9.944637934460942e-07,9.94852907044134e-07,True,267,0.7403020858764648,c1.00_beta6_rho1.00,1.0,6,1.0,800
True,4,4,0.4967763877002537,0.9871471175060511,0.9500196787662268,0.1370993022875806,-0.3645556206328026,0.5421088367169618,239.54543910004185,2.826271711783756e-47,inconclusive,True,1.0,1.0,9.391917289161239e-07,9.207664299898006e-07,True,268,0.7160549163818359,c1.00_beta6_rho1.00,1.0,6,1.0,800
True,4,4,0.5094197339010367,1.038033861151212,0.9929307015383183,0.15861091549109832,-0.04457006278409914,0.5598710657727243,211.1424463615803,2.8568296495542757e-41,inconclusive,True,1.0,1.0,8.445734090839957e-07,9.933257804836927e-07,True,269,0.7749829292297363,c1.00_beta6_rho1.00,1.0,6,1.0,800
True,4,4,0.5096465282546906,1.0389583350482368,0.9961316002551202,0.14677895391284967,-0.02635527534265381,0.5562287063247486,238.2329737796297,5.359378738488464e-47,inconclusive,True,1.0,1.0,7.172388154080336e-07,9.462970346311109e-07,True,270,0.7473368644714355,c1.00_beta6_rho1.00,1.0,6,1.0,800
True,4,4,0.4638852387937687,0.8607580590830072,0.8248218611110817,0.12218903270309904,-1.4336649944236388,0.5064101437388636,219.62857719508023,4.6132096372611365e-43,inconclusive,True,1.0,1.0,9.405536850565608e-07,8.696308777427825e-07,True,271,0.7051088809967041,c1.00_beta6_rho1.00,1.0,6,1.0,800
True,4,4,0.4985481950048445,0.9942012109703537,0.9515568105068349,0.14372527615474012,-0.3370540714147543,0.5449687725628325,217.5625885155802,1.2601629519852974e-42,inconclusive,True,1.0,1.0,9.051118815577833e-07,6.704473587284108e-07,True,272,0.746143102645874,c1.00_beta6_rho1.00,1.0,6,1.0,800
True,4,4,0.5117677252818175,1.0476248185605033,1.0053479506459384,0.15618916663251498,0.034240214998529125,0.5617508940517938,204.97200454722443,5.721511108199096e-40,inconclusive,True,1.0,1.0,9.059224313773896e-07,8.958843898196138e-07,True,273,0.750946044921875,c1.00_beta6_rho1.00,1.0,6,1.0,800
True,4,4,0.483449892509696,0.9348951942705465,0.8979193083110919,0.13026535652497387,-0.783636527869462,0.5273013257278332,230.71503053417024,2.0902417157017285e-45,inconclusive,True,1.0,1.0,8.607983363915403e-07,8.015459205016783e-07,True,274,0.7226710319519043,c1.00_beta6_rho1.00,1.0,6,1.0,800
True,4,4,0.46904913010322774,0.8800283458023787,0.8379238722194476,0.13870209457185895,-1.168519684441995,0.5162529698562847,185.81932557338928,6.165587818441228e-36,inconclusive,True,1.0,1.0,8.166272729837191e-07,7.899411647269467e-07,True,275,0.752032995223999,c1.00_beta6_rho1.00,1.0,6,1.0,800
True,4,4,0.5751988166285502,1.3234147146035382,1.2845061960982025,0.15699236860744606,1.812229464539135,0.6210345527838734,329.30093919713966,2.3587615722844132e-66,meaningfully_different,True,1.0,1.0,9.167858418156818e-07,8.030397473830974e-07,True,276,0.7373907566070557,c1.00_beta6_rho1.00,1.0,6,1.0,800
True,4,4,0.4479088493547444,0.8024893493211644,0.7606087900080875,0.1320209549153745,-1.8132819153244457,0.4944097330489758,171.73705195681396,5.576774073256171e-33,equivalent,True,1.0,1.0,9.990544702206789e-07,8.949190177848545e-07,True,277,0.7433810234069824,c1.00_beta6_rho1.00,1.0,6,1.0,800
True,4,4,0.5161847550172347,1.0657868052488104,1.0192659460606193,0.16229482479622284,0.11870955272178,0.5670575758382345,248.0126611323071,4.544263411185084e-49,inconclusive,True,1.0,1.0,7.891462372269278e-07,7.821822133464852e-07,True,278,0.7745089530944824,c1.00_beta6_rho1.00,1.0,6,1.0,800
True,4,4,0.552118166961729,1.2193378811567186,1.1736917445521378,0.17422267984005718,0.9969525478060214,0.6042066185056775,244.6264615759556,2.3713885560723896e-48,inconclusive,True,1.0,1.0,9.71102252089701e-07,8.650486854784768e-07,True,279,0.7633960247039795,c1.00_beta6_rho1.00,1.0,6,1.0,800
True,4,4,0.5333103418544778,1.13767968291576,1.0997843940804943,0.14821766963015426,0.6732287339929518,0.5795646567791096,261.0457038684102,7.826610816989198e-52,inconclusive,True,1.0,1.0,9.058685834087248e-07,8.470427485715635e-07,True,280,0.7244699001312256,c1.00_beta6_rho1.00,1.0,6,1.0,800
True,4,4,0.5332011041044185,1.1372136696726838,1.1022384695136387,0.13850995462961546,0.7381308425595181,0.5766426689803326,300.077614412745,3.964110122885643e-60,inconclusive,True,1.0,1.0,9.046159029198791e-07,8.296189271772981e-07,True,281,0.6974611282348633,c1.00_beta6_rho1.00,1.0,6,1.0,800
True,4,4,0.5080821745333234,1.032589984314042,0.9919758880752674,0.135527695020271,-0.0592064369096844,0.5511123090581749,267.7834984920481,2.9068926300679723e-53,inconclusive,True,1.0,1.0,8.158330728792336e-07,9.659758379279056e-07,True,282,0.7287008762359619,c1.00_beta6_rho1.00,1.0,6,1.0,800
True,4,4,0.43490474085448905,0.7565685344708412,0.7162559411385745,0.12870010420021466,-2.20469175704795,0.4816504890273989,165.62028876352332,1.0664406409541152e-31,equivalent,True,1.0,1.0,9.966290987206042e-07,8.052653868787473e-07,True,283,0.7514619827270508,c1.00_beta6_rho1.00,1.0,6,1.0,800
True,4,4,0.4276962084066154,0.7316961867415799,0.6827587295422948,0.1312588272690488,-2.4169137958808475,0.4739884723400946,151.36385970273255,1.0183727768740272e-28,equivalent,True,1.0,1.0,7.756360375534053e-07,7.737310472424096e-07,True,284,0.7848381996154785,c1.00_beta6_rho1.00,1.0,6,1.0,800
True,4,4,0.4643266071074202,0.8623967922715543,0.8215346415755922,0.1358800091556739,-1.3134040800655606,0.5111353459372335,188.3762479693459,1.7879662709288936e-36,inconclusive,True,1.0,1.0,8.041884624971999e-07,9.768247707895007e-07,True,285,0.7451052665710449,c1.00_beta6_rho1.00,1.0,6,1.0,800
True,4,4,0.5054280421363491,1.0218300231111321,0.9816875200552031,0.15560755105699314,-0.11768374876672748,0.5562461606142407,203.90890144715763,9.586332071611167e-40,inconclusive,True,1.0,1.0,8.516180072321226e-07,8.66512863614952e-07,True,286,0.736224889755249,c1.00_beta6_rho1.00,1.0,6,1.0,800
True,4,4,0.5902112692917502,1.3933973695959154,1.3490114595174942,0.1771407795473503,1.9702490889411624,0.6403870144758099,293.01443093763436,1.2620409677283785e-58,meaningfully_different,True,1.0,1.0,9.218865774596777e-07,9.569769761672215e-07,True,287,0.771622896194458,c1.00_beta6_rho1.00,1.0,6,1.0,800
True,4,4,0.4988222038432821,0.9952943641882754,0.9542908735788586,0.15650690512457865,-0.29205820909152364,0.5503911845487652,195.71777821690887,5.098642646032576e-38,inconclusive,True,1.0,1.0,9.62973015781714e-07,8.484699665787422e-07,True,288,0.732536792755127,c1.00_beta6_rho1.00,1.0,6,1.0,800
True,4,4,0.5238158861180192,1.0975323301984226,1.0563320759246015,0.15861290911447695,0.35515442115713636,0.5738525713898286,227.18792381855647,1.1646700323391904e-44,inconclusive,True,1.0,1.0,9.09107912471889e-07,8.284957685451107e-07,True,289,0.7603299617767334,c1.00_beta6_rho1.00,1.0,6,1.0,800
True,4,4,0.5035045648180845,1.0140673871705945,0.9775193349587898,0.13235024959054842,-0.1698573679366569,0.5466297016778672,263.7431482477218,2.0947017205626642e-52,inconclusive,True,1.0,1.0,8.631390353001522e-07,9.642523351730453e-07,True,290,0.7187321186065674,c1.00_beta6_rho1.00,1.0,6,1.0,800
True,4,4,0.534597932223242,1.1431797965494641,1.0997261636401412,0.1590046345490017,0.6271902949433075,0.583366418617013,251.58886392826994,7.93237249906408e-50,inconclusive,True,1.0,1.0,7.201370653376252e-07,9.813304987995634e-07,True,291,0.779932975769043,c1.00_beta6_rho1.00,1.0,6,1.0,800
True,4,4,0.5305373327752554,1.1258794458731285,1.0837730325508261,0.15259889967359902,0.5489753381578256,0.5776625066047971,264.80044369789357,1.2494135934610845e-52,inconclusive,True,1.0,1.0,8.486029553188785e-07,8.269839372305686e-07,True,292,0.7788352966308594,c1.00_beta6_rho1.00,1.0,6,1.0,800
True,4,4,0.4773803589649399,0.9115680285019796,0.8629530390161531,0.16618214948619625,-0.824679193328346,0.5329864797377872,165.90502262389222,9.296472492186767e-32,inconclusive,True,1.0,1.0,9.36380527224153e-07,8.37802776705859e-07,True,293,0.8126389980316162,c1.00_beta6_rho1.00,1.0,6,1.0,800
True,4,4,0.5796071612676348,1.3437778455709037,1.2990407037134895,0.17580342669600238,1.70099473789318,0.6301213390579837,282.45937394077896,2.2162078199709746e-56,meaningfully_different,True,1.0,1.0,8.823523072147742e-07,9.360438323061632e-07,True,294,0.7832179069519043,c1.00_beta6_rho1.00,1.0,6,1.0,800
True,4,4,0.4656226437608831,0.8672177855314969,0.8258965315747488,0.13743694199552164,-1.2667879967157905,0.5128255512582232,190.43017631852166,6.611996379510972e-37,inconclusive,True,1.0,1.0,9.189258417016541e-07,9.23508335506885e-07,True,295,0.7486312389373779,c1.00_beta6_rho1.00,1.0,6,1.0,800
True,4,4,0.5269270579912791,1.1106084977733792,1.0727628022054176,0.14807394016455586,0.491395056581568,0.573655549903878,249.3704141336305,2.342538556920395e-49,inconclusive,True,1.0,1.0,7.694188849387313e-07,9.273391406443582e-07,True,296,0.7294008731842041,c1.00_beta6_rho1.00,1.0,6,1.0,800
True,4,4,0.5250921985626431,1.102887267965401,1.0577842473913113,0.15682034256817468,0.3684741816336147,0.5735265374514822,233.20272687582536,6.220880042792617e-46,inconclusive,True,1.0,1.0,9.294003228340188e-07,7.255922977107604e-07,True,297,0.7735779285430908,c1.00_beta6_rho1.00,1.0,6,1.0,800
True,4,4,0.47777671621058115,0.9130823622118649,0.8722801568944203,0.13140777617533259,-0.9719351991404817,0.5216384557684669,228.79202793041827,5.332881719172117e-45,inconclusive,True,1.0,1.0,7.80159638619765e-07,9.673318111297084e-07,True,298,0.7510330677032471,c1.00_beta6_rho1.00,1.0,6,1.0,800
True,4,4,0.4916008633753968,0.9666856354857423,0.9280546056309794,0.14328042318108464,-0.502129968433249,0.539381573974197,216.7451744593316,1.8752844314709135e-42,inconclusive,True,1.0,1.0,9.944545546830303e-07,8.974993911865102e-07,True,299,0.7244718074798584,c1.00_beta6_rho1.00,1.0,6,1.0,800
True,4,4,0.5489910972541099,1.205564899457086,1.1641749462990922,0.16349177161570191,1.0041786487273265,0.5985597254697941,240.64568888729957,1.652791632576234e-47,inconclusive,True,1.0,1.0,9.780173034689005e-07,9.458029146169298e-07,True,300,0.7365179061889648,c1.00_beta6_rho1.00,1.0,6,1.0,800
True,4,4,0.5059692177980182,1.0240193974365532,0.9813184476760315,0.14874761511527174,-0.12559228132492253,0.5536213737516751,217.0814225133981,1.5924018987427157e-42,inconclusive,True,1.0,1.0,9.476091796509886e-07,8.17317118982949e-07,True,301,0.751168966293335,c1.00_beta6_rho1.00,1.0,6,1.0,800
True,4,4,0.5343883356529096,1.1422835731275467,1.1039178217309722,0.14627866698872372,0.7104099584048231,0.5797682333642041,289.4106720108757,7.372382116335059e-58,inconclusive,True,1.0,1.0,9.370398154162768e-07,8.235761209111732e-07,True,302,0.7306828498840332,c1.00_beta6_rho1.00,1.0,6,1.0,800
True,4,4,0.5160919318597058,1.065403528522733,1.0161753290162259,0.16632439832542137,0.09725169114742921,0.567836820497825,200.19351049150987,5.8172836323101697e-39,inconclusive,True,1.0,1.0,9.792995344358367e-07,8.95097672263691e-07,True,303,0.7771551609039307,c1.00_beta6_rho1.00,1.0,6,1.0,800
True,4,4,0.5328162372285619,1.1355725706176125,1.0919332479356556,0.15554837470224564,0.5910267343624541,0.580471264627081,233.56208850364544,5.221632252303701e-46,inconclusive,True,1.0,1.0,9.730791670832061e-07,9.388403250027529e-07,True,304,0.758552074432373,c1.00_beta6_rho1.00,1.0,6,1.0,800
True,4,4,0.4800080364653857,0.9216308602854202,0.8804964823202232,0.14208765720856908,-0.8410548813846568,0.5277807027129676,222.07065721601577,1.4060074454386789e-43,inconclusive,True,1.0,1.0,8.806375618913414e-07,9.15492229406743e-07,True,305,0.759606122970581,c1.00_beta6_rho1.00,1.0,6,1.0,800
True,4,4,0.522648846465309,1.0926472668460723,1.0456848742234932,0.1574806057804534,0.2900984155927323,0.5711211385984559,224.8790683017977,3.584054887871955e-44,inconclusive,True,1.0,1.0,9.493818528501295e-07,9.307640220656647e-07,True,306,0.7666530609130859,c1.00_beta6_rho1.00,1.0,6,1.0,800
True,4,4,0.48114063218747066,0.9259852317670357,0.8833345072956003,0.13592165889049962,-0.8583289348932026,0.5260479400451301,212.53399378873053,1.4527493104950428e-41,inconclusive,True,1.0,1.0,9.53582488353163e-07,9.97744153027703e-07,True,307,0.7372479438781738,c1.00_beta6_rho1.00,1.0,6,1.0,800
True,4,4,0.4799232596381926,0.9213053405669922,0.887806254672884,0.12438019779733998,-0.9020225672089693,0.5225881442734757,239.51413675996744,2.8697383247390323e-47,inconclusive,True,1.0,1.0,9.800216923595808e-07,9.651445118746112e-07,True,308,0.6943702697753906,c1.00_beta6_rho1.00,1.0,6,1.0,800
True,4,4,0.41925846289043756,0.7031106348210097,0.6606711059268442,0.11570061656466608,-2.932818373387854,0.4612433426955225,176.05721844763667,6.922514267589536e-34,equivalent,True,1.0,1.0,8.269156815387785e-07,9.604923247701173e-07,True,309,0.7428669929504395,c1.00_beta6_rho1.00,1.0,6,1.0,800
True,4,4,0.4838369853893111,0.9363929137224657,0.893041519997001,0.14695628904841324,-0.727825128788892,0.5326263007591749,180.55386188432357,7.876193551666566e-35,inconclusive,True,1.0,1.0,9.523505965321814e-07,8.494123353986252e-07,True,310,0.759174108505249,c1.00_beta6_rho1.00,1.0,6,1.0,800
True,4,4,0.5445070623683189,1.1859517638759052,1.1432942359087452,0.16841148357734567,0.8508578682696246,0.5958830580514981,236.94873496971496,1.002306852255434e-46,inconclusive,True,1.0,1.0,9.661365301435254e-07,6.702274009176161e-07,True,311,0.7546048164367676,c1.00_beta6_rho1.00,1.0,6,1.0,800
True,4,4,0.5302152719796009,1.1245129385616086,1.0862307414091559,0.1528222864122264,0.5642550143279172,0.5782735151927078,240.3608390475813,1.8990756947659994e-47,inconclusive,True,1.0,1.0,9.527830905934707e-07,9.562970068736103e-07,True,312,0.7255849838256836,c1.00_beta6_rho1.00,1.0,6,1.0,800
True,4,4,0.4967980633710498,0.9872332630769025,0.9453647103762066,0.14702087082441861,-0.37161587547010394,0.5447918233117388,217.27811211332764,1.4471417738583012e-42,inconclusive,True,1.0,1.0,8.797319381847552e-07,8.398874635300275e-07,True,313,0.7475771903991699,c1.00_beta6_rho1.00,1.0,6,1.0,800
True,4,4,0.4864817055321338,0.9466577992698151,0.9039254067479746,0.13640475173795913,-0.7043346513073815,0.5311052761406094,213.24228336384465,1.0296300728994995e-41,inconclusive,True,1.0,1.0,8.677751077099699e-07,9.93162172760695e-07,True,314,0.7542591094970703,c1.00_beta6_rho1.00,1.0,6,1.0,800
True,4,4,0.4638790272454674,0.8607350076728045,0.8175008369102149,0.13809804332576278,-1.3215188187661968,0.5110410708420354,180.6767335843763,7.421839441027415e-35,inconclusive,True,1.0,1.0,9.493826940274192e-07,8.183619514174324e-07,True,315,0.7634947299957275,c1.00_beta6_rho1.00,1.0,6,1.0,800
True,4,4,0.5233033972271348,1.0953857821978419,1.0560463042590889,0.14778333527993093,0.3792464431319407,0.5698965387018219,257.693174267843,4.0258373861720766e-51,inconclusive,True,1.0,1.0,8.899398376239826e-07,8.449704091515353e-07,True,316,0.72760009765625,c1.00_beta6_rho1.00,1.0,6,1.0,800
True,4,4,0.5141649911314108,1.0574625524206551,1.0114864454752062,0.16434581890003272,0.06989192394479515,0.5660855195478937,193.6440235280653,1.3932535069088426e-37,inconclusive,True,1.0,1.0,7.699875558117906e-07,9.099452456826593e-07,True,317,0.7808837890625,c1.00_beta6_rho1.00,1.0,6,1.0,800
True,4,4,0.5339925748575395,1.1405922800119395,1.0981486796551743,0.16112047241173205,0.6091633061027912,0.5837739873182399,229.87431198616565,3.1480494163595195e-45,inconclusive,True,1.0,1.0,7.660455800606952e-07,9.960408339348026e-07,True,318,0.7498879432678223,c1.00_beta6_rho1.00,1.0,6,1.0,800
True,4,4,0.5418824226059553,1.1745462397171968,1.13576107994992,0.15382203383778004,0.8825853914601923,0.589231662890973,252.36521886090205,5.430026103432713e-50,inconclusive,True,1.0,1.0,9.94300026536187e-07,8.646413698414488e-07,True,319,0.7236061096191406,c1.00_beta6_rho1.00,1.0,6,1.0,800
True,4,4,0.4685038643291722,0.8779834835654695,0.8375733277149231,0.13039440846886158,-1.24565672863085,0.5128481849970618,200.22780823347577,5.721284214437488e-39,inconclusive,True,1.0,1.0,8.687181496254792e-07,9.421279219032753e-07,True,320,0.7315349578857422,c1.00_beta6_rho1.00,1.0,6,1.0,800
True,4,4,0.5509435129887801,1.2141550180176721,1.1701137474047756,0.1730227361037209,0.9831872459975348,0.6030569671328838,245.54173308892837,1.5173286705052154e-48,inconclusive,True,1.0,1.0,8.40829287483225e-07,8.873360977565926e-07,True,321,0.7499229907989502,c1.00_beta6_rho1.00,1.0,6,1.0,800
True,4,4,0.48158598535620695,0.9277002451660351,0.8845888518630236,0.14510440595344512,-0.7953662563079206,0.5299208337766563,202.26118086577085,2.132969312075162e-39,inconclusive,True,1.0,1.0,9.6370340041981e-07,7.968999878139961e-07,True,322,0.7618880271911621,c1.00_beta6_rho1.00,1.0,6,1.0,800
True,4,4,0.5299858172504974,1.1235398659467108,1.0687678977856865,0.17733266672279946,0.3877903550234328,0.5831925449244143,236.21215979560503,1.435238611557005e-46,inconclusive,True,1.0,1.0,9.6874463279067e-07,9.917929546063289e-07,True,323,0.8092777729034424,c1.00_beta6_rho1.00,1.0,6,1.0,800
True,4,4,0.562222614779634,1.2643770742785947,1.2293114672811358,0.15503069513129777,1.479135903292755,0.6091621845733406,308.3291083585248,6.94169395748255e-62,inconclusive,True,1.0,1.0,8.692652043679715e-07,8.705182852918789e-07,True,324,0.7040131092071533,c1.00_beta6_rho1.00,1.0,6,1.0,800
True,4,4,0.4816687781447997,0.9280192473580171,0.8769004054001348,0.15922817006457485,-0.7731018609957161,0.5335746054779258,159.14639905974394,2.4122450178392072e-30,inconclusive,True,1.0,1.0,6.6418132966999e-07,9.795537545961664e-07,True,325,0.7988760471343994,c1.00_beta6_rho1.00,1.0,6,1.0,800
True,4,4,0.5222638120491054,1.0910379575042533,1.049669459766812,0.150243012024375,0.33059414276621185,0.5693850241750346,260.86637347619654,8.543314686868256e-52,inconclusive,True,1.0,1.0,9.027518249972063e-07,8.913712020207288e-07,True,326,0.7426409721374512,c1.00_beta6_rho1.00,1.0,6,1.0,800
True,4,4,0.5002259785848067,1.00090411860451,0.9537332255358492,0.15291311677116443,-0.30256903685633063,0.5489200579923622,204.58488611928124,6.904523661979018e-40,inconclusive,True,1.0,1.0,8.677903280882206e-07,9.743793210560941e-07,True,327,0.7686789035797119,c1.00_beta6_rho1.00,1.0,6,1.0,800
True,4,4,0.568250143544722,1.291632902554389,1.247897665720403,0.17041760263220718,1.4546482399204514,0.6181038904396178,256.50585713289433,7.189673091309382e-51,inconclusive,True,1.0,1.0,8.424456357391798e-07,9.970293816247473e-07,True,328,0.7528750896453857,c1.00_beta6_rho1.00,1.0,6,1.0,800
True,4,4,0.49581504028842766,0.9833302167048605,0.9368912658826389,0.15670071657050452,-0.40273417696189334,0.546498171973047,187.35930489381263,2.92555947524972e-36,inconclusive,True,1.0,1.0,9.115004915257504e-07,8.888328744137428e-07,True,329,0.7744081020355225,c1.00_beta6_rho1.00,1.0,6,1.0,800
True,4,4,0.49297035675879547,0.9720790905715764,0.9372779517686631,0.13169973684575476,-0.4762503687064783,0.5370997909113253,268.65701892978996,1.8965212305713023e-53,inconclusive,True,1.0,1.0,8.510940834370934e-07,6.409183289865481e-07,True,330,0.6926181316375732,c1.00_beta6_rho1.00,1.0,6,1.0,800
True,4,4,0.5439143095976589,1.1833711047403916,1.1412977637951955,0.16782833760354374,0.8419183900217099,0.5952627179673737,223.81402149221407,6.018898490760764e-44,inconclusive,True,1.0,1.0,9.143838715064275e-07,9.82081076023308e-07,True,331,0.7411222457885742,c1.00_beta6_rho1.00,1.0,6,1.0,800
True,4,4,0.5497918865309517,1.2090844739810513,1.1631224635122575,0.1863644462850503,0.8752874636976438,0.6061486407885085,239.8309479936434,2.4589819522893503e-47,inconclusive,True,1.0,1.0,8.296660766374653e-07,9.164060537669808e-07,True,332,0.7626698017120361,c1.00_beta6_rho1.00,1.0,6,1.0,800
True,4,4,0.5268795313120577,1.1104081620624542,1.0663593240409883,0.15248398445912234,0.43518881196849774,0.5738408226439166,243.13502733931654,4.908645891252629e-48,inconclusive,True,1.0,1.0,9.792350308184501e-07,9.741876850305584e-07,True,333,0.7614340782165527,c1.00_beta6_rho1.00,1.0,6,1.0,800
True,4,4,0.4842493167880137,0.9379896032386321,0.8999358701445613,0.13156074791020914,-0.7605925889364276,0.5282835515869099,228.22473367946992,7.029789935839025e-45,inconclusive,True,1.0,1.0,8.861579716373231e-07,8.099660579215626e-07,True,334,0.7191851139068604,c1.00_beta6_rho1.00,1.0,6,1.0,800
True,4,4,0.5149245332292599,1.060589099685485,1.0215677128714746,0.13996506208254397,0.15409354699357142,0.5594170521365154,276.38873827959173,4.322443899482231e-55,inconclusive,True,1.0,1.0,8.732404205645751e-07,9.325468337921284e-07,True,335,0.7237632274627686,c1.00_beta6_rho1.00,1.0,6,1.0,800
True,4,4,0.5034825934391943,1.013978887585028,0.9655578918271355,0.16372749451515947,-0.21036239682807548,0.5556225461165324,194.34050676259776,9.940763092958908e-38,inconclusive,True,1.0,1.0,9.68330567287014e-07,9.067908636014048e-07,True,336,0.7964951992034912,c1.00_beta6_rho1.00,1.0,6,1.0,800
True,4,4,0.47320201100438225,0.895680572874366,0.8522142827533881,0.13349737753610896,-1.107030864382622,0.5176383699993091,209.65843656480826,5.875319920858457e-41,inconclusive,True,1.0,1.0,9.698779059304435e-07,9.829338527022565e-07,True,337,0.7516441345214844,c1.00_beta6_rho1.00,1.0,6,1.0,800
True,4,4,0.5406962682117341,1.1694098178323822,1.1365270888763317,0.14282710092576734,0.9558906397413331,0.5855460622062632,296.79761701380875,1.9777214558824295e-59,inconclusive,True,1.0,1.0,8.518991501670201e-07,9.485351385659087e-07,True,338,0.6911978721618652,c1.00_beta6_rho1.00,1.0,6,1.0,800
True,4,4,0.5011115553274393,1.0044511635307414,0.9634448866941171,0.1379055673367143,-0.2650735137953413,0.5454996240385304,226.4906639433598,1.6354668979021506e-44,inconclusive,True,1.0,1.0,8.893903396852533e-07,9.440298086647985e-07,True,339,0.7254090309143066,c1.00_beta6_rho1.00,1.0,6,1.0,800
True,4,4,0.5080188025315101,1.0323324149021977,0.990422521244774,0.15389811711338083,-0.06223259215166344,0.5575756445003047,212.3932012482366,1.5556368202637638e-41,inconclusive,True,1.0,1.0,7.06952563964343e-07,7.546985672732072e-07,True,340,0.7405047416687012,c1.00_beta6_rho1.00,1.0,6,1.0,800
True,4,4,0.5405349361509589,1.1687120687988852,1.1296153498636405,0.16528584464057058,0.7841890522778956,0.5919219481706225,253.95331224334254,2.500690235678286e-50,inconclusive,True,1.0,1.0,9.044375737384977e-07,7.024913209212924e-07,True,341,0.7250242233276367,c1.00_beta6_rho1.00,1.0,6,1.0,800
True,4,4,0.5598452470016989,1.253706802361573,1.2106520204346423,0.1723258188625789,1.2224054516324485,0.6111674828981286,237.79258616210979,6.642830063912892e-47,inconclusive,True,1.0,1.0,9.992690095085955e-07,9.292844344574405e-07,True,342,0.7508511543273926,c1.00_beta6_rho1.00,1.0,6,1.0,800
True,4,4,0.4973047135542466,0.9892479124930851,0.9507214084429021,0.13766939000954873,-0.35794878987754614,0.5424867288515695,237.97318895094557,6.082981860072324e-47,inconclusive,True,1.0,1.0,9.879246186898245e-07,9.684774260115497e-07,True,343,0.7290701866149902,c1.00_beta6_rho1.00,1.0,6,1.0,800
True,4,4,0.5253437360494546,1.103944164025596,1.0668021384693884,0.1372852540181055,0.4865936909770251,0.5684664208350445,293.4478067953428,1.0206560973055725e-58,inconclusive,True,1.0,1.0,8.020020112675075e-07,7.575550411383922e-07,True,344,0.7344589233398438,c1.00_beta6_rho1.00,1.0,6,1.0,800
True,4,4,0.520122002380415,1.0821075894408494,1.040661481338383,0.15227692845860535,0.26702325657583986,0.5681405502634339,235.50711334498396,2.023772243503365e-46,inconclusive,True,1.0,1.0,9.694657233153165e-07,9.517013227591721e-07,True,345,0.7449572086334229,c1.00_beta6_rho1.00,1.0,6,1.0,800
True,4,4,0.47929327117246306,0.9188881591648008,0.8819867718539914,0.12468250474059457,-0.9465099244800894,0.5213135433676054,244.66433429086038,2.3279775993026092e-48,inconclusive,True,1.0,1.0,9.486381428768929e-07,6.729402650221534e-07,True,346,0.7216789722442627,c1.00_beta6_rho1.00,1.0,6,1.0,800
True,4,4,0.5258184275395438,1.1059400749606336,1.0685184230727864,0.14921554142425775,0.4591909288990959,0.573139631237887,241.4661712578446,1.1077714337551095e-47,inconclusive,True,1.0,1.0,8.373121400974414e-07,9.310061441208323e-07,True,347,0.7258250713348389,c1.00_beta6_rho1.00,1.0,6,1.0,800
True,4,4,0.48921637627374337,0.9573306512576515,0.9149534446824421,0.139176933957495,-0.6110678896226535,0.5347614256120231,219.40589803922467,5.141002946791576e-43,inconclusive,True,1.0,1.0,9.613015924701313e-07,9.456494087450799e-07,True,348,0.7467250823974609,c1.00_beta6_rho1.00,1.0,6,1.0,800
True,4,4,0.5244166573000126,1.1000513218148757,1.0518018328632612,0.17621757043423847,0.29396519731608056,0.5791489322110063,193.34395100641194,1.6113527810504271e-37,inconclusive,True,1.0,1.0,9.318050556996872e-07,7.059063389595032e-07,True,349,0.751971960067749,c1.00_beta6_rho1.00,1.0,6,1.0,800
True,4,4,0.5934550081875974,1.4087553869717653,1.3653648608644082,0.16953472174906414,2.1551034330607566,0.6411366201574289,309.9710748632102,3.103071922748845e-62,meaningfully_different,True,1.0,1.0,9.460997159437074e-07,9.952770082428004e-07,True,350,0.748903751373291,c1.00_beta6_rho1.00,1.0,6,1.0,800
True,4,4,0.49802943705864366,0.992133280707798,0.9551262442840959,0.1319232868561195,-0.34015037667189973,0.5413226258777531,254.08213999633728,2.348231100716453e-50,inconclusive,True,1.0,1.0,8.315128310461582e-07,9.950920422675309e-07,True,351,0.7191979885101318,c1.00_beta6_rho1.00,1.0,6,1.0,800
True,4,4,0.5457617188446107,1.1914234150248955,1.1515939650109805,0.14837442606166343,1.021698745766195,0.5906877724029317,314.6408194464796,3.1414187144005394e-63,inconclusive,True,1.0,1.0,9.252216225739122e-07,8.926675169400044e-07,True,352,0.7354917526245117,c1.00_beta6_rho1.00,1.0,6,1.0,800
True,4,4,0.4758974119533852,0.90591338681572,0.8656484968596128,0.13946888370518049,-0.9633080840052414,0.5232242339735785,206.82511720867012,2.326610362340582e-40,inconclusive,True,1.0,1.0,9.505549519995295e-07,7.694595790131759e-07,True,353,0.7429478168487549,c1.00_beta6_rho1.00,1.0,6,1.0,800
True,4,4,0.5505650066729367,1.2124873062910837,1.1713860825227698,0.15815408692357438,1.0836652144537342,0.5982320632530927,276.73340380736886,3.651725266225063e-55,inconclusive,True,1.0,1.0,8.457873464777838e-07,8.728789995976225e-07,True,354,0.7540838718414307,c1.00_beta6_rho1.00,1.0,6,1.0,800
True,4,4,0.5344581555029545,1.1425820799344812,1.098301658250572,0.17118706502879055,0.574235315232722,0.5873413239016891,211.65161531548029,2.2306316678234548e-41,inconclusive,True,1.0,1.0,9.6438047661471e-07,8.523928626533667e-07,True,355,0.7632739543914795,c1.00_beta6_rho1.00,1.0,6,1.0,800
True,4,4,0.49853201205914627,0.9941366681909631,0.9539849818237491,0.1386265522990122,-0.3319350976643942,0.5436003516289696,236.32213836257375,1.3603287046833472e-46,inconclusive,True,1.0,1.0,9.842141048937228e-07,6.395303983436684e-07,True,356,0.7451958656311035,c1.00_beta6_rho1.00,1.0,6,1.0,800
True,4,4,0.5017287654337889,1.0069270162548556,0.9588636544218467,0.1662694226732286,-0.2474077609507254,0.555056870364883,176.97954611817448,4.433152749270754e-34,inconclusive,True,1.0,1.0,9.354667586968093e-07,9.864403188170183e-07,True,357,0.7859163284301758,c1.00_beta6_rho1.00,1.0,6,1.0,800
True,4,4,0.5528724457001213,1.222671764857734,1.1840842269538936,0.17430691459787256,1.0560925100336804,0.606381395582212,235.39789953581703,2.1344105089650805e-46,inconclusive,True,1.0,1.0,9.729352993179117e-07,8.532889812497244e-07,True,358,0.7335779666900635,c1.00_beta6_rho1.00,1.0,6,1.0,800
True,4,4,0.49116523475985974,0.9649731513468325,0.9235343454503857,0.135982020072131,-0.5623218018753763,0.5355382489529152,231.07814277130288,1.7513733302278718e-45,inconclusive,True,1.0,1.0,9.89689941881723e-07,9.756104464233763e-07,True,359,0.7554988861083984,c1.00_beta6_rho1.00,1.0,6,1.0,800
True,4,4,0.4707516806986228,0.8864285795223124,0.846475655683096,0.13711843447768082,-1.119647733010645,0.5176908850741959,183.53414744249397,1.8631552402575485e-35,inconclusive,True,1.0,1.0,9.595504237281908e-07,9.98627214713269e-07,True,360,0.7214033603668213,c1.00_beta6_rho1.00,1.0,6,1.0,800
True,4,4,0.5557381666602871,1.235379639531748,1.1919605162112354,0.16246980405731085,1.1815150349016352,0.603986664315736,264.9877818151557,1.1400940705280388e-52,inconclusive,True,1.0,1.0,9.238192951280363e-07,8.542459779132805e-07,True,361,0.7552151679992676,c1.00_beta6_rho1.00,1.0,6,1.0,800
True,4,4,0.4936981291480982,0.974951370897329,0.9322468197794644,0.14295028107528596,-0.47396325289387004,0.5402265978457282,226.267275408817,1.8233739501973281e-44,inconclusive,True,1.0,1.0,8.417145948124392e-07,6.780944227677462e-07,True,362,0.7527251243591309,c1.00_beta6_rho1.00,1.0,6,1.0,800
True,4,4,0.5159314927463928,1.0647412208300846,1.018658347518821,0.16205386821426107,0.11513669944707264,0.566836228643813,199.21159870690724,9.36695277519569e-39,inconclusive,True,1.0,1.0,9.190983486887587e-07,8.911060235086419e-07,True,363,0.7805860042572021,c1.00_beta6_rho1.00,1.0,6,1.0,800
True,4,4,0.4625315224250911,0.8557416369474903,0.8181840610711634,0.1261946677971569,-1.4407576968393339,0.5063980198665998,205.87501878892675,3.690580787777868e-40,inconclusive,True,1.0,1.0,9.077008351645908e-07,8.951821989263647e-07,True,364,0.7234902381896973,c1.00_beta6_rho1.00,1.0,6,1.0,800
True,4,4,0.5973036737138605,1.4270867145282957,1.3897442462110963,0.17166168149708594,2.2704207649143435,0.6465490286185122,332.71762378531974,4.4068389600998234e-67,meaningfully_different,True,1.0,1.0,8.991177524143608e-07,9.747515392455473e-07,True,365,0.7149901390075684,c1.00_beta6_rho1.00,1.0,6,1.0,800
True,4,4,0.5125688603527103,1.050907346413105,1.0134938197082386,0.14133619676507123,0.09547320514551555,0.5581153947833711,247.8797320477898,4.8488177119023495e-49,inconclusive,True,1.0,1.0,9.369693780235376e-07,9.024314593502817e-07,True,366,0.7187387943267822,c1.00_beta6_rho1.00,1.0,6,1.0,800
True,4,4,0.5287760388625223,1.1184163971005587,1.0795042330459932,0.13909144626882133,0.5715968535716838,0.5719023742998428,291.0093730207186,3.3696270309772006e-58,inconclusive,True,1.0,1.0,9.220309002445883e-07,9.750876303892824e-07,True,367,0.7289230823516846,c1.00_beta6_rho1.00,1.0,6,1.0,800
True,4,4,0.5289205756383162,1.119027901334271,1.0700947307849562,0.1609964604554831,0.4353805703966889,0.5776916008328983,238.5494365384889,4.593147313459661e-47,inconclusive,True,1.0,1.0,8.579786539370563e-07,6.634937715290665e-07,True,368,0.773521900177002,c1.00_beta6_rho1.00,1.0,6,1.0,800
True,4,4,0.4956082998453206,0.982510347502277,0.9412672615343078,0.13734903826652797,-0.42761667068771425,0.5401819890752798,241.3344449194144,1.1812699558368427e-47,inconclusive,True,1.0,1.0,9.857057967531133e-07,7.364829620243301e-07,True,369,0.7349379062652588,c1.00_beta6_rho1.00,1.0,6,1.0,800
True,4,4,0.5564731814318952,1.2386496066117398,1.194687955369871,0.1678523814087309,1.1598760395051761,0.6063787087543691,258.3503006385956,2.9204871770354973e-51,inconclusive,True,1.0,1.0,7.550124873445404e-07,7.269705956382669e-07,True,370,0.756627082824707,c1.00_beta6_rho1.00,1.0,6,1.0,800
True,4,4,0.5796058494604194,1.3437717629149373,1.3031624225216092,0.16623278928490412,1.8237221659201255,0.6278118804417339,293.95407596751716,7.9648012021511385e-59,meaningfully_different,True,1.0,1.0,9.25395857881996e-07,8.743733896535918e-07,True,371,0.7390310764312744,c1.00_beta6_rho1.00,1.0,6,1.0,800
True,4,4,0.5344495542307413,1.1425453040697522,1.1011143218447565,0.15410457405585362,0.6561409514561761,0.5819350886074707,266.10110079468734,6.616183804550451e-53,inconclusive,True,1.0,1.0,8.701224291223821e-07,9.98782274658444e-07,True,372,0.7546000480651855,c1.00_beta6_rho1.00,1.0,6,1.0,800
True,4,4,0.4973099543840525,0.9892687629178735,0.9485879850032408,0.13431030762985235,-0.38278532678553806,0.5407191465181281,243.8552368310833,3.454553811066474e-48,inconclusive,True,1.0,1.0,9.968903314248701e-07,7.192391454940754e-07,True,373,0.7464718818664551,c1.00_beta6_rho1.00,1.0,6,1.0,800
True,4,4,0.5703088413130432,1.3010086979193034,1.259036383121762,0.16529731480677484,1.5670937148892214,0.6186530269276601,279.8617877125414,7.901657900267352e-56,inconclusive,True,1.0,1.0,9.856930648551202e-07,9.85530733375407e-07,True,374,0.7530770301818848,c1.00_beta6_rho1.00,1.0,6,1.0,800
True,4,4,0.563113827789759,1.2683887321921374,1.2304974463257312,0.1579020455085575,1.4597495908514968,0.6103734919259556,295.3268143730019,4.0655311027805e-59,inconclusive,True,1.0,1.0,9.325025314706701e-07,6.865632317689999e-07,True,375,0.7178428173065186,c1.00_beta6_rho1.00,1.0,6,1.0,800
True,4,4,0.4811039885965275,0.9258441913739506,0.8849357838296357,0.1309568236210559,-0.8786423875346937,0.5244856027901943,250.8746011317387,1.1241618836362008e-49,inconclusive,True,1.0,1.0,9.611658523506403e-07,9.218058953457487e-07,True,376,0.7530579566955566,c1.00_beta6_rho1.00,1.0,6,1.0,800
True,4,4,0.49079170405933964,0.9635059870938817,0.9223346897344052,0.14167497483096894,-0.548193570235368,0.5374405283222933,212.06148294879824,1.8277754691852595e-41,inconclusive,True,1.0,1.0,9.032475157428314e-07,8.200780025367457e-07,True,377,0.7428832054138184,c1.00_beta6_rho1.00,1.0,6,1.0,800
True,4,4,0.5664087584304898,1.2832755265070759,1.2354945000069137,0.18120969349525848,1.299568999122421,0.6191845285517384,255.6542717330553,1.0897577410713528e-50,inconclusive,True,1.0,1.0,8.259052790305366e-07,8.058682917334906e-07,True,378,0.7986891269683838,c1.00_beta6_rho1.00,1.0,6,1.0,800
True,4,4,0.46608434547368705,0.868938468382541,0.8221118542330704,0.155373569826226,-1.144906086446263,0.5190565080254115,176.95173527578538,4.493133571232445e-34,inconclusive,True,1.0,1.0,9.790026038273988e-07,9.705572549402248e-07,True,379,0.7755310535430908,c1.00_beta6_rho1.00,1.0,6,1.0,800
True,4,4,0.4897026283655659,0.959234656912574,0.9157466439873754,0.14145159755054693,-0.5956338243724477,0.5358203563827322,195.04371356580407,7.069315470974022e-38,inconclusive,True,1.0,1.0,9.407324142492657e-07,9.798562511034597e-07,True,380,0.7529637813568115,c1.00_beta6_rho1.00,1.0,6,1.0,800
True,4,4,0.4593621608895025,0.8440543794282928,0.8043987986709094,0.13299362019708963,-1.470756274167286,0.5057553354176055,192.11372873445507,2.924829892490977e-37,inconclusive,True,1.0,1.0,7.509399351672566e-07,9.965139659615843e-07,True,381,0.7674620151519775,c1.00_beta6_rho1.00,1.0,6,1.0,800
True,4,4,0.4141135901285888,0.6859602621167553,0.6416812853387558,0.12156008118216793,-2.9476676156893453,0.45870192548204985,155.55655109757384,1.3570752822056081e-29,equivalent,True,1.0,1.0,8.509783419169369e-07,9.463898881789557e-07,True,382,0.7924480438232422,c1.00_beta6_rho1.00,1.0,6,1.0,800
True,4,4,0.49260177457350574,0.9706260332518678,0.9280413982435278,0.14493456042982836,-0.49649028874180573,0.5400086887349935,212.65047002972736,1.372793575134794e-41,inconclusive,True,1.0,1.0,8.276733298422005e-07,8.444822565686636e-07,True,383,0.785606861114502,c1.00_beta6_rho1.00,1.0,6,1.0,800
True,4,4,0.4532117270753219,0.8216034782343843,0.780482899345017,0.12628719057743146,-1.7382372642171395,0.4970429666547493,198.10888070134632,1.5991602741579924e-38,equivalent,True,1.0,1.0,9.366578046507018e-07,9.735178518059867e-07,True,384,0.7759497165679932,c1.00_beta6_rho1.00,1.0,6,1.0,800
True,4,4,0.4700451756044778,0.8837698684361773,0.8414750102900639,0.12780419417675207,-1.2403739230239772,0.5127607148127927,222.00232485103894,1.453545002339257e-43,inconclusive,True,1.0,1.0,9.038992515681848e-07,8.658251879081099e-07,True,385,0.748680830001831,c1.00_beta6_rho1.00,1.0,6,1.0,800
True,4,4,0.5261603846392648,1.1073790014549565,1.064522847780335,0.15270298798074539,0.4225382137805373,0.5735191608409416,275.1600699174983,7.884404743126963e-55,inconclusive,True,1.0,1.0,9.204653961701402e-07,9.471833406235894e-07,True,386,0.7722680568695068,c1.00_beta6_rho1.00,1.0,6,1.0,800
True,4,4,0.4882797637499609,0.9536685107508704,0.9148636813341551,0.13759189973513114,-0.6187596713886144,0.5341306527088266,247.3922299268733,6.151083007509928e-49,inconclusive,True,1.0,1.0,9.44190813779277e-07,9.406929281664565e-07,True,387,0.7336740493774414,c1.00_beta6_rho1.00,1.0,6,1.0,800
True,4,4,0.4617360575227595,0.8528007472666441,0.8156065396757202,0.137676392507862,-1.3393251883306723,0.5104076932310757,192.406811916072,2.53760292577479e-37,inconclusive,True,1.0,1.0,8.601099122967493e-07,8.873963535934394e-07,True,388,0.7280352115631104,c1.00_beta6_rho1.00,1.0,6,1.0,800
True,4,4,0.5007493842812049,1.002999783432023,0.9613798968044138,0.15152032050638098,-0.2548839856364993,0.5501383111423399,219.25675811327173,5.5278391514275196e-43,inconclusive,True,1.0,1.0,8.812321895543572e-07,8.23441423135048e-07,True,389,0.743699312210083,c1.00_beta6_rho1.00,1.0,6,1.0,800
True,4,4,0.4690362230321225,0.8799799140649558,0.8399088006400939,0.15106793432740645,-1.059729849836589,0.5216304823183254,171.50956277705868,6.224078462971712e-33,inconclusive,True,1.0,1.0,7.760317229557823e-07,7.745549067381367e-07,True,390,0.7505559921264648,c1.00_beta6_rho1.00,1.0,6,1.0,800
True,4,4,0.48385124348459563,0.9364481032863577,0.894885985953505,0.13703448781259647,-0.7670624798499281,0.5292182111968303,207.72635755135562,1.501867471068127e-40,inconclusive,True,1.0,1.0,9.990826253581233e-07,9.975751679934572e-07,True,391,0.7581539154052734,c1.00_beta6_rho1.00,1.0,6,1.0,800
True,4,4,0.4987674514594265,0.9950758825413255,0.954247401794525,0.15171509379215858,-0.30156919171241797,0.5485883074040677,206.40387100366524,2.8547346102563793e-40,inconclusive,True,1.0,1.0,8.959594908001832e-07,9.881430915551529e-07,True,392,0.7601451873779297,c1.00_beta6_rho1.00,1.0,6,1.0,800
True,4,4,0.47805178239842505,0.9141340266172445,0.875024530362385,0.149121287740297,-0.838079334824862,0.5292228314608334,185.2582287690005,8.089429790645552e-36,inconclusive,True,1.0,1.0,9.95478061369062e-07,9.384486999072505e-07,True,393,0.7330079078674316,c1.00_beta6_rho1.00,1.0,6,1.0,800
True,4,4,0.5424115958026292,1.1768413570446192,1.1357602306757988,0.1560302143309585,0.87008936863879,0.5900015030981047,269.74295031990977,1.1152368431126898e-53,inconclusive,True,1.0,1.0,9.753501306557422e-07,9.181412874189676e-07,True,394,0.7516517639160156,c1.00_beta6_rho1.00,1.0,6,1.0,800
True,4,4,0.5553330796347936,1.2335793173466563,1.1937234798485643,0.1761158933465904,1.0999772715987803,0.6089762609871386,242.20985211117107,7.70788170734968e-48,inconclusive,True,1.0,1.0,8.977680722782936e-07,7.162591600845142e-07,True,395,0.737440824508667,c1.00_beta6_rho1.00,1.0,6,1.0,800
True,4,4,0.521056922862332,1.0860012674510484,1.0402561713241876,0.1614522562076597,0.24933792979895017,0.5713627351619229,222.1022624625315,1.384549088599367e-43,inconclusive,True,1.0,1.0,7.117400572192045e-07,8.839469094494082e-07,True,396,0.7780580520629883,c1.00_beta6_rho1.00,1.0,6,1.0,800
True,4,4,0.523414508033409,1.0958509888794226,1.0580150203765537,0.146368599612188,0.3963624748085848,0.5698179407320528,262.64902501251663,3.5754714531197174e-52,inconclusive,True,1.0,1.0,8.828002395990085e-07,9.89525120473058e-07,True,397,0.7273399829864502,c1.00_beta6_rho1.00,1.0,6,1.0,800
True,4,4,0.4769879551327929,0.910070037367053,0.8688573940511016,0.13365506700982796,-0.9812019019021191,0.5217040386518632,206.38007816579076,2.8879093869516393e-40,inconclusive,True,1.0,1.0,8.372118672308623e-07,9.730410982726733e-07,True,398,0.7583150863647461,c1.00_beta6_rho1.00,1.0,6,1.0,800
True,4,4,0.49066116830678647,0.9629935283367225,0.9185246227045952,0.14089623574193255,-0.578265110252031,0.5362551414878282,212.20242067602967,1.706773883327663e-41,inconclusive,True,1.0,1.0,9.548272260861653e-07,8.951299574754077e-07,True,399,0.7628130912780762,c1.00_beta6_rho1.00,1.0,6,1.0,800
True,4,4,0.5506461454483882,1.2128447099886701,1.1728216481195974,0.17028348886937772,1.0149054924060588,0.6026842171478244,250.16445051631075,1.5899099093726772e-49,inconclusive,True,1.0,1.0,8.078705712300537e-07,9.130511000427491e-07,True,400,0.7342050075531006,c1.00_beta6_rho1.00,1.0,6,1.0,800
True,4,4,0.5448914678593421,1.1876268469836337,1.1477503259368098,0.14817059874472321,0.9971635883807322,0.5898027790477167,289.734165892732,6.2922710149422374e-58,inconclusive,True,1.0,1.0,9.002306414524532e-07,9.972398557590118e-07,True,401,0.7337350845336914,c1.00_beta6_rho1.00,1.0,6,1.0,800
True,4,4,0.5313654611570595,1.129397013242618,1.0847554808254238,0.16139259540924675,0.5251509873207473,0.5809954123630054,234.134414918758,3.950830469320614e-46,inconclusive,True,1.0,1.0,9.858932639584142e-07,8.480078733812407e-07,True,402,0.7712588310241699,c1.00_beta6_rho1.00,1.0,6,1.0,800
True,4,4,0.5168446406987282,1.0685135304759896,1.0295832554651814,0.15428779059252803,0.19174074210000416,0.5664283024831188,224.14533657036287,5.122509304913405e-44,inconclusive,True,1.0,1.0,9.173384094843868e-07,9.9055475186539e-07,True,403,0.7311916351318359,c1.00_beta6_rho1.00,1.0,6,1.0,800
True,4,4,0.5321381303873493,1.132683959248574,1.0892484145728447,0.172290227492495,0.5180120536826872,0.5857987325336598,211.63296260450466,2.25094309531069e-41,inconclusive,True,1.0,1.0,8.657150296588178e-07,9.356451339205129e-07,True,404,0.7600240707397461,c1.00_beta6_rho1.00,1.0,6,1.0,800
True,4,4,0.4929575260657396,0.9720284900194174,0.923535416454225,0.153161820657207,-0.49924049751870714,0.5420941322023147,211.35999147506078,2.5702413428466097e-41,inconclusive,True,1.0,1.0,7.842429728257847e-07,8.794301541510227e-07,True,405,0.7779860496520996,c1.00_beta6_rho1.00,1.0,6,1.0,800
True,4,4,0.5032759140658564,1.0131465827152928,0.9699492716478246,0.1406797402573894,-0.21361091723082642,0.5480298469629147,241.5135891875036,1.0824483479974392e-47,inconclusive,True,1.0,1.0,9.903327601981512e-07,9.627673664576592e-07,True,406,0.7632498741149902,c1.00_beta6_rho1.00,1.0,6,1.0,800
True,4,4,0.47729591924601955,0.9112455781156112,0.8716704922487846,0.1491379236677765,-0.8604753545924748,0.5284365020770562,193.9230525017905,1.2170158658743706e-37,inconclusive,True,1.0,1.0,9.527192080734894e-07,7.82608771288772e-07,True,407,0.7344419956207275,c1.00_beta6_rho1.00,1.0,6,1.0,800
True,4,4,0.49281189701108014,0.9714542633426377,0.9326748821157479,0.14130396001763545,-0.4764559880406012,0.5396988079599031,225.07471595499055,3.2584658723201594e-44,inconclusive,True,1.0,1.0,9.293366591577404e-07,8.063126579934626e-07,True,408,0.7433600425720215,c1.00_beta6_rho1.00,1.0,6,1.0,800
True,4,4,0.5150561979755536,1.0611315482921304,1.0166622673256684,0.1509026562394311,0.11041732293453538,0.5623333194729145,220.5738749139594,2.9125861294003846e-43,inconclusive,True,1.0,1.0,9.740115729996233e-07,9.755735746610183e-07,True,409,0.7581501007080078,c1.00_beta6_rho1.00,1.0,6,1.0,800
True,4,4,0.5469442575001757,1.1965920832496741,1.1586077686593068,0.14733023329119183,1.0765459683066234,0.591807493457106,289.78690151023477,6.1318496766545596e-58,inconclusive,True,1.0,1.0,8.729472527509173e-07,9.82100377618732e-07,True,410,0.7286391258239746,c1.00_beta6_rho1.00,1.0,6,1.0,800
True,4,4,0.5332555333301447,1.1374458553088687,1.093431228235045,0.16155096211597872,0.5783390393427053,0.5829148553195853,255.3103204883942,1.289073895552465e-50,inconclusive,True,1.0,1.0,8.645419927289136e-07,8.007177375277816e-07,True,411,0.7637228965759277,c1.00_beta6_rho1.00,1.0,6,1.0,800
True,4,4,0.42673552709668994,0.7284128403459591,0.6854726718124697,0.13057831468270228,-2.4087255908595036,0.4744088127131291,138.18482205993485,5.658176997628584e-26,equivalent,True,1.0,1.0,9.99853221844255e-07,8.131257837500824e-07,True,412,0.7432808876037598,c1.00_beta6_rho1.00,1.0,6,1.0,800
True,4,4,0.5148274834584887,1.060189350896802,1.0168645399204028,0.16091335331689346,0.10480509897267985,0.5660263802926103,205.0855244998417,5.414700947226898e-40,inconclusive,True,1.0,1.0,8.836625607089428e-07,9.321177298812227e-07,True,413,0.7541067600250244,c1.00_beta6_rho1.00,1.0,6,1.0,800
True,4,4,0.523780708160171,1.0973849209630806,1.0586417608718053,0.1585660047555238,0.3698255560024914,0.574338669450598,245.73997237055576,1.377448551743824e-48,inconclusive,True,1.0,1.0,9.548830511406403e-07,9.211799446748828e-07,True,414,0.7292289733886719,c1.00_beta6_rho1.00,1.0,6,1.0,800
True,4,4,0.46086803519830905,0.8495973834701993,0.812006478620974,0.12074542344947438,-1.5569411743186394,0.5026467512875302,214.4636740414951,5.6863112839951135e-42,inconclusive,True,1.0,1.0,6.562387518181375e-07,9.948027838862747e-07,True,415,0.7385449409484863,c1.00_beta6_rho1.00,1.0,6,1.0,800
True,4,4,0.5150787462275108,1.0612244592612181,1.0134525643083416,0.16820118441244925,0.07997901058386335,0.5679170037396952,192.578744366714,2.3347507183906907e-37,inconclusive,True,1.0,1.0,9.332075326929163e-07,8.872072804571638e-07,True,416,0.7859549522399902,c1.00_beta6_rho1.00,1.0,6,1.0,800
True,4,4,0.5083073696173099,1.0335055280290744,0.9863318065063004,0.15012521478549426,-0.09104528851618543,0.5552625078607166,251.3567228956101,8.884209664283733e-50,inconclusive,True,1.0,1.0,9.432335905755564e-07,9.128408396794005e-07,True,417,0.7740471363067627,c1.00_beta6_rho1.00,1.0,6,1.0,800
True,4,4,0.4584774033548908,0.8408061175481729,0.8026146190475555,0.12430546104760408,-1.587905947887951,0.5017666059787115,203.7159534264615,1.0527600255878122e-39,inconclusive,True,1.0,1.0,9.749818745167596e-07,9.237612946738947e-07,True,418,0.7252190113067627,c1.00_beta6_rho1.00,1.0,6,1.0,800
True,4,4,0.49070739162624505,0.9631749767865321,0.9100960310099426,0.16321320139256326,-0.5508376051874552,0.5428070230954233,191.42171838522142,4.089937843004646e-37,inconclusive,True,1.0,1.0,9.260829663495148e-07,8.161408717048181e-07,True,419,0.8161799907684326,c1.00_beta6_rho1.00,1.0,6,1.0,800
True,4,4,0.5078601071077132,1.0316875535658316,0.9851149438925806,0.16251864245504083,-0.09158983783375632,0.5595610606497704,192.62936992693676,2.2781702971203673e-37,inconclusive,True,1.0,1.0,8.531409554590846e-07,9.256216437561343e-07,True,420,0.7749660015106201,c1.00_beta6_rho1.00,1.0,6,1.0,800
True,4,4,0.5184576155525064,1.0751931964975618,1.0339341431286313,0.16282248565134688,0.20841189712147473,0.570472019296631,194.03673216767805,1.1517722294868077e-37,inconclusive,True,1.0,1.0,9.517357139010898e-07,9.806084197964923e-07,True,421,0.7524349689483643,c1.00_beta6_rho1.00,1.0,6,1.0,800
True,4,4,0.5660874620393186,1.281820058712468,1.2318604789496506,0.19196670945635394,1.2078160823107038,0.6220164019647861,242.92108913245877,5.448542934168532e-48,inconclusive,True,1.0,1.0,9.136605814827142e-07,9.831510504754619e-07,True,422,0.7954978942871094,c1.00_beta6_rho1.00,1.0,6,1.0,800
True,4,4,0.48306163699917165,0.933394180561278,0.8947195976663744,0.12483964962519345,-0.8433250385571356,0.5244193332009521,237.37005993493597,8.162178734908033e-47,inconclusive,True,1.0,1.0,8.697800478533644e-07,6.398715562684954e-07,True,423,0.7373299598693848,c1.00_beta6_rho1.00,1.0,6,1.0,800
True,4,4,0.49734329196999066,0.9894014002701894,0.9467665252137885,0.15603352952519703,-0.3411668950141588,0.5485022429715645,202.31254599805953,2.0804550606659766e-39,inconclusive,True,1.0,1.0,9.92040646082799e-07,9.234312954409118e-07,True,424,0.7568860054016113,c1.00_beta6_rho1.00,1.0,6,1.0,800
True,4,4,0.5926831886581606,1.4050934484720192,1.3642461699666322,0.18175730330503248,2.004024946141171,0.6448275601920318,263.7724070269402,2.064962416729864e-52,meaningfully_different,True,1.0,1.0,9.232658369711183e-07,8.461689350369352e-07,True,425,0.7423958778381348,c1.00_beta6_rho1.00,1.0,6,1.0,800
True,4,4,0.513509134429434,1.0547665245698663,1.0064750580988546,0.16516000904503986,0.0392047574730324,0.5652740702535201,200.9940990064933,3.944775033616527e-39,inconclusive,True,1.0,1.0,9.395938128899994e-07,9.822283181929333e-07,True,426,0.7932450771331787,c1.00_beta6_rho1.00,1.0,6,1.0,800
True,4,4,0.5242017634817682,1.0991499553495823,1.0519198320062655,0.1655003439682028,0.3137143450060788,0.575357209271788,214.03077235370654,7.018208501862141e-42,inconclusive,True,1.0,1.0,9.703413604262572e-07,8.321490038671894e-07,True,427,0.7947819232940674,c1.00_beta6_rho1.00,1.0,6,1.0,800
True,4,4,0.524977214648555,1.1024043036006197,1.060559885026886,0.1619268356939207,0.3739953588752779,0.5759569923220844,207.19378456058757,1.945208972514643e-40,inconclusive,True,1.0,1.0,9.637949708718959e-07,8.508042605941201e-07,True,428,0.7434146404266357,c1.00_beta6_rho1.00,1.0,6,1.0,800
True,4,4,0.468433177743428,0.877718568043224,0.8297866280063586,0.13839985775974897,-1.2298666685707014,0.5141580826973474,191.44183383575012,4.050271668211371e-37,inconclusive,True,1.0,1.0,8.917392829611255e-07,7.848211074866322e-07,True,429,0.7768950462341309,c1.00_beta6_rho1.00,1.0,6,1.0,800
True,4,4,0.4807824867806484,0.9246071983799374,0.8759820568818213,0.14239426633197358,-0.8709475901863009,0.5268300917551744,206.89467457133344,2.2493306043826686e-40,inconclusive,True,1.0,1.0,9.499102249947478e-07,9.098084662569165e-07,True,430,0.7931230068206787,c1.00_beta6_rho1.00,1.0,6,1.0,800
True,4,4,0.4578010605093967,0.8383272440141131,0.7962355310999859,0.13691071809912914,-1.4883018052135262,0.5053299967184486,176.243955830497,6.32527899592271e-34,inconclusive,True,1.0,1.0,9.622645123678358e-07,9.768087736100595e-07,True,431,0.7653040885925293,c1.00_beta6_rho1.00,1.0,6,1.0,800
True,4,4,0.49783542076203363,0.9913604246612443,0.9451219794417283,0.1434810428844939,-0.38247575745912316,0.5433984020102257,208.84425238744896,8.725871722918364e-41,inconclusive,True,1.0,1.0,8.662744347832013e-07,8.998339186914724e-07,True,432,0.7685220241546631,c1.00_beta6_rho1.00,1.0,6,1.0,800
True,4,4,0.5587942786007526,1.249004183187742,1.2102523859731218,0.15161476671235807,1.3867540117118697,0.6040770821880568,300.53043718679055,3.1751768460565497e-60,inconclusive,True,1.0,1.0,9.529819739148469e-07,7.161490401319075e-07,True,433,0.742678165435791,c1.00_beta6_rho1.00,1.0,6,1.0,800
True,4,4,0.4880297808847183,0.9526922681215446,0.9116003012508515,0.13484797071680427,-0.6555508271963376,0.5323075884701046,240.86773693762552,1.4831755596822981e-47,inconclusive,True,1.0,1.0,9.5284313088525e-07,7.402324708710322e-07,True,434,0.7592129707336426,c1.00_beta6_rho1.00,1.0,6,1.0,800
True,4,4,0.5026559480138935,1.0106520082949837,0.9667637037867017,0.15014432100408115,-0.22136232653378116,0.5508468786233681,224.51324989335637,4.282614504380754e-44,inconclusive,True,1.0,1.0,8.650148318974862e-07,8.31186317663553e-07,True,435,0.7666409015655518,c1.00_beta6_rho1.00,1.0,6,1.0,800
True,4,4,0.4926597267997687,0.970854425641691,0.9350721194235408,0.12917281397237265,-0.5026435406938325,0.5356170485966456,239.13724978072122,3.4486394107882066e-47,inconclusive,True,1.0,1.0,9.939594521374472e-07,9.368705821617792e-07,True,436,0.7076921463012695,c1.00_beta6_rho1.00,1.0,6,1.0,800
True,4,4,0.5093533096118197,1.0377631760500567,0.9986533711485386,0.14369461996714017,-0.009371463258466895,0.5556550161689586,248.53776918063,3.516988853188399e-49,inconclusive,True,1.0,1.0,9.57822068602203e-07,9.69772316548378e-07,True,437,0.7408733367919922,c1.00_beta6_rho1.00,1.0,6,1.0,800
True,4,4,0.551047247316021,1.214612275098256,1.1740050683587775,0.15637164443927165,1.1127661219061615,0.5981666855624524,261.651122675102,5.8224209730509795e-52,inconclusive,True,1.0,1.0,8.589079941359357e-07,7.829504543014604e-07,True,438,0.7484450340270996,c1.00_beta6_rho1.00,1.0,6,1.0,800
True,4,4,0.5309651316376448,1.1276958840599258,1.0887345524024759,0.14608630385189925,0.6074118521913868,0.5764167631022729,287.93650454471197,1.517442361730406e-57,inconclusive,True,1.0,1.0,9.302964090076789e-07,8.953613308104673e-07,True,439,0.7473220825195312,c1.00_beta6_rho1.00,1.0,6,1.0,800
True,4,4,0.5086926882230554,1.0350730042063945,0.985727748926956,0.15438554330022772,-0.09244551509132735,0.5567022026571318,213.8659537013605,7.603647097027492e-42,inconclusive,True,1.0,1.0,9.109506190053055e-07,7.577892844611518e-07,True,440,0.8168337345123291,c1.00_beta6_rho1.00,1.0,6,1.0,800
True,4,4,0.4999873430192364,0.9999493727177424,0.9543997948782946,0.1546285043623699,-0.2949016761802331,0.5497138007883785,210.17305401329457,4.575590221347039e-41,inconclusive,True,1.0,1.0,9.960397973671264e-07,8.612666797778447e-07,True,441,0.780951976776123,c1.00_beta6_rho1.00,1.0,6,1.0,800
True,4,4,0.5127281013293237,1.0515604235710927,1.0051774443543198,0.1529503920279287,0.0338504810983052,0.5605261928369423,241.73570677989596,9.713207440937786e-48,inconclusive,True,1.0,1.0,9.421209993227087e-07,9.799256400453455e-07,True,442,0.7883429527282715,c1.00_beta6_rho1.00,1.0,6,1.0,800
True,4,4,0.4652063439969533,0.8656677699800466,0.8218669687038732,0.13607066848655902,-1.3091214534139124,0.5112932869903782,180.6624272652533,7.473363697723841e-35,inconclusive,True,1.0,1.0,9.90302727208401e-07,9.13301205665705e-07,True,443,0.7597711086273193,c1.00_beta6_rho1.00,1.0,6,1.0,800
True,4,4,0.5034995559028761,1.0140472111775738,0.9675425120608758,0.16178327315318264,-0.2006232616420869,0.5553495105982739,179.25523019082442,1.4757456414143007e-34,inconclusive,True,1.0,1.0,9.281460716741938e-07,8.807342800276634e-07,True,444,0.7902870178222656,c1.00_beta6_rho1.00,1.0,6,1.0,800
True,4,4,0.5607956536199528,1.2579670604761202,1.216521906632517,0.1610671259968276,1.3442960833409399,0.608574924107757,263.77915373481005,2.058165019041474e-52,inconclusive,True,1.0,1.0,7.458170027088203e-07,9.94806441451525e-07,True,445,0.7530429363250732,c1.00_beta6_rho1.00,1.0,6,1.0,800
True,4,4,0.510879670458978,1.0439921507530956,1.0003307472397656,0.149686798864493,0.0022095952500459076,0.5582435895867462,248.10376497192266,4.346654981817679e-49,inconclusive,True,1.0,1.0,8.55161514671538e-07,8.743006906485575e-07,True,446,0.7727570533752441,c1.00_beta6_rho1.00,1.0,6,1.0,800
True,4,4,0.506416721633389,1.0258315837996377,0.9862296747793922,0.14658926959236301,-0.09393815290096269,0.5539285979574798,227.75124405697863,8.852733675739663e-45,inconclusive,True,1.0,1.0,9.369344584744498e-07,7.918202069897406e-07,True,447,0.7464768886566162,c1.00_beta6_rho1.00,1.0,6,1.0,800
True,4,4,0.5043029061926121,1.0172856847772582,0.9784284174046778,0.13635751795380047,-0.15819870381206938,0.5483421776986261,260.655010757702,9.472733676780275e-52,inconclusive,True,1.0,1.0,9.926728635203327e-07,9.532799805841052e-07,True,448,0.7360959053039551,c1.00_beta6_rho1.00,1.0,6,1.0,800
True,4,4,0.5564201242504647,1.2384134186836104,1.2027610234409047,0.14683184174473726,1.3809063554034735,0.6008905705048758,311.1402175019303,1.7489963405791478e-62,inconclusive,True,1.0,1.0,8.275531695395349e-07,9.848482223475426e-07,True,449,0.7205729484558105,c1.00_beta6_rho1.00,1.0,6,1.0,800
True,4,4,0.47086387574912303,0.8868511579419422,0.8461328442170707,0.14037799306229962,-1.0960917194096316,0.5189012659576393,184.75170187515317,1.0336669114984081e-35,inconclusive,True,1.0,1.0,8.401543631278137e-07,9.63286065772346e-07,True,450,0.7649507522583008,c1.00_beta6_rho1.00,1.0,6,1.0,800
True,4,4,0.557242939073375,1.2420787725885325,1.2039984172287896,0.15707836218882468,1.2987047635724782,0.6046423180258463,263.33438410947775,2.5578719235600987e-52,inconclusive,True,1.0,1.0,9.352996944725575e-07,9.749782238675357e-07,True,451,0.7387571334838867,c1.00_beta6_rho1.00,1.0,6,1.0,800
True,4,4,0.5295741151342718,1.1217949736809876,1.0814039080090094,0.16794831306746194,0.4846961932645961,0.5825921171579661,217.41592833937796,1.3533282086535075e-42,inconclusive,True,1.0,1.0,8.033485262723135e-07,9.296750468964482e-07,True,452,0.7616567611694336,c1.00_beta6_rho1.00,1.0,6,1.0,800
True,4,4,0.49765705912294456,0.9906501939795918,0.9522384200100508,0.14165821022906352,-0.3371606905997048,0.5443448908763588,214.80402454786332,4.819156698374338e-42,inconclusive,True,1.0,1.0,9.260940088957065e-07,9.119056830073098e-07,True,453,0.728410005569458,c1.00_beta6_rho1.00,1.0,6,1.0,800
True,4,4,0.5570362174702966,1.2411573902944624,1.202937473047781,0.15142213392407167,1.3402100986738241,0.6024957923574077,295.1277474649357,4.481997353441925e-59,inconclusive,True,1.0,1.0,9.304226165796426e-07,9.002698627207435e-07,True,454,0.7450141906738281,c1.00_beta6_rho1.00,1.0,6,1.0,800
True,4,4,0.5746378555458332,1.3208346601052554,1.281041445084854,0.16548622909620198,1.6982769298675382,0.6231456629922623,280.500358706478,5.780992418225261e-56,meaningfully_different,True,1.0,1.0,9.759407669380446e-07,9.613532684670204e-07,True,455,0.7416470050811768,c1.00_beta6_rho1.00,1.0,6,1.0,800
True,4,4,0.5086391817361419,1.0348552687888477,0.9979516429073808,0.14287059514652953,-0.014337149575938807,0.5551920522483336,247.8452124718923,4.931189727868412e-49,inconclusive,True,1.0,1.0,9.145345202034665e-07,9.645081392932689e-07,True,456,0.7475666999816895,c1.00_beta6_rho1.00,1.0,6,1.0,800
True,4,4,0.5081431939193889,1.0328380221063906,0.9947865890547287,0.1441379771526434,-0.036169585894425524,0.5549487506868771,223.42829124999164,7.261898455761461e-44,inconclusive,True,1.0,1.0,9.104637891570818e-07,9.540903808735901e-07,True,457,0.7337081432342529,c1.00_beta6_rho1.00,1.0,6,1.0,800
True,4,4,0.505104989258885,1.0205242006968736,0.9786184351282381,0.14341948526260023,-0.1490840999227712,0.5510268812948101,225.19749302057394,3.0694222110887227e-44,inconclusive,True,1.0,1.0,7.280257969329243e-07,9.611653416989864e-07,True,458,0.7659740447998047,c1.00_beta6_rho1.00,1.0,6,1.0,800
True,4,4,0.478022839548031,0.9140233405182503,0.8733498587491337,0.13496000669647482,-0.9384272004053953,0.5232922976829549,205.7612261962652,3.900238747038064e-40,inconclusive,True,1.0,1.0,8.532275509508653e-07,9.321500939188699e-07,True,459,0.7528679370880127,c1.00_beta6_rho1.00,1.0,6,1.0,800
True,4,4,0.47804170227820075,0.9140954764681597,0.8749544704170675,0.1437908375282661,-0.8696348928237606,0.5271312339085558,197.35318903107162,2.307064975039031e-38,inconclusive,True,1.0,1.0,9.32108739380063e-07,9.002659736563483e-07,True,460,0.7413229942321777,c1.00_beta6_rho1.00,1.0,6,1.0,800
True,4,4,0.5194565638657871,1.0793404869730021,1.037094387013278,0.1525127415747229,0.24322156057435917,0.5674406407609464,229.5121120157711,3.755396586459558e-45,inconclusive,True,1.0,1.0,8.677256160013955e-07,8.246634461955714e-07,True,461,0.7578380107879639,c1.00_beta6_rho1.00,1.0,6,1.0,800
True,4,4,0.5175242460536562,1.071325381013621,1.0272872693968442,0.15379705108636277,0.17742387909324353,0.5657430747898486,214.30902813781853,6.130283850049183e-42,inconclusive,True,1.0,1.0,9.025248395274574e-07,8.20060171150026e-07,True,462,0.7645382881164551,c1.00_beta6_rho1.00,1.0,6,1.0,800
True,4,4,0.5175811466752472,1.071560973574655,1.029753086825263,0.15405424607280938,0.1931338316452566,0.5663810052044026,223.0241052464761,8.840570513858167e-44,inconclusive,True,1.0,1.0,6.700449624532165e-07,9.92097983403044e-07,True,463,0.7550308704376221,c1.00_beta6_rho1.00,1.0,6,1.0,800
True,4,4,0.53340567115297,1.1380864400726014,1.0952863940670936,0.1468889333480957,0.6486968888342665,0.5781213516303783,282.04044655972757,2.7205669008424293e-56,inconclusive,True,1.0,1.0,9.879876607424644e-07,9.039220506486936e-07,True,464,0.7784099578857422,c1.00_beta6_rho1.00,1.0,6,1.0,800
True,4,4,0.49852734955100686,0.9941180730014072,0.9537521076076736,0.14236702056615635,-0.3248497595047691,0.544959864977273,228.26343473943723,6.898544717444854e-45,inconclusive,True,1.0,1.0,9.779206147283365e-07,9.67864073344595e-07,True,465,0.7396652698516846,c1.00_beta6_rho1.00,1.0,6,1.0,800
True,4,4,0.4788301354647705,0.9171131945168419,0.8783257078261489,0.13620591370318116,-0.8933113758849172,0.524967736864149,192.97620055419887,1.925715193479861e-37,inconclusive,True,1.0,1.0,9.438265660339159e-07,8.493127580355169e-07,True,466,0.7422540187835693,c1.00_beta6_rho1.00,1.0,6,1.0,800
True,4,4,0.4709118936848737,0.8870320464554952,0.8469897346625129,0.1390045661319824,-1.1007571160806797,0.518563375930927,206.04441138600617,3.3991680884263035e-40,inconclusive,True,1.0,1.0,8.895754104850619e-07,9.102264276141793e-07,True,467,0.7550690174102783,c1.00_beta6_rho1.00,1.0,6,1.0,800
True,4,4,0.5113295782332375,1.0458317503047225,1.0016601379466248,0.1545707641838915,0.01074031014461268,0.5603361535799648,207.36320199682518,1.791563745983115e-40,inconclusive,True,1.0,1.0,6.710159972244363e-07,8.70911117285962e-07,True,468,0.7649860382080078,c1.00_beta6_rho1.00,1.0,6,1.0,800
True,4,4,0.5049202187039601,1.0197777090242197,0.9764847708511657,0.14954613957328614,-0.15724397310376909,0.5528259854883987,226.87884702115957,1.3538175043655286e-44,inconclusive,True,1.0,1.0,9.5714998411401e-07,9.48957733248301e-07,True,469,0.7676060199737549,c1.00_beta6_rho1.00,1.0,6,1.0,800
True,4,4,0.511524292795001,1.0466284084777038,1.0082150045215978,0.1424821152421105,0.05765639082237535,0.5573547408413472,237.37371279553938,8.1476576333331525e-47,inconclusive,True,1.0,1.0,9.85760089574516e-07,9.929113145332515e-07,True,470,0.7531118392944336,c1.00_beta6_rho1.00,1.0,6,1.0,800
True,4,4,0.4760093087443629,0.9063394480451449,0.8666434011400718,0.1401167459497918,-0.9517534678382702,0.5237162731174736,188.45830627204896,1.7183116176798518e-36,inconclusive,True,1.0,1.0,8.40585244120283e-07,8.936928971877096e-07,True,471,0.7404038906097412,c1.00_beta6_rho1.00,1.0,6,1.0,800
True,4,4,0.572555816862603,1.3112806536928105,1.272816717177293,0.16175936677252076,1.6865590081157416,0.620259461497051,326.7722273927577,8.162156988466526e-66,meaningfully_different,True,1.0,1.0,9.477193967068436e-07,8.706566560278884e-07,True,472,0.7394759654998779,c1.00_beta6_rho1.00,1.0,6,1.0,800
True,4,4,0.5431333426444811,1.1799753115686693,1.1386683294004984,0.1683054626866758,0.8239086669376203,0.594875234846859,227.13394795087044,1.1956850017870748e-44,inconclusive,True,1.0,1.0,9.79887293078314e-07,9.412207870474768e-07,True,473,0.7489581108093262,c1.00_beta6_rho1.00,1.0,6,1.0,800
True,4,4,0.439712946548009,0.773389901447729,0.7283442201781544,0.12955958716272895,-2.0967632405361214,0.48514193207480644,156.63024849127692,8.096536234498023e-30,equivalent,True,1.0,1.0,8.386641727272798e-07,9.825816471497854e-07,True,474,0.7810060977935791,c1.00_beta6_rho1.00,1.0,6,1.0,800
True,4,4,0.5214122448071861,1.0874829161394757,1.047514180184251,0.15271739760315126,0.3111248680894918,0.5698052179320544,242.71957262377745,6.011278458757977e-48,inconclusive,True,1.0,1.0,9.220446290609829e-07,9.94307566480853e-07,True,475,0.7532241344451904,c1.00_beta6_rho1.00,1.0,6,1.0,800
True,4,4,0.5645943273432023,1.2750670178724919,1.2300031505520745,0.17253640323812283,1.333070275231367,0.6151829563632802,256.3079532811871,7.919280238464697e-51,inconclusive,True,1.0,1.0,7.539910204966458e-07,7.295440688119369e-07,True,476,0.7870090007781982,c1.00_beta6_rho1.00,1.0,6,1.0,800
True,4,4,0.5171990787274708,1.0699795481461782,1.0241982468026554,0.17319600387191397,0.13971596492809976,0.5720752402317535,185.98561802361652,5.688756183338789e-36,inconclusive,True,1.0,1.0,9.554772228471585e-07,9.277327786841662e-07,True,477,0.7831039428710938,c1.00_beta6_rho1.00,1.0,6,1.0,800
True,4,4,0.4980971562067968,0.9924031080851924,0.955709012036313,0.13998758864818253,-0.3163922487085576,0.5445108137017268,228.38560053178554,6.500106506906596e-45,inconclusive,True,1.0,1.0,9.067760992980316e-07,8.096766231853065e-07,True,478,0.7381219863891602,c1.00_beta6_rho1.00,1.0,6,1.0,800
True,4,4,0.5713882698879877,1.3059382198623517,1.256918280333747,0.17685778514804343,1.4526829006633037,0.622057764538212,276.69331274308684,3.724057420846605e-55,inconclusive,True,1.0,1.0,7.971727749696422e-07,8.148284683062427e-07,True,479,0.8083438873291016,c1.00_beta6_rho1.00,1.0,6,1.0,800
True,4,4,0.534930403818049,1.144602147715764,1.0976772859015258,0.1724762738421702,0.566323029397704,0.5876596613886933,213.83138902934934,7.732483031642171e-42,inconclusive,True,1.0,1.0,9.067002779863417e-07,9.435457832845979e-07,True,480,0.7826042175292969,c1.00_beta6_rho1.00,1.0,6,1.0,800
True,4,4,0.5064651740716622,1.0260278901897566,0.9818865612057026,0.15281016159496671,-0.1185355646852088,0.5552560017100725,206.57889348992907,2.622126382853118e-40,inconclusive,True,1.0,1.0,9.816086661825595e-07,9.807275220601079e-07,True,481,0.7816412448883057,c1.00_beta6_rho1.00,1.0,6,1.0,800
True,4,4,0.5086624690801808,1.0349500298029835,0.9849002866992562,0.16667516659709686,-0.09059365956564032,0.5610384432013621,222.98997040912252,8.988660033699373e-44,inconclusive,True,1.0,1.0,9.952323402094135e-07,8.679971592828531e-07,True,482,0.8227999210357666,c1.00_beta6_rho1.00,1.0,6,1.0,800
True,4,4,0.5018606114592571,1.0074562933370375,0.9675486787931382,0.1490477411055831,-0.21772434098061083,0.5506156545948319,208.10947967062776,1.2468527375793152e-40,inconclusive,True,1.0,1.0,8.214591937594719e-07,8.53359953292925e-07,True,483,0.7523159980773926,c1.00_beta6_rho1.00,1.0,6,1.0,800
True,4,4,0.5176408734134946,1.0718082953131425,1.0288614651669385,0.15554064113039517,0.18555578115910537,0.566723709771487,216.5828521433693,2.0293080410957462e-42,inconclusive,True,1.0,1.0,9.265550493229012e-07,9.981687153187766e-07,True,484,0.7705018520355225,c1.00_beta6_rho1.00,1.0,6,1.0,800
True,4,4,0.5067976027984921,1.0273752408091927,0.9871518702485481,0.13449154752257955,-0.09553113179320682,0.5496295979988203,280.1126467380115,6.988819440387682e-56,inconclusive,True,1.0,1.0,8.340815800981661e-07,8.887743119732043e-07,True,485,0.7558670043945312,c1.00_beta6_rho1.00,1.0,6,1.0,800
True,4,4,0.5097573485189318,1.039410217476207,0.9972309412802904,0.1505215915033609,-0.01839642201529428,0.5578568201158568,227.92262294877028,8.143934985206733e-45,inconclusive,True,1.0,1.0,8.553447873696322e-07,9.671485937827247e-07,True,486,0.7619309425354004,c1.00_beta6_rho1.00,1.0,6,1.0,800
True,4,4,0.5269216856893046,1.1105858513986333,1.0717758383148532,0.15363282021477587,0.46719078784410734,0.5754301303946272,238.20918393461167,5.421897931457656e-47,inconclusive,True,1.0,1.0,8.2232832078224e-07,9.321201909072766e-07,True,487,0.7495269775390625,c1.00_beta6_rho1.00,1.0,6,1.0,800
True,4,4,0.5134726952573601,1.0546168350994312,1.012291257267987,0.1500997316524588,0.08188727010149603,0.5610666950730939,248.8177258092246,3.0678495287805047e-49,inconclusive,True,1.0,1.0,9.003023897578392e-07,8.926057690325126e-07,True,488,0.7732408046722412,c1.00_beta6_rho1.00,1.0,6,1.0,800
True,4,4,0.4998796573154618,0.999518687191294,0.9556075966232832,0.15691070979973137,-0.2829150631806829,0.5508408905357566,194.3523983728395,9.88362787038277e-38,inconclusive,True,1.0,1.0,9.05531146294594e-07,8.94113878011251e-07,True,489,0.7665719985961914,c1.00_beta6_rho1.00,1.0,6,1.0,800
True,4,4,0.5161010166612695,1.065441037595184,1.0231755975445236,0.16681164707519014,0.13893273012331814,0.5695516526738157,200.24178884820998,5.682608309282468e-39,inconclusive,True,1.0,1.0,8.957977565087603e-07,8.223923015761438e-07,True,490,0.7608261108398438,c1.00_beta6_rho1.00,1.0,6,1.0,800
True,4,4,0.5062450057415752,1.02513602335315,0.9836516075870275,0.15731063728073222,-0.10392426536164613,0.5573160189417418,205.4730159778863,4.486079299377065e-40,inconclusive,True,1.0,1.0,9.408859638039632e-07,9.86557717447376e-07,True,491,0.7560198307037354,c1.00_beta6_rho1.00,1.0,6,1.0,800
True,4,4,0.5176375057944018,1.0717943496201976,1.0373177298290885,0.12482295992636301,0.29896526929904116,0.5573672999447459,336.9457945438712,5.525167085080934e-68,inconclusive,True,1.0,1.0,9.607491978081931e-07,7.090492944670622e-07,True,492,0.7150552272796631,c1.00_beta6_rho1.00,1.0,6,1.0,800
True,4,4,0.4862440860527158,0.9457332448849635,0.8995097767475181,0.1502217067052959,-0.6689460894597814,0.535397631641326,202.09401344727698,2.3132258703373522e-39,inconclusive,True,1.0,1.0,8.066442368583658e-07,8.810948289887067e-07,True,493,0.7931771278381348,c1.00_beta6_rho1.00,1.0,6,1.0,800
True,4,4,0.46532900283783935,0.8661243235282317,0.8232373978323066,0.1312446315782668,-1.3468177710741809,0.5096851003565164,195.50149919041422,5.662305380673789e-38,inconclusive,True,1.0,1.0,9.930347621034057e-07,7.560374430547413e-07,True,494,0.7755157947540283,c1.00_beta6_rho1.00,1.0,6,1.0,800
True,4,4,0.5145539831122002,1.0590632061465217,1.018729031550914,0.14925306094796434,0.1254850750259909,0.5621895743841179,235.80532447923272,1.7500100213037043e-46,inconclusive,True,1.0,1.0,7.837656968154157e-07,8.579708536184724e-07,True,495,0.7523431777954102,c1.00_beta6_rho1.00,1.0,6,1.0,800
True,4,4,0.4953039542131794,0.9813040282368453,0.938088637510359,0.14938061571210134,-0.414453791039138,0.5440123815366368,213.06098597979985,1.1244800711798661e-41,inconclusive,True,1.0,1.0,9.446770275766285e-07,9.625640839889418e-07,True,496,0.7782180309295654,c1.00_beta6_rho1.00,1.0,6,1.0,800
True,4,4,0.5248033541239528,1.1016742419990044,1.0613960887390377,0.1525805501774866,0.40238476442521526,0.5727933222595929,232.2808576035283,9.748040003265384e-46,inconclusive,True,1.0,1.0,8.457166496129688e-07,8.248512246101098e-07,True,497,0.7397711277008057,c1.00_beta6_rho1.00,1.0,6,1.0,800
True,4,4,0.5647698644484054,1.275859999156281,1.2382690151688214,0.17190338117884474,1.3860635755670867,0.6166491942721699,275.18018054327865,7.807220889098115e-55,inconclusive,True,1.0,1.0,8.541807983838657e-07,8.287869811571122e-07,True,498,0.695443868637085,c1.00_beta6_rho1.00,1.0,6,1.0,800
True,4,4,0.5531243103783359,1.2237860109260388,1.1820815783783436,0.1587574905353254,1.1469164558117548,0.6006692959713955,282.2586773695675,2.4449598096328514e-56,inconclusive,True,1.0,1.0,9.882399507160577e-07,7.551832944876426e-07,True,499,0.7042920589447021,c1.00_beta6_rho1.00,1.0,6,1.0,800
