applicable,K_x,K_y,D_hat,Q_hat,Q_bc,s_Q,Z,U_D,T0,p_exact,decision,mt_reject,success_x,success_y,max_residual_x,max_residual_y,correct_cardinality,rep,seconds,name,c_h,order,rho,n
True,4,4,0.417122516299512,0.6959647744161467,0.6644462713475495,0.11271742972317755,-2.9769462404930276,0.46093653154430214,178.02271377553544,2.6776975567257363e-34,equivalent,True,1.0,1.0,6.670512148487392e-07,8.530671894010174e-07,True,0,0.5441129207611084,c1.50_beta6_rho0.75,1.5,6,0.75,800
True,4,4,0.39417380284287495,0.6214919473904547,0.5923331899134238,0.10269735546938837,-3.9695940389437974,0.4362497299528023,165.27130026477738,1.2618388824469243e-31,equivalent,True,1.0,1.0,8.521825031684613e-07,9.91055011243781e-07,True,1,0.524169921875,c1.50_beta6_rho0.75,1.5,6,0.75,800
True,4,4,0.37651437023140694,0.5670522839630119,0.5377847223200098,0.09321163292517892,-4.958772453337566,0.41566338989952545,173.61676424625483,2.2502230314292974e-33,equivalent,True,1.0,1.0,9.60914822259923e-07,9.518269609167516e-07,True,2,0.5405609607696533,c1.50_beta6_rho0.75,1.5,6,0.75,800
True,4,4,0.40251385602665635,0.6480696171737914,0.6192129054105416,0.09842664152569747,-3.868740096044439,0.4419022300556814,183.2393747252207,2.1487553555930088e-35,equivalent,True,1.0,1.0,6.051689620310407e-07,9.17733030534127e-07,True,3,0.5466139316558838,c1.50_beta6_rho0.75,1.5,6,0.75,800
True,4,4,0.3879656637798557,0.6020694250885761,0.5725364643108932,0.10193460129448452,-4.193507702592407,0.43017553480003323,164.721522483756,1.6447450299934863e-31,equivalent,True,1.0,1.0,9.315231729746075e-07,7.859035342784932e-07,True,4,0.5960161685943604,c1.50_beta6_rho0.75,1.5,6,0.75,800
True,4,4,0.3717380953330764,0.5527568460874536,0.5211458038940009,0.10011976206692208,-4.782813964199428,0.41407371253778474,135.51410969495797,2.030316268228789e-25,equivalent,True,1.0,1.0,8.821933847198125e-07,8.800650714923851e-07,True,5,0.6065831184387207,c1.50_beta6_rho0.75,1.5,6,0.75,800
True,4,4,0.46649051626395516,0.8704536070568456,0.8424170598469901,0.11257795794136236,-1.3997672638109935,0.5068508957971837,246.26373927339307,1.0668223623890028e-48,inconclusive,True,1.0,1.0,9.362661428785134e-07,9.510817113826359e-07,True,6,0.5848221778869629,c1.50_beta6_rho0.75,1.5,6,0.75,800
True,4,4,0.4168504349567891,0.6950571404946569,0.6637465359046217,0.10451572354678629,-3.217252416042979,0.4570720957502248,196.99767897234526,2.741149982159021e-38,equivalent,True,1.0,1.0,9.937864908525855e-07,8.67908682715474e-07,True,7,0.6110029220581055,c1.50_beta6_rho0.75,1.5,6,0.75,800
True,4,4,0.44793445468028864,0.8025811027589101,0.772191942137436,0.12320292243234085,-1.8490475174212604,0.4936706179101843,195.5453442994929,5.543213299766714e-38,equivalent,True,1.0,1.0,9.11471711641547e-07,8.034364316530243e-07,True,8,0.5947902202606201,c1.50_beta6_rho0.75,1.5,6,0.75,800
True,4,4,0.3819587462647009,0.5835699353924086,0.5561515089256579,0.09780793675619363,-4.537959860872289,0.423388488401528,154.3441683953496,2.4311316169757978e-29,equivalent,True,1.0,1.0,9.127375616966636e-07,8.387137038801015e-07,True,9,0.5890190601348877,c1.50_beta6_rho0.75,1.5,6,0.75,800
True,4,4,0.3885291317849279,0.6038195449821995,0.5709736585752929,0.10181822740145885,-4.213649681143044,0.42966549175095275,157.13004652445454,6.366001562111289e-30,equivalent,True,1.0,1.0,9.579900849892267e-07,7.456002864787535e-07,True,10,0.605139970779419,c1.50_beta6_rho0.75,1.5,6,0.75,800
True,4,4,0.49763163396101856,0.9905489724748526,0.9585199539641336,0.13516852827012202,-0.30687650865719507,0.5433351631219298,248.33499308329775,3.882830786250134e-49,inconclusive,True,1.0,1.0,9.914964247319336e-07,9.413826711303882e-07,True,11,0.60801100730896,c1.50_beta6_rho0.75,1.5,6,0.75,800
True,4,4,0.4110041245352725,0.6756975615400231,0.6473751712038405,0.1035559786858118,-3.4051614718066743,0.452136483359203,180.90998618645193,6.630152719869632e-35,equivalent,True,1.0,1.0,8.954618797988487e-07,7.05095330281011e-07,True,12,0.5826358795166016,c1.50_beta6_rho0.75,1.5,6,0.75,800
True,4,4,0.4489652229360305,0.8062790856239981,0.7737256982743834,0.11940136226647093,-1.8950730329243206,0.49247422827528115,201.96111543899065,2.4673341981040172e-39,equivalent,True,1.0,1.0,9.816107685031206e-07,6.211503320067402e-07,True,13,0.6170310974121094,c1.50_beta6_rho0.75,1.5,6,0.75,800
True,4,4,0.4230844668302256,0.7160018642920651,0.6835596685487781,0.11353882959170147,-2.7870670552900467,0.46645321957365493,186.82482606686085,3.789550460966686e-36,equivalent,True,1.0,1.0,7.435534461545801e-07,9.096046365293376e-07,True,14,0.6166408061981201,c1.50_beta6_rho0.75,1.5,6,0.75,800
True,4,4,0.41828312319817634,0.699843084609683,0.6665752382653453,0.11990804142989958,-2.780670568533812,0.4647059325831668,161.6908335297232,7.084504716926046e-31,equivalent,True,1.0,1.0,9.729033139655992e-07,9.770811051299923e-07,True,15,0.6165738105773926,c1.50_beta6_rho0.75,1.5,6,0.75,800
True,4,4,0.4156721612865953,0.691133382674677,0.6574200914262737,0.1084093346987616,-3.1600591362880097,0.45709342010165926,175.75692600016316,8.003370785764538e-34,equivalent,True,1.0,1.0,9.285036262647558e-07,9.743713975789928e-07,True,16,0.6005830764770508,c1.50_beta6_rho0.75,1.5,6,0.75,800
True,4,4,0.3850464741277622,0.5930431489528858,0.5645481505704235,0.10000354118659846,-4.3543642981307915,0.4269190022706857,154.4492779800534,2.311317217140524e-29,equivalent,True,1.0,1.0,8.824249671843823e-07,9.079519211362605e-07,True,17,0.5797982215881348,c1.50_beta6_rho0.75,1.5,6,0.75,800
True,4,4,0.4292545929342301,0.7370380222205262,0.7048438836002405,0.11588035277494897,-2.5470764398947043,0.4731411264502726,186.08925743429612,5.410410863347246e-36,equivalent,True,1.0,1.0,9.703344422765785e-07,8.484366873864641e-07,True,18,0.6056270599365234,c1.50_beta6_rho0.75,1.5,6,0.75,800
True,4,4,0.4218847635396168,0.7119470148275134,0.6830867887272194,0.10633991254909797,-2.9801906328111687,0.4631415495216623,217.84554297850087,1.0981498726578472e-42,equivalent,True,1.0,1.0,9.794164682000604e-07,8.116529060725671e-07,True,19,0.5855200290679932,c1.50_beta6_rho0.75,1.5,6,0.75,800
True,4,4,0.4294257724716394,0.7376259762514568,0.7053452281883974,0.11288359727243698,-2.610253207119836,0.47196986730756835,182.6342409173301,2.8795719416491544e-35,equivalent,True,1.0,1.0,7.978286865792199e-07,7.202469877752564e-07,True,20,0.6106312274932861,c1.50_beta6_rho0.75,1.5,6,0.75,800
True,4,4,0.3979776298958668,0.6335447755901262,0.6009191856235394,0.10729438120011174,-3.7194940677475565,0.4408522251537518,167.22626602633773,4.9161279063329097e-32,equivalent,True,1.0,1.0,9.997001779963069e-07,7.217515494359816e-07,True,21,0.6042230129241943,c1.50_beta6_rho0.75,1.5,6,0.75,800
True,4,4,0.4996981326176308,0.9987928949661893,0.9684529946484597,0.12238251773711625,-0.2577737893847294,0.5407759061810651,294.9735589910067,4.833669790575813e-59,inconclusive,True,1.0,1.0,6.79206328144576e-07,9.927664298504854e-07,True,22,0.6049139499664307,c1.50_beta6_rho0.75,1.5,6,0.75,800
True,4,4,0.4202126836302478,0.7063147979349389,0.6738890842495336,0.11070984099340578,-2.9456362038302495,0.46259879154261685,182.5682945391394,2.972916282777624e-35,equivalent,True,1.0,1.0,8.80822887003679e-07,6.030936888585669e-07,True,23,0.6103088855743408,c1.50_beta6_rho0.75,1.5,6,0.75,800
True,4,4,0.4317711028898327,0.7457051411628101,0.7150614290705558,0.11323626985535126,-2.5163189435101185,0.4746889819251617,207.14366742063066,1.9931360649343538e-40,equivalent,True,1.0,1.0,8.899466565449159e-07,7.215744591897832e-07,True,24,0.5973289012908936,c1.50_beta6_rho0.75,1.5,6,0.75,800
True,4,4,0.39470280329038854,0.6231612117011647,0.5921798101557617,0.10870212779285318,-3.751722235110205,0.43902702061296256,144.20246220755058,3.1673932167910585e-27,equivalent,True,1.0,1.0,9.480796421963932e-07,9.46757621942069e-07,True,25,0.5921528339385986,c1.50_beta6_rho0.75,1.5,6,0.75,800
True,4,4,0.4396394689815273,0.7731314507454372,0.7405507150224017,0.1200054378670322,-2.161979403508964,0.4842370531960274,182.01175539135335,3.891347038947099e-35,equivalent,True,1.0,1.0,9.541027100833402e-07,9.302952324784502e-07,True,26,0.6184670925140381,c1.50_beta6_rho0.75,1.5,6,0.75,800
True,4,4,0.45928148436246113,0.8437579275127426,0.8126896998627434,0.12910471582634603,-1.450840110203261,0.5062232857016378,201.435601825008,3.1840597054625857e-39,inconclusive,True,1.0,1.0,7.920187699019989e-07,8.306498864617237e-07,True,27,0.6051671504974365,c1.50_beta6_rho0.75,1.5,6,0.75,800
True,4,4,0.39175243224890494,0.6138798726917314,0.5839411524828185,0.10223495375485096,-4.069634036465144,0.4336192704918974,162.57391627991524,4.629758484200012e-31,equivalent,True,1.0,1.0,8.773654575570917e-07,8.957584792978496e-07,True,28,0.5934510231018066,c1.50_beta6_rho0.75,1.5,6,0.75,800
True,4,4,0.47070589746515,0.8862561676338894,0.8544064482592179,0.1344490193101791,-1.0828903958376384,0.5185449366524647,204.75344222228176,6.362014284444687e-40,inconclusive,True,1.0,1.0,7.066366661284102e-07,6.386765687843854e-07,True,29,0.6138820648193359,c1.50_beta6_rho0.75,1.5,6,0.75,800
True,4,4,0.4445139490442142,0.790370603579529,0.7589816997810815,0.12138912880942898,-1.9855015237591622,0.48955312494553394,189.68972893980958,9.464481120728184e-37,equivalent,True,1.0,1.0,9.634590320239162e-07,9.252379132308699e-07,True,30,0.5946240425109863,c1.50_beta6_rho0.75,1.5,6,0.75,800
True,4,4,0.3772733718133253,0.5693407883175825,0.5419557810755273,0.09089144150900856,-5.039464787001693,0.41577003809211277,173.3294869300255,2.5850834971520373e-33,equivalent,True,1.0,1.0,6.060564585926194e-07,5.114207955421367e-07,True,31,0.5875070095062256,c1.50_beta6_rho0.75,1.5,6,0.75,800
True,4,4,0.4004917719710118,0.6415746376659237,0.6116276569959228,0.1023069392221772,-3.7961485893020366,0.4415618861036992,171.46591631587796,6.356602773660804e-33,equivalent,True,1.0,1.0,7.681692558041889e-07,6.422569920076833e-07,True,32,0.5967087745666504,c1.50_beta6_rho0.75,1.5,6,0.75,800
True,4,4,0.4135487480403363,0.6840902680229183,0.6538426590307254,0.10718397326015974,-3.229562503053255,0.45556135870999,173.75865343690313,2.1011965562687412e-33,equivalent,True,1.0,1.0,9.794139604827852e-07,8.661945579802049e-07,True,33,0.6021480560302734,c1.50_beta6_rho0.75,1.5,6,0.75,800
True,4,4,0.43066792861218284,0.7418994589404329,0.7094275033280137,0.11610813951538332,-2.502602297175625,0.4744492590700505,173.12451272702395,2.8540428762625025e-33,equivalent,True,1.0,1.0,9.14356996704959e-07,9.062944946376582e-07,True,34,0.6108348369598389,c1.50_beta6_rho0.75,1.5,6,0.75,800
True,4,4,0.400158492663896,0.6405072770041653,0.6122456146683493,0.09506302683011028,-4.078918989447045,0.4383521355995774,201.67646827170924,2.8328208553664805e-39,equivalent,True,1.0,1.0,9.576796217632138e-07,9.609923404347229e-07,True,35,0.5897753238677979,c1.50_beta6_rho0.75,1.5,6,0.75,800
True,4,4,0.42890862851211925,0.7358504464485885,0.705263747554142,0.11185433274735233,-2.6350007657869168,0.47149966926389814,190.28029703937614,7.109900458465755e-37,equivalent,True,1.0,1.0,8.933939006515085e-07,9.966195349675577e-07,True,36,0.589087963104248,c1.50_beta6_rho0.75,1.5,6,0.75,800
True,4,4,0.442431671717408,0.7829831365546411,0.7523834854940907,0.11275588091202869,-2.1960407963031026,0.4842133840499324,211.24355322655146,2.7198631372755175e-41,equivalent,True,1.0,1.0,9.569719236480742e-07,9.922384683261757e-07,True,37,0.5987401008605957,c1.50_beta6_rho0.75,1.5,6,0.75,800
True,4,4,0.37540214283355433,0.5637070753760973,0.5338491440887919,0.09577791359585042,-4.866997394390976,0.4157492611685471,161.4743518475695,7.863107391866935e-31,equivalent,True,1.0,1.0,7.974580219373105e-07,8.650826226938506e-07,True,38,0.5950448513031006,c1.50_beta6_rho0.75,1.5,6,0.75,800
True,4,4,0.4370159782089825,0.7639318608398156,0.7345031375198391,0.11187294522599057,-2.3731999005107096,0.47919666036830666,213.19709836050782,1.0524937536739617e-41,equivalent,True,1.0,1.0,8.12615748960271e-07,9.963555500504705e-07,True,39,0.5908892154693604,c1.50_beta6_rho0.75,1.5,6,0.75,800
True,4,4,0.40137368246264227,0.644403331894488,0.6169025746720773,0.0991731375819047,-3.8629152477053754,0.44159593230685185,186.28393530123768,4.9238407936033666e-36,equivalent,True,1.0,1.0,8.752674680327876e-07,7.965569863226782e-07,True,40,0.5847947597503662,c1.50_beta6_rho0.75,1.5,6,0.75,800
True,4,4,0.424464846736512,0.7206816244602026,0.6887821616848874,0.11482204809262243,-2.710436222702328,0.4684142461390435,208.32628615787587,1.1222243954983975e-40,equivalent,True,1.0,1.0,7.622626307196699e-07,9.59638665468262e-07,True,41,0.5994148254394531,c1.50_beta6_rho0.75,1.5,6,0.75,800
True,4,4,0.39456625114314475,0.6227301061646208,0.5925473378563666,0.10136986349344808,-4.0194654318536065,0.4356850713207707,170.7207727780301,9.10801431006056e-33,equivalent,True,1.0,1.0,9.608787654044734e-07,8.356351787785448e-07,True,42,0.5887072086334229,c1.50_beta6_rho0.75,1.5,6,0.75,800
True,4,4,0.3839584021412915,0.589696218299575,0.5604009188680434,0.09526991348231043,-4.614248770295993,0.423410551828475,170.434808598813,1.0455907290935107e-32,equivalent,True,1.0,1.0,6.446674817174696e-07,6.822829223404023e-07,True,43,0.583380937576294,c1.50_beta6_rho0.75,1.5,6,0.75,800
True,4,4,0.43657021623076137,0.762374214799095,0.7316170485307144,0.11574852779694524,-2.3186727000113825,0.4801058305967063,193.31429254245052,1.6346813233262905e-37,equivalent,True,1.0,1.0,9.644415394399003e-07,9.41041806236669e-07,True,44,0.602060079574585,c1.50_beta6_rho0.75,1.5,6,0.75,800
True,4,4,0.4048088008959292,0.6554806611312001,0.6269383832361016,0.10026094221457811,-3.72090675116012,0.4449306006781626,183.27474009777075,2.112302628816588e-35,equivalent,True,1.0,1.0,5.776945177364229e-07,9.260168098642704e-07,True,45,0.5953860282897949,c1.50_beta6_rho0.75,1.5,6,0.75,800
True,4,4,0.34977547323061536,0.48937152669480366,0.46187480816019566,0.08349765825669839,-6.44479381907258,0.3870452926291962,149.19143423221334,2.8910922089211474e-28,equivalent,True,1.0,1.0,9.90021309671507e-07,7.337827701269941e-07,True,46,0.5809881687164307,c1.50_beta6_rho0.75,1.5,6,0.75,800
True,4,4,0.42960892279767826,0.7382553061895258,0.7090459591366258,0.11061295167442978,-2.6303795031141326,0.47196082302615955,198.8015033668314,1.142856699429482e-38,equivalent,True,1.0,1.0,6.639652539013546e-07,7.70154042193032e-07,True,47,0.5872948169708252,c1.50_beta6_rho0.75,1.5,6,0.75,800
True,4,4,0.3812486430896777,0.5814021114308818,0.5535818356966292,0.09028208212541503,-4.944703907949648,0.4189518605786794,180.47389039643843,8.186744308005078e-35,equivalent,True,1.0,1.0,9.958979982831381e-07,8.847690882208647e-07,True,48,0.5868170261383057,c1.50_beta6_rho0.75,1.5,6,0.75,800
True,4,4,0.40587437472947585,0.6589360322481719,0.6292909143137945,0.10696669125799908,-3.4656497394321666,0.44867456591401317,163.07777626964187,3.6318521560099004e-31,equivalent,True,1.0,1.0,7.394467970785069e-07,8.050660162865282e-07,True,49,0.596193790435791,c1.50_beta6_rho0.75,1.5,6,0.75,800
True,4,4,0.37408711851066945,0.5597646889424626,0.5298308656791397,0.09767356171169711,-4.813678605359532,0.4154785126567598,146.5512305502552,1.0266688129968636e-27,equivalent,True,1.0,1.0,9.288931155671019e-07,7.667991086238411e-07,True,50,0.6017861366271973,c1.50_beta6_rho0.75,1.5,6,0.75,800
True,4,4,0.4529108623713194,0.8205129970157288,0.7915375652547717,0.11545394699145956,-1.8055895028053812,0.495338876101386,213.39449058209587,9.562042751025554e-42,equivalent,True,1.0,1.0,9.219031993588643e-07,9.74914949830894e-07,True,51,0.587878942489624,c1.50_beta6_rho0.75,1.5,6,0.75,800
True,4,4,0.3924736793008854,0.6161423557758969,0.5872181194818045,0.09718203760194431,-4.2475120989841955,0.4321655777898955,178.83430878639712,1.8087770042180766e-34,equivalent,True,1.0,1.0,9.035936072995059e-07,8.664947063002136e-07,True,52,0.5855927467346191,c1.50_beta6_rho0.75,1.5,6,0.75,800
True,4,4,0.49401299464041953,0.9761953554943806,0.9453558298912534,0.12612269273798307,-0.4332620000610718,0.5368447630559069,265.92661032908165,7.2052580232478915e-53,inconclusive,True,1.0,1.0,8.993166894040872e-07,7.366303094994782e-07,True,53,0.5986559391021729,c1.50_beta6_rho0.75,1.5,6,0.75,800
True,4,4,0.36779459237963,0.5410914487347929,0.5090957072743849,0.0991833803779643,-4.949461198588871,0.4099505611114549,129.67549537149694,3.3029433175952683e-24,equivalent,True,1.0,1.0,7.944318984125531e-07,8.758896495060722e-07,True,54,0.6069300174713135,c1.50_beta6_rho0.75,1.5,6,0.75,800
True,4,4,0.4480140230851694,0.8028662595238348,0.7739026994283759,0.11493020384894534,-1.9672574571327441,0.490649075734273,230.85777443206706,1.9498395373696486e-45,equivalent,True,1.0,1.0,9.437401958555394e-07,7.744831389509495e-07,True,55,0.579002857208252,c1.50_beta6_rho0.75,1.5,6,0.75,800
True,4,4,0.45421734633988736,0.8252535908641967,0.7971912533993195,0.1094536504659186,-1.8529189820291154,0.4942738328475584,241.07673632951085,1.3394591640190874e-47,equivalent,True,1.0,1.0,9.901399632845682e-07,9.579057528826806e-07,True,56,0.5820460319519043,c1.50_beta6_rho0.75,1.5,6,0.75,800
True,4,4,0.44213898212672337,0.78194751806422,0.7493593841292516,0.1222464354422076,-2.050289768892603,0.4874517609077476,179.20462429195942,1.5122957033860226e-34,equivalent,True,1.0,1.0,7.683802918130886e-07,8.591865958447914e-07,True,57,0.6083760261535645,c1.50_beta6_rho0.75,1.5,6,0.75,800
True,4,4,0.3989017945950616,0.6364905669246428,0.607941981522924,0.10253141844454201,-3.823784206098108,0.44062204808313554,170.58915582408676,9.705346126693811e-33,equivalent,True,1.0,1.0,9.86134689112431e-07,9.698356754899776e-07,True,58,0.5889379978179932,c1.50_beta6_rho0.75,1.5,6,0.75,800
True,4,4,0.3888110214499036,0.6046960416036695,0.5752716198959984,0.0984580693172322,-4.313799600675954,0.4293077952690491,176.65392478851774,5.188580347053882e-34,equivalent,True,1.0,1.0,7.864294927886286e-07,8.429085050194689e-07,True,59,0.5947830677032471,c1.50_beta6_rho0.75,1.5,6,0.75,800
True,4,4,0.3970280525133683,0.6305250979302317,0.5995433071377636,0.09882258975731587,-4.0522788751606305,0.4364894048899761,177.12477196588912,4.132699059240986e-34,equivalent,True,1.0,1.0,7.793916560841064e-07,9.806811313871074e-07,True,60,0.5994930267333984,c1.50_beta6_rho0.75,1.5,6,0.75,800
True,4,4,0.43011520159770017,0.739996346581721,0.7076827187314171,0.1148008299244422,-2.546299373105366,0.4734219260368268,189.33409489965882,1.1243534634651662e-36,equivalent,True,1.0,1.0,8.240845669660938e-07,9.779733098838281e-07,True,61,0.6054399013519287,c1.50_beta6_rho0.75,1.5,6,0.75,800
True,4,4,0.41317779913630115,0.6828635747964705,0.6532638777427333,0.1010369759227457,-3.431774546799441,0.45261874520546264,193.02535844633886,1.8803813336194273e-37,equivalent,True,1.0,1.0,7.35540257107615e-07,9.079210571054759e-07,True,62,0.598567008972168,c1.50_beta6_rho0.75,1.5,6,0.75,800
True,4,4,0.39202065698242095,0.6147207820037157,0.5870974086408133,0.10086781638071635,-4.09350183413036,0.43388080225371506,161.90314634184938,6.395796455111841e-31,equivalent,True,1.0,1.0,8.730268928080326e-07,8.054879129197925e-07,True,63,0.5762929916381836,c1.50_beta6_rho0.75,1.5,6,0.75,800
True,4,4,0.38612782247859173,0.5963787811682354,0.5638032575368509,0.10531092855625822,-4.141989330481766,0.4292506028913179,140.09998619849873,2.2619127407274827e-26,equivalent,True,1.0,1.0,6.908866746729398e-07,7.922068126799666e-07,True,64,0.6058759689331055,c1.50_beta6_rho0.75,1.5,6,0.75,800
True,4,4,0.4415798041063702,0.7799708935784812,0.7494020557144785,0.11964133131782559,-2.094576694568965,0.48636265622113367,193.7390386889046,1.3305473287606616e-37,equivalent,True,1.0,1.0,8.34635219560638e-07,6.230969716550243e-07,True,65,0.5936729907989502,c1.50_beta6_rho0.75,1.5,6,0.75,800
True,4,4,0.4198214106816025,0.7050000674667629,0.6729122899020746,0.1129760204407554,-2.8951958904363257,0.4633414796029476,172.11575405352096,4.6449927112854417e-33,equivalent,True,1.0,1.0,8.718875444590569e-07,6.955803847928006e-07,True,66,0.6060059070587158,c1.50_beta6_rho0.75,1.5,6,0.75,800
True,4,4,0.36643258037191867,0.5370913438320906,0.5043647411416636,0.09865303798122471,-5.024024287550717,0.40823845619774185,131.4672812517438,1.4041748429692497e-24,equivalent,True,1.0,1.0,8.534490848600807e-07,8.840924861958923e-07,True,67,0.6139559745788574,c1.50_beta6_rho0.75,1.5,6,0.75,800
True,4,4,0.4078156745176635,0.6652544975291873,0.63457944025993,0.10233847615042496,-3.57070550086115,0.4480265767598623,181.6753206714757,4.5790155732516107e-35,equivalent,True,1.0,1.0,9.390848710752769e-07,9.713679766011044e-07,True,68,0.5962810516357422,c1.50_beta6_rho0.75,1.5,6,0.75,800
True,4,4,0.4174222008644233,0.6969651750979957,0.6688843966274568,0.10053773490057019,-3.2934460250174715,0.45668759960287547,205.19448257256252,5.135701030354895e-40,equivalent,True,1.0,1.0,6.414475354235453e-07,9.677314400341663e-07,True,69,0.5773658752441406,c1.50_beta6_rho0.75,1.5,6,0.75,800
True,4,4,0.39548531481203303,0.6256345369278915,0.5974917845329321,0.09913688012252085,-4.06012590843708,0.43604972232737227,177.30702927157967,3.7842670036876467e-34,equivalent,True,1.0,1.0,7.767295541565027e-07,9.086452795046432e-07,True,70,0.5855860710144043,c1.50_beta6_rho0.75,1.5,6,0.75,800
True,4,4,0.37619647230608055,0.5660951431021586,0.53625390246091,0.0972405142813409,-4.769062576092077,0.4171930952997664,153.38032131581082,3.8641224177676595e-29,equivalent,True,1.0,1.0,8.842055986506872e-07,7.279080536100667e-07,True,71,0.5967350006103516,c1.50_beta6_rho0.75,1.5,6,0.75,800
True,4,4,0.33233495450668715,0.44178608794784735,0.4125762471912503,0.08346685741785008,-7.037808430572639,0.3707650908409671,125.60284995317693,2.3033018498734514e-23,equivalent,True,1.0,1.0,8.46284419985114e-07,9.032359330099253e-07,True,72,0.5867230892181396,c1.50_beta6_rho0.75,1.5,6,0.75,800
True,4,4,0.4772669269217678,0.9111348781333922,0.8785665522328159,0.12503785654310937,-0.9711734599778384,0.5206331539755193,234.97161801550112,2.627256817690226e-46,inconclusive,True,1.0,1.0,7.336790067580972e-07,5.647952362406126e-07,True,73,0.6091170310974121,c1.50_beta6_rho0.75,1.5,6,0.75,800
True,4,4,0.39456979159771616,0.6227412817658606,0.5897556105537483,0.10179106792919058,-4.030259214213491,0.43508246857013816,161.2775522599773,8.64489537468094e-31,equivalent,True,1.0,1.0,7.432031341274972e-07,8.457717815556839e-07,True,74,0.6123571395874023,c1.50_beta6_rho0.75,1.5,6,0.75,800
True,4,4,0.44520380627585693,0.792825716490043,0.7614951335389513,0.1161471378452217,-2.053471750452272,0.4879908232958118,202.5545909626898,1.8498700925961e-39,equivalent,True,1.0,1.0,9.723366518019774e-07,9.530120181067372e-07,True,75,0.6059830188751221,c1.50_beta6_rho0.75,1.5,6,0.75,800
True,4,4,0.40121707025405295,0.6439005498529826,0.6118807034630839,0.1017055135554929,-3.816108713960224,0.4413534259286424,177.57678615012156,3.3217194982586796e-34,equivalent,True,1.0,1.0,9.334269269584497e-07,7.210118260707353e-07,True,76,0.6109738349914551,c1.50_beta6_rho0.75,1.5,6,0.75,800
True,4,4,0.3785832151814697,0.5733010032685559,0.5427853166323787,0.09941495116829663,-4.599053542697175,0.4202107684349471,151.97985679132793,7.574702251386877e-29,equivalent,True,1.0,1.0,8.314069180821187e-07,7.15731218341487e-07,True,77,0.5938501358032227,c1.50_beta6_rho0.75,1.5,6,0.75,800
True,4,4,0.4183250119040222,0.6999832623380013,0.6701753817127083,0.10609291316959704,-3.1088279926864075,0.4595331040125313,198.2124082841592,1.5208451894651344e-38,equivalent,True,1.0,1.0,6.425473823646397e-07,9.575932180049114e-07,True,78,0.6024999618530273,c1.50_beta6_rho0.75,1.5,6,0.75,800
True,4,4,0.4095228691129426,0.6708359213059852,0.6413996700412481,0.10540155149662736,-3.402230089281242,0.4513229980587041,189.52119471586636,1.0269464550312256e-36,equivalent,True,1.0,1.0,8.598535810558798e-07,7.351309005871205e-07,True,79,0.588728666305542,c1.50_beta6_rho0.75,1.5,6,0.75,800
True,4,4,0.437323679649525,0.7650080031288016,0.7315839805081142,0.12360309345534001,-2.1715962925221546,0.4834493192363994,172.66417718760397,3.5644514162999385e-33,equivalent,True,1.0,1.0,4.745556650325162e-07,9.856610309745229e-07,True,80,0.6169490814208984,c1.50_beta6_rho0.75,1.5,6,0.75,800
True,4,4,0.3763888907170306,0.5666743882207871,0.5319104974199448,0.10662122287750135,-4.390209471878314,0.4205017249013386,130.2895396787449,2.463893334562946e-24,equivalent,True,1.0,1.0,9.921369175118944e-07,9.050282019007625e-07,True,81,0.608267068862915,c1.50_beta6_rho0.75,1.5,6,0.75,800
True,4,4,0.42550108918336066,0.724204707584905,0.6929750578609093,0.11121271612378252,-2.7606999706523156,0.4679486342912642,194.21654550131822,1.0556377099600495e-37,equivalent,True,1.0,1.0,8.910614842587348e-07,9.28053799439359e-07,True,82,0.6056692600250244,c1.50_beta6_rho0.75,1.5,6,0.75,800
True,4,4,0.3788106869991716,0.5739901463391374,0.5436506412971392,0.09789036415365202,-4.66184146568869,0.4197219203886289,151.38178437947101,1.0096403591938845e-28,equivalent,True,1.0,1.0,6.671105500872885e-07,8.14615848452503e-07,True,83,0.5973210334777832,c1.50_beta6_rho0.75,1.5,6,0.75,800
True,4,4,0.3510654851016678,0.49298789931867737,0.46281714911836913,0.09136798724607773,-5.879333309979325,0.3915048257452697,127.38143431183966,9.8664759708015e-24,equivalent,True,1.0,1.0,7.669217599108061e-07,8.486124094044505e-07,True,84,0.5944168567657471,c1.50_beta6_rho0.75,1.5,6,0.75,800
True,4,4,0.3835003821426041,0.5882901724140936,0.5556180095459992,0.09705962032246938,-4.57844352757195,0.42286725992441937,160.52810832283598,1.2402443336155024e-30,equivalent,True,1.0,1.0,6.104140445302983e-07,9.2945010080462e-07,True,85,0.6079370975494385,c1.50_beta6_rho0.75,1.5,6,0.75,800
True,4,4,0.3950757825467731,0.6243394958197805,0.5946191890424016,0.0999229092326441,-4.056935632386125,0.43559664504827716,167.0145522449802,5.444596262311297e-32,equivalent,True,1.0,1.0,9.915844586862613e-07,9.9521700620798e-07,True,86,0.6028647422790527,c1.50_beta6_rho0.75,1.5,6,0.75,800
True,4,4,0.45370620961289415,0.8233972985651978,0.7941430000980109,0.11478903657731716,-1.7933507070018166,0.49572022433184937,221.48451110154392,1.8700598473644806e-43,equivalent,True,1.0,1.0,5.511959598006223e-07,9.64837430618583e-07,True,87,0.5931427478790283,c1.50_beta6_rho0.75,1.5,6,0.75,800
True,4,4,0.3288236562287601,0.4324999875825991,0.40381309762260015,0.0829589328285001,-7.186530516368732,0.36751476132720917,120.21863204173086,2.9879911996630567e-22,equivalent,True,1.0,1.0,8.466738361471794e-07,9.812906474348346e-07,True,88,0.5838000774383545,c1.50_beta6_rho0.75,1.5,6,0.75,800
True,4,4,0.4305758893125385,0.7415823858291335,0.7140018858099674,0.10853874698149313,-2.634986326484845,0.47236962154843437,203.68570290625732,1.068332982458116e-39,equivalent,True,1.0,1.0,5.237173708420854e-07,8.344194220825534e-07,True,89,0.5744171142578125,c1.50_beta6_rho0.75,1.5,6,0.75,800
True,4,4,0.40403561665211396,0.6529791180938159,0.6230624794497687,0.10856473714439341,-3.472006937656897,0.44767052089141335,164.369539904097,1.9488475890176833e-31,equivalent,True,1.0,1.0,7.343661659089034e-07,5.815246423081137e-07,True,90,0.5992357730865479,c1.50_beta6_rho0.75,1.5,6,0.75,800
True,4,4,0.3814667797573671,0.5820676162338225,0.5511637820057318,0.09822180612576087,-4.569618862634118,0.42211499501244143,153.00570201420382,4.62652016537042e-29,equivalent,True,1.0,1.0,9.494658208000847e-07,9.57347981085043e-07,True,91,0.5976519584655762,c1.50_beta6_rho0.75,1.5,6,0.75,800
True,4,4,0.42805308000329206,0.7329177572012191,0.7011390105279441,0.11255415386482374,-2.6552639703638525,0.47071066451190413,189.72560398791683,9.301444560914386e-37,equivalent,True,1.0,1.0,9.8899764695373e-07,9.207654072550258e-07,True,92,0.6140289306640625,c1.50_beta6_rho0.75,1.5,6,0.75,800
True,4,4,0.39574097895818783,0.6264436897071395,0.59575571032929,0.09945549819372704,-4.0645745787054635,0.4357021480476965,179.58784228227182,1.2565326777634925e-34,equivalent,True,1.0,1.0,6.378972776468222e-07,9.594187586217225e-07,True,93,0.6037309169769287,c1.50_beta6_rho0.75,1.5,6,0.75,800
True,4,4,0.4108876610505414,0.6753146800143384,0.6444106273904063,0.10558501931590701,-3.367801369109775,0.452239574054482,187.30898848308811,2.9977045849096055e-36,equivalent,True,1.0,1.0,6.723638552148779e-07,8.487254964371108e-07,True,94,0.5955266952514648,c1.50_beta6_rho0.75,1.5,6,0.75,800
True,4,4,0.3567507290545289,0.5090843307237516,0.4788724312492978,0.093001417829471,-5.603436817557456,0.3974437540953853,136.22944968678223,1.4420710463944782e-25,equivalent,True,1.0,1.0,4.921505621489843e-07,8.745233929927829e-07,True,95,0.6022117137908936,c1.50_beta6_rho0.75,1.5,6,0.75,800
True,4,4,0.4190414300060096,0.7023828802459258,0.6699283232755626,0.11273384847426825,-2.9278844037669574,0.4624281032816508,176.51204292197406,5.556776644334118e-34,equivalent,True,1.0,1.0,9.973069432817493e-07,8.597878031538338e-07,True,96,0.6052391529083252,c1.50_beta6_rho0.75,1.5,6,0.75,800
True,4,4,0.4510020689182808,0.8136114646742789,0.7842339301325841,0.11724828493222614,-1.8402492624274773,0.4942393642905217,216.7842776283348,1.8399619750994538e-42,equivalent,True,1.0,1.0,9.990137264234901e-07,9.12657429248877e-07,True,97,0.5929877758026123,c1.50_beta6_rho0.75,1.5,6,0.75,800
True,4,4,0.38729941608895735,0.6000033508113893,0.5706882777755734,0.1016829713819767,-4.222061141503208,0.42951771850891685,154.69655593578494,2.0522053366257336e-29,equivalent,True,1.0,1.0,6.697613926261345e-07,8.621083930336769e-07,True,98,0.5851631164550781,c1.50_beta6_rho0.75,1.5,6,0.75,800
True,4,4,0.4179085862895302,0.6985903459780548,0.668668488158958,0.10606510207401729,-3.123850402838656,0.45911056838151293,195.1006827433693,6.876749731019034e-38,equivalent,True,1.0,1.0,7.741146611667696e-07,9.363602235632022e-07,True,99,0.5943591594696045,c1.50_beta6_rho0.75,1.5,6,0.75,800
True,4,4,0.4032710415629212,0.6505101318529732,0.6194831208486118,0.10868991585938383,-3.5009400471307477,0.4467275800650128,168.85161921557994,2.244567703825079e-32,equivalent,True,1.0,1.0,9.339321800807518e-07,9.148919441949966e-07,True,100,0.5891060829162598,c1.50_beta6_rho0.75,1.5,6,0.75,800
True,4,4,0.45688051421055925,0.8349592170612201,0.8046176335932798,0.12227115826108699,-1.5979432041489134,0.5014318976019042,207.91478668275565,1.370517494210014e-40,inconclusive,True,1.0,1.0,8.061041014428874e-07,9.221254522147571e-07,True,101,0.5801098346710205,c1.50_beta6_rho0.75,1.5,6,0.75,800
True,4,4,0.4675259495055361,0.8743220538442125,0.8455042140197754,0.11930995528655097,-1.294911104519037,0.5103311735295711,244.89153303008038,2.0837354124806466e-48,inconclusive,True,1.0,1.0,9.601568091211815e-07,9.75917279820027e-07,True,102,0.5930140018463135,c1.50_beta6_rho0.75,1.5,6,0.75,800
True,4,4,0.3688928747612262,0.5443278121984068,0.5135466368985504,0.09653469024009977,-5.0391559955447045,0.40997928980212384,135.6073757056458,1.9417540172357625e-25,equivalent,True,1.0,1.0,9.576408193571297e-07,9.350779506069947e-07,True,103,0.5989248752593994,c1.50_beta6_rho0.75,1.5,6,0.75,800
True,4,4,0.4442104011918356,0.7892915221080461,0.7571743653553901,0.11777717804043115,-2.061737585198819,0.4875706573993411,207.34603935651748,1.8065596101567817e-40,equivalent,True,1.0,1.0,7.41526501947289e-07,9.426183411297771e-07,True,104,0.6094710826873779,c1.50_beta6_rho0.75,1.5,6,0.75,800
True,4,4,0.45230756598624433,0.8183285369936031,0.7908950931735442,0.11205327418622395,-1.8661204533741642,0.49376267771839094,235.50088653982405,2.0299232367912232e-46,equivalent,True,1.0,1.0,9.130296113226358e-07,7.486699279548616e-07,True,105,0.5687921047210693,c1.50_beta6_rho0.75,1.5,6,0.75,800
True,4,4,0.4165942524636943,0.6942030847431371,0.6634260480950551,0.11296693104328677,-2.979402456954205,0.4607711238638936,167.88585204887562,3.5765375155367173e-32,equivalent,True,1.0,1.0,9.489413889108762e-07,6.92627790696549e-07,True,106,0.594419002532959,c1.50_beta6_rho0.75,1.5,6,0.75,800
True,4,4,0.4153515609764948,0.6900676768224434,0.6610966342357113,0.10515073337982954,-3.2230242706923296,0.4566328392188113,188.23871714263652,1.9110955780562202e-36,equivalent,True,1.0,1.0,4.94520900663779e-07,8.009853788658958e-07,True,107,0.5936586856842041,c1.50_beta6_rho0.75,1.5,6,0.75,800
True,4,4,0.4287665362927444,0.7353629705779092,0.7032008185106987,0.11377150297843573,-2.608730426507213,0.47178869418111824,185.92589117593855,5.855620427612185e-36,equivalent,True,1.0,1.0,6.015669872397639e-07,8.268901877829539e-07,True,108,0.6014430522918701,c1.50_beta6_rho0.75,1.5,6,0.75,800
True,4,4,0.45666689174743225,0.834178600073044,0.802552603339935,0.12388920028585512,-1.5937417967384226,0.5015805527954211,212.405750484912,1.5461777836238573e-41,inconclusive,True,1.0,1.0,7.831590069909025e-07,8.718524378910868e-07,True,109,0.5997703075408936,c1.50_beta6_rho0.75,1.5,6,0.75,800
True,4,4,0.481859332436177,0.9287536650233525,0.9015171616412376,0.11772085342941203,-0.8365793781627212,0.5232472490067265,259.93086187078603,1.3493531472320922e-51,inconclusive,True,1.0,1.0,6.258410168859501e-07,7.378606657823317e-07,True,110,0.5841329097747803,c1.50_beta6_rho0.75,1.5,6,0.75,800
True,4,4,0.4028353027378474,0.6491051245275727,0.6190787975549884,0.1033956162878448,-3.684113660917293,0.4441704211271088,173.934315954054,1.9302929721532255e-33,equivalent,True,1.0,1.0,5.139632365104673e-07,9.339128644865844e-07,True,111,0.5972609519958496,c1.50_beta6_rho0.75,1.5,6,0.75,800
True,4,4,0.38849156269548774,0.6037027771423283,0.5721924016816226,0.10871510092753142,-3.935125798241685,0.4333049820122854,140.20576686811614,2.150180882255484e-26,equivalent,True,1.0,1.0,8.965880957954105e-07,9.364570799666137e-07,True,112,0.59977126121521,c1.50_beta6_rho0.75,1.5,6,0.75,800
True,4,4,0.45068115766638134,0.8124540235020387,0.7804889868099445,0.12559543385262775,-1.7477626889495619,0.4967582640759444,195.2991219597218,6.246021718921926e-38,equivalent,True,1.0,1.0,8.472100018805095e-07,8.379768365372347e-07,True,113,0.5973608493804932,c1.50_beta6_rho0.75,1.5,6,0.75,800
True,4,4,0.4114991911904107,0.6773263374014485,0.64673552759983,0.10676063542518732,-3.3089393950612127,0.45341513704181546,194.58959434171828,8.81013481899183e-38,equivalent,True,1.0,1.0,8.706047910876541e-07,7.912292003473137e-07,True,114,0.6052401065826416,c1.50_beta6_rho0.75,1.5,6,0.75,800
True,4,4,0.4476271079182369,0.8014801109729796,0.7706511753920299,0.11396761086266825,-2.0124035493236496,0.4894157776049122,211.92075119353362,1.9571569905788883e-41,equivalent,True,1.0,1.0,9.779219117685784e-07,9.637331231571868e-07,True,115,0.615696907043457,c1.50_beta6_rho0.75,1.5,6,0.75,800
True,4,4,0.40364657258688136,0.651722222244546,0.619929042080722,0.10403125032430077,-3.653430644488725,0.44470361520144647,179.5717147502687,1.2663686351265732e-34,equivalent,True,1.0,1.0,7.801197376795287e-07,8.780615963822793e-07,True,116,0.6007819175720215,c1.50_beta6_rho0.75,1.5,6,0.75,800
True,4,4,0.4373070961886398,0.7649499855077609,0.7348551730778448,0.11102002298944176,-2.3882613224406475,0.4789224521141872,206.9671387005319,2.171549362423395e-40,equivalent,True,1.0,1.0,6.440544341297294e-07,6.668310377481396e-07,True,117,0.5956411361694336,c1.50_beta6_rho0.75,1.5,6,0.75,800
True,4,4,0.434952136597359,0.7567334445224305,0.7262317927698776,0.11420019124858614,-2.3972657509320223,0.4780361888873232,195.02234296822647,7.142934126731531e-38,equivalent,True,1.0,1.0,9.566637558980565e-07,6.652171217855021e-07,True,118,0.5941169261932373,c1.50_beta6_rho0.75,1.5,6,0.75,800
True,4,4,0.37221724506269943,0.5541827100882626,0.5245934986020506,0.0965543198655244,-4.923720679303315,0.41334344733849687,142.35734330612286,7.670495134432097e-27,equivalent,True,1.0,1.0,8.602311259958174e-07,7.772043195056147e-07,True,119,0.5925281047821045,c1.50_beta6_rho0.75,1.5,6,0.75,800
True,4,4,0.40804181149170793,0.665992479701738,0.6353482397141798,0.1100495208785979,-3.313524287743961,0.45176420654906174,161.9938759276282,6.122288023400587e-31,equivalent,True,1.0,1.0,8.665361274522472e-07,8.370474732036558e-07,True,120,0.5886149406433105,c1.50_beta6_rho0.75,1.5,6,0.75,800
True,4,4,0.44692879899528914,0.7989814054854864,0.7678661354875477,0.1282893726413052,-1.8094551382794153,0.49469267615761386,173.0250185676022,2.9945057291009975e-33,equivalent,True,1.0,1.0,9.371828828539945e-07,9.860188848006482e-07,True,121,0.5965557098388672,c1.50_beta6_rho0.75,1.5,6,0.75,800
True,4,4,0.346014718834437,0.47890474260029803,0.4483085267858842,0.08414528627375076,-6.556415666818128,0.38298668583389844,141.2906826670327,1.2787534343352619e-26,equivalent,True,1.0,1.0,9.195620467860275e-07,8.253230156005925e-07,True,122,0.605180025100708,c1.50_beta6_rho0.75,1.5,6,0.75,800
True,4,4,0.4852891952823273,0.9420224122310752,0.9089646943145352,0.13966160634312172,-0.6518277146391154,0.5335465289114643,204.64759588737587,6.697486246796368e-40,inconclusive,True,1.0,1.0,9.78007032849824e-07,9.54723011708656e-07,True,123,0.6256139278411865,c1.50_beta6_rho0.75,1.5,6,0.75,800
True,4,4,0.36497505121123236,0.5328271520265667,0.5026952002611347,0.09164244665949627,-5.42657707063011,0.4041762026120891,158.4405978474384,3.388184050305087e-30,equivalent,True,1.0,1.0,9.001064849158756e-07,9.199589466653803e-07,True,124,0.5902550220489502,c1.50_beta6_rho0.75,1.5,6,0.75,800
True,4,4,0.42129295836963365,0.7099510270873515,0.6805847209725485,0.107733992301079,-2.964851410451745,0.46308513497923365,188.38553130868954,1.7799466571060195e-36,equivalent,True,1.0,1.0,8.599552129195508e-07,9.90763111165221e-07,True,125,0.5938501358032227,c1.50_beta6_rho0.75,1.5,6,0.75,800
True,4,4,0.49198938423694627,0.9682142168073983,0.9351916726152787,0.1310657244333796,-0.4944719732401375,0.5363710480671345,244.89038095725414,2.0849068828432766e-48,inconclusive,True,1.0,1.0,9.949917856810252e-07,9.871986185179858e-07,True,126,0.5998868942260742,c1.50_beta6_rho0.75,1.5,6,0.75,800
True,4,4,0.4298669081423021,0.7391422348632896,0.7090955341873952,0.11000905353441752,-2.6443684084746004,0.4717108025292034,192.67582385909998,2.2274589515658817e-37,equivalent,True,1.0,1.0,8.84847446654959e-07,8.181489473119801e-07,True,127,0.6030309200286865,c1.50_beta6_rho0.75,1.5,6,0.75,800
True,4,4,0.4047060566777344,0.6551479692465663,0.6235284340397345,0.10732011571310084,-3.507931047770094,0.4472287769182793,163.59390170142817,2.8321674737383795e-31,equivalent,True,1.0,1.0,9.969294996259124e-07,9.835073889575277e-07,True,128,0.6081390380859375,c1.50_beta6_rho0.75,1.5,6,0.75,800
True,4,4,0.38965494555651486,0.6073239063866023,0.5775370605973947,0.1013972584535181,-4.166413824652548,0.43137011629446465,155.2480462939546,1.574135524963183e-29,equivalent,True,1.0,1.0,8.908644594543984e-07,9.77142349231066e-07,True,129,0.5885107517242432,c1.50_beta6_rho0.75,1.5,6,0.75,800
True,4,4,0.411978987326366,0.6789067439938322,0.6505616773877507,0.1035363985155206,-3.3750287591843056,0.4530076980602807,181.90976017137464,4.088139870409838e-35,equivalent,True,1.0,1.0,9.652599814199196e-07,7.504366783043739e-07,True,130,0.5799429416656494,c1.50_beta6_rho0.75,1.5,6,0.75,800
True,4,4,0.4122307291033388,0.6797366960682811,0.6504140487286436,0.10498228613589279,-3.329951786521775,0.453622790114464,186.86827852631188,3.7106657057539045e-36,equivalent,True,1.0,1.0,9.752643110646502e-07,8.070327765349344e-07,True,131,0.6057798862457275,c1.50_beta6_rho0.75,1.5,6,0.75,800
True,4,4,0.428514651848957,0.7344992273969313,0.7047728599766416,0.11127615834747395,-2.6531032739418814,0.4711172499038086,192.93077412414164,1.9685785942306785e-37,equivalent,True,1.0,1.0,9.136152121342766e-07,7.235164002971928e-07,True,132,0.5939638614654541,c1.50_beta6_rho0.75,1.5,6,0.75,800
True,4,4,0.5081004190982458,1.0326641435512518,1.005789351340871,0.11976774317451001,0.04833815172116599,0.5483588601666923,314.3237205655137,3.670097962805274e-63,inconclusive,True,1.0,1.0,9.342810584355051e-07,8.189530473992449e-07,True,133,0.5740838050842285,c1.50_beta6_rho0.75,1.5,6,0.75,800
True,4,4,0.41877387284627354,0.7014862263146676,0.6693746808307424,0.10798212915473107,-3.0618521949636124,0.4601601562545491,186.82500641865312,3.7892196053473714e-36,equivalent,True,1.0,1.0,9.553623669791433e-07,8.33607186170779e-07,True,134,0.6104090213775635,c1.50_beta6_rho0.75,1.5,6,0.75,800
True,4,4,0.4031175394665668,0.6500150025023161,0.620386789578597,0.098282800340108,-3.862458223694787,0.442167278918559,191.23295187675737,4.48161930684265e-37,equivalent,True,1.0,1.0,9.786090922856405e-07,9.292302370650711e-07,True,135,0.5930149555206299,c1.50_beta6_rho0.75,1.5,6,0.75,800
True,4,4,0.4163101182503574,0.6932564582305063,0.6641424887442055,0.1074778574475436,-3.124899576824143,0.45851058667815153,184.6130050160943,1.1054280829405218e-35,equivalent,True,1.0,1.0,6.971855696617427e-07,9.052028269549788e-07,True,136,0.5862782001495361,c1.50_beta6_rho0.75,1.5,6,0.75,800
True,4,4,0.4010282116600846,0.6432945061891425,0.6157033351123075,0.10028340839601163,-3.832106138336802,0.4417733760469113,182.66225618190558,2.8408095902759786e-35,equivalent,True,1.0,1.0,7.988494159941078e-07,6.049885007606646e-07,True,137,0.5737991333007812,c1.50_beta6_rho0.75,1.5,6,0.75,800
True,4,4,0.41098027419297084,0.675619143102918,0.6472427191255626,0.10345782387660538,-3.4096723443088517,0.45205522228083583,181.37451345574138,5.296105082136899e-35,equivalent,True,1.0,1.0,7.355223470572747e-07,9.780800274358157e-07,True,138,0.5836048126220703,c1.50_beta6_rho0.75,1.5,6,0.75,800
True,4,4,0.39131233479355354,0.6125013734463285,0.5811066149451244,0.10022265411621463,-4.1796277373491,0.4318443617412652,174.47393572358968,1.4874257307134648e-33,equivalent,True,1.0,1.0,9.697659809536065e-07,9.757247918350814e-07,True,139,0.6014218330383301,c1.50_beta6_rho0.75,1.5,6,0.75,800
True,4,4,0.3347633393158508,0.44826597339959773,0.4187833540409612,0.08786419296716831,-6.614943201904997,0.37526893374024844,114.60074085801757,4.305420114613076e-21,equivalent,True,1.0,1.0,8.174492217932857e-07,8.162099616649406e-07,True,140,0.5879907608032227,c1.50_beta6_rho0.75,1.5,6,0.75,800
True,4,4,0.43855869202723535,0.7693349054105578,0.7406635358712372,0.10536021901304342,-2.4614267752865753,0.47800775993995204,228.88543554874724,5.0957236746640396e-45,equivalent,True,1.0,1.0,7.022302114106166e-07,9.277100662188364e-07,True,141,0.5894849300384521,c1.50_beta6_rho0.75,1.5,6,0.75,800
True,4,4,0.41608318769124825,0.692500876317242,0.6580570364560709,0.11403754054452969,-2.998512261060262,0.4597912837987923,172.28472155909031,4.28112214701327e-33,equivalent,True,1.0,1.0,9.39238279882552e-07,9.709996783507347e-07,True,142,0.6149110794067383,c1.50_beta6_rho0.75,1.5,6,0.75,800
True,4,4,0.40992992208711,0.6721701640893762,0.641430905390784,0.11309107409222965,-3.1706224163791266,0.45482116507129083,152.8903434066314,4.8902897840774673e-29,equivalent,True,1.0,1.0,9.993422775213126e-07,9.155085062381924e-07,True,143,0.6094651222229004,c1.50_beta6_rho0.75,1.5,6,0.75,800
True,4,4,0.40597534664676266,0.6592639283398365,0.6314250175007331,0.09958089165722833,-3.7012621233394323,0.4458758258523854,197.30769590196888,2.3585290898491426e-38,equivalent,True,1.0,1.0,4.801942893659643e-07,8.758654693888947e-07,True,144,0.5821259021759033,c1.50_beta6_rho0.75,1.5,6,0.75,800
True,4,4,0.38217466425957103,0.5842298960076633,0.5541362061958249,0.09684497944484265,-4.603891666455601,0.42232452624957595,156.15648124733096,1.0169058360447119e-29,equivalent,True,1.0,1.0,6.342803472430581e-07,9.287703585593481e-07,True,145,0.5915331840515137,c1.50_beta6_rho0.75,1.5,6,0.75,800
True,4,4,0.4452243641987436,0.7928989379047019,0.7622358623164232,0.11765257704188921,-2.0209003802689587,0.488814159569862,196.02825851253874,4.386100239553184e-38,equivalent,True,1.0,1.0,8.594615046493394e-07,6.354197279317915e-07,True,146,0.594980001449585,c1.50_beta6_rho0.75,1.5,6,0.75,800
True,4,4,0.42062416651412965,0.7076987578228251,0.6774742914618962,0.10989139179144229,-2.934949710621649,0.46320339642018904,197.9759215851759,1.705681366434203e-38,equivalent,True,1.0,1.0,9.942053246579127e-07,9.557484791529644e-07,True,147,0.5984492301940918,c1.50_beta6_rho0.75,1.5,6,0.75,800
True,4,4,0.4281019534490643,0.7330851301876193,0.7022881732588256,0.11543948096646912,-2.5789428733454596,0.47227354949751255,178.44363457537307,2.184750063501658e-34,equivalent,True,1.0,1.0,7.538394273052687e-07,7.285737730418001e-07,True,148,0.5934562683105469,c1.50_beta6_rho0.75,1.5,6,0.75,800
True,4,4,0.3934141030847838,0.6190986260240195,0.5890337732954993,0.10043609370167632,-4.091818106000686,0.4342339364609644,165.37354132031626,1.2011532734829148e-31,equivalent,True,1.0,1.0,8.853843040709079e-07,7.630280738708016e-07,True,149,0.5827679634094238,c1.50_beta6_rho0.75,1.5,6,0.75,800
True,4,4,0.38896166373907287,0.6051647034346703,0.5743198311416956,0.09962558325686711,-4.272799766308647,0.4295897266866694,163.62060616758765,2.795954888188122e-31,equivalent,True,1.0,1.0,5.660090622912565e-07,9.44160599397548e-07,True,150,0.5980479717254639,c1.50_beta6_rho0.75,1.5,6,0.75,800
True,4,4,0.3902285906781963,0.6091134119307651,0.5785146805247892,0.0985687975358745,-4.276052158613476,0.4303039404467259,166.82519227288537,5.965193716297861e-32,equivalent,True,1.0,1.0,7.783183252315483e-07,9.747453428632753e-07,True,151,0.6009290218353271,c1.50_beta6_rho0.75,1.5,6,0.75,800
True,4,4,0.40257498336714764,0.6482664689322367,0.6179116806143786,0.09686884035693812,-3.9443882880988235,0.44080799221828754,195.47394017427007,5.738466825886112e-38,equivalent,True,1.0,1.0,6.39533034486597e-07,8.824545932779495e-07,True,152,0.5925590991973877,c1.50_beta6_rho0.75,1.5,6,0.75,800
True,4,4,0.4936243755507096,0.9746600965513119,0.9424792242134381,0.14095931681971233,-0.40806650517561216,0.5418340769407513,217.81854674194702,1.1126633968713304e-42,inconclusive,True,1.0,1.0,6.469328144779958e-07,8.969598550960483e-07,True,153,0.6166391372680664,c1.50_beta6_rho0.75,1.5,6,0.75,800
True,4,4,0.4059283748379931,0.6591113819944568,0.6285691686079223,0.10140330823787713,-3.6629064460180727,0.4459155659841537,187.3053417412096,3.0030019866001886e-36,equivalent,True,1.0,1.0,9.40870734076946e-07,6.538178430128831e-07,True,154,0.6011240482330322,c1.50_beta6_rho0.75,1.5,6,0.75,800
True,4,4,0.45174337018347466,0.8162882900188954,0.7876059676971413,0.11472094901535387,-1.8513970998830613,0.4940407717922583,215.0239087764991,4.330562312817607e-42,equivalent,True,1.0,1.0,7.787648359855644e-07,9.758410522133277e-07,True,155,0.60086989402771,c1.50_beta6_rho0.75,1.5,6,0.75,800
True,4,4,0.44499771804879307,0.7920918762745325,0.7618428237205349,0.12371643384232259,-1.9250245814795954,0.49125814208000185,184.53143927845116,1.1499337099241604e-35,equivalent,True,1.0,1.0,7.058495488621347e-07,9.493652585791057e-07,True,156,0.5966379642486572,c1.50_beta6_rho0.75,1.5,6,0.75,800
True,4,4,0.42419563112846903,0.7197677338739207,0.6900113136944276,0.11554040060850324,-2.6829462653149108,0.4690571289018935,165.54238590425774,1.1072548379452256e-31,equivalent,True,1.0,1.0,9.44302392995994e-07,9.503475073121514e-07,True,157,0.5939488410949707,c1.50_beta6_rho0.75,1.5,6,0.75,800
True,4,4,0.4020864551841489,0.6466940697702185,0.6177114902405608,0.10230834446236058,-3.7366307877270346,0.4432814404238224,182.0119832343146,3.890918205874279e-35,equivalent,True,1.0,1.0,8.928544132297685e-07,8.03648936876458e-07,True,158,0.5950539112091064,c1.50_beta6_rho0.75,1.5,6,0.75,800
True,4,4,0.38036716451893204,0.5787167193766893,0.5474609093531062,0.10529374290536743,-4.297872581598819,0.4244566244819062,130.0190938334424,2.8033894677385646e-24,equivalent,True,1.0,1.0,8.947020421781226e-07,7.797655500085807e-07,True,159,0.6046769618988037,c1.50_beta6_rho0.75,1.5,6,0.75,800
True,4,4,0.45636569795905507,0.8330786010946218,0.8050695621715226,0.11246411888189854,-1.733267817028637,0.4975079336091825,241.4493065468784,1.116919945962493e-47,equivalent,True,1.0,1.0,9.793905065286821e-07,6.182408764382046e-07,True,160,0.5877861976623535,c1.50_beta6_rho0.75,1.5,6,0.75,800
True,4,4,0.3867434402832166,0.5982819544083917,0.5699765496931655,0.09669841578058203,-4.447057863725492,0.4269166457314347,165.3199145375324,1.232610731975991e-31,equivalent,True,1.0,1.0,9.680566095553232e-07,9.499843572241975e-07,True,161,0.5822620391845703,c1.50_beta6_rho0.75,1.5,6,0.75,800
True,4,4,0.44566802473674744,0.7944799530910165,0.7641516614653068,0.11729819327207762,-2.010673241894136,0.489154888584316,197.3042803356022,2.3624389515855024e-38,equivalent,True,1.0,1.0,5.072450371149197e-07,8.12010626570331e-07,True,162,0.603430986404419,c1.50_beta6_rho0.75,1.5,6,0.75,800
True,4,4,0.38392038222705827,0.589579439557482,0.5600275380451745,0.09830510230815959,-4.47558114100357,0.4247720100608638,150.92000175917138,1.2604174486759482e-28,equivalent,True,1.0,1.0,8.201235452959132e-07,7.978034853179631e-07,True,163,0.5928528308868408,c1.50_beta6_rho0.75,1.5,6,0.75,800
True,4,4,0.40889941281624587,0.6687949192058826,0.635703605426954,0.11085371716499297,-3.286280369207943,0.4522283007969662,161.5806633836964,7.470604015516882e-31,equivalent,True,1.0,1.0,7.300760173082332e-07,8.743529352647002e-07,True,164,0.6041100025177002,c1.50_beta6_rho0.75,1.5,6,0.75,800
True,4,4,0.3778682749029694,0.5711377327125843,0.5420876236349349,0.09493655772478414,-4.823351376321521,0.4178050876122842,162.7295083951672,4.295391618418567e-31,equivalent,True,1.0,1.0,8.814778441864635e-07,9.370945825890281e-07,True,165,0.5796608924865723,c1.50_beta6_rho0.75,1.5,6,0.75,800
True,4,4,0.4006418523102646,0.6420555752903996,0.6140475255970773,0.10080000076876748,-3.828893566065415,0.44154523337317764,179.05160110426056,1.6284140178827135e-34,equivalent,True,1.0,1.0,8.343790200791314e-07,9.700708321046538e-07,True,166,0.5937237739562988,c1.50_beta6_rho0.75,1.5,6,0.75,800
True,4,4,0.373695881157873,0.5585944463774366,0.5286801125917823,0.09898650610381123,-4.761455939397691,0.41578192185804874,149.0321591424457,3.1208673485383013e-28,equivalent,True,1.0,1.0,6.880992356327298e-07,9.452466779971397e-07,True,167,0.6004979610443115,c1.50_beta6_rho0.75,1.5,6,0.75,800
True,4,4,0.3932537037077811,0.6185939019195492,0.5883006807465972,0.1019935041772624,-4.036524900035581,0.4347600102407239,163.59159394093479,2.8353188324173424e-31,equivalent,True,1.0,1.0,9.889258481578644e-07,6.378528195244841e-07,True,168,0.5983259677886963,c1.50_beta6_rho0.75,1.5,6,0.75,800
True,4,4,0.44433486548686346,0.7897338907489162,0.7590028451731612,0.1171678468022179,-2.056854003928635,0.48778243176335384,195.3373777420328,6.131248256771766e-38,equivalent,True,1.0,1.0,9.62012044218792e-07,9.821492060832564e-07,True,169,0.5931341648101807,c1.50_beta6_rho0.75,1.5,6,0.75,800
True,4,4,0.4144494802172476,0.6870734866093868,0.6568827704756687,0.11191263462531761,-3.065938271162004,0.4585200850128643,167.77212527672322,3.7782092106392573e-32,equivalent,True,1.0,1.0,8.794249531736169e-07,5.870427492586543e-07,True,170,0.7908570766448975,c1.50_beta6_rho0.75,1.5,6,0.75,800
True,4,4,0.42357223176887493,0.717653742102662,0.6860819496576567,0.11357778594204214,-2.7639035902895066,0.4671457970498992,174.9605724553238,1.1758457844662441e-33,equivalent,True,1.0,1.0,9.339399056489686e-07,9.762922174923609e-07,True,171,0.8527419567108154,c1.50_beta6_rho0.75,1.5,6,0.75,800
True,4,4,0.4603455707472335,0.8476721780263845,0.8172555294911108,0.12080386055763123,-1.512737007454396,0.5039742547191945,206.64303523109388,2.541709675614632e-40,inconclusive,True,1.0,1.0,4.885296434971174e-07,8.670050073684362e-07,True,172,0.8859560489654541,c1.50_beta6_rho0.75,1.5,6,0.75,800
True,4,4,0.42574572443950476,0.7250376875140749,0.6915995807584487,0.11491965491276553,-2.6836176933846105,0.4692082671772,178.004852906437,2.700913786254237e-34,equivalent,True,1.0,1.0,9.925643435386028e-07,8.059194155023637e-07,True,173,0.9039287567138672,c1.50_beta6_rho0.75,1.5,6,0.75,800
True,4,4,0.41137185647300323,0.6769072171921806,0.64528957521979,0.10546698496484272,-3.3632366081049176,0.4524288142798953,187.56755202306329,2.644967701282622e-36,equivalent,True,1.0,1.0,9.85024814623379e-07,8.543113129766009e-07,True,174,0.7068037986755371,c1.50_beta6_rho0.75,1.5,6,0.75,800
True,4,4,0.42891652846207634,0.7358775535518365,0.7057557649616728,0.11033526010231398,-2.6668196074897024,0.47096738680125133,191.72241904720613,3.5354434169621587e-37,equivalent,True,1.0,1.0,7.993118200710635e-07,9.909803823206571e-07,True,175,0.653587818145752,c1.50_beta6_rho0.75,1.5,6,0.75,800
True,4,4,0.3761738769967438,0.5660271429390453,0.5324436479218095,0.10778689092476178,-4.337784939028975,0.4212295414608366,126.31226265974323,1.6425690292624787e-23,equivalent,True,1.0,1.0,6.280339341795194e-07,9.023846975169229e-07,True,176,0.6251251697540283,c1.50_beta6_rho0.75,1.5,6,0.75,800
True,4,4,0.3853323902442798,0.5939242038854797,0.565114091585161,0.09858120044739228,-4.411448698546892,0.42639938341016753,159.58135216490507,1.9565157933259256e-30,equivalent,True,1.0,1.0,9.329121648597408e-07,8.521978507519989e-07,True,177,0.600275993347168,c1.50_beta6_rho0.75,1.5,6,0.75,800
True,4,4,0.44946605391083205,0.8080789344727,0.77822222438018,0.11781208249170175,-1.8824705491089273,0.4929517865789112,212.05875544126235,1.8301998562734775e-41,equivalent,True,1.0,1.0,8.000583993756901e-07,8.243400480012355e-07,True,178,0.6075830459594727,c1.50_beta6_rho0.75,1.5,6,0.75,800
True,4,4,0.396080209968446,0.6275181309145932,0.5963733400094392,0.10555018575228449,-3.8240260508667543,0.4387447851170102,155.16504004846337,1.638245525332672e-29,equivalent,True,1.0,1.0,6.8739894201845e-07,9.783433663817042e-07,True,179,0.6251809597015381,c1.50_beta6_rho0.75,1.5,6,0.75,800
True,4,4,0.3665068907359075,0.5373092038276097,0.5100231136443082,0.08808740956461326,-5.5623940898873565,0.4046337877499302,165.84562363381792,9.566556727118834e-32,equivalent,True,1.0,1.0,9.120024115632865e-07,5.542611620017919e-07,True,180,0.6128950119018555,c1.50_beta6_rho0.75,1.5,6,0.75,800
True,4,4,0.43606042272151846,0.7605947690562774,0.7309697909762957,0.11002825590084088,-2.445101095360072,0.4774804097452425,218.95606365484753,6.398509229061189e-43,equivalent,True,1.0,1.0,6.53878359283213e-07,8.274511884253482e-07,True,181,0.6149981021881104,c1.50_beta6_rho0.75,1.5,6,0.75,800
True,4,4,0.41388342485863383,0.6851979574908496,0.6564143174557076,0.10417878161222144,-3.298038979023591,0.45491020109521485,181.5003442050078,4.983406390893729e-35,equivalent,True,1.0,1.0,6.241206869283155e-07,9.539996301662872e-07,True,182,0.6161208152770996,c1.50_beta6_rho0.75,1.5,6,0.75,800
True,4,4,0.4298585120088205,0.7391133613857491,0.7098064387372485,0.10630769605498393,-2.7297512036443634,0.4702837011225627,211.24409150144226,2.7191518062570544e-41,equivalent,True,1.0,1.0,7.130127343621581e-07,6.217315659902532e-07,True,183,0.6053950786590576,c1.50_beta6_rho0.75,1.5,6,0.75,800
True,4,4,0.4346675411350784,0.7557434852656603,0.7261528056067141,0.11253765629369984,-2.433382775260591,0.4772998998873833,200.597731221964,4.78130452289184e-39,equivalent,True,1.0,1.0,5.329279702479797e-07,7.345627133001411e-07,True,184,0.6071228981018066,c1.50_beta6_rho0.75,1.5,6,0.75,800
True,4,4,0.3909702071514009,0.6114308115200374,0.5804333589768249,0.09656376998872306,-4.344969558170451,0.42990307811031186,173.84225205039917,2.0180544120752722e-33,equivalent,True,1.0,1.0,9.854541124611198e-07,9.429667356421941e-07,True,185,0.6053271293640137,c1.50_beta6_rho0.75,1.5,6,0.75,800
True,4,4,0.3976640364030092,0.6325467433933352,0.6024079791092091,0.10662424763490287,-3.728908102143938,0.4409618066092717,162.47265548849398,4.861218911340502e-31,equivalent,True,1.0,1.0,9.953922292283778e-07,7.969972454291603e-07,True,186,0.603438138961792,c1.50_beta6_rho0.75,1.5,6,0.75,800
True,4,4,0.43162419342545905,0.7451977774007122,0.7136629286690142,0.12002978265367464,-2.3855501942977133,0.4772563126898134,168.65891196552747,2.463250533232453e-32,equivalent,True,1.0,1.0,9.993987753964282e-07,7.207300518780772e-07,True,187,0.6354382038116455,c1.50_beta6_rho0.75,1.5,6,0.75,800
True,4,4,0.3874183007808754,0.6003717591197635,0.5699257554629529,0.10297957244606819,-4.17630637146297,0.4299162938011247,160.30045770630377,1.3839337709870366e-30,equivalent,True,1.0,1.0,9.337991965018305e-07,9.9213561082844e-07,True,188,0.6243700981140137,c1.50_beta6_rho0.75,1.5,6,0.75,800
True,4,4,0.37245341869896287,0.5548861964021798,0.5239252363065509,0.09553078720680837,-4.983469493063278,0.41263161479981114,149.03025713443816,3.123718741849201e-28,equivalent,True,1.0,1.0,9.558885622235534e-07,8.942411289854855e-07,True,189,0.6246259212493896,c1.50_beta6_rho0.75,1.5,6,0.75,800
True,4,4,0.4258370815610135,0.7253488801296051,0.6939576685253867,0.1155619364545885,-2.64829701598914,0.470117043628566,174.60306666716716,1.3974865038997879e-33,equivalent,True,1.0,1.0,6.063478707985438e-07,9.792096385887054e-07,True,190,0.6465330123901367,c1.50_beta6_rho0.75,1.5,6,0.75,800
True,4,4,0.43661229282358816,0.7625211769786828,0.732021765497521,0.11637947326231067,-2.3026245693557663,0.48048125983115475,197.818305400534,1.8411820246063835e-38,equivalent,True,1.0,1.0,6.025511032420389e-07,9.5851176483105e-07,True,191,0.6133267879486084,c1.50_beta6_rho0.75,1.5,6,0.75,800
True,4,4,0.4279215610610054,0.732467449683551,0.704403550664146,0.10534405981656995,-2.8060096587369094,0.4684226482385389,211.79128038255027,2.0842569188010078e-41,equivalent,True,1.0,1.0,8.850833924978757e-07,7.490517187151013e-07,True,192,0.5952942371368408,c1.50_beta6_rho0.75,1.5,6,0.75,800
True,4,4,0.3748700622985229,0.5621102544307938,0.531853436726971,0.09145924474671131,-5.118635787661723,0.41300439076565565,165.43929821060743,1.163673445471933e-31,equivalent,True,1.0,1.0,7.017086769595511e-07,6.485192284037501e-07,True,193,0.6054136753082275,c1.50_beta6_rho0.75,1.5,6,0.75,800
True,4,4,0.44875431566822555,0.8055217433234296,0.776206568746671,0.12292435160399426,-1.8205784967187664,0.494570301959984,195.84060151998153,4.803886880681099e-38,equivalent,True,1.0,1.0,8.095072394699287e-07,8.16538837125828e-07,True,194,0.5981030464172363,c1.50_beta6_rho0.75,1.5,6,0.75,800
True,4,4,0.4433310339894527,0.7861696227926291,0.755119235420673,0.11648363107034042,-2.1022761939096144,0.48649711162225817,192.6108243064686,2.2987364825187347e-37,equivalent,True,1.0,1.0,9.304454744299746e-07,9.556568524048436e-07,True,195,0.5965597629547119,c1.50_beta6_rho0.75,1.5,6,0.75,800
True,4,4,0.4725683757029563,0.8932834788581218,0.8631386397145148,0.12241973375695846,-1.1179681256062681,0.5158733329982956,233.03867152406426,6.738559078058333e-46,inconclusive,True,1.0,1.0,8.272787637753836e-07,7.878766919512536e-07,True,196,0.6077578067779541,c1.50_beta6_rho0.75,1.5,6,0.75,800
True,4,4,0.43877085918378195,0.7700794674754968,0.7410984736163972,0.10929903883567052,-2.368744767946746,0.4798123055079871,211.44081019348317,2.4712556892142734e-41,equivalent,True,1.0,1.0,9.9862439312578e-07,7.966938874088829e-07,True,197,0.5948019027709961,c1.50_beta6_rho0.75,1.5,6,0.75,800
True,4,4,0.4215259701641405,0.7107365740912795,0.6806396839538557,0.1167042864051313,-2.7364917423641657,0.4670656144290969,168.8881861784095,2.2053170775560603e-32,equivalent,True,1.0,1.0,9.524090975388112e-07,8.927412831178623e-07,True,198,0.6081922054290771,c1.50_beta6_rho0.75,1.5,6,0.75,800
True,4,4,0.43425214522048966,0.7542997025143889,0.7248473937422808,0.11074257324239359,-2.4846145272014275,0.47618345125538825,204.11810712135824,8.66057753079306e-40,equivalent,True,1.0,1.0,8.499322776419536e-07,9.718138122866405e-07,True,199,0.6011579036712646,c1.50_beta6_rho0.75,1.5,6,0.75,800
True,4,4,0.39632861647254963,0.6283054889401813,0.5982397677597524,0.10451437917833528,-3.8440665810655097,0.43879113010059195,159.91339778196112,1.6674560132536038e-30,equivalent,True,1.0,1.0,8.632918487227921e-07,9.518068290914098e-07,True,200,0.5950577259063721,c1.50_beta6_rho0.75,1.5,6,0.75,800
True,4,4,0.4101349796642695,0.672842806176843,0.6436610072760661,0.10572342950320855,-3.37048272458017,0.45209528137002464,177.20845485135675,3.968904552657477e-34,equivalent,True,1.0,1.0,9.871931229481592e-07,9.736304032956327e-07,True,201,0.593203067779541,c1.50_beta6_rho0.75,1.5,6,0.75,800
True,4,4,0.4216949034037014,0.7113063662266284,0.6786833219298846,0.11232883128727177,-2.8605005000753048,0.4646094616675315,182.94328301864496,2.479697648529455e-35,equivalent,True,1.0,1.0,6.47133521440584e-07,9.7857858178552e-07,True,202,0.6161856651306152,c1.50_beta6_rho0.75,1.5,6,0.75,800
True,4,4,0.39113952520587864,0.6119605127131207,0.5824206636772871,0.09738101158311398,-4.2880981572707535,0.4308706806502316,173.87445667939744,1.9869102847626548e-33,equivalent,True,1.0,1.0,8.659912521358068e-07,8.359266461348087e-07,True,203,0.5929169654846191,c1.50_beta6_rho0.75,1.5,6,0.75,800
True,4,4,0.3747285104092111,0.561685826054025,0.5294292333926955,0.10063370590790095,-4.676075101894454,0.4168203898410184,134.981443285924,2.619246317796904e-25,equivalent,True,1.0,1.0,9.343858107651486e-07,9.600088978896987e-07,True,204,0.6009848117828369,c1.50_beta6_rho0.75,1.5,6,0.75,800
True,4,4,0.423304355500555,0.716746309542961,0.687042046504457,0.10683992607222126,-2.9292228570430763,0.4644292428367257,198.8535301168378,1.1143760585714288e-38,equivalent,True,1.0,1.0,9.659839239528915e-07,5.419050546034595e-07,True,205,0.597804069519043,c1.50_beta6_rho0.75,1.5,6,0.75,800
True,4,4,0.4182942258713237,0.69988023758916,0.669228794163124,0.10911789374744771,-3.031319561596769,0.4606277666019816,188.4547257793958,1.7212935143374058e-36,equivalent,True,1.0,1.0,9.832063434045378e-07,7.568781106173122e-07,True,206,0.603215217590332,c1.50_beta6_rho0.75,1.5,6,0.75,800
True,4,4,0.44259614816606896,0.7835654014857635,0.7530137194592407,0.11436230666973636,-2.1596825714089865,0.48505746421725465,201.43701902324358,3.181870766675459e-39,equivalent,True,1.0,1.0,9.623527004286665e-07,7.856038049208837e-07,True,207,0.6092579364776611,c1.50_beta6_rho0.75,1.5,6,0.75,800
True,4,4,0.4112488925179239,0.6765026063888757,0.6460731588257065,0.10644037646429909,-3.3251182768317555,0.4530871875553007,182.64489908780618,2.864763211364718e-35,equivalent,True,1.0,1.0,9.76421937664759e-07,8.204124046487745e-07,True,208,0.5959608554840088,c1.50_beta6_rho0.75,1.5,6,0.75,800
True,4,4,0.4678021184985334,0.8753552882868637,0.8455243872137871,0.11946800920546992,-1.2930291030507952,0.5103997882689795,231.61055869154268,1.3512583823973863e-45,inconclusive,True,1.0,1.0,8.840111766668548e-07,9.089374699687615e-07,True,209,0.5983679294586182,c1.50_beta6_rho0.75,1.5,6,0.75,800
True,4,4,0.45527941218567425,0.8291173726405323,0.798327766269424,0.12038128709079132,-1.6752789291783796,0.49908350076860847,202.86120392680664,1.5940875297162192e-39,equivalent,True,1.0,1.0,7.828569878011378e-07,9.003496310422966e-07,True,210,0.6002061367034912,c1.50_beta6_rho0.75,1.5,6,0.75,800
True,4,4,0.48008772973402003,0.9219369129646617,0.8894855696575297,0.13005777004885313,-0.8497333938676497,0.5252169943070212,221.57166200132377,1.7924160515997623e-43,inconclusive,True,1.0,1.0,9.354218900438707e-07,8.681257477449835e-07,True,211,0.6129982471466064,c1.50_beta6_rho0.75,1.5,6,0.75,800
True,4,4,0.4649330057781839,0.8646507994477473,0.8337396922202747,0.11717080951708701,-1.4189567219425894,0.5065739144555549,231.41212327648674,1.4884049010613026e-45,inconclusive,True,1.0,1.0,8.937942983507067e-07,8.816265983988907e-07,True,212,0.5932941436767578,c1.50_beta6_rho0.75,1.5,6,0.75,800
True,4,4,0.3931858296388251,0.6183803865150848,0.5882430217836285,0.09961746712954456,-4.1333813243907755,0.43361825777386814,167.29229721347426,4.762037587868212e-32,equivalent,True,1.0,1.0,7.980120297079149e-07,9.81278357473395e-07,True,213,0.5934970378875732,c1.50_beta6_rho0.75,1.5,6,0.75,800
True,4,4,0.4076075978895103,0.6645758154290268,0.6340261612769251,0.1000543891783331,-3.6577489676217714,0.4468223881502919,190.1826820877239,7.454162904957226e-37,equivalent,True,1.0,1.0,7.037251850421438e-07,9.674935801440206e-07,True,214,0.5957169532775879,c1.50_beta6_rho0.75,1.5,6,0.75,800
True,4,4,0.47708092386775486,0.910424831674042,0.8781627294749685,0.12740117773225582,-0.956327662693061,0.5214688434474678,220.25664715502478,3.3986459752790185e-43,inconclusive,True,1.0,1.0,9.380910101205811e-07,8.514926960625606e-07,True,215,0.6141819953918457,c1.50_beta6_rho0.75,1.5,6,0.75,800
True,4,4,0.4263596193601024,0.7271301000835656,0.6976885351827812,0.1125432402447093,-2.686180566330643,0.4697887003984244,189.97796918054894,8.23120572440755e-37,equivalent,True,1.0,1.0,9.363808429114989e-07,8.736754775394986e-07,True,216,0.5995070934295654,c1.50_beta6_rho0.75,1.5,6,0.75,800
True,4,4,0.44709091201874573,0.7995611344390154,0.7691955034413328,0.11064580848991339,-2.0859759597645096,0.48764527651843015,232.97998520948036,6.9340234204162784e-46,equivalent,True,1.0,1.0,8.0709846997349e-07,9.018208963131993e-07,True,217,0.5964820384979248,c1.50_beta6_rho0.75,1.5,6,0.75,800
True,4,4,0.41687496751369413,0.6951389541581741,0.6627364730527542,0.10850743769088961,-3.1082065351872448,0.45858895688018503,174.6485070038812,1.3671478483023721e-33,equivalent,True,1.0,1.0,9.019172338742419e-07,8.487580841365262e-07,True,218,0.6075410842895508,c1.50_beta6_rho0.75,1.5,6,0.75,800
True,4,4,0.42979219441384237,0.7388853215162643,0.7092824410207123,0.11182638618087637,-2.599722381344412,0.4725517109055904,198.39850433931565,1.3895845555082687e-38,equivalent,True,1.0,1.0,9.61381009947652e-07,9.993292633592848e-07,True,219,0.5962209701538086,c1.50_beta6_rho0.75,1.5,6,0.75,800
True,4,4,0.4330132108225646,0.7500017629874671,0.7183474861067942,0.11747042140266482,-2.397646237496314,0.4773806486469904,175.50119400635452,9.05584869712446e-34,equivalent,True,1.0,1.0,8.145042668688234e-07,9.562611427564618e-07,True,220,0.5996313095092773,c1.50_beta6_rho0.75,1.5,6,0.75,800
True,4,4,0.3954652412642986,0.6255710281929195,0.5958714866205687,0.0998495875075668,-4.047372888233571,0.43592127809445086,180.74557499023894,7.178829048882217e-35,equivalent,True,1.0,1.0,7.674913430279283e-07,8.039766761256329e-07,True,221,0.5909738540649414,c1.50_beta6_rho0.75,1.5,6,0.75,800
True,4,4,0.3824933401591071,0.5852046210642815,0.5556450323386338,0.09842903222840989,-4.514470554076123,0.4235405479398806,156.5325898671524,8.48600870425558e-30,equivalent,True,1.0,1.0,9.455671548980376e-07,8.995590868581042e-07,True,222,0.5972259044647217,c1.50_beta6_rho0.75,1.5,6,0.75,800
True,4,4,0.3856877439736645,0.5950201434059799,0.565096840294508,0.10171131019078535,-4.275858396570852,0.4279009984107911,147.1371897928276,7.750293795183234e-28,equivalent,True,1.0,1.0,8.578770732189728e-07,7.746063368546287e-07,True,223,0.5957529544830322,c1.50_beta6_rho0.75,1.5,6,0.75,800
True,4,4,0.3994477965819694,0.6382341687767616,0.6087732238466115,0.09898660519792848,-3.9523203707320977,0.4392014630058846,185.84651114763352,6.08498822530233e-36,equivalent,True,1.0,1.0,9.834120370695595e-07,8.126719297454097e-07,True,224,0.5960531234741211,c1.50_beta6_rho0.75,1.5,6,0.75,800
True,4,4,0.37339701595131813,0.5577013260853958,0.5271852370180384,0.09705830740646869,-4.871450735297385,0.41437662397308905,144.38333965296908,2.9042582210306476e-27,equivalent,True,1.0,1.0,9.671585850859887e-07,9.72639948578411e-07,True,225,0.5943279266357422,c1.50_beta6_rho0.75,1.5,6,0.75,800
True,4,4,0.4007478434435988,0.6423953360987807,0.6121947099010522,0.09953367628564946,-3.8962219077088456,0.4404296306855717,184.94147541998777,9.429633200152435e-36,equivalent,True,1.0,1.0,5.47806132407733e-07,9.94663718811301e-07,True,226,0.6055550575256348,c1.50_beta6_rho0.75,1.5,6,0.75,800
True,4,4,0.3834890939021287,0.5882555405675028,0.5548880262669347,0.10752608225329796,-4.139572133619824,0.4277127227044907,142.79883164732993,6.20772416265574e-27,equivalent,True,1.0,1.0,9.782339836371678e-07,9.936726145881057e-07,True,227,0.6165943145751953,c1.50_beta6_rho0.75,1.5,6,0.75,800
True,4,4,0.4535925666843486,0.822984866205181,0.7932181506073025,0.11107371340825832,-1.861663241892868,0.4939428486590945,263.7140068735759,2.1247473330646307e-52,equivalent,True,1.0,1.0,8.29738433041153e-07,9.826580770164481e-07,True,228,0.5972499847412109,c1.50_beta6_rho0.75,1.5,6,0.75,800
True,4,4,0.3862920111908176,0.596886071639387,0.5683892743084097,0.09561179761732871,-4.514199465415814,0.4259274252729633,169.7438897183444,1.4593630553848964e-32,equivalent,True,1.0,1.0,8.483252215514837e-07,7.971018001469746e-07,True,229,0.5836138725280762,c1.50_beta6_rho0.75,1.5,6,0.75,800
True,4,4,0.4262306042907782,0.7266901121363277,0.6971311797849892,0.11294695436077908,-2.681513830355945,0.4698170886947491,182.0693392337144,3.784455030447505e-35,equivalent,True,1.0,1.0,7.5179140525778e-07,9.404998365701823e-07,True,230,0.5987303256988525,c1.50_beta6_rho0.75,1.5,6,0.75,800
True,4,4,0.446468395412184,0.7973361124077212,0.7645437699202262,0.12501214840221336,-1.8834667917410577,0.49248615605735624,181.33716862707718,5.392629960973301e-35,equivalent,True,1.0,1.0,9.785812739280434e-07,7.507330544801201e-07,True,231,0.6128318309783936,c1.50_beta6_rho0.75,1.5,6,0.75,800
True,4,4,0.4205153676259034,0.7073326976381948,0.679792738583806,0.10383661732257514,-3.083760523722085,0.46113684931840343,207.0892398841802,2.0465232981531268e-40,equivalent,True,1.0,1.0,9.806230196098582e-07,8.748937695092569e-07,True,232,0.5798130035400391,c1.50_beta6_rho0.75,1.5,6,0.75,800
True,4,4,0.4162009103367842,0.6928927910606715,0.6645829999999441,0.10087242508468207,-3.3251604659893372,0.4556597892781066,196.5821762361399,3.3530141975743083e-38,equivalent,True,1.0,1.0,9.612548034170943e-07,7.608936081293097e-07,True,233,0.5810039043426514,c1.50_beta6_rho0.75,1.5,6,0.75,800
True,4,4,0.5133620080803996,1.0541622053613608,1.021914648165594,0.14524044204742845,0.15088530340907266,0.5614298522628053,251.49880734314772,8.288881373131679e-50,inconclusive,True,1.0,1.0,7.805639434860852e-07,9.359400692647976e-07,True,234,0.6017069816589355,c1.50_beta6_rho0.75,1.5,6,0.75,800
True,4,4,0.43763748034710526,0.7661062568182517,0.7371491019099329,0.11299488089907281,-2.326219524270714,0.4803668237877493,196.90477945632577,2.8674603404153555e-38,equivalent,True,1.0,1.0,7.691514280940757e-07,9.509722642949937e-07,True,235,0.5895819664001465,c1.50_beta6_rho0.75,1.5,6,0.75,800
True,4,4,0.401116117180622,0.643576557848234,0.6133639150392672,0.10133161450227493,-3.8155524005003656,0.4415992495119819,174.37802887103288,1.5579485900831312e-33,equivalent,True,1.0,1.0,8.457139550463336e-07,6.955894779965836e-07,True,236,0.5879158973693848,c1.50_beta6_rho0.75,1.5,6,0.75,800
True,4,4,0.41762676937472326,0.6976484739934731,0.6709752970567383,0.10275887666760956,-3.2019102739663654,0.45825718980854924,195.44481591060676,5.820067209907221e-38,equivalent,True,1.0,1.0,9.863075547203008e-07,9.155742679544507e-07,True,237,0.5711519718170166,c1.50_beta6_rho0.75,1.5,6,0.75,800
True,4,4,0.4439716127722196,0.7884431717902627,0.7586075353497198,0.11348064828663866,-2.1271685374985827,0.4861241074234032,216.87108807879736,1.7639041168388583e-42,equivalent,True,1.0,1.0,9.165498983451564e-07,7.812927122937423e-07,True,238,0.598132848739624,c1.50_beta6_rho0.75,1.5,6,0.75,800
True,4,4,0.3737773195363974,0.5588379383992566,0.529737474960801,0.0880346828201303,-5.341787009104407,0.41065242063544893,171.3537306836909,6.710319730610847e-33,equivalent,True,1.0,1.0,9.28451709383732e-07,8.190236143455925e-07,True,239,0.5881838798522949,c1.50_beta6_rho0.75,1.5,6,0.75,800
True,4,4,0.49202982429184006,0.9683733919706361,0.9356933551988159,0.13455032631742816,-0.47793748674732506,0.5378217519423935,229.35450528332706,4.055015705375885e-45,inconclusive,True,1.0,1.0,7.533673919827008e-07,9.927985970509886e-07,True,240,0.610867977142334,c1.50_beta6_rho0.75,1.5,6,0.75,800
True,4,4,0.32774352392747974,0.42966326990560993,0.400068128460271,0.08360229345367,-7.1760216945746125,0.3665998036241296,116.00840157404551,2.2078598997886124e-21,equivalent,True,1.0,1.0,9.499701970398676e-07,7.955880392471309e-07,True,241,0.5903518199920654,c1.50_beta6_rho0.75,1.5,6,0.75,800
True,4,4,0.4214135231167435,0.7103574298626645,0.67830784479905,0.11187781710431342,-2.8753882005134974,0.46430875450461123,178.91563816447047,1.7390427857994148e-34,equivalent,True,1.0,1.0,8.769344660636418e-07,9.136381843582252e-07,True,242,0.6099381446838379,c1.50_beta6_rho0.75,1.5,6,0.75,800
True,4,4,0.41468691458246076,0.6878609485036844,0.6589666653810546,0.10309499592980315,-3.3079523554290957,0.4551216440021114,190.8494161579973,5.396729706216844e-37,equivalent,True,1.0,1.0,9.132408418311793e-07,6.715610213315638e-07,True,243,0.5844268798828125,c1.50_beta6_rho0.75,1.5,6,0.75,800
True,4,4,0.4315634223201818,0.7449879499388303,0.7147025574924435,0.11106234536765953,-2.568804409479298,0.4736517336314139,199.9134379715972,6.663948074394447e-39,equivalent,True,1.0,1.0,9.273487196567803e-07,6.273827390881994e-07,True,244,0.6026818752288818,c1.50_beta6_rho0.75,1.5,6,0.75,800
True,4,4,0.4823169603637452,0.9305186010180903,0.8999165757792049,0.12195172202568665,-0.8206806969049157,0.5245258115827411,246.11600549535234,1.1465596650129819e-48,inconclusive,True,1.0,1.0,8.249509659866499e-07,9.466639490214778e-07,True,245,0.5982029438018799,c1.50_beta6_rho0.75,1.5,6,0.75,800
True,4,4,0.418760592005603,0.7014417336675324,0.6716315156893249,0.10810040971922495,-3.0376247894301636,0.4608255816170941,176.2126791993125,6.42159246421785e-34,equivalent,True,1.0,1.0,9.805026874085237e-07,8.029854048538696e-07,True,246,0.5861010551452637,c1.50_beta6_rho0.75,1.5,6,0.75,800
True,4,4,0.37121534467254136,0.5512033284814147,0.5239555367220489,0.08765485268238962,-5.430896849520247,0.40869760798069715,172.07796379556999,4.7305142247625105e-33,equivalent,True,1.0,1.0,9.616744990575453e-07,9.718171946893915e-07,True,247,0.5729269981384277,c1.50_beta6_rho0.75,1.5,6,0.75,800
True,4,4,0.41700981584511565,0.6955887460447091,0.6644505823109865,0.11108203288958353,-3.0207352976925836,0.46020763438869655,173.87360346369516,1.9877291753277678e-33,equivalent,True,1.0,1.0,6.681551885879272e-07,8.887080061564839e-07,True,248,0.6000399589538574,c1.50_beta6_rho0.75,1.5,6,0.75,800
True,4,4,0.43275029566436124,0.7490912735903683,0.7181055663513539,0.1178594346394458,-2.391785048952714,0.4774848387353509,177.25844891526833,3.8741631597364305e-34,equivalent,True,1.0,1.0,5.583577734886758e-07,8.264378505327903e-07,True,249,0.5962119102478027,c1.50_beta6_rho0.75,1.5,6,0.75,800
True,4,4,0.48208692479422477,0.9296312122302101,0.900020853142102,0.12116841111494829,-0.8251255086860158,0.524243539215428,253.59847580066614,2.9737495716596233e-50,inconclusive,True,1.0,1.0,8.5282425558255e-07,7.857959894896268e-07,True,250,0.5966439247131348,c1.50_beta6_rho0.75,1.5,6,0.75,800
True,4,4,0.3872825290987472,0.5999510293804879,0.5720979857922887,0.09925707735268824,-4.311047893212244,0.4287660636863827,157.64531270211975,4.968081549180898e-30,equivalent,True,1.0,1.0,9.729071173925605e-07,6.608791553125837e-07,True,251,0.5763719081878662,c1.50_beta6_rho0.75,1.5,6,0.75,800
True,4,4,0.41495510797039215,0.6887509665228791,0.6608263607618963,0.10845217680803362,-3.127402779922619,0.45804320678713617,180.6886543625328,7.379178035345211e-35,equivalent,True,1.0,1.0,7.965592513985955e-07,6.835434266113e-07,True,252,0.5787711143493652,c1.50_beta6_rho0.75,1.5,6,0.75,800
True,4,4,0.4081941866926702,0.6664899761987619,0.6378572746188199,0.09774812257692796,-3.7048560712373075,0.44683291859686686,198.34921548926087,1.4232051012732188e-38,equivalent,True,1.0,1.0,5.682686675721622e-07,6.659495837176915e-07,True,253,0.5785470008850098,c1.50_beta6_rho0.75,1.5,6,0.75,800
True,4,4,0.4323308602793808,0.7476398909996378,0.7154150968000168,0.1205981734801401,-2.359777888732686,0.4779595798424141,181.38258321343835,5.275475237207993e-35,equivalent,True,1.0,1.0,8.531669346503684e-07,9.411201356791212e-07,True,254,0.6088080406188965,c1.50_beta6_rho0.75,1.5,6,0.75,800
True,4,4,0.37101059682474385,0.5505954518250106,0.5198779361024758,0.09577184105642592,-5.013186116101188,0.41152417797255786,153.59304513721506,3.488513312552209e-29,equivalent,True,1.0,1.0,9.953437273173808e-07,7.71397241427664e-07,True,255,0.6007449626922607,c1.50_beta6_rho0.75,1.5,6,0.75,800
True,4,4,0.3607851882173128,0.5206638081480073,0.49016421532187493,0.09174749036098051,-5.556945292696031,0.4003359238208048,142.8088074109655,6.178114095468803e-27,equivalent,True,1.0,1.0,9.869822623980907e-07,9.288317225678197e-07,True,256,0.5873079299926758,c1.50_beta6_rho0.75,1.5,6,0.75,800
True,4,4,0.4346043968635549,0.7555239270925372,0.7258781562394707,0.10750632765054292,-2.549820552438384,0.4750553465638766,218.76844374237564,7.009924585968906e-43,equivalent,True,1.0,1.0,8.234676320064899e-07,7.889887223947063e-07,True,257,0.597714900970459,c1.50_beta6_rho0.75,1.5,6,0.75,800
True,4,4,0.3944702143771765,0.6224270001231023,0.5901158523173136,0.10828141403009489,-3.78536013178371,0.43824163680444295,144.17742902486054,3.205640756890403e-27,equivalent,True,1.0,1.0,5.648073818619513e-07,8.53269397304647e-07,True,258,0.6061251163482666,c1.50_beta6_rho0.75,1.5,6,0.75,800
True,4,4,0.400512519161836,0.6416411120214401,0.6109642183752158,0.1045845496945228,-3.719820783864392,0.44243375048230044,163.5185815377323,2.936851058318735e-31,equivalent,True,1.0,1.0,9.00208738838206e-07,9.437978806387941e-07,True,259,0.5959680080413818,c1.50_beta6_rho0.75,1.5,6,0.75,800
True,4,4,0.387958217927428,0.602046315429703,0.572860737983163,0.10053042204408104,-4.248855752635188,0.42959823303329936,159.63771899528916,1.904135019686524e-30,equivalent,True,1.0,1.0,8.562172236059201e-07,6.888894107814356e-07,True,260,0.5872271060943604,c1.50_beta6_rho0.75,1.5,6,0.75,800
True,4,4,0.4149199050965385,0.688634110581282,0.6592999356378377,0.10930055363601264,-3.11709367453659,0.4580074638348804,182.3368624580361,3.3250882932511726e-35,equivalent,True,1.0,1.0,4.5049969806895e-07,7.879975417966793e-07,True,261,0.5902469158172607,c1.50_beta6_rho0.75,1.5,6,0.75,800
True,4,4,0.37017048953537507,0.5481047652914368,0.5188977181739441,0.0925381428376573,-5.198961931514764,0.40960634090911546,158.23363223914788,3.7430683016055204e-30,equivalent,True,1.0,1.0,8.346346384162826e-07,6.45970271902241e-07,True,262,0.59086012840271,c1.50_beta6_rho0.75,1.5,6,0.75,800
True,4,4,0.4132605694764211,0.6831371931359034,0.6519294101308495,0.10573100702409698,-3.2920389171156037,0.4543790929707448,177.9887529062247,2.722013555184447e-34,equivalent,True,1.0,1.0,9.66172415426037e-07,9.774169978561981e-07,True,263,0.5993378162384033,c1.50_beta6_rho0.75,1.5,6,0.75,800
True,4,4,0.35654714495222123,0.5085034662943211,0.4781774614265619,0.09100364266232314,-5.734084079575865,0.3961897061779495,141.93013050404326,9.413074620538395e-27,equivalent,True,1.0,1.0,6.516201036492889e-07,7.438820661076425e-07,True,264,0.5933208465576172,c1.50_beta6_rho0.75,1.5,6,0.75,800
True,4,4,0.3903643590307487,0.609537331205949,0.5793986601707607,0.10029317019982828,-4.1937186649022635,0.4313833112593745,170.7336069934454,9.051771291425222e-33,equivalent,True,1.0,1.0,7.297041428980301e-07,7.939567661844769e-07,True,265,0.58909010887146,c1.50_beta6_rho0.75,1.5,6,0.75,800
True,4,4,0.3823617691546361,0.584802090044253,0.5556254542028376,0.09793315475756754,-4.53752916361376,0.42329397556681053,170.68780076188625,9.25411330848088e-33,equivalent,True,1.0,1.0,7.052897577361195e-07,8.217249288263604e-07,True,266,0.5892338752746582,c1.50_beta6_rho0.75,1.5,6,0.75,800
True,4,4,0.3628276471890763,0.5265756062590432,0.49807177618311077,0.09141713644185649,-5.490526649083213,0.4026287324027608,143.65247824520407,4.1230720739514794e-27,equivalent,True,1.0,1.0,8.610290666392462e-07,5.175984113457637e-07,True,267,0.5828561782836914,c1.50_beta6_rho0.75,1.5,6,0.75,800
True,4,4,0.4359788118419663,0.7603100975005306,0.731264445035605,0.11015184581332599,-2.4396827214300196,0.4776107484492611,200.70621208143388,4.53614982064737e-39,equivalent,True,1.0,1.0,5.35325681435273e-07,8.800932737002771e-07,True,268,0.5783991813659668,c1.50_beta6_rho0.75,1.5,6,0.75,800
True,4,4,0.3656103564173176,0.534683730878392,0.5077435342715737,0.08970068407540077,-5.487767131348122,0.40474931433327493,152.3767950550764,6.25928464402847e-29,equivalent,True,1.0,1.0,8.996780087819124e-07,9.983286483918074e-07,True,269,0.5698840618133545,c1.50_beta6_rho0.75,1.5,6,0.75,800
True,4,4,0.4215739720070377,0.7108984554951625,0.6800740804414414,0.10655343245050419,-3.0024928545325786,0.46242266387791314,202.9798224766903,1.504902988334887e-39,equivalent,True,1.0,1.0,8.89652879277349e-07,7.107693682393667e-07,True,270,0.5991261005401611,c1.50_beta6_rho0.75,1.5,6,0.75,800
True,4,4,0.4259277116575138,0.7256576622312249,0.6970518153666786,0.1024997099044816,-2.9556004101439473,0.4652012561689131,235.28687242106622,2.2530861069820472e-46,equivalent,True,1.0,1.0,6.756786355582031e-07,8.919327518227704e-07,True,271,0.5820791721343994,c1.50_beta6_rho0.75,1.5,6,0.75,800
True,4,4,0.42968134880930564,0.7385042460583366,0.7079600752591717,0.10684128273261105,-2.7333996491946766,0.4700261553015041,209.25338439943005,7.15306554929618e-41,equivalent,True,1.0,1.0,6.855653561162731e-07,7.103727477840759e-07,True,272,0.594904899597168,c1.50_beta6_rho0.75,1.5,6,0.75,800
True,4,4,0.39443638648504803,0.6223202519335288,0.5911670560106946,0.10012608192327051,-4.0831812863965435,0.434700990628796,166.47604215902936,7.059029526219152e-32,equivalent,True,1.0,1.0,9.603924861754442e-07,9.7796141069978e-07,True,273,0.6009218692779541,c1.50_beta6_rho0.75,1.5,6,0.75,800
True,4,4,0.45098296644415736,0.813542544091088,0.7834352224267439,0.1133400799749772,-1.9107519389528262,0.4924081295156882,231.45104438382486,1.4604499690555653e-45,equivalent,True,1.0,1.0,8.27634643510254e-07,9.859280761897645e-07,True,274,0.6023709774017334,c1.50_beta6_rho0.75,1.5,6,0.75,800
True,4,4,0.39508773925712043,0.6243772868452095,0.5940501170520592,0.10296302572453402,-3.9426763160011826,0.43686646225046755,170.35719293035694,1.0854987583904623e-32,equivalent,True,1.0,1.0,9.53080820156936e-07,5.81657122234157e-07,True,275,0.6078379154205322,c1.50_beta6_rho0.75,1.5,6,0.75,800
True,4,4,0.4796205369953544,0.9201434380308485,0.8896091258030947,0.12209765223216489,-0.9041195484004925,0.5221211286472304,253.80387553544438,2.6899788075078144e-50,inconclusive,True,1.0,1.0,9.524151784876042e-07,6.55572030791318e-07,True,276,0.5965030193328857,c1.50_beta6_rho0.75,1.5,6,0.75,800
True,4,4,0.4195404959420143,0.7040569109410852,0.674684415690055,0.10279493795292825,-3.164704320935659,0.4592839650516281,204.28827804109858,7.973880440148273e-40,equivalent,True,1.0,1.0,6.820105833898094e-07,9.602208902931264e-07,True,277,0.5938138961791992,c1.50_beta6_rho0.75,1.5,6,0.75,800
True,4,4,0.3816061452722082,0.5824930004380546,0.5502785856042531,0.09991138387184283,-4.501202935719601,0.42267546289665153,149.49139203167937,2.503273660011807e-28,equivalent,True,1.0,1.0,9.827158023812668e-07,8.086631144325862e-07,True,278,0.6046900749206543,c1.50_beta6_rho0.75,1.5,6,0.75,800
True,4,4,0.4516276699680446,0.81587020912306,0.7858313874092274,0.11731355050732481,-1.8256084797075538,0.4946703464055015,203.10229716415088,1.4180500196012142e-39,equivalent,True,1.0,1.0,8.559243831052544e-07,8.26771399427692e-07,True,279,0.5985369682312012,c1.50_beta6_rho0.75,1.5,6,0.75,800
True,4,4,0.4375716671116619,0.7658758554355162,0.7345752968104287,0.11214258576668053,-2.366850214616984,0.47933115790246456,202.09393467219195,2.3133143062902923e-39,equivalent,True,1.0,1.0,9.433533094044653e-07,8.650123146521153e-07,True,280,0.5958719253540039,c1.50_beta6_rho0.75,1.5,6,0.75,800
True,4,4,0.426893502737236,0.7289522507170659,0.7008146040690517,0.10858336782344093,-2.755351965297583,0.4688865402365599,199.9027063029627,6.698733810315712e-39,equivalent,True,1.0,1.0,8.603422752983605e-07,9.441311792527339e-07,True,281,0.5761511325836182,c1.50_beta6_rho0.75,1.5,6,0.75,800
True,4,4,0.4657262147404769,0.8676036283859712,0.8380028943586136,0.11406523026670806,-1.420214602316619,0.5063653577388226,258.7570399486699,2.3942341438084198e-51,inconclusive,True,1.0,1.0,6.560049892928035e-07,9.575830691519078e-07,True,282,0.5939221382141113,c1.50_beta6_rho0.75,1.5,6,0.75,800
True,4,4,0.3491592166365931,0.48764863424911736,0.45822739965874904,0.08937437679224336,-6.0618336013758976,0.388984308000335,129.83650565650782,3.0586487417494475e-24,equivalent,True,1.0,1.0,9.801363253635028e-07,9.081696914109967e-07,True,283,0.5891687870025635,c1.50_beta6_rho0.75,1.5,6,0.75,800
True,4,4,0.41337484926227247,0.6835150640104259,0.6552659967566626,0.10521758915292587,-3.276391390628542,0.45506415204175954,185.16843931571543,8.44871596248438e-36,equivalent,True,1.0,1.0,7.49032044130731e-07,7.568816705099719e-07,True,284,0.5812368392944336,c1.50_beta6_rho0.75,1.5,6,0.75,800
True,4,4,0.45529928985724843,0.8291897733780589,0.794844555608458,0.12595272893039072,-1.6288288958385617,0.5005043352994174,195.87417537200247,4.726322364837969e-38,inconclusive,True,1.0,1.0,9.372099867373465e-07,7.421627007743731e-07,True,285,0.6236579418182373,c1.50_beta6_rho0.75,1.5,6,0.75,800
True,4,4,0.4291664425178181,0.7367353415335988,0.7076850858325808,0.10573576725739466,-2.7645793069797397,0.4694691007149467,209.36054896047438,6.790196703151048e-41,equivalent,True,1.0,1.0,8.273340780019309e-07,9.51938936749218e-07,True,286,0.5841748714447021,c1.50_beta6_rho0.75,1.5,6,0.75,800
True,4,4,0.4089517286789785,0.6689660655580993,0.63668261551925,0.10619553934489841,-3.4212113495725998,0.4503772678479604,169.74769782642198,1.456683860057598e-32,equivalent,True,1.0,1.0,9.91493526545578e-07,8.616800327838503e-07,True,287,0.6120178699493408,c1.50_beta6_rho0.75,1.5,6,0.75,800
True,4,4,0.5010984962016104,1.0043988115820612,0.9711077244124068,0.14275210543555641,-0.20239474226624463,0.5490705880834086,231.69081110020664,1.2994490306485938e-45,inconclusive,True,1.0,1.0,6.214568663254623e-07,9.091804349322472e-07,True,288,0.6218879222869873,c1.50_beta6_rho0.75,1.5,6,0.75,800
True,4,4,0.3881294176272798,0.6025777793107655,0.5736357636269653,0.0960765084920575,-4.437757398399647,0.42768784092050127,168.23865354114895,3.016859237480889e-32,equivalent,True,1.0,1.0,9.502357554222845e-07,9.44435314762435e-07,True,289,0.5899949073791504,c1.50_beta6_rho0.75,1.5,6,0.75,800
True,4,4,0.42368242209357004,0.7180271791642961,0.6894009891336621,0.11076604291259244,-2.8040995480125384,0.4667962394239863,185.8799392843701,5.987323096692149e-36,equivalent,True,1.0,1.0,9.616553000472563e-07,6.912760834140553e-07,True,290,0.5908942222595215,c1.50_beta6_rho0.75,1.5,6,0.75,800
True,4,4,0.44779630642078994,0.802086128176408,0.7736162771807479,0.1145574772586632,-1.9761584161642514,0.49041986071734256,212.5988568706676,1.4076660264881873e-41,equivalent,True,1.0,1.0,7.049915455796823e-07,9.781264967437866e-07,True,291,0.5867340564727783,c1.50_beta6_rho0.75,1.5,6,0.75,800
True,4,4,0.40131685175213805,0.6442208620009902,0.6134594307131704,0.10440673805305323,-3.7022569280003066,0.4430556490097794,167.33894978397225,4.6560885613421114e-32,equivalent,True,1.0,1.0,8.234242194133124e-07,9.615071536471203e-07,True,292,0.593468189239502,c1.50_beta6_rho0.75,1.5,6,0.75,800
True,4,4,0.44905471570426503,0.8066005507849531,0.7760909973191943,0.11502719630814075,-1.9465744612342528,0.4912468570802002,220.1934156671502,3.5048207532035253e-43,equivalent,True,1.0,1.0,7.788878369954237e-07,7.210846695277365e-07,True,293,0.59881591796875,c1.50_beta6_rho0.75,1.5,6,0.75,800
True,4,4,0.45416195210900756,0.825052314973858,0.7933797455122062,0.12145603148631268,-1.7011938555812154,0.49828634825208684,200.4402452078631,5.160967082212449e-39,equivalent,True,1.0,1.0,9.520220988193226e-07,9.16146524932705e-07,True,294,0.6071312427520752,c1.50_beta6_rho0.75,1.5,6,0.75,800
True,4,4,0.4189645945729375,0.7021253260226636,0.6725525172053743,0.10479178148773755,-3.1247439269170423,0.45959755739673636,198.67323818415798,1.216219247816831e-38,equivalent,True,1.0,1.0,8.502940203490488e-07,9.614477825216197e-07,True,295,0.6008281707763672,c1.50_beta6_rho0.75,1.5,6,0.75,800
True,4,4,0.42953067993061433,0.7379864200066235,0.7073750709192286,0.11277164069655428,-2.5948450095548936,0.47245844080094074,189.10327121483908,1.2573413562089527e-36,equivalent,True,1.0,1.0,8.590293621028289e-07,8.527630562016983e-07,True,296,0.5955080986022949,c1.50_beta6_rho0.75,1.5,6,0.75,800
True,4,4,0.4160666737656863,0.6924459080737682,0.6619383196074393,0.10748112315592435,-3.145312129853071,0.45791075409387344,183.70928305868472,1.7117794936879408e-35,equivalent,True,1.0,1.0,8.444561442910919e-07,9.743608877866088e-07,True,297,0.5859920978546143,c1.50_beta6_rho0.75,1.5,6,0.75,800
True,4,4,0.42825479536317473,0.7336086790062187,0.7036430421374644,0.10744178289627505,-2.758302681449733,0.46913991740751904,204.51725370166145,7.134990249529165e-40,equivalent,True,1.0,1.0,8.40148254262399e-07,7.518943463426393e-07,True,298,0.6051299571990967,c1.50_beta6_rho0.75,1.5,6,0.75,800
True,4,4,0.46133511257458787,0.8513203443768306,0.8192644913994379,0.12015534583666908,-1.5041820015752068,0.5042079054805892,226.10922358329833,1.9692188173379657e-44,inconclusive,True,1.0,1.0,9.65851380536369e-07,7.942896828069021e-07,True,299,0.6207218170166016,c1.50_beta6_rho0.75,1.5,6,0.75,800
True,4,4,0.4093104964300924,0.6701403299513947,0.6411417699652544,0.10473887657168186,-3.4262180556151747,0.45094952349930695,183.50971241550954,1.885313073065598e-35,equivalent,True,1.0,1.0,9.399762248422936e-07,8.757896320842066e-07,True,300,0.6008050441741943,c1.50_beta6_rho0.75,1.5,6,0.75,800
True,4,4,0.4399499081991384,0.774223686897721,0.7422790963431445,0.11118199755247038,-2.318009294042668,0.4809254641493407,209.15936368973684,7.487358973693245e-41,equivalent,True,1.0,1.0,8.360009639047287e-07,9.79968167051114e-07,True,301,0.6112806797027588,c1.50_beta6_rho0.75,1.5,6,0.75,800
True,4,4,0.3845180330990956,0.5914164711135887,0.5612114265438399,0.09898601468115534,-4.432834020740662,0.4254494481749888,152.2816171082523,6.552229321997819e-29,equivalent,True,1.0,1.0,5.56937566725206e-07,7.91952107343969e-07,True,302,0.5921280384063721,c1.50_beta6_rho0.75,1.5,6,0.75,800
True,4,4,0.45546417264700295,0.8297904502600757,0.8009436125070619,0.11447820681301148,-1.7388146882670557,0.4973036060070208,220.1599613707444,3.5623301788283706e-43,equivalent,True,1.0,1.0,6.104873562597266e-07,8.900828226587383e-07,True,303,0.5958857536315918,c1.50_beta6_rho0.75,1.5,6,0.75,800
True,4,4,0.3946479749101173,0.6229880964026264,0.5910901345331273,0.10412017929783525,-3.927287373345642,0.4365640242536051,162.90955219376536,3.9384882783689196e-31,equivalent,True,1.0,1.0,7.474552338595973e-07,9.88554205899259e-07,True,304,0.6004290580749512,c1.50_beta6_rho0.75,1.5,6,0.75,800
True,4,4,0.4551024515900713,0.8284729657731726,0.8000281477395901,0.10726623032833685,-1.8642572937289354,0.494081318141196,265.84990192165105,7.480549907221317e-53,equivalent,True,1.0,1.0,7.20413228932822e-07,8.28912471277174e-07,True,305,0.5773630142211914,c1.50_beta6_rho0.75,1.5,6,0.75,800
True,4,4,0.4266800098894541,0.7282233233570585,0.6956453407030768,0.11309114466843882,-2.6912333427098263,0.4694847495358747,184.2979964362097,1.2874580377555194e-35,equivalent,True,1.0,1.0,8.652757029796747e-07,9.879823547544629e-07,True,306,0.5952351093292236,c1.50_beta6_rho0.75,1.5,6,0.75,800
True,4,4,0.4715659047540725,0.8894976101061078,0.8584932139564734,0.1296649081205675,-1.09132677525941,0.5176323522460025,201.8000802127949,2.6678871168679945e-39,inconclusive,True,1.0,1.0,7.427441106085178e-07,7.83884303083719e-07,True,307,0.6047790050506592,c1.50_beta6_rho0.75,1.5,6,0.75,800
True,4,4,0.3809921185438953,0.5806199775702623,0.5511022421507409,0.0950818490753336,-4.721171939910384,0.4205644916239232,163.38324583070147,3.1347598697399967e-31,equivalent,True,1.0,1.0,8.19847872573623e-07,8.111359071771261e-07,True,308,0.5855379104614258,c1.50_beta6_rho0.75,1.5,6,0.75,800
True,4,4,0.4886780438000903,0.9552249219691318,0.9212594804919881,0.12843003513929374,-0.6131005058326956,0.5320968167543292,252.8776482863825,4.2281562546496686e-50,inconclusive,True,1.0,1.0,7.7098128153918e-07,8.80130424964496e-07,True,309,0.6202518939971924,c1.50_beta6_rho0.75,1.5,6,0.75,800
True,4,4,0.3928329084626122,0.6172707758847802,0.588766585587872,0.09508242016864363,-4.325020478893373,0.43161419382985694,190.56330046883843,6.199060833635064e-37,equivalent,True,1.0,1.0,9.77351436947113e-07,7.107709838110111e-07,True,310,0.5879659652709961,c1.50_beta6_rho0.75,1.5,6,0.75,800
True,4,4,0.4304946927080332,0.7413027217991357,0.7110032806119841,0.11051608737035876,-2.6149742201742745,0.4724367861840366,193.63819037367884,1.397198015835214e-37,equivalent,True,1.0,1.0,7.319275941287281e-07,9.903278159929488e-07,True,311,0.6005129814147949,c1.50_beta6_rho0.75,1.5,6,0.75,800
True,4,4,0.39899892717191454,0.6368005755373551,0.6082716870872525,0.10111564624595427,-3.874062298528017,0.44005457745501647,176.0238686975411,7.034960734288019e-34,equivalent,True,1.0,1.0,8.594424714550058e-07,7.306502415890291e-07,True,312,0.5843701362609863,c1.50_beta6_rho0.75,1.5,6,0.75,800
True,4,4,0.37334172452339653,0.5575361730804148,0.5281448080263152,0.0976553361398096,-4.831842381845338,0.41496190845276576,152.53563824333875,5.79924925988248e-29,equivalent,True,1.0,1.0,8.307766718500054e-07,9.80094078146957e-07,True,313,0.5982680320739746,c1.50_beta6_rho0.75,1.5,6,0.75,800
True,4,4,0.47237986172005014,0.8925709350346148,0.8634845563010181,0.12035521322975269,-1.1342711298959696,0.5151337848812905,228.6227988454305,5.791006210521509e-45,inconclusive,True,1.0,1.0,9.576097479525333e-07,8.579087810236914e-07,True,314,0.6053729057312012,c1.50_beta6_rho0.75,1.5,6,0.75,800
True,4,4,0.3999271334262272,0.6397668482020773,0.6104349917206134,0.10046875730305474,-3.8774741395904764,0.44036671978189107,185.53934401428504,7.060386965632881e-36,equivalent,True,1.0,1.0,8.433317427445512e-07,9.889646680791062e-07,True,315,0.5920650959014893,c1.50_beta6_rho0.75,1.5,6,0.75,800
True,4,4,0.43300949615595385,0.749988895044932,0.7173699152306127,0.11585064543784854,-2.4396073384072126,0.4764260880671122,187.87402505286462,2.2802097207148223e-36,equivalent,True,1.0,1.0,6.988445823684458e-07,8.08383020965306e-07,True,316,0.6147959232330322,c1.50_beta6_rho0.75,1.5,6,0.75,800
True,4,4,0.46198864049147703,0.8537340157726528,0.821907104965598,0.12325966627202375,-1.4448594614994807,0.5061252844133467,211.02503243538007,3.0245632032228895e-41,inconclusive,True,1.0,1.0,8.702769467327149e-07,7.832427164979515e-07,True,317,0.6036920547485352,c1.50_beta6_rho0.75,1.5,6,0.75,800
True,4,4,0.3680170504969518,0.5417461978259039,0.5115100132953394,0.09878502028997878,-4.944980375270676,0.4104865747523863,138.79982239108762,4.215333087431193e-26,equivalent,True,1.0,1.0,7.568419425560284e-07,8.262569153691369e-07,True,318,0.6028800010681152,c1.50_beta6_rho0.75,1.5,6,0.75,800
True,4,4,0.386631706655284,0.5979363063647103,0.5681920100730729,0.09663108399917689,-4.468624091297634,0.4263613488185143,167.09607343063186,5.23469850815544e-32,equivalent,True,1.0,1.0,7.668172879912979e-07,5.728851932928671e-07,True,319,0.5934951305389404,c1.50_beta6_rho0.75,1.5,6,0.75,800
True,4,4,0.4068106939113262,0.6619797627224588,0.6332866254063051,0.10431131001647732,-3.5155667639086094,0.44857091468879456,170.50865882881533,1.0089812058650313e-32,equivalent,True,1.0,1.0,8.912941057043222e-07,9.74724442128802e-07,True,320,0.576030969619751,c1.50_beta6_rho0.75,1.5,6,0.75,800
True,4,4,0.4320515952277949,0.7466743237555293,0.7168190969789555,0.10916514262770008,-2.5940597539162544,0.47338667539517915,198.45972125436097,1.3489310548182142e-38,equivalent,True,1.0,1.0,9.599248277865364e-07,9.153747327099302e-07,True,321,0.5848860740661621,c1.50_beta6_rho0.75,1.5,6,0.75,800
True,4,4,0.42534338170143543,0.7236679694288519,0.6912190886704278,0.11790239610002642,-2.6189536561038813,0.4704123915570851,178.72739672294938,1.904716594046491e-34,equivalent,True,1.0,1.0,8.945203997293069e-07,8.716501806151894e-07,True,322,0.6098871231079102,c1.50_beta6_rho0.75,1.5,6,0.75,800
True,4,4,0.41051630741541073,0.674094554615936,0.6444730305270986,0.1061974276700281,-3.3477926657280146,0.4525351518399043,185.08024041941036,8.817163607936751e-36,equivalent,True,1.0,1.0,9.7709881169584e-07,9.891767872980516e-07,True,323,0.5952942371368408,c1.50_beta6_rho0.75,1.5,6,0.75,800
True,4,4,0.402547525668282,0.6481780416866246,0.6177983410947593,0.10521220202718917,-3.6326742672534436,0.4446507093210165,175.76261430068502,7.981406316906022e-34,equivalent,True,1.0,1.0,8.559331430696473e-07,8.504528755241129e-07,True,324,0.5943360328674316,c1.50_beta6_rho0.75,1.5,6,0.75,800
True,4,4,0.406391475925678,0.6606161268202035,0.6324704131631014,0.10448277364306245,-3.5176094012632695,0.44842203401032893,182.8482153266616,2.5964064127774403e-35,equivalent,True,1.0,1.0,8.076555901467918e-07,8.189706202291878e-07,True,325,0.5761182308197021,c1.50_beta6_rho0.75,1.5,6,0.75,800
True,4,4,0.3602477217200026,0.5191136840178097,0.48732111788269533,0.09649162228322236,-5.313195798620619,0.4018817340853168,133.14000827628553,6.315579576458556e-25,equivalent,True,1.0,1.0,9.775756317608863e-07,7.869142712581578e-07,True,326,0.6037008762359619,c1.50_beta6_rho0.75,1.5,6,0.75,800
True,4,4,0.4366630288862937,0.7626984031846088,0.7310579133275116,0.11906977488877783,-2.258693164774227,0.48138089503365555,182.90070151602538,2.5313094785514194e-35,equivalent,True,1.0,1.0,6.575083852046998e-07,5.840044437801504e-07,True,327,0.6072721481323242,c1.50_beta6_rho0.75,1.5,6,0.75,800
True,4,4,0.40344879512853166,0.6510837211626557,0.6198047457518321,0.10059257278832842,-3.7795559225649042,0.4430758411229092,183.45370321529427,1.93710154725781e-35,equivalent,True,1.0,1.0,8.777130205040136e-07,6.962356108863196e-07,True,328,0.6056840419769287,c1.50_beta6_rho0.75,1.5,6,0.75,800
True,4,4,0.3867964587111452,0.5984460018859307,0.567753358337232,0.10072506972402129,-4.291351128841009,0.42820303437672186,161.23486404231505,8.824473350138862e-31,equivalent,True,1.0,1.0,9.365770889964178e-07,8.188060231243006e-07,True,329,0.5963897705078125,c1.50_beta6_rho0.75,1.5,6,0.75,800
True,4,4,0.450730363377433,0.8126314418814111,0.7840752220624249,0.11042382576095458,-1.955418375061637,0.49135177123095536,228.8119878895206,5.2812941724732134e-45,equivalent,True,1.0,1.0,6.949673828972047e-07,9.138372234262112e-07,True,330,0.5879850387573242,c1.50_beta6_rho0.75,1.5,6,0.75,800
True,4,4,0.38577319430580553,0.5952838297796192,0.5653791681655207,0.09918290587259099,-4.382013493260495,0.42676707072524894,172.84332719981842,3.2690839624891775e-33,equivalent,True,1.0,1.0,7.961416302142991e-07,8.062247661796806e-07,True,331,0.6004760265350342,c1.50_beta6_rho0.75,1.5,6,0.75,800
True,4,4,0.3892787607618343,0.6061518143210778,0.5737312768101073,0.10557945203317483,-4.037421249884418,0.43225976606041644,142.57234378565178,6.919503087880409e-27,equivalent,True,1.0,1.0,6.640459900830256e-07,8.176839243666761e-07,True,332,0.6064209938049316,c1.50_beta6_rho0.75,1.5,6,0.75,800
True,4,4,0.36303281101271195,0.5271712874871658,0.5011087378537682,0.08308247564581164,-6.004771262149817,0.3993016557866649,172.74726678665297,3.424281868881351e-33,equivalent,True,1.0,1.0,9.063229467462511e-07,8.646709247588223e-07,True,333,0.5672240257263184,c1.50_beta6_rho0.75,1.5,6,0.75,800
True,4,4,0.4084912891139267,0.6674605331278305,0.6371005287650088,0.10615433730657947,-3.4186023900928126,0.45047443753790456,170.88509882133377,8.413552169546414e-33,equivalent,True,1.0,1.0,6.224902245590265e-07,6.928745159792162e-07,True,334,0.6048398017883301,c1.50_beta6_rho0.75,1.5,6,0.75,800
True,4,4,0.39001945478556505,0.6084607004449176,0.5795443064349737,0.09767673597247893,-4.30456330649186,0.43017677757756956,171.14077007057008,7.436796747720676e-33,equivalent,True,1.0,1.0,8.435773684464608e-07,9.261143862848325e-07,True,335,0.5833070278167725,c1.50_beta6_rho0.75,1.5,6,0.75,800
True,4,4,0.4650961238158665,0.8652576175541753,0.8356011359856571,0.12268193105103496,-1.3400413785951408,0.509262936810731,213.61279812984998,8.599345640780322e-42,inconclusive,True,1.0,1.0,8.975342365791608e-07,8.835606018698208e-07,True,336,0.59529709815979,c1.50_beta6_rho0.75,1.5,6,0.75,800
True,4,4,0.3685152680902166,0.5432140112624169,0.5123709279603083,0.10118639651567163,-4.81911688558025,0.4119489468572715,131.15139009056523,1.6327893704562622e-24,equivalent,True,1.0,1.0,9.984930492874393e-07,7.393821781356383e-07,True,337,0.5995008945465088,c1.50_beta6_rho0.75,1.5,6,0.75,800
True,4,4,0.42576884995342984,0.7251164543626649,0.6946403364061119,0.10903102079811243,-2.8006677490372955,0.467434596070966,198.51021579790338,1.316294549837554e-38,equivalent,True,1.0,1.0,9.558984704866456e-07,9.357860271875447e-07,True,338,0.6048111915588379,c1.50_beta6_rho0.75,1.5,6,0.75,800
True,4,4,0.37430429382385505,0.5604148174998993,0.5323736127985054,0.09339821036064888,-5.006802436532745,0.4141255841713342,163.30135952837145,3.2609233973664315e-31,equivalent,True,1.0,1.0,8.136941674781844e-07,9.981840777734493e-07,True,339,0.5826842784881592,c1.50_beta6_rho0.75,1.5,6,0.75,800
True,4,4,0.3936764163207091,0.6199244830684651,0.5916725603601352,0.1010455547298158,-4.041023286295824,0.43528085977469655,161.27032352447247,8.67504578598295e-31,equivalent,True,1.0,1.0,9.136130405063519e-07,9.121072270947734e-07,True,340,0.5811629295349121,c1.50_beta6_rho0.75,1.5,6,0.75,800
True,4,4,0.3479141568212606,0.4841770420665949,0.45458727320356357,0.08966295285580295,-6.082921757814242,0.387965754420287,127.54843007981033,9.111275052255439e-24,equivalent,True,1.0,1.0,9.133424165535415e-07,7.434616977955361e-07,True,341,0.5908620357513428,c1.50_beta6_rho0.75,1.5,6,0.75,800
True,4,4,0.37709226309328653,0.5687942995392657,0.54008122455735,0.09445579210967556,-4.869143174498225,0.41696737785932486,153.16855592460627,4.278178034180337e-29,equivalent,True,1.0,1.0,9.500632936331082e-07,9.044056084548645e-07,True,342,0.5806028842926025,c1.50_beta6_rho0.75,1.5,6,0.75,800
True,4,4,0.4273330001102264,0.730453971932827,0.7003671244287251,0.10833570052630272,-2.765781493225563,0.46865858958514317,210.69821573988068,3.5451121960084237e-41,equivalent,True,1.0,1.0,7.223726440523294e-07,8.870643197660225e-07,True,343,0.5949947834014893,c1.50_beta6_rho0.75,1.5,6,0.75,800
True,4,4,0.4388248279455167,0.7702689184856493,0.7415662736769141,0.10670631083262311,-2.4219160451386865,0.4788221319207596,230.67019971552853,2.1363894362493374e-45,equivalent,True,1.0,1.0,8.42375642189192e-07,6.292196312025924e-07,True,344,0.589850902557373,c1.50_beta6_rho0.75,1.5,6,0.75,800
True,4,4,0.4166407556973322,0.6943580772321762,0.6642088461123122,0.1065568188383082,-3.15128733710815,0.45811549200363066,181.8257811501025,4.257617355524601e-35,equivalent,True,1.0,1.0,9.229797103721053e-07,7.893572287742905e-07,True,345,0.597877025604248,c1.50_beta6_rho0.75,1.5,6,0.75,800
True,4,4,0.40548802913516313,0.6576821670876756,0.6258604806053788,0.10614521476744992,-3.524789320124428,0.44734042464860074,159.28755210319468,2.2537762843160277e-30,equivalent,True,1.0,1.0,9.693157608058093e-07,6.976436063552737e-07,True,346,0.6025171279907227,c1.50_beta6_rho0.75,1.5,6,0.75,800
True,4,4,0.43058888447630855,0.7416271497382072,0.7120000532667293,0.11269326794489988,-2.5556091502651697,0.4736464883694674,199.5299609848954,8.026500875344353e-39,equivalent,True,1.0,1.0,8.05604925590725e-07,8.737160352951331e-07,True,347,0.5935389995574951,c1.50_beta6_rho0.75,1.5,6,0.75,800
True,4,4,0.36148266016249697,0.5226788543926211,0.4924557857862414,0.09196341048692666,-5.5189799021852295,0.40116148091276466,139.4805081136246,3.043013120168065e-26,equivalent,True,1.0,1.0,7.996007154883902e-07,8.465549864735618e-07,True,348,0.5925600528717041,c1.50_beta6_rho0.75,1.5,6,0.75,800
True,4,4,0.46393477207783673,0.8609418909716572,0.828363040053038,0.12820262478462233,-1.3387944297966479,0.5097150165569783,204.475285819776,7.281852010246463e-40,inconclusive,True,1.0,1.0,9.327533319818295e-07,7.216362460176408e-07,True,349,0.6153609752655029,c1.50_beta6_rho0.75,1.5,6,0.75,800
True,4,4,0.4332979339136729,0.7509883981354306,0.7206980879020867,0.1128377854912913,-2.475251626765305,0.4759988783139644,200.10755729013772,6.065000917172966e-39,equivalent,True,1.0,1.0,7.569970686343277e-07,8.932184148238115e-07,True,350,0.6037797927856445,c1.50_beta6_rho0.75,1.5,6,0.75,800
True,4,4,0.4191423036677429,0.7027210828956096,0.6710325617870867,0.11383138917288649,-2.889953646382013,0.4632139179496428,167.40433517660628,4.511550332205598e-32,equivalent,True,1.0,1.0,9.115366955497518e-07,7.811907906809951e-07,True,351,0.605745792388916,c1.50_beta6_rho0.75,1.5,6,0.75,800
True,4,4,0.4675189145552829,0.8742957418677997,0.8444165804293797,0.11693151506853941,-1.3305516436644564,0.5091050498410906,249.8254818680435,1.875971705371895e-49,inconclusive,True,1.0,1.0,9.763304640262547e-07,9.613037387740255e-07,True,352,0.5913870334625244,c1.50_beta6_rho0.75,1.5,6,0.75,800
True,4,4,0.3974684237056917,0.631924591372349,0.5985672613989714,0.10452646114197461,-3.840489137537878,0.43889007454052503,163.15355071921073,3.5016415494782437e-31,equivalent,True,1.0,1.0,9.867425488003928e-07,7.351946116935342e-07,True,353,0.6104569435119629,c1.50_beta6_rho0.75,1.5,6,0.75,800
True,4,4,0.4229598988327828,0.7155803040825515,0.6850228783926352,0.11496053182666134,-2.739871820376497,0.46747088843156565,183.94247029824845,1.5291370814035747e-35,equivalent,True,1.0,1.0,8.316060997754288e-07,7.870829824489175e-07,True,354,0.6119210720062256,c1.50_beta6_rho0.75,1.5,6,0.75,800
True,4,4,0.4948424405645219,0.9794761639354097,0.948218932119123,0.13498623357227277,-0.3836025830971347,0.5408908226248146,233.8617501039309,4.512235039394045e-46,inconclusive,True,1.0,1.0,9.976286565391138e-07,9.315388414216681e-07,True,355,0.6055159568786621,c1.50_beta6_rho0.75,1.5,6,0.75,800
True,4,4,0.4080478874227827,0.6660123137207838,0.6369227223177383,0.10619647365569868,-3.4189202822251943,0.45044432985102906,176.5390997661205,5.484600928666618e-34,equivalent,True,1.0,1.0,9.58965951944279e-07,9.582241698400842e-07,True,356,0.5870969295501709,c1.50_beta6_rho0.75,1.5,6,0.75,800
True,4,4,0.3859205596683939,0.5957387134990655,0.5673911400508715,0.0984396243365307,-4.39466183322876,0.4269982181393016,162.36136099208537,5.128977676631352e-31,equivalent,True,1.0,1.0,8.609181855179228e-07,9.245808407870024e-07,True,357,0.5782499313354492,c1.50_beta6_rho0.75,1.5,6,0.75,800
True,4,4,0.4499561894731978,0.8098422897809612,0.7785783783635271,0.11916820883981977,-1.8580594924783786,0.4936072930202245,194.74562160604444,8.168364286793455e-38,equivalent,True,1.0,1.0,8.036951106779474e-07,6.425250878726823e-07,True,358,0.6010398864746094,c1.50_beta6_rho0.75,1.5,6,0.75,800
True,4,4,0.46847815039078,0.8778871095742651,0.8466625382853646,0.1230855227630796,-1.2457798307424506,0.5121328457606078,243.4359851380848,4.2384584654872083e-48,inconclusive,True,1.0,1.0,9.850593035090793e-07,7.701836033407847e-07,True,359,0.6076369285583496,c1.50_beta6_rho0.75,1.5,6,0.75,800
True,4,4,0.37593199528956694,0.56529946032958,0.5375845819726633,0.0887551486763978,-5.210012319547884,0.4133926130761329,185.20602691009884,8.296410430032813e-36,equivalent,True,1.0,1.0,8.510099009809093e-07,7.59024828241621e-07,True,360,0.5699551105499268,c1.50_beta6_rho0.75,1.5,6,0.75,800
True,4,4,0.4396273102115673,0.7730886875354306,0.7426657388628777,0.1172495244760078,-2.194757396988671,0.48361245963466826,196.02673054776537,4.3893508393081384e-38,equivalent,True,1.0,1.0,8.100306290844529e-07,8.590307316901673e-07,True,361,0.5981800556182861,c1.50_beta6_rho0.75,1.5,6,0.75,800
True,4,4,0.47320146533707486,0.8956785071886195,0.8652696784721499,0.12562538693462907,-1.072476868055013,0.5176642376600774,217.7740796575153,1.1369887385772871e-42,inconclusive,True,1.0,1.0,8.396489992779634e-07,8.865146401335052e-07,True,362,0.5994386672973633,c1.50_beta6_rho0.75,1.5,6,0.75,800
True,4,4,0.3900226656193283,0.6084707187872255,0.5777854305816739,0.10651945665425903,-3.9637319103940856,0.4338762338502571,140.1901600149264,2.1663121792670437e-26,equivalent,True,1.0,1.0,8.276587813327944e-07,9.67140368717098e-07,True,363,0.5983290672302246,c1.50_beta6_rho0.75,1.5,6,0.75,800
True,4,4,0.4179920071266284,0.6988692720869893,0.6694366496088566,0.10288856496018998,-3.212828855364502,0.4578955336251538,205.21081536903736,5.095136142225605e-40,equivalent,True,1.0,1.0,8.184807197252362e-07,9.763614723836222e-07,True,364,0.5905270576477051,c1.50_beta6_rho0.75,1.5,6,0.75,800
True,4,4,0.4172714449997498,0.6964618352487169,0.667154231774487,0.1027151492079149,-3.2404739786900394,0.4571940554873793,211.66353362574588,2.2177495525046892e-41,equivalent,True,1.0,1.0,7.50496815512337e-07,7.44357588129805e-07,True,365,0.6014940738677979,c1.50_beta6_rho0.75,1.5,6,0.75,800
True,4,4,0.399013987521186,0.6368486489502286,0.6080688283480264,0.10354915786628606,-3.7849769107545783,0.4411326433829619,166.29661211364555,7.696970108764082e-32,equivalent,True,1.0,1.0,7.399718280278229e-07,9.203529379459732e-07,True,366,0.5801610946655273,c1.50_beta6_rho0.75,1.5,6,0.75,800
True,4,4,0.3893654765966275,0.6064218974612755,0.5772377576281867,0.09799077385211147,-4.314306600025934,0.42965632702388246,172.01774284626717,4.870061947501356e-33,equivalent,True,1.0,1.0,8.737762954698401e-07,9.478513261560184e-07,True,367,0.5947141647338867,c1.50_beta6_rho0.75,1.5,6,0.75,800
True,4,4,0.44199173070963,0.7814267600627762,0.7512078653113854,0.11578304008634363,-2.1487787373960923,0.48519429580758555,200.26800096249988,5.610798255915033e-39,equivalent,True,1.0,1.0,6.394600016556623e-07,7.46284152702043e-07,True,368,0.5896680355072021,c1.50_beta6_rho0.75,1.5,6,0.75,800
True,4,4,0.4232124737997477,0.7164351919188086,0.6874068110225271,0.10683080699415742,-2.9260584823118356,0.46452337168785696,192.8483709637686,2.048781338374182e-37,equivalent,True,1.0,1.0,9.173137420586144e-07,8.792819163849894e-07,True,369,0.5912072658538818,c1.50_beta6_rho0.75,1.5,6,0.75,800
True,4,4,0.43046555799136804,0.7412023864672794,0.7103096691325773,0.11489754847330204,-2.521292531622083,0.47415696727632317,181.97485968923965,3.961417012354837e-35,equivalent,True,1.0,1.0,9.385050512389293e-07,9.352343415762449e-07,True,370,0.5964000225067139,c1.50_beta6_rho0.75,1.5,6,0.75,800
True,4,4,0.3758650246984368,0.565098067166226,0.533987505988286,0.09663383315098903,-4.822456885090917,0.416213892407772,146.85289075414954,8.883166013060563e-28,equivalent,True,1.0,1.0,8.447263460410364e-07,7.63218101980764e-07,True,371,0.595059871673584,c1.50_beta6_rho0.75,1.5,6,0.75,800
True,4,4,0.41340388028967007,0.6836110729542235,0.6547186527272033,0.1030872360024899,-3.3494093028593475,0.453949905484708,201.89843959098204,2.5435338097512388e-39,equivalent,True,1.0,1.0,6.291912524004567e-07,9.645363838279872e-07,True,372,0.5855321884155273,c1.50_beta6_rho0.75,1.5,6,0.75,800
True,4,4,0.4224775342310353,0.7139490677197424,0.684284226894,0.11086845345091065,-2.8476610187927784,0.4654692805833783,182.19621090070473,3.5591887406336077e-35,equivalent,True,1.0,1.0,9.86518270465912e-07,8.155234854235465e-07,True,373,0.5903549194335938,c1.50_beta6_rho0.75,1.5,6,0.75,800
True,4,4,0.4133167048701996,0.6833227940990387,0.6551277053804495,0.10595970782812403,-3.2547493919005865,0.4553613716358299,190.12053412079524,7.68197407786384e-37,equivalent,True,1.0,1.0,9.209771913661629e-07,9.706188539228028e-07,True,374,0.5812969207763672,c1.50_beta6_rho0.75,1.5,6,0.75,800
True,4,4,0.3963687691007787,0.6284328044738655,0.5957837300881279,0.10338323604975808,-3.909882156497054,0.4375597161732763,168.70217412429594,2.41237309067758e-32,equivalent,True,1.0,1.0,5.980837683760721e-07,8.077806046278791e-07,True,375,0.6127300262451172,c1.50_beta6_rho0.75,1.5,6,0.75,800
True,4,4,0.3754843134882528,0.563953878702978,0.5337103279936668,0.09590480632939931,-4.862005251382209,0.4157702780763248,153.0799995037383,4.46421501669247e-29,equivalent,True,1.0,1.0,9.745975257916325e-07,9.350195104569085e-07,True,376,0.5955851078033447,c1.50_beta6_rho0.75,1.5,6,0.75,800
True,4,4,0.4727087694655521,0.8938143229185461,0.8633409913460174,0.12500119847752916,-1.0932615872362945,0.5169501102705807,224.24339335348336,4.883764523414524e-44,inconclusive,True,1.0,1.0,7.244614338607241e-07,9.525372778979429e-07,True,377,0.5942950248718262,c1.50_beta6_rho0.75,1.5,6,0.75,800
True,4,4,0.4018610739357762,0.6459692909792616,0.6175807232237723,0.09877725351150551,-3.871531786735533,0.44160356852115595,190.35018185726727,6.8732410033892394e-37,equivalent,True,1.0,1.0,9.521149946436356e-07,8.181598205367382e-07,True,378,0.5773599147796631,c1.50_beta6_rho0.75,1.5,6,0.75,800
True,4,4,0.3938355060576593,0.6204256233267704,0.5909460324243583,0.09994770344743019,-4.09268000630743,0.43455303903704723,167.3892058153254,4.5445906861275383e-32,equivalent,True,1.0,1.0,9.00073728827351e-07,9.390642036370994e-07,True,379,0.5906639099121094,c1.50_beta6_rho0.75,1.5,6,0.75,800
True,4,4,0.4488106697288047,0.8057240690496729,0.7745380150193122,0.11632244717779601,-1.9382500149440176,0.49139378663033095,218.5460750200774,7.810652728272565e-43,equivalent,True,1.0,1.0,8.371598106972957e-07,5.938359884364522e-07,True,380,0.6077508926391602,c1.50_beta6_rho0.75,1.5,6,0.75,800
True,4,4,0.4162125415786098,0.6929315190693041,0.6641514461993705,0.10791135846806421,-3.1122632368678973,0.4587073782829382,181.5287859490275,4.915323835235101e-35,equivalent,True,1.0,1.0,8.427632283958121e-07,6.732389092999672e-07,True,381,0.578071117401123,c1.50_beta6_rho0.75,1.5,6,0.75,800
True,4,4,0.43239825955157524,0.7478730194529256,0.7158008615612987,0.11951601536273648,-2.3779167802419123,0.47759481072073107,175.40084293514855,9.505686918558111e-34,equivalent,True,1.0,1.0,9.822268820993243e-07,8.338230881009819e-07,True,382,0.6093957424163818,c1.50_beta6_rho0.75,1.5,6,0.75,800
True,4,4,0.4223753430870838,0.7136037217917269,0.6834488305524551,0.11282556772727609,-2.8056687488842766,0.46610899338071243,176.9174550045939,4.5681846747003485e-34,equivalent,True,1.0,1.0,9.289448291700446e-07,9.026211404294442e-07,True,383,0.6015706062316895,c1.50_beta6_rho0.75,1.5,6,0.75,800
True,4,4,0.41749103095175566,0.6971950437006391,0.6655643348941671,0.11467489822369498,-2.916380744925129,0.46211139272844776,166.99479030149308,5.496732816582883e-32,equivalent,True,1.0,1.0,9.203737494045776e-07,8.228542617595801e-07,True,384,0.6082057952880859,c1.50_beta6_rho0.75,1.5,6,0.75,800
True,4,4,0.403382941627657,0.6508711903847268,0.622962470250816,0.10156613334231593,-3.7122367204669127,0.44441644126156077,183.82633804828558,1.6175228515111194e-35,equivalent,True,1.0,1.0,6.226091729015842e-07,9.964027687627976e-07,True,385,0.5914301872253418,c1.50_beta6_rho0.75,1.5,6,0.75,800
True,4,4,0.399283904225704,0.6377105446948846,0.6096241683383532,0.09542226061367044,-4.09103524849547,0.4377727206555525,185.8770431235464,5.9957222861121616e-36,equivalent,True,1.0,1.0,7.300401859748847e-07,9.11104032155824e-07,True,386,0.5829768180847168,c1.50_beta6_rho0.75,1.5,6,0.75,800
True,4,4,0.3676400789081757,0.5406369104784385,0.5092039711249348,0.09710293997419155,-5.054388971183686,0.40893889950979684,138.61075607053016,4.6146328549061645e-26,equivalent,True,1.0,1.0,9.56846805013891e-07,9.272536343927882e-07,True,387,0.6024041175842285,c1.50_beta6_rho0.75,1.5,6,0.75,800
True,4,4,0.4402468109380855,0.7752690181646175,0.7457643200042032,0.11285893219264863,-2.2526854991133534,0.482545527374141,206.26708909310736,3.0507899743659368e-40,equivalent,True,1.0,1.0,8.54742493325366e-07,8.64988509983343e-07,True,388,0.5910301208496094,c1.50_beta6_rho0.75,1.5,6,0.75,800
True,4,4,0.3894483372854893,0.6066800296577288,0.575743613654353,0.10308597592308034,-4.115558712488829,0.43165523135925965,148.86280368336514,3.3852373999815275e-28,equivalent,True,1.0,1.0,4.933165101358487e-07,9.369439952877638e-07,True,389,0.6034293174743652,c1.50_beta6_rho0.75,1.5,6,0.75,800
True,4,4,0.4413991358296736,0.7793327884447306,0.7456043905914684,0.12590862901224437,-2.0204779561517747,0.48803320985531967,168.40874910509922,2.779201530118338e-32,equivalent,True,1.0,1.0,7.348401455442916e-07,8.078930733523706e-07,True,390,0.6168949604034424,c1.50_beta6_rho0.75,1.5,6,0.75,800
True,4,4,0.39586120709798917,0.6268243811403083,0.5976768070159179,0.10404463772159088,-3.8668325614304466,0.438410483091226,153.61926979995732,3.444810021936369e-29,equivalent,True,1.0,1.0,9.62745568795181e-07,5.894565791957948e-07,True,391,0.5947411060333252,c1.50_beta6_rho0.75,1.5,6,0.75,800
True,4,4,0.48399384964986797,0.9370001859955961,0.9073451953186463,0.12420625235898573,-0.7459753669530191,0.5271731926040468,246.89284913052973,7.848372209637378e-49,inconclusive,True,1.0,1.0,7.810028043305256e-07,9.500699608030531e-07,True,392,0.5905141830444336,c1.50_beta6_rho0.75,1.5,6,0.75,800
True,4,4,0.40689080010969875,0.6622404928556432,0.6307847967328403,0.1080259279382336,-3.4178387569905193,0.449575254019514,168.13793559293057,3.167049392856702e-32,equivalent,True,1.0,1.0,9.938954856916665e-07,8.815214735796556e-07,True,393,0.6082668304443359,c1.50_beta6_rho0.75,1.5,6,0.75,800
True,4,4,0.42481179324075186,0.7218602387056933,0.6921540695848897,0.10744145393663745,-2.865243526922667,0.46606853969601597,195.13397731262785,6.76664536685414e-38,equivalent,True,1.0,1.0,6.844583202781195e-07,9.799274351957125e-07,True,394,0.5935459136962891,c1.50_beta6_rho0.75,1.5,6,0.75,800
True,4,4,0.4797710841250004,0.9207211726499128,0.8918285196654818,0.1258168699191881,-0.8597533892235316,0.5241132641146711,237.2959407347688,8.4624759307383305e-47,inconclusive,True,1.0,1.0,7.745739265996474e-07,9.486473375356369e-07,True,395,0.5923597812652588,c1.50_beta6_rho0.75,1.5,6,0.75,800
True,4,4,0.40727855633458454,0.6635032897999333,0.6346184294768196,0.10535540318014638,-3.468085731667861,0.4494198055595175,172.21144656014297,4.4352830309355636e-33,equivalent,True,1.0,1.0,9.910480722990757e-07,9.573567748388252e-07,True,396,0.5847761631011963,c1.50_beta6_rho0.75,1.5,6,0.75,800
True,4,4,0.39929120759302894,0.6377338738443973,0.6067407103539582,0.10946194663600219,-3.592657555723555,0.4435058033135967,144.999769455386,2.16098693895398e-27,equivalent,True,1.0,1.0,9.124428862449674e-07,9.261729468021154e-07,True,397,0.587893009185791,c1.50_beta6_rho0.75,1.5,6,0.75,800
True,4,4,0.40853109828847367,0.6675906330751462,0.6372522461422718,0.09858602717906992,-3.67950473548183,0.44704916690295415,200.56887069472492,4.8487279014315203e-39,equivalent,True,1.0,1.0,6.282852461168557e-07,9.16234840611447e-07,True,398,0.589655876159668,c1.50_beta6_rho0.75,1.5,6,0.75,800
True,4,4,0.40972277018812236,0.6714909936425157,0.6402595421736206,0.10976883201524129,-3.2772550388112887,0.45299370957004387,174.66676163911495,1.3551461515907419e-33,equivalent,True,1.0,1.0,8.894626559116464e-07,9.716107434665748e-07,True,399,0.6034791469573975,c1.50_beta6_rho0.75,1.5,6,0.75,800
True,4,4,0.3808794807211709,0.5802767153377151,0.5519364675142662,0.09144212178076122,-4.899968677017327,0.419030241504563,174.97221006386235,1.169254229702355e-33,equivalent,True,1.0,1.0,9.074301324609164e-07,7.846187578231292e-07,True,400,0.5855228900909424,c1.50_beta6_rho0.75,1.5,6,0.75,800
True,4,4,0.3945761128144867,0.6227612352151621,0.5947725219358136,0.09638377715739854,-4.204312074244961,0.4339670861287878,177.81313801331595,2.963145981464398e-34,equivalent,True,1.0,1.0,6.980719202563445e-07,9.415955630978468e-07,True,401,0.5700211524963379,c1.50_beta6_rho0.75,1.5,6,0.75,800
True,4,4,0.4251913066553807,0.72315058902124,0.6933182907413945,0.10601074610065049,-2.8929303918626386,0.4657495171658477,207.496008880112,1.6796533893230037e-40,equivalent,True,1.0,1.0,8.184186772936964e-07,9.516864264638251e-07,True,402,0.5908219814300537,c1.50_beta6_rho0.75,1.5,6,0.75,800
True,4,4,0.4022633719315626,0.6472632815910025,0.6176717662672542,0.10436395326915018,-3.6634127182470526,0.44422269002297987,166.0256703472835,8.771127967926177e-32,equivalent,True,1.0,1.0,7.622299487180771e-07,9.83626516183221e-07,True,403,0.5938119888305664,c1.50_beta6_rho0.75,1.5,6,0.75,800
True,4,4,0.43826322349396013,0.7682986122692674,0.7361328683174783,0.12033762344859354,-2.192723473513185,0.4832366513173483,184.1808579018547,1.3625426714160437e-35,equivalent,True,1.0,1.0,8.560352188047828e-07,6.20427684530366e-07,True,404,0.5980608463287354,c1.50_beta6_rho0.75,1.5,6,0.75,800
True,4,4,0.4289145318806879,0.7358707026337186,0.704673492804957,0.11064841711016493,-2.6690531587180955,0.47081682823712107,191.0612387432836,4.870392330042922e-37,equivalent,True,1.0,1.0,7.754868017047196e-07,8.490300592700407e-07,True,405,0.6025612354278564,c1.50_beta6_rho0.75,1.5,6,0.75,800
True,4,4,0.4066271264392225,0.6613824798248777,0.6320305958857921,0.10410085868051526,-3.534739374662635,0.4481242212978451,185.23738029498844,8.17146767318412e-36,equivalent,True,1.0,1.0,6.30832516244169e-07,8.114839129259205e-07,True,406,0.5775661468505859,c1.50_beta6_rho0.75,1.5,6,0.75,800
True,4,4,0.4515780459965706,0.8156909265043233,0.7852255452458172,0.11893690617273445,-1.8057847783787275,0.49519171710117144,207.32674474437704,1.8235681697327465e-40,equivalent,True,1.0,1.0,5.592797559006551e-07,8.778616599196366e-07,True,407,0.5976791381835938,c1.50_beta6_rho0.75,1.5,6,0.75,800
True,4,4,0.4351843166713949,0.7575415579069957,0.7251354228752347,0.117102254031004,-2.347218500610519,0.47899673541223753,183.56165015489938,1.8385268549194292e-35,equivalent,True,1.0,1.0,9.807256111405164e-07,8.899828955691413e-07,True,408,0.6068363189697266,c1.50_beta6_rho0.75,1.5,6,0.75,800
True,4,4,0.4305666323162828,0.7415504994567402,0.7115460617787346,0.10823977194407695,-2.664953307276901,0.4715889744367837,209.40562924229874,6.643104799283604e-41,equivalent,True,1.0,1.0,8.926855553115919e-07,6.878790450744353e-07,True,409,0.593693733215332,c1.50_beta6_rho0.75,1.5,6,0.75,800
True,4,4,0.3910861087690574,0.6117933778884921,0.5835236472990989,0.09575812980477341,-4.349253202312858,0.4304160064456741,184.82022357091108,9.999520248266512e-36,equivalent,True,1.0,1.0,8.822472277788971e-07,7.200084148521641e-07,True,410,0.5770387649536133,c1.50_beta6_rho0.75,1.5,6,0.75,800
True,4,4,0.4600950778785706,0.8467499227523518,0.816091410320753,0.12022431733369789,-1.5297120728811067,0.5034488093974527,221.46560419151007,1.8873431851392696e-43,inconclusive,True,1.0,1.0,8.505711434405178e-07,8.986465380371356e-07,True,411,0.6024191379547119,c1.50_beta6_rho0.75,1.5,6,0.75,800
True,4,4,0.4494757533824249,0.8081138115147939,0.7776484854402376,0.11839568430649179,-1.8780373276458238,0.49304970748068905,209.54220525657118,6.216633827570844e-41,equivalent,True,1.0,1.0,7.001532652412075e-07,9.818197993318595e-07,True,412,0.6041169166564941,c1.50_beta6_rho0.75,1.5,6,0.75,800
True,4,4,0.4102025269284203,0.6730644523938456,0.6423016550933773,0.11196574957766309,-3.194712188824418,0.4545516814347233,166.82608366413183,5.962630067595406e-32,equivalent,True,1.0,1.0,8.333073794226615e-07,9.240528677684781e-07,True,413,0.5849618911743164,c1.50_beta6_rho0.75,1.5,6,0.75,800
True,4,4,0.46551256496400095,0.8668077925574528,0.8374640667254158,0.12123769290486262,-1.340638619724717,0.5091370949025439,218.36344204664115,8.53623567643101e-43,inconclusive,True,1.0,1.0,9.316438099876412e-07,9.885784664948233e-07,True,414,0.5860681533813477,c1.50_beta6_rho0.75,1.5,6,0.75,800
True,4,4,0.4734195583131789,0.8965043127737815,0.8646644126489296,0.12336638716346066,-1.0970215669179852,0.5166197978249206,221.61842631339186,1.7520904957664252e-43,inconclusive,True,1.0,1.0,9.86351061621736e-07,9.862109645683864e-07,True,415,0.6021609306335449,c1.50_beta6_rho0.75,1.5,6,0.75,800
True,4,4,0.4439504964058158,0.7883681730358811,0.7568337617370808,0.12375749874050929,-1.964860640669397,0.48999916642858937,193.2146272263126,1.7155772667848122e-37,equivalent,True,1.0,1.0,9.95872848178155e-07,9.68591043054581e-07,True,416,0.6025969982147217,c1.50_beta6_rho0.75,1.5,6,0.75,800
True,4,4,0.4284363084209472,0.7342306814934759,0.7047127811188435,0.10881746869806753,-2.7136012481643075,0.4700270176230666,194.53252211722875,9.057272047011538e-38,equivalent,True,1.0,1.0,9.813989366256933e-07,9.610872904051194e-07,True,417,0.5899291038513184,c1.50_beta6_rho0.75,1.5,6,0.75,800
True,4,4,0.4640573570208255,0.8613969224206157,0.832329326127016,0.11944069427981872,-1.4037985536167,0.5071468685989241,232.9113898595204,7.169688007695868e-46,inconclusive,True,1.0,1.0,7.543981259616371e-07,7.335238678802536e-07,True,418,0.592087984085083,c1.50_beta6_rho0.75,1.5,6,0.75,800
True,4,4,0.4230399485738485,0.7158511923574575,0.6848745299233596,0.11348999549415191,-2.7766806114013693,0.46678393305538635,176.3430307803598,6.029615827569393e-34,equivalent,True,1.0,1.0,7.273285652050424e-07,9.653400248603272e-07,True,419,0.6009559631347656,c1.50_beta6_rho0.75,1.5,6,0.75,800
True,4,4,0.4413811958302787,0.7792694401302672,0.7503241236325228,0.1070125686530131,-2.333145344609455,0.48123386604405366,225.03210027590023,3.3267682945184563e-44,equivalent,True,1.0,1.0,9.953473892430113e-07,9.625288903534885e-07,True,420,0.5824019908905029,c1.50_beta6_rho0.75,1.5,6,0.75,800
True,4,4,0.4168672077574472,0.6951130756139625,0.665783492475053,0.10317468163864296,-3.2393267632799736,0.4570259133183638,212.7753445125763,1.2919529485855833e-41,equivalent,True,1.0,1.0,9.831684858794126e-07,8.991140913193291e-07,True,421,0.5930712223052979,c1.50_beta6_rho0.75,1.5,6,0.75,800
True,4,4,0.4226298572364987,0.7144639849109731,0.6862670642112606,0.10511809491820162,-2.9845759289385225,0.46345737233743883,209.8845625945118,5.264047782831368e-41,equivalent,True,1.0,1.0,6.02397348624164e-07,8.970383624700698e-07,True,422,0.5797507762908936,c1.50_beta6_rho0.75,1.5,6,0.75,800
True,4,4,0.41180272672872636,0.6783259429648563,0.6468272848843197,0.10921616872896013,-3.2337035736177753,0.4545524986566166,182.50634502004536,3.0633567060816114e-35,equivalent,True,1.0,1.0,7.859832523001897e-07,8.204283481674678e-07,True,423,0.606194257736206,c1.50_beta6_rho0.75,1.5,6,0.75,800
True,4,4,0.4096664950617352,0.6713065487046668,0.6404946699771754,0.09951682731087831,-3.6125079520448757,0.4483818920078555,204.69220658297667,6.553992219934347e-40,equivalent,True,1.0,1.0,8.436190436979923e-07,7.533353615798453e-07,True,424,0.6035349369049072,c1.50_beta6_rho0.75,1.5,6,0.75,800
True,4,4,0.42177698696039884,0.7115833069175699,0.6836867277028539,0.10324763672801097,-3.0636369249828133,0.4619291010125609,210.43029280224562,4.038004581130846e-41,equivalent,True,1.0,1.0,7.194303051137186e-07,8.448250135742251e-07,True,425,0.5779449939727783,c1.50_beta6_rho0.75,1.5,6,0.75,800
True,4,4,0.4155782297021206,0.690821060009394,0.6609920918402965,0.10319318877312296,-3.285177172933717,0.4557218950935032,192.9192727769522,1.9795814944489152e-37,equivalent,True,1.0,1.0,9.663808537188342e-07,9.269627808581354e-07,True,426,0.5944788455963135,c1.50_beta6_rho0.75,1.5,6,0.75,800
True,4,4,0.4194809923065121,0.7038572116258242,0.6742397643863846,0.10824427075662711,-3.009491711076738,0.4615966165758637,199.5921989957239,7.787779907402222e-39,equivalent,True,1.0,1.0,8.163434671444538e-07,9.262577576929695e-07,True,427,0.5892679691314697,c1.50_beta6_rho0.75,1.5,6,0.75,800
True,4,4,0.44270348463280845,0.7839455012241251,0.7527470828096186,0.11316615462203788,-2.18486629696112,0.4844813832047184,213.37289004288465,9.662967900712267e-42,equivalent,True,1.0,1.0,8.027204683303903e-07,9.281160988829167e-07,True,428,0.597527027130127,c1.50_beta6_rho0.75,1.5,6,0.75,800
True,4,4,0.3928527789937587,0.617333223852476,0.5880197816203866,0.10515854112341275,-3.917705722981822,0.4361737582065654,144.42102861065257,2.8522425496994916e-27,equivalent,True,1.0,1.0,8.541136149781783e-07,8.455670745253131e-07,True,429,0.5749368667602539,c1.50_beta6_rho0.75,1.5,6,0.75,800
True,4,4,0.41408696286061863,0.6858720512445254,0.6575014677900753,0.0977459376389522,-3.5039669216231184,0.45229393867132417,212.03829967689637,1.8484850405793084e-41,equivalent,True,1.0,1.0,9.327907176849931e-07,9.18937153216472e-07,True,430,0.585212230682373,c1.50_beta6_rho0.75,1.5,6,0.75,800
True,4,4,0.4379392261479587,0.7671630631962917,0.7387023205198133,0.11386395626612782,-2.2948234722274212,0.48114235470471667,195.44863977804803,5.809287696303709e-38,equivalent,True,1.0,1.0,8.925385122650645e-07,8.825131163004386e-07,True,431,0.5881538391113281,c1.50_beta6_rho0.75,1.5,6,0.75,800
True,4,4,0.4221418585641111,0.712814995007848,0.6841295110311918,0.10647558104922393,-2.9666002838977743,0.4634830786290297,200.84874393140228,4.2330422794069096e-39,equivalent,True,1.0,1.0,7.476773744674253e-07,7.617281627746935e-07,True,432,0.5729639530181885,c1.50_beta6_rho0.75,1.5,6,0.75,800
True,4,4,0.4508864254080328,0.8131942744689342,0.7824602273857634,0.11850966910340166,-1.8356288922250685,0.49431550816237607,199.87586537734657,6.786533090223451e-39,equivalent,True,1.0,1.0,6.261249783585874e-07,7.576102029643893e-07,True,433,0.5991380214691162,c1.50_beta6_rho0.75,1.5,6,0.75,800
True,4,4,0.44036514113099323,0.7756858300932783,0.7466020259738494,0.1095552412376594,-2.3129698877340936,0.4813533945749102,218.88558071606315,6.621682773508432e-43,equivalent,True,1.0,1.0,7.998427775234476e-07,8.235480315757687e-07,True,434,0.5863082408905029,c1.50_beta6_rho0.75,1.5,6,0.75,800
True,4,4,0.39715407084161297,0.6309254239442597,0.6021523730816817,0.09772554641252801,-4.071070887021573,0.4367197592690714,185.29365948456805,7.951895488278124e-36,equivalent,True,1.0,1.0,9.863818867802765e-07,9.836943390613647e-07,True,435,0.5909440517425537,c1.50_beta6_rho0.75,1.5,6,0.75,800
True,4,4,0.4020873337459976,0.646696895835861,0.6167798403203408,0.10530807653963976,-3.6390386404542157,0.4444086553960922,167.0383580915875,5.3824469015243e-32,equivalent,True,1.0,1.0,8.329819578432217e-07,7.080223624005328e-07,True,436,0.5898020267486572,c1.50_beta6_rho0.75,1.5,6,0.75,800
True,4,4,0.4022379490483771,0.6471814706185792,0.6167761235998852,0.10406363784661123,-3.682591578866222,0.44383149272715205,172.1179355966558,4.6401032079692014e-33,equivalent,True,1.0,1.0,6.190004486829781e-07,9.228993609931917e-07,True,437,0.5943553447723389,c1.50_beta6_rho0.75,1.5,6,0.75,800
True,4,4,0.40960166623684807,0.6710940999360091,0.6419760494789676,0.10589977517820587,-3.3807810254418142,0.4517094416696935,189.70716517886564,9.384887216894046e-37,equivalent,True,1.0,1.0,8.525190511424933e-07,7.876709983893475e-07,True,438,0.5914640426635742,c1.50_beta6_rho0.75,1.5,6,0.75,800
True,4,4,0.383708496232197,0.5889288403230957,0.5561951015614771,0.10539100205930274,-4.2110321542326465,0.42706787327858414,137.90018861866258,6.48390892763808e-26,equivalent,True,1.0,1.0,9.417128597367285e-07,9.984896881893095e-07,True,439,0.6131367683410645,c1.50_beta6_rho0.75,1.5,6,0.75,800
True,4,4,0.47209540865203414,0.8914962994813244,0.8610911977709323,0.12341203755026135,-1.125569312252016,0.515772705594468,229.48895852101316,3.797984924884484e-45,inconclusive,True,1.0,1.0,9.762115911468676e-07,7.255462290930634e-07,True,440,0.585536003112793,c1.50_beta6_rho0.75,1.5,6,0.75,800
True,4,4,0.4568419780862044,0.8348183717668644,0.8012798794877979,0.1252807781373629,-1.5861980063239816,0.5018337428357976,200.1070259120752,6.066564694332308e-39,inconclusive,True,1.0,1.0,8.535347970547056e-07,9.373157994756123e-07,True,441,0.6143176555633545,c1.50_beta6_rho0.75,1.5,6,0.75,800
True,4,4,0.4292747151778443,0.7371071243640774,0.709296221665388,0.1078383688108904,-2.695736049609593,0.47081699038174896,201.86465636308236,2.585577759207553e-39,equivalent,True,1.0,1.0,9.574317858243392e-07,9.397568888635851e-07,True,442,0.5829780101776123,c1.50_beta6_rho0.75,1.5,6,0.75,800
True,4,4,0.3672528085868484,0.5394985016597131,0.5123587554994952,0.09024043138370659,-5.403800015394776,0.40644527809984776,155.91583689535332,1.1417018817456613e-29,equivalent,True,1.0,1.0,8.090763892689459e-07,6.945441958230195e-07,True,443,0.5685548782348633,c1.50_beta6_rho0.75,1.5,6,0.75,800
True,4,4,0.43799067966702965,0.7673433419007463,0.7375704964244038,0.11230367748440535,-2.336784595607188,0.4801805930206406,197.25202606122326,2.4230696416223754e-38,equivalent,True,1.0,1.0,8.349315100423087e-07,8.892842688187416e-07,True,444,0.5917930603027344,c1.50_beta6_rho0.75,1.5,6,0.75,800
True,4,4,0.4468346542771197,0.7986448330518123,0.7698323257590423,0.1118207368550362,-2.0583630614001933,0.48830345850286444,222.91276169113652,9.332833230781072e-44,equivalent,True,1.0,1.0,9.989013013795652e-07,9.17235250423061e-07,True,445,0.5877020359039307,c1.50_beta6_rho0.75,1.5,6,0.75,800
True,4,4,0.4030232123795006,0.6497108388667682,0.6172327180605861,0.10175964356840622,-3.761484106242029,0.4428917578995369,185.39081365816767,7.586638873885267e-36,equivalent,True,1.0,1.0,9.743205247389385e-07,9.312167368652202e-07,True,446,0.6099200248718262,c1.50_beta6_rho0.75,1.5,6,0.75,800
True,4,4,0.3996312261135855,0.6388204675401907,0.607102632479085,0.10539065208586289,-3.728009645493201,0.44171677260697756,166.2793864459298,7.761166195655084e-32,equivalent,True,1.0,1.0,7.366106613195718e-07,8.959286978433894e-07,True,447,0.6034200191497803,c1.50_beta6_rho0.75,1.5,6,0.75,800
True,4,4,0.4545416594756417,0.8264324807954807,0.7960188881686199,0.12230469391866114,-1.667810983338366,0.49929755846436885,208.87825318961214,8.582932402264532e-41,equivalent,True,1.0,1.0,6.968589498512154e-07,9.159620670606088e-07,True,448,0.6009361743927002,c1.50_beta6_rho0.75,1.5,6,0.75,800
True,4,4,0.4326480893578641,0.7487374769000414,0.7198926437945191,0.11022696273537687,-2.541187285346307,0.47465773543619,199.98296192052698,6.442925664107818e-39,equivalent,True,1.0,1.0,8.789099901245903e-07,9.888394977499536e-07,True,449,0.5758371353149414,c1.50_beta6_rho0.75,1.5,6,0.75,800
True,4,4,0.45299357895326087,0.8208127302915367,0.7905689620303055,0.1157430876945532,-1.809447476659552,0.49521444840070383,219.56217980155324,4.764648619863256e-43,equivalent,True,1.0,1.0,6.394340124508084e-07,7.761302566165897e-07,True,450,0.593271017074585,c1.50_beta6_rho0.75,1.5,6,0.75,800
True,4,4,0.4014405538772821,0.6446180731891962,0.6173188757478903,0.09831597743398766,-3.892359454078086,0.4413145895553035,195.22445845990848,6.476247305433828e-38,equivalent,True,1.0,1.0,9.528285859869661e-07,6.355933237539255e-07,True,451,0.5682260990142822,c1.50_beta6_rho0.75,1.5,6,0.75,800
True,4,4,0.39367962593715095,0.6199345915120603,0.5908288227582696,0.09669512622017767,-4.23155947188109,0.4329775259265945,175.29797041239684,9.990021895105221e-34,equivalent,True,1.0,1.0,8.629579501442693e-07,5.368276843935601e-07,True,452,0.5882267951965332,c1.50_beta6_rho0.75,1.5,6,0.75,800
True,4,4,0.44534356306754436,0.7933235566627834,0.7617600482175962,0.12220808059989165,-1.9494615299817988,0.49060535383215753,194.06142491431257,1.1380692976700629e-37,equivalent,True,1.0,1.0,7.425766336726816e-07,9.912242374897323e-07,True,453,0.6081609725952148,c1.50_beta6_rho0.75,1.5,6,0.75,800
True,4,4,0.37948942913458267,0.5760489072995657,0.5471469038477138,0.09931488821308017,-4.559770486582933,0.4214573993701139,158.546594485344,3.2196623135642356e-30,equivalent,True,1.0,1.0,8.587375741952828e-07,5.311863710227596e-07,True,454,0.588580846786499,c1.50_beta6_rho0.75,1.5,6,0.75,800
True,4,4,0.44475543575666443,0.7912295905404019,0.7625154664063213,0.10575760489767395,-2.2455551430410843,0.48385722232905676,246.1839374596495,1.1091800340556639e-48,equivalent,True,1.0,1.0,7.571977940232678e-07,9.66481652010494e-07,True,455,0.5805649757385254,c1.50_beta6_rho0.75,1.5,6,0.75,800
True,4,4,0.45544042871702195,0.8297039364397789,0.799493812896486,0.1197142057361936,-1.6748738035764645,0.49910073091493234,228.23342585690497,7.000096829410819e-45,equivalent,True,1.0,1.0,9.538447240746017e-07,9.92452932590316e-07,True,456,0.5948600769042969,c1.50_beta6_rho0.75,1.5,6,0.75,800
True,4,4,0.4799601534092612,0.9214469954425661,0.892673911947462,0.1184509402143131,-0.9060805077473681,0.5214183470532052,259.07385918348814,2.0509357225045866e-51,inconclusive,True,1.0,1.0,9.20943834484702e-07,9.679417867749293e-07,True,457,0.5872578620910645,c1.50_beta6_rho0.75,1.5,6,0.75,800
True,4,4,0.45940285199991515,0.8442039217026238,0.8149077306278191,0.11611054119217688,-1.5941039243442248,0.5014709800763822,238.0830018630573,5.765897750232509e-47,inconclusive,True,1.0,1.0,8.934636862414172e-07,7.420363752991059e-07,True,458,0.58778977394104,c1.50_beta6_rho0.75,1.5,6,0.75,800
True,4,4,0.4527255069224458,0.819841538472742,0.7888592718483385,0.11661473893407576,-1.810583551286968,0.4951447889607776,210.77766125637112,3.410869280611566e-41,equivalent,True,1.0,1.0,8.992514078972087e-07,9.972087265344048e-07,True,459,0.5950078964233398,c1.50_beta6_rho0.75,1.5,6,0.75,800
True,4,4,0.42082456726471473,0.7083732656541376,0.6771473548074072,0.11354361318924992,-2.8434240916261406,0.4647337890607159,182.10181956158027,3.725462217253219e-35,equivalent,True,1.0,1.0,9.562583804896721e-07,8.64037246771652e-07,True,460,0.5960738658905029,c1.50_beta6_rho0.75,1.5,6,0.75,800
True,4,4,0.41902970915309484,0.7023435886117091,0.6715458513173206,0.1094208709008957,-3.001750451978817,0.46139114850711205,185.1658148608579,8.459454096165531e-36,equivalent,True,1.0,1.0,9.406786245533759e-07,9.224954798371419e-07,True,461,0.5979061126708984,c1.50_beta6_rho0.75,1.5,6,0.75,800
True,4,4,0.43493738855919895,0.7566821278667824,0.7255499260705035,0.11396886924804933,-2.408114388957965,0.47775831599583785,190.09267485799134,7.786342385735078e-37,equivalent,True,1.0,1.0,9.424841950856937e-07,9.327155920291483e-07,True,462,0.5917849540710449,c1.50_beta6_rho0.75,1.5,6,0.75,800
True,4,4,0.45207943660640804,0.8175032680094693,0.788130121432006,0.11250993928263878,-1.8831214372603193,0.49325259835330426,227.101837784059,1.2145260904263637e-44,equivalent,True,1.0,1.0,9.84491141037244e-07,7.475627177515569e-07,True,463,0.5815751552581787,c1.50_beta6_rho0.75,1.5,6,0.75,800
True,4,4,0.442764794285722,0.784162652235511,0.7569383783016606,0.11064333190750425,-2.1968031647992525,0.48449212173360323,221.4988092570414,1.8570946571890673e-43,equivalent,True,1.0,1.0,9.780805603327099e-07,5.663898679046277e-07,True,464,0.5794990062713623,c1.50_beta6_rho0.75,1.5,6,0.75,800
True,4,4,0.41655326693109984,0.6940664967638884,0.664187242940492,0.1109340525336379,-3.027138641290341,0.4600699733743965,169.2206339446475,1.8785052226022143e-32,equivalent,True,1.0,1.0,9.456724963388644e-07,7.428097940187067e-07,True,465,0.5885961055755615,c1.50_beta6_rho0.75,1.5,6,0.75,800
True,4,4,0.39871075546709794,0.6358810661005759,0.6038389685997022,0.10218760149002948,-3.876801349906931,0.43929563381054926,165.9967274492731,8.894385267969374e-32,equivalent,True,1.0,1.0,9.273664330770228e-07,9.396599617888751e-07,True,466,0.6040019989013672,c1.50_beta6_rho0.75,1.5,6,0.75,800
True,4,4,0.3871741390596825,0.5996152558264255,0.5686991216352275,0.10299506951134409,-4.187587623476172,0.4295669142517498,151.10381188851363,1.1538919157643628e-28,equivalent,True,1.0,1.0,9.913915499340953e-07,9.094355368815755e-07,True,467,0.6032302379608154,c1.50_beta6_rho0.75,1.5,6,0.75,800
True,4,4,0.3691466685006722,0.5450770514605807,0.5147834802201231,0.09140285017115538,-5.3085491193249466,0.4077768353639801,156.19272900154292,9.9932813780809e-30,equivalent,True,1.0,1.0,5.271202657477555e-07,7.500806938724777e-07,True,468,0.5960397720336914,c1.50_beta6_rho0.75,1.5,6,0.75,800
True,4,4,0.3790327386017999,0.5746632677279215,0.5454325407559514,0.09516588035076333,-4.776580194168324,0.4189172007130211,160.14511530738213,1.4914209529723548e-30,equivalent,True,1.0,1.0,8.28578440514097e-07,8.654649374385565e-07,True,469,0.5866320133209229,c1.50_beta6_rho0.75,1.5,6,0.75,800
True,4,4,0.4687460636093867,0.8788914885971808,0.846797826009272,0.12471973794481128,-1.2283715193381841,0.5128214941186241,221.54702972357478,1.8140285761265183e-43,inconclusive,True,1.0,1.0,6.207380798242282e-07,9.69377823911603e-07,True,470,0.6045093536376953,c1.50_beta6_rho0.75,1.5,6,0.75,800
True,4,4,0.41597809732913144,0.6921511098302573,0.66084024412158,0.10537691049712493,-3.2185395669545036,0.4566644932414049,187.08867397360626,3.335129535647685e-36,equivalent,True,1.0,1.0,8.895786005242002e-07,8.333385751893779e-07,True,471,0.5994329452514648,c1.50_beta6_rho0.75,1.5,6,0.75,800
True,4,4,0.4859070537950896,0.9444226597112962,0.9161232960667893,0.12071679714354801,-0.6948221450364553,0.5278931609905358,262.44998419519135,3.940708705264771e-52,inconclusive,True,1.0,1.0,7.873336246636452e-07,9.621403995825069e-07,True,472,0.5838489532470703,c1.50_beta6_rho0.75,1.5,6,0.75,800
True,4,4,0.46056270107363007,0.8484720064809517,0.8186167808635029,0.11596590170686125,-1.5641082116965543,0.5023354742820607,235.85921931832667,1.7046397936741976e-46,inconclusive,True,1.0,1.0,8.053440914003235e-07,9.342357879815218e-07,True,473,0.6018838882446289,c1.50_beta6_rho0.75,1.5,6,0.75,800
True,4,4,0.4449642999589211,0.791972912951731,0.7627559409855088,0.11318004260228008,-2.0961651326477924,0.4870627640659855,210.43609937043325,4.0266282228622816e-41,equivalent,True,1.0,1.0,8.963764360540273e-07,7.262268819318999e-07,True,474,0.5828678607940674,c1.50_beta6_rho0.75,1.5,6,0.75,800
True,4,4,0.4521005103731212,0.8175794859185468,0.7871155625150726,0.11330926453198632,-1.878791097658495,0.4933286727040387,226.46031984621953,1.659808118951334e-44,equivalent,True,1.0,1.0,7.937468672268295e-07,7.763837254995026e-07,True,475,0.6090841293334961,c1.50_beta6_rho0.75,1.5,6,0.75,800
True,4,4,0.4472928984970602,0.8002837481836056,0.7689706695920965,0.11708199871771043,-1.9732267379968875,0.4902941514625812,205.9147594576808,3.620046502447194e-40,equivalent,True,1.0,1.0,7.228066884680208e-07,9.574514711377339e-07,True,476,0.6113379001617432,c1.50_beta6_rho0.75,1.5,6,0.75,800
True,4,4,0.47290767850607895,0.8945666895600357,0.8641227582486781,0.12467388342064699,-1.0898613087463955,0.5170089572674864,224.13419983325622,5.150352031902475e-44,inconclusive,True,1.0,1.0,8.910389410913999e-07,8.739198856710199e-07,True,477,0.5944409370422363,c1.50_beta6_rho0.75,1.5,6,0.75,800
True,4,4,0.4098640876926448,0.6719542815204962,0.6436396033690069,0.10018238532175067,-3.5571163082860178,0.44956227689335165,193.5098128706536,1.4868930467886825e-37,equivalent,True,1.0,1.0,9.676206990458394e-07,9.412830617528916e-07,True,478,0.5796711444854736,c1.50_beta6_rho0.75,1.5,6,0.75,800
True,4,4,0.3985116333069641,0.6352460875239369,0.6072503069057184,0.10172437488864255,-3.8609201926698873,0.4400488648691965,167.6634347489296,3.981563930296799e-32,equivalent,True,1.0,1.0,9.364764535503647e-07,6.768361385003977e-07,True,479,0.5802638530731201,c1.50_beta6_rho0.75,1.5,6,0.75,800
True,4,4,0.4163149940696372,0.6932726971488081,0.6634446432405916,0.10800516462186613,-3.1161042894357225,0.45855679310156305,178.4390710292848,2.1895747642820175e-34,equivalent,True,1.0,1.0,6.238787896089055e-07,9.687083714462884e-07,True,480,0.5910310745239258,c1.50_beta6_rho0.75,1.5,6,0.75,800
True,4,4,0.4087332541713747,0.6682514922620864,0.6366542570035156,0.10645908010847172,-3.413008478246003,0.4504896949547938,173.69210937999566,2.1698179083846807e-33,equivalent,True,1.0,1.0,4.800360213954577e-07,9.023425231515454e-07,True,481,0.595311164855957,c1.50_beta6_rho0.75,1.5,6,0.75,800
True,4,4,0.4244621439025544,0.7206724464254111,0.6887710667046748,0.12064329556682091,-2.579744956676389,0.4709595600964956,174.50864715273318,1.4626956743051907e-33,equivalent,True,1.0,1.0,7.028831000801965e-07,9.762493245980451e-07,True,482,0.6085870265960693,c1.50_beta6_rho0.75,1.5,6,0.75,800
True,4,4,0.46295652713938923,0.8573149840838561,0.8252105375823466,0.12286941668649605,-1.422562807990148,0.5067821877445332,205.74059979485867,3.939497479949895e-40,inconclusive,True,1.0,1.0,7.792529828377984e-07,6.668925005116632e-07,True,483,0.6011419296264648,c1.50_beta6_rho0.75,1.5,6,0.75,800
True,4,4,0.42493539409481335,0.7222803566180573,0.6908747656872051,0.11737984483429535,-2.6335461147455574,0.4700923923001458,180.0721582258597,9.942037207970121e-35,equivalent,True,1.0,1.0,7.386350491421711e-07,8.512731678787522e-07,True,484,0.6059367656707764,c1.50_beta6_rho0.75,1.5,6,0.75,800
True,4,4,0.4232254948538866,0.7164792779772688,0.6878457364766349,0.10704647978147974,-2.916062855692068,0.46473689518844674,189.31462519514542,1.1350058470811838e-36,equivalent,True,1.0,1.0,8.223919224095461e-07,9.807325639324849e-07,True,485,0.57529616355896,c1.50_beta6_rho0.75,1.5,6,0.75,800
True,4,4,0.40188330628039964,0.6460407674674621,0.618789438290588,0.09887429884219122,-3.8555071052169474,0.44199072030797487,186.24943942259796,5.006751258342953e-36,equivalent,True,1.0,1.0,5.629783194356529e-07,9.387226509670843e-07,True,486,0.5753638744354248,c1.50_beta6_rho0.75,1.5,6,0.75,800
True,4,4,0.4403618274893515,0.7756741564390454,0.746322445058021,0.11119993831016399,-2.2812742416673815,0.4819829008648217,210.56322911512933,3.7854279265144383e-41,equivalent,True,1.0,1.0,7.59644573134046e-07,6.618825624781385e-07,True,487,0.5801918506622314,c1.50_beta6_rho0.75,1.5,6,0.75,800
True,4,4,0.4106355967298086,0.6744863732065839,0.6433347189614007,0.10679628825662539,-3.339678624237885,0.4524928123863588,177.10305832401207,4.176292733016133e-34,equivalent,True,1.0,1.0,9.62432309849597e-07,7.895646534808019e-07,True,488,0.6003468036651611,c1.50_beta6_rho0.75,1.5,6,0.75,800
True,4,4,0.415728781661232,0.6913216796061293,0.6636161600893482,0.10199500431121014,-3.298042312781002,0.45590103445308533,202.47309926444686,1.924499819630294e-39,equivalent,True,1.0,1.0,9.188880333315223e-07,7.826528956799297e-07,True,489,0.571718692779541,c1.50_beta6_rho0.75,1.5,6,0.75,800
True,4,4,0.4228277657166681,0.7151332778437982,0.6844680093553799,0.11198414903247512,-2.8176486884149705,0.4660111433894368,170.95838346846313,8.121155922132225e-33,equivalent,True,1.0,1.0,8.818516640765117e-07,8.139251222288866e-07,True,490,0.5885920524597168,c1.50_beta6_rho0.75,1.5,6,0.75,800
True,4,4,0.4115633516589694,0.6775375697150581,0.6469891750457882,0.11227524745499343,-3.144155394497967,0.45597848716770845,159.84231477353822,1.725511771297569e-30,equivalent,True,1.0,1.0,7.542883501264474e-07,8.395871795991582e-07,True,491,0.5889649391174316,c1.50_beta6_rho0.75,1.5,6,0.75,800
True,4,4,0.42113519940447086,0.7094194247097738,0.6808022638414444,0.10609717665635232,-3.0085412846793638,0.46241663834521474,198.2352879978602,1.504061494688035e-38,equivalent,True,1.0,1.0,8.842829605204407e-07,7.51838831253371e-07,True,492,0.590587854385376,c1.50_beta6_rho0.75,1.5,6,0.75,800
True,4,4,0.4127994947612945,0.68161369150072,0.6523836356917536,0.10377958975123937,-3.349563870328318,0.45362040030669243,201.23718695631743,3.505866250556928e-39,equivalent,True,1.0,1.0,9.339199210869606e-07,8.145511525029907e-07,True,493,0.5894467830657959,c1.50_beta6_rho0.75,1.5,6,0.75,800
True,4,4,0.3851827184587463,0.5934629063970793,0.5644826178301641,0.10000490124197894,-4.3549603745523155,0.4269004691819151,163.54042286087667,2.906102989789607e-31,equivalent,True,1.0,1.0,9.939623066864137e-07,9.76435863085958e-07,True,494,0.5782546997070312,c1.50_beta6_rho0.75,1.5,6,0.75,800
True,4,4,0.4624371679423866,0.8553925371783003,0.8256892599487509,0.11562005731464828,-1.5076167933119087,0.5039512204993374,238.63908924475928,4.396711434608462e-47,inconclusive,True,1.0,1.0,9.533077853703527e-07,8.129951609699993e-07,True,495,0.5942509174346924,c1.50_beta6_rho0.75,1.5,6,0.75,800
True,4,4,0.41382906158399313,0.6850179688459535,0.6539046274031861,0.10391245844713493,-3.330643676117899,0.4540994966869596,201.3129553542515,3.3793096204637753e-39,equivalent,True,1.0,1.0,9.294491195627268e-07,9.984494837100242e-07,True,496,0.5961258411407471,c1.50_beta6_rho0.75,1.5,6,0.75,800
True,4,4,0.4585315135642491,0.8410045957260847,0.8111134402221027,0.11562947089114095,-1.6335503252083892,0.5003266420049695,225.7593650752821,2.33488389115025e-44,inconclusive,True,1.0,1.0,9.939224434146515e-07,9.884206461339562e-07,True,497,0.5898690223693848,c1.50_beta6_rho0.75,1.5,6,0.75,800
True,4,4,0.4225481816177935,0.7141878631540153,0.6859132302888502,0.10643650220289516,-2.9509309608128627,0.4639465747737854,188.5581433108013,1.6372131385882458e-36,equivalent,True,1.0,1.0,5.229193009884639e-07,6.987390008651953e-07,True,498,0.5402569770812988,c1.50_beta6_rho0.75,1.5,6,0.75,800
True,4,4,0.40579760382847757,0.6586867810917362,0.6276883207982792,0.11001658551311048,-3.384141377095848,0.44962470475507005,159.89420694457573,1.6829345929324808e-30,equivalent,True,1.0,1.0,6.862438564548541e-07,8.868558574693505e-07,True,499,0.520988941192627,c1.50_beta6_rho0.75,1.5,6,0.75,800
