applicable,K_x,K_y,D_hat,Q_hat,Q_bc,s_Q,Z,U_D,T0,p_exact,decision,mt_reject,success_x,success_y,max_residual_x,max_residual_y,correct_cardinality,rep,seconds,name,c_h,order,rho,n
True,4,4,0.5589510040413967,1.249704899675542,1.1912197080164109,0.22166139626270978,0.8626658102874175,0.6236626210569014,179.64732810375847,1.2209088411778586e-34,inconclusive,True,1.0,1.0,8.826388497262773e-07,8.896771402664067e-07,True,0,0.5675878524780273,c2.00_beta6_rho0.75,2.0,6,0.75,800
True,4,4,0.5294713806736652,1.1213597718099089,1.046289086829706,0.2710299189827331,0.1707895829487921,0.6107564228235381,149.37716198433515,2.6444211631313873e-28,inconclusive,True,1.0,1.0,7.861840742753174e-07,8.83413531208143e-07,True,1,0.5685896873474121,c2.00_beta6_rho0.75,2.0,6,0.75,800
True,4,4,0.589580864515356,1.3904223832106983,1.3109361175601322,0.3054650158033584,1.0179107310943123,0.6733092448331367,166.46406453679344,7.099917496473105e-32,inconclusive,True,1.0,1.0,6.866260572575067e-07,7.836186795412305e-07,True,2,0.6047971248626709,c2.00_beta6_rho0.75,2.0,6,0.75,800
True,4,4,0.6260842057279785,1.5679257306481347,1.4846105739116777,0.3416099081143223,1.4186080742994702,0.7152812157249901,172.6246739882672,3.6330894147170244e-33,inconclusive,True,1.0,1.0,8.409192358907625e-07,9.885401569154846e-07,True,3,0.609443187713623,c2.00_beta6_rho0.75,2.0,6,0.75,800
True,4,4,0.5050023195779169,1.020109371116306,0.9669710251666508,0.19595202019927405,-0.16855643947819618,0.5677330834775913,141.66598694477608,1.06830979269891e-26,inconclusive,True,1.0,1.0,6.72488364807429e-07,9.136638628893848e-07,True,4,0.5976219177246094,c2.00_beta6_rho0.75,2.0,6,0.75,800
True,4,4,0.5508784072822529,1.2138680784393268,1.1574237790074136,0.21949128876844068,0.7172210792087188,0.6161279942963224,171.93730056666496,5.062908156314066e-33,inconclusive,True,1.0,1.0,6.331963402868791e-07,9.408264270151841e-07,True,5,0.6129980087280273,c2.00_beta6_rho0.75,2.0,6,0.75,800
True,4,4,0.584136950174469,1.3648639062365204,1.302443118904314,0.2646098532340788,1.1429775392255221,0.6591068949198386,172.31635946721565,4.21622678242814e-33,inconclusive,True,1.0,1.0,9.21596064724445e-07,8.413862270300622e-07,True,6,0.6144440174102783,c2.00_beta6_rho0.75,2.0,6,0.75,800
True,4,4,0.5068367770540961,1.0275340742983343,0.9638273762325644,0.21752445861323896,-0.1662922137494015,0.5748093751264861,128.46335848044075,5.889382686725983e-24,inconclusive,True,1.0,1.0,6.347521637116088e-07,9.242642139872719e-07,True,7,0.6166472434997559,c2.00_beta6_rho0.75,2.0,6,0.75,800
False,4,3,,,,,,,,,not_applicable,False,1.0,1.0,9.663351034479908e-07,9.821765365341558e-07,False,8,0.9012658596038818,c2.00_beta6_rho0.75,2.0,6,0.75,800
True,4,4,0.5572128817381438,1.2419447822997065,1.1856903250944335,0.20384274323831017,0.9109489116193119,0.6166404545271308,199.56231439552803,7.901506627653054e-39,inconclusive,True,1.0,1.0,6.871969583242524e-07,9.384415543829854e-07,True,9,0.6146571636199951,c2.00_beta6_rho0.75,2.0,6,0.75,800
True,4,4,0.6105826439770592,1.4912446605040648,1.3654374518043007,0.41147182573137103,0.8881226585921247,0.7145362791256457,124.9513214909628,3.141683003368093e-23,inconclusive,True,1.0,1.0,9.753999619376102e-07,9.562583929601412e-07,True,10,0.7119178771972656,c2.00_beta6_rho0.75,2.0,6,0.75,800
True,4,4,0.5421556628628358,1.1757310510969636,1.1121093397460249,0.23862504573617818,0.46981380097867853,0.6133132583979085,143.98206721980395,3.5204271375080055e-27,inconclusive,True,1.0,1.0,6.344901814077684e-07,9.250633647517567e-07,True,11,0.6145021915435791,c2.00_beta6_rho0.75,2.0,6,0.75,800
True,4,4,0.44329388050531904,0.7860378579738564,0.7330785417027414,0.16040237609374433,-1.664074216339919,0.4992286479640794,122.35965262859406,1.079137420946876e-22,equivalent,True,1.0,1.0,6.034323101229842e-07,8.575177571836485e-07,True,12,0.5935468673706055,c2.00_beta6_rho0.75,2.0,6,0.75,800
True,4,4,0.533335060514102,1.137785147094323,1.0818995304513033,0.209808042662562,0.39035458036765414,0.5972861647460972,170.4944863618066,1.0159061164020996e-32,inconclusive,True,1.0,1.0,8.605931688818518e-07,9.98016946160948e-07,True,13,0.6057078838348389,c2.00_beta6_rho0.75,2.0,6,0.75,800
True,4,4,0.6620636718438226,1.7533132223012995,1.6684735511299444,0.3164581476935192,2.1123600577266295,0.7397636249407601,175.5512589614034,8.83944562411195e-34,meaningfully_different,True,1.0,1.0,9.163672121018488e-07,8.113508904559575e-07,True,14,0.663506031036377,c2.00_beta6_rho0.75,2.0,6,0.75,800
True,4,4,0.561597424377986,1.2615666682719509,1.2060876539777108,0.21794247205531986,0.9456057464806584,0.6254140867466677,176.68896826901891,5.101459295430321e-34,inconclusive,True,1.0,1.0,9.795921540805846e-07,9.516290054686165e-07,True,15,0.595069169998169,c2.00_beta6_rho0.75,2.0,6,0.75,800
True,4,4,0.6234586914271143,1.554802959664039,1.4857207795740475,0.2672595721696749,1.81741209727627,0.6937801626226487,182.39511607327094,3.232698045719366e-35,meaningfully_different,True,1.0,1.0,7.566865016279154e-07,9.400626863053905e-07,True,16,0.6368927955627441,c2.00_beta6_rho0.75,2.0,6,0.75,800
True,4,4,0.5504013233725773,1.2117664670811377,1.1261504500999096,0.2693694674142073,0.4683175539933373,0.6263433155159706,170.41330025305854,1.0565005392196267e-32,inconclusive,True,1.0,1.0,8.969880888361275e-07,9.489815486313145e-07,True,17,0.6499981880187988,c2.00_beta6_rho0.75,2.0,6,0.75,800
True,4,4,0.6253527270103062,1.5642641327169065,1.5000555704413645,0.2580756835831342,1.9376314866188509,0.6936411706731124,200.90436933829216,4.1203191964526954e-39,meaningfully_different,True,1.0,1.0,9.19164364809061e-07,9.277068590557266e-07,True,18,0.6241698265075684,c2.00_beta6_rho0.75,2.0,6,0.75,800
True,4,4,0.5132987887647483,1.0539025861894307,0.9957204778081737,0.2066094148453213,-0.020713103490613595,0.5778327446542861,140.58131108610888,1.796227813710455e-26,inconclusive,True,1.0,1.0,9.848849925216472e-07,8.504649932202269e-07,True,19,0.6074831485748291,c2.00_beta6_rho0.75,2.0,6,0.75,800
True,4,4,0.6522867976049043,1.7019122653186456,1.1759671579368467,1.2896275242901005,0.13644804769013524,0.9079118443827388,184.13324071169075,1.3943020511810703e-35,inconclusive,True,1.0,1.0,8.053151148762098e-07,9.44654217389729e-07,True,20,0.757112979888916,c2.00_beta6_rho0.75,2.0,6,0.75,800
True,4,4,0.6942533484338862,1.927950847246652,1.834469807014736,0.36224647379661673,2.303596770090988,0.7794729362347167,196.43125473196474,3.607590395300191e-38,meaningfully_different,True,1.0,1.0,9.122415680576551e-07,9.67213722601502e-07,True,21,0.6710729598999023,c2.00_beta6_rho0.75,2.0,6,0.75,800
True,4,4,0.637223969880812,1.624217551162648,1.5089368183035055,0.4190980519564328,1.214362166389673,0.7413318705398312,133.97777229598606,4.2319785087785965e-25,inconclusive,True,1.0,1.0,8.253841312596478e-07,9.947511601133979e-07,True,22,0.6966829299926758,c2.00_beta6_rho0.75,2.0,6,0.75,800
True,4,4,0.593643636859745,1.4096510703362588,1.3367065440855501,0.27005407053798547,1.2468115863418892,0.6672529433211524,168.48447628070818,2.679506319531605e-32,inconclusive,True,1.0,1.0,9.246292715906224e-07,9.50959680713534e-07,True,23,0.6366991996765137,c2.00_beta6_rho0.75,2.0,6,0.75,800
True,4,4,0.5204235950228301,1.0833628730259468,1.0332848202368161,0.18962533719473004,0.17552939248110747,0.579911791543219,158.49949147749209,3.29349054841395e-30,inconclusive,True,1.0,1.0,9.343592605694384e-07,7.97051696541146e-07,True,24,0.5964090824127197,c2.00_beta6_rho0.75,2.0,6,0.75,800
False,4,3,,,,,,,,,not_applicable,False,1.0,1.0,8.553895027192359e-07,9.566494661435623e-07,False,25,1.6514301300048828,c2.00_beta6_rho0.75,2.0,6,0.75,800
True,4,4,0.6742284057873333,1.8183357726821163,1.6830933508808057,0.5032797883608814,1.3572834965329212,0.792293338375625,179.10437768655694,1.5873919912614214e-34,inconclusive,True,1.0,1.0,8.293633032022965e-07,9.67717020461866e-07,True,26,0.6882400512695312,c2.00_beta6_rho0.75,2.0,6,0.75,800
False,4,3,,,,,,,,,not_applicable,False,1.0,1.0,8.306895300637198e-07,9.425024958907145e-07,False,27,0.907210111618042,c2.00_beta6_rho0.75,2.0,6,0.75,800
True,4,4,0.6428227804305541,1.6528845081618735,1.5875228901618021,0.26798776159017057,2.192349705358156,0.7120961191777414,218.03313914079467,1.0023900084449267e-42,meaningfully_different,True,1.0,1.0,7.852677070532087e-07,9.174694822892275e-07,True,28,0.6272261142730713,c2.00_beta6_rho0.75,2.0,6,0.75,800
True,4,4,0.4943237105947958,0.9774237234248297,0.9175067914721273,0.20899727778880134,-0.3947094880883319,0.5615328845815758,137.57406420693675,7.579044541261689e-26,inconclusive,True,1.0,1.0,8.333371829069397e-07,9.479018286886299e-07,True,29,0.6127550601959229,c2.00_beta6_rho0.75,2.0,6,0.75,800
True,4,4,0.5047354632198219,1.0190315513269126,0.9656240091402302,0.2017799397922103,-0.17036376804933964,0.5695442201781826,139.0297042057873,3.7760548300659835e-26,inconclusive,True,1.0,1.0,9.757292747137395e-07,9.565254844756429e-07,True,30,0.5926189422607422,c2.00_beta6_rho0.75,2.0,6,0.75,800
False,4,3,,,,,,,,,not_applicable,False,1.0,1.0,9.818493143686093e-07,7.36012237624401e-07,False,31,0.8828120231628418,c2.00_beta6_rho0.75,2.0,6,0.75,800
True,4,4,0.6506371599106503,1.6933148554263884,1.608164938247624,0.3355399719588722,1.812496242093529,0.7348603741717488,165.41820820395594,1.1755651198421263e-31,meaningfully_different,True,1.0,1.0,7.356242301028912e-07,9.413294572314347e-07,True,32,0.6465020179748535,c2.00_beta6_rho0.75,2.0,6,0.75,800
True,4,4,0.6103050495489083,1.4898890140195815,1.4108097627475409,0.31397669769466985,1.3084084448427362,0.6941281352763451,182.03159023308376,3.8541914260600815e-35,inconclusive,True,1.0,1.0,8.373715870824661e-07,9.887216543981842e-07,True,33,0.6357748508453369,c2.00_beta6_rho0.75,2.0,6,0.75,800
True,4,4,0.5685892688384916,1.2931750265531616,1.231132494381816,0.25202253733562774,0.917110417287833,0.6414188723041746,160.66599661776579,1.160565733796665e-30,inconclusive,True,1.0,1.0,6.584337763350667e-07,8.966502431677393e-07,True,34,0.6184899806976318,c2.00_beta6_rho0.75,2.0,6,0.75,800
True,4,4,0.5570022935520401,1.2410062200889325,1.177151120073649,0.23758231286528317,0.7456410283121516,0.626086904728415,153.10247133217098,4.4162548279524205e-29,inconclusive,True,1.0,1.0,7.774021740387335e-07,9.651158403454706e-07,True,35,0.6212549209594727,c2.00_beta6_rho0.75,2.0,6,0.75,800
True,4,4,0.6383912064177316,1.630173329725947,1.5395607447215547,0.341649799212441,1.5792801458257286,0.7248318177521218,167.34157489242278,4.650197397306307e-32,inconclusive,True,1.0,1.0,9.69595805239385e-07,9.977335532189017e-07,True,36,0.665834903717041,c2.00_beta6_rho0.75,2.0,6,0.75,800
True,4,4,0.5470066786126475,1.1968652257873609,1.1459350276608526,0.19004584711016673,0.7678937997327366,0.6038486210481637,196.84405597588307,2.953150773197214e-38,inconclusive,True,1.0,1.0,7.186282493154339e-07,7.031386555176017e-07,True,37,0.6015560626983643,c2.00_beta6_rho0.75,2.0,6,0.75,800
True,4,4,0.6832208175505127,1.8671627421375636,1.7076618669975012,0.511395629983569,1.3837855185040164,0.7982532216945804,205.09364704794825,5.3933894252933245e-40,inconclusive,True,1.0,1.0,8.47991982572986e-07,9.25667863073391e-07,True,38,0.7489111423492432,c2.00_beta6_rho0.75,2.0,6,0.75,800
True,4,4,0.505475513806844,1.0220219802331716,0.9773926821946887,0.1793869857924024,-0.1260254065000786,0.5640164041061249,162.94616306317505,3.8696237282931644e-31,inconclusive,True,1.0,1.0,9.838856302277134e-07,8.4129311476017e-07,True,39,0.5777459144592285,c2.00_beta6_rho0.75,2.0,6,0.75,800
True,4,4,0.6237609771195748,1.556311026308667,1.488198575181634,0.2852046641270815,1.7117482165863265,0.6995209970748806,183.97578587025848,1.5046843344021678e-35,meaningfully_different,True,1.0,1.0,9.715990642265796e-07,9.562896690167939e-07,True,40,0.646306037902832,c2.00_beta6_rho0.75,2.0,6,0.75,800
True,4,4,0.7022681710500347,1.9727223362798434,1.5926142530600957,0.9985214335820024,0.5934917700606654,0.8993102710794861,178.84245209083798,1.8016705818734477e-34,inconclusive,True,1.0,1.0,7.269205190618963e-07,9.915971102574653e-07,True,41,0.7900440692901611,c2.00_beta6_rho0.75,2.0,6,0.75,800
True,4,4,0.5863605042386832,1.3752745637241715,1.3139423285019127,0.25159235001739355,1.2478214400406398,0.6572242611813084,187.42135868109517,2.8389707417007178e-36,inconclusive,True,1.0,1.0,9.643932372143724e-07,8.253664739617364e-07,True,42,0.6241281032562256,c2.00_beta6_rho0.75,2.0,6,0.75,800
True,4,4,0.5110801063212672,1.0448115003094314,0.9933046400980802,0.1918453030654979,-0.03489978537360368,0.5720275523650431,160.7424858905711,1.118594355330739e-30,inconclusive,True,1.0,1.0,6.948063248683449e-07,8.357093427601759e-07,True,43,0.6001467704772949,c2.00_beta6_rho0.75,2.0,6,0.75,800
True,4,4,0.5883865106176186,1.3847947435071082,1.3091333136862144,0.2949819248557006,1.0479737490269496,0.6697640261073746,162.03589170588577,5.9996208640017595e-31,inconclusive,True,1.0,1.0,8.343695565685278e-07,9.128500581675109e-07,True,44,0.6472439765930176,c2.00_beta6_rho0.75,2.0,6,0.75,800
True,4,4,0.5538251004618397,1.2268889676062678,1.1647212114707872,0.24555243213377823,0.670818896149423,0.626222608197913,164.72809343088227,1.639543915832703e-31,inconclusive,True,1.0,1.0,5.831042922647e-07,9.224933833264518e-07,True,45,0.6105461120605469,c2.00_beta6_rho0.75,2.0,6,0.75,800
False,4,2,,,,,,,,,not_applicable,False,1.0,1.0,6.534686152758996e-07,9.238585621159216e-07,False,46,2.5858840942382812,c2.00_beta6_rho0.75,2.0,6,0.75,800
True,4,4,0.6535725523119627,1.7086283245422924,1.5781516077960416,0.5248845084499115,1.101483466340888,0.7812665670644238,156.16952175766846,1.0105467662199726e-29,inconclusive,True,1.0,1.0,9.422541731579244e-07,8.873771684931797e-07,True,47,0.6943490505218506,c2.00_beta6_rho0.75,2.0,6,0.75,800
True,4,4,0.6454574334257767,1.6664611934583637,1.5752679329278207,0.3345580105642713,1.7194863514329366,0.7289662012106822,181.5463944236438,4.873640287617618e-35,meaningfully_different,True,1.0,1.0,9.142483086886162e-07,7.72640867953025e-07,True,48,0.6807138919830322,c2.00_beta6_rho0.75,2.0,6,0.75,800
True,4,4,0.5373200910777567,1.1548515211032349,1.10268738103092,0.213271232421058,0.48148725857309177,0.6028033139430945,170.61544148492482,9.583000976665998e-33,inconclusive,True,1.0,1.0,9.551533268040067e-07,9.249958015928575e-07,True,49,0.6019740104675293,c2.00_beta6_rho0.75,2.0,6,0.75,800
True,4,4,0.513759240024235,1.055794226841118,0.9893160669733272,0.22878486990312122,-0.04669859956734426,0.5843016536912027,139.46217506428013,3.069842015017508e-26,inconclusive,True,1.0,1.0,7.856382569443307e-07,9.947985308048257e-07,True,50,0.6300029754638672,c2.00_beta6_rho0.75,2.0,6,0.75,800
True,4,4,0.6806918523144607,1.8533655912291662,1.7482484948646104,0.40175121382487544,1.8624672909906232,0.7760590241818939,156.74351404298395,7.667143977946267e-30,meaningfully_different,True,1.0,1.0,9.275364706178411e-07,9.999255212219534e-07,True,51,0.6773731708526611,c2.00_beta6_rho0.75,2.0,6,0.75,800
True,4,4,0.5573224706274061,1.2424333450649439,1.1873302224044964,0.23070854328948937,0.8119778302680254,0.6258618071513279,155.57012311249505,1.348245577643775e-29,inconclusive,True,1.0,1.0,7.901602906760322e-07,9.715449498569782e-07,True,52,0.609248161315918,c2.00_beta6_rho0.75,2.0,6,0.75,800
False,4,3,,,,,,,,,not_applicable,False,1.0,1.0,7.401790753492813e-07,8.105710412822703e-07,False,53,1.3140947818756104,c2.00_beta6_rho0.75,2.0,6,0.75,800
True,4,4,0.5194208954661584,1.0791922665874636,1.0171013467578442,0.2287837212201188,0.07474896669501496,0.5902154437987478,138.31966942673034,5.30453052969886e-26,inconclusive,True,1.0,1.0,8.899616589427381e-07,8.497784117566225e-07,True,54,0.6154561042785645,c2.00_beta6_rho0.75,2.0,6,0.75,800
True,4,4,0.5843609692954116,1.3659109697434921,1.2997002630644938,0.2486496825187572,1.2053112637370271,0.6535848443767274,185.28661120835045,7.979067833422566e-36,inconclusive,True,1.0,1.0,7.634481725419713e-07,9.86407706330635e-07,True,55,0.6419229507446289,c2.00_beta6_rho0.75,2.0,6,0.75,800
True,4,4,0.7032618028714732,1.9783086535121395,1.8316078171799832,0.50118522767987,1.65928237955004,0.814859521129826,183.0024515671203,2.409722911941886e-35,meaningfully_different,True,1.0,1.0,8.886402193633894e-07,9.902846964783452e-07,True,56,0.7095181941986084,c2.00_beta6_rho0.75,2.0,6,0.75,800
True,4,4,0.6188640104515122,1.5319706537285174,1.4102271510060036,0.47547106707528586,0.862780470596013,0.7403221359981198,134.50815624071345,3.2842927644882175e-25,inconclusive,True,1.0,1.0,9.838249541587498e-07,9.257020681166695e-07,True,57,0.6909840106964111,c2.00_beta6_rho0.75,2.0,6,0.75,800
True,4,4,0.5662618498208851,1.2826099302502827,1.2213088981014768,0.23215815782709096,0.9532678074845228,0.6330827524956235,155.92201496473982,1.1383141139636802e-29,inconclusive,True,1.0,1.0,8.50791629242602e-07,9.893392445147994e-07,True,58,0.6174070835113525,c2.00_beta6_rho0.75,2.0,6,0.75,800
True,4,4,0.5986393701210851,1.4334763818358782,1.3721614806789224,0.23642155705434933,1.574143598899354,0.6635209748548427,199.5090082504376,8.10850235442055e-39,inconclusive,True,1.0,1.0,6.335682917224283e-07,8.791226185002439e-07,True,59,0.6185150146484375,c2.00_beta6_rho0.75,2.0,6,0.75,800
True,4,4,0.686483962025128,1.8850409204708696,1.743469095642204,0.5747665647999342,1.2935148652931685,0.819889621291155,207.47773736659207,1.69462520802192e-40,inconclusive,True,1.0,1.0,9.882287837349453e-07,9.570530286349344e-07,True,60,0.6868600845336914,c2.00_beta6_rho0.75,2.0,6,0.75,800
True,4,4,0.5502936739449866,1.211292510335485,1.1411249690500902,0.2516995296077046,0.5606882510668401,0.6235250302167713,164.79918453121434,1.5843133193748126e-31,inconclusive,True,1.0,1.0,9.85472775926683e-07,9.914898487963575e-07,True,61,0.6373510360717773,c2.00_beta6_rho0.75,2.0,6,0.75,800
True,4,4,0.4997850260970523,0.999140289243325,0.932168531654965,0.23375717869955717,-0.2901791881746537,0.5737300922177769,136.91461540593554,1.039068493459538e-25,inconclusive,True,1.0,1.0,9.695323608230588e-07,9.837498098994856e-07,True,62,0.633253812789917,c2.00_beta6_rho0.75,2.0,6,0.75,800
True,4,4,0.6412799025613282,1.644959653716266,1.5737653695667315,0.2911884463195878,1.970426288606957,0.7163671791794117,181.9247124470793,4.058679879301265e-35,meaningfully_different,True,1.0,1.0,8.311792838344089e-07,8.696181306562473e-07,True,63,0.6438043117523193,c2.00_beta6_rho0.75,2.0,6,0.75,800
True,4,4,0.5103975678620568,1.0420227091180114,0.9899714486948129,0.19332930725736025,-0.05187289732454828,0.5718325499945542,140.17517648819307,2.1819129864869283e-26,inconclusive,True,1.0,1.0,8.308172136474064e-07,9.574524178140758e-07,True,64,0.5831701755523682,c2.00_beta6_rho0.75,2.0,6,0.75,800
False,4,3,,,,,,,,,not_applicable,False,1.0,1.0,7.8526847173171e-07,8.021556223080874e-07,False,65,0.8609521389007568,c2.00_beta6_rho0.75,2.0,6,0.75,800
True,4,4,0.6032397618775007,1.4555928412400951,1.3944176921070195,0.2385620048479275,1.6533131181490655,0.6683594225852486,204.91963704439638,5.868844093365162e-40,meaningfully_different,True,1.0,1.0,9.55060857060402e-07,8.988679587804742e-07,True,66,0.6032328605651855,c2.00_beta6_rho0.75,2.0,6,0.75,800
True,4,4,0.569758924726386,1.2985009292214702,1.236161068730033,0.23718803438295732,0.9956702467913446,0.6376324700315871,164.15461425897178,2.161546849573332e-31,inconclusive,True,1.0,1.0,9.75297008120487e-07,9.746834886465112e-07,True,67,0.6200461387634277,c2.00_beta6_rho0.75,2.0,6,0.75,800
True,4,4,0.6583436683725271,1.7336655427447836,1.6463650967060839,0.34846277363804884,1.8549042985506068,0.7449052546770962,177.25171221493514,3.886796569255562e-34,meaningfully_different,True,1.0,1.0,9.093220344565346e-07,9.922877556964298e-07,True,68,0.6680421829223633,c2.00_beta6_rho0.75,2.0,6,0.75,800
True,4,4,0.6695937895525906,1.793423372029596,1.686070679332307,0.39662273672756265,1.7297815173000637,0.7646007171017526,203.28336913222887,1.298738688759799e-39,meaningfully_different,True,1.0,1.0,5.882146740725066e-07,9.301696421649191e-07,True,69,0.6876480579376221,c2.00_beta6_rho0.75,2.0,6,0.75,800
True,4,4,0.5574221934529935,1.2428780070157859,1.1836349570528095,0.2356488343864025,0.7792737762992547,0.6267461202472996,169.6628169828858,1.5175851146635807e-32,inconclusive,True,1.0,1.0,8.964027630291758e-07,9.944414577575654e-07,True,70,0.6030640602111816,c2.00_beta6_rho0.75,2.0,6,0.75,800
True,4,4,0.5204321225015817,1.0833983765260053,1.0070965256480442,0.24677055999806266,0.028757586188968034,0.594347957068438,117.48756366001373,1.0939450943604416e-21,inconclusive,True,1.0,1.0,7.062971271827124e-07,9.466005822409419e-07,True,71,0.6577200889587402,c2.00_beta6_rho0.75,2.0,6,0.75,800
True,4,4,0.5707335420582502,1.3029471041214258,1.2399258695058484,0.23651357910981816,1.0144274608201072,0.6381528202413405,180.1894892421409,9.393693967132631e-35,inconclusive,True,1.0,1.0,9.510579581309331e-07,8.481634349288842e-07,True,72,0.6248211860656738,c2.00_beta6_rho0.75,2.0,6,0.75,800
True,4,4,0.5852522465708576,1.3700807684649439,1.301793258165242,0.26747077132622404,1.128322383297561,0.659875656181657,155.44015350918832,1.4352144118736757e-29,inconclusive,True,1.0,1.0,9.568000505723752e-07,8.508812477114981e-07,True,73,0.6312050819396973,c2.00_beta6_rho0.75,2.0,6,0.75,800
True,4,4,0.661740430032099,1.7516015869562693,1.6638707724078365,0.35611797299381565,1.8641877769515591,0.7499387828198579,212.11228416115952,1.7832022819131424e-41,meaningfully_different,True,1.0,1.0,9.205103459691212e-07,9.509224270001371e-07,True,74,0.6524679660797119,c2.00_beta6_rho0.75,2.0,6,0.75,800
True,4,4,0.5368299295067034,1.1527454928566887,1.100410133515205,0.1991878851426015,0.5040975933015199,0.5975041943026019,177.039836545527,4.305855942112444e-34,inconclusive,True,1.0,1.0,9.424530427175505e-07,9.186447396484957e-07,True,75,0.5980992317199707,c2.00_beta6_rho0.75,2.0,6,0.75,800
True,4,4,0.5350390981250627,1.1450673460899217,1.0912266061851466,0.2088657403256592,0.4367715166829557,0.5989115495433593,160.3896418608954,1.325759453205607e-30,inconclusive,True,1.0,1.0,8.062352949478177e-07,9.945245326731843e-07,True,76,0.6074261665344238,c2.00_beta6_rho0.75,2.0,6,0.75,800
True,4,4,0.5719547080281998,1.3085287521424933,1.212324026962747,0.3362642355330792,0.6314201884305363,0.6643473252737224,157.869580297418,4.459827232616137e-30,inconclusive,True,1.0,1.0,4.725870735138183e-07,8.268114722332248e-07,True,77,0.6450860500335693,c2.00_beta6_rho0.75,2.0,6,0.75,800
False,4,3,,,,,,,,,not_applicable,False,1.0,1.0,8.799085523907395e-07,8.276790124284688e-07,False,78,2.4117138385772705,c2.00_beta6_rho0.75,2.0,6,0.75,800
False,4,3,,,,,,,,,not_applicable,False,1.0,1.0,7.466348854599558e-07,9.605257429788395e-07,False,79,0.7704610824584961,c2.00_beta6_rho0.75,2.0,6,0.75,800
True,4,4,0.6132958820330519,1.5045273556747962,1.4127501012723016,0.3269275756151503,1.2625123484786096,0.6983011724487747,183.56986277617997,1.8312358346804682e-35,inconclusive,True,1.0,1.0,8.568553872223104e-07,9.10386790681522e-07,True,80,0.6732051372528076,c2.00_beta6_rho0.75,2.0,6,0.75,800
True,4,4,0.6062894781930717,1.4703477254705084,1.404436411898835,0.27526693684516607,1.4692516890480205,0.6813975035448157,170.11651798489999,1.2191893072648677e-32,inconclusive,True,1.0,1.0,8.554948260046535e-07,9.554995823986795e-07,True,81,0.6338338851928711,c2.00_beta6_rho0.75,2.0,6,0.75,800
True,4,4,0.5611858493954601,1.2597182302468164,1.1992714616683164,0.24087609479912592,0.8272778659687883,0.631561038191196,166.24182087223184,7.903026673025404e-32,inconclusive,True,1.0,1.0,8.590882821628362e-07,9.171267678951054e-07,True,82,0.6220970153808594,c2.00_beta6_rho0.75,2.0,6,0.75,800
False,4,3,,,,,,,,,not_applicable,False,1.0,1.0,7.144925253700981e-07,9.55161847627347e-07,False,83,0.9956250190734863,c2.00_beta6_rho0.75,2.0,6,0.75,800
True,4,4,0.6131749862973703,1.5039342552831212,1.4253341013434615,0.2860319418852927,1.487016095265448,0.6884429494114704,166.01708279055333,8.80752004690917e-32,inconclusive,True,1.0,1.0,7.793396352664349e-07,9.303425362462865e-07,True,84,0.6718838214874268,c2.00_beta6_rho0.75,2.0,6,0.75,800
True,4,4,0.5980752070296523,1.430775813054246,1.3302045265757148,0.3897416048488057,0.8472396132915102,0.7020100460259028,153.3299994026179,3.9587334341292733e-29,inconclusive,True,1.0,1.0,9.865986438250176e-07,9.482809128232906e-07,True,85,0.6518959999084473,c2.00_beta6_rho0.75,2.0,6,0.75,800
True,4,4,0.5162301485243794,1.0659742649820114,1.0182122812683339,0.17869568058885385,0.10191785950460094,0.5727435114441437,184.21488245984722,1.3402931500599631e-35,inconclusive,True,1.0,1.0,6.795797447087548e-07,8.812070049093962e-07,True,86,0.5881600379943848,c2.00_beta6_rho0.75,2.0,6,0.75,800
True,4,4,0.6432625888024555,1.6551470326113478,1.5923634182201423,0.25935679680299834,2.283971060415619,0.7104518608104405,222.7828029526736,9.942160263137e-44,meaningfully_different,True,1.0,1.0,5.804749568181914e-07,9.485472170949661e-07,True,87,0.6393749713897705,c2.00_beta6_rho0.75,2.0,6,0.75,800
True,4,4,0.5287626282377345,1.1183596680835062,1.063232808076148,0.20137830168621654,0.31400010600286016,0.5904385315157813,173.41826446802523,2.4766015951490082e-33,inconclusive,True,1.0,1.0,9.65532802356501e-07,9.271053844748558e-07,True,88,0.6118237972259521,c2.00_beta6_rho0.75,2.0,6,0.75,800
True,4,4,0.6629068391127908,1.757781909370046,1.6549631125961155,0.3829063984934187,1.7105044866660093,0.7557757754355687,172.82568140744237,3.2970561762406144e-33,meaningfully_different,True,1.0,1.0,8.667684195282033e-07,9.757637094613257e-07,True,89,0.679959774017334,c2.00_beta6_rho0.75,2.0,6,0.75,800
True,4,4,0.6018632480973225,1.4489574776410366,1.3877896227603936,0.2391238950430828,1.62171004570884,0.6672918081343371,193.76634723706098,1.3130524440787042e-37,inconclusive,True,1.0,1.0,9.653327735089388e-07,8.397806017382397e-07,True,90,0.6202871799468994,c2.00_beta6_rho0.75,2.0,6,0.75,800
True,4,4,0.5948298453558973,1.415290179704483,1.1461088473795629,0.7344202310130958,0.1989444751242937,0.7671575177347856,162.19745676372145,5.550379029314658e-31,inconclusive,True,1.0,1.0,5.713074594855906e-07,9.448583154205629e-07,True,91,0.735325813293457,c2.00_beta6_rho0.75,2.0,6,0.75,800
True,4,4,0.5705041697664484,1.3019000308836182,1.241117306898651,0.22952350797521337,1.0505124683119154,0.636130859466491,187.1727007309011,3.202176313342331e-36,inconclusive,True,1.0,1.0,8.773353314987741e-07,7.86138378470968e-07,True,92,0.6132690906524658,c2.00_beta6_rho0.75,2.0,6,0.75,800
True,4,4,0.5026968960217247,1.010816677079507,0.9569692231200931,0.1886949593403804,-0.22804412492166845,0.5628820505617892,173.03880451674547,2.9746382543988588e-33,inconclusive,True,1.0,1.0,6.880467777090497e-07,9.029786085399327e-07,True,93,0.6102383136749268,c2.00_beta6_rho0.75,2.0,6,0.75,800
False,4,3,,,,,,,,,not_applicable,False,1.0,1.0,8.978857858013199e-07,9.472880464498634e-07,False,94,1.0332081317901611,c2.00_beta6_rho0.75,2.0,6,0.75,800
True,4,4,0.5487675288029266,1.2045832026738834,1.157187614179112,0.1895442747502854,0.8292923349238502,0.6060033419812975,205.6513369160864,4.113998895505419e-40,inconclusive,True,1.0,1.0,9.6061775263867e-07,9.835158721049732e-07,True,95,0.5752599239349365,c2.00_beta6_rho0.75,2.0,6,0.75,800
True,4,4,0.5952671407665732,1.4173718755056448,1.347414068380671,0.2552186366858458,1.361240984953268,0.6646825122942145,191.8738456563231,3.285336252585452e-37,inconclusive,True,1.0,1.0,7.675362017122877e-07,7.674995070420933e-07,True,96,0.6453850269317627,c2.00_beta6_rho0.75,2.0,6,0.75,800
True,4,4,0.634078898702456,1.608224199118878,1.5229186006222821,0.3359620667751978,1.5564810802648814,0.7203344752050223,177.73584961281145,3.0759269488011395e-34,inconclusive,True,1.0,1.0,9.01350498601052e-07,8.657042328055817e-07,True,97,0.671367883682251,c2.00_beta6_rho0.75,2.0,6,0.75,800
True,4,4,0.5497496729110088,1.2088988114630448,1.156168920075825,0.21514089732871194,0.7258913670756694,0.6144192797578358,192.07018620844684,2.9871946741552655e-37,inconclusive,True,1.0,1.0,6.374961408099921e-07,9.918478003842543e-07,True,98,0.593332052230835,c2.00_beta6_rho0.75,2.0,6,0.75,800
True,4,4,0.6177540960149455,1.5264804925729698,0.728317541225608,1.6974407625331627,-0.1600541619896937,0.9381310057787176,175.00308584035497,1.1519445949686242e-33,inconclusive,True,1.0,1.0,8.533467668530482e-07,9.598303687547844e-07,True,99,0.8079659938812256,c2.00_beta6_rho0.75,2.0,6,0.75,800
True,4,4,0.5878182307028909,1.382121089386708,1.3134861270655898,0.2630744249716303,1.1916252486321914,0.660720260234683,170.58339562766554,9.732364509127125e-33,inconclusive,True,1.0,1.0,7.799425957511695e-07,7.869688493375253e-07,True,100,0.6372580528259277,c2.00_beta6_rho0.75,2.0,6,0.75,800
True,4,4,0.5655019203434136,1.2791696876483543,1.2228285125829774,0.20912932450069832,1.0655058209315516,0.6258625329275316,191.75628071722468,3.477912016129337e-37,inconclusive,True,1.0,1.0,4.643243297322854e-07,7.889290042886931e-07,True,101,0.609382152557373,c2.00_beta6_rho0.75,2.0,6,0.75,800
False,4,3,,,,,,,,,not_applicable,False,1.0,1.0,9.663643530069568e-07,9.287233545988245e-07,False,102,1.104254961013794,c2.00_beta6_rho0.75,2.0,6,0.75,800
True,4,4,0.7170085106668423,2.0564048174747334,1.367475922880382,1.6945401485829288,0.21685878802440087,1.0191597559131613,166.99022793225686,5.508840125981527e-32,inconclusive,True,1.0,1.0,9.520604141641538e-07,9.969937263560387e-07,True,103,0.8104350566864014,c2.00_beta6_rho0.75,2.0,6,0.75,800
True,4,4,0.6497620816733635,1.6887630511220106,1.6013195810799399,0.321631999397715,1.8695887915567022,0.7297871507900309,179.26824253023608,1.4664910723144334e-34,meaningfully_different,True,1.0,1.0,9.726146304278649e-07,9.129811243211915e-07,True,104,0.6656961441040039,c2.00_beta6_rho0.75,2.0,6,0.75,800
True,4,4,0.4734502902902253,0.8966207095035943,0.8518977142989829,0.16271361114492142,-0.9102021930366313,0.5290410635633774,153.33485071263652,3.949512458856235e-29,inconclusive,True,1.0,1.0,9.970105486328453e-07,9.302023965494144e-07,True,105,0.5780742168426514,c2.00_beta6_rho0.75,2.0,6,0.75,800
True,4,4,0.5734941005581211,1.3155819334998733,1.255147115182126,0.23514766594393505,1.0850505964322834,0.640689200466806,170.60112708250307,9.649434147666541e-33,inconclusive,True,1.0,1.0,7.389913889578225e-07,9.409480444836036e-07,True,106,0.6301350593566895,c2.00_beta6_rho0.75,2.0,6,0.75,800
False,4,3,,,,,,,,,not_applicable,False,1.0,1.0,8.221638150161298e-07,8.409929479495666e-07,False,107,0.8854179382324219,c2.00_beta6_rho0.75,2.0,6,0.75,800
True,4,4,0.5747615790436231,1.3214034909788763,1.2619943083682919,0.23143753327555106,1.1320303351849144,0.6408344510069047,174.1187984792153,1.7657469845251006e-33,inconclusive,True,1.0,1.0,9.836305263149044e-07,8.058952162261321e-07,True,108,0.6190798282623291,c2.00_beta6_rho0.75,2.0,6,0.75,800
True,4,4,0.5983521238239822,1.4321010563386805,1.371734621933614,0.24825516578595336,1.4973892718676602,0.6670978248701757,179.30859452433555,1.4381594177230982e-34,inconclusive,True,1.0,1.0,8.880847590798293e-07,9.68557292148133e-07,True,109,0.6233608722686768,c2.00_beta6_rho0.75,2.0,6,0.75,800
True,4,4,0.4869592863843784,0.9485173863839322,0.8923398324664583,0.19390382602201342,-0.5552245654055289,0.5502915690746439,137.48191497928912,7.920713376363821e-26,inconclusive,True,1.0,1.0,7.78856790976678e-07,9.83351859471605e-07,True,110,0.6099178791046143,c2.00_beta6_rho0.75,2.0,6,0.75,800
True,4,4,0.5625058699212873,1.2656514147836164,1.1274404015072488,0.4560490144386111,0.2794445278302505,0.6851230321946276,123.56268826799052,6.086640811377701e-23,inconclusive,True,1.0,1.0,7.823760350092226e-07,9.744598032331743e-07,True,111,0.6959717273712158,c2.00_beta6_rho0.75,2.0,6,0.75,800
False,4,3,,,,,,,,,not_applicable,False,1.0,1.0,8.227922850942849e-07,9.995451723172283e-07,False,112,1.153367042541504,c2.00_beta6_rho0.75,2.0,6,0.75,800
True,4,4,0.635774961163137,1.6168392049679534,1.530085631988921,0.33048154677147096,1.6039795176687333,0.7200137850827072,194.137115139701,1.0970730936280037e-37,inconclusive,True,1.0,1.0,8.204985245932253e-07,8.28122790786897e-07,True,113,0.6689801216125488,c2.00_beta6_rho0.75,2.0,6,0.75,800
True,4,4,0.5722180460720363,1.3097339690019962,1.154702408410085,0.4743800421300136,0.32611491772599827,0.6955192558910627,154.27551612570534,2.5127198889421392e-29,inconclusive,True,1.0,1.0,8.187563717205754e-07,8.989961552079651e-07,True,114,0.677558183670044,c2.00_beta6_rho0.75,2.0,6,0.75,800
True,4,4,0.6343186602546669,1.609440650989102,1.5099659689016085,0.36315090650549914,1.4042811397853034,0.725826434934326,185.9981769531169,5.654278605003809e-36,inconclusive,True,1.0,1.0,8.873034336219781e-07,8.126900063401895e-07,True,115,0.6718370914459229,c2.00_beta6_rho0.75,2.0,6,0.75,800
True,4,4,0.6692635321938211,1.791654702098199,1.7108447894070187,0.302569892172671,2.3493573147765567,0.7430558481624299,189.801692027814,8.964889458626597e-37,meaningfully_different,True,1.0,1.0,8.735457758848315e-07,9.300725533314321e-07,True,116,0.6695070266723633,c2.00_beta6_rho0.75,2.0,6,0.75,800
True,4,4,0.6078546136112128,1.4779489251537474,1.3947835555338235,0.3318368934320144,1.1896915724191632,0.6965282968501318,179.1339189463137,1.5648828641866001e-34,inconclusive,True,1.0,1.0,7.235586884350703e-07,8.888051923078724e-07,True,117,0.6311371326446533,c2.00_beta6_rho0.75,2.0,6,0.75,800
True,4,4,0.5016805239945489,1.0067333926217807,0.9434906996392618,0.1973092485419072,-0.2863996532262703,0.5630354191199891,159.37902685553334,2.1566804913768556e-30,inconclusive,True,1.0,1.0,9.837422187039948e-07,9.198662592861456e-07,True,118,0.631547212600708,c2.00_beta6_rho0.75,2.0,6,0.75,800
True,4,4,0.6207386192068762,1.5412657334994373,1.4628552891325572,0.2941267733879004,1.5736591531643203,0.6976121377820161,165.5957511825659,1.0791312515679457e-31,inconclusive,True,1.0,1.0,9.937730809622566e-07,9.294596280869509e-07,True,119,0.6531181335449219,c2.00_beta6_rho0.75,2.0,6,0.75,800
True,4,4,0.6356816256308115,1.6163645166585252,1.519678643690457,0.31851873607433406,1.631548115804332,0.7147718765407471,225.62936202712018,2.4874325958402025e-44,inconclusive,True,1.0,1.0,8.984279327655864e-07,9.91123023827807e-07,True,120,0.6463718414306641,c2.00_beta6_rho0.75,2.0,6,0.75,800
True,4,4,0.566835278770954,1.2852089330373806,1.2228945735228958,0.2639792865821124,0.84436387569963,0.6436423425508816,160.01446191758055,1.588259002044405e-30,inconclusive,True,1.0,1.0,4.464225937888914e-07,9.771950932486076e-07,True,121,0.6057920455932617,c2.00_beta6_rho0.75,2.0,6,0.75,800
True,4,4,0.5968888997344436,1.4251054345047787,1.3589267383653625,0.2537963755959727,1.4142311430670331,0.6664053997514456,183.65199377910605,1.7598924793305623e-35,inconclusive,True,1.0,1.0,9.620302986395853e-07,9.669514525049156e-07,True,122,0.6412520408630371,c2.00_beta6_rho0.75,2.0,6,0.75,800
True,4,4,0.5418154343573716,1.1742558596314687,1.1034799042276948,0.24797616450488036,0.41729778518958527,0.6146878064942931,181.96685322625373,3.9767881440060314e-35,inconclusive,True,1.0,1.0,9.390988801304186e-07,8.972495262460114e-07,True,123,0.6184940338134766,c2.00_beta6_rho0.75,2.0,6,0.75,800
False,4,3,,,,,,,,,not_applicable,False,1.0,1.0,9.022517850398631e-07,7.755886259791182e-07,False,124,1.0166380405426025,c2.00_beta6_rho0.75,2.0,6,0.75,800
True,4,4,0.5220674255910316,1.0902175874529894,1.033677079798221,0.20692926406414816,0.16274682051631512,0.586098419703665,159.65528695822957,1.888097690388837e-30,inconclusive,True,1.0,1.0,8.83415386285389e-07,8.651245107954767e-07,True,125,0.598376989364624,c2.00_beta6_rho0.75,2.0,6,0.75,800
True,4,4,0.5772523370342465,1.3328810424459974,1.2647638705479252,0.2425504352371124,1.091582747683373,0.6449270954275272,170.2921389575604,1.1201183359809415e-32,inconclusive,True,1.0,1.0,9.568251729779513e-07,9.219429019397929e-07,True,126,0.6396238803863525,c2.00_beta6_rho0.75,2.0,6,0.75,800
False,4,3,,,,,,,,,not_applicable,False,1.0,1.0,8.287804841924227e-07,9.089495288707994e-07,False,127,1.1352713108062744,c2.00_beta6_rho0.75,2.0,6,0.75,800
True,4,4,0.5872097562536944,1.3792611913580928,1.3011423941156224,0.29999191401174785,1.0038350370464635,0.6698106415125771,147.14474461595034,7.722245978175208e-28,inconclusive,True,1.0,1.0,9.820992862283328e-07,9.521372612116602e-07,True,128,0.6428658962249756,c2.00_beta6_rho0.75,2.0,6,0.75,800
True,4,4,0.6398480111437188,1.6376219094582898,1.5786803714560167,0.2551107596153687,2.268349529155473,0.7068062375367985,224.8370307108056,3.6581508292825767e-44,meaningfully_different,True,1.0,1.0,5.12087022441587e-07,8.204999973267915e-07,True,129,0.6263601779937744,c2.00_beta6_rho0.75,2.0,6,0.75,800
True,4,4,0.6314502986029251,1.594917918422893,1.3536872610585784,0.6535815795294004,0.5411524316723315,0.7792196886398894,165.95824556104358,9.060950999849747e-32,inconclusive,True,1.0,1.0,9.267342154348507e-07,9.886565747510874e-07,True,130,0.7389218807220459,c2.00_beta6_rho0.75,2.0,6,0.75,800
False,4,3,,,,,,,,,not_applicable,False,1.0,1.0,9.127038693857452e-07,8.451804625780227e-07,False,131,0.9276971817016602,c2.00_beta6_rho0.75,2.0,6,0.75,800
False,4,3,,,,,,,,,not_applicable,False,1.0,1.0,9.97375636529327e-07,7.881926273982263e-07,False,132,2.1277339458465576,c2.00_beta6_rho0.75,2.0,6,0.75,800
True,4,4,0.5213257653934097,1.0871222146520978,1.0316183974722506,0.21419046756765145,0.1476181355375398,0.588202848707258,135.04203603397357,2.5444547894658603e-25,inconclusive,True,1.0,1.0,8.107771038660339e-07,9.857447834543604e-07,True,133,0.6172780990600586,c2.00_beta6_rho0.75,2.0,6,0.75,800
True,4,4,0.49272476170002893,0.9711107631694011,0.9164691167305729,0.19148361027564523,-0.43622993711671953,0.5548494452538972,141.5320343844786,1.1391207302621869e-26,inconclusive,True,1.0,1.0,5.464446552528009e-07,9.776843818300052e-07,True,134,0.6042110919952393,c2.00_beta6_rho0.75,2.0,6,0.75,800
True,4,4,0.5726682656508918,1.3117957699344016,1.2581320438347177,0.222929070453792,1.157911093915508,0.6373416928782311,167.15680336234018,5.083607872931642e-32,inconclusive,True,1.0,1.0,8.089454403903869e-07,9.8795094336012e-07,True,135,0.598729133605957,c2.00_beta6_rho0.75,2.0,6,0.75,800
False,4,3,,,,,,,,,not_applicable,False,1.0,1.0,8.222752282909032e-07,7.324380303038e-07,False,136,1.066342830657959,c2.00_beta6_rho0.75,2.0,6,0.75,800
True,4,4,0.6165378999569,1.5204759283330578,1.4423817260065466,0.297925790740784,1.484872205613945,0.6950586384379577,167.94274181295333,3.479729071855577e-32,inconclusive,True,1.0,1.0,8.363507448257342e-07,9.67756154139127e-07,True,137,0.658606767654419,c2.00_beta6_rho0.75,2.0,6,0.75,800
True,4,4,0.5758620722082712,1.3264685048320168,1.2539225953299347,0.2590027684019511,0.9803856418085369,0.6480633144852352,166.0740944374345,8.568713299137741e-32,inconclusive,True,1.0,1.0,8.776965318957152e-07,8.797057250056261e-07,True,138,0.6394150257110596,c2.00_beta6_rho0.75,2.0,6,0.75,800
True,4,4,0.6145849678220195,1.510858730691171,1.4461212516656834,0.26016592829700025,1.7147566346827716,0.6844808475103962,191.99593512650972,3.096623985983692e-37,meaningfully_different,True,1.0,1.0,9.727448486243146e-07,8.960537069845704e-07,True,139,0.6167240142822266,c2.00_beta6_rho0.75,2.0,6,0.75,800
True,4,4,0.5561442730160092,1.2371858096340214,1.1599235790118616,0.29074316524049776,0.5500510351793672,0.6399518592966672,147.48317043128182,6.564586305872514e-28,inconclusive,True,1.0,1.0,9.5004924072816e-07,8.534956860131227e-07,True,140,0.6480128765106201,c2.00_beta6_rho0.75,2.0,6,0.75,800
False,4,3,,,,,,,,,not_applicable,False,1.0,1.0,9.828612523678128e-07,9.31828887281186e-07,False,141,0.8482077121734619,c2.00_beta6_rho0.75,2.0,6,0.75,800
True,4,4,0.4994228387491935,0.9976926874572118,0.9381236958477237,0.19469793148150358,-0.3178066848550704,0.5608861949194828,156.28967329805215,9.537946123497428e-30,inconclusive,True,1.0,1.0,9.97610540493753e-07,9.984472359094262e-07,True,142,0.6231238842010498,c2.00_beta6_rho0.75,2.0,6,0.75,800
True,4,4,0.6445641178233296,1.6618516079414682,1.5457679154786643,0.4150683178193235,1.314886952456423,0.7464071515393634,158.1195915373979,3.954249391074194e-30,inconclusive,True,1.0,1.0,6.763248149066484e-07,9.58366655846281e-07,True,143,0.6895451545715332,c2.00_beta6_rho0.75,2.0,6,0.75,800
True,4,4,0.5657072700464435,1.280098861533599,1.2178971040827988,0.2479144936457184,0.8789203925857766,0.6375108152278274,179.64017923612263,1.2251360834471083e-34,inconclusive,True,1.0,1.0,5.80751112680882e-07,9.202954779205154e-07,True,144,0.615696907043457,c2.00_beta6_rho0.75,2.0,6,0.75,800
False,4,2,,,,,,,,,not_applicable,False,1.0,1.0,9.564161826351859e-07,9.412640606983015e-07,False,145,1.1719970703125,c2.00_beta6_rho0.75,2.0,6,0.75,800
True,4,4,0.6664346261849998,1.7765404439133619,1.6709453809172907,0.37950994348186284,1.7679256958635021,0.7574931827940072,161.16575775180308,9.123122469204646e-31,meaningfully_different,True,1.0,1.0,8.847301385531362e-07,9.756846481395438e-07,True,146,0.6953239440917969,c2.00_beta6_rho0.75,2.0,6,0.75,800
True,4,4,0.5729497213546346,1.3130855328014137,1.2295832302887715,0.29880847770007013,0.7683290382383873,0.6559495862102476,144.46234116230173,2.796294859553779e-27,inconclusive,True,1.0,1.0,7.905511950328198e-07,8.328568851823719e-07,True,147,0.6750388145446777,c2.00_beta6_rho0.75,2.0,6,0.75,800
True,4,4,0.5864199576885701,1.3755534671018577,1.30582436701353,0.25845764629345264,1.1832668578367278,0.6578277441573622,163.30623650487166,3.2532692078749714e-31,inconclusive,True,1.0,1.0,7.946025062473459e-07,8.609011142113233e-07,True,148,0.6364941596984863,c2.00_beta6_rho0.75,2.0,6,0.75,800
True,4,4,0.6183301675651637,1.5293287844846537,1.467610246701162,0.25463423617402914,1.8363997462681136,0.6867398149259353,202.1600276122185,2.240291414077641e-39,meaningfully_different,True,1.0,1.0,9.105282782479442e-07,9.744438871467633e-07,True,149,0.5980470180511475,c2.00_beta6_rho0.75,2.0,6,0.75,800
True,4,4,0.5065165864026341,1.0262362092039081,0.967381334180779,0.2028498767120142,-0.16080199972479997,0.5703156340170753,155.90129155471905,1.1497177191974614e-29,inconclusive,True,1.0,1.0,8.282652902330586e-07,9.199519360662406e-07,True,150,0.6128201484680176,c2.00_beta6_rho0.75,2.0,6,0.75,800
False,4,3,,,,,,,,,not_applicable,False,1.0,1.0,7.980922355877982e-07,9.806202659453088e-07,False,151,0.706240177154541,c2.00_beta6_rho0.75,2.0,6,0.75,800
True,4,4,0.4996271348505637,0.9985090955159334,0.9406966166126529,0.19933172063386395,-0.2975110193137629,0.563153646943652,130.73409786699656,1.992765932974331e-24,inconclusive,True,1.0,1.0,7.951819647329418e-07,8.971596079537917e-07,True,152,0.6432929039001465,c2.00_beta6_rho0.75,2.0,6,0.75,800
True,4,4,0.5932029990770453,1.4075591924560042,1.3470606795360323,0.2565219917248515,1.3529470795170404,0.6650191365700444,168.85439439629715,2.2415645200417076e-32,inconclusive,True,1.0,1.0,8.947916943895245e-07,8.647236804103233e-07,True,153,0.639768123626709,c2.00_beta6_rho0.75,2.0,6,0.75,800
True,4,4,0.5308944061896198,1.127395482093716,1.0384752842634675,0.32209749298122825,0.11945229348838737,0.626154636217288,126.87396337993704,1.2567246655106213e-23,inconclusive,True,1.0,1.0,7.640553753622267e-07,9.859363193545166e-07,True,154,0.6434507369995117,c2.00_beta6_rho0.75,2.0,6,0.75,800
False,4,3,,,,,,,,,not_applicable,False,1.0,1.0,7.671754655850148e-07,9.866482306486441e-07,False,155,1.0496509075164795,c2.00_beta6_rho0.75,2.0,6,0.75,800
True,4,4,0.635069403394141,1.6132525885095608,1.5417055309043557,0.27957298692368254,1.937617567652306,0.7073828829642811,185.30062492846747,7.92513335379316e-36,meaningfully_different,True,1.0,1.0,9.701628439527956e-07,9.73732099947611e-07,True,156,0.6499772071838379,c2.00_beta6_rho0.75,2.0,6,0.75,800
True,4,4,0.6321629741105035,1.5985201033449485,1.480160193850623,0.47128611342228205,1.0188294969353142,0.7508922803646882,168.7840971728954,2.318889559316813e-32,inconclusive,True,1.0,1.0,6.433986107982254e-07,9.880830470512969e-07,True,157,0.6610419750213623,c2.00_beta6_rho0.75,2.0,6,0.75,800
True,4,4,0.6150074956340906,1.512936878744464,1.427946533911322,0.30795255071790584,1.3896508826235843,0.6954285376457862,190.67095078381737,5.884071337356132e-37,inconclusive,True,1.0,1.0,6.883871610247082e-07,9.447000113879914e-07,True,158,0.6446681022644043,c2.00_beta6_rho0.75,2.0,6,0.75,800
True,4,4,0.6110352090555412,1.4934561068221959,1.4203460608355774,0.28685516928857385,1.465359895302123,0.6877828193640901,162.10399967924752,5.805973278589707e-31,inconclusive,True,1.0,1.0,8.810170614392332e-07,9.21300478293517e-07,True,159,0.6457538604736328,c2.00_beta6_rho0.75,2.0,6,0.75,800
True,4,4,0.6922914718321129,1.917069927885893,1.7335617311043854,0.6515797863520739,1.1258202701641413,0.8374537458770274,155.88659780148464,1.1578724603987613e-29,inconclusive,True,1.0,1.0,5.945506039128496e-07,9.144801629279151e-07,True,160,0.7092189788818359,c2.00_beta6_rho0.75,2.0,6,0.75,800
True,4,4,0.618517879874505,1.5302574708978107,1.4690452516089438,0.24851940472388687,1.887358663723134,0.6851684639263635,203.5555978870111,1.137979266748357e-39,meaningfully_different,True,1.0,1.0,9.213809877540632e-07,9.969074607552136e-07,True,161,0.6259958744049072,c2.00_beta6_rho0.75,2.0,6,0.75,800
True,4,4,0.5471481426495334,1.1974843600193363,1.1325624124149525,0.26005975995518055,0.5097382710719978,0.6245643785474322,125.25530476524125,2.718114048671548e-23,inconclusive,True,1.0,1.0,8.640028010629254e-07,9.432079749077586e-07,True,162,0.6400136947631836,c2.00_beta6_rho0.75,2.0,6,0.75,800
True,4,4,0.5836933580503302,1.362791744928284,1.2962266593118537,0.27232460594339847,1.0877704505828723,0.6603333959270088,159.71851264854115,1.831489763684426e-30,inconclusive,True,1.0,1.0,8.348933005754712e-07,8.542669986825296e-07,True,163,0.6235020160675049,c2.00_beta6_rho0.75,2.0,6,0.75,800
True,4,4,0.6218154741828559,1.5466179357329997,1.4840228127044048,0.2667885505982291,1.8142563150444948,0.6933345022038475,200.10276350776917,6.079122993789513e-39,meaningfully_different,True,1.0,1.0,9.489728924031023e-07,9.580567366432793e-07,True,164,0.6420891284942627,c2.00_beta6_rho0.75,2.0,6,0.75,800
True,4,4,0.5798244294683348,1.34478547603312,1.2889563287388868,0.21853104558122888,1.3222667194509923,0.6419516943790764,188.30313260967714,1.8524041881724704e-36,inconclusive,True,1.0,1.0,8.076182179320009e-07,7.825001185401505e-07,True,165,0.6299011707305908,c2.00_beta6_rho0.75,2.0,6,0.75,800
True,4,4,0.6071424617680642,1.4744878755271411,1.4011788202388233,0.27161418833058126,1.4770171716896805,0.6796955941901235,180.22159916062301,9.24897013798759e-35,inconclusive,True,1.0,1.0,9.621385528806415e-07,9.476211541083667e-07,True,166,0.6750929355621338,c2.00_beta6_rho0.75,2.0,6,0.75,800
True,4,4,0.5053284892068315,1.021427528016235,0.973572856177865,0.1816814365829333,-0.1454586903272949,0.5640062557478988,169.05944764219873,2.0304242914838428e-32,inconclusive,True,1.0,1.0,9.91928356787827e-07,8.707104427240404e-07,True,167,0.6131978034973145,c2.00_beta6_rho0.75,2.0,6,0.75,800
True,4,4,0.5971548373766845,1.4263755992094982,1.353414694036845,0.27881883600565166,1.2675423909655847,0.6730584795734931,186.7600241760649,3.910318571178674e-36,inconclusive,True,1.0,1.0,7.847164956722347e-07,9.382189619940149e-07,True,168,0.6290922164916992,c2.00_beta6_rho0.75,2.0,6,0.75,800
True,4,4,0.5897267073281596,1.3911103573444512,1.3090028903720707,0.31328481519433504,0.9863321660846914,0.675335204715646,157.32642450352503,5.792021328326847e-30,inconclusive,True,1.0,1.0,9.650252124321838e-07,9.089246475374969e-07,True,169,0.6466200351715088,c2.00_beta6_rho0.75,2.0,6,0.75,800
True,4,4,0.5501334864367048,1.2105874115960162,1.1364808399109794,0.24903823102878536,0.5480316791007244,0.6217138162909555,176.4776590640442,5.649869112302221e-34,inconclusive,True,1.0,1.0,6.030762353326971e-07,9.275165513978521e-07,True,170,0.6463232040405273,c2.00_beta6_rho0.75,2.0,6,0.75,800
True,4,4,0.609230686113899,1.484648115611248,1.3820456351861687,0.3620530860645858,1.0552199384319472,0.7031304941027086,173.67673950708505,2.1859834066903794e-33,inconclusive,True,1.0,1.0,8.171239715326753e-07,9.855255175707901e-07,True,171,0.6494729518890381,c2.00_beta6_rho0.75,2.0,6,0.75,800
True,4,4,0.6040449545338304,1.459481228391109,1.3801937593671507,0.29172274760456574,1.303270871020688,0.681915496749555,182.34515019527328,3.311784617953628e-35,inconclusive,True,1.0,1.0,7.463382150468735e-07,9.06830048437493e-07,True,172,0.6465320587158203,c2.00_beta6_rho0.75,2.0,6,0.75,800
True,4,4,0.5510561052619437,1.2146513245858497,1.1471617499878104,0.24268410167040466,0.606392215126125,0.6217599164516467,164.0392349401489,2.285147145303053e-31,inconclusive,True,1.0,1.0,9.855015381959956e-07,8.920099302892606e-07,True,173,0.6205422878265381,c2.00_beta6_rho0.75,2.0,6,0.75,800
True,4,4,0.6580115774041199,1.7319169439914321,1.6193842493475707,0.37815038520557726,1.6379310284474506,0.7485630036920842,197.33647252297726,2.325843750270732e-38,inconclusive,True,1.0,1.0,9.88507906236326e-07,9.337181298485078e-07,True,174,0.6866250038146973,c2.00_beta6_rho0.75,2.0,6,0.75,800
True,4,4,0.6115584642573539,1.496015020819253,1.4305422403302928,0.25267259857078866,1.7039530315736717,0.6793658220209322,194.68849057597248,8.397744089439937e-38,meaningfully_different,True,1.0,1.0,9.627324645727983e-07,9.331352109847309e-07,True,175,0.6362602710723877,c2.00_beta6_rho0.75,2.0,6,0.75,800
True,4,4,0.5788076044456293,1.340072971856352,1.2783077223352524,0.2431038686847888,1.1448099277108144,0.6477225491032719,166.3304412011257,7.572437487367716e-32,inconclusive,True,1.0,1.0,7.632315523381071e-07,9.670714218824377e-07,True,176,0.6228890419006348,c2.00_beta6_rho0.75,2.0,6,0.75,800
True,4,4,0.6046305109734385,1.4623122192000049,1.3991858988622519,0.24807734482956684,1.6091187171343642,0.6721675422224833,180.13729757234518,9.63377471252178e-35,inconclusive,True,1.0,1.0,7.821435207495634e-07,9.652005783929524e-07,True,177,0.6246528625488281,c2.00_beta6_rho0.75,2.0,6,0.75,800
True,4,4,0.5889922499858294,1.3876474821734792,1.2993567306145746,0.31629416426763635,0.9464503757371573,0.6744654056906442,136.29899126238217,1.3948930748407365e-25,inconclusive,True,1.0,1.0,8.20248483438123e-07,9.63199048830779e-07,True,178,0.6800110340118408,c2.00_beta6_rho0.75,2.0,6,0.75,800
True,4,4,0.6053712769934999,1.465897532034963,1.4008603650624571,0.2572592692797048,1.5581960027516917,0.6752803505219267,177.97409528136853,2.741366280209855e-34,inconclusive,True,1.0,1.0,9.845621496860839e-07,9.05071017505951e-07,True,179,0.6361520290374756,c2.00_beta6_rho0.75,2.0,6,0.75,800
True,4,4,0.5017702810495632,1.0070936597782305,0.9530212089510123,0.1951946619081813,-0.24067661784258393,0.5643775014456748,137.98186472521354,6.235356281260144e-26,inconclusive,True,1.0,1.0,9.114641041607875e-07,8.86163614264343e-07,True,180,0.5948507785797119,c2.00_beta6_rho0.75,2.0,6,0.75,800
True,4,4,0.5291107528067401,1.1198327549428613,1.062447071931852,0.2044102601352731,0.3054987156247744,0.5913273268041673,187.16300662198176,3.2172405739386074e-36,inconclusive,True,1.0,1.0,6.411882927291627e-07,9.334439612747016e-07,True,181,0.6156840324401855,c2.00_beta6_rho0.75,2.0,6,0.75,800
True,4,4,0.5790126616137357,1.3410226492360895,1.2694998684402463,0.2493866791130546,1.080650616138458,0.6480170622932581,175.7873136715226,7.886730333217415e-34,inconclusive,True,1.0,1.0,7.325094690492145e-07,9.824677991815697e-07,True,182,0.6255300045013428,c2.00_beta6_rho0.75,2.0,6,0.75,800
True,4,4,0.613170726302108,1.5039133583754185,1.4432115301750517,0.2520143988213606,1.7586754258800124,0.6814943741734706,222.39494584724062,1.2007516310047056e-43,meaningfully_different,True,1.0,1.0,7.665680680847121e-07,9.742574478731527e-07,True,183,0.6243789196014404,c2.00_beta6_rho0.75,2.0,6,0.75,800
True,4,4,0.6153104441895301,1.514427770914867,1.2946441321197888,0.6846842487220873,0.4303357827636905,0.7779539674599741,167.23903597586684,4.885944163343344e-32,inconclusive,True,1.0,1.0,9.105690807048663e-07,9.380207748985998e-07,True,184,0.7094972133636475,c2.00_beta6_rho0.75,2.0,6,0.75,800
True,4,4,0.603261849922518,1.4556994382877546,1.3833859998648579,0.26506435607613954,1.44638836220865,0.6744216165226787,176.1649901683359,6.571275530700849e-34,inconclusive,True,1.0,1.0,7.474912813192725e-07,9.947767869234659e-07,True,185,0.643718957901001,c2.00_beta6_rho0.75,2.0,6,0.75,800
True,4,4,0.5135158786845039,1.0547942306444724,1.001160394162547,0.21192267077312557,0.005475554636574768,0.5808920226291986,138.5911662188546,4.658108288566529e-26,inconclusive,True,1.0,1.0,8.926204026917346e-07,8.336110266142788e-07,True,186,0.6027939319610596,c2.00_beta6_rho0.75,2.0,6,0.75,800
True,4,4,0.547029168338944,1.1969636440543867,1.1460960619588856,0.1906912126346411,0.7661394562464787,0.6041016459770552,190.44463279993008,6.5658548439784095e-37,inconclusive,True,1.0,1.0,4.816192239879921e-07,9.38651617008684e-07,True,187,0.5947437286376953,c2.00_beta6_rho0.75,2.0,6,0.75,800
True,4,4,0.5078063876846802,1.0314693094934548,0.9609316224784852,0.24592974000052797,-0.15885991471153893,0.5842623655716638,126.12578484801176,1.7952413133711805e-23,inconclusive,True,1.0,1.0,6.84184715945644e-07,9.778449529193937e-07,True,188,0.6382741928100586,c2.00_beta6_rho0.75,2.0,6,0.75,800
False,4,3,,,,,,,,,not_applicable,False,1.0,1.0,8.920806033666936e-07,8.00196588836992e-07,False,189,0.8594470024108887,c2.00_beta6_rho0.75,2.0,6,0.75,800
True,4,4,0.5861634272121854,1.3743502536045398,1.3182624284344011,0.24157984860806814,1.3174212595469437,0.6549095202040831,177.50172476782205,3.4444331299352045e-34,inconclusive,True,1.0,1.0,6.797710908040847e-07,9.712574687961428e-07,True,190,0.6068751811981201,c2.00_beta6_rho0.75,2.0,6,0.75,800
True,4,4,0.6069280505102059,1.4734466339844763,1.4063291918862801,0.2854779454350503,1.4233295369527066,0.6848172431112145,174.82790454173787,1.2536662899223695e-33,inconclusive,True,1.0,1.0,9.538277292666493e-07,9.110085099975407e-07,True,191,0.644279956817627,c2.00_beta6_rho0.75,2.0,6,0.75,800
True,4,4,0.529659727592127,1.1221577081318648,1.0692846373432465,0.20655317607767185,0.33543244727058985,0.5935137694638919,152.84850206876723,4.9896311527829785e-29,inconclusive,True,1.0,1.0,8.558606670315871e-07,8.418307722221125e-07,True,192,0.5890970230102539,c2.00_beta6_rho0.75,2.0,6,0.75,800
True,4,4,0.6512893207155733,1.6967111171126117,1.5650630516341564,0.4279016905409349,1.320544097219686,0.7531431967592683,173.89988084708563,1.962663067093269e-33,inconclusive,True,1.0,1.0,8.869975464798389e-07,8.510124642346848e-07,True,193,0.7132580280303955,c2.00_beta6_rho0.75,2.0,6,0.75,800
True,4,4,0.5002602581442864,1.0010413035143524,0.9259180968191263,0.2595405651422356,-0.2854347764106729,0.5815548849279764,118.44916681915512,6.92824820597903e-22,inconclusive,True,1.0,1.0,9.183020865380532e-07,8.759834707887718e-07,True,194,0.6374189853668213,c2.00_beta6_rho0.75,2.0,6,0.75,800
True,4,4,0.5642456897098904,1.2734927934247595,1.204228716697593,0.2427172815308036,0.8414263517188987,0.6331396207684639,154.06174953475076,2.7847106969672515e-29,inconclusive,True,1.0,1.0,8.254631980178692e-07,8.728654682254894e-07,True,195,0.6360290050506592,c2.00_beta6_rho0.75,2.0,6,0.75,800
True,4,4,0.5199586641848795,1.0814280498436968,1.028683499268411,0.19843065287672013,0.14455175575233023,0.5820379880967892,169.3333440135799,1.7790774781162458e-32,inconclusive,True,1.0,1.0,7.658847914485549e-07,8.200402629878429e-07,True,196,0.5911500453948975,c2.00_beta6_rho0.75,2.0,6,0.75,800
True,4,4,0.515610016493289,1.063414756432839,1.012585584195797,0.18746368204574695,0.0671361196923767,0.5746598779996784,156.4014433644307,9.038651920259614e-30,inconclusive,True,1.0,1.0,9.819085539196864e-07,9.997492696590084e-07,True,197,0.598931074142456,c2.00_beta6_rho0.75,2.0,6,0.75,800
True,4,4,0.5933360524527106,1.4081906845606629,1.3391378542733736,0.27209279996474667,1.2464051026609801,0.6683357470543471,170.24626985894614,1.1451897132422637e-32,inconclusive,True,1.0,1.0,9.186541319707806e-07,9.787849829330258e-07,True,198,0.63913893699646,c2.00_beta6_rho0.75,2.0,6,0.75,800
False,4,2,,,,,,,,,not_applicable,False,1.0,1.0,8.20664444668963e-07,8.314509619359063e-07,False,199,1.3059132099151611,c2.00_beta6_rho0.75,2.0,6,0.75,800
True,4,4,0.6210412446558157,1.5427689102545787,1.4568781392709993,0.3138107574782561,1.455903369732812,0.7023266515456853,158.22610675501784,3.756649849217614e-30,inconclusive,True,1.0,1.0,9.643986373103786e-07,8.380617247401692e-07,True,200,0.6766200065612793,c2.00_beta6_rho0.75,2.0,6,0.75,800
True,4,4,0.6264174411300601,1.5695952422077295,1.486467584089242,0.37663843243254214,1.2916036766279047,0.7256002128798658,156.11316214072093,1.0383184492029305e-29,inconclusive,True,1.0,1.0,9.927798270380058e-07,9.932036422104724e-07,True,201,0.6437041759490967,c2.00_beta6_rho0.75,2.0,6,0.75,800
True,4,4,0.6310603044563464,1.5929484314421467,1.5119020044593972,0.31989724939245023,1.6002075836275644,0.7138077744348208,185.01895126614374,9.082614101932221e-36,inconclusive,True,1.0,1.0,9.935598972915953e-07,9.757872976781918e-07,True,202,0.6364591121673584,c2.00_beta6_rho0.75,2.0,6,0.75,800
True,4,4,0.6339147802093279,1.6073917942713623,1.4731347096603595,0.48289442524091974,0.9797891318051746,0.7528986247252236,128.52038768433724,5.7313267939914684e-24,inconclusive,True,1.0,1.0,9.075194058073184e-07,9.135001812906599e-07,True,203,0.6763830184936523,c2.00_beta6_rho0.75,2.0,6,0.75,800
True,4,4,0.6028421799148015,1.4536747755377195,1.3919403526574656,0.257280746729922,1.5233955810494488,0.6736337139093027,164.55062369600765,1.7859650663874145e-31,inconclusive,True,1.0,1.0,9.756080558564728e-07,7.803231553367032e-07,True,204,0.6168458461761475,c2.00_beta6_rho0.75,2.0,6,0.75,800
True,4,4,0.48301379771027186,0.9332093151139977,0.8865130361823408,0.1620263305448566,-0.7004229709827355,0.5368944574217278,168.83113056251437,2.2668644692885247e-32,inconclusive,True,1.0,1.0,8.617735206967806e-07,9.562661851001723e-07,True,205,0.5869686603546143,c2.00_beta6_rho0.75,2.0,6,0.75,800
True,4,4,0.5849069515711637,1.3684645679850862,1.2815774223328975,0.3106513629036852,0.9064097440325674,0.6694313712626639,194.67573078014806,8.44984773675767e-38,inconclusive,True,1.0,1.0,9.13640171701346e-07,9.91919814835014e-07,True,206,0.6380641460418701,c2.00_beta6_rho0.75,2.0,6,0.75,800
True,4,4,0.5473833656613131,1.198514196010827,1.1320900841572494,0.25248581097030465,0.5231584446255667,0.6219711179157635,143.46629220177425,4.508009494742384e-27,inconclusive,True,1.0,1.0,9.506741467787582e-07,9.71192490002083e-07,True,207,0.6217730045318604,c2.00_beta6_rho0.75,2.0,6,0.75,800
True,4,4,0.5548968927126849,1.231642246168772,1.1826495268134196,0.20486014943960615,0.8915815365411791,0.6163632221825407,192.25921682130243,2.7257386428574038e-37,inconclusive,True,1.0,1.0,9.710603740598881e-07,7.540033161657222e-07,True,208,0.586738109588623,c2.00_beta6_rho0.75,2.0,6,0.75,800
True,4,4,0.5972065055044025,1.4266224408671198,1.3616873102153766,0.2588687336408042,1.3971842220128419,0.6684849447909781,201.54638753409728,3.017404797290997e-39,inconclusive,True,1.0,1.0,6.609566540528219e-07,8.837361031909089e-07,True,209,0.6173999309539795,c2.00_beta6_rho0.75,2.0,6,0.75,800
True,4,4,0.5100226739843308,1.040492511912508,0.9380795116311046,0.30446935786635165,-0.2033718230393343,0.5997680883502303,135.30000947950532,2.2491879860679876e-25,inconclusive,True,1.0,1.0,7.139281502898191e-07,9.968617617668651e-07,True,210,0.6536970138549805,c2.00_beta6_rho0.75,2.0,6,0.75,800
True,4,4,0.5383636635634771,1.159341736981955,1.0957619260384688,0.22735163019766008,0.4212062431890773,0.6061604737118752,151.38166341319516,1.0096990391448795e-28,inconclusive,True,1.0,1.0,9.123738994634153e-07,8.620594300023283e-07,True,211,0.6248838901519775,c2.00_beta6_rho0.75,2.0,6,0.75,800
True,4,4,0.5887860328965553,1.386675970136254,1.3241474237249757,0.24716642424328344,1.3114541132250255,0.6577803609682655,188.9693184648559,1.3416131423226554e-36,inconclusive,True,1.0,1.0,8.624916018804976e-07,9.777512548510241e-07,True,212,0.6171820163726807,c2.00_beta6_rho0.75,2.0,6,0.75,800
True,4,4,0.5346204781742044,1.14327622273286,1.0857627534512562,0.21435414003547362,0.400098423277774,0.5996548878606487,156.05923863087548,1.065603504416453e-29,inconclusive,True,1.0,1.0,9.854349176088486e-07,9.385151911806452e-07,True,213,0.6159350872039795,c2.00_beta6_rho0.75,2.0,6,0.75,800
True,4,4,0.6654932722004395,1.7715251813761932,1.6713898641592813,0.38016554592700025,1.7660460590192522,0.7577444393097342,184.87163997941263,9.753773771580643e-36,meaningfully_different,True,1.0,1.0,8.372910167552103e-07,9.467614632504682e-07,True,214,0.6893177032470703,c2.00_beta6_rho0.75,2.0,6,0.75,800
True,4,4,0.5173477962828021,1.070594969274687,0.9951754207736276,0.2566044964637022,-0.01880161607789604,0.5952420216756383,142.3090463608154,7.850099192319041e-27,inconclusive,True,1.0,1.0,5.407635370904661e-07,8.792570730462712e-07,True,215,0.629338264465332,c2.00_beta6_rho0.75,2.0,6,0.75,800
True,4,4,0.4593220449837218,0.8439069640321126,0.7937704795042206,0.16960852512156271,-1.2159148270876683,0.5178686313179031,137.35090235387122,8.433143510472504e-26,inconclusive,True,1.0,1.0,9.70181417350985e-07,9.937100185458867e-07,True,216,0.5932769775390625,c2.00_beta6_rho0.75,2.0,6,0.75,800
False,4,3,,,,,,,,,not_applicable,False,1.0,1.0,9.136933621516726e-07,8.276281145255568e-07,False,217,1.4419188499450684,c2.00_beta6_rho0.75,2.0,6,0.75,800
False,4,3,,,,,,,,,not_applicable,False,1.0,1.0,8.979535755509108e-07,9.957975835651741e-07,False,218,0.9443249702453613,c2.00_beta6_rho0.75,2.0,6,0.75,800
True,4,4,0.5245172790244986,1.1004735039810551,1.030951530472975,0.23676268567874384,0.13072807644601672,0.5959008920824058,185.3603104004482,7.699474057113165e-36,inconclusive,True,1.0,1.0,7.543714847840498e-07,8.883104630667681e-07,True,219,0.6226727962493896,c2.00_beta6_rho0.75,2.0,6,0.75,800
True,4,4,0.5298395199274086,1.1229196675076274,1.0716412111524607,0.19666132905277894,0.36428723174770167,0.590576055966973,156.5356620211515,8.473475984671504e-30,inconclusive,True,1.0,1.0,8.158889485175857e-07,9.089060154306145e-07,True,220,0.589249849319458,c2.00_beta6_rho0.75,2.0,6,0.75,800
True,4,4,0.5198587040396518,1.0810122886631452,1.0240767321086668,0.20294624101620068,0.11863600916237124,0.5826434571674886,178.7950704314248,1.8434139150060335e-34,inconclusive,True,1.0,1.0,8.399663628159024e-07,8.461226672944797e-07,True,221,0.602348804473877,c2.00_beta6_rho0.75,2.0,6,0.75,800
True,4,4,0.573333854401763,1.314846834412728,1.2346485273014145,0.3101123800159401,0.7566564330303528,0.6604426546516334,150.0504650245794,1.9138366765905315e-28,inconclusive,True,1.0,1.0,7.141463976912875e-07,9.622633607203913e-07,True,222,0.636920690536499,c2.00_beta6_rho0.75,2.0,6,0.75,800
True,4,4,0.6686735967535219,1.7884975159811667,1.6506066542236602,0.5270701945766814,1.2343833153878063,0.7933410325060611,158.8462734830992,2.787178686371304e-30,inconclusive,True,1.0,1.0,9.130926105439741e-07,9.205024556427347e-07,True,223,0.701124906539917,c2.00_beta6_rho0.75,2.0,6,0.75,800
True,4,4,0.5947643469904824,1.4149785138040598,1.3187265054201953,0.3478620779911253,0.9162438954565398,0.68755158098916,149.57068307879092,2.4097501261845914e-28,inconclusive,True,1.0,1.0,9.369990947940864e-07,9.044083274796634e-07,True,224,0.6579310894012451,c2.00_beta6_rho0.75,2.0,6,0.75,800
True,4,4,0.6114932839089297,1.4956961450629072,1.334775038095747,0.5214245356366766,0.6420392889394353,0.7403448650323748,173.46169570024912,2.4252003822653157e-33,inconclusive,True,1.0,1.0,7.128495900778148e-07,8.991944889130854e-07,True,225,0.6607890129089355,c2.00_beta6_rho0.75,2.0,6,0.75,800
True,4,4,0.6171791762049093,1.5236405421638817,1.4333543459692175,0.3195584726192588,1.3561034461619235,0.6998180582623026,149.65317493252832,2.316155858899264e-28,inconclusive,True,1.0,1.0,9.834065628782663e-07,9.144977673025427e-07,True,226,0.669996976852417,c2.00_beta6_rho0.75,2.0,6,0.75,800
True,4,4,0.642888656793576,1.6532233001353935,1.581630941828199,0.2822838236229789,2.0604472986203817,0.715182933406584,184.77091529325742,1.024100266505529e-35,meaningfully_different,True,1.0,1.0,8.524748415328804e-07,9.910062373605213e-07,True,227,0.6390759944915771,c2.00_beta6_rho0.75,2.0,6,0.75,800
True,4,4,0.594268305486487,1.4126192756231224,1.3560041672069767,0.22480934171971578,1.5835826237631616,0.656845230687417,201.16548736152515,3.6299870886824954e-39,inconclusive,True,1.0,1.0,6.948191599836721e-07,7.849152774294492e-07,True,228,0.6168341636657715,c2.00_beta6_rho0.75,2.0,6,0.75,800
True,4,4,0.5864224890776554,1.3755653427841312,1.3152921159142417,0.22185270435934237,1.4211776990716882,0.6481140604339445,207.24074150857098,1.9013499563417875e-40,inconclusive,True,1.0,1.0,9.608966648513246e-07,9.347670271885277e-07,True,229,0.6116390228271484,c2.00_beta6_rho0.75,2.0,6,0.75,800
True,4,4,0.6063599654252884,1.4706896306822275,1.3280891370878425,0.48958651127853237,0.6701351641225838,0.7303059779761586,149.42753111420598,2.5812282037340917e-28,inconclusive,True,1.0,1.0,8.386431133797208e-07,9.824457692460074e-07,True,230,0.6762599945068359,c2.00_beta6_rho0.75,2.0,6,0.75,800
True,4,4,0.5487463980808239,1.2044904376267123,1.137512039329543,0.24340242287475103,0.5649575616603594,0.6200551179943307,134.50473801776766,3.2896637579044858e-25,inconclusive,True,1.0,1.0,9.195923963646862e-07,9.076204342538577e-07,True,231,0.6414289474487305,c2.00_beta6_rho0.75,2.0,6,0.75,800
True,4,4,0.5402972087544341,1.16768429515133,1.1140032834211124,0.1957986373524969,0.5822475833469258,0.5991793100196557,174.89373104983864,1.2144306050369596e-33,inconclusive,True,1.0,1.0,8.056319028828128e-07,7.791653328857014e-07,True,232,0.6160650253295898,c2.00_beta6_rho0.75,2.0,6,0.75,800
True,4,4,0.5733815740318208,1.3150657177568337,1.25849933657315,0.2208589550494083,1.1704272372171698,0.6367456301049269,180.05742699093224,1.0013106558643973e-34,inconclusive,True,1.0,1.0,8.460588929902602e-07,9.212935952548896e-07,True,233,0.5998420715332031,c2.00_beta6_rho0.75,2.0,6,0.75,800
True,4,4,0.5901573912508488,1.3931429857920294,1.3273442163696534,0.25647731104936405,1.2763086724137154,0.6612888649599282,173.56882640612508,2.3029236182217197e-33,inconclusive,True,1.0,1.0,8.201039282046015e-07,9.265322241098206e-07,True,234,0.626446008682251,c2.00_beta6_rho0.75,2.0,6,0.75,800
True,4,4,0.6688139060965196,1.7892481639523363,1.672200033269128,0.4180472704182827,1.6079522121901415,0.7680863561888408,176.25322323452974,6.2970191858576425e-34,inconclusive,True,1.0,1.0,9.399451003547529e-07,9.832143913849851e-07,True,235,0.6965010166168213,c2.00_beta6_rho0.75,2.0,6,0.75,800
True,4,4,0.5701085030934931,1.300094821198014,1.2364257160203596,0.245346636444366,0.9636395242531506,0.6403094995461607,171.4067823465305,6.540662595596063e-33,inconclusive,True,1.0,1.0,9.921251388257084e-07,9.980971425384009e-07,True,236,0.6346108913421631,c2.00_beta6_rho0.75,2.0,6,0.75,800
True,4,4,0.5724533659607284,1.3108114247990705,1.256421849381215,0.21521545963038016,1.1914657516778966,0.6345115796284324,191.60687295407098,3.7390152345558422e-37,inconclusive,True,1.0,1.0,8.554241102710545e-07,9.538159753149772e-07,True,237,0.6037859916687012,c2.00_beta6_rho0.75,2.0,6,0.75,800
True,4,4,0.6057080344763593,1.4675288921168583,1.3971791197283694,0.27297077444891,1.4550243355913055,0.6793703128876789,154.3704291962462,2.4006274218760353e-29,inconclusive,True,1.0,1.0,9.005070204286657e-07,9.649344376133465e-07,True,238,0.6580288410186768,c2.00_beta6_rho0.75,2.0,6,0.75,800
True,4,4,0.6133025995112061,1.5045603142688118,1.4337718497435414,0.28453257924867154,1.5245067924697648,0.6895263400890818,197.32885160045518,2.334455479533195e-38,inconclusive,True,1.0,1.0,8.224362321116869e-07,8.652354312698555e-07,True,239,0.6382579803466797,c2.00_beta6_rho0.75,2.0,6,0.75,800
True,4,4,0.5585481201797439,1.2479040102253025,1.1967860154237056,0.20981966851569697,0.9378816429165393,0.6208680733834494,185.659484977899,6.661536574187271e-36,inconclusive,True,1.0,1.0,9.869872078314182e-07,9.091969396410795e-07,True,240,0.5954959392547607,c2.00_beta6_rho0.75,2.0,6,0.75,800
False,4,3,,,,,,,,,not_applicable,False,1.0,1.0,5.868194710926742e-07,9.673915736290417e-07,False,241,0.9493820667266846,c2.00_beta6_rho0.75,2.0,6,0.75,800
True,4,4,0.5653878387327772,1.2786536327476834,1.2157277364042525,0.2662254624285206,0.8103196983352923,0.6429676612914986,169.64185292079043,1.5330145176339178e-32,inconclusive,True,1.0,1.0,9.82238270671409e-07,8.696272312667144e-07,True,242,0.6038508415222168,c2.00_beta6_rho0.75,2.0,6,0.75,800
True,4,4,0.5594492959704815,1.25193405904747,1.179587785657412,0.26225453992043385,0.6847842775644517,0.634617624406624,141.49933627622613,1.1571064964171317e-26,inconclusive,True,1.0,1.0,7.795076075994362e-07,9.250496019620198e-07,True,243,0.6329588890075684,c2.00_beta6_rho0.75,2.0,6,0.75,800
True,4,4,0.5696070477278597,1.297808755284993,1.2380024852788094,0.23216210104503404,1.0251564928448096,0.6363715815511028,170.00985238430565,1.2835885124163585e-32,inconclusive,True,1.0,1.0,8.154489194078413e-07,8.669063960085669e-07,True,244,0.6266050338745117,c2.00_beta6_rho0.75,2.0,6,0.75,800
True,4,4,0.573071402275211,1.313643328422707,1.2478146398323315,0.2593481390046397,0.9555288917183946,0.6469938884791007,131.2909770499046,1.5275089273262125e-24,inconclusive,True,1.0,1.0,8.898036590777077e-07,8.677362197129543e-07,True,245,0.6407198905944824,c2.00_beta6_rho0.75,2.0,6,0.75,800
True,4,4,0.6228105540890895,1.5515719451390348,1.469597444895024,0.33000005817188127,1.4230223094398156,0.7092952906711772,172.56176591825766,3.745131575190387e-33,inconclusive,True,1.0,1.0,6.583507574188804e-07,9.999689562927522e-07,True,246,0.6546580791473389,c2.00_beta6_rho0.75,2.0,6,0.75,800
True,4,4,0.5842470349300642,1.3653783912982869,1.3066926277647926,0.23749733331154863,1.2913518795702588,0.6514101967757329,175.9965354979931,7.128481090180673e-34,inconclusive,True,1.0,1.0,9.585131329681792e-07,8.665051546630068e-07,True,247,0.6232531070709229,c2.00_beta6_rho0.75,2.0,6,0.75,800
True,4,4,0.5695079812540842,1.2973573628484094,1.191369332837275,0.35720885165913185,0.5357351363170866,0.666881850118139,165.5694271867768,1.0929136597155986e-31,inconclusive,True,1.0,1.0,9.680701562862523e-07,9.286662208124237e-07,True,248,0.670849084854126,c2.00_beta6_rho0.75,2.0,6,0.75,800
True,4,4,0.643686870044692,1.6573311466717293,1.5508909325998552,0.38921706137121054,1.4153822822130873,0.7401175629026251,169.2296688934258,1.870334230156713e-32,inconclusive,True,1.0,1.0,7.425153986039473e-07,9.581163910063807e-07,True,249,0.6740632057189941,c2.00_beta6_rho0.75,2.0,6,0.75,800
True,4,4,0.5799892991978742,1.3455503487361653,1.2779275773911705,0.23992626459945612,1.1583874648119725,0.6466396144527693,200.0470680838293,6.245626529571149e-39,inconclusive,True,1.0,1.0,9.80169784101892e-07,8.359800307181871e-07,True,250,0.6143050193786621,c2.00_beta6_rho0.75,2.0,6,0.75,800
True,4,4,0.5630137213049015,1.267937801510373,1.223580597805416,0.1799510971206122,1.2424519849165525,0.6163549733266844,241.1722768169957,1.278483266320062e-47,inconclusive,True,1.0,1.0,8.621581967105284e-07,9.430318638978165e-07,True,251,0.5721309185028076,c2.00_beta6_rho0.75,2.0,6,0.75,800
True,4,4,0.6307589673812145,1.591427499727264,1.5116233997519046,0.3039089504677548,1.6834759192332134,0.7091384101837607,179.45800543947962,1.3379374877683564e-34,meaningfully_different,True,1.0,1.0,8.277731094321441e-07,9.990286028981292e-07,True,252,0.6607851982116699,c2.00_beta6_rho0.75,2.0,6,0.75,800
True,4,4,0.5472150813136234,1.197777380868302,1.1466259974832878,0.20667506626988771,0.7094517985629453,0.6096261620529725,169.35606684354389,1.759678776044645e-32,inconclusive,True,1.0,1.0,9.612337377857472e-07,8.500137672891401e-07,True,253,0.5995171070098877,c2.00_beta6_rho0.75,2.0,6,0.75,800
True,4,4,0.5191018307761501,1.0778668428606033,1.028006989077299,0.18989617243052398,0.1474858008923042,0.5788692419372117,180.49287333287555,8.111938221642778e-35,inconclusive,True,1.0,1.0,9.299336024128264e-07,9.488448848581766e-07,True,254,0.5977959632873535,c2.00_beta6_rho0.75,2.0,6,0.75,800
False,4,3,,,,,,,,,not_applicable,False,1.0,1.0,9.966807646402352e-07,9.316451194822717e-07,False,255,0.9984872341156006,c2.00_beta6_rho0.75,2.0,6,0.75,800
True,4,4,0.5491684768957891,1.2063440640641632,1.1553867128648148,0.2193198793350452,0.7084935179425181,0.6156573340446013,159.93699808292743,1.6486158855436463e-30,inconclusive,True,1.0,1.0,6.704204054898382e-07,9.81902622395672e-07,True,256,0.5961401462554932,c2.00_beta6_rho0.75,2.0,6,0.75,800
True,4,4,0.6142429319916198,1.5091775180066467,1.4354521905384074,0.28564707553256213,1.5244412697961207,0.6901629913933779,152.60918776422375,5.597839411357644e-29,inconclusive,True,1.0,1.0,9.236790477269183e-07,9.735549959683825e-07,True,257,0.6392419338226318,c2.00_beta6_rho0.75,2.0,6,0.75,800
True,4,4,0.6676141481305304,1.7828346031362154,1.6792131329726832,0.3839548432026522,1.7689922265525193,0.7600596439425246,198.13622033047983,1.578095292737617e-38,meaningfully_different,True,1.0,1.0,8.099022135799161e-07,9.195824820526271e-07,True,258,0.6791796684265137,c2.00_beta6_rho0.75,2.0,6,0.75,800
True,4,4,0.605050252735965,1.4643432333434205,1.3537149749340018,0.4232455491754378,0.835720483353234,0.7158721868438332,159.4391201857983,2.095181388979462e-30,inconclusive,True,1.0,1.0,7.290613764263459e-07,8.674474762881637e-07,True,259,0.6528339385986328,c2.00_beta6_rho0.75,2.0,6,0.75,800
True,4,4,0.5570659154914896,1.2412897368094862,1.18089466780894,0.21994894091577546,0.8224393673175704,0.621023043255721,167.4127765136081,4.4932201305924096e-32,inconclusive,True,1.0,1.0,6.67892595968304e-07,7.835052534736285e-07,True,260,0.6316227912902832,c2.00_beta6_rho0.75,2.0,6,0.75,800
True,4,4,0.5663056819861825,1.282808501799341,1.2228746694361503,0.23824500366275964,0.935485177064337,0.6353646251983791,147.15340618287547,7.690214098410099e-28,inconclusive,True,1.0,1.0,7.415254348256511e-07,9.624931926176846e-07,True,261,0.6188840866088867,c2.00_beta6_rho0.75,2.0,6,0.75,800
True,4,4,0.5928143229213162,1.4057152858426343,1.3425516606331986,0.24531701976461645,1.396363207745959,0.6606932439388862,186.72844956308037,3.970549124127407e-36,inconclusive,True,1.0,1.0,9.835637048854445e-07,8.801274026043135e-07,True,262,0.624830961227417,c2.00_beta6_rho0.75,2.0,6,0.75,800
False,4,3,,,,,,,,,not_applicable,False,1.0,1.0,9.416965170257746e-07,7.773736235879777e-07,False,263,0.8164851665496826,c2.00_beta6_rho0.75,2.0,6,0.75,800
False,4,3,,,,,,,,,not_applicable,False,1.0,1.0,9.885992952014562e-07,8.471106630020745e-07,False,264,1.086441993713379,c2.00_beta6_rho0.75,2.0,6,0.75,800
False,4,3,,,,,,,,,not_applicable,False,1.0,1.0,4.604072030083893e-07,9.366144515720114e-07,False,265,0.8522210121154785,c2.00_beta6_rho0.75,2.0,6,0.75,800
True,4,4,0.6065410164225201,1.4715680184114555,1.4020781852128599,0.2569597656151679,1.5647515254003868,0.6754145741071866,189.48073802696499,1.047267607072613e-36,inconclusive,True,1.0,1.0,8.389469507759758e-07,9.80184885933311e-07,True,266,0.6462960243225098,c2.00_beta6_rho0.75,2.0,6,0.75,800
True,4,4,0.5899385914151991,1.3921101665637972,1.322307236134994,0.26561520345468764,1.2134367006969071,0.6631751968580569,150.04399013498085,1.9197974656626746e-28,inconclusive,True,1.0,1.0,9.219666213643034e-07,8.815312349725624e-07,True,267,0.6459519863128662,c2.00_beta6_rho0.75,2.0,6,0.75,800
True,4,4,0.5354585298804703,1.1468633488870177,1.0927290774234621,0.20322832412241223,0.45628028388212194,0.5972876031392835,172.22113494023864,4.4145858764711754e-33,inconclusive,True,1.0,1.0,9.227061188429006e-07,9.801367709495605e-07,True,268,0.6082539558410645,c2.00_beta6_rho0.75,2.0,6,0.75,800
True,4,4,0.5888544894603486,1.386998439030431,1.2499765165294079,0.408679524427049,0.611668805477505,0.6932161485684033,181.37709633623984,5.289493345318653e-35,inconclusive,True,1.0,1.0,9.273153498802024e-07,9.325648190105166e-07,True,269,0.6567740440368652,c2.00_beta6_rho0.75,2.0,6,0.75,800
True,4,4,0.5406830173448558,1.1693525009805508,1.1149788563604988,0.2097846675451628,0.5480803611910575,0.6041613873070193,167.045715713519,5.363382360352518e-32,inconclusive,True,1.0,1.0,6.896202482454195e-07,9.169784891240285e-07,True,270,0.5959501266479492,c2.00_beta6_rho0.75,2.0,6,0.75,800
True,4,4,0.6485832566046074,1.6826409629913517,1.6060127402825688,0.3108937774596793,1.9492597929566615,0.727562282167954,190.71359728113293,5.7637568386620826e-37,meaningfully_different,True,1.0,1.0,9.71059035545208e-07,9.934787475084857e-07,True,271,0.6705238819122314,c2.00_beta6_rho0.75,2.0,6,0.75,800
False,4,3,,,,,,,,,not_applicable,False,1.0,1.0,6.734710607427313e-07,9.244328191921154e-07,False,272,1.1576249599456787,c2.00_beta6_rho0.75,2.0,6,0.75,800
True,4,4,0.6231672814631624,1.553349842744753,1.482845775683713,0.27676329289942725,1.7446163854509922,0.6960748669892429,180.37055118808195,8.60623434490642e-35,meaningfully_different,True,1.0,1.0,9.884127610436632e-07,9.952023908011627e-07,True,273,0.6366567611694336,c2.00_beta6_rho0.75,2.0,6,0.75,800
True,4,4,0.6244763916994922,1.5598830551600704,1.4444233526872763,0.37776655973199696,1.1764496915835227,0.7186435223049449,159.55113424911679,1.9851873119740833e-30,inconclusive,True,1.0,1.0,8.193971622043676e-07,8.985168718200379e-07,True,274,0.7127940654754639,c2.00_beta6_rho0.75,2.0,6,0.75,800
True,4,4,0.5786618279351745,1.3393980444371103,1.263633290914772,0.2706022837932619,0.9742463634053654,0.6535928470526339,148.19815740365166,4.657625696315681e-28,inconclusive,True,1.0,1.0,7.563487948159083e-07,7.536893537278496e-07,True,275,0.6586527824401855,c2.00_beta6_rho0.75,2.0,6,0.75,800
True,4,4,0.5326516336313611,1.134871051240631,1.059524385618613,0.2602254892424027,0.228741564832511,0.6098272758380442,125.95917544738484,1.9436010618772556e-23,inconclusive,True,1.0,1.0,5.719017165528544e-07,9.075934526444188e-07,True,276,0.6379508972167969,c2.00_beta6_rho0.75,2.0,6,0.75,800
True,4,4,0.6018439958866543,1.4488647815392603,1.3381611647589222,0.35875405017502243,0.9425988768459792,0.6943088407497124,162.82140817231297,4.109352715933191e-31,inconclusive,True,1.0,1.0,9.631440945616273e-07,8.407393090777129e-07,True,277,0.6895778179168701,c2.00_beta6_rho0.75,2.0,6,0.75,800
True,4,4,0.6723193374233377,1.8080531658934236,1.6323248772653312,0.5703595261401729,1.1086426162538214,0.8016362660994257,158.1938253912581,3.8154703733745404e-30,inconclusive,True,1.0,1.0,6.060815138297496e-07,9.313843811440877e-07,True,278,0.7685689926147461,c2.00_beta6_rho0.75,2.0,6,0.75,800
True,4,4,0.5644290916631945,1.2743207980629554,1.199959854779021,0.25576623013487243,0.7818071004666123,0.6365253070515089,185.74699022927192,6.38528290563501e-36,inconclusive,True,1.0,1.0,9.806966262455765e-07,8.552015091427858e-07,True,279,0.6564781665802002,c2.00_beta6_rho0.75,2.0,6,0.75,800
True,4,4,0.6470368367197241,1.6746266722890675,1.5983115476061625,0.31326511697797954,1.9099207514005454,0.7269090059052731,194.04004229652318,1.1499257850006028e-37,meaningfully_different,True,1.0,1.0,9.566389164741375e-07,9.566001565787651e-07,True,280,0.7036089897155762,c2.00_beta6_rho0.75,2.0,6,0.75,800
True,4,4,0.5558397710413864,1.2358314042853635,1.181834579455805,0.20947348225723864,0.8680553619312423,0.617735339060503,195.17163307413244,6.644240859792651e-38,inconclusive,True,1.0,1.0,9.799646742121806e-07,9.089436903439754e-07,True,281,0.651644229888916,c2.00_beta6_rho0.75,2.0,6,0.75,800
True,4,4,0.6595941270485011,1.7402576497474969,1.671469415981126,0.2839864248765675,2.3644419491987163,0.7311951717811617,221.07055139968537,2.287339019076187e-43,meaningfully_different,True,1.0,1.0,5.420034482494271e-07,8.821509827381583e-07,True,282,0.7232518196105957,c2.00_beta6_rho0.75,2.0,6,0.75,800
True,4,4,0.6052563979686073,1.4653412291277328,1.4069400697178192,0.23866230020846155,1.70508735297688,0.6707280782538271,211.58380303803577,2.3053644367391905e-41,meaningfully_different,True,1.0,1.0,7.978265820390368e-07,9.649593761974202e-07,True,283,0.707848072052002,c2.00_beta6_rho0.75,2.0,6,0.75,800
True,4,4,0.6270718400459386,1.5728763703143969,1.4737960595354838,0.33039165949591875,1.4340436446197167,0.7101482202631824,169.87824460796327,1.3677512469591391e-32,inconclusive,True,1.0,1.0,7.815066164773859e-07,9.340711248335208e-07,True,284,0.7633790969848633,c2.00_beta6_rho0.75,2.0,6,0.75,800
True,4,4,0.5599974102714197,1.2543883980427872,1.1945513830948369,0.24202701632052806,0.8038415960852201,0.6310012675720035,190.84045944593777,5.420197267509802e-37,inconclusive,True,1.0,1.0,6.827845851869938e-07,8.704445146381029e-07,True,285,0.6880691051483154,c2.00_beta6_rho0.75,2.0,6,0.75,800
True,4,4,0.5959808793207128,1.4207728340635601,1.2839437502733073,0.46612465976632006,0.6091583964162193,0.7160046416576955,162.36667362523698,5.115867465372604e-31,inconclusive,True,1.0,1.0,8.41483259647235e-07,9.676560728851155e-07,True,286,0.7437279224395752,c2.00_beta6_rho0.75,2.0,6,0.75,800
True,4,4,0.48327535218760753,0.9342202641282243,0.8860801225599397,0.17048499756056223,-0.6682105702561421,0.5400238395520709,152.3154133357697,6.446672481138086e-29,inconclusive,True,1.0,1.0,7.718582146240307e-07,9.848290857321393e-07,True,287,0.6566441059112549,c2.00_beta6_rho0.75,2.0,6,0.75,800
True,4,4,0.5845254990341773,1.366680236084616,1.2927431165606498,0.2686926905718961,1.0895090444684736,0.6585406713300217,167.2060556768584,4.964279545984767e-32,inconclusive,True,1.0,1.0,9.903092483758359e-07,9.895953043504172e-07,True,288,0.7037298679351807,c2.00_beta6_rho0.75,2.0,6,0.75,800
False,4,3,,,,,,,,,not_applicable,False,1.0,1.0,8.911204108317623e-07,7.773302177726272e-07,False,289,1.1309969425201416,c2.00_beta6_rho0.75,2.0,6,0.75,800
True,4,4,0.6237367017011081,1.5561898921959085,1.4381274624050144,0.3858370523386743,1.1355245945131298,0.7198563984150845,171.9862323163472,4.9447123254428016e-33,inconclusive,True,1.0,1.0,7.494178508045618e-07,9.579646111791242e-07,True,290,0.7562191486358643,c2.00_beta6_rho0.75,2.0,6,0.75,800
False,4,3,,,,,,,,,not_applicable,False,1.0,1.0,8.232131070575689e-07,8.509699719869199e-07,False,291,1.1193721294403076,c2.00_beta6_rho0.75,2.0,6,0.75,800
True,4,4,0.6155636601367961,1.5156744787240362,1.431885569529683,0.3427243734704725,1.2601542316828898,0.7063315436601392,145.0497875230621,2.109764272203438e-27,inconclusive,True,1.0,1.0,7.79877269243471e-07,9.340219340328886e-07,True,292,0.6777310371398926,c2.00_beta6_rho0.75,2.0,6,0.75,800
False,4,3,,,,,,,,,not_applicable,False,1.0,1.0,9.242891218641345e-07,8.873049884827601e-07,False,293,0.908449649810791,c2.00_beta6_rho0.75,2.0,6,0.75,800
True,4,4,0.6359717474894636,1.6178402544192085,1.5313895722303417,0.3029131794173853,1.7542636251496266,0.712326718235114,211.49665887917325,2.4050887129600943e-41,meaningfully_different,True,1.0,1.0,9.583097641984082e-07,9.341329159687942e-07,True,294,0.7063910961151123,c2.00_beta6_rho0.75,2.0,6,0.75,800
True,4,4,0.5270017602162242,1.1109234210839949,1.0506865317744714,0.20838563281175623,0.24323429158985588,0.5902224995096057,178.21006024576226,2.4458769162986625e-34,inconclusive,True,1.0,1.0,9.081376896548116e-07,8.896805897438329e-07,True,295,0.6725120544433594,c2.00_beta6_rho0.75,2.0,6,0.75,800
True,4,4,0.5848839515325409,1.3683569470412786,1.300966243956164,0.27536256091742484,1.092981714556385,0.6621739482582798,178.20277495897187,2.454504988311749e-34,inconclusive,True,1.0,1.0,9.260626161955089e-07,9.857996452283565e-07,True,296,0.6645150184631348,c2.00_beta6_rho0.75,2.0,6,0.75,800
True,4,4,0.6293633895476756,1.584393104411757,1.5295863639061893,0.23989168014954873,2.207606214504999,0.6935728267593204,225.9070173902924,2.1729374610817294e-44,meaningfully_different,True,1.0,1.0,5.635127270059554e-07,9.161769625746034e-07,True,297,0.6435420513153076,c2.00_beta6_rho0.75,2.0,6,0.75,800
True,4,4,0.6687316260322516,1.7888079506229568,1.694622635337438,0.33678066560312464,2.062537153353121,0.7497628849579493,174.12441984669732,1.7609595607338587e-33,meaningfully_different,True,1.0,1.0,8.80750703727228e-07,8.791477889364081e-07,True,298,0.7181129455566406,c2.00_beta6_rho0.75,2.0,6,0.75,800
True,4,4,0.49601527652539934,0.9841246181862735,0.9262703986419518,0.1953391055793428,-0.37744414329828446,0.5584744029361575,138.43471984554492,5.020320583613048e-26,inconclusive,True,1.0,1.0,7.768256065816202e-07,6.967735435714902e-07,True,299,0.6319942474365234,c2.00_beta6_rho0.75,2.0,6,0.75,800
True,4,4,0.5267587549835036,1.109899143807083,1.0555194631905394,0.2085022596857401,0.2662775131272903,0.59128570954789,144.43408591845088,2.834439773289374e-27,inconclusive,True,1.0,1.0,7.627081585100447e-07,8.320843614277825e-07,True,300,0.6434791088104248,c2.00_beta6_rho0.75,2.0,6,0.75,800
True,4,4,0.5718700142837827,1.3081412529477352,1.2309494752867653,0.28482724354702776,0.8108405376209503,0.6518145058008613,168.37384161999483,2.8263976371990705e-32,inconclusive,True,1.0,1.0,7.208178497422819e-07,7.984136545000526e-07,True,301,0.6516678333282471,c2.00_beta6_rho0.75,2.0,6,0.75,800
True,4,4,0.657341984641245,1.7283939390883631,1.549195603335295,0.638391884160279,0.8602797387653038,0.8061105397854431,146.82431558802736,9.005809394712475e-28,inconclusive,True,1.0,1.0,8.182753271892554e-07,9.793699811041647e-07,True,302,0.7307300567626953,c2.00_beta6_rho0.75,2.0,6,0.75,800
True,4,4,0.5873722589348347,1.380024682264842,1.1750688316177755,0.6487888408506166,0.2698394617704053,0.7487041320869936,131.26295429283076,1.548085714008401e-24,inconclusive,True,1.0,1.0,7.628216693892495e-07,9.431910041813324e-07,True,303,0.72440505027771,c2.00_beta6_rho0.75,2.0,6,0.75,800
True,4,4,0.553873416157135,1.2271030445022997,1.1613167068311137,0.2487930901605337,0.6483970544641094,0.6266069189575973,158.2034519420469,3.797833963700876e-30,inconclusive,True,1.0,1.0,9.071736737094442e-07,9.683909855694634e-07,True,304,0.6498692035675049,c2.00_beta6_rho0.75,2.0,6,0.75,800
True,4,4,0.6447666625394641,1.6628961964891167,1.5968651099718068,0.2841949658012069,2.100195928133756,0.7183878183528851,204.04427472239342,8.976616307757454e-40,meaningfully_different,True,1.0,1.0,7.555227726310062e-07,8.807038043364639e-07,True,305,0.6527957916259766,c2.00_beta6_rho0.75,2.0,6,0.75,800
True,4,4,0.5863835395858693,1.3753826219890108,1.3170415218117855,0.2240885705788017,1.4148045167716239,0.6491599224934289,196.05025426342996,4.339572161629107e-38,inconclusive,True,1.0,1.0,7.19684015347367e-07,9.735961511861139e-07,True,306,0.6380798816680908,c2.00_beta6_rho0.75,2.0,6,0.75,800
True,4,4,0.5229813321916152,1.0940378952836667,1.0258566301835692,0.23604174143422504,0.1095426174474923,0.5945819423539526,128.9469118877119,4.676116440693043e-24,inconclusive,True,1.0,1.0,6.395701902752184e-07,8.890935106731794e-07,True,307,0.6710851192474365,c2.00_beta6_rho0.75,2.0,6,0.75,800
True,4,4,0.5389898878830857,1.1620403969608848,1.095131944682453,0.23210153030262345,0.40987211311539434,0.6076398992457848,153.96022686960853,2.9240035313879203e-29,inconclusive,True,1.0,1.0,8.073906655896348e-07,9.825164544583934e-07,True,308,0.6702272891998291,c2.00_beta6_rho0.75,2.0,6,0.75,800
True,4,4,0.575641459699682,1.325452360500722,1.256619381299109,0.26364697626289213,0.9733446783141728,0.6500538566995653,154.93411672975577,1.8306623108788026e-29,inconclusive,True,1.0,1.0,8.274968733400218e-07,9.62228635308061e-07,True,309,0.6627209186553955,c2.00_beta6_rho0.75,2.0,6,0.75,800
True,4,4,0.6814737832129875,1.8576260688264876,1.7630095608842726,0.36063920833481394,2.1157143850424105,0.7674972753591212,248.73293146666347,3.197469616182771e-49,meaningfully_different,True,1.0,1.0,7.609348616266224e-07,9.525628841773035e-07,True,310,0.7346808910369873,c2.00_beta6_rho0.75,2.0,6,0.75,800
True,4,4,0.5769058483165138,1.3312814312871857,1.2585310054951346,0.2681402812584355,0.9641632517195753,0.651840187403105,132.54809592555156,8.379705239143794e-25,inconclusive,True,1.0,1.0,7.45191312297788e-07,9.833576612461423e-07,True,311,0.6715290546417236,c2.00_beta6_rho0.75,2.0,6,0.75,800
True,4,4,0.5648376020736233,1.2761660668651236,1.2132247552103341,0.23449720875024224,0.909284832628584,0.6322456681411835,144.51165269304403,2.730948573695263e-27,inconclusive,True,1.0,1.0,9.710750535675798e-07,9.496870523201682e-07,True,312,0.6423568725585938,c2.00_beta6_rho0.75,2.0,6,0.75,800
True,4,4,0.5297799638447097,1.1226672403652076,1.0659201000649197,0.20071295392250665,0.32842972402454296,0.5907756617999125,169.206290519858,1.8915504235093348e-32,inconclusive,True,1.0,1.0,9.983369506417393e-07,7.567882296191365e-07,True,313,0.6337242126464844,c2.00_beta6_rho0.75,2.0,6,0.75,800
True,4,4,0.6306501702978708,1.590878549186934,1.4642821029691349,0.4624292969612731,1.0040066795508782,0.7458067124403789,182.56565836009105,2.976709914296099e-35,inconclusive,True,1.0,1.0,7.692240687296748e-07,9.573709729401093e-07,True,314,0.6999771595001221,c2.00_beta6_rho0.75,2.0,6,0.75,800
True,4,4,0.5525806879842016,1.2213816669323743,1.1632126704895214,0.22958001326991573,0.7109184643945172,0.6206525171124558,161.78203390010918,6.780021412365431e-31,inconclusive,True,1.0,1.0,7.175660330074663e-07,8.116774358832716e-07,True,315,0.6184890270233154,c2.00_beta6_rho0.75,2.0,6,0.75,800
True,4,4,0.6557443809115365,1.720002772388217,1.6438158838805585,0.30105909251566,2.138503369889317,0.7312684226964236,203.33175019127597,1.2685948161861943e-39,meaningfully_different,True,1.0,1.0,8.210121372058924e-07,9.870607392708568e-07,True,316,0.6697068214416504,c2.00_beta6_rho0.75,2.0,6,0.75,800
True,4,4,0.6050980958110662,1.4645748222167132,1.4084563367364884,0.230277588067745,1.7737563614585248,0.6684364709296157,216.9012745557715,1.7381998709838724e-42,meaningfully_different,True,1.0,1.0,9.906985463215326e-07,8.612041717086152e-07,True,317,0.6330158710479736,c2.00_beta6_rho0.75,2.0,6,0.75,800
True,4,4,0.6455620691589715,1.6670015405472507,1.574315804247267,0.32459635630898587,1.7693230163698175,0.7259871380088863,176.0299134244938,7.014444911552921e-34,meaningfully_different,True,1.0,1.0,7.599831469271341e-07,8.950342812418481e-07,True,318,0.6934311389923096,c2.00_beta6_rho0.75,2.0,6,0.75,800
True,4,4,0.6485826121617047,1.682637619194001,1.5706061139656224,0.4219567765288747,1.3522856977427298,0.7524399059486235,208.8879972434043,8.542401656715671e-41,inconclusive,True,1.0,1.0,5.4215431589598e-07,8.951960681399257e-07,True,319,0.6795268058776855,c2.00_beta6_rho0.75,2.0,6,0.75,800
True,4,4,0.6483226763287415,1.6812891705682484,1.6106749138013883,0.29103121270360804,2.098314157194238,0.7227341592129507,173.39735331029357,2.501737086547079e-33,meaningfully_different,True,1.0,1.0,8.364299548319618e-07,9.517167748272293e-07,True,320,0.6759748458862305,c2.00_beta6_rho0.75,2.0,6,0.75,800
True,4,4,0.6039299682982473,1.4589256264348882,1.3618810567395383,0.3148043744458853,1.149542656059074,0.6855086020297342,164.07502963334395,2.2460644504556303e-31,inconclusive,True,1.0,1.0,9.418080576795224e-07,9.428816358341879e-07,True,321,0.7241189479827881,c2.00_beta6_rho0.75,2.0,6,0.75,800
False,4,3,,,,,,,,,not_applicable,False,1.0,1.0,7.754447222255991e-07,9.697520738253526e-07,False,322,1.2388942241668701,c2.00_beta6_rho0.75,2.0,6,0.75,800
True,4,4,0.6454213677107251,1.6662749675903321,1.552775766058691,0.368755269653616,1.4990315028662005,0.7347319594256652,165.70183709926943,1.0253265793166185e-31,inconclusive,True,1.0,1.0,8.812870517758097e-07,9.818446341547224e-07,True,323,0.7610409259796143,c2.00_beta6_rho0.75,2.0,6,0.75,800
True,4,4,0.5586198625026091,1.2482246031297357,1.1987855854429106,0.2139918854098576,0.9289398290135045,0.6226497639719898,186.9128707603773,3.631418131655489e-36,inconclusive,True,1.0,1.0,6.881415377749108e-07,9.876162917287173e-07,True,324,0.6520071029663086,c2.00_beta6_rho0.75,2.0,6,0.75,800
True,4,4,0.6481234272669786,1.680255907889178,1.5601155197960765,0.45956866219434295,1.2187852781815969,0.7609268526999946,175.35873959886703,9.701010018840581e-34,inconclusive,True,1.0,1.0,9.70892550681587e-07,9.966103103373515e-07,True,325,0.7700409889221191,c2.00_beta6_rho0.75,2.0,6,0.75,800
True,4,4,0.6212109757098001,1.5436123053692872,1.4544236621867914,0.3315427025931684,1.3706338840592989,0.7070648624837147,199.84702017394395,6.882171444953157e-39,inconclusive,True,1.0,1.0,6.112283627227526e-07,9.245490298699725e-07,True,326,0.7518579959869385,c2.00_beta6_rho0.75,2.0,6,0.75,800
True,4,4,0.5055026009032776,1.0221315180799135,0.9579317869899058,0.23185890412825932,-0.18143885035712495,0.578641889769974,126.05962270782643,1.8527513180192175e-23,inconclusive,True,1.0,1.0,8.272252744471822e-07,9.730187665986153e-07,True,327,0.7015340328216553,c2.00_beta6_rho0.75,2.0,6,0.75,800
False,4,3,,,,,,,,,not_applicable,False,1.0,1.0,8.131209845562481e-07,7.790285650605879e-07,False,328,1.2749147415161133,c2.00_beta6_rho0.75,2.0,6,0.75,800
True,4,4,0.5056409096850933,1.0226909181886747,0.9791294643775595,0.1672721826462992,-0.12476991267921501,0.5599704725901656,177.1992139882351,3.9866684101252155e-34,inconclusive,True,1.0,1.0,8.197980040048416e-07,9.848800585051598e-07,True,329,0.6221559047698975,c2.00_beta6_rho0.75,2.0,6,0.75,800
True,4,4,0.5778661116811286,1.3357169721178663,1.2715821901589994,0.22604815563896427,1.2014351074501153,0.6409754907224302,189.07641124204304,1.2738041929397542e-36,inconclusive,True,1.0,1.0,9.342866675930548e-07,8.941201833408518e-07,True,330,0.6700501441955566,c2.00_beta6_rho0.75,2.0,6,0.75,800
True,4,4,0.5810551973522428,1.3505005694802152,1.2804002680478408,0.25834317021084446,1.085379063123653,0.6529427556392846,187.0010025080317,3.4797355056700616e-36,inconclusive,True,1.0,1.0,8.035848051988345e-07,8.779698907148013e-07,True,331,0.6798841953277588,c2.00_beta6_rho0.75,2.0,6,0.75,800
True,4,4,0.589568266304529,1.390362962533312,1.317888811155726,0.2806394963176321,1.132730122904492,0.6669894497928017,156.6179772273088,8.144476517499259e-30,inconclusive,True,1.0,1.0,8.489783373227998e-07,9.59082584387408e-07,True,332,0.6704590320587158,c2.00_beta6_rho0.75,2.0,6,0.75,800
True,4,4,0.6952517150553136,1.93349978914942,1.836948103449672,0.3747137247720445,2.2335667153873953,0.7831502621958102,180.56663403640476,7.82769817968826e-35,meaningfully_different,True,1.0,1.0,8.910018401848843e-07,8.010492700002185e-07,True,333,0.7420189380645752,c2.00_beta6_rho0.75,2.0,6,0.75,800
False,4,3,,,,,,,,,not_applicable,False,1.0,1.0,6.414137761449291e-07,8.955810773586113e-07,False,334,2.022374153137207,c2.00_beta6_rho0.75,2.0,6,0.75,800
True,4,4,0.6101791276008133,1.4892742710387585,1.4244152545802624,0.25939009698948245,1.6362045409831945,0.6802709012607967,190.01927894269494,8.068139856261811e-37,inconclusive,True,1.0,1.0,6.188131201742605e-07,9.337225456933738e-07,True,335,0.685917854309082,c2.00_beta6_rho0.75,2.0,6,0.75,800
True,4,4,0.5172529103297354,1.0702022929783253,1.0083398946062727,0.22398850530960795,0.03723358301241798,0.5866788303578502,160.0484909663556,1.5624479273141865e-30,inconclusive,True,1.0,1.0,8.033933132453348e-07,9.043782074049839e-07,True,336,0.6661648750305176,c2.00_beta6_rho0.75,2.0,6,0.75,800
True,4,4,0.5548322224125792,1.231355180109127,1.151832335032441,0.28930932690160155,0.5248096791711162,0.6379074836325072,142.30503440318606,7.865206363287443e-27,inconclusive,True,1.0,1.0,9.419419534880898e-07,8.556681407263937e-07,True,337,0.6715559959411621,c2.00_beta6_rho0.75,2.0,6,0.75,800
True,4,4,0.5790672966979633,1.341275736420348,1.2865877311345537,0.22140574466693286,1.294400610813762,0.6424110392260258,180.38016486187468,8.566319097371117e-35,inconclusive,True,1.0,1.0,7.501071468253989e-07,8.772397991179761e-07,True,338,0.6299021244049072,c2.00_beta6_rho0.75,2.0,6,0.75,800
True,4,4,0.5419340250843593,1.1747699501765396,1.0946295470353804,0.27549521477184213,0.34348889549225053,0.6220488023982965,139.47747383839555,3.0474372932225854e-26,inconclusive,True,1.0,1.0,8.223327629882141e-07,9.45685981946895e-07,True,339,0.6868510246276855,c2.00_beta6_rho0.75,2.0,6,0.75,800
False,4,3,,,,,,,,,not_applicable,False,1.0,1.0,4.6025769994060514e-07,9.599413929633949e-07,False,340,1.4960830211639404,c2.00_beta6_rho0.75,2.0,6,0.75,800
True,4,4,0.5634440100226916,1.2698766097218042,1.2069835876106507,0.2525414181821012,0.819602539261105,0.636862868925279,175.62470965730856,8.53127908433961e-34,inconclusive,True,1.0,1.0,9.585707117054389e-07,9.145163873735825e-07,True,341,0.65614914894104,c2.00_beta6_rho0.75,2.0,6,0.75,800
True,4,4,0.6141165895039534,1.5085567420158688,1.4422057877493035,0.29285103611420743,1.5100024695724485,0.693524130196321,187.98758219528617,2.1582163340055102e-36,inconclusive,True,1.0,1.0,8.760154598569575e-07,9.053347457120171e-07,True,342,0.6455011367797852,c2.00_beta6_rho0.75,2.0,6,0.75,800
True,4,4,0.5590955131322787,1.250351171218584,1.1585587678707279,0.3070687119690351,0.5163625002820769,0.6449112056082434,112.45934810246439,1.1881674569156644e-20,inconclusive,True,1.0,1.0,7.698614368375703e-07,9.582115034873712e-07,True,343,0.7102971076965332,c2.00_beta6_rho0.75,2.0,6,0.75,800
True,4,4,0.538067244357028,1.1580654377998627,1.0994972229208837,0.2159999046223777,0.4606354947000089,0.6030724354213542,160.39990275857323,1.3192250952316902e-30,inconclusive,True,1.0,1.0,8.852397966590739e-07,8.365154218949631e-07,True,344,0.6369080543518066,c2.00_beta6_rho0.75,2.0,6,0.75,800
True,4,4,0.5342603172957313,1.141736346547742,1.0705976009769806,0.24947621550717783,0.2829832929502229,0.6084713343478247,134.30109830840513,3.625993723897013e-25,inconclusive,True,1.0,1.0,4.832425092171113e-07,9.110599723663246e-07,True,345,0.6694529056549072,c2.00_beta6_rho0.75,2.0,6,0.75,800
True,4,4,0.5753040854144214,1.3238991627780954,1.2238610864573825,0.3900535927823883,0.5739239186607749,0.6829059512939806,161.17801593494303,9.069420176671856e-31,inconclusive,True,1.0,1.0,8.336598436602827e-07,9.285538046070923e-07,True,346,0.6851010322570801,c2.00_beta6_rho0.75,2.0,6,0.75,800
True,4,4,0.5623080898759535,1.2647615517597735,1.1758232903444312,0.3011208516761138,0.5838960980807371,0.6463596165012561,155.8722989290349,1.1658635474340705e-29,inconclusive,True,1.0,1.0,8.124352160280224e-07,9.986023118018857e-07,True,347,0.6987872123718262,c2.00_beta6_rho0.75,2.0,6,0.75,800
True,4,4,0.5722261077760329,1.309770873682032,1.240350204985328,0.2527206646992297,0.951050857955664,0.6434358373065342,161.05188625297245,9.637426494702523e-31,inconclusive,True,1.0,1.0,8.802716401398663e-07,8.086240475828237e-07,True,348,0.6732871532440186,c2.00_beta6_rho0.75,2.0,6,0.75,800
True,4,4,0.558522766286194,1.24779072183993,1.190854293746499,0.24147238881324995,0.7903772960729766,0.6300874995376851,144.37646706431218,2.9138449818276293e-27,inconclusive,True,1.0,1.0,9.757216569175925e-07,8.347365612658032e-07,True,349,0.6289608478546143,c2.00_beta6_rho0.75,2.0,6,0.75,800
True,4,4,0.5601477735673867,1.2550621129300013,1.1824883364387573,0.28494821949919347,0.6404263088903905,0.6424924997179675,179.49186639174002,1.3162126248303183e-34,inconclusive,True,1.0,1.0,8.959297333515456e-07,9.38043610177504e-07,True,350,0.6485750675201416,c2.00_beta6_rho0.75,2.0,6,0.75,800
True,4,4,0.5620056616724103,1.2634014550073749,1.1831952090486801,0.31573053510837545,0.5802264547703561,0.6524043464104566,170.08274662972758,1.2392214006968027e-32,inconclusive,True,1.0,1.0,7.556254914404118e-07,8.507586438197267e-07,True,351,0.6560959815979004,c2.00_beta6_rho0.75,2.0,6,0.75,800
True,4,4,0.5842433240145031,1.3653610466220623,1.2988229015799881,0.2521320315844791,1.1851842056802087,0.6545118769362329,176.95710569926803,4.48148808872487e-34,inconclusive,True,1.0,1.0,7.726342869420006e-07,9.233384730954092e-07,True,352,0.6889369487762451,c2.00_beta6_rho0.75,2.0,6,0.75,800
False,4,3,,,,,,,,,not_applicable,False,1.0,1.0,9.645047736536162e-07,9.564139512024017e-07,False,353,1.214890956878662,c2.00_beta6_rho0.75,2.0,6,0.75,800
False,4,3,,,,,,,,,not_applicable,False,1.0,1.0,9.99023104205892e-07,9.713146916814488e-07,False,354,1.026543140411377,c2.00_beta6_rho0.75,2.0,6,0.75,800
True,4,4,0.5220077383489904,1.0899683155849123,1.0422704974328203,0.19163206894585874,0.22058154287716247,0.5825541178891945,165.8029305675388,9.765511266992331e-32,inconclusive,True,1.0,1.0,9.498420346585139e-07,8.557334961232981e-07,True,355,0.6298723220825195,c2.00_beta6_rho0.75,2.0,6,0.75,800
True,4,4,0.50701874617719,1.0282720359003594,0.9814595320923253,0.1859095857666899,-0.09972841277233743,0.5672859923631358,153.2896542168561,4.0362565746165814e-29,inconclusive,True,1.0,1.0,7.34040437816113e-07,9.426556559699255e-07,True,356,0.6220831871032715,c2.00_beta6_rho0.75,2.0,6,0.75,800
True,4,4,0.5297771504488388,1.122655316550766,1.0666632493118469,0.21501683301440133,0.3100373509239712,0.5958889298668008,136.2157375531467,1.4515600728059105e-25,inconclusive,True,1.0,1.0,7.636094174865103e-07,9.407790099843077e-07,True,357,0.6481738090515137,c2.00_beta6_rho0.75,2.0,6,0.75,800
True,4,4,0.6570907800264127,1.727073172782878,1.6186381631396662,0.43427478311487555,1.424531626502528,0.7637009583665149,143.83297836822538,3.7812797460938945e-27,inconclusive,True,1.0,1.0,8.16731313218165e-07,9.631599789262469e-07,True,358,0.72517991065979,c2.00_beta6_rho0.75,2.0,6,0.75,800
True,4,4,0.5549901202099503,1.2320561341226202,1.17411734936069,0.21782168753937428,0.7993572693683951,0.6189511576325146,179.77114378768712,1.1499648473848022e-34,inconclusive,True,1.0,1.0,7.382551944245127e-07,8.688778662773721e-07,True,359,0.6546978950500488,c2.00_beta6_rho0.75,2.0,6,0.75,800
True,4,4,0.49490838650473673,0.9797372441308875,0.9197701559383842,0.2007642732529056,-0.3996221178284502,0.5590165469287789,139.71105663762435,2.72496775306076e-26,inconclusive,True,1.0,1.0,8.592033557538822e-07,8.444569274227409e-07,True,360,0.655015230178833,c2.00_beta6_rho0.75,2.0,6,0.75,800
True,4,4,0.5943507444417437,1.41301122967382,1.33500839321805,0.3185546775155468,1.0516511508505484,0.6817228560624643,150.4308722956402,1.5942443719340756e-28,inconclusive,True,1.0,1.0,8.888615205238472e-07,9.615923715208952e-07,True,361,0.6965038776397705,c2.00_beta6_rho0.75,2.0,6,0.75,800
True,4,4,0.6068326786108796,1.4729835993202207,1.3696521606733336,0.4209779326267831,0.8780796617219548,0.7180005640702921,151.00907956134307,1.2076188125303083e-28,inconclusive,True,1.0,1.0,9.038788929452073e-07,9.874832721477613e-07,True,362,0.691892147064209,c2.00_beta6_rho0.75,2.0,6,0.75,800
True,4,4,0.5710777866663762,1.3045193536950683,1.2370189371610054,0.24323937264032702,0.974426691650288,0.6397484078655155,181.92442238029895,4.0592493651534745e-35,inconclusive,True,1.0,1.0,9.027878072099041e-07,8.970821652009817e-07,True,363,0.6795263290405273,c2.00_beta6_rho0.75,2.0,6,0.75,800
True,4,4,0.558564445492823,1.2479769590748193,1.1817140748044688,0.23362939870818625,0.7777877091206228,0.6256996561114846,184.76105148198138,1.0290004965900026e-35,inconclusive,True,1.0,1.0,9.938004380348247e-07,9.655100711658075e-07,True,364,0.6708741188049316,c2.00_beta6_rho0.75,2.0,6,0.75,800
True,4,4,0.5775025552540869,1.334036805299999,1.2632023483165633,0.27932556327551156,0.9422780544326865,0.6562491931748472,121.88958658381922,1.3496426969074234e-22,inconclusive,True,1.0,1.0,8.108811808656998e-07,9.199064072497713e-07,True,365,0.6789271831512451,c2.00_beta6_rho0.75,2.0,6,0.75,800
True,4,4,0.5646602294458579,1.2753646988713958,1.2154269780422968,0.23079605046949903,0.9334084253351064,0.6314769787456878,159.3466799031031,2.1905277802769547e-30,inconclusive,True,1.0,1.0,8.243479832056492e-07,9.588627446825739e-07,True,366,0.6614089012145996,c2.00_beta6_rho0.75,2.0,6,0.75,800
True,4,4,0.5825066469519722,1.3572559749729183,1.291005470276131,0.25553738940357895,1.1387980089932601,0.654088501668222,166.22896403138262,7.952171452322706e-32,inconclusive,True,1.0,1.0,8.885445466636461e-07,9.396336907464712e-07,True,367,0.6448769569396973,c2.00_beta6_rho0.75,2.0,6,0.75,800
True,4,4,0.6248441667056687,1.5617209306644058,1.3738608563633736,0.605641451101481,0.6172973393472859,0.7697487242340512,163.8019073152331,2.56204145726853e-31,inconclusive,True,1.0,1.0,9.827433477355888e-07,9.975482887606756e-07,True,368,0.7223019599914551,c2.00_beta6_rho0.75,2.0,6,0.75,800
True,4,4,0.6289083320177182,1.582102760325234,1.5035182786420433,0.3062574757441781,1.6441011845295832,0.7083902523328609,170.71826526687383,9.119043628365827e-33,inconclusive,True,1.0,1.0,9.838126387818662e-07,9.329396500360104e-07,True,369,0.6829996109008789,c2.00_beta6_rho0.75,2.0,6,0.75,800
True,4,4,0.5399086161283528,1.1660052550785323,1.0416544052026762,0.43685920183810284,0.0953497260156443,0.6633671396393562,103.64792985152017,7.655125173500137e-19,inconclusive,True,1.0,1.0,7.159142230810143e-07,8.665814981682652e-07,True,370,0.6817736625671387,c2.00_beta6_rho0.75,2.0,6,0.75,800
True,4,4,0.5219658462913279,1.0897933787784888,1.0360418762017647,0.20685547367510318,0.17423699533507986,0.5865766898562844,155.54266656921862,1.3661681124880564e-29,inconclusive,True,1.0,1.0,9.62560918905763e-07,9.52309998469768e-07,True,371,0.6166720390319824,c2.00_beta6_rho0.75,2.0,6,0.75,800
True,4,4,0.6069264501862974,1.4734388637429607,1.4043422648141595,0.2730140368739983,1.4810310467691152,0.6807000796193244,167.97872089259818,3.419860606043895e-32,inconclusive,True,1.0,1.0,9.676731086991884e-07,9.372669869747702e-07,True,372,0.6591978073120117,c2.00_beta6_rho0.75,2.0,6,0.75,800
True,4,4,0.6248325807517338,1.5616630158754874,1.4923950685582146,0.27390924486991824,1.7976577197752381,0.6969461391381041,202.09919044217992,2.3074213794394922e-39,meaningfully_different,True,1.0,1.0,9.071139045877881e-07,9.296197283533789e-07,True,373,0.6573581695556641,c2.00_beta6_rho0.75,2.0,6,0.75,800
True,4,4,0.573911324010467,1.3174968313097886,1.2467144739546951,0.2608303804796385,0.9458808958565879,0.6472523216076094,158.26967055148728,3.678705650718096e-30,inconclusive,True,1.0,1.0,7.812565318425469e-07,9.663866831188136e-07,True,374,0.6509549617767334,c2.00_beta6_rho0.75,2.0,6,0.75,800
True,4,4,0.6029755292591127,1.454317955541228,1.2890151375938959,0.4668715100831176,0.6190464214499664,0.7171036247074796,169.7712476909262,1.4402242162923506e-32,inconclusive,True,1.0,1.0,8.986892611066591e-07,9.72606663634369e-07,True,375,0.7431800365447998,c2.00_beta6_rho0.75,2.0,6,0.75,800
True,4,4,0.5330659353448909,1.1366371657004937,1.0833209856068662,0.1971163354295979,0.4226995465661197,0.5932007469798111,186.83551811906233,3.769985681058561e-36,inconclusive,True,1.0,1.0,8.158246219151708e-07,9.441020983828717e-07,True,376,0.6205670833587646,c2.00_beta6_rho0.75,2.0,6,0.75,800
True,4,4,0.6374847578109474,1.6255472657651289,1.5491644825982493,0.29356774833253013,1.8706567247850387,0.712748282740651,178.96437388394065,1.698549788913237e-34,meaningfully_different,True,1.0,1.0,6.718660625602175e-07,9.259911840442355e-07,True,377,0.6687748432159424,c2.00_beta6_rho0.75,2.0,6,0.75,800
True,4,4,0.5364623378073465,1.1511673595428942,1.0811161249900774,0.2563410886515608,0.31643824802638976,0.6129354970947771,152.09456543815296,7.168475443996836e-29,inconclusive,True,1.0,1.0,9.734666186560134e-07,9.054171753042992e-07,True,378,0.638308048248291,c2.00_beta6_rho0.75,2.0,6,0.75,800
True,4,4,0.5812899755387417,1.3515921426473236,1.2836150035114609,0.2585632295228335,1.0968883860046892,0.6536271240907119,161.24247239331334,8.79219619733291e-31,inconclusive,True,1.0,1.0,8.932149026888636e-07,9.021396272875398e-07,True,379,0.6575202941894531,c2.00_beta6_rho0.75,2.0,6,0.75,800
True,4,4,0.5957412701735568,1.4196306439520112,1.3192004547686105,0.3606680335013534,0.8850256333222076,0.6914561768107157,157.14130994220028,6.331594711707928e-30,inconclusive,True,1.0,1.0,9.313388251987438e-07,9.448233895692232e-07,True,380,0.6705973148345947,c2.00_beta6_rho0.75,2.0,6,0.75,800
True,4,4,0.6068230758952977,1.472936981756121,1.3663840960312172,0.3832063802898685,0.9561012417227334,0.7065236196550602,162.14659982365853,5.688039477978529e-31,inconclusive,True,1.0,1.0,6.978786637533748e-07,9.462433005101676e-07,True,381,0.6843619346618652,c2.00_beta6_rho0.75,2.0,6,0.75,800
True,4,4,0.5932420685748188,1.40774460770772,1.3447047661726041,0.23561285518785627,1.4630134077267045,0.6580754944504357,193.51451982178276,1.4835049144751562e-37,inconclusive,True,1.0,1.0,9.57351547600168e-07,9.493771719563662e-07,True,382,0.6459541320800781,c2.00_beta6_rho0.75,2.0,6,0.75,800
True,4,4,0.6203360450795824,1.5392672352999108,1.0606366050827238,1.2490975376702245,0.048544331610661275,0.8824991813502925,148.68077516363604,3.694398126668376e-28,inconclusive,True,1.0,1.0,8.450839430303682e-07,9.788942394629162e-07,True,383,0.7454831600189209,c2.00_beta6_rho0.75,2.0,6,0.75,800
True,4,4,0.7153538742923324,2.0469246618602006,1.8685721893252802,0.6318902574660566,1.3745617677479978,0.8526340321547139,166.66468775699872,6.445235011662584e-32,inconclusive,True,1.0,1.0,9.601369092201416e-07,9.800923629630563e-07,True,384,0.7762901782989502,c2.00_beta6_rho0.75,2.0,6,0.75,800
True,4,4,0.5936646786464946,1.409751002689783,1.2351222360946845,0.5539265214415818,0.42446466632936075,0.7325043146549518,162.0074043505853,6.082519921734278e-31,inconclusive,True,1.0,1.0,9.552885888957266e-07,9.377319925661046e-07,True,385,0.7101261615753174,c2.00_beta6_rho0.75,2.0,6,0.75,800
True,4,4,0.6056077229135874,1.467042856210322,1.3799578916916053,0.30992954346659535,1.2259492510514982,0.6873402769665925,162.26098734851595,5.383082153605914e-31,inconclusive,True,1.0,1.0,5.841109909051226e-07,9.535916657516864e-07,True,386,0.686647891998291,c2.00_beta6_rho0.75,2.0,6,0.75,800
True,4,4,0.5404981713146043,1.1685530927777252,1.1106298355980295,0.22257649738545415,0.49704185705844167,0.607605051533611,163.93067191449126,2.4078888008848394e-31,inconclusive,True,1.0,1.0,7.339839517905951e-07,9.179244532754382e-07,True,387,0.6343250274658203,c2.00_beta6_rho0.75,2.0,6,0.75,800
True,4,4,0.6359809923679703,1.6178872906133932,1.5329884336529112,0.31452345774859797,1.6945904050149883,0.715949279609249,193.57791811681867,1.4386148693783646e-37,meaningfully_different,True,1.0,1.0,9.302559952890629e-07,9.577784184549054e-07,True,388,0.694645881652832,c2.00_beta6_rho0.75,2.0,6,0.75,800
False,4,3,,,,,,,,,not_applicable,False,1.0,1.0,9.972060318554765e-07,8.850493027473664e-07,False,389,1.137538194656372,c2.00_beta6_rho0.75,2.0,6,0.75,800
True,4,4,0.6118206855914831,1.4972982052705295,1.4464053802819585,0.2307306676882115,1.9347466236486184,0.6756336943710416,196.4084344029348,3.647730791558486e-38,meaningfully_different,True,1.0,1.0,7.540552085504998e-07,8.187519824762299e-07,True,390,0.625817060470581,c2.00_beta6_rho0.75,2.0,6,0.75,800
True,4,4,0.5619981591375581,1.2633677234960163,1.1945598233326011,0.261225289405805,0.7447970438664488,0.6372278219097129,139.04033904508833,3.7568786785905885e-26,inconclusive,True,1.0,1.0,8.310535144949454e-07,8.573026198980968e-07,True,391,0.661949872970581,c2.00_beta6_rho0.75,2.0,6,0.75,800
False,4,3,,,,,,,,,not_applicable,False,1.0,1.0,6.824632453951492e-07,9.945869225475786e-07,False,392,1.0625877380371094,c2.00_beta6_rho0.75,2.0,6,0.75,800
True,4,4,0.6302829590293897,1.5890264337713733,1.521844244608447,0.29594721138674657,1.7633017799464787,0.7086314431077891,194.518054241873,9.121015119517829e-38,meaningfully_different,True,1.0,1.0,6.526989776587411e-07,9.84589307771835e-07,True,393,0.662074089050293,c2.00_beta6_rho0.75,2.0,6,0.75,800
True,4,4,0.5479080932994207,1.2008131148120267,1.131942117044666,0.2501157592164472,0.5275242050241418,0.6211573735273453,157.15457337855497,6.291316544669771e-30,inconclusive,True,1.0,1.0,8.572935063652224e-07,9.142314396165948e-07,True,394,0.6432480812072754,c2.00_beta6_rho0.75,2.0,6,0.75,800
True,4,4,0.6266166651756145,1.5705937803032328,1.4319509451202257,0.47296503031629905,0.9132830493437435,0.7432881659654624,176.67908839999507,5.1258723977011145e-34,inconclusive,True,1.0,1.0,7.603970178058961e-07,9.717191933201907e-07,True,395,0.7215590476989746,c2.00_beta6_rho0.75,2.0,6,0.75,800
True,4,4,0.6542745909316401,1.7123009613550602,1.6064186225385613,0.36201629380835176,1.675114167263405,0.7419370654618824,197.55009103147248,2.0969547893594072e-38,meaningfully_different,True,1.0,1.0,8.213258826080496e-07,9.874237449402547e-07,True,396,0.7065138816833496,c2.00_beta6_rho0.75,2.0,6,0.75,800
True,4,4,0.5526180292762785,1.2215467451247908,1.1708511367564967,0.21396378625241672,0.7985049234216703,0.6170069380910668,152.78411760477607,5.146449265356285e-29,inconclusive,True,1.0,1.0,9.062188236032976e-07,7.291855343642703e-07,True,397,0.619636058807373,c2.00_beta6_rho0.75,2.0,6,0.75,800
True,4,4,0.5516020072252421,1.217059097499664,1.1134180241601792,0.37762000808655577,0.30034961530476484,0.6585111358342383,138.7921648824793,4.2308134176630006e-26,inconclusive,True,1.0,1.0,6.106020443688648e-07,8.576688745154644e-07,True,398,0.6927890777587891,c2.00_beta6_rho0.75,2.0,6,0.75,800
True,4,4,0.5323263453446653,1.1334853517920316,1.0578972483743465,0.2777483802832246,0.20845215484355922,0.6153764455727699,154.91636514921646,1.8463567220983074e-29,inconclusive,True,1.0,1.0,6.009117651712424e-07,8.896541325449985e-07,True,399,0.668194055557251,c2.00_beta6_rho0.75,2.0,6,0.75,800
True,4,4,0.547174564370182,1.1976000155747935,1.1352546893081736,0.24014859380459333,0.5632124975848458,0.6185191942929004,170.30389402368877,1.1137819915937723e-32,inconclusive,True,1.0,1.0,8.738830631447572e-07,9.773033017968498e-07,True,400,0.6451020240783691,c2.00_beta6_rho0.75,2.0,6,0.75,800
True,4,4,0.6004446585158005,1.4421351517606253,1.3629106464376013,0.29431329431299846,1.2330759549436132,0.6795242703627982,158.0856387770906,4.019394103451323e-30,inconclusive,True,1.0,1.0,8.079673294602341e-07,9.764214918555247e-07,True,401,0.6779019832611084,c2.00_beta6_rho0.75,2.0,6,0.75,800
True,4,4,0.5381725061780742,1.1585185856239575,1.077329839923543,0.2790091513633471,0.2771587940599055,0.6197295891145179,139.04753497639166,3.743958608614993e-26,inconclusive,True,1.0,1.0,9.906589461166303e-07,9.073373200782882e-07,True,402,0.6891751289367676,c2.00_beta6_rho0.75,2.0,6,0.75,800
True,4,4,0.5065865872696255,1.0265198816059433,0.9663862552679637,0.21266913608405325,-0.15805652550707264,0.5736278966142718,143.10600796940102,5.357841540980594e-27,inconclusive,True,1.0,1.0,7.819603896061191e-07,8.936143337561466e-07,True,403,0.6438741683959961,c2.00_beta6_rho0.75,2.0,6,0.75,800
True,4,4,0.5294101531569958,1.1211004410628551,1.0658187715035672,0.19716100768037503,0.3338325984327916,0.5895167024945178,170.63105416452214,9.511063641393445e-33,inconclusive,True,1.0,1.0,4.930758995859827e-07,9.025023696353276e-07,True,404,0.6288461685180664,c2.00_beta6_rho0.75,2.0,6,0.75,800
True,4,4,0.6009673469519066,1.4446470084096528,1.3839810695811918,0.23607095293538927,1.6265494115503671,0.6656356422125502,209.49834981111513,6.350505439597249e-41,inconclusive,True,1.0,1.0,7.80463093417438e-07,8.463589114899395e-07,True,405,0.6383540630340576,c2.00_beta6_rho0.75,2.0,6,0.75,800
True,4,4,0.5176189614635587,1.071717557066452,1.0098744060643037,0.23353833225952514,0.04228173580228578,0.5903411680785912,152.38155224295105,6.244991134665884e-29,inconclusive,True,1.0,1.0,9.264889038266153e-07,8.282806095857991e-07,True,406,0.6250631809234619,c2.00_beta6_rho0.75,2.0,6,0.75,800
True,4,4,0.522717126605689,1.0929327777876319,1.0448518350614695,0.19560423743076147,0.2292988927570949,0.5845066668667122,158.7218385101906,2.959221703915015e-30,inconclusive,True,1.0,1.0,8.621742872012023e-07,9.54730652756286e-07,True,407,0.6045718193054199,c2.00_beta6_rho0.75,2.0,6,0.75,800
True,4,4,0.6257368663330956,1.5661865035534492,1.4474847185957391,0.4268071329516592,1.0484471416892227,0.7330620675017966,193.00972233737704,1.8946841799692155e-37,inconclusive,True,1.0,1.0,7.593580859686388e-07,9.486135308089617e-07,True,408,0.7189781665802002,c2.00_beta6_rho0.75,2.0,6,0.75,800
True,4,4,0.5644586718634591,1.2744543689674406,1.1820964431756547,0.3159665765273666,0.5763155241829284,0.6522681987825509,195.72528674345875,5.080115489229701e-38,inconclusive,True,1.0,1.0,9.562209558933774e-07,9.124414364542985e-07,True,409,0.6689348220825195,c2.00_beta6_rho0.75,2.0,6,0.75,800
False,4,3,,,,,,,,,not_applicable,False,1.0,1.0,9.334807102656007e-07,9.698369363789877e-07,False,410,2.495570182800293,c2.00_beta6_rho0.75,2.0,6,0.75,800
True,4,4,0.5697438573609406,1.2984322520020954,1.2301567890355025,0.24120777509513566,0.9541847850664247,0.6377515724695689,174.12021099776197,1.764542794143395e-33,inconclusive,True,1.0,1.0,7.851764611356937e-07,9.550118816646212e-07,True,411,0.6652560234069824,c2.00_beta6_rho0.75,2.0,6,0.75,800
True,4,4,0.6346272040729628,1.6110067525978637,1.527436078980661,0.33058032079106603,1.5954854109843157,0.7195818783558663,171.04494671337045,7.788836987314735e-33,inconclusive,True,1.0,1.0,8.949803079912843e-07,9.006129429492505e-07,True,412,0.6775610446929932,c2.00_beta6_rho0.75,2.0,6,0.75,800
True,4,4,0.48083229106923775,0.9247987685395687,0.8625693495461015,0.20701156279319616,-0.663879102208369,0.5484234380083018,116.25383292077977,1.965088392768648e-21,inconclusive,True,1.0,1.0,8.065143079958418e-07,9.346237879859416e-07,True,413,0.641416072845459,c2.00_beta6_rho0.75,2.0,6,0.75,800
True,4,4,0.6650451128563989,1.7691400085367213,1.0141770366382945,1.6069002306833884,0.008822599168005124,0.9562024771494559,175.83502375090558,7.707018084943943e-34,inconclusive,True,1.0,1.0,6.712267358075114e-07,9.559064538333826e-07,True,414,0.8641750812530518,c2.00_beta6_rho0.75,2.0,6,0.75,800
True,4,4,0.604890243604387,1.4635688272310987,1.3973259177646653,0.26695620739800685,1.4883561676177448,0.6775746829207254,184.8574175982081,9.821139704152178e-36,inconclusive,True,1.0,1.0,8.14312575620114e-07,9.494138476085723e-07,True,415,0.6582603454589844,c2.00_beta6_rho0.75,2.0,6,0.75,800
False,4,3,,,,,,,,,not_applicable,False,1.0,1.0,9.721804771677373e-07,7.977900854918023e-07,False,416,0.8813691139221191,c2.00_beta6_rho0.75,2.0,6,0.75,800
False,4,3,,,,,,,,,not_applicable,False,1.0,1.0,8.995896441366521e-07,8.701616902814163e-07,False,417,1.323456048965454,c2.00_beta6_rho0.75,2.0,6,0.75,800
True,4,4,0.569409404771412,1.296908280968535,1.2377899235353773,0.24945219206678232,0.9532484824655987,0.6418921767725907,190.82253412679285,5.467470378429898e-37,inconclusive,True,1.0,1.0,5.338708798258814e-07,8.599263185968118e-07,True,418,0.6436190605163574,c2.00_beta6_rho0.75,2.0,6,0.75,800
True,4,4,0.6368154396367343,1.6221356166389083,1.5161264080803356,0.39214802447495317,1.3161520034976002,0.7350429423577607,187.99426432656432,2.151244544085248e-36,inconclusive,True,1.0,1.0,9.47241275903443e-07,9.677514257111805e-07,True,419,0.6914539337158203,c2.00_beta6_rho0.75,2.0,6,0.75,800
True,4,4,0.5354034897947634,1.1466275875376453,1.089575058416317,0.21628029341492763,0.41416190537743475,0.601108243887486,138.70101077075083,4.4195115541037866e-26,inconclusive,True,1.0,1.0,5.087851626995095e-07,9.07180149804757e-07,True,420,0.6380429267883301,c2.00_beta6_rho0.75,2.0,6,0.75,800
True,4,4,0.5727454655087123,1.312149473043166,1.2394625467301013,0.2715866973053238,0.8817167744445603,0.649265529430089,154.40187368651908,2.3646047723454936e-29,inconclusive,True,1.0,1.0,9.87554444808302e-07,8.9841066510598e-07,True,421,0.6668343544006348,c2.00_beta6_rho0.75,2.0,6,0.75,800
False,4,3,,,,,,,,,not_applicable,False,1.0,1.0,8.762809061727918e-07,8.159001279680756e-07,False,422,0.8845000267028809,c2.00_beta6_rho0.75,2.0,6,0.75,800
True,4,4,0.6127795386586035,1.5019950519946037,1.4348525052123031,0.27076354775143563,1.6060230737244705,0.6856053727869809,178.82646916172013,1.8156448842034497e-34,inconclusive,True,1.0,1.0,6.319859048348133e-07,9.82317470911422e-07,True,423,0.639915943145752,c2.00_beta6_rho0.75,2.0,6,0.75,800
True,4,4,0.5808429694860523,1.3495142208055004,1.3000624927005766,0.20736473684049894,1.447027576976017,0.6405363245348598,218.49898554150423,7.991614258265968e-43,inconclusive,True,1.0,1.0,7.89932989257543e-07,8.766280039497033e-07,True,424,0.6131222248077393,c2.00_beta6_rho0.75,2.0,6,0.75,800
True,4,4,0.5646619616080025,1.2753725235479891,1.2040406418799758,0.24557903898912128,0.8308552827630149,0.6340311930150773,161.3381469628149,8.396244016925792e-31,inconclusive,True,1.0,1.0,8.495481690607532e-07,9.97061333406292e-07,True,425,0.671497106552124,c2.00_beta6_rho0.75,2.0,6,0.75,800
True,4,4,0.5991213951873918,1.4357857846851476,1.3398624342314167,0.39084216010894823,0.8695644147926088,0.7040491067482737,150.89473784351583,1.275807655217354e-28,inconclusive,True,1.0,1.0,8.640388365413833e-07,9.846483284074714e-07,True,426,0.6760618686676025,c2.00_beta6_rho0.75,2.0,6,0.75,800
True,4,4,0.6468766477830951,1.6737975897883777,1.6114035793586954,0.25873601762044335,2.3630400783844596,0.7136151722680547,216.45398757327774,2.160540223867444e-42,meaningfully_different,True,1.0,1.0,8.621506478051725e-07,8.623684055285308e-07,True,427,0.6474158763885498,c2.00_beta6_rho0.75,2.0,6,0.75,800
True,4,4,0.5710069744101702,1.304195859300227,1.2465157554203263,0.22465834396142026,1.0972917857111044,0.6356189596193186,175.26240814747268,1.016312805365636e-33,inconclusive,True,1.0,1.0,8.34608060254689e-07,9.659104067590703e-07,True,428,0.6375377178192139,c2.00_beta6_rho0.75,2.0,6,0.75,800
True,4,4,0.5895381524905617,1.3902209329679391,1.331820599331564,0.2397856844482564,1.3838215575507713,0.656930923325908,189.15817941286375,1.2243462276962405e-36,inconclusive,True,1.0,1.0,9.67883616316995e-07,9.011683131598151e-07,True,429,0.6395530700683594,c2.00_beta6_rho0.75,2.0,6,0.75,800
True,4,4,0.5189129723829519,1.0770826916292406,1.0216248814485327,0.20966014172156833,0.10314254903657773,0.584483773510098,133.8554853627808,4.486689422802069e-25,inconclusive,True,1.0,1.0,6.661868229796262e-07,9.04112650416786e-07,True,430,0.631829023361206,c2.00_beta6_rho0.75,2.0,6,0.75,800
True,4,4,0.5152283065943077,1.0618408316641519,1.0182878509017346,0.16959823833378765,0.10783042961650406,0.5694848831070157,192.4270270424696,2.5128666930718494e-37,inconclusive,True,1.0,1.0,7.478452072269444e-07,9.130012658625355e-07,True,431,0.6042768955230713,c2.00_beta6_rho0.75,2.0,6,0.75,800
True,4,4,0.5429090074957849,1.179000761680233,1.1299786657750595,0.20393304956999941,0.6373594964088676,0.6052723936409844,159.72392740294634,1.8267213573121826e-30,inconclusive,True,1.0,1.0,6.105931956778778e-07,9.613752820568773e-07,True,432,0.6158699989318848,c2.00_beta6_rho0.75,2.0,6,0.75,800
True,4,4,0.5477950321759345,1.2003175891065325,1.1389174681182745,0.23306236483322837,0.5960527698999332,0.6169017231739788,154.12842654522694,2.6968556678989985e-29,inconclusive,True,1.0,1.0,9.887678683014534e-07,9.446330213959799e-07,True,433,0.6467390060424805,c2.00_beta6_rho0.75,2.0,6,0.75,800
False,4,3,,,,,,,,,not_applicable,False,1.0,1.0,9.74639605497627e-07,8.683980416966902e-07,False,434,1.7292530536651611,c2.00_beta6_rho0.75,2.0,6,0.75,800
True,4,4,0.595667072319455,1.4192770441825238,1.3500661286427669,0.25579370026497306,1.3685486713712587,0.6653587987460122,174.6959880281767,1.3361498636671405e-33,inconclusive,True,1.0,1.0,8.138870476519156e-07,8.20981393781878e-07,True,435,0.6691000461578369,c2.00_beta6_rho0.75,2.0,6,0.75,800
True,4,4,0.5814065641168492,1.3521343711926397,1.2800377336643665,0.3106973140291223,0.9013200984354758,0.6691579293278324,141.64045759818364,1.0814573222257103e-26,inconclusive,True,1.0,1.0,9.369016527002094e-07,9.626101837876397e-07,True,436,0.655432939529419,c2.00_beta6_rho0.75,2.0,6,0.75,800
True,4,4,0.6137046409674773,1.506533545380081,1.4347906068383627,0.28354853936233937,1.5333903952252597,0.6894175893871034,185.81408829638895,6.181237426725993e-36,inconclusive,True,1.0,1.0,9.774466197610167e-07,9.250155364842617e-07,True,437,0.6730201244354248,c2.00_beta6_rho0.75,2.0,6,0.75,800
True,4,4,0.5387699240894548,1.1610921244134274,1.101038125885104,0.2239181778164165,0.45122788542849823,0.6060838953492333,135.54326823316796,2.0022030308965413e-25,inconclusive,True,1.0,1.0,8.33076782898639e-07,9.85108231190993e-07,True,438,0.6381180286407471,c2.00_beta6_rho0.75,2.0,6,0.75,800
True,4,4,0.606243990638825,1.4701271047427507,1.3634696423061374,0.3687271385698269,0.9857414990280303,0.7017784218573117,148.9345804313386,3.270562997720924e-28,inconclusive,True,1.0,1.0,9.835316335950657e-07,9.323208545895702e-07,True,439,0.7007520198822021,c2.00_beta6_rho0.75,2.0,6,0.75,800
True,4,4,0.6764585079194366,1.830384451746362,1.6636811511357465,0.6052664713990522,1.0965106816534391,0.8153612545811515,150.8317311083303,1.315013192449726e-28,inconclusive,True,1.0,1.0,9.376274616040237e-07,9.043864449882837e-07,True,440,0.7337651252746582,c2.00_beta6_rho0.75,2.0,6,0.75,800
True,4,4,0.5823532378559354,1.3565411745651665,1.2934475831314927,0.23383035329406215,1.2549593284087315,0.6477006036431059,208.39263626233932,1.0866328614814954e-40,inconclusive,True,1.0,1.0,7.689154539292044e-07,8.5522987761211e-07,True,441,0.6573147773742676,c2.00_beta6_rho0.75,2.0,6,0.75,800
True,4,4,0.5379971661559109,1.157763803167163,1.1144334458200558,0.18473499046524797,0.6194465137971942,0.5954610534937748,203.8429111092662,9.898389726198079e-40,inconclusive,True,1.0,1.0,8.804011452823617e-07,8.648935304531172e-07,True,442,0.5928652286529541,c2.00_beta6_rho0.75,2.0,6,0.75,800
True,4,4,0.4978668335407329,0.9914855357595034,0.9383316578943081,0.18444051444988807,-0.33435355724106397,0.5571600548863859,163.37592824089478,3.145832833589591e-31,inconclusive,True,1.0,1.0,9.940805797769512e-07,8.45954606276796e-07,True,443,0.628046989440918,c2.00_beta6_rho0.75,2.0,6,0.75,800
True,4,4,0.5626394524367756,1.2662526137534185,1.2052938922344705,0.22802685981679957,0.9003057464344634,0.6285627851787139,165.91243104256165,9.263325820613902e-32,inconclusive,True,1.0,1.0,9.392555839789266e-07,7.610100543930682e-07,True,444,0.6482880115509033,c2.00_beta6_rho0.75,2.0,6,0.75,800
True,4,4,0.5322507443781749,1.133163419564485,1.0735241290914026,0.2106520988384068,0.3490310777667763,0.5958221206641073,169.3018954291138,1.8062785818386394e-32,inconclusive,True,1.0,1.0,7.579950203895823e-07,8.494245286304859e-07,True,445,0.6355037689208984,c2.00_beta6_rho0.75,2.0,6,0.75,800
True,4,4,0.63018863989188,1.5885508873951104,1.5212958890253276,0.264772022903529,1.9688480803550168,0.6994296088981141,194.34344731239358,9.92660407682612e-38,meaningfully_different,True,1.0,1.0,7.510170269388474e-07,9.365997728409863e-07,True,446,0.660167932510376,c2.00_beta6_rho0.75,2.0,6,0.75,800
True,4,4,0.622494869451853,1.5499994499755176,1.470685155572524,0.30948758743660554,1.5208530961486062,0.7035174013953183,174.25484781864182,1.653451815659369e-33,inconclusive,True,1.0,1.0,5.685176310100304e-07,7.91875851997695e-07,True,447,0.6904141902923584,c2.00_beta6_rho0.75,2.0,6,0.75,800
True,4,4,0.6810635594639888,1.855390288119033,1.7275251865465184,0.4579871104393764,1.5885276462225255,0.7875352287754738,221.75880329184986,1.6364078712442457e-43,inconclusive,True,1.0,1.0,9.561038667304006e-07,9.370720196321048e-07,True,448,0.7029056549072266,c2.00_beta6_rho0.75,2.0,6,0.75,800
True,4,4,0.5648358484555654,1.276158142802074,1.1927489685430686,0.2947972173294841,0.6538357800292262,0.6476201125433552,169.77582653752495,1.437045587820838e-32,inconclusive,True,1.0,1.0,6.165252363671887e-07,9.840097451276505e-07,True,449,0.661797285079956,c2.00_beta6_rho0.75,2.0,6,0.75,800
True,4,4,0.5286900886795455,1.1180528394719427,1.0581540537336034,0.22892566753979293,0.25403029008747907,0.5988954976222309,154.48121569073152,2.2760941650581424e-29,inconclusive,True,1.0,1.0,5.522427713552126e-07,9.05071526931346e-07,True,450,0.6466000080108643,c2.00_beta6_rho0.75,2.0,6,0.75,800
True,4,4,0.5651960946938307,1.2777865018286305,1.2137724792163067,0.25422757447501326,0.840870545446349,0.6387369621296797,180.1459223759286,9.593681871878728e-35,inconclusive,True,1.0,1.0,9.346647457528022e-07,9.463377399801508e-07,True,451,0.638134241104126,c2.00_beta6_rho0.75,2.0,6,0.75,800
True,4,4,0.6038111669955795,1.4583517015542542,1.3799229354245452,0.30209483990952746,1.257628020188382,0.6849862641931325,149.99170208790832,1.9686188378255083e-28,inconclusive,True,1.0,1.0,5.123246594097021e-07,8.860272102931844e-07,True,452,0.680272102355957,c2.00_beta6_rho0.75,2.0,6,0.75,800
True,4,4,0.559425384927748,1.2518270452062357,1.190874006083632,0.2509893676522486,0.7604864216722209,0.63318930380114,144.5835663058549,2.6383766034877712e-27,inconclusive,True,1.0,1.0,8.113006303379579e-07,9.068419278357729e-07,True,453,0.639427900314331,c2.00_beta6_rho0.75,2.0,6,0.75,800
True,4,4,0.5138391831215412,1.056122824444051,1.0023112833862022,0.19216205897403058,0.012027782167522408,0.574105770536253,165.08405181291772,1.3810376216290262e-31,inconclusive,True,1.0,1.0,9.691002961817756e-07,9.426185410106094e-07,True,454,0.6218838691711426,c2.00_beta6_rho0.75,2.0,6,0.75,800
True,4,4,0.5384057821089644,1.1595231448334624,1.1044418318718658,0.22296557703404973,0.468421328804115,0.6064626060075037,152.8414726672371,5.0065174187620773e-29,inconclusive,True,1.0,1.0,9.079121648700759e-07,9.658611923105828e-07,True,455,0.6223492622375488,c2.00_beta6_rho0.75,2.0,6,0.75,800
True,4,4,0.5614604614502848,1.2609513990878674,1.179205795334815,0.2701622573679249,0.6633265396904077,0.6370995142502942,162.30524787118722,5.2695177289243e-31,inconclusive,True,1.0,1.0,9.723645061759294e-07,9.861888967957533e-07,True,456,0.661376953125,c2.00_beta6_rho0.75,2.0,6,0.75,800
True,4,4,0.5857295157113936,1.372316262302015,1.307412572030311,0.24265238413880258,1.2668846140595267,0.6531730678329906,200.25347409508433,5.650482896039524e-39,inconclusive,True,1.0,1.0,9.210670974744155e-07,9.585937357442246e-07,True,457,0.6510601043701172,c2.00_beta6_rho0.75,2.0,6,0.75,800
True,4,4,0.6557222443580727,1.7198866469839522,1.6490783500092607,0.2963439699671254,2.1902870170810815,0.7308421176688719,201.4692802578265,3.1324464423632075e-39,meaningfully_different,True,1.0,1.0,9.592229404869729e-07,9.857497923468826e-07,True,458,0.6643829345703125,c2.00_beta6_rho0.75,2.0,6,0.75,800
True,4,4,0.5246772350388159,1.1011448038719074,1.0352935753090022,0.2281084718002848,0.15472277303187024,0.5938220740440815,142.57094428151422,6.924145709557355e-27,inconclusive,True,1.0,1.0,9.518885358250573e-07,9.376188025741457e-07,True,459,0.6756868362426758,c2.00_beta6_rho0.75,2.0,6,0.75,800
True,4,4,0.6641743808470069,1.7645104326940197,1.6185921444231288,0.5350732408184552,1.1560887318471056,0.7903653119393657,154.41407268404555,2.3507755633315605e-29,inconclusive,True,1.0,1.0,8.997522027170605e-07,9.906669340694567e-07,True,460,0.7089560031890869,c2.00_beta6_rho0.75,2.0,6,0.75,800
True,4,4,0.5683619759952725,1.292141343029003,1.212502280828985,0.27799575190885367,0.7644083744799739,0.6460968583798726,162.18421058617156,5.58590999022976e-31,inconclusive,True,1.0,1.0,9.593836005635004e-07,9.896035268714522e-07,True,461,0.6926817893981934,c2.00_beta6_rho0.75,2.0,6,0.75,800
True,4,4,0.6203541805434367,1.5393572372708753,1.4652445608707338,0.28313403516051533,1.643195459023412,0.6947946828952265,223.84520227624319,5.928243874524324e-44,inconclusive,True,1.0,1.0,8.956196735437836e-07,8.448051752857767e-07,True,462,0.6644222736358643,c2.00_beta6_rho0.75,2.0,6,0.75,800
True,4,4,0.5123799557317529,1.050132876142692,0.9995920444189323,0.18966253114487586,-0.002150955060048378,0.5726166140336346,159.84890337515338,1.7200467565175646e-30,inconclusive,True,1.0,1.0,6.864120066404639e-07,8.52907780395638e-07,True,463,0.6296138763427734,c2.00_beta6_rho0.75,2.0,6,0.75,800
True,4,4,0.5993658080017396,1.4369574872063127,1.2195644891139747,0.6671050567947954,0.32913030245776387,0.7610608814905286,162.08083232573466,5.871132309351567e-31,inconclusive,True,1.0,1.0,9.172243177269727e-07,9.553823736728918e-07,True,464,0.7294590473175049,c2.00_beta6_rho0.75,2.0,6,0.75,800
True,4,4,0.5522364310695967,1.219860303201942,1.1732373125841993,0.20268443714164594,0.8547144271522557,0.6137229717354674,172.5447952517761,3.775944274382563e-33,inconclusive,True,1.0,1.0,8.873256040303101e-07,7.878599911319488e-07,True,465,0.6041147708892822,c2.00_beta6_rho0.75,2.0,6,0.75,800
True,4,4,0.5465302790642759,1.1947813837363008,1.1350141466457686,0.22428480970886455,0.6019763301002206,0.6131740840425163,159.63804117496284,1.9038396883378748e-30,inconclusive,True,1.0,1.0,6.975171657266604e-07,8.347316630608685e-07,True,466,0.64945387840271,c2.00_beta6_rho0.75,2.0,6,0.75,800
True,4,4,0.6217872897575566,1.5464777348161907,1.4445958234720544,0.4063560565404681,1.0941040900365615,0.7268067241203711,149.65102378415253,2.318549765023359e-28,inconclusive,True,1.0,1.0,7.620660550122013e-07,9.392081534939448e-07,True,467,0.6890239715576172,c2.00_beta6_rho0.75,2.0,6,0.75,800
True,4,4,0.504710547339925,1.0189309463846667,0.9530594855695745,0.23489425683023427,-0.19983679066428134,0.5786679004115521,141.116817704195,1.3898242743415024e-26,inconclusive,True,1.0,1.0,6.661164006137629e-07,9.722982519467509e-07,True,468,0.657789945602417,c2.00_beta6_rho0.75,2.0,6,0.75,800
True,4,4,0.5616775010869922,1.2619264609093124,1.1915454472991154,0.2760183544106048,0.6939590945251867,0.6413959850701779,162.0636218605157,5.920010089167041e-31,inconclusive,True,1.0,1.0,5.7567750312343e-07,9.93512936733571e-07,True,469,0.6636691093444824,c2.00_beta6_rho0.75,2.0,6,0.75,800
True,4,4,0.5570862904486128,1.2413805400231848,1.1756501038273033,0.23911833782114061,0.734573957931611,0.6262916191885003,153.47996552553008,3.6833958361822006e-29,inconclusive,True,1.0,1.0,8.34605614560362e-07,8.884811990586126e-07,True,470,0.6766321659088135,c2.00_beta6_rho0.75,2.0,6,0.75,800
True,4,4,0.5995627763179769,1.437902090984482,1.3723447443872174,0.2533042546622171,1.4699506128854471,0.6687662458569893,168.14825736218873,3.151320034786008e-32,inconclusive,True,1.0,1.0,8.694396334755072e-07,8.0013779728085e-07,True,471,0.6783187389373779,c2.00_beta6_rho0.75,2.0,6,0.75,800
True,4,4,0.5003840583492016,1.0015368234000688,0.9432144427642625,0.21899340426016556,-0.25930259145282714,0.5708385362867607,127.66296784228447,8.62697326871552e-24,inconclusive,True,1.0,1.0,9.76026611694306e-07,8.658218821402975e-07,True,472,0.6303269863128662,c2.00_beta6_rho0.75,2.0,6,0.75,800
True,4,4,0.5839783324031645,1.3641227708655237,1.2812119572911929,0.3325291480148593,0.8456761128159109,0.6760498747264356,149.4829260471832,2.5134711680472237e-28,inconclusive,True,1.0,1.0,5.499874604870463e-07,9.870940744092039e-07,True,473,0.6729650497436523,c2.00_beta6_rho0.75,2.0,6,0.75,800
True,4,4,0.6309405374106056,1.5923438469919353,1.3921933630883645,0.6647073749681496,0.5900240885805683,0.7882797250446882,192.827883288481,2.0692238705593843e-37,inconclusive,True,1.0,1.0,6.483153383634563e-07,9.676570564923156e-07,True,474,0.6946978569030762,c2.00_beta6_rho0.75,2.0,6,0.75,800
True,4,4,0.5665192210291682,1.2837761111819819,1.194787271601616,0.3037852285891464,0.6412006024988643,0.6508589529730607,152.85050145144857,4.9848385746293085e-29,inconclusive,True,1.0,1.0,8.339369433043209e-07,8.440025323104672e-07,True,475,0.6812562942504883,c2.00_beta6_rho0.75,2.0,6,0.75,800
True,4,4,0.6819196691061732,1.8600577404554912,-4.612272270371034,10.444623766065568,-0.5373359918052028,1.7725409031518469,149.26848059179946,2.786089587921099e-28,inconclusive,True,1.0,1.0,6.875314072380827e-07,9.867689087032945e-07,True,476,1.0241341590881348,c2.00_beta6_rho0.75,2.0,6,0.75,800
False,4,3,,,,,,,,,not_applicable,False,1.0,1.0,9.184870544817557e-07,9.811662221612229e-07,False,477,0.8295400142669678,c2.00_beta6_rho0.75,2.0,6,0.75,800
True,4,4,0.5295685344124423,1.1217713305589687,1.0549361939633652,0.24024481042100973,0.22866755734325322,0.6021012667609644,140.0101477609557,2.361350077880903e-26,inconclusive,True,1.0,1.0,9.952259221874658e-07,9.218550308009184e-07,True,478,0.6441478729248047,c2.00_beta6_rho0.75,2.0,6,0.75,800
True,4,4,0.6398569436519616,1.6376676333585183,1.495215431542694,0.5202945361288882,0.9517982549407715,0.7666524288061262,169.62997849101438,1.5418234745182245e-32,inconclusive,True,1.0,1.0,9.79098431400287e-07,8.642555181606706e-07,True,479,0.73789381980896,c2.00_beta6_rho0.75,2.0,6,0.75,800
True,4,4,0.5664264317701885,1.2833556104316317,1.2087588465737797,0.2708651487996984,0.7707113576584725,0.643096487510178,155.7836606819238,1.2166447767300262e-29,inconclusive,True,1.0,1.0,9.967076361409896e-07,9.745669746009676e-07,True,480,0.6787059307098389,c2.00_beta6_rho0.75,2.0,6,0.75,800
True,4,4,0.5889124314990537,1.3872714078965105,1.3308411127945858,0.23386959255301187,1.414639283298846,0.6548897541455108,201.3370169849937,3.340082715644864e-39,inconclusive,True,1.0,1.0,9.550966857616881e-07,9.174487528454886e-07,True,481,0.644921064376831,c2.00_beta6_rho0.75,2.0,6,0.75,800
True,4,4,0.615977647568777,1.5177138492174578,1.4211179410097199,0.34700332698496456,1.2135847361139758,0.7056712446254925,155.4423965101552,1.4336669737216535e-29,inconclusive,True,1.0,1.0,9.498434004515576e-07,8.369907812227871e-07,True,482,0.7154021263122559,c2.00_beta6_rho0.75,2.0,6,0.75,800
False,4,3,,,,,,,,,not_applicable,False,1.0,1.0,8.831972519669856e-07,7.807562100672619e-07,False,483,11.906912088394165,c2.00_beta6_rho0.75,2.0,6,0.75,800
True,4,4,0.5366104876802885,1.1518032619539083,1.0842237885959662,0.24775174794852542,0.3399523486448425,0.6106838686654219,120.43098624495201,2.7010196592068724e-22,inconclusive,True,1.0,1.0,7.131685115563558e-07,9.489750614934716e-07,True,484,0.6732993125915527,c2.00_beta6_rho0.75,2.0,6,0.75,800
True,4,4,0.5373905465347991,1.1551543980198806,1.1093116268207628,0.17900091467971574,0.6106763589244938,0.5923980778495411,215.89465723607444,2.8358272859274622e-42,inconclusive,True,1.0,1.0,8.653118460536773e-07,9.73504418156248e-07,True,485,0.6062130928039551,c2.00_beta6_rho0.75,2.0,6,0.75,800
True,4,4,0.5708409303014982,1.3034374708299197,1.2315054704346515,0.25607734814085253,0.9040450946380251,0.6427898617169238,157.3464742471061,5.736411516704597e-30,inconclusive,True,1.0,1.0,8.024019905244104e-07,9.951563530011913e-07,True,486,0.6661150455474854,c2.00_beta6_rho0.75,2.0,6,0.75,800
True,4,4,0.5516265956500896,1.21716760411403,1.1457665059180053,0.28409082739725067,0.5130982483787718,0.6350303799319403,153.90416027975013,3.00389185013383e-29,inconclusive,True,1.0,1.0,9.672422429068883e-07,9.55241896219635e-07,True,487,0.6565008163452148,c2.00_beta6_rho0.75,2.0,6,0.75,800
True,4,4,0.5156966677749321,1.0637722126166744,1.0040805867182505,0.20842836582816668,0.019577885678068622,0.580283280004318,168.75682295094057,2.3496033777372155e-32,inconclusive,True,1.0,1.0,5.310952848141579e-07,7.959193921487736e-07,True,488,0.6409358978271484,c2.00_beta6_rho0.75,2.0,6,0.75,800
True,4,4,0.6068056253363973,1.4728522677595843,1.4068274697529195,0.25589617793053154,1.589814560901185,0.6759695307750516,162.63100041523228,4.504165904613541e-31,inconclusive,True,1.0,1.0,9.408988292167004e-07,8.559698305120463e-07,True,489,0.6605629920959473,c2.00_beta6_rho0.75,2.0,6,0.75,800
True,4,4,0.5626093892711859,1.266117299584387,1.1963599650663692,0.2582964475146741,0.7602116364965251,0.6366356519999413,158.7001936163055,2.9902136007999743e-30,inconclusive,True,1.0,1.0,9.395786012061615e-07,8.805051085002036e-07,True,490,0.6594111919403076,c2.00_beta6_rho0.75,2.0,6,0.75,800
True,4,4,0.6260947219866868,1.5679784035983464,1.470698028274295,0.3493125074028639,1.3474983526182087,0.7150639784339945,179.09783660021216,1.592419610433829e-34,inconclusive,True,1.0,1.0,6.163373048833103e-07,8.506016920534969e-07,True,491,0.6766021251678467,c2.00_beta6_rho0.75,2.0,6,0.75,800
True,4,4,0.6782030449555981,1.8398374807481805,1.681141188638196,0.531478827169044,1.2815960934254673,0.7992724918879531,136.32626668147606,1.3768129982331447e-25,inconclusive,True,1.0,1.0,9.41716287636306e-07,9.932134150714378e-07,True,492,0.775432825088501,c2.00_beta6_rho0.75,2.0,6,0.75,800
True,4,4,0.5841693376656635,1.36501526027496,1.303836029151641,0.2636615548132978,1.1523713776427944,0.6590752411284235,159.58893148844413,1.949389502025644e-30,inconclusive,True,1.0,1.0,8.342104335802141e-07,8.662505369600229e-07,True,493,0.6690738201141357,c2.00_beta6_rho0.75,2.0,6,0.75,800
True,4,4,0.7039359373065199,1.9821032153264349,1.7282203738989674,0.7799494662516591,0.9336763539293189,0.8676293970212561,220.81759444481727,2.5869105068530543e-43,inconclusive,True,1.0,1.0,9.114676090472342e-07,9.77079013771876e-07,True,494,0.7928719520568848,c2.00_beta6_rho0.75,2.0,6,0.75,800
True,4,4,0.6921199076377124,1.9161198661937422,1.7723751732744004,0.5375528703143838,1.4368357345439948,0.8149495324388482,187.91790413358086,2.232274303842216e-36,inconclusive,True,1.0,1.0,9.99392311455661e-07,9.463065993232379e-07,True,495,0.7126338481903076,c2.00_beta6_rho0.75,2.0,6,0.75,800
True,4,4,0.5936709331650342,1.4097807075401696,1.3421213932184424,0.265860082725635,1.2868475391678422,0.6669749460345796,165.13891438518755,1.344992507696448e-31,inconclusive,True,1.0,1.0,8.665413574970124e-07,9.215079678284667e-07,True,496,0.6612422466278076,c2.00_beta6_rho0.75,2.0,6,0.75,800
True,4,4,0.5440290869223684,1.1838705896703436,1.1100005112997637,0.24848116331094597,0.44269154987056536,0.6161809097174494,167.47648392509046,4.357260493438912e-32,inconclusive,True,1.0,1.0,8.683146556708837e-07,8.605211015168151e-07,True,497,0.6649270057678223,c2.00_beta6_rho0.75,2.0,6,0.75,800
True,4,4,0.6204067305672067,1.5396180453323627,1.4650856180393756,0.292411548112695,1.5905172727998154,0.6975062389532866,169.78943351424084,1.427640967083605e-32,inconclusive,True,1.0,1.0,8.997386358219492e-07,9.855033036311225e-07,True,498,0.6546671390533447,c2.00_beta6_rho0.75,2.0,6,0.75,800
True,4,4,0.6068386088190842,1.4730123886139261,1.4098838401769687,0.25184200618360075,1.62754357935884,0.6753012434215562,175.57416539123437,8.742164928525494e-34,inconclusive,True,1.0,1.0,8.987561043916177e-07,9.987299350644356e-07,True,499,0.6094410419464111,c2.00_beta6_rho0.75,2.0,6,0.75,800
