applicable,K_x,K_y,D_hat,Q_hat,Q_bc,s_Q,Z,U_D,T0,p_exact,decision,mt_reject,success_x,success_y,max_residual_x,max_residual_y,correct_cardinality,rep,seconds,name,c_h,order,rho,n
True,4,4,0.5699648601508431,1.2994397672270808,1.265669413429219,0.15221181541849968,1.7453928441676665,0.6156369811189882,334.12699264942387,2.2057721994851074e-67,meaningfully_different,True,1.0,1.0,8.439879505818237e-07,9.012966523669088e-07,True,0,1.0986270904541016,order10_rho1.00,1.0,10,1.0,800
True,4,4,0.520163983689828,1.0822822797122864,1.0476362267066932,0.1371694737863223,0.34728008639078994,0.5641941007249079,257.7987572525972,3.823479049662831e-51,inconclusive,True,1.0,1.0,8.301805281354501e-07,8.224710928850782e-07,True,1,1.0818109512329102,order10_rho1.00,1.0,10,1.0,800
True,4,4,0.4681653767605757,0.8767152799894872,0.8441146792283519,0.11732281257147711,-1.3286872122732085,0.5091889465146249,254.93676712494027,1.5470390482821723e-50,inconclusive,True,1.0,1.0,9.261524692555676e-07,8.122241938463502e-07,True,2,1.0893378257751465,order10_rho1.00,1.0,10,1.0,800
True,4,4,0.5439303127224597,1.1834407403934115,1.1496562009840814,0.14966206512326494,0.9999608174644743,0.5907259075957163,292.5784110335546,1.5625255050748497e-58,inconclusive,True,1.0,1.0,9.557567359423865e-07,9.119913860911483e-07,True,3,1.0904169082641602,order10_rho1.00,1.0,10,1.0,800
True,4,4,0.48745427131209085,0.9504466664816059,0.91584409326401,0.1322073006480799,-0.6365450797607847,0.5322841701677,230.83037241586146,1.976040488739749e-45,inconclusive,True,1.0,1.0,7.45911579004471e-07,9.68653039571312e-07,True,4,1.0499682426452637,order10_rho1.00,1.0,10,1.0,800
True,4,4,0.5317467620529679,1.1310184758152628,1.0999341132861815,0.1328660112263427,0.752142044182689,0.5741252593621026,317.90910302100747,6.321280973038583e-64,inconclusive,True,1.0,1.0,9.502000573025794e-07,9.625984206144333e-07,True,5,1.0346639156341553,order10_rho1.00,1.0,10,1.0,800
True,4,4,0.5036790377227496,1.01477029216526,0.9811084809793588,0.13745628397756332,-0.13743656145778577,0.5493641661564589,260.8344514093173,8.677607072769434e-52,inconclusive,True,1.0,1.0,9.587288795040397e-07,7.713224585858641e-07,True,6,1.0513370037078857,order10_rho1.00,1.0,10,1.0,800
True,4,4,0.47148954978519986,0.8892095822266017,0.8545869135622453,0.13323690682219017,-1.0913874384055926,0.5181076439777067,216.8080226826695,1.8188381196184236e-42,inconclusive,True,1.0,1.0,9.149528099027932e-07,7.082894014576327e-07,True,7,1.0522050857543945,order10_rho1.00,1.0,10,1.0,800
True,4,4,0.48863354206139686,0.9550509537098677,0.9201176571443545,0.1264513730459229,-0.6317238075907247,0.5310630039674987,256.67964664669495,6.604603328162075e-51,inconclusive,True,1.0,1.0,9.175840804769272e-07,8.306863370411285e-07,True,8,1.0446419715881348,order10_rho1.00,1.0,10,1.0,800
True,4,4,0.495594470519824,0.982455516839299,0.943748120442282,0.1370924931058006,-0.41032064034538984,0.5406582111082698,231.286061403648,1.582673492204226e-45,inconclusive,True,1.0,1.0,8.760078220363922e-07,6.573666644968466e-07,True,9,1.0747461318969727,order10_rho1.00,1.0,10,1.0,800
True,4,4,0.5821037341343311,1.3553790291725285,1.3244464343890654,0.14695324653873298,2.207820800362855,0.625732174126957,386.2808180100863,1.6084863961158687e-78,meaningfully_different,True,1.0,1.0,9.550625208869409e-07,8.654932084494328e-07,True,10,0.9925990104675293,order10_rho1.00,1.0,10,1.0,800
True,4,4,0.5065462867333024,1.0263565624131878,0.9914659165893075,0.13563812525123678,-0.06291802835585632,0.5510378341960065,263.9024633164538,1.9377963226134456e-52,inconclusive,True,1.0,1.0,9.282086478205087e-07,9.870128580379218e-07,True,11,1.0217609405517578,order10_rho1.00,1.0,10,1.0,800
True,4,4,0.4987217851154586,0.9948936757949988,0.9626929335208414,0.1281669994943738,-0.2910816873792562,0.5416430760876229,262.3653996648576,4.1070017109749805e-52,inconclusive,True,1.0,1.0,9.746888400440082e-07,8.45503832468969e-07,True,12,1.0064237117767334,order10_rho1.00,1.0,10,1.0,800
True,4,4,0.5737821029194694,1.3169036065227542,1.2789159555169367,0.16450707292452238,1.6954648244510822,0.6223957766317201,337.17424499570905,4.938736102712399e-68,meaningfully_different,True,1.0,1.0,8.919603288401086e-07,8.521446003763543e-07,True,13,1.0778627395629883,order10_rho1.00,1.0,10,1.0,800
True,4,4,0.5103471397815562,1.0418168123328613,1.0093463661056628,0.1337104143040149,0.06990006092129886,0.5543645970917528,266.03878711762604,6.820810433768514e-53,inconclusive,True,1.0,1.0,8.269388848240427e-07,8.331974951216605e-07,True,14,1.0037751197814941,order10_rho1.00,1.0,10,1.0,800
True,4,4,0.5773623875622479,1.3333893062863176,1.2999285553381466,0.1541643964703769,1.9455111699268293,0.6231986886257125,340.5052272951177,9.61688303718602e-69,meaningfully_different,True,1.0,1.0,9.554414404708283e-07,9.236002616317589e-07,True,15,1.0351660251617432,order10_rho1.00,1.0,10,1.0,800
True,4,4,0.550678548246823,1.2129874539969143,1.1836254564147601,0.13466096814223344,1.3636130717611414,0.5926894292697292,360.24073798964554,5.895330544680411e-73,inconclusive,True,1.0,1.0,9.923435664683498e-07,9.198847818433113e-07,True,16,0.9577338695526123,order10_rho1.00,1.0,10,1.0,800
True,4,4,0.4913774910899314,0.9658073549993424,0.9292713709438959,0.13275439032423006,-0.532778079002596,0.5356381500981883,248.1404744514008,4.269480178574293e-49,inconclusive,True,1.0,1.0,9.615787437244138e-07,9.348678059303037e-07,True,17,1.0375499725341797,order10_rho1.00,1.0,10,1.0,800
True,4,4,0.5092142715102873,1.0371966972390105,1.0028764163538757,0.12960889999761138,0.022193046572640537,0.5513764788237111,290.2412018911452,4.908719241762032e-58,inconclusive,True,1.0,1.0,9.119600506682535e-07,8.871004608206091e-07,True,18,1.015881061553955,order10_rho1.00,1.0,10,1.0,800
True,4,4,0.5053035780328728,1.0213268238912945,0.9868458929685561,0.13830816069063925,-0.09510723709836887,0.5509860644148682,254.69067949375983,1.744577275661012e-50,inconclusive,True,1.0,1.0,9.187773184152345e-07,9.57587886024458e-07,True,19,1.0081369876861572,order10_rho1.00,1.0,10,1.0,800
True,4,4,0.5131730464640772,1.053386302468888,1.0166046867079006,0.15178547969391876,0.1093957520929182,0.562643222544494,216.21954025454343,2.4214369274158487e-42,inconclusive,True,1.0,1.0,8.749701897394776e-07,7.869057523513491e-07,True,20,1.0304570198059082,order10_rho1.00,1.0,10,1.0,800
True,4,4,0.5116558452237945,1.047166815806702,1.0129289063078228,0.13426365947811497,0.0962949048020716,0.5553766680299457,271.99299065447997,3.711243027046318e-54,inconclusive,True,1.0,1.0,9.131212923943911e-07,9.144120997311319e-07,True,21,1.0270841121673584,order10_rho1.00,1.0,10,1.0,800
True,4,4,0.5570601814101735,1.241264182850942,1.2104071156301321,0.14362906463439337,1.4649341076315003,0.6013850479371893,318.70463775341625,4.27851043211307e-64,inconclusive,True,1.0,1.0,8.695105533489954e-07,9.873431945272831e-07,True,22,0.9754438400268555,order10_rho1.00,1.0,10,1.0,800
True,4,4,0.4625262972646587,0.8557223026454217,0.8210528546434532,0.12514958014261615,-1.4298661262197185,0.5066817530394422,205.5780790312739,4.262969991648425e-40,inconclusive,True,1.0,1.0,8.918418876841834e-07,7.982859367753812e-07,True,23,1.0058159828186035,order10_rho1.00,1.0,10,1.0,800
True,4,4,0.5631816601672482,1.2686943293949513,1.2318920076696065,0.15384303167551955,1.5073286397443413,0.6092908329160827,323.6725319914877,3.73726759825586e-65,inconclusive,True,1.0,1.0,9.053003582208165e-07,9.82335627900974e-07,True,24,1.1020269393920898,order10_rho1.00,1.0,10,1.0,800
True,4,4,0.5114921151016383,1.0464967352445902,1.0113777144782945,0.13673540865003414,0.08320971568831201,0.5559423187995753,264.63130684672467,1.3570870376177385e-52,inconclusive,True,1.0,1.0,9.87620373171468e-07,9.526601734622723e-07,True,25,1.091322898864746,order10_rho1.00,1.0,10,1.0,800
True,4,4,0.5533588621108072,1.2248241211062694,1.1943882904546776,0.1449588750095054,1.340989231890293,0.5985032209129847,346.877747587753,4.200255552542729e-70,inconclusive,True,1.0,1.0,8.145742849850662e-07,8.325626704048942e-07,True,26,1.0468552112579346,order10_rho1.00,1.0,10,1.0,800
True,4,4,0.5638060017308506,1.2715088303509114,1.2365302538612928,0.14338395704231754,1.6496284433793702,0.6067074821627394,341.7996798626615,5.091690374536711e-69,meaningfully_different,True,1.0,1.0,9.205266372169764e-07,7.077389350718002e-07,True,27,1.0829219818115234,order10_rho1.00,1.0,10,1.0,800
True,4,4,0.5084005271731367,1.033884384119693,0.9986469977335755,0.1292137254436838,-0.010471041383403424,0.5502691756498655,274.75863222309897,9.595149301025964e-55,inconclusive,True,1.0,1.0,8.405123055774747e-07,9.126410484210784e-07,True,28,1.0299949645996094,order10_rho1.00,1.0,10,1.0,800
True,4,4,0.5283110798864297,1.1164503885230617,1.0822216376149465,0.1453755543938828,0.5655809049723305,0.5747484548760887,280.0509492931518,7.203048021232745e-56,inconclusive,True,1.0,1.0,7.794721162911032e-07,8.317189874371309e-07,True,29,1.011841058731079,order10_rho1.00,1.0,10,1.0,800
True,4,4,0.5640891974539208,1.2727864907368338,1.2405993075957384,0.15037862320829556,1.599956845345462,0.6099078068437623,355.6559541921739,5.616772730184147e-72,inconclusive,True,1.0,1.0,9.01493385854622e-07,8.251933211387612e-07,True,30,1.0036799907684326,order10_rho1.00,1.0,10,1.0,800
True,4,4,0.5082371180643042,1.0332198727132376,1.0001492687411,0.13241090303708158,0.0011273145766417156,0.551802913831008,280.16456526659675,6.813489400931219e-56,inconclusive,True,1.0,1.0,9.839334494040018e-07,9.674667476085439e-07,True,31,1.0123729705810547,order10_rho1.00,1.0,10,1.0,800
True,4,4,0.5352236060584351,1.1458572339287798,1.1163586231475173,0.13308184722543978,0.8743388040775131,0.577766990714614,323.81325120587553,3.4878693015173823e-65,inconclusive,True,1.0,1.0,8.447870946436546e-07,8.682654684688496e-07,True,32,0.9533748626708984,order10_rho1.00,1.0,10,1.0,800
True,4,4,0.579300191507681,1.3423548475233433,1.3058177170269598,0.16417488883020973,1.862755743012792,0.6276665871252199,297.71057850194865,1.2644234064041272e-59,meaningfully_different,True,1.0,1.0,9.119305432858122e-07,9.610756523397894e-07,True,33,1.034708023071289,order10_rho1.00,1.0,10,1.0,800
True,4,4,0.4956491754590422,0.9826724205329136,0.9457840323428721,0.13316784319014247,-0.4071250713260867,0.539635442268084,241.56194506135856,1.0572203095166636e-47,inconclusive,True,1.0,1.0,8.687226708371657e-07,7.793609475486374e-07,True,34,1.0371301174163818,order10_rho1.00,1.0,10,1.0,800
True,4,4,0.5181543719918876,1.07393581285723,1.0381190422851991,0.1434465940355532,0.2657368238088061,0.5643730354912463,253.59705021558688,2.975820207005332e-50,inconclusive,True,1.0,1.0,9.261289484454039e-07,8.936627555767269e-07,True,35,1.0388333797454834,order10_rho1.00,1.0,10,1.0,800
True,4,4,0.5347880343084691,1.1439929665580655,1.1089291791519262,0.1381800978221427,0.7883130846537212,0.5779738779190602,291.4160915920329,2.7610297909002197e-58,inconclusive,True,1.0,1.0,8.933103599620325e-07,9.449756370808005e-07,True,36,1.0240890979766846,order10_rho1.00,1.0,10,1.0,800
True,4,4,0.564248701388752,1.2735063880755724,1.2395276523141665,0.15217782077640413,1.5739984387482198,0.6102945790271707,315.0525233623212,2.5669550342029076e-63,inconclusive,True,1.0,1.0,9.717889569870394e-07,8.163971314077191e-07,True,37,1.0213251113891602,order10_rho1.00,1.0,10,1.0,800
True,4,4,0.5055784864748291,1.0224384239447155,0.9867441548200284,0.1423225201152299,-0.09313947764021555,0.5524590184412863,240.06513565998947,2.193628379423295e-47,inconclusive,True,1.0,1.0,8.295103764480579e-07,9.462079625324374e-07,True,38,1.047410011291504,order10_rho1.00,1.0,10,1.0,800
True,4,4,0.5290627332817104,1.119629502990057,1.084953556804675,0.1489008874688372,0.5705376122923017,0.576600754771897,269.7793980097658,1.0955376624938197e-53,inconclusive,True,1.0,1.0,9.327506221635574e-07,8.665518819467096e-07,True,39,1.0342450141906738,order10_rho1.00,1.0,10,1.0,800
True,4,4,0.5976743369594193,1.4288584522395258,1.395338471702036,0.16381996602583832,2.413249625748804,0.6451353224298572,343.21217992541676,2.543800566764228e-69,meaningfully_different,True,1.0,1.0,9.1648573695368e-07,7.318509730859031e-07,True,40,0.9777631759643555,order10_rho1.00,1.0,10,1.0,800
True,4,4,0.49926963971167776,0.997080692551314,0.9641048130841677,0.12810662378983917,-0.2801977435196392,0.5419459054789031,268.89211022088114,1.6905940877810467e-53,inconclusive,True,1.0,1.0,8.426768966073518e-07,6.687484759547505e-07,True,41,0.9934909343719482,order10_rho1.00,1.0,10,1.0,800
True,4,4,0.532040294365979,1.1322674993161503,1.096782552371519,0.1463663489204532,0.6612349975616186,0.5782589757749055,279.9186672405813,7.6847520311203785e-56,inconclusive,True,1.0,1.0,9.47231211393441e-07,8.83563066439251e-07,True,42,1.0246269702911377,order10_rho1.00,1.0,10,1.0,800
True,4,4,0.46092423437892366,0.8498045993511878,0.8157291439638422,0.12022504575205291,-1.5327160400187352,0.5033591527228628,224.57131957308394,4.1632570769243104e-44,inconclusive,True,1.0,1.0,9.467243736868896e-07,8.454161222847745e-07,True,43,0.9997282028198242,order10_rho1.00,1.0,10,1.0,800
True,4,4,0.48344947877501965,0.9348935941113528,0.8988083092354423,0.13042351863738424,-0.7758699644187669,0.5275736694779973,240.31028142192906,1.946475518038759e-47,inconclusive,True,1.0,1.0,6.555821148750421e-07,9.090141998552509e-07,True,44,1.0301949977874756,order10_rho1.00,1.0,10,1.0,800
True,4,4,0.5026755828078513,1.010730966204852,0.9735492740469568,0.13070999906101213,-0.20236191678569806,0.545102763266085,273.6205920330284,1.6741950290620229e-54,inconclusive,True,1.0,1.0,9.625683760363887e-07,9.899408281847511e-07,True,45,1.0428917407989502,order10_rho1.00,1.0,10,1.0,800
True,4,4,0.58560726677963,1.371743483620435,1.3392872246568908,0.15445039476120687,2.1967391224959765,0.6311369733789862,329.6811982046198,1.9570697305244642e-66,meaningfully_different,True,1.0,1.0,7.474022410675585e-07,8.597821175381699e-07,True,46,0.9889709949493408,order10_rho1.00,1.0,10,1.0,800
True,4,4,0.44999465456363763,0.8099807565433902,0.773836287262847,0.12407574260018288,-1.8227875005828869,0.4944498767558384,191.1570065137016,4.649585444405343e-37,equivalent,True,1.0,1.0,9.988771081657729e-07,9.367837790399236e-07,True,47,1.0270841121673584,order10_rho1.00,1.0,10,1.0,800
True,4,4,0.5786353328193616,1.3392753935478938,1.30572838014871,0.15676560747240406,1.9502261055731143,0.6252169339879048,314.98215776501263,2.6571054478538067e-63,meaningfully_different,True,1.0,1.0,9.035905444068071e-07,8.527969149654213e-07,True,48,0.9906051158905029,order10_rho1.00,1.0,10,1.0,800
True,4,4,0.5437225377617058,1.1825367922801182,1.1522897262341505,0.13106080057309324,1.1619776895015819,0.5847789239122693,366.4651520225159,2.7611492347464416e-74,inconclusive,True,1.0,1.0,9.943987215161784e-07,8.441107148560199e-07,True,49,0.9778587818145752,order10_rho1.00,1.0,10,1.0,800
True,4,4,0.518525002797493,1.0754727141045608,1.0450356231814601,0.13344904555214035,0.33747429961096365,0.5622587860076333,286.2193748351244,3.517578092024197e-57,inconclusive,True,1.0,1.0,9.137855378198864e-07,9.962771775560975e-07,True,50,0.9779431819915771,order10_rho1.00,1.0,10,1.0,800
True,4,4,0.5753281022646721,1.324009701021876,1.293011510996597,0.1411146541846472,2.076407391490285,0.6174796477917747,394.06229099458113,3.487733794577244e-80,meaningfully_different,True,1.0,1.0,9.78670108534453e-07,9.860673807980198e-07,True,51,0.978834867477417,order10_rho1.00,1.0,10,1.0,800
True,4,4,0.4938320115087447,0.9754802223630916,0.9401538956455475,0.13892715026034458,-0.4307732811210983,0.5405249121532946,228.7788634891382,5.367181300236292e-45,inconclusive,True,1.0,1.0,6.786640855307443e-07,7.814623427369785e-07,True,52,1.0044102668762207,order10_rho1.00,1.0,10,1.0,800
True,4,4,0.581536832189733,1.3527403487730787,1.3229593886102526,0.13984766190364442,2.309365664137974,0.6230947605527479,398.0119277800343,4.986757867295952e-81,meaningfully_different,True,1.0,1.0,5.906437425597301e-07,8.148003141323038e-07,True,53,0.9692952632904053,order10_rho1.00,1.0,10,1.0,800
True,4,4,0.5225044307820818,1.092043520747629,1.0617862460185274,0.1308154043534903,0.47231628663217845,0.5650129286862579,294.5133956861664,6.055917630938824e-59,inconclusive,True,1.0,1.0,7.923485036931533e-07,8.636294170806972e-07,True,54,0.9670610427856445,order10_rho1.00,1.0,10,1.0,800
True,4,4,0.509240593235589,1.0373039271957385,1.0027682594483396,0.13821825552141334,0.02002817527899354,0.554553211683433,257.9451459124359,3.5596283906268837e-51,inconclusive,True,1.0,1.0,8.3530873286825e-07,9.459189317641686e-07,True,55,1.0068647861480713,order10_rho1.00,1.0,10,1.0,800
True,4,4,0.5092745654091856,1.0374423318908594,1.0057156087132708,0.1320834681191985,0.04327270319789584,0.5529406795284336,290.249482545521,4.88885306763115e-58,inconclusive,True,1.0,1.0,5.946322884864124e-07,9.38190328975318e-07,True,56,0.9722990989685059,order10_rho1.00,1.0,10,1.0,800
True,4,4,0.5134716293238967,1.0546124564821486,1.0189854973557426,0.13985968303078358,0.13574674948722606,0.5588009941502454,266.92978642255434,4.412464701480466e-53,inconclusive,True,1.0,1.0,9.876683250065324e-07,8.351742843708399e-07,True,57,1.0106399059295654,order10_rho1.00,1.0,10,1.0,800
True,4,4,0.5747785061876516,1.321481324701233,1.2888004053168243,0.15675015390264915,1.842425019219987,0.6218181937851285,328.1564706175259,4.1370808533662204e-66,meaningfully_different,True,1.0,1.0,7.747596422625971e-07,9.866680531070712e-07,True,58,0.9929409027099609,order10_rho1.00,1.0,10,1.0,800
True,4,4,0.5013707892244521,1.0054906731502,0.972542821815493,0.133195217478926,-0.20614237285847925,0.5458089084968966,261.32430133970354,6.830556504144748e-52,inconclusive,True,1.0,1.0,6.735785444442165e-07,7.891071947494454e-07,True,59,0.9920170307159424,order10_rho1.00,1.0,10,1.0,800
True,4,4,0.5191180172824122,1.0779340634688914,1.0427722009517466,0.13480872484588202,0.3172806582114419,0.5622527947816709,292.0628079449059,2.0114380871741727e-58,inconclusive,True,1.0,1.0,8.458623256305403e-07,9.722878118646431e-07,True,60,0.992913007736206,order10_rho1.00,1.0,10,1.0,800
True,4,4,0.5578836524827959,1.2449366788301799,1.2140952122398196,0.13388616955577895,1.5990838557124036,0.5988151559188115,372.57188300096414,1.3691313365635483e-75,inconclusive,True,1.0,1.0,9.174137404308721e-07,9.30917295592485e-07,True,61,0.9651150703430176,order10_rho1.00,1.0,10,1.0,800
True,4,4,0.5386096114288937,1.1604012540943358,1.1243220582289948,0.14743593566218333,0.8432276545784003,0.5845580791815987,289.9608376162902,5.631163103757903e-58,inconclusive,True,1.0,1.0,8.58438796645397e-07,8.192556958866344e-07,True,62,1.0206568241119385,order10_rho1.00,1.0,10,1.0,800
True,4,4,0.4884935404595918,0.9545037562829874,0.924519947055759,0.1186858430403735,-0.6359650907864794,0.5290890252236646,273.09285640180826,2.167232996911849e-54,inconclusive,True,1.0,1.0,6.641466871549158e-07,9.169753476418489e-07,True,63,0.9618029594421387,order10_rho1.00,1.0,10,1.0,800
True,4,4,0.5084056868970774,1.0339053698771568,1.0038445411727963,0.1254813499284314,0.030638347252313236,0.5500552232997482,294.476190733391,6.1673051613083195e-59,inconclusive,True,1.0,1.0,9.064815655896963e-07,9.452466191230113e-07,True,64,0.9541220664978027,order10_rho1.00,1.0,10,1.0,800
True,4,4,0.5275097642309553,1.113066205435992,1.0766453041613044,0.1477235933137348,0.518842673956119,0.5743755288157969,251.55081847161463,8.0810744307362425e-50,inconclusive,True,1.0,1.0,9.611365610285894e-07,7.843797974288373e-07,True,65,1.0316131114959717,order10_rho1.00,1.0,10,1.0,800
True,4,4,0.5465909566412864,1.1950466955281467,1.1592679311884277,0.1490199771727826,1.068768994668165,0.5925335393733643,280.1394620572803,6.897707449756227e-56,inconclusive,True,1.0,1.0,9.208131808508666e-07,5.3088413724761e-07,True,66,0.9917850494384766,order10_rho1.00,1.0,10,1.0,800
True,4,4,0.4998131222494483,0.9992526286909678,0.9641222660427746,0.1387057733902969,-0.25866071094438803,0.5459562620949854,248.90102903996134,2.945625852798012e-49,inconclusive,True,1.0,1.0,7.32945652701893e-07,8.166475657514455e-07,True,67,1.020679235458374,order10_rho1.00,1.0,10,1.0,800
True,4,4,0.5140951076022315,1.0571751186422003,1.0253945459532967,0.1324521085171174,0.1917262491145232,0.5575075956982666,269.19187263062304,1.4601166340991534e-53,inconclusive,True,1.0,1.0,9.467812219477397e-07,8.153605172759529e-07,True,68,0.9801657199859619,order10_rho1.00,1.0,10,1.0,800
True,4,4,0.505409689190642,1.0217558157111253,0.9912258557377988,0.12628526126087802,-0.06947876715459107,0.5474821060439483,289.2524596026576,7.966283167627577e-58,inconclusive,True,1.0,1.0,8.439974962225061e-07,7.579820028778879e-07,True,69,0.9669938087463379,order10_rho1.00,1.0,10,1.0,800
True,4,4,0.5242688974795406,1.0994315074576524,1.0654235036107196,0.14367477771332932,0.4553583075051451,0.5704707448313927,259.7262575033541,1.491203414204946e-51,inconclusive,True,1.0,1.0,9.475636331473222e-07,7.963109932873511e-07,True,70,0.9963221549987793,order10_rho1.00,1.0,10,1.0,800
True,4,4,0.5369744325977842,1.153366165054849,1.120718580693862,0.14387572812278004,0.8390475743819951,0.5825317789457715,284.10982709941356,9.879977654066885e-57,inconclusive,True,1.0,1.0,8.773359454051562e-07,8.187092057369475e-07,True,71,0.9974181652069092,order10_rho1.00,1.0,10,1.0,800
True,4,4,0.4965355183204748,0.9861900838151303,0.9512065858161578,0.13720587258318087,-0.35562190790529946,0.5424228431246338,246.80775925558214,8.18109024542798e-49,inconclusive,True,1.0,1.0,7.847099148386952e-07,9.748469786254319e-07,True,72,0.9974539279937744,order10_rho1.00,1.0,10,1.0,800
True,4,4,0.5730088650085778,1.3133566375136745,1.2804525424968496,0.15075518390154005,1.860317736602785,0.618146979592846,334.2548914100873,2.0714927745616727e-67,meaningfully_different,True,1.0,1.0,8.037724218815509e-07,9.780339012763225e-07,True,73,0.9881179332733154,order10_rho1.00,1.0,10,1.0,800
True,4,4,0.5573751621045683,1.2426682853243751,1.2053303023894162,0.14753532720898707,1.3917365167636173,0.6016652558633809,322.9780186036489,5.255144235941294e-65,inconclusive,True,1.0,1.0,9.481562060357236e-07,7.975456666691876e-07,True,74,1.0470390319824219,order10_rho1.00,1.0,10,1.0,800
True,4,4,0.4895711333916513,0.9587195786015441,0.9293220622022124,0.12082153173468115,-0.5849779984000976,0.5310498556844345,271.93872000016324,3.811062344591235e-54,inconclusive,True,1.0,1.0,9.851036018377174e-07,9.983691913599829e-07,True,75,0.9584598541259766,order10_rho1.00,1.0,10,1.0,800
True,4,4,0.5806649041229445,1.3486869235204333,1.318550688257842,0.1462624039512462,2.1779396458164655,0.6243258231652145,371.0033079035127,2.9620317347384937e-75,meaningfully_different,True,1.0,1.0,9.198944196333086e-07,9.191006055090547e-07,True,76,0.9513909816741943,order10_rho1.00,1.0,10,1.0,800
True,4,4,0.5556420712180787,1.234952445230066,1.2002307853579146,0.158701810777311,1.2616792737095905,0.6044154271729711,268.9137716410157,1.6727837289020046e-53,inconclusive,True,1.0,1.0,8.292070042894464e-07,6.743894949657101e-07,True,77,1.0076251029968262,order10_rho1.00,1.0,10,1.0,800
True,4,4,0.47941626032140405,0.919359802642241,0.8892282929590699,0.11867844039393129,-0.9333768346908146,0.520681513999194,274.17873140513564,1.274215993478161e-54,inconclusive,True,1.0,1.0,7.149498594083672e-07,9.569103415527257e-07,True,78,0.9753148555755615,order10_rho1.00,1.0,10,1.0,800
True,4,4,0.5384201194878657,1.1595849002773102,1.1276949834755392,0.14166460244979567,0.90138948803949,0.5832479144038417,306.2676155189917,1.9073475879676554e-61,inconclusive,True,1.0,1.0,7.302216733415325e-07,9.254676285244001e-07,True,79,0.9821538925170898,order10_rho1.00,1.0,10,1.0,800
True,4,4,0.5314689934973026,1.1298371641961436,1.0972969906869847,0.13605066227643103,0.7151526428389914,0.5746913119191733,322.0266878909778,8.381932464374286e-65,inconclusive,True,1.0,1.0,8.735429921550711e-07,8.964156068144443e-07,True,80,0.9692747592926025,order10_rho1.00,1.0,10,1.0,800
True,4,4,0.5191579301743804,1.0780998258517873,1.0405211981471079,0.14098517026975219,0.28741461296657755,0.5640082372651308,264.2488369131616,1.6360250132886298e-52,inconclusive,True,1.0,1.0,8.836721273672185e-07,9.319251677829853e-07,True,81,1.0367779731750488,order10_rho1.00,1.0,10,1.0,800
True,4,4,0.4950769498824914,0.9804047452198036,0.9508447564311384,0.12480840714428582,-0.3938456125959147,0.5376188979185099,287.0537541854713,2.3379032636012416e-57,inconclusive,True,1.0,1.0,8.329923329798852e-07,8.485802595038285e-07,True,82,0.9523727893829346,order10_rho1.00,1.0,10,1.0,800
True,4,4,0.528964344726093,1.1192131119660196,1.084687446955828,0.14330596410830526,0.5909554949982716,0.574544337232374,274.72379023326585,9.760084140500621e-55,inconclusive,True,1.0,1.0,9.982424224222974e-07,9.485251818978781e-07,True,83,1.0035088062286377,order10_rho1.00,1.0,10,1.0,800
True,4,4,0.5315242274159273,1.1300720173203938,1.0969616702036036,0.14663128249625437,0.6612618300333042,0.5783918799227116,248.15553701443025,4.238211739863775e-49,inconclusive,True,1.0,1.0,9.290704529059432e-07,9.87621366098862e-07,True,84,0.9884510040283203,order10_rho1.00,1.0,10,1.0,800
True,4,4,0.5401090946785462,1.1668713366179149,1.1304479307766977,0.1604164086876775,0.8131832138860128,0.5904044042919128,270.82603057500944,6.56691221040866e-54,inconclusive,True,1.0,1.0,6.937551659814208e-07,8.259113747895798e-07,True,85,1.0190377235412598,order10_rho1.00,1.0,10,1.0,800
True,4,4,0.5462604304420784,1.193601831467059,1.1557505114541824,0.15186089630927954,1.0256130132208707,0.5927772468517585,283.3752839959396,1.415503822160621e-56,inconclusive,True,1.0,1.0,8.045411754531021e-07,9.933449384229075e-07,True,86,1.0354533195495605,order10_rho1.00,1.0,10,1.0,800
True,4,4,0.5671667392231142,1.28671244032392,1.2528627931834524,0.15623393119494658,1.61848832228342,0.6143786986790694,285.68523932818607,4.5689168794334096e-57,inconclusive,True,1.0,1.0,8.494738320366077e-07,9.76742099191075e-07,True,87,0.9806661605834961,order10_rho1.00,1.0,10,1.0,800
True,4,4,0.5163665228884112,1.0665375438394726,1.0344879540045122,0.13474469198930558,0.2559503717389435,0.5603845218543202,265.72698064474184,7.943786319011666e-53,inconclusive,True,1.0,1.0,8.776851941863416e-07,9.83486327493379e-07,True,88,0.9615068435668945,order10_rho1.00,1.0,10,1.0,800
True,4,4,0.5124489400581733,1.050415664666981,1.0166519124743842,0.1441702016534604,0.11550176307868515,0.5598639994593337,245.77440414838696,1.354502042262166e-48,inconclusive,True,1.0,1.0,8.577479419597242e-07,7.524535174355773e-07,True,89,1.007972002029419,order10_rho1.00,1.0,10,1.0,800
True,4,4,0.5066737661365877,1.0268732211641343,0.9905325362963598,0.14083569987610348,-0.06722346473208787,0.552762753819805,256.3911208109114,7.60405910233741e-51,inconclusive,True,1.0,1.0,8.16559208226916e-07,9.544296626988131e-07,True,90,1.0102379322052002,order10_rho1.00,1.0,10,1.0,800
True,4,4,0.4882681830778225,0.9536232744244719,0.9192241713688871,0.13371400969724034,-0.6040939824780378,0.5336581642759757,229.51066821429532,3.7580382886550595e-45,inconclusive,True,1.0,1.0,7.452593410937914e-07,9.88042058158839e-07,True,91,0.9969029426574707,order10_rho1.00,1.0,10,1.0,800
True,4,4,0.5097908383380273,1.0395467954135547,1.004581271004542,0.12933220922434738,0.035422506365720086,0.5516597285530404,269.924351023742,1.0205770421985087e-53,inconclusive,True,1.0,1.0,9.161659613955924e-07,9.831559548455757e-07,True,92,0.9719040393829346,order10_rho1.00,1.0,10,1.0,800
True,4,4,0.48159253723243084,0.9277254876718811,0.8960525885836046,0.12103451241750136,-0.8588245562376042,0.5232438832226887,262.0419058132914,4.810338077700443e-52,inconclusive,True,1.0,1.0,8.231641100180951e-07,8.555154992931469e-07,True,93,0.9777839183807373,order10_rho1.00,1.0,10,1.0,800
True,4,4,0.516901519797607,1.0687487246763037,1.0323163526265344,0.15528410334099244,0.2081111455148123,0.5673922746246359,215.1056069899065,4.161923009164635e-42,inconclusive,True,1.0,1.0,8.964233229918159e-07,7.098024169735995e-07,True,94,1.0060200691223145,order10_rho1.00,1.0,10,1.0,800
True,4,4,0.5175307805814247,1.0713524353968746,1.038936211632661,0.13448929453196637,0.28951160587288527,0.5612823299217852,290.77534425999755,3.778849471422339e-58,inconclusive,True,1.0,1.0,9.1553112273983e-07,8.605066194295516e-07,True,95,0.9713239669799805,order10_rho1.00,1.0,10,1.0,800
True,4,4,0.5337504749483292,1.139558278030268,1.1042371647597595,0.1476136641824463,0.7061484811522959,0.5803102695278305,287.2485822161543,2.1251909464131558e-57,inconclusive,True,1.0,1.0,7.226126286782221e-07,7.745395413552141e-07,True,96,1.0056428909301758,order10_rho1.00,1.0,10,1.0,800
True,4,4,0.5021162097018557,1.0084827521814317,0.9740032271825245,0.12763900292501215,-0.20367420789669258,0.5440474942696181,272.9529247077579,2.320751014257644e-54,inconclusive,True,1.0,1.0,8.653278358528185e-07,9.562704628316824e-07,True,97,0.9847817420959473,order10_rho1.00,1.0,10,1.0,800
True,4,4,0.4945395709609171,0.9782775489848319,0.9487673575115506,0.1174587005719137,-0.43617579829331055,0.5343149181812795,314.1169942618252,4.0617765035519495e-63,inconclusive,True,1.0,1.0,7.685095963121506e-07,8.375273608820023e-07,True,98,0.9403789043426514,order10_rho1.00,1.0,10,1.0,800
True,4,4,0.46455332439988406,0.8632391648439357,0.8327573320362763,0.11700549551064589,-1.4293573753423137,0.5062643197234564,241.37583930231511,1.1576627809140494e-47,inconclusive,True,1.0,1.0,7.860068751038583e-07,8.484267956477171e-07,True,99,0.9435648918151855,order10_rho1.00,1.0,10,1.0,800
True,4,4,0.5018952219630263,1.0075952553172618,0.9740562560953389,0.13735172169663026,-0.18888546560751002,0.5477179323557132,246.59052272901127,9.09589810765672e-49,inconclusive,True,1.0,1.0,8.033238990471524e-07,9.618932681692825e-07,True,100,0.9700198173522949,order10_rho1.00,1.0,10,1.0,800
True,4,4,0.5495450678872799,1.20799912655694,1.1726888078677031,0.14900270025423532,1.1589642843589645,0.5953520890629438,289.658565171499,6.529595282367306e-58,inconclusive,True,1.0,1.0,7.967837598529939e-07,9.826940382713058e-07,True,101,0.995697021484375,order10_rho1.00,1.0,10,1.0,800
True,4,4,0.5130279320088008,1.0527906360849069,1.0216427802266248,0.134250132151698,0.16121235696192246,0.5573294799790918,262.56422358052464,3.726749573363238e-52,inconclusive,True,1.0,1.0,6.999034369664552e-07,9.375168912331707e-07,True,102,0.9592509269714355,order10_rho1.00,1.0,10,1.0,800
True,4,4,0.5287430891708833,1.1182770173838747,1.0866659429836238,0.13527826574112178,0.6406494236810666,0.5720967770044709,293.23633448162275,1.1320542845394736e-58,inconclusive,True,1.0,1.0,8.170543070932186e-07,9.151200937680838e-07,True,103,0.9505798816680908,order10_rho1.00,1.0,10,1.0,800
True,4,4,0.49956008180425027,0.998241101329077,0.9644155058184546,0.13192587246653922,-0.2697309747985242,0.5434644090540288,247.79409488823893,5.055745403967973e-49,inconclusive,True,1.0,1.0,9.803432250821194e-07,6.944012114580639e-07,True,104,0.9749429225921631,order10_rho1.00,1.0,10,1.0,800
True,4,4,0.5063049392256779,1.0253787659372695,0.9890126418184026,0.14068295316446472,-0.07810013888998074,0.5523620885753331,235.28379877657247,2.2564636863318883e-46,inconclusive,True,1.0,1.0,5.52948952801696e-07,8.130808264549217e-07,True,105,0.9904377460479736,order10_rho1.00,1.0,10,1.0,800
True,4,4,0.48103116678619146,0.925563933678739,0.8919516884945203,0.1248390341524586,-0.8655010208868373,0.5237589203548974,240.22153976690683,2.0325525020217503e-47,inconclusive,True,1.0,1.0,9.709420092256793e-07,9.351487976085951e-07,True,106,0.9837279319763184,order10_rho1.00,1.0,10,1.0,800
True,4,4,0.5406643562997403,1.1692717846920502,1.1334929679185588,0.15338782469750553,0.8702970276931616,0.5885986509716208,260.2932258285755,1.1304211864259043e-51,inconclusive,True,1.0,1.0,9.159539818042363e-07,9.149582677687247e-07,True,107,1.011225938796997,order10_rho1.00,1.0,10,1.0,800
True,4,4,0.5355537659235327,1.147271344779512,1.114430558742813,0.1403261837385055,0.8154612039906363,0.5799238292701362,305.48213688125327,2.8033066561522476e-61,inconclusive,True,1.0,1.0,9.677481795859897e-07,9.384969566745028e-07,True,108,0.97560715675354,order10_rho1.00,1.0,10,1.0,800
True,4,4,0.589324237562449,1.3892122279142474,1.354486681160032,0.1654535200626759,2.142515197172885,0.6376977151689922,304.0757101645536,5.585984496980139e-61,meaningfully_different,True,1.0,1.0,9.715190174475203e-07,8.039342993689339e-07,True,109,0.9762167930603027,order10_rho1.00,1.0,10,1.0,800
True,4,4,0.51201179830243,1.048624326403553,1.0159522690076044,0.13107135778358664,0.12170675025693521,0.5548750911798508,302.3839049500019,1.2801169266353723e-60,inconclusive,True,1.0,1.0,8.569762639147231e-07,8.715935747215717e-07,True,110,0.9694650173187256,order10_rho1.00,1.0,10,1.0,800
True,4,4,0.5422214507288298,1.176016406521907,1.1398262931278251,0.15160258681527958,0.9223212879487123,0.5893195987548189,268.1317004366236,2.4518744275186014e-53,inconclusive,True,1.0,1.0,7.696521851996137e-07,6.596925751148916e-07,True,111,1.010195016860962,order10_rho1.00,1.0,10,1.0,800
True,4,4,0.5087635081015,1.03536122870298,1.0044387231402436,0.13249559003041894,0.03350091228866233,0.5528052493774036,275.3253143623455,7.272153026280259e-55,inconclusive,True,1.0,1.0,8.47664472611187e-07,9.583031858434714e-07,True,112,0.9454448223114014,order10_rho1.00,1.0,10,1.0,800
True,4,4,0.517081148710707,1.0694916574079372,1.036053225629471,0.136359361229816,0.26439861043869195,0.561325310207263,287.0220642805015,2.3744612101776142e-57,inconclusive,True,1.0,1.0,7.61915518898246e-07,8.822190071323951e-07,True,113,0.9719388484954834,order10_rho1.00,1.0,10,1.0,800
True,4,4,0.5189830427157209,1.0773735945058711,1.0438723894995352,0.14069550705953043,0.31182509247414786,0.5646450001067441,255.70046875088116,1.0654472761917638e-50,inconclusive,True,1.0,1.0,7.914956827908729e-07,6.53328858959349e-07,True,114,0.9799151420593262,order10_rho1.00,1.0,10,1.0,800
True,4,4,0.5822717957117628,1.356161776325603,1.3195130251658063,0.16307992822189768,1.9592418800372235,0.6300308795179369,308.64673059432437,5.940559911840658e-62,meaningfully_different,True,1.0,1.0,8.830897398736587e-07,8.158016468778711e-07,True,115,1.0142207145690918,order10_rho1.00,1.0,10,1.0,800
True,4,4,0.4420897318527388,0.7817733240385061,0.7489509092190855,0.1120568880351243,-2.2403717895701605,0.4830290073920392,210.8238067871477,3.3352406780652905e-41,equivalent,True,1.0,1.0,9.151379173341647e-07,6.77909396084334e-07,True,116,0.9647138118743896,order10_rho1.00,1.0,10,1.0,800
True,4,4,0.49394962777131124,0.9759449391016677,0.942459166778735,0.1293478375866916,-0.44485346098422374,0.5374052071229712,257.8077589657315,3.8067044067650557e-51,inconclusive,True,1.0,1.0,9.432018116880996e-07,7.241100437289798e-07,True,117,0.9790680408477783,order10_rho1.00,1.0,10,1.0,800
True,4,4,0.5128545257962663,1.0520790585188529,1.0146710299455706,0.14098242348119655,0.10406282984295066,0.5582487081366658,253.4212923484222,3.24246962716257e-50,inconclusive,True,1.0,1.0,7.160369005950837e-07,8.067391610539417e-07,True,118,1.0120608806610107,order10_rho1.00,1.0,10,1.0,800
True,4,4,0.4833093293307242,0.9343516312724577,0.9048193534588325,0.11683707525328897,-0.8146442071990174,0.5236886576133779,264.8038983622521,1.2473057494652436e-52,inconclusive,True,1.0,1.0,7.95176368377439e-07,6.948719078304729e-07,True,119,0.9412150382995605,order10_rho1.00,1.0,10,1.0,800
True,4,4,0.5310163457162366,1.1279134376713027,1.098074067492852,0.13339005675912918,0.7352427150544698,0.5739079164274458,314.7785206615275,2.93623505240296e-63,inconclusive,True,1.0,1.0,8.441020582736861e-07,9.70252965658951e-07,True,120,0.940871000289917,order10_rho1.00,1.0,10,1.0,800
True,4,4,0.5272798245859274,1.1120960536614652,1.0798480101465218,0.13786119663874502,0.5791913322481708,0.5715351037892668,275.50358927730053,6.664817899493517e-55,inconclusive,True,1.0,1.0,9.569093434941919e-07,7.663133780558797e-07,True,121,0.9534449577331543,order10_rho1.00,1.0,10,1.0,800
True,4,4,0.575284828718559,1.3238105366149673,1.2909692424865389,0.1558130891454124,1.8674249004523116,0.6219443237328168,321.1824190594242,1.2684574492704034e-64,meaningfully_different,True,1.0,1.0,8.721572426485983e-07,9.2694625770047e-07,True,122,0.9740800857543945,order10_rho1.00,1.0,10,1.0,800
True,4,4,0.539958228111814,1.1662195524225991,1.1326670894537993,0.14710321500802512,0.901863969774976,0.5862231542245606,286.0351419940217,3.8496070296730454e-57,inconclusive,True,1.0,1.0,7.494714037887769e-07,7.594508609933446e-07,True,123,0.9740242958068848,order10_rho1.00,1.0,10,1.0,800
True,4,4,0.5097015684222763,1.0391827554085138,1.0033012620686361,0.1368225004399299,0.02412806415627157,0.5541557200295383,252.86722030613274,4.249737797236711e-50,inconclusive,True,1.0,1.0,9.908724847380349e-07,9.801037795196744e-07,True,124,1.0097391605377197,order10_rho1.00,1.0,10,1.0,800
True,4,4,0.5069479376903887,1.0279848461141528,0.9905384146149827,0.14879188283672828,-0.0635893921404277,0.5557155933478729,216.8230885018492,1.805561298338435e-42,inconclusive,True,1.0,1.0,7.041777780550816e-07,9.537421621891447e-07,True,125,1.0216350555419922,order10_rho1.00,1.0,10,1.0,800
True,4,4,0.5086855118642726,1.0350437999224682,1.0039859599653667,0.1283838095398503,0.031047216776422405,0.5511711473600638,286.83410537335914,2.603348701699739e-57,inconclusive,True,1.0,1.0,9.6006692573269e-07,5.622385713041591e-07,True,126,0.952949047088623,order10_rho1.00,1.0,10,1.0,800
True,4,4,0.553700341024579,1.2263362706029404,1.1918095890871054,0.1443227545319,1.3290322077708774,0.5977456389072463,314.04495944300584,4.207860001159081e-63,inconclusive,True,1.0,1.0,6.595368872510531e-07,9.965564500229962e-07,True,127,0.9898848533630371,order10_rho1.00,1.0,10,1.0,800
True,4,4,0.4784038575852449,0.915481003809773,0.8809355554750884,0.12044184322810754,-0.9885637859212496,0.5193853959598694,251.616951638626,7.824349002076849e-50,inconclusive,True,1.0,1.0,8.434181115148615e-07,9.818650900532414e-07,True,128,0.976576566696167,order10_rho1.00,1.0,10,1.0,800
True,4,4,0.5684539677801054,1.2925596539397806,1.259628633146054,0.15435123140011922,1.6820638927915508,0.6151247466853708,306.7349596562997,1.516774110536605e-61,meaningfully_different,True,1.0,1.0,9.710616374314311e-07,8.101012488637224e-07,True,129,0.9707231521606445,order10_rho1.00,1.0,10,1.0,800
True,4,4,0.48014921518707765,0.9221730753790665,0.8911253659542969,0.12489765356851477,-0.8717108042864713,0.5235846933458322,238.35854225579737,5.041135117382365e-47,inconclusive,True,1.0,1.0,9.910460511614997e-07,6.887306586989264e-07,True,130,0.9562222957611084,order10_rho1.00,1.0,10,1.0,800
True,4,4,0.5232668882358686,1.0952329452961962,1.0603294376454175,0.1385939542608222,0.4352963155368423,0.567515683920911,283.46989546264285,1.3514446478027528e-56,inconclusive,True,1.0,1.0,9.261639286166578e-07,8.013558797897152e-07,True,131,0.99642014503479,order10_rho1.00,1.0,10,1.0,800
True,4,4,0.5016749181603386,1.0067108940447298,0.9699940538177647,0.13822421873139568,-0.21708168407552636,0.5471180542923607,241.8766660152578,9.067904321628326e-48,inconclusive,True,1.0,1.0,8.953936381298416e-07,7.945087241686967e-07,True,132,0.986138105392456,order10_rho1.00,1.0,10,1.0,800
True,4,4,0.5456902980021224,1.191111605334581,1.154605460910924,0.15185868146651577,1.0180877340556513,0.5925349702560159,271.7058219172924,4.270819213999965e-54,inconclusive,True,1.0,1.0,9.200281404693326e-07,9.343791940558198e-07,True,133,1.0060532093048096,order10_rho1.00,1.0,10,1.0,800
True,4,4,0.49526319220503395,0.9811425182124816,0.9441400153279885,0.13651653447033274,-0.40918109215664833,0.5405297707320016,236.10584553897377,1.5115705852629786e-46,inconclusive,True,1.0,1.0,9.7961685454668e-07,9.088330680153946e-07,True,134,1.00372314453125,order10_rho1.00,1.0,10,1.0,800
True,4,4,0.5498517341872544,1.2093477183549244,1.1742378382642216,0.15695753567867662,1.1100953994392544,0.598416662974607,275.9488808424615,5.360227342458712e-55,inconclusive,True,1.0,1.0,8.901820892748422e-07,9.7940196778799e-07,True,135,0.993718147277832,order10_rho1.00,1.0,10,1.0,800
True,4,4,0.575257966179069,1.3236869106099154,1.292862155641385,0.1534264055105624,1.9088119458108754,0.6215356255307416,320.9703072510713,1.407602634774144e-64,meaningfully_different,True,1.0,1.0,7.464644357479503e-07,9.967351655757985e-07,True,136,0.9567029476165771,order10_rho1.00,1.0,10,1.0,800
True,4,4,0.5229418855209247,1.0938728625287197,1.0596445577028237,0.1383361298971019,0.4311567610514256,0.5672713730443529,267.036486396041,4.188209603841485e-53,inconclusive,True,1.0,1.0,8.171880444572521e-07,7.154105138459961e-07,True,137,0.9748883247375488,order10_rho1.00,1.0,10,1.0,800
True,4,4,0.4924247810158786,0.9699286598341441,0.9386735715858529,0.12018849010917677,-0.510252091181439,0.5330023558718464,309.01342894159086,4.962914350557551e-62,inconclusive,True,1.0,1.0,9.422659495372565e-07,5.494730573549744e-07,True,138,0.9432899951934814,order10_rho1.00,1.0,10,1.0,800
True,4,4,0.5088557684541938,1.0357367723564324,1.0028444484834402,0.13620804386134283,0.020883116758771057,0.5538245984625311,264.2518042889253,1.6336540770221657e-52,inconclusive,True,1.0,1.0,6.548069336489844e-07,8.015897390105857e-07,True,139,0.9682228565216064,order10_rho1.00,1.0,10,1.0,800
True,4,4,0.4893469190727419,0.9578416288239384,0.9262630077469807,0.12737201362860653,-0.5789104698307032,0.5328628637689313,247.78587503394778,5.076065832164732e-49,inconclusive,True,1.0,1.0,9.831573375726433e-07,9.735171468767748e-07,True,140,0.9495558738708496,order10_rho1.00,1.0,10,1.0,800
True,4,4,0.4977594914165764,0.9910580451811551,0.9592512003478947,0.12520289212690294,-0.325462127590497,0.539720212602707,273.6023882307769,1.6891682464228135e-54,inconclusive,True,1.0,1.0,9.894594069145243e-07,9.433512807756832e-07,True,141,0.9375729560852051,order10_rho1.00,1.0,10,1.0,800
True,4,4,0.4939334855193665,0.975881152469241,0.9419397280543989,0.13720488673654505,-0.42316475255787356,0.5402827231270844,241.88804292894872,9.017730123472413e-48,inconclusive,True,1.0,1.0,7.522906690312354e-07,8.711394301452667e-07,True,142,0.969318151473999,order10_rho1.00,1.0,10,1.0,800
True,4,4,0.4812897378826524,0.926559247164609,0.8923841107208216,0.1321461656418942,-0.8143701238430867,0.526722225315351,241.67222703425335,1.0018617312763013e-47,inconclusive,True,1.0,1.0,7.633185805315732e-07,7.337088263641509e-07,True,143,0.9760618209838867,order10_rho1.00,1.0,10,1.0,800
True,4,4,0.4857057229541621,0.943640197241701,0.912870022782249,0.12122340061621503,-0.7187554281998612,0.5273198206395294,299.51307763287895,5.227527939833224e-60,inconclusive,True,1.0,1.0,8.813670215294816e-07,9.913281593405048e-07,True,144,0.925166130065918,order10_rho1.00,1.0,10,1.0,800
True,4,4,0.5070903898821278,1.0285626540432335,0.991482333806591,0.13767364914409344,-0.06186852928183912,0.5518005379974039,258.4781427535587,2.7436851617634e-51,inconclusive,True,1.0,1.0,9.491443062685181e-07,7.39604844927344e-07,True,145,1.0026271343231201,order10_rho1.00,1.0,10,1.0,800
True,4,4,0.5235266886899653,1.0963207750827193,1.0626899030570436,0.1326713198999834,0.4725203842420763,0.565887534053139,301.14412234820054,2.3504330163969086e-60,inconclusive,True,1.0,1.0,7.896322253904567e-07,8.347189083515125e-07,True,146,0.9613251686096191,order10_rho1.00,1.0,10,1.0,800
True,4,4,0.4649218967098939,0.8646094801613011,0.8281093764717483,0.1235893764269557,-1.3908203803410497,0.5077882950945938,218.15123636434294,9.464359501094273e-43,inconclusive,True,1.0,1.0,9.436098914681579e-07,7.550015390712024e-07,True,147,1.0007569789886475,order10_rho1.00,1.0,10,1.0,800
True,4,4,0.5272130878625442,1.111814560054235,1.0803054947437507,0.13321008056346045,0.602848481166511,0.5699597746563033,305.8555155035787,2.3343903572984065e-61,inconclusive,True,1.0,1.0,8.371169499730665e-07,9.689370436092674e-07,True,148,0.9307210445404053,order10_rho1.00,1.0,10,1.0,800
True,4,4,0.5632908817290696,1.2691864697564506,1.234056515223627,0.15976432135106705,1.4650111692291408,0.6117281746526332,294.45593530730616,6.228806496182141e-59,inconclusive,True,1.0,1.0,9.70847433645543e-07,8.899550961747402e-07,True,149,0.9626319408416748,order10_rho1.00,1.0,10,1.0,800
True,4,4,0.535035647994955,1.1450525785015255,1.1140517480063237,0.13382612458322912,0.8522382932444004,0.5775327121488245,312.8984060889669,7.384096182515605e-63,inconclusive,True,1.0,1.0,9.965382999577978e-07,9.554831374661094e-07,True,150,0.9461941719055176,order10_rho1.00,1.0,10,1.0,800
True,4,4,0.5117321151159733,1.0474790305642707,1.012650202077117,0.13859017010832042,0.09127777292740057,0.5569135359370451,246.4827755031714,9.586892084937181e-49,inconclusive,True,1.0,1.0,8.038690247183795e-07,8.401844609092974e-07,True,151,0.9790458679199219,order10_rho1.00,1.0,10,1.0,800
True,4,4,0.4678170499155321,0.8754111687666858,0.8407619350758729,0.12602081253508177,-1.2635854484734277,0.5118710105206129,206.91889684700442,2.2230259401644892e-40,inconclusive,True,1.0,1.0,8.583625852491576e-07,8.300382806705777e-07,True,152,0.9613518714904785,order10_rho1.00,1.0,10,1.0,800
True,4,4,0.5335741491836885,1.1388054907083882,1.1045925571953392,0.14457409258047357,0.7234529736862805,0.5793090232638253,275.88598357771343,5.52772391884482e-55,inconclusive,True,1.0,1.0,8.184757788611874e-07,9.490293992847125e-07,True,153,0.9700212478637695,order10_rho1.00,1.0,10,1.0,800
True,4,4,0.5338647409918883,1.1400462466973438,1.104592913771424,0.1365612328543545,0.7659048734788056,0.576458184288521,326.69402435042247,8.481576738112487e-66,inconclusive,True,1.0,1.0,9.987740469127514e-07,7.421862537554448e-07,True,154,0.9820399284362793,order10_rho1.00,1.0,10,1.0,800
True,4,4,0.5653381415582921,1.278428857202334,1.244003088803726,0.15215708902325792,1.6036261627378328,0.6112035725824109,309.70648347872907,3.5329845779141738e-62,inconclusive,True,1.0,1.0,8.821576500638473e-07,9.224803362324285e-07,True,155,0.9830608367919922,order10_rho1.00,1.0,10,1.0,800
True,4,4,0.5512135805990538,1.2153456457473184,1.1776962719045305,0.1659283646197127,1.0709216131418424,0.6022092958979028,270.76670332427625,6.760217069162844e-54,inconclusive,True,1.0,1.0,7.898425551448902e-07,8.068244911781641e-07,True,156,1.0022571086883545,order10_rho1.00,1.0,10,1.0,800
True,4,4,0.5567145175774887,1.2397242163261437,1.2003271847806993,0.16763359992706584,1.195030023025562,0.6074660318938965,279.503577443126,9.415554722521563e-56,inconclusive,True,1.0,1.0,9.379713471803796e-07,8.746403886881502e-07,True,157,1.0304169654846191,order10_rho1.00,1.0,10,1.0,800
True,4,4,0.5189041156244167,1.0770459248478321,1.042796918298001,0.13533351365123658,0.3162329650901662,0.5624501620311181,272.27339231033307,3.235664482528359e-54,inconclusive,True,1.0,1.0,7.937299855581026e-07,7.5325203944253e-07,True,158,0.9671511650085449,order10_rho1.00,1.0,10,1.0,800
True,4,4,0.5063837157532639,1.0256978703203297,0.9928042347813862,0.1374369687247988,-0.052356838814034266,0.5520117596721984,255.3983261658646,1.234846876547029e-50,inconclusive,True,1.0,1.0,7.015668612657648e-07,8.525624270390693e-07,True,159,0.970944881439209,order10_rho1.00,1.0,10,1.0,800
True,4,4,0.5164115291325515,1.0667234696840802,1.0325000093683758,0.12879019976252487,0.2523484661744629,0.5577501762804673,301.7541817018835,1.7429875479612804e-60,inconclusive,True,1.0,1.0,9.44308818751435e-07,6.398338194090428e-07,True,160,0.9706323146820068,order10_rho1.00,1.0,10,1.0,800
True,4,4,0.5030032198747213,1.012048956817349,0.9792031360451113,0.13373563886549544,-0.15550726890238362,0.5475350871601047,257.9627260993207,3.52919190052379e-51,inconclusive,True,1.0,1.0,9.652816250006508e-07,7.242603605303473e-07,True,161,0.9548630714416504,order10_rho1.00,1.0,10,1.0,800
True,4,4,0.5010932366255771,1.0043777271675864,0.9702107681577078,0.13274372856964722,-0.22441159490757082,0.5451042954221131,263.90212611572446,1.9381156907571984e-52,inconclusive,True,1.0,1.0,9.581682625722104e-07,5.937133791197255e-07,True,162,0.9609789848327637,order10_rho1.00,1.0,10,1.0,800
True,4,4,0.5389144072235615,1.161714953252491,1.1270617787656276,0.1482327051567303,0.8571777640520148,0.5854235393019962,271.65798373884434,4.371911918625224e-54,inconclusive,True,1.0,1.0,8.066363592816121e-07,9.80308400817155e-07,True,163,0.9827852249145508,order10_rho1.00,1.0,10,1.0,800
True,4,4,0.5098126731722358,1.0396358469080837,1.005112599785792,0.13391308516834097,0.038178493008094935,0.553484422459476,255.05793787403786,1.4581546888002503e-50,inconclusive,True,1.0,1.0,9.598883537288057e-07,6.315929871552035e-07,True,164,0.9667518138885498,order10_rho1.00,1.0,10,1.0,800
True,4,4,0.4981394235183428,0.9925715410527476,0.9585109999509238,0.13167667671634462,-0.3150823751304948,0.5420101150423117,268.24476209091375,2.3200232431398174e-53,inconclusive,True,1.0,1.0,9.56375005059396e-07,6.693095732090482e-07,True,165,0.9590680599212646,order10_rho1.00,1.0,10,1.0,800
True,4,4,0.5003531096071303,1.0014129371740998,0.9695609312420568,0.12384175176938064,-0.24579003706784738,0.5415862086981043,304.9558210551748,3.628497075499417e-61,inconclusive,True,1.0,1.0,9.081955341686334e-07,9.65415158364118e-07,True,166,0.9548938274383545,order10_rho1.00,1.0,10,1.0,800
True,4,4,0.5362121641666197,1.1500939400009993,1.1188425112245677,0.13214874649094344,0.8993086531676813,0.5779722865733457,330.52165534994833,1.295389431690096e-66,inconclusive,True,1.0,1.0,9.709123639594829e-07,9.806943377202815e-07,True,167,0.9493682384490967,order10_rho1.00,1.0,10,1.0,800
True,4,4,0.4898014715422811,0.959621926099936,0.9270766926465269,0.12484362465788183,-0.5841171910324631,0.5320775745760227,263.283073828135,2.622821495097938e-52,inconclusive,True,1.0,1.0,8.203657178834334e-07,7.846653553740769e-07,True,168,0.9633512496948242,order10_rho1.00,1.0,10,1.0,800
True,4,4,0.48782859936270584,0.9519069694247175,0.9186270816253878,0.12522767910686072,-0.6497997803279112,0.5302377494575011,282.4364381902751,2.2412271436475047e-56,inconclusive,True,1.0,1.0,8.426721577017622e-07,9.999386663598573e-07,True,169,0.9655318260192871,order10_rho1.00,1.0,10,1.0,800
True,4,4,0.5668775829290964,1.2854007761101385,1.2492069902083156,0.15543676641600948,1.6032692647590236,0.6133672878482552,293.56249448318704,9.648969446980785e-59,inconclusive,True,1.0,1.0,9.461180799741605e-07,8.459676277226616e-07,True,170,0.9963598251342773,order10_rho1.00,1.0,10,1.0,800
True,4,4,0.5264352918474101,1.1085364660098715,1.0758854712527666,0.1330731791192073,0.5702536886474183,0.5689401050587306,298.3127388346515,9.413473107280847e-60,inconclusive,True,1.0,1.0,7.376439513271382e-07,8.238354266747736e-07,True,171,0.9589970111846924,order10_rho1.00,1.0,10,1.0,800
True,4,4,0.5158748322354194,1.0645073701356886,1.0315805538246927,0.14144255573446718,0.22327476805481014,0.5621905492423847,244.48516811293212,2.5406080067045517e-48,inconclusive,True,1.0,1.0,8.687618904041394e-07,9.986320530850419e-07,True,172,0.9528310298919678,order10_rho1.00,1.0,10,1.0,800
True,4,4,0.5208513931030666,1.085144694789621,1.0486130565210297,0.138828659768337,0.35016585625871577,0.5650145752690346,288.765891421811,1.010961133618357e-57,inconclusive,True,1.0,1.0,7.499561400193363e-07,9.315954310868414e-07,True,173,0.9834764003753662,order10_rho1.00,1.0,10,1.0,800
True,4,4,0.4886277067793013,0.9550281433295954,0.9212419634094922,0.12788580101747982,-0.6158466066122771,0.5318823617701306,261.25866609271753,7.053161795398041e-52,inconclusive,True,1.0,1.0,9.188607603698321e-07,8.50615831980005e-07,True,174,0.97206711769104,order10_rho1.00,1.0,10,1.0,800
True,4,4,0.565572094184685,1.2794871748818006,1.2456159754387415,0.14895751304964036,1.64889954464324,0.6104566489604552,334.1202048690679,2.213136993294648e-67,meaningfully_different,True,1.0,1.0,9.347379029014176e-07,9.92200368198625e-07,True,175,0.9734809398651123,order10_rho1.00,1.0,10,1.0,800
True,4,4,0.5009735259322036,1.0038978947397768,0.970020328426445,0.13454720241813511,-0.22281898868760217,0.5457405020520486,263.157656371853,2.788603394152577e-52,inconclusive,True,1.0,1.0,9.734471882673824e-07,7.383616454055348e-07,True,176,0.9641668796539307,order10_rho1.00,1.0,10,1.0,800
True,4,4,0.4975890390050325,0.9903794069518069,0.952912475169256,0.14067550539002283,-0.3347244049359823,0.5441284523054429,217.25657265000444,1.4623803727721252e-42,inconclusive,True,1.0,1.0,7.633956208954093e-07,9.315507531077559e-07,True,177,1.0050570964813232,order10_rho1.00,1.0,10,1.0,800
True,4,4,0.5059164750062345,1.0238059187309356,0.9919192877974502,0.1371347820901332,-0.05892532936858187,0.5516987247356128,267.27081666703396,3.7348952453835214e-53,inconclusive,True,1.0,1.0,8.483681614285174e-07,9.988295135091275e-07,True,178,0.9495937824249268,order10_rho1.00,1.0,10,1.0,800
True,4,4,0.5298679971368709,1.1230403775593565,1.087371408969178,0.14179905412148153,0.6161635527859407,0.574589004732771,266.11503884111005,6.5712604176126515e-53,inconclusive,True,1.0,1.0,9.81953345062818e-07,9.67870341981945e-07,True,179,0.9919900894165039,order10_rho1.00,1.0,10,1.0,800
True,4,4,0.5575342039983349,1.2433775545122274,1.2108216722727574,0.1425969617488704,1.478444348933875,0.6011182916027525,328.4398692374292,3.599752009803354e-66,inconclusive,True,1.0,1.0,9.228716858348332e-07,9.896844824778637e-07,True,180,0.9553840160369873,order10_rho1.00,1.0,10,1.0,800
True,4,4,0.5392456884930491,1.16314365023337,1.1286719318063572,0.14398583706493648,0.8936429750957182,0.5842746695973268,298.4073344120103,8.987088365547493e-60,inconclusive,True,1.0,1.0,8.425802318083696e-07,8.709502785522993e-07,True,181,0.9841082096099854,order10_rho1.00,1.0,10,1.0,800
True,4,4,0.4542381507912153,0.8253291905368916,0.7927903203620198,0.11881635684548505,-1.7439491088541488,0.49704774314457867,213.81967542644222,7.776637449901114e-42,equivalent,True,1.0,1.0,8.9609729237565e-07,8.696693599787524e-07,True,182,0.9491870403289795,order10_rho1.00,1.0,10,1.0,800
True,4,4,0.4681467035716914,0.8766453442601645,0.8426443976861301,0.12154533533267162,-1.294624774230825,0.5105312633294625,244.86028926119832,2.1157395478751483e-48,inconclusive,True,1.0,1.0,9.336350009840848e-07,9.271113244177116e-07,True,183,0.9803762435913086,order10_rho1.00,1.0,10,1.0,800
True,4,4,0.48957274037007703,0.9587258724538674,0.9275777014772844,0.12076317493894728,-0.5997051548150276,0.5306164923411698,274.8335769422812,9.249759194825929e-55,inconclusive,True,1.0,1.0,9.894450863762995e-07,9.103362760280698e-07,True,184,0.93790602684021,order10_rho1.00,1.0,10,1.0,800
True,4,4,0.5513623525152296,1.2160017750845131,1.1831738375718779,0.15147382314713498,1.2092771791595365,0.5983991362300852,280.66314586198826,5.338313758721621e-56,inconclusive,True,1.0,1.0,6.571449486023488e-07,7.958461131029661e-07,True,185,0.948289155960083,order10_rho1.00,1.0,10,1.0,800
True,4,4,0.518824954904084,1.0767173353248993,1.0418739700293937,0.13903463828908574,0.30117653086080537,0.563596841521287,283.88494283172287,1.102972243714169e-56,inconclusive,True,1.0,1.0,9.269765883187366e-07,9.747244284184744e-07,True,186,0.9644222259521484,order10_rho1.00,1.0,10,1.0,800
True,4,4,0.5025537638595754,1.0102411422777036,0.9724085161873122,0.13706499695532484,-0.2013021881996688,0.5472340389534834,249.87125427818526,1.8345252549691727e-49,inconclusive,True,1.0,1.0,7.17975216134154e-07,9.752013792622876e-07,True,187,1.0130538940429688,order10_rho1.00,1.0,10,1.0,800
True,4,4,0.549409292688939,1.2074022835718412,1.1747668357923688,0.14639351478016752,1.193815423140897,0.5948871194480305,299.2877413978515,5.837857837148271e-60,inconclusive,True,1.0,1.0,8.777746050557378e-07,9.72714786794623e-07,True,188,0.9581828117370605,order10_rho1.00,1.0,10,1.0,800
True,4,4,0.5522182531415312,1.2197799964107368,1.1853468540705256,0.15247235390647731,1.2156095798469322,0.5991956188097972,288.2533049563571,1.299399084994149e-57,inconclusive,True,1.0,1.0,9.859082701144954e-07,7.837801970433564e-07,True,189,0.9692738056182861,order10_rho1.00,1.0,10,1.0,800
True,4,4,0.5011956664416511,1.0047883842395635,0.9717567717989594,0.13019214066365595,-0.21693497055252686,0.5444960483259154,261.14807400378453,7.444769140650553e-52,inconclusive,True,1.0,1.0,9.459147108045337e-07,9.592970863408519e-07,True,190,0.9519672393798828,order10_rho1.00,1.0,10,1.0,800
True,4,4,0.5559406865216605,1.236280187720701,1.2010801315156225,0.15278166225312292,1.3161273974260113,0.6025743943291041,299.8601365086199,4.409934957047013e-60,inconclusive,True,1.0,1.0,6.667745428003991e-07,7.841317022346012e-07,True,191,0.9837050437927246,order10_rho1.00,1.0,10,1.0,800
True,4,4,0.5079998005597521,1.0322551894749918,0.9999156145725502,0.13016290766879898,-0.0006483062568372981,0.5509116411336131,284.3443547857471,8.808386633086365e-57,inconclusive,True,1.0,1.0,6.800253097511676e-07,9.312121496972341e-07,True,192,0.9357030391693115,order10_rho1.00,1.0,10,1.0,800
True,4,4,0.5297365967769763,1.122483447859411,1.0873656361018027,0.14398948195776184,0.6067501244808333,0.5753710232847347,278.082353581123,1.887412871746336e-55,inconclusive,True,1.0,1.0,9.040804647292511e-07,7.804157872663471e-07,True,193,0.9662492275238037,order10_rho1.00,1.0,10,1.0,800
True,4,4,0.5597886549713335,1.2534533529384584,1.2185797708026345,0.14574019058218546,1.499790620071774,0.6038006814906598,314.98381920911163,2.654940791734803e-63,inconclusive,True,1.0,1.0,9.970407450418246e-07,7.299548091116886e-07,True,194,0.9704091548919678,order10_rho1.00,1.0,10,1.0,800
True,4,4,0.5555909067154301,1.234725022499495,1.1984358067883834,0.16538430732131063,1.1998466481034376,0.6063144366841965,248.80222130573594,3.0911514506365553e-49,inconclusive,True,1.0,1.0,6.309290512128442e-07,9.324999506489965e-07,True,195,0.9876830577850342,order10_rho1.00,1.0,10,1.0,800
True,4,4,0.5105852603365127,1.0427892322916181,1.0106405889691827,0.13406345073571563,0.07936979773972055,0.5547871984268956,287.10285270063605,2.2823707717548656e-57,inconclusive,True,1.0,1.0,6.437060899645477e-07,9.456830189506479e-07,True,196,0.9445860385894775,order10_rho1.00,1.0,10,1.0,800
True,4,4,0.5349855189556715,1.1448380219690764,1.1117580004067682,0.14215448454456445,0.7861728792082732,0.5799959741018277,298.4506056498574,8.798536125571962e-60,inconclusive,True,1.0,1.0,9.846202446170699e-07,9.916746674791586e-07,True,197,0.962878942489624,order10_rho1.00,1.0,10,1.0,800
True,4,4,0.5033367512152045,1.0133915404955065,0.9840265877685621,0.12563479766066094,-0.1271416242065515,0.545590835785393,276.02132711478,5.1735805276671015e-55,inconclusive,True,1.0,1.0,7.13297222786831e-07,8.233468234445607e-07,True,198,0.9089839458465576,order10_rho1.00,1.0,10,1.0,800
True,4,4,0.5511312604557264,1.2149826650060707,1.1810026050520979,0.14654697027672456,1.2351166640314075,0.596248882730718,305.039657098147,3.482392971781459e-61,inconclusive,True,1.0,1.0,9.49427858346445e-07,9.954452772174817e-07,True,199,0.9740159511566162,order10_rho1.00,1.0,10,1.0,800
True,4,4,0.5286319265186717,1.1178068549393696,1.0849318174577922,0.14167015668841793,0.5995039424187756,0.5740118658437122,289.44310211276587,7.256224342530585e-58,inconclusive,True,1.0,1.0,8.952285779795181e-07,9.536659433373732e-07,True,200,0.9502079486846924,order10_rho1.00,1.0,10,1.0,800
True,4,4,0.5804075156686028,1.347491536978398,1.3124680634182366,0.14676305588447033,2.1290648490189983,0.6232719727759883,371.05916008616015,2.881752131387476e-75,meaningfully_different,True,1.0,1.0,8.640026783803078e-07,8.350763366376015e-07,True,201,0.9910218715667725,order10_rho1.00,1.0,10,1.0,800
True,4,4,0.537480179624676,1.155539773957496,1.1197785534220317,0.1538140895603112,0.7787228970013569,0.5858285193876166,250.66250772167092,1.2467841344175808e-49,inconclusive,True,1.0,1.0,8.411719734605903e-07,9.246042071283377e-07,True,202,0.9800601005554199,order10_rho1.00,1.0,10,1.0,800
True,4,4,0.5486237199168442,1.2039519442215836,1.1715921086083818,0.14571978664757687,1.1775484479906433,0.5939864956786146,313.38606021390723,5.813270457632181e-63,inconclusive,True,1.0,1.0,8.865905500084216e-07,8.990671092646089e-07,True,203,0.9641611576080322,order10_rho1.00,1.0,10,1.0,800
True,4,4,0.5241954032662133,1.099123283221712,1.0661516898452863,0.12913292667356382,0.5122759279862966,0.5653663530497628,312.68160570263694,8.212543994969338e-63,inconclusive,True,1.0,1.0,9.327034717840389e-07,9.860973511566846e-07,True,204,0.9456491470336914,order10_rho1.00,1.0,10,1.0,800
True,4,4,0.5539232770082712,1.2273239872463277,1.1938997094136037,0.15256418577029346,1.2709385786356608,0.6010086238401179,280.40855722344736,6.046630449331497e-56,inconclusive,True,1.0,1.0,8.47791006377847e-07,9.043156021677074e-07,True,205,0.9610898494720459,order10_rho1.00,1.0,10,1.0,800
True,4,4,0.48275569303499183,0.932212236630781,0.9004762845344549,0.1219190579253902,-0.8163097481154239,0.5246463783248531,265.7253110090717,7.9502719755165715e-53,inconclusive,True,1.0,1.0,9.57357948840908e-07,9.343031756274891e-07,True,206,0.954582929611206,order10_rho1.00,1.0,10,1.0,800
True,4,4,0.5217006069389388,1.0886860931218287,1.0545875912918818,0.14132537756509728,0.3862546998449568,0.5672405026001137,250.44721061630167,1.384943008625235e-49,inconclusive,True,1.0,1.0,7.307561320220187e-07,9.623367245459734e-07,True,207,0.9795048236846924,order10_rho1.00,1.0,10,1.0,800
True,4,4,0.5460569651639409,1.1927128368162134,1.1588184467398488,0.13649529143238853,1.1635452408152687,0.5880759351295994,325.2005878938305,1.7653850549868013e-65,inconclusive,True,1.0,1.0,9.050540284516448e-07,8.015959238674422e-07,True,208,0.9605512619018555,order10_rho1.00,1.0,10,1.0,800
True,4,4,0.527138487926269,1.1114999418127733,1.079140735190003,0.13572042827814781,0.5831158668893284,0.5706095367882318,279.81127919470975,8.099394253621961e-56,inconclusive,True,1.0,1.0,9.685885273028644e-07,7.476163822172422e-07,True,209,0.9340231418609619,order10_rho1.00,1.0,10,1.0,800
True,4,4,0.468947881817718,0.8796484634452978,0.8452193618202358,0.13022967097081425,-1.1885205347286183,0.5146426207702964,216.0429172117458,2.6385880350201813e-42,inconclusive,True,1.0,1.0,9.58832013569975e-07,9.201354108889377e-07,True,210,0.955970048904419,order10_rho1.00,1.0,10,1.0,800
True,4,4,0.5111055659310532,1.0449155981028084,1.011135611082186,0.13844219676737463,0.08043509379511887,0.5565188138235156,244.88396379122418,2.0914441540765207e-48,inconclusive,True,1.0,1.0,8.087191830779394e-07,8.128479164918907e-07,True,211,0.9683711528778076,order10_rho1.00,1.0,10,1.0,800
True,4,4,0.5301492700455587,1.1242329941193547,1.0908006718063656,0.13846799911869134,0.6557520321250079,0.5741428964929938,288.6807907989221,1.0539802692019364e-57,inconclusive,True,1.0,1.0,9.158311253109085e-07,9.685334251893599e-07,True,212,0.9379551410675049,order10_rho1.00,1.0,10,1.0,800
True,4,4,0.49834349877733847,0.9933849710945565,0.9601123758616651,0.1302317002258195,-0.3062819887106631,0.5418312607081104,260.40361209483353,1.0710712329467824e-51,inconclusive,True,1.0,1.0,8.81014131868335e-07,8.523744479790576e-07,True,213,0.9589147567749023,order10_rho1.00,1.0,10,1.0,800
True,4,4,0.4820037104666582,0.9293103076145042,0.8991813725573856,0.12212392350187588,-0.8255436326615052,0.5244180944311013,254.349402928784,2.0609351195061488e-50,inconclusive,True,1.0,1.0,9.8460517550805e-07,9.60545247988895e-07,True,214,0.9256467819213867,order10_rho1.00,1.0,10,1.0,800
True,4,4,0.49676683315494763,0.9871091460911823,0.9521129311775907,0.13319046928044712,-0.35953825435946074,0.5411080662975055,245.34968953948734,1.6663658292276864e-48,inconclusive,True,1.0,1.0,9.479126510166434e-07,9.521432474904674e-07,True,215,0.9601562023162842,order10_rho1.00,1.0,10,1.0,800
True,4,4,0.5662081754335992,1.282366791711382,1.2501784349651932,0.14131673824977478,1.77033830573564,0.6088151986490414,351.12786963789256,5.2017392859800975e-71,meaningfully_different,True,1.0,1.0,7.166168704869833e-07,9.757285173422287e-07,True,216,0.945206880569458,order10_rho1.00,1.0,10,1.0,800
True,4,4,0.4908157377128622,0.9636003535464845,0.9308735055277692,0.12501635480500892,-0.5529396100218179,0.533035437414118,260.73837146470726,9.094674735905574e-52,inconclusive,True,1.0,1.0,9.381007539984652e-07,8.28313828211678e-07,True,217,0.9540927410125732,order10_rho1.00,1.0,10,1.0,800
True,4,4,0.5568565419593812,1.2403568332918402,1.2070605223613475,0.14667542097389935,1.4116920271065294,0.6017308618757434,317.4583708528046,7.885759163949887e-64,inconclusive,True,1.0,1.0,7.232111985423036e-07,8.304120397696447e-07,True,218,0.9431719779968262,order10_rho1.00,1.0,10,1.0,800
True,4,4,0.5536586586278615,1.226151641094411,1.194479411591266,0.14617184247422135,1.33048477941683,0.5989387900368385,324.46060349979746,2.538489368911625e-65,inconclusive,True,1.0,1.0,9.300920140383823e-07,7.968077452245421e-07,True,219,0.941831111907959,order10_rho1.00,1.0,10,1.0,800
True,4,4,0.5516015945404179,1.2170572763981262,1.1836611565314796,0.13902649199315195,1.3210515053528522,0.5942094298580164,336.8440588745039,5.808258543310578e-68,inconclusive,True,1.0,1.0,9.864280918824867e-07,7.09588312430075e-07,True,220,0.9554059505462646,order10_rho1.00,1.0,10,1.0,800
True,4,4,0.5567565363515397,1.2399113630806533,1.2039651326213308,0.1469998406190539,1.3875194133706639,0.601198460083039,304.9644207112035,3.6132322982142244e-61,inconclusive,True,1.0,1.0,9.918731242487587e-07,8.854315503066025e-07,True,221,0.987656831741333,order10_rho1.00,1.0,10,1.0,800
True,4,4,0.5027113783446235,1.010874919668605,0.9787132084119499,0.13159156090744803,-0.1617641088931358,0.546617339792375,258.68826771453155,2.4760345070589492e-51,inconclusive,True,1.0,1.0,7.103009093175322e-07,7.363510927448203e-07,True,222,0.9471778869628906,order10_rho1.00,1.0,10,1.0,800
True,4,4,0.5609247057144132,1.2585461019232043,1.2235217513690864,0.14800218630159237,1.5102597938222584,0.6055913812761886,308.5152632080324,6.336124502053328e-62,inconclusive,True,1.0,1.0,6.671397990703901e-07,8.088989116861422e-07,True,223,1.153212070465088,order10_rho1.00,1.0,10,1.0,800
True,4,4,0.4961919477053811,0.9848257958706387,0.9484616994456812,0.13896931661414164,-0.37086100594002824,0.5424587274423326,226.16102460202444,1.920177247856288e-44,inconclusive,True,1.0,1.0,8.510659987317468e-07,8.7097208155942e-07,True,224,1.1678776741027832,order10_rho1.00,1.0,10,1.0,800
True,4,4,0.5023701384269026,1.0095030239322609,0.9765975479015534,0.13031784320776427,-0.17957979906969712,0.5456535817160778,265.0732919309486,1.0934264398426253e-52,inconclusive,True,1.0,1.0,9.252220926933553e-07,7.958067995386821e-07,True,225,1.1827497482299805,order10_rho1.00,1.0,10,1.0,800
True,4,4,0.553839387939449,1.2269522705325737,1.1918794434577717,0.15089668685773766,1.2715948073708987,0.6000171676982838,302.5167416694453,1.199424548652858e-60,inconclusive,True,1.0,1.0,8.99645911452388e-07,7.89621121960488e-07,True,226,1.2055480480194092,order10_rho1.00,1.0,10,1.0,800
True,4,4,0.4463612273199887,0.7969533810184264,0.7637165902860038,0.11367697197499137,-2.0785512281764325,0.4875188637221972,223.4845659656892,7.065703762835703e-44,equivalent,True,1.0,1.0,9.939092804994072e-07,9.71401977634756e-07,True,227,1.0159552097320557,order10_rho1.00,1.0,10,1.0,800
True,4,4,0.4868471664711921,0.9480806540041145,0.9162115701593374,0.12605838087973226,-0.664679565578445,0.5299903666947624,274.98241052120426,8.600264950209712e-55,inconclusive,True,1.0,1.0,8.365061352917446e-07,8.822046059218496e-07,True,228,0.9960718154907227,order10_rho1.00,1.0,10,1.0,800
True,4,4,0.5652264491924066,1.2779237554666247,1.244701547572683,0.15224299717370265,1.607309052734223,0.6113752926091736,315.5862070844245,1.9757017921879072e-63,inconclusive,True,1.0,1.0,9.288487419446936e-07,9.60834934774769e-07,True,229,0.9925439357757568,order10_rho1.00,1.0,10,1.0,800
True,4,4,0.514782566806358,1.06000436435097,1.0257375580270838,0.1418534513949535,0.18143765818869176,0.5610404891916575,256.2971190639356,7.961294520401263e-51,inconclusive,True,1.0,1.0,9.886904883511972e-07,7.709157229312626e-07,True,230,1.0112221240997314,order10_rho1.00,1.0,10,1.0,800
True,4,4,0.521110076752083,1.0862228483702472,1.05401821612177,0.13990436407184795,0.3861081566692863,0.5665995977742325,283.44956675327825,1.3649596445730875e-56,inconclusive,True,1.0,1.0,9.684142940853166e-07,8.485992378561003e-07,True,231,0.9917471408843994,order10_rho1.00,1.0,10,1.0,800
True,4,4,0.4761150274581364,0.9067420774858478,0.8744735340280049,0.11732198639749082,-1.0699313046636225,0.5165876084642055,286.8034963932622,2.642657817112988e-57,inconclusive,True,1.0,1.0,8.467207373086526e-07,8.788012538080897e-07,True,232,0.9709513187408447,order10_rho1.00,1.0,10,1.0,800
True,4,4,0.5618909441106493,1.2628857322942275,1.2292717719518071,0.14863906724873505,1.5424731612997813,0.6069928502096571,322.9095430470551,5.434747636064146e-65,inconclusive,True,1.0,1.0,9.730035065853125e-07,9.758077739187605e-07,True,233,0.968515157699585,order10_rho1.00,1.0,10,1.0,800
True,4,4,0.5246999141182036,1.1012399995026008,1.0690601139847462,0.14059903709793578,0.49118482893052556,0.5701589581207092,274.15578026699995,1.28860129153525e-54,inconclusive,True,1.0,1.0,8.175400937371973e-07,8.849804666846352e-07,True,234,0.9590699672698975,order10_rho1.00,1.0,10,1.0,800
True,4,4,0.554857928672986,1.2314692840451058,1.197214191781928,0.15321008230288005,1.2872141886332022,0.6019182567723282,308.7647062700496,5.606656565509643e-62,inconclusive,True,1.0,1.0,8.697750514523602e-07,7.729906539545224e-07,True,235,1.0049901008605957,order10_rho1.00,1.0,10,1.0,800
True,4,4,0.52631622640867,1.1080350807242498,1.0722015738290802,0.14666373731635765,0.49229329042215436,0.5730274762383015,241.0265661125315,1.3726344682176648e-47,inconclusive,True,1.0,1.0,9.00095296424362e-07,9.262727906900669e-07,True,236,0.9905879497528076,order10_rho1.00,1.0,10,1.0,800
True,4,4,0.5658761311730108,1.280863183325338,1.249398122962027,0.14582481564084032,1.710258448577661,0.6101759172296939,331.14024093725607,9.560872025857655e-67,meaningfully_different,True,1.0,1.0,7.697659082090416e-07,8.010776932180607e-07,True,237,0.9575729370117188,order10_rho1.00,1.0,10,1.0,800
True,4,4,0.5756657644053543,1.3255642892336037,1.2936154089673761,0.14686291278728844,1.9992481654823184,0.6195125914237347,336.97101288443474,5.457154506312981e-68,meaningfully_different,True,1.0,1.0,9.229647371284707e-07,7.348374623051902e-07,True,238,0.9702730178833008,order10_rho1.00,1.0,10,1.0,800
True,4,4,0.5148665594924096,1.0603502963342037,1.0256195950567084,0.14506679558269686,0.1766055075098401,0.5621906349097998,228.3886071900639,6.490596121071401e-45,inconclusive,True,1.0,1.0,8.474152102984848e-07,8.41782456837694e-07,True,239,0.9933841228485107,order10_rho1.00,1.0,10,1.0,800
True,4,4,0.49978885605235907,0.9991556025365027,0.9637958359230889,0.13039886616553012,-0.2776417091767731,0.5427436973115903,273.31886470789345,1.9404317951966044e-54,inconclusive,True,1.0,1.0,9.959623449513773e-07,9.321462493212137e-07,True,240,0.9966509342193604,order10_rho1.00,1.0,10,1.0,800
True,4,4,0.5157541517296598,1.0640093801055235,1.0282412843538378,0.14195557052835514,0.1989445306635337,0.5616354287710508,262.03104165915545,4.835942391078417e-52,inconclusive,True,1.0,1.0,8.502876761527433e-07,8.99534765573952e-07,True,241,0.9861428737640381,order10_rho1.00,1.0,10,1.0,800
True,4,4,0.5226692538750116,1.0927325957850456,1.0600061828994827,0.13571306400190628,0.4421548016824659,0.566399661998424,283.21897193198487,1.5280586046801044e-56,inconclusive,True,1.0,1.0,8.114551839337248e-07,9.115248748616675e-07,True,242,0.966278076171875,order10_rho1.00,1.0,10,1.0,800
True,4,4,0.5125085989753859,1.0506602560948517,1.0138063429191368,0.14899179690126368,0.092665121209903,0.5609982264762959,227.70866813877888,9.038184770113522e-45,inconclusive,True,1.0,1.0,8.49807900655407e-07,9.282978595503138e-07,True,243,0.9923019409179688,order10_rho1.00,1.0,10,1.0,800
True,4,4,0.5220341655406429,1.0900786799668614,1.0574269960553029,0.14269271687713056,0.4024521875545474,0.5683607192950201,279.90129739275517,7.750351583055216e-56,inconclusive,True,1.0,1.0,9.63875094636273e-07,8.270677562698464e-07,True,244,0.9623370170593262,order10_rho1.00,1.0,10,1.0,800
True,4,4,0.45615984841133866,0.832327229210622,0.8011990134533271,0.1180599344834922,-1.6838988384706444,0.49884625008266636,217.13941474819464,1.548119962750051e-42,equivalent,True,1.0,1.0,7.604830550799958e-07,9.672659915229071e-07,True,245,0.9481070041656494,order10_rho1.00,1.0,10,1.0,800
True,4,4,0.5643482308656915,1.2739557027249435,1.2421511070184812,0.14355523187621796,1.6868149203177671,0.6079223739174965,344.0313707761302,1.7009279100077784e-69,meaningfully_different,True,1.0,1.0,6.679053540194587e-07,8.899147709502243e-07,True,246,0.9498851299285889,order10_rho1.00,1.0,10,1.0,800
True,4,4,0.5483832770029844,1.2028968739861279,1.168547435784483,0.14909192249455988,1.1304934094644394,0.5945127890232529,296.3889262544069,2.416173258208483e-59,inconclusive,True,1.0,1.0,9.020601413417876e-07,9.876401801460055e-07,True,247,0.986271858215332,order10_rho1.00,1.0,10,1.0,800
True,4,4,0.5937316780302418,1.4100692219864273,1.3730686787997417,0.1658946040744404,2.2488294955774326,0.6414711645902845,336.92921860736305,5.570332519046048e-68,meaningfully_different,True,1.0,1.0,9.071111707981765e-07,8.194694332475217e-07,True,248,1.0074350833892822,order10_rho1.00,1.0,10,1.0,800
True,4,4,0.5444198940127398,1.1855720839873714,1.1528318561926514,0.14750654348215758,1.036102213398675,0.5906476380292978,280.261582673808,6.497561128754356e-56,inconclusive,True,1.0,1.0,8.798374494938092e-07,8.626948862322732e-07,True,249,0.9462928771972656,order10_rho1.00,1.0,10,1.0,800
True,4,4,0.5276181337579702,1.113523580280973,1.0753073903472008,0.1506584490703078,0.49985507491887887,0.5751344379211221,229.8019263710653,3.261017625727707e-45,inconclusive,True,1.0,1.0,9.993238950868176e-07,6.562605701073003e-07,True,250,1.0067379474639893,order10_rho1.00,1.0,10,1.0,800
True,4,4,0.5055447248021576,1.022301875101157,0.991697556755911,0.12902902609222996,-0.06434554685512725,0.5486190432134423,280.0720414066299,7.129082386047016e-56,inconclusive,True,1.0,1.0,7.076565715473584e-07,9.494906706289839e-07,True,251,0.9413611888885498,order10_rho1.00,1.0,10,1.0,800
True,4,4,0.5182944899346517,1.074516713186483,1.040520444902763,0.13748108952538915,0.29473467982140117,0.5627292229940256,266.69618738517056,4.946232747202799e-53,inconclusive,True,1.0,1.0,9.114596675781703e-07,9.874754232553971e-07,True,252,0.9627377986907959,order10_rho1.00,1.0,10,1.0,800
True,4,4,0.5206241667114385,1.084198091855919,1.047812883217278,0.14099889340740013,0.3391011238586682,0.5656269584351916,273.7332789912342,1.5844148425534555e-54,inconclusive,True,1.0,1.0,9.415132311468681e-07,9.624407383564957e-07,True,253,0.976531982421875,order10_rho1.00,1.0,10,1.0,800
True,4,4,0.5107170070508046,1.0433274451637262,1.0052378781086946,0.14576694233638496,0.035933237157483776,0.5578985485507924,245.9045426594069,1.2711725012427579e-48,inconclusive,True,1.0,1.0,6.512665926512446e-07,8.794496653963672e-07,True,254,1.0086259841918945,order10_rho1.00,1.0,10,1.0,800
True,4,4,0.5346308854041757,1.1433207345122112,1.1101781384097824,0.1397805845820155,0.7882220462823718,0.5788127374066909,299.7824185534105,4.58113368255202e-60,inconclusive,True,1.0,1.0,6.232700067937029e-07,9.999366357306366e-07,True,255,0.9636752605438232,order10_rho1.00,1.0,10,1.0,800
True,4,4,0.5206572030937654,1.0843356925336898,1.0499657346085012,0.14547207967783068,0.34347302052158496,0.5677248480749179,249.6866568314798,2.0074900620064445e-49,inconclusive,True,1.0,1.0,9.684307366093847e-07,9.900424897913025e-07,True,256,0.9616739749908447,order10_rho1.00,1.0,10,1.0,800
True,4,4,0.5602095142950463,1.2553387996267664,1.2215920612916034,0.146004694272463,1.5177050463739536,0.6045139395037977,325.3975097950483,1.6027368739706154e-65,inconclusive,True,1.0,1.0,9.408188393645713e-07,8.761361277635465e-07,True,257,0.9648489952087402,order10_rho1.00,1.0,10,1.0,800
True,4,4,0.4472369966365601,0.8000837246419619,0.7706198973276546,0.11047302833023967,-2.076344843074764,0.4879374597878713,226.5888232694751,1.559144051500772e-44,equivalent,True,1.0,1.0,6.790075735934205e-07,7.652393310308203e-07,True,258,0.9312050342559814,order10_rho1.00,1.0,10,1.0,800
True,4,4,0.4846768931875504,0.9396467631597446,0.9074611250542186,0.12261042017836381,-0.7547390736542886,0.5265779428030204,262.1946311004844,4.464419798757768e-52,inconclusive,True,1.0,1.0,8.452629417701279e-07,9.075522461032648e-07,True,259,0.9504940509796143,order10_rho1.00,1.0,10,1.0,800
True,4,4,0.5167088051131039,1.0679519571256462,1.0312258506898195,0.141569072100387,0.2205697206779543,0.5621579520913796,241.7651583450419,9.574690393116517e-48,inconclusive,True,1.0,1.0,9.864106566669623e-07,7.347385372828361e-07,True,260,0.9888670444488525,order10_rho1.00,1.0,10,1.0,800
True,4,4,0.5463915919871911,1.1941750871771886,1.1589988924206354,0.15104635010701736,1.0526496820875417,0.5931795742504846,263.728351857169,2.1099037666578172e-52,inconclusive,True,1.0,1.0,7.932940268951509e-07,9.829835514810606e-07,True,261,0.9533402919769287,order10_rho1.00,1.0,10,1.0,800
True,4,4,0.5454995639635247,1.1902790971375823,1.1507140775215723,0.1583408751781503,0.9518330459649346,0.593961623413715,253.66198955158123,2.88294415951596e-50,inconclusive,True,1.0,1.0,9.305550380970811e-07,8.404902656855886e-07,True,262,1.0151071548461914,order10_rho1.00,1.0,10,1.0,800
True,4,4,0.5265278779837019,1.1089264251760806,1.0760874532587033,0.14158683831985647,0.5373907219173534,0.5720526806592446,255.45519231429023,1.201026403796981e-50,inconclusive,True,1.0,1.0,7.682669325998053e-07,9.415832238260953e-07,True,263,0.9556958675384521,order10_rho1.00,1.0,10,1.0,800
True,4,4,0.48820078714276804,0.9533600342672732,0.921945707338291,0.1285253226957435,-0.6073067238779557,0.5322948080080936,250.9124050469919,1.1036073331303784e-49,inconclusive,True,1.0,1.0,9.334624430316955e-07,8.54407519192289e-07,True,264,0.946727991104126,order10_rho1.00,1.0,10,1.0,800
True,4,4,0.4950692713591634,0.980374333776372,0.9464707134255508,0.13003502318800672,-0.4116528398434299,0.5385998730382003,262.8803960128743,3.1932297425520546e-52,inconclusive,True,1.0,1.0,9.237000858864159e-07,8.123561350294905e-07,True,265,0.9770257472991943,order10_rho1.00,1.0,10,1.0,800
True,4,4,0.49036123336598925,0.9618165567528566,0.9261791818659443,0.1284436672995121,-0.5747330303324042,0.5332565550188987,268.36020834384664,2.192703455646765e-53,inconclusive,True,1.0,1.0,9.087715166410566e-07,9.474423355904033e-07,True,266,0.9813418388366699,order10_rho1.00,1.0,10,1.0,800
True,4,4,0.5247735088566582,1.1015489423909166,1.0675977153015803,0.1394380828026282,0.48478660881520813,0.5694192110244093,280.1539359903453,6.849023028890885e-56,inconclusive,True,1.0,1.0,8.139513692410389e-07,8.976910453902985e-07,True,267,0.985044002532959,order10_rho1.00,1.0,10,1.0,800
True,4,4,0.5137353216949102,1.0556959230278915,1.0238865716277348,0.1366202936590427,0.17483911787913037,0.5587054136949064,280.47491365435536,5.853429303216873e-56,inconclusive,True,1.0,1.0,9.416542440440154e-07,9.26947205500112e-07,True,268,0.9486410617828369,order10_rho1.00,1.0,10,1.0,800
True,4,4,0.5010560970263156,1.0042288494689782,0.9705908255445382,0.12267116991785505,-0.23973990363958528,0.5413794751157229,299.527898247788,5.189698667892283e-60,inconclusive,True,1.0,1.0,7.350166534308645e-07,9.848445719860316e-07,True,269,0.9524621963500977,order10_rho1.00,1.0,10,1.0,800
True,4,4,0.5182580932087613,1.0743658047055242,1.0431694767538215,0.13467460890063648,0.32054651657219346,0.5622920717168046,272.24664353954836,3.278270955474011e-54,inconclusive,True,1.0,1.0,9.858369562051683e-07,9.982373925829051e-07,True,270,0.937993049621582,order10_rho1.00,1.0,10,1.0,800
True,4,4,0.5473592105092902,1.1984084213174135,1.1658148589485644,0.13961358021772505,1.187669986615764,0.5906476874460294,335.9173828763711,9.155947627331906e-68,inconclusive,True,1.0,1.0,9.634896407226854e-07,9.904348349448316e-07,True,271,0.955596923828125,order10_rho1.00,1.0,10,1.0,800
True,4,4,0.5538840080284172,1.2271499773984949,1.1929456556906073,0.15636103479306812,1.233975305586562,0.602108103018858,293.5391145480038,9.76011113470924e-59,inconclusive,True,1.0,1.0,9.015883447827282e-07,9.242332425324184e-07,True,272,0.9669597148895264,order10_rho1.00,1.0,10,1.0,800
True,4,4,0.5102361727796019,1.0413638080511027,1.0066981673775492,0.13045789232518548,0.051343519799117096,0.5525582106740147,295.66804449233587,3.4396510263417757e-59,inconclusive,True,1.0,1.0,7.088943140456157e-07,9.610374810384618e-07,True,273,0.9872651100158691,order10_rho1.00,1.0,10,1.0,800
True,4,4,0.5223880421592346,1.0915570663638332,1.0583757046741145,0.13227915300812013,0.4413069130441967,0.5647910120720738,296.931958447334,1.8517350807868815e-59,inconclusive,True,1.0,1.0,9.06240601644083e-07,9.113308515439164e-07,True,274,0.9605069160461426,order10_rho1.00,1.0,10,1.0,800
True,4,4,0.5072695036882849,1.0292893974886357,0.9968674737874077,0.1333443476283272,-0.023492005985312862,0.5514071561961587,261.6479845682434,5.831355629684829e-52,inconclusive,True,1.0,1.0,9.668785234303553e-07,7.815678700083363e-07,True,275,0.9584829807281494,order10_rho1.00,1.0,10,1.0,800
True,4,4,0.4946035983665904,0.978530878068718,0.9429275560858494,0.13283216318004476,-0.42965831879732946,0.5388452981766557,248.76739821104871,3.1441346163690516e-49,inconclusive,True,1.0,1.0,9.707241778457912e-07,9.395404066055891e-07,True,276,0.9886410236358643,order10_rho1.00,1.0,10,1.0,800
True,4,4,0.573276528671406,1.3145839133021493,1.2825362907766649,0.15040171283687215,1.87854436925933,0.6184507041058543,339.5276218077237,1.5545146323076606e-68,meaningfully_different,True,1.0,1.0,9.976616104249343e-07,9.555667143069774e-07,True,277,1.0487940311431885,order10_rho1.00,1.0,10,1.0,800
True,4,4,0.5349899939842712,1.144857174653162,1.1085184555663594,0.14071748952597354,0.7711795877820088,0.5787871216148176,303.6375715275349,6.924271788459604e-61,inconclusive,True,1.0,1.0,9.64728224833855e-07,9.49103474659214e-07,True,278,1.1657800674438477,order10_rho1.00,1.0,10,1.0,800
True,4,4,0.5162889543566925,1.0662171375629077,1.033270767496549,0.13628717928405926,0.2441225041953773,0.5606788806101313,271.1946185734453,5.483806994403562e-54,inconclusive,True,1.0,1.0,8.960460786217217e-07,8.022634255532688e-07,True,279,1.1455769538879395,order10_rho1.00,1.0,10,1.0,800
True,4,4,0.47968281912159116,0.9203824278417485,0.8852199358233427,0.12714322320316607,-0.9027619505386199,0.5230563850225354,228.50962069279893,6.119147252125597e-45,inconclusive,True,1.0,1.0,9.764635521514101e-07,9.72172476210998e-07,True,280,1.1527559757232666,order10_rho1.00,1.0,10,1.0,800
True,4,4,0.5259848347144687,1.1066401853984278,1.0731493360818636,0.13977571986551238,0.5233336387195535,0.570758253523855,305.81268091544086,2.3839306350562002e-61,inconclusive,True,1.0,1.0,9.90024824793096e-07,9.93460346163858e-07,True,281,1.0993242263793945,order10_rho1.00,1.0,10,1.0,800
True,4,4,0.5421832901014582,1.1758508802609677,1.1446276418317296,0.1414606208085383,1.0223880045562486,0.5867941839008505,319.9620878409961,2.3085477642820977e-64,inconclusive,True,1.0,1.0,8.714344661918005e-07,9.944758754786393e-07,True,282,1.0032110214233398,order10_rho1.00,1.0,10,1.0,800
True,4,4,0.5473100038424252,1.198192961223982,1.1609247494372161,0.15792371982941292,1.0190030326732735,0.5959626986608084,274.9263471764722,8.839386403231161e-55,inconclusive,True,1.0,1.0,9.552245922136984e-07,9.39115338479192e-07,True,283,1.0486130714416504,order10_rho1.00,1.0,10,1.0,800
True,4,4,0.5080850607878168,1.032601715983038,0.99775172381037,0.14097206441795254,-0.015948380971171038,0.5544434451021754,245.9265862994635,1.2575741615173065e-48,inconclusive,True,1.0,1.0,7.330751701280001e-07,8.961102651669895e-07,True,284,1.045846939086914,order10_rho1.00,1.0,10,1.0,800
True,4,4,0.5780024328982587,1.3363472497452242,1.3000614620448532,0.16986999969154729,1.7664182173998333,0.6283853807870892,312.6936521412201,8.164164172879616e-63,meaningfully_different,True,1.0,1.0,5.945500515287805e-07,7.830861261600982e-07,True,285,1.0239388942718506,order10_rho1.00,1.0,10,1.0,800
True,4,4,0.4830973230733661,0.9335320942426091,0.8990050841037107,0.12837288110093678,-0.7867309281380013,0.5268205774229013,235.86896031588148,1.6965659239052487e-46,inconclusive,True,1.0,1.0,9.707740296100662e-07,7.963775902163895e-07,True,286,0.9860060214996338,order10_rho1.00,1.0,10,1.0,800
True,4,4,0.557587512665513,1.2436153371220542,1.2062640249988885,0.15766124578571133,1.3082734693041604,0.605308536400901,295.25721501226866,4.206545641194292e-59,inconclusive,True,1.0,1.0,6.947980130442332e-07,9.453473665527024e-07,True,287,1.1076948642730713,order10_rho1.00,1.0,10,1.0,800
True,4,4,0.5264582369442762,1.1086331009859025,1.0772830849867399,0.13328414298717808,0.5798370552915246,0.5693232805257304,311.0522186130896,1.8261290198469194e-62,inconclusive,True,1.0,1.0,9.110394830725268e-07,8.971310948283854e-07,True,288,1.0303077697753906,order10_rho1.00,1.0,10,1.0,800
True,4,4,0.4966561222785118,0.9866692151869123,0.9562798291553881,0.12180741851194521,-0.3589286381627438,0.537734879676862,284.7044861262374,7.384690027366517e-57,inconclusive,True,1.0,1.0,8.040129298887908e-07,6.950714755595491e-07,True,289,1.0232267379760742,order10_rho1.00,1.0,10,1.0,800
True,4,4,0.5579190188575269,1.2450945264117819,1.2124339965148139,0.14428515577761195,1.472320526459703,0.6020303061953934,330.0506638523941,1.6324062369512072e-66,inconclusive,True,1.0,1.0,8.836513335702566e-07,9.863970448210602e-07,True,290,1.0625150203704834,order10_rho1.00,1.0,10,1.0,800
True,4,4,0.6184789119439851,1.5300646580776625,1.4977913905105957,0.15974821563654923,3.116099848295925,0.663429314697391,385.42805681494235,2.4475280809662347e-78,meaningfully_different,True,1.0,1.0,8.043953637500236e-07,9.982107565753874e-07,True,291,0.9580338001251221,order10_rho1.00,1.0,10,1.0,800
True,4,4,0.47407863819235213,0.8990022207612605,0.8676821538940106,0.12395768892572417,-1.0674436354268806,0.517584391213648,225.4589676280707,2.702567153946901e-44,inconclusive,True,1.0,1.0,7.769113401934004e-07,7.856615692687982e-07,True,292,0.9378669261932373,order10_rho1.00,1.0,10,1.0,800
True,4,4,0.479466391707366,0.9195520831075252,0.8834354078488571,0.13094964671735732,-0.890148198740366,0.5241250826854016,226.33476308235146,1.76443663859672e-44,inconclusive,True,1.0,1.0,9.552141363880595e-07,8.795717239056313e-07,True,293,0.9911611080169678,order10_rho1.00,1.0,10,1.0,800
True,4,4,0.48979872842802646,0.9596111774788465,0.9247754734100518,0.13172192945124828,-0.5710858237753765,0.5341906885225967,237.15691590482587,9.055850607509106e-47,inconclusive,True,1.0,1.0,7.064935784080486e-07,7.23152382197509e-07,True,294,0.989130973815918,order10_rho1.00,1.0,10,1.0,800
True,4,4,0.5476009381140011,1.1994671496933362,1.168670170223076,0.13680213844545736,1.2329498072160934,0.5902731706209854,356.4305296437493,3.838029918879631e-72,inconclusive,True,1.0,1.0,9.99823742127594e-07,8.292434872503185e-07,True,295,1.0157430171966553,order10_rho1.00,1.0,10,1.0,800
True,4,4,0.541535755756766,1.1730438990522072,1.1406791973356196,0.14615772484524736,0.9625163328491297,0.5875983452057834,298.2858909786394,9.538132516845029e-60,inconclusive,True,1.0,1.0,8.843008602378186e-07,6.761110687212895e-07,True,296,1.0311570167541504,order10_rho1.00,1.0,10,1.0,800
True,4,4,0.5550227189252638,1.2322008740927695,1.1961774083334429,0.1610463949204785,1.218142190828372,0.6043747089194441,272.74349974990844,2.5710584730545303e-54,inconclusive,True,1.0,1.0,8.750334131670255e-07,8.906604979220309e-07,True,297,1.069939136505127,order10_rho1.00,1.0,10,1.0,800
True,4,4,0.5292990593164849,1.1206299767732633,1.0844930862474724,0.14506651931767525,0.5824437412911553,0.5751317841800209,258.38905719836316,2.8657172474386734e-51,inconclusive,True,1.0,1.0,9.91153043383962e-07,9.425886463785291e-07,True,298,1.0841352939605713,order10_rho1.00,1.0,10,1.0,800
True,4,4,0.4711430910171254,0.8879032488526852,0.8556168633254003,0.12396045765941512,-1.1647515619157882,0.5146634025518654,238.65496592033665,4.362810325365427e-47,inconclusive,True,1.0,1.0,9.14205120639711e-07,7.816088791057805e-07,True,299,0.9833097457885742,order10_rho1.00,1.0,10,1.0,800
True,4,4,0.4980662304047261,0.9922798794782948,0.9586958995916977,0.12725254528773305,-0.3245836876182625,0.5403720269978434,271.1057704570629,5.727321184039699e-54,inconclusive,True,1.0,1.0,7.742300975336967e-07,8.994027221805185e-07,True,300,1.002821922302246,order10_rho1.00,1.0,10,1.0,800
True,4,4,0.5665386890821013,1.2838643449074634,1.2511567917388946,0.1538869387831425,1.6320864767660679,0.6132451143581997,321.85588440105823,9.114791723896061e-65,inconclusive,True,1.0,1.0,6.836927539827095e-07,8.469680811688963e-07,True,301,0.9907619953155518,order10_rho1.00,1.0,10,1.0,800
True,4,4,0.46537061191553747,0.8662792257385672,0.8309229071150485,0.12927873983154606,-1.3078491723021426,0.5107757607832136,232.3638636951339,9.361689293038687e-46,inconclusive,True,1.0,1.0,6.571235260616247e-07,8.52532299892433e-07,True,302,1.0305871963500977,order10_rho1.00,1.0,10,1.0,800
True,4,4,0.4989573380109905,0.9958337006200553,0.9614989855785828,0.1371835451206498,-0.280653298378872,0.544781111394371,236.90546517313388,1.0236716996119756e-46,inconclusive,True,1.0,1.0,6.846257486712418e-07,9.994144593268253e-07,True,303,1.0158281326293945,order10_rho1.00,1.0,10,1.0,800
True,4,4,0.4872430642152198,0.9496232145033472,0.9156735560442815,0.13346597171933494,-0.6318198029760596,0.5327301248524979,245.35837702034365,1.6593180681308387e-48,inconclusive,True,1.0,1.0,8.325027360497272e-07,8.569236587230168e-07,True,304,1.020371913909912,order10_rho1.00,1.0,10,1.0,800
True,4,4,0.5411155724589478,1.171224251030299,1.1367830483348678,0.1388690315432723,0.9849787732713141,0.5842093542857855,300.07228898736435,3.974469284012869e-60,inconclusive,True,1.0,1.0,7.955242163858623e-07,9.044851886996949e-07,True,305,0.9985711574554443,order10_rho1.00,1.0,10,1.0,800
True,4,4,0.5646074398573739,1.2751262445691924,1.2406140455839023,0.15331933642731832,1.5693652946245722,0.6109013652358639,301.72964015576144,1.7640795000148514e-60,inconclusive,True,1.0,1.0,9.018173232655554e-07,9.420558230433173e-07,True,306,1.01124906539917,order10_rho1.00,1.0,10,1.0,800
True,4,4,0.5278210246961995,1.114380136445384,1.0823158627628509,0.1408078981340141,0.5845969143329348,0.5731326732773131,270.8730334253503,6.417695246681637e-54,inconclusive,True,1.0,1.0,8.296730259999133e-07,9.550375125505086e-07,True,307,0.983618974685669,order10_rho1.00,1.0,10,1.0,800
True,4,4,0.4933112477884955,0.9734239487785695,0.9422876543146348,0.12163597648805119,-0.47446773028565714,0.5344064537898073,284.6658666337287,7.525630513556186e-57,inconclusive,True,1.0,1.0,8.691438368768446e-07,6.690710753805466e-07,True,308,1.022947072982788,order10_rho1.00,1.0,10,1.0,800
True,4,4,0.48632281856950715,0.9460395354455592,0.907030756889446,0.13573621767028568,-0.6849258415052042,0.5315771267730324,231.05322270808887,1.7727633623048566e-45,inconclusive,True,1.0,1.0,9.92007503175902e-07,9.483914148330236e-07,True,309,1.1146471500396729,order10_rho1.00,1.0,10,1.0,800
True,4,4,0.5168736215417294,1.068633362582652,1.0392181110606014,0.12776239810113085,0.3069612941168974,0.5588757811368427,301.6894174929387,1.7992017186495515e-60,inconclusive,True,1.0,1.0,9.039441209473112e-07,9.430011676721105e-07,True,310,1.0569980144500732,order10_rho1.00,1.0,10,1.0,800
True,4,4,0.6000439792709383,1.4402111082372089,1.3989667452515464,0.17783401446592106,2.2434782594867517,0.6502841050150998,290.204008887436,4.998949397912273e-58,meaningfully_different,True,1.0,1.0,7.228797408947055e-07,7.939332995304779e-07,True,311,1.1679511070251465,order10_rho1.00,1.0,10,1.0,800
True,4,4,0.520752270895777,1.0847317105724348,1.050214601580112,0.146084850270601,0.34373585958500597,0.5680014959026016,255.28490109978952,1.3051753497225518e-50,inconclusive,True,1.0,1.0,9.785233599559861e-07,9.506944796442498e-07,True,312,1.0688190460205078,order10_rho1.00,1.0,10,1.0,800
True,4,4,0.46273014463193335,0.8564767470043598,0.82424135573878,0.11492252195820366,-1.529366405004077,0.5033070838961392,259.39417411020827,1.753855880265391e-51,inconclusive,True,1.0,1.0,8.494291356328463e-07,9.993742104535008e-07,True,313,0.9989907741546631,order10_rho1.00,1.0,10,1.0,800
True,4,4,0.5279719595490184,1.1150175602801213,1.0819805676520504,0.13965231569845626,0.5870333566760658,0.5726447820509736,294.3137984883561,6.677973524388228e-59,inconclusive,True,1.0,1.0,9.411493592626395e-07,9.939622688718775e-07,True,314,0.9890551567077637,order10_rho1.00,1.0,10,1.0,800
True,4,4,0.5561851367750298,1.2373676254778343,1.1996085539120949,0.15395519094229032,1.2965366915553862,0.6026695421459275,292.2156948364909,1.8663145798656876e-58,inconclusive,True,1.0,1.0,8.34851527747804e-07,9.070817087971962e-07,True,315,1.020754098892212,order10_rho1.00,1.0,10,1.0,800
True,4,4,0.5634230432725603,1.2697821027620537,1.237132283582979,0.1583669875435898,1.4973593124495685,0.6118869988473017,304.56097737587686,4.403410071952268e-61,inconclusive,True,1.0,1.0,7.75215403928132e-07,8.76643057375052e-07,True,316,0.983314037322998,order10_rho1.00,1.0,10,1.0,800
True,4,4,0.5188900725995967,1.076987629769659,1.0409424410634147,0.14532324508570107,0.28173360042483114,0.5656805432006187,262.01361869205965,4.877289109119733e-52,inconclusive,True,1.0,1.0,7.208313050016769e-07,7.914639666268537e-07,True,317,1.0040440559387207,order10_rho1.00,1.0,10,1.0,800
True,4,4,0.542460959693857,1.1770555711679211,1.1482553945374605,0.12992574760228712,1.141077863883315,0.5835161162546121,350.2449921514715,8.027895337020055e-71,inconclusive,True,1.0,1.0,8.933486743940926e-07,9.141549345425178e-07,True,318,0.9414358139038086,order10_rho1.00,1.0,10,1.0,800
True,4,4,0.5227390830041011,1.093024595599874,1.059967708102804,0.14203126835538318,0.4222148319675355,0.5686801286746518,283.61274926094865,1.2601716676484543e-56,inconclusive,True,1.0,1.0,7.628805622133843e-07,7.321262357349287e-07,True,319,0.977834939956665,order10_rho1.00,1.0,10,1.0,800
True,4,4,0.49909192399847124,0.9963709944019832,0.9634517346896566,0.13707699544793722,-0.26662581267492597,0.5451888039532283,238.71312930487508,4.2408325348916156e-47,inconclusive,True,1.0,1.0,7.1827340632888e-07,7.918092066833621e-07,True,320,0.9720120429992676,order10_rho1.00,1.0,10,1.0,800
True,4,4,0.5308916086178803,1.1273836004035223,1.0920085442728855,0.1419680554282527,0.6480932910952244,0.5756572798018137,287.0298761486301,2.365396581835957e-57,inconclusive,True,1.0,1.0,7.894089516858919e-07,9.845512437861462e-07,True,321,0.9922049045562744,order10_rho1.00,1.0,10,1.0,800
True,4,4,0.49710789552866597,0.9884650391877563,0.9531462047115058,0.1438453822591028,-0.3257233186957534,0.5453784932137983,234.4993227032203,3.307205854888366e-46,inconclusive,True,1.0,1.0,9.333712510902237e-07,9.477158787475968e-07,True,322,0.9790599346160889,order10_rho1.00,1.0,10,1.0,800
True,4,4,0.5007553564351591,1.003023707994013,0.9693257559221294,0.13594068825608416,-0.22564431938204274,0.5461062831652893,253.79759030955472,2.698246789806416e-50,inconclusive,True,1.0,1.0,9.222497795093718e-07,9.48536465463963e-07,True,323,0.9794249534606934,order10_rho1.00,1.0,10,1.0,800
True,4,4,0.49532115132378407,0.9813721717948759,0.9497232448944091,0.12486242998472193,-0.4026571892901873,0.5373787457940519,265.88463504326387,7.354620079954862e-53,inconclusive,True,1.0,1.0,7.861846898978387e-07,8.146132760092583e-07,True,324,0.9508979320526123,order10_rho1.00,1.0,10,1.0,800
True,4,4,0.4484553586397121,0.8044488347706911,0.7670789444322326,0.11501516015275495,-2.0251335150811274,0.4889432604515313,218.63722105055822,7.471941579829348e-43,equivalent,True,1.0,1.0,7.60082449538718e-07,9.711568311186027e-07,True,325,0.99397873878479,order10_rho1.00,1.0,10,1.0,800
True,4,4,0.4820064850615791,0.9293210065656732,0.8960632718222652,0.12796733570000474,-0.8122129573862102,0.5259635938160869,244.42563861779888,2.615469548004312e-48,inconclusive,True,1.0,1.0,9.858195170487985e-07,8.560414706764786e-07,True,326,0.9764690399169922,order10_rho1.00,1.0,10,1.0,800
True,4,4,0.4939738780754804,0.9760407688837182,0.942786724603135,0.1280370094480084,-0.4468495136173692,0.5369797165577372,279.31858545729864,1.0307658416062407e-55,inconclusive,True,1.0,1.0,6.4441982503116e-07,7.280231699656914e-07,True,327,0.9720680713653564,order10_rho1.00,1.0,10,1.0,800
True,4,4,0.5265511485090576,1.1090244479848304,1.0750133913787578,0.13555305311557625,0.5533876932657457,0.5696442579453116,290.8738060469792,3.6009487325255195e-58,inconclusive,True,1.0,1.0,8.485326900901649e-07,9.146368679183935e-07,True,328,0.9627408981323242,order10_rho1.00,1.0,10,1.0,800
True,4,4,0.5621356009950949,1.2639857356244657,1.2288273294887895,0.15530409802170583,1.47341462590902,0.6091551194893259,301.48245815667565,1.9912802551094047e-60,inconclusive,True,1.0,1.0,8.768753560455083e-07,8.257481153493494e-07,True,329,0.9756269454956055,order10_rho1.00,1.0,10,1.0,800
True,4,4,0.5608373412065715,1.2581540931666249,1.2250279486444642,0.1413710121245031,1.5917545277690013,0.6036477803080315,350.55361549114673,6.89804394986188e-71,inconclusive,True,1.0,1.0,9.453413493352672e-07,9.631534638702592e-07,True,330,0.9677610397338867,order10_rho1.00,1.0,10,1.0,800
True,4,4,0.5067615313204135,1.0272289985048415,0.9904883472633604,0.13402472856851946,-0.0709693863082646,0.5502134604293311,264.90164148742963,1.1891193379764747e-52,inconclusive,True,1.0,1.0,9.681309673787625e-07,7.741303849204307e-07,True,331,1.0073201656341553,order10_rho1.00,1.0,10,1.0,800
True,4,4,0.48889633217202366,0.9560784944450309,0.9244493621329254,0.12147484553040586,-0.6219447123986163,0.5301550957943777,279.2231401671466,1.0800494235548836e-55,inconclusive,True,1.0,1.0,9.197266922385147e-07,9.13420611321315e-07,True,332,0.9406242370605469,order10_rho1.00,1.0,10,1.0,800
True,4,4,0.517729603266489,1.0721757683939042,1.0377274862087273,0.13307760067736532,0.28349989792943625,0.5604954639309964,294.44782162431676,6.253613657679556e-59,inconclusive,True,1.0,1.0,9.958070658332602e-07,9.933049482695858e-07,True,333,0.9668281078338623,order10_rho1.00,1.0,10,1.0,800
True,4,4,0.4971353617541955,0.9885742716258993,0.9557577068878045,0.13071117724880563,-0.3384736794771679,0.541007962249309,243.4957926088993,4.1165965705763775e-48,inconclusive,True,1.0,1.0,9.166655780052091e-07,7.640255411041296e-07,True,334,0.9541347026824951,order10_rho1.00,1.0,10,1.0,800
True,4,4,0.4722331813442646,0.8920167102501004,0.8604495042578909,0.12165637702533609,-1.1470873878896326,0.5149166042306731,237.746105786916,6.795066218284214e-47,inconclusive,True,1.0,1.0,8.143920240779507e-07,9.227815119578285e-07,True,335,0.9444711208343506,order10_rho1.00,1.0,10,1.0,800
True,4,4,0.4614717335210005,0.8518246433555092,0.8163910247753098,0.11581504510718184,-1.5853637586961868,0.501719498767839,272.2658714134095,3.2475877944879046e-54,inconclusive,True,1.0,1.0,6.36646523123686e-07,9.482211565889003e-07,True,336,0.9894740581512451,order10_rho1.00,1.0,10,1.0,800
True,4,4,0.5545086776370682,1.2299194942992404,1.1955891942946064,0.1520903600480612,1.2860065176569995,0.6011978822825341,328.32364728039715,3.811110707213432e-66,inconclusive,True,1.0,1.0,8.025244017314991e-07,9.239140692853122e-07,True,337,0.9749279022216797,order10_rho1.00,1.0,10,1.0,800
True,4,4,0.5274325583407385,1.1127404143914263,1.0740934741843036,0.1589162478581555,0.46624228285604546,0.5778164589329621,238.5668647430517,4.554285659415068e-47,inconclusive,True,1.0,1.0,7.921051623449515e-07,8.022004967162699e-07,True,338,1.0068621635437012,order10_rho1.00,1.0,10,1.0,800
True,4,4,0.4850747594829134,0.9411900891496252,0.9095321964978423,0.12562381047595078,-0.7201485383973182,0.5282435462905993,259.87502556384754,1.3866683119191837e-51,inconclusive,True,1.0,1.0,8.983455133895778e-07,8.077968850929849e-07,True,339,0.9369862079620361,order10_rho1.00,1.0,10,1.0,800
True,4,4,0.5218864736609039,1.0894619655608535,1.0603139997487574,0.13036223795169255,0.46266465424678843,0.5645220986952393,307.6899020517286,9.496884736711582e-62,inconclusive,True,1.0,1.0,7.597766395754463e-07,6.948749969212629e-07,True,340,0.9227440357208252,order10_rho1.00,1.0,10,1.0,800
True,4,4,0.4891562532140787,0.9570953602337434,0.9256291261349562,0.12275152371507095,-0.6058651788117303,0.5309278235154733,265.72190216099995,7.963530001085928e-53,inconclusive,True,1.0,1.0,7.949266000488718e-07,7.550767286215919e-07,True,341,0.9609839916229248,order10_rho1.00,1.0,10,1.0,800
True,4,4,0.4840756756702978,0.9373170391026214,0.9069578130904488,0.12466788034849828,-0.7463204367432883,0.5272613745207466,261.3415654522116,6.773180369806156e-52,inconclusive,True,1.0,1.0,9.336047463443555e-07,9.211654833588012e-07,True,342,0.9675121307373047,order10_rho1.00,1.0,10,1.0,800
True,4,4,0.4999287432281464,0.9997149932226956,0.9653854374582381,0.13874931359354867,-0.2494755587992424,0.5462617845775992,250.9986679082309,1.0581009112529748e-49,inconclusive,True,1.0,1.0,7.351006089619711e-07,7.906142312227519e-07,True,343,0.992790699005127,order10_rho1.00,1.0,10,1.0,800
True,4,4,0.5052084606236297,1.0209423547427905,0.9851084068548458,0.1348856191636981,-0.11040163686450269,0.5493121850914673,259.419165031785,1.7325737760047125e-51,inconclusive,True,1.0,1.0,9.483810055795059e-07,9.85829236823007e-07,True,344,1.014768123626709,order10_rho1.00,1.0,10,1.0,800
True,4,4,0.5390048556725275,1.162104937754249,1.1262302625777443,0.15121884590208623,0.8347521886225611,0.5862941091558073,272.8703986523641,2.4163385450091318e-54,inconclusive,True,1.0,1.0,8.548231244569681e-07,9.559407874033622e-07,True,345,1.0170190334320068,order10_rho1.00,1.0,10,1.0,800
True,4,4,0.4955126400169395,0.9821311056662283,0.9503423029861908,0.13074507907474275,-0.37980547616190946,0.5397681957350624,254.9996110141956,1.5002840479030056e-50,inconclusive,True,1.0,1.0,8.370325331491628e-07,9.299375391270011e-07,True,346,0.9796068668365479,order10_rho1.00,1.0,10,1.0,800
True,4,4,0.540838433690821,1.170024845428562,1.135989100436397,0.15259787691627946,0.8911598456314387,0.588852755735089,259.03889353243574,2.0862687738765565e-51,inconclusive,True,1.0,1.0,9.8579598796369e-07,8.884164873646569e-07,True,347,0.9857521057128906,order10_rho1.00,1.0,10,1.0,800
True,4,4,0.5411308186750226,1.1712902516796007,1.1404650398802911,0.1423689567883174,0.9866268816533008,0.58622545467142,324.82819207298377,2.1194373873482973e-65,inconclusive,True,1.0,1.0,6.854966758488751e-07,5.267497497396867e-07,True,348,0.972343921661377,order10_rho1.00,1.0,10,1.0,800
True,4,4,0.526683612547238,1.1095825109032365,1.0770616761368117,0.13657040964516676,0.5642633447247547,0.5704603425690327,308.79269589986654,5.530232817713902e-62,inconclusive,True,1.0,1.0,9.548010225235043e-07,9.193865243785416e-07,True,349,0.951303243637085,order10_rho1.00,1.0,10,1.0,800
True,4,4,0.4872987486980491,0.9498402819307377,0.9151372793821231,0.13461654621108446,-0.6304033419844881,0.5330482608697606,211.33118848762,2.606468784241707e-41,inconclusive,True,1.0,1.0,9.055306920269296e-07,9.019641019838322e-07,True,350,0.9588189125061035,order10_rho1.00,1.0,10,1.0,800
True,4,4,0.5220298793586545,1.0900607797728454,1.0552002154659141,0.13797093396262247,0.40008582880846744,0.5661585923149572,287.36124245308827,2.0111358771333538e-57,inconclusive,True,1.0,1.0,7.012170185729514e-07,8.483801259417914e-07,True,351,0.9770939350128174,order10_rho1.00,1.0,10,1.0,800
True,4,4,0.5101124786342384,1.040858963433465,1.0085304886012088,0.13271769796493715,0.06427544127130981,0.5538121693000899,285.13206765442624,5.989982601335204e-57,inconclusive,True,1.0,1.0,8.275025199504906e-07,6.785303182175838e-07,True,352,0.9738309383392334,order10_rho1.00,1.0,10,1.0,800
True,4,4,0.544639738121221,1.186529777363009,1.1534025031588637,0.14623883080320965,1.0489861161793208,0.5903270225914331,306.1049858495417,2.0656510408737778e-61,inconclusive,True,1.0,1.0,7.782982985643178e-07,9.579253996856813e-07,True,353,0.9750111103057861,order10_rho1.00,1.0,10,1.0,800
True,4,4,0.5521164671954644,1.219330373393601,1.184853961784624,0.14589397305557122,1.267043167809358,0.5968308371128792,303.9625104643908,5.904713356613427e-61,inconclusive,True,1.0,1.0,9.260435526218699e-07,9.990985550562077e-07,True,354,0.9829568862915039,order10_rho1.00,1.0,10,1.0,800
True,4,4,0.5427672881035489,1.1783853161411235,1.140080913811499,0.14927502890403033,0.9384082176367062,0.5885610602387783,282.2479489414221,2.4578320549167076e-56,inconclusive,True,1.0,1.0,9.646581735642743e-07,8.838174253216885e-07,True,355,0.9984369277954102,order10_rho1.00,1.0,10,1.0,800
True,4,4,0.5420531766836212,1.1752865854112202,1.1412828823704995,0.14130881954724964,0.9998164504039219,0.5860279871138886,326.850461712988,7.854644789838944e-66,inconclusive,True,1.0,1.0,8.965300475869197e-07,6.360839487148063e-07,True,356,0.9635031223297119,order10_rho1.00,1.0,10,1.0,800
True,4,4,0.5080008384158227,1.0322594073247149,0.9983947110002804,0.13404032765072166,-0.011976164396602956,0.5520125519619852,261.7577524678312,5.5268286683779425e-52,inconclusive,True,1.0,1.0,9.897146534170684e-07,8.167305528213762e-07,True,357,0.9435279369354248,order10_rho1.00,1.0,10,1.0,800
True,4,4,0.5748495524611417,1.3218080318590992,1.2875725129331965,0.16207306220564494,1.7743387396994619,0.623329563139212,303.7001216265937,6.715187068193377e-61,meaningfully_different,True,1.0,1.0,9.895798976316262e-07,8.796759828936129e-07,True,358,0.9796020984649658,order10_rho1.00,1.0,10,1.0,800
True,4,4,0.5689320923591074,1.2947349028644473,1.2579073133110632,0.16668326433814684,1.5472897914205235,0.6188854670312139,266.85626367527504,4.573938294962155e-53,inconclusive,True,1.0,1.0,7.802275547346262e-07,8.405337666291331e-07,True,359,0.9842932224273682,order10_rho1.00,1.0,10,1.0,800
True,4,4,0.4848323026196907,0.9402494466540452,0.9089648033880907,0.12683966725473436,-0.7177186646909257,0.5285824179145004,255.19490512786984,1.3638150498142047e-50,inconclusive,True,1.0,1.0,9.987093782782524e-07,8.505974059331385e-07,True,360,0.954719066619873,order10_rho1.00,1.0,10,1.0,800
True,4,4,0.5562168579085722,1.2375087720867393,1.204472565788754,0.14730675344506883,1.3880732621332432,0.6014088903290593,343.15972939772143,2.610204831140372e-69,inconclusive,True,1.0,1.0,9.401814864009835e-07,9.508314070855285e-07,True,361,0.9513442516326904,order10_rho1.00,1.0,10,1.0,800
True,4,4,0.47576656917040044,0.9054153133606937,0.8724058756009767,0.12749014724289146,-1.000815570131343,0.5201222228221998,230.86973038879805,1.9385167306435434e-45,inconclusive,True,1.0,1.0,9.283848993786087e-07,8.296577479003919e-07,True,362,0.9537360668182373,order10_rho1.00,1.0,10,1.0,800
True,4,4,0.4882470693924002,0.953540803081069,0.9191003518810896,0.13218788035363804,-0.6120050333092725,0.5330408207444807,218.2436132571645,9.048536317296333e-43,inconclusive,True,1.0,1.0,8.003127111455128e-07,8.535399913114693e-07,True,363,0.9547100067138672,order10_rho1.00,1.0,10,1.0,800
True,4,4,0.47695623305035256,0.9099489929823289,0.8735098616079044,0.1254039858946721,-1.008661227868273,0.5195625714581755,244.16663725790988,2.96770813861581e-48,inconclusive,True,1.0,1.0,8.514782021958131e-07,9.90305361324325e-07,True,364,0.9905750751495361,order10_rho1.00,1.0,10,1.0,800
True,4,4,0.5583068960831651,1.2468263608560723,1.2107531582461732,0.15613530922490512,1.3498110023440875,0.6057171138245865,304.7275713256174,4.058088237103998e-61,inconclusive,True,1.0,1.0,9.684418496790218e-07,8.767875262768391e-07,True,365,1.0041630268096924,order10_rho1.00,1.0,10,1.0,800
True,4,4,0.5194193056977475,1.0791856605261203,1.0463940133617613,0.13448537814811923,0.3449744054008902,0.562939334071762,278.9518072227678,1.2334038170849108e-55,inconclusive,True,1.0,1.0,8.970224159482347e-07,9.681854556176939e-07,True,366,0.9747991561889648,order10_rho1.00,1.0,10,1.0,800
True,4,4,0.5578981101872493,1.2450012054020165,1.2086592201766597,0.15416182427519087,1.3535077257790278,0.6046141033694886,308.1873194954118,7.441477134429431e-62,inconclusive,True,1.0,1.0,6.901993976623527e-07,9.911529818962326e-07,True,367,0.9993877410888672,order10_rho1.00,1.0,10,1.0,800
True,4,4,0.5600815877415128,1.2547655397082158,1.219558928890247,0.15247271972539395,1.439988276497439,0.6062908202632044,280.65720650196215,5.353852936990918e-56,inconclusive,True,1.0,1.0,5.958904152266573e-07,8.989689152590344e-07,True,368,0.9892408847808838,order10_rho1.00,1.0,10,1.0,800
True,4,4,0.4568724938404571,0.8349299025119941,0.8018374972019539,0.11820684753494376,-1.676404598637708,0.49906674380795646,209.5665235234873,6.143620526227682e-41,equivalent,True,1.0,1.0,7.998926080125677e-07,8.249981312412221e-07,True,369,0.9660699367523193,order10_rho1.00,1.0,10,1.0,800
True,4,4,0.5027459538162244,1.011013976314341,0.977048927899463,0.1306373692253289,-0.17568535126384896,0.5458773393549927,265.4254350326705,9.205327176433354e-53,inconclusive,True,1.0,1.0,6.337139043540405e-07,8.859053664622836e-07,True,370,0.9806308746337891,order10_rho1.00,1.0,10,1.0,800
True,4,4,0.5491848543364052,1.2064160169299945,1.1733674611548932,0.1445691105669702,1.1992012711082045,0.5939618015950442,302.77850507634594,1.0549967350799498e-60,inconclusive,True,1.0,1.0,9.690062782639747e-07,9.41252747507703e-07,True,371,0.9733462333679199,order10_rho1.00,1.0,10,1.0,800
True,4,4,0.45080544184692256,0.8129021855951962,0.7782239667095119,0.1367244439007837,-1.622065718193182,0.5007783102712814,167.97229702722444,3.4304737718744496e-32,inconclusive,True,1.0,1.0,9.4296367224177e-07,9.93086385906969e-07,True,372,1.0126419067382812,order10_rho1.00,1.0,10,1.0,800
True,4,4,0.520066891757381,1.0818782876087336,1.049091747474074,0.13939520043189355,0.35217674153752143,0.5653265535255048,282.275261461226,2.4251942912446197e-56,inconclusive,True,1.0,1.0,9.165688389117732e-07,9.409075793649126e-07,True,373,0.9727139472961426,order10_rho1.00,1.0,10,1.0,800
True,4,4,0.5193427604203472,1.0788676112041045,1.045385191980829,0.14292497954366143,0.3175455551978199,0.5657905670310317,247.56371683999643,5.657299116496407e-49,inconclusive,True,1.0,1.0,7.828019185720585e-07,7.221599376426492e-07,True,374,0.9863669872283936,order10_rho1.00,1.0,10,1.0,800
True,4,4,0.5283394368223715,1.1165702420071226,1.0806184949107172,0.14430720381868115,0.5586588387646436,0.5740171431471146,270.2034894719229,8.903653860730763e-54,inconclusive,True,1.0,1.0,9.425851666619924e-07,9.627815214230753e-07,True,375,0.9918210506439209,order10_rho1.00,1.0,10,1.0,800
True,4,4,0.5460350316263305,1.1926170230526711,1.1580120002072745,0.15173919747260162,1.041339369386117,0.5932117601499461,269.12373759780303,1.5095779289695202e-53,inconclusive,True,1.0,1.0,6.365535262888616e-07,9.319176070933234e-07,True,376,1.0052170753479004,order10_rho1.00,1.0,10,1.0,800
True,4,4,0.5049641158882686,1.0199550333392833,0.984718272176111,0.13231141864053533,-0.11549817831979074,0.5482588779523069,282.7662246486472,1.9071429271939683e-56,inconclusive,True,1.0,1.0,9.464935807693245e-07,9.670508841206553e-07,True,377,1.0002329349517822,order10_rho1.00,1.0,10,1.0,800
True,4,4,0.5464359405142385,1.1943689483427216,1.1627869968245519,0.14483344364403503,1.123959996591963,0.5918227800419469,296.4442106981775,2.351605993159351e-59,inconclusive,True,1.0,1.0,9.0956273810303e-07,8.162256075725867e-07,True,378,0.9516599178314209,order10_rho1.00,1.0,10,1.0,800
True,4,4,0.5067974921035725,1.0273747920098826,0.9907350196874055,0.15185647663544308,-0.0610114268279556,0.5568924258906036,229.02403345573484,4.763119414111837e-45,inconclusive,True,1.0,1.0,7.543638354456841e-07,9.744991008357414e-07,True,379,0.9956212043762207,order10_rho1.00,1.0,10,1.0,800
True,4,4,0.5959501616179095,1.42062638052965,1.3862660211042634,0.15623668782518715,2.472313171004083,0.6409470539241926,361.41725311746063,3.305640668865619e-73,meaningfully_different,True,1.0,1.0,8.507465044819871e-07,7.573825045638655e-07,True,380,1.0019161701202393,order10_rho1.00,1.0,10,1.0,800
True,4,4,0.4706266472033549,0.8859577642314842,0.8503825265950211,0.12600570351442758,-1.1873865168956244,0.5142089713913253,237.5903223931133,7.331196788084954e-47,inconclusive,True,1.0,1.0,5.730935780748432e-07,7.628545120938506e-07,True,381,1.007101058959961,order10_rho1.00,1.0,10,1.0,800
True,4,4,0.5166332686497508,1.0676397371029023,1.0340702863187963,0.13385440217247907,0.25453243050530944,0.559964549149234,283.3069772616584,1.463631688968799e-56,inconclusive,True,1.0,1.0,8.91550562068289e-07,9.244931136403028e-07,True,382,1.0023481845855713,order10_rho1.00,1.0,10,1.0,800
True,4,4,0.5026324428376251,1.0105574903716739,0.9782789360305507,0.1291900528599666,-0.1681326347392509,0.5456137972603239,267.42427810307936,3.4649497178226337e-53,inconclusive,True,1.0,1.0,9.485532548173329e-07,9.246161159369409e-07,True,383,0.9804422855377197,order10_rho1.00,1.0,10,1.0,800
True,4,4,0.5800410481695703,1.345790470246615,1.310908566604485,0.15251391066204922,2.0385587469028814,0.6248543081626128,350.92178311191145,5.7562435662839085e-71,meaningfully_different,True,1.0,1.0,7.692992258618154e-07,8.197121782706801e-07,True,384,1.0281739234924316,order10_rho1.00,1.0,10,1.0,800
True,4,4,0.4723788101430652,0.8925669610887121,0.857946777413493,0.12843517015618588,-1.1060305554449037,0.5170115648786362,213.39992153126113,9.536833711695848e-42,inconclusive,True,1.0,1.0,8.594062050545213e-07,9.198033868717123e-07,True,385,0.9847171306610107,order10_rho1.00,1.0,10,1.0,800
True,4,4,0.5132598546370065,1.0537427135280042,1.0214025543795229,0.13376216698456636,0.160004542853977,0.5570955348710344,262.98310736312493,3.0369087028066052e-52,inconclusive,True,1.0,1.0,9.103043489365327e-07,7.981163855404523e-07,True,386,0.9890351295471191,order10_rho1.00,1.0,10,1.0,800
True,4,4,0.5303017375930325,1.124879731576758,1.0931605080663753,0.13680679186026024,0.68096405740976,0.5740617684207248,297.9972032568736,1.098747860905746e-59,inconclusive,True,1.0,1.0,8.191079474872052e-07,9.291186665743068e-07,True,387,0.9664497375488281,order10_rho1.00,1.0,10,1.0,800
True,4,4,0.5186692028867723,1.0760709680927993,1.0437533274902908,0.13511155843855416,0.3238311214520473,0.5625815639600653,296.4712502948757,2.3206573043653184e-59,inconclusive,True,1.0,1.0,9.684065034984061e-07,7.241017785803886e-07,True,388,0.9776208400726318,order10_rho1.00,1.0,10,1.0,800
True,4,4,0.538226300543439,1.1587502023867056,1.1228968486035749,0.1510058105677183,0.813855096976298,0.5855081775275717,267.39699862969735,3.5114677875855285e-53,inconclusive,True,1.0,1.0,9.836896117634582e-07,8.583498872555869e-07,True,389,1.0569581985473633,order10_rho1.00,1.0,10,1.0,800
True,4,4,0.5098744107603443,1.0398876589928334,1.0069319510778887,0.13839986391713324,0.050086400966688704,0.5555581583442852,249.09553722417056,2.67886107887473e-49,inconclusive,True,1.0,1.0,7.66773794684561e-07,9.298899609524486e-07,True,390,1.032438039779663,order10_rho1.00,1.0,10,1.0,800
True,4,4,0.514531835997768,1.0589720410209358,1.0250332281349541,0.13948772892953468,0.17946545066770864,0.5600156526785486,264.6900927204398,1.3186504966265434e-52,inconclusive,True,1.0,1.0,9.807969098315084e-07,7.813935086376455e-07,True,391,1.0440342426300049,order10_rho1.00,1.0,10,1.0,800
True,4,4,0.5295630741022866,1.1217481978106556,1.0884155692717459,0.1470169921092365,0.6013969406070516,0.5766795041368558,248.63899794469108,3.347462310109325e-49,inconclusive,True,1.0,1.0,6.629934784306299e-07,7.868105093276768e-07,True,392,1.039085865020752,order10_rho1.00,1.0,10,1.0,800
True,4,4,0.5434403046739509,1.181309458976466,1.1468062055091497,0.14774989009823475,0.9936129591131497,0.5894559245861629,278.67723881881875,1.410760482552013e-55,inconclusive,True,1.0,1.0,8.760339253865285e-07,9.72284866242235e-07,True,393,1.0021789073944092,order10_rho1.00,1.0,10,1.0,800
True,4,4,0.5413786093690769,1.172363194729582,1.138959525823753,0.14743158960736683,0.9425356274989898,0.5876782518344225,286.47368213101106,3.105779272918715e-57,inconclusive,True,1.0,1.0,9.929933355937884e-07,8.612485978899979e-07,True,394,1.0037627220153809,order10_rho1.00,1.0,10,1.0,800
True,4,4,0.5120027491884324,1.048587260706051,1.0149371875917688,0.1440031222119866,0.10372822034913778,0.5594196201096479,250.73733530942343,1.2020662788384698e-49,inconclusive,True,1.0,1.0,7.717849434146903e-07,9.526250981068066e-07,True,395,0.9832117557525635,order10_rho1.00,1.0,10,1.0,800
True,4,4,0.5477723144423075,1.2002180338779285,1.1663000593095927,0.14891509260433447,1.116744155352002,0.5939788694658351,300.7082496236219,2.9101938400772323e-60,inconclusive,True,1.0,1.0,8.94170212119839e-07,8.887295266647044e-07,True,396,1.000917911529541,order10_rho1.00,1.0,10,1.0,800
True,4,4,0.5436897461074451,1.1823941600895127,1.147657560731221,0.1499693614843146,0.9845848463298588,0.5904098595256291,285.5286363163985,4.9329852108948274e-57,inconclusive,True,1.0,1.0,8.522507435565954e-07,9.351578998911771e-07,True,397,0.9935250282287598,order10_rho1.00,1.0,10,1.0,800
True,4,4,0.5715358238591665,1.3066127918175048,1.2749726849013332,0.14106913178049865,1.9492051976982914,0.6138018324266761,373.0717917213795,1.0706040906957864e-75,meaningfully_different,True,1.0,1.0,9.595296187887056e-07,7.687157862749208e-07,True,398,0.9557549953460693,order10_rho1.00,1.0,10,1.0,800
True,4,4,0.4982378603933407,0.9929638621173363,0.9611296378603648,0.12623588229831584,-0.3079184890376753,0.5405481446435111,268.57561843294286,1.9735209550549283e-53,inconclusive,True,1.0,1.0,7.408493183118796e-07,8.848623965214891e-07,True,399,0.9619548320770264,order10_rho1.00,1.0,10,1.0,800
True,4,4,0.5551393519926278,1.2327188005231786,1.199845430076168,0.15514921370491777,1.2880853554066936,0.6031258527366762,290.7460960718163,3.833368799290681e-58,inconclusive,True,1.0,1.0,6.259569524482217e-07,9.055143333343215e-07,True,400,0.9864151477813721,order10_rho1.00,1.0,10,1.0,800
True,4,4,0.5253075123067543,1.1037919299436432,1.0701529546435016,0.1388809566054434,0.5051301226474412,0.5697788605745335,276.0218445822143,5.1722709986629035e-55,inconclusive,True,1.0,1.0,9.592658071595279e-07,8.429575139520892e-07,True,401,0.9865279197692871,order10_rho1.00,1.0,10,1.0,800
True,4,4,0.4919675665241179,0.9681283460466494,0.9365804081348251,0.1178007685028013,-0.5383631420338888,0.531588522605673,282.01703857676563,2.7519150517843206e-56,inconclusive,True,1.0,1.0,9.801483857227042e-07,8.607598946482025e-07,True,402,0.9515566825866699,order10_rho1.00,1.0,10,1.0,800
True,4,4,0.5104634823256768,1.0422918671522265,1.0087044878345601,0.13226866907931625,0.06580914357987826,0.5536847225411131,283.06772490263376,1.6454772151159308e-56,inconclusive,True,1.0,1.0,9.830150068164717e-07,8.698062170963004e-07,True,403,0.9705672264099121,order10_rho1.00,1.0,10,1.0,800
True,4,4,0.5363719805800446,1.1507796062054394,1.1158738901789766,0.14436380474684685,0.8026519554688276,0.5816638243043274,280.74240409106915,5.135214963248007e-56,inconclusive,True,1.0,1.0,7.90939329862358e-07,9.027931262231656e-07,True,404,0.9940040111541748,order10_rho1.00,1.0,10,1.0,800
True,4,4,0.5023374799720872,1.0093717751388287,0.9766939550205211,0.13142016914937207,-0.17733994051544114,0.5460908571154716,257.09047252764196,5.40386307207928e-51,inconclusive,True,1.0,1.0,9.085413188306943e-07,8.15257761992841e-07,True,405,0.9559497833251953,order10_rho1.00,1.0,10,1.0,800
True,4,4,0.5402858611375269,1.167635246980476,1.1340744414568813,0.1395672943933103,0.9606436954996794,0.5838754601461518,316.0187053144208,1.59800654245417e-63,inconclusive,True,1.0,1.0,8.476735823053555e-07,8.332679324541891e-07,True,406,0.9791789054870605,order10_rho1.00,1.0,10,1.0,800
True,4,4,0.47734565377467986,0.9114354927103061,0.8780332125635246,0.12731840799844335,-0.9579666393406883,0.5214051586188642,253.17401640342982,3.658553551298189e-50,inconclusive,True,1.0,1.0,7.883851579760963e-07,9.525183079265525e-07,True,407,0.9795057773590088,order10_rho1.00,1.0,10,1.0,800
True,4,4,0.5009480531079397,1.0037958076505404,0.9690717783667913,0.13501652943342998,-0.22906989064963285,0.5457000564650348,266.729580750556,4.8661463307631435e-53,inconclusive,True,1.0,1.0,8.370395501058741e-07,8.718598151941433e-07,True,408,0.993034839630127,order10_rho1.00,1.0,10,1.0,800
True,4,4,0.5361398116031889,1.1497835903436116,1.1149940695161542,0.14862088097020262,0.773741003050639,0.5829780580392188,294.99475758837,4.783731022214368e-59,inconclusive,True,1.0,1.0,9.099110806882126e-07,7.884853667615035e-07,True,409,1.0423650741577148,order10_rho1.00,1.0,10,1.0,800
True,4,4,0.5630541526315322,1.2681199151824514,1.233005859017303,0.15120965429230468,1.5409456499839445,0.6086303490851567,311.34331190803414,1.5831868835797412e-62,inconclusive,True,1.0,1.0,9.387704113540493e-07,9.190554489199252e-07,True,410,1.0515189170837402,order10_rho1.00,1.0,10,1.0,800
True,4,4,0.5333922667544291,1.138029240933712,1.0989469098658806,0.16599634378846304,0.5960788509412793,0.5856591581301827,221.9708388009966,1.4759867974444177e-43,inconclusive,True,1.0,1.0,9.891208639864605e-07,9.375272769023581e-07,True,411,1.0937538146972656,order10_rho1.00,1.0,10,1.0,800
True,4,4,0.5128817223944966,1.0521906446653817,1.0201574836922471,0.13421660124837945,0.15018621768661802,0.5569838747784229,265.9529352260782,7.113136649799199e-53,inconclusive,True,1.0,1.0,6.890209074077939e-07,8.803361758185482e-07,True,412,1.027174711227417,order10_rho1.00,1.0,10,1.0,800
True,4,4,0.5249540128376449,1.1023068623773846,1.0729578898491505,0.12783150419928332,0.5707348145994793,0.566396946312832,330.01363349693065,1.6623558253170933e-66,inconclusive,True,1.0,1.0,7.783911877876648e-07,9.080805080500529e-07,True,413,0.957197904586792,order10_rho1.00,1.0,10,1.0,800
True,4,4,0.4883477082652757,0.9539339366717872,0.9230879154832301,0.12132336063989567,-0.6339429118276363,0.5297752082878416,275.59151919445674,6.384211595187297e-55,inconclusive,True,1.0,1.0,8.484963683200555e-07,8.665933992375064e-07,True,414,0.9654371738433838,order10_rho1.00,1.0,10,1.0,800
True,4,4,0.4957158734904863,0.9829369089217432,0.952414529608331,0.12800749368446057,-0.37173972415214684,0.5392049980926047,254.5208096840632,1.8954598284426165e-50,inconclusive,True,1.0,1.0,9.853649496505456e-07,6.91624405821927e-07,True,415,0.9441769123077393,order10_rho1.00,1.0,10,1.0,800
True,4,4,0.5305807634575798,1.126063786204913,1.0917313263335755,0.14664424566538048,0.6255364874179394,0.5772650270213499,262.09025505378224,4.698023883780517e-52,inconclusive,True,1.0,1.0,8.074546615118047e-07,8.328878343806682e-07,True,416,0.9921388626098633,order10_rho1.00,1.0,10,1.0,800
True,4,4,0.506043519230934,1.024320173422515,0.9937223633731742,0.12786369265803535,-0.049096318871495404,0.548643650741798,285.445926314556,5.136830783454038e-57,inconclusive,True,1.0,1.0,8.963573271884102e-07,8.926516807336014e-07,True,417,0.9340131282806396,order10_rho1.00,1.0,10,1.0,800
True,4,4,0.5193997682448223,1.0791044770111005,1.0458635050107001,0.13974188495385473,0.32820156265850486,0.5647385349243673,302.54413811764164,1.1834259036825402e-60,inconclusive,True,1.0,1.0,9.812127697232828e-07,9.149604956125615e-07,True,418,0.961327075958252,order10_rho1.00,1.0,10,1.0,800
True,4,4,0.5212448711140949,1.0867848626509975,1.053788542576652,0.1361507961735366,0.39506594223726466,0.5651850744391221,276.441144825204,4.2130309263996835e-55,inconclusive,True,1.0,1.0,6.513837533598388e-07,8.680918353124888e-07,True,419,0.9622838497161865,order10_rho1.00,1.0,10,1.0,800
True,4,4,0.5125818211679223,1.0509604935672954,1.0180955763173731,0.12693148232728127,0.14256176628202713,0.553822915153781,299.26843599976644,5.89334885281746e-60,inconclusive,True,1.0,1.0,9.847025355906474e-07,8.519342993388685e-07,True,420,0.9752919673919678,order10_rho1.00,1.0,10,1.0,800
True,4,4,0.5495716049390336,1.2081157958210607,1.1734813239478312,0.15494708280145794,1.1196165865873202,0.5975672755178616,319.4656800821784,2.9452504668791265e-64,inconclusive,True,1.0,1.0,7.598850617262534e-07,7.064707536874074e-07,True,421,0.9859912395477295,order10_rho1.00,1.0,10,1.0,800
True,4,4,0.4752624054571428,0.9034974161636384,0.8680244233739915,0.13424412419080525,-0.9831013269409657,0.5217366093025678,229.64780416509558,3.5152314821606216e-45,inconclusive,True,1.0,1.0,9.240129687695999e-07,8.2005566864513e-07,True,422,0.97745680809021,order10_rho1.00,1.0,10,1.0,800
True,4,4,0.4544686381684535,0.8261669723147549,0.789264512531492,0.12379925157690472,-1.7022355529960378,0.4982208748390721,218.0810014413095,9.793251141175711e-43,equivalent,True,1.0,1.0,9.57979289068508e-07,9.363890162676397e-07,True,423,1.0049071311950684,order10_rho1.00,1.0,10,1.0,800
True,4,4,0.5230809735653004,1.0944548196240897,1.0581558486364233,0.14408421664297028,0.40362400540046023,0.5690240098115532,254.54690699543693,1.8714582896435556e-50,inconclusive,True,1.0,1.0,9.09578479095746e-07,8.736134982268714e-07,True,424,0.9934511184692383,order10_rho1.00,1.0,10,1.0,800
True,4,4,0.532476691727439,1.1341257089319927,1.099681879688965,0.13985169415469553,0.7127684815795139,0.576566875144294,292.8660063501193,1.3572124824553667e-58,inconclusive,True,1.0,1.0,8.451238030767651e-07,9.0641569615879e-07,True,425,0.9751718044281006,order10_rho1.00,1.0,10,1.0,800
True,4,4,0.5261662114583132,1.1074035283215777,1.0749841355315084,0.14471989485522654,0.5181328773526286,0.5729369903131066,259.3899899464634,1.7574445436422143e-51,inconclusive,True,1.0,1.0,9.863826625570842e-07,9.74170865308833e-07,True,426,0.9622306823730469,order10_rho1.00,1.0,10,1.0,800
True,4,4,0.5219543079177429,1.0897451982155597,1.0551907542065526,0.15202653493578075,0.3630336916503844,0.5712381621505465,260.5568878728956,9.937924082158357e-52,inconclusive,True,1.0,1.0,7.23423685271366e-07,8.503127172236941e-07,True,427,0.9788298606872559,order10_rho1.00,1.0,10,1.0,800
True,4,4,0.47250574689456754,0.8930467233935724,0.859037375371047,0.12784843677187513,-1.1025760516765493,0.5170419084308693,231.97779097893508,1.1299029073699151e-45,inconclusive,True,1.0,1.0,8.993215089954537e-07,8.020234913431336e-07,True,428,0.983518123626709,order10_rho1.00,1.0,10,1.0,800
True,4,4,0.48818934629801,0.9533153513555132,0.9146592765630313,0.13712848997102398,-0.6223413052605022,0.5339043853187218,219.5975429753462,4.6833839446277185e-43,inconclusive,True,1.0,1.0,8.706798821588215e-07,8.708693192421141e-07,True,429,1.0475420951843262,order10_rho1.00,1.0,10,1.0,800
True,4,4,0.5061631159444795,1.0248043997704985,0.9913274477098879,0.1358185584048141,-0.0638539562779272,0.5510737464508191,290.75529851542393,3.8161309582345144e-58,inconclusive,True,1.0,1.0,9.067230280372679e-07,9.066775727022048e-07,True,430,1.011955976486206,order10_rho1.00,1.0,10,1.0,800
True,4,4,0.5483786751109399,1.2028766852657191,1.1727809772221285,0.1340837459265142,1.288604938862781,0.5901968131531623,346.83013535092186,4.299686311249093e-70,inconclusive,True,1.0,1.0,9.584040780542745e-07,8.903393936421878e-07,True,431,0.961921215057373,order10_rho1.00,1.0,10,1.0,800
True,4,4,0.5107984650294192,1.0436602875056429,1.0106879858065239,0.13901039950326713,0.07688623185542792,0.5566281850601543,275.7935783476412,5.783338483699534e-55,inconclusive,True,1.0,1.0,9.860965278002792e-07,6.952558621589045e-07,True,432,1.0005309581756592,order10_rho1.00,1.0,10,1.0,800
True,4,4,0.5201000455820918,1.0820162296579758,1.0486101997162147,0.13855711429457673,0.3508314961934609,0.5649151201073439,288.7870276197233,1.0005515946026347e-57,inconclusive,True,1.0,1.0,9.506955800107217e-07,8.814033402284177e-07,True,433,0.9768068790435791,order10_rho1.00,1.0,10,1.0,800
True,4,4,0.5230596925649984,1.0943657679447627,1.0624813388955419,0.12946756767604778,0.4826022456209414,0.5646761322121013,318.0756099868819,5.8254095599913285e-64,inconclusive,True,1.0,1.0,7.930427637188631e-07,9.607869607215976e-07,True,434,0.9626328945159912,order10_rho1.00,1.0,10,1.0,800
True,4,4,0.5020009287394275,1.008019729820991,0.9748301445185504,0.12767081038125944,-0.19714651615577278,0.5442494694600075,293.67553255219843,9.129209507519793e-59,inconclusive,True,1.0,1.0,8.858073834012602e-07,9.390010270240369e-07,True,435,0.9768681526184082,order10_rho1.00,1.0,10,1.0,800
True,4,4,0.4997706951122309,0.9990829907718497,0.9661102357104099,0.13343602251992168,-0.2539776265028468,0.5444246874725377,254.8942387687165,1.5795033277475098e-50,inconclusive,True,1.0,1.0,8.165217035528103e-07,8.252511272995215e-07,True,436,0.98415207862854,order10_rho1.00,1.0,10,1.0,800
True,4,4,0.5198768792656933,1.0810878783801448,1.0460394275161704,0.13609000308485772,0.3383013187784479,0.5634464399306591,280.8360649297057,4.9051456979985665e-56,inconclusive,True,1.0,1.0,8.996207421332065e-07,9.304057439899706e-07,True,437,0.9886541366577148,order10_rho1.00,1.0,10,1.0,800
True,4,4,0.5223623708968297,1.0914497861158283,1.056849152644658,0.13451485978954517,0.4226235877106896,0.5652668413343295,318.87603407799656,3.933420931437886e-64,inconclusive,True,1.0,1.0,9.37533380112645e-07,7.878989963081054e-07,True,438,0.9784469604492188,order10_rho1.00,1.0,10,1.0,800
True,4,4,0.5005057784755971,1.0020241371498537,0.9682097170002741,0.12810139801646014,-0.24816499657280108,0.5428898981711675,279.2993808955514,1.0404981173827047e-55,inconclusive,True,1.0,1.0,9.470363419183352e-07,9.472542460011887e-07,True,439,0.9775660037994385,order10_rho1.00,1.0,10,1.0,800
True,4,4,0.49384577146704794,0.9755345839835349,0.9382535198365352,0.1372122021866081,-0.4500072091218961,0.5394319948485574,237.81474191372857,6.571468648428907e-47,inconclusive,True,1.0,1.0,8.645653078870709e-07,9.787255025307426e-07,True,440,1.0186150074005127,order10_rho1.00,1.0,10,1.0,800
True,4,4,0.5455255399860539,1.1903924591083026,1.1549326927917862,0.15123463805178997,1.0244524322445885,0.5923874441005579,297.7910724551953,1.2155234084710756e-59,inconclusive,True,1.0,1.0,8.65338472872142e-07,8.841245714770477e-07,True,441,0.9965407848358154,order10_rho1.00,1.0,10,1.0,800
True,4,4,0.48443781658352336,0.9387199925448457,0.9047776294864445,0.1284634372792488,-0.7412410295901148,0.5282237168629098,238.5224342831713,4.654013086485644e-47,inconclusive,True,1.0,1.0,7.57603973244748e-07,8.68742218191e-07,True,442,0.9841179847717285,order10_rho1.00,1.0,10,1.0,800
True,4,4,0.5211809208003242,1.086518208825095,1.0525748767164755,0.13917209217662738,0.3777688176861725,0.5660151493784477,261.7129847003936,5.649058425867454e-52,inconclusive,True,1.0,1.0,9.889797447357218e-07,8.331672051221264e-07,True,443,0.968458890914917,order10_rho1.00,1.0,10,1.0,800
True,4,4,0.4874644621233946,0.9504864073330016,0.9199947381907814,0.12263628009528607,-0.6523784131992266,0.529554876358756,265.6749461945655,8.148421216991696e-53,inconclusive,True,1.0,1.0,8.731601993556166e-07,9.837836472584821e-07,True,444,0.9378361701965332,order10_rho1.00,1.0,10,1.0,800
True,4,4,0.5063510292432387,1.0255654592627488,0.9933201339244957,0.1276099027249494,-0.052345985169364936,0.5484568682349946,284.0211448728545,1.0318324937674444e-56,inconclusive,True,1.0,1.0,9.856787889441415e-07,7.058850954902294e-07,True,445,0.9576468467712402,order10_rho1.00,1.0,10,1.0,800
True,4,4,0.5191724442762409,1.0781601075830658,1.0472708303728777,0.12786586551904291,0.36969077072283785,0.5607119276052465,309.7761771475148,3.4142805616598996e-62,inconclusive,True,1.0,1.0,9.682449477040434e-07,8.753039806636703e-07,True,446,0.9469039440155029,order10_rho1.00,1.0,10,1.0,800
True,4,4,0.5092196680827015,1.0372186814490267,1.0016895649737028,0.13880312762798303,0.012172384027477359,0.554526913883537,250.40168262833777,1.4160650928358587e-49,inconclusive,True,1.0,1.0,5.969159035717621e-07,9.96449472232241e-07,True,447,0.9848504066467285,order10_rho1.00,1.0,10,1.0,800
True,4,4,0.5160455992125278,1.0652122418664673,1.0292605486679531,0.143511052513057,0.2038905586403593,0.562431156654234,244.45187461633978,2.582208345674027e-48,inconclusive,True,1.0,1.0,9.281700268808066e-07,8.182857276396494e-07,True,448,0.9977459907531738,order10_rho1.00,1.0,10,1.0,800
True,4,4,0.5490133469742061,1.2056626206232801,1.1678127131644258,0.14916786925056685,1.124992359330011,0.5943845606856397,301.6139242301789,1.867020639653697e-60,inconclusive,True,1.0,1.0,7.988713983338564e-07,9.834365281695389e-07,True,449,1.0076391696929932,order10_rho1.00,1.0,10,1.0,800
True,4,4,0.5389528681162542,1.1618807762029462,1.1279281924948712,0.13987915000501502,0.9145622667158375,0.5826681988309276,293.552704138767,9.695355175815733e-59,inconclusive,True,1.0,1.0,8.389130804100086e-07,9.739049920733672e-07,True,450,0.9605398178100586,order10_rho1.00,1.0,10,1.0,800
True,4,4,0.56711898413971,1.2864957686866263,1.2519287608737737,0.1543745960398794,1.6319314662931539,0.6135658838053045,319.02859731973626,3.6497322820353656e-64,inconclusive,True,1.0,1.0,8.641454451289131e-07,9.94449885063983e-07,True,451,0.9866089820861816,order10_rho1.00,1.0,10,1.0,800
True,4,4,0.471660975596901,0.8898563036040819,0.8580823775873124,0.12675695007861823,-1.119604268836275,0.5163765599505448,237.40166750076037,8.037381971107755e-47,inconclusive,True,1.0,1.0,7.578480646463479e-07,9.334070212571858e-07,True,452,0.9382948875427246,order10_rho1.00,1.0,10,1.0,800
True,4,4,0.5637729177440398,1.2713596111265115,1.2347014638670455,0.15846898826326294,1.4810561134973506,0.6114245157767236,292.25316608067294,1.8323734078241275e-58,inconclusive,True,1.0,1.0,8.608165245270547e-07,6.874431072367284e-07,True,453,0.9775741100311279,order10_rho1.00,1.0,10,1.0,800
True,4,4,0.5319865042518341,1.1320385628243468,1.0993294992999576,0.1426665837222925,0.6962352129585394,0.5774935382712837,274.8427130086928,9.208513890517687e-55,inconclusive,True,1.0,1.0,8.193759940700739e-07,9.74583069949242e-07,True,454,0.961122989654541,order10_rho1.00,1.0,10,1.0,800
True,4,4,0.48852151247112996,0.9546130725883215,0.9208355362873554,0.12994318144794392,-0.6092236840019069,0.5325816955147865,259.41498560017067,1.7361148873401332e-51,inconclusive,True,1.0,1.0,9.659303119582898e-07,9.403174632894146e-07,True,455,0.9691200256347656,order10_rho1.00,1.0,10,1.0,800
True,4,4,0.5937275143420687,1.4100494451472458,1.3769199448980065,0.15433597326032986,2.4422040884935354,0.6385099901889447,372.8547258030215,1.1912693518773448e-75,meaningfully_different,True,1.0,1.0,9.148240975962376e-07,9.325840535664002e-07,True,456,0.973107099533081,order10_rho1.00,1.0,10,1.0,800
True,4,4,0.4847325929310192,0.9398627465985168,0.9055060070203247,0.12943136660721896,-0.7300702716555028,0.5287725550332332,231.22876001904092,1.6274743432024443e-45,inconclusive,True,1.0,1.0,9.759517606240667e-07,9.272787379194577e-07,True,457,0.9648480415344238,order10_rho1.00,1.0,10,1.0,800
True,4,4,0.5507706648008954,1.2133933008208813,1.1788909200277897,0.14448057496630476,1.2381658923319625,0.5950924965467869,319.08928136037207,3.5426633016534215e-64,inconclusive,True,1.0,1.0,9.192563346823052e-07,9.609213415407928e-07,True,458,0.9894771575927734,order10_rho1.00,1.0,10,1.0,800
True,4,4,0.5365952220032604,1.151737729106913,1.1163714239875067,0.14414590486408024,0.8073168925418795,0.5816937206153662,295.0179401017427,4.729708980775607e-59,inconclusive,True,1.0,1.0,8.79244122260523e-07,8.757601055252027e-07,True,459,0.981712818145752,order10_rho1.00,1.0,10,1.0,800
True,4,4,0.4840653651848614,0.9372771110862127,0.9007869055718795,0.13052364113342096,-0.760115895990866,0.5280812414044592,237.26277705591835,8.600392979654283e-47,inconclusive,True,1.0,1.0,8.594996440862358e-07,9.411863905202813e-07,True,460,0.9934437274932861,order10_rho1.00,1.0,10,1.0,800
True,4,4,0.5635325589100516,1.270275779806843,1.2362066940643612,0.15146181720046403,1.5595131395507749,0.6093724668524181,315.12640780103123,2.4755859960803683e-63,inconclusive,True,1.0,1.0,9.591460885222116e-07,9.394402540787197e-07,True,461,0.9632740020751953,order10_rho1.00,1.0,10,1.0,800
True,4,4,0.5293062988143802,1.1206606318583117,1.0834074682632815,0.14303628792385767,0.5831210350458877,0.5741692314206052,275.2222476234464,7.648203182007152e-55,inconclusive,True,1.0,1.0,9.063266151158862e-07,9.463039223840137e-07,True,462,0.9864671230316162,order10_rho1.00,1.0,10,1.0,800
True,4,4,0.5370319810170792,1.153613394540514,1.1179810341228846,0.1477291174976694,0.7986308733262819,0.5833039106772014,268.2059774809337,2.364434723961587e-53,inconclusive,True,1.0,1.0,8.608722565540188e-07,8.890923691241235e-07,True,463,0.9839911460876465,order10_rho1.00,1.0,10,1.0,800
True,4,4,0.5304128910857379,1.1253513401197233,1.0954058968679017,0.12898019420875992,0.7396941635355517,0.5717428261721098,333.65543012130775,2.780546446350585e-67,inconclusive,True,1.0,1.0,9.025078363484572e-07,9.717664629674157e-07,True,464,0.9306910037994385,order10_rho1.00,1.0,10,1.0,800
True,4,4,0.5246486338758661,1.1010247561112503,1.070828999735349,0.12906902879468687,0.5487683636948908,0.56637634570032,322.64056367163124,6.201668428957592e-65,inconclusive,True,1.0,1.0,8.359517002505765e-07,5.944780775312505e-07,True,465,0.922260046005249,order10_rho1.00,1.0,10,1.0,800
True,4,4,0.5293092152752508,1.120672981501207,1.0853501256905738,0.1413102864733518,0.6039908899814525,0.5739740549279684,301.13061840591524,2.3660405747984928e-60,inconclusive,True,1.0,1.0,8.597818112886255e-07,9.7864743262116e-07,True,466,0.9807279109954834,order10_rho1.00,1.0,10,1.0,800
True,4,4,0.5085807156846341,1.0346173774651786,1.00095395329566,0.13676495773027827,0.006975129532385718,0.5536046174974909,267.34758529546144,3.59732507643521e-53,inconclusive,True,1.0,1.0,9.803931831964955e-07,9.56691031727965e-07,True,467,0.959726095199585,order10_rho1.00,1.0,10,1.0,800
True,4,4,0.5369092936886735,1.153086358597081,1.1171187807764134,0.14678357479305967,0.7979011339758639,0.582785611557046,277.9916746723611,1.973039334544779e-55,inconclusive,True,1.0,1.0,7.750374236438563e-07,7.574659552374629e-07,True,468,1.000864028930664,order10_rho1.00,1.0,10,1.0,800
True,4,4,0.5445516752337848,1.1861461079996856,1.1548337427274142,0.13834329019606714,1.1191995109265942,0.5878750303786544,323.61689746061893,3.8407187642010085e-65,inconclusive,True,1.0,1.0,9.901179665735493e-07,9.96086859680596e-07,True,469,0.934424877166748,order10_rho1.00,1.0,10,1.0,800
True,4,4,0.5548641048188677,1.2314966992657737,1.1995877528039738,0.1448168162468812,1.3782084013207418,0.5995394520486582,308.6776691820826,5.851118496004789e-62,inconclusive,True,1.0,1.0,7.02064929712258e-07,9.476992537661804e-07,True,470,0.9462950229644775,order10_rho1.00,1.0,10,1.0,800
True,4,4,0.47401696302144347,0.8987683249282901,0.8693706779076852,0.1138436048311664,-1.1474454123799238,0.5139617554399013,277.0792155723691,3.0833390580322008e-55,inconclusive,True,1.0,1.0,7.690006969890893e-07,7.809380920488272e-07,True,471,0.9142768383026123,order10_rho1.00,1.0,10,1.0,800
True,4,4,0.49766033764608547,0.9906632466640632,0.9562560284031899,0.13389720219843812,-0.326698175007277,0.5423323075103367,242.72395183141634,5.998452508534793e-48,inconclusive,True,1.0,1.0,9.889839599809632e-07,9.638597188998793e-07,True,472,1.0055968761444092,order10_rho1.00,1.0,10,1.0,800
True,4,4,0.5250136248089448,1.1025572249401097,1.0672395053120094,0.14903757251000047,0.45115808168103116,0.5727967564955144,247.48137813286127,5.8892350529675696e-49,inconclusive,True,1.0,1.0,8.053247903036519e-07,8.578013554651746e-07,True,473,1.0248379707336426,order10_rho1.00,1.0,10,1.0,800
True,4,4,0.524376118954028,1.0998812565171556,1.0660185011715622,0.12738995579088652,0.5182394542936573,0.5647026500715641,338.81827448215955,2.2025153017023005e-68,inconclusive,True,1.0,1.0,8.716005506223228e-07,9.010088710403445e-07,True,474,1.0322458744049072,order10_rho1.00,1.0,10,1.0,800
True,4,4,0.5719439793622743,1.3084796621150143,1.2752618182962854,0.15450916390557345,1.781524223796257,0.6183459341144744,302.6924047762723,1.1004732035439131e-60,meaningfully_different,True,1.0,1.0,9.541278955105817e-07,8.953822186743965e-07,True,475,1.036073923110962,order10_rho1.00,1.0,10,1.0,800
True,4,4,0.5722104882195121,1.3096993713136498,1.2718745086383105,0.16596144945357888,1.6381786826606177,0.6214613424635022,306.361819389155,1.821259328154487e-61,inconclusive,True,1.0,1.0,7.897763764811798e-07,7.536994295307388e-07,True,476,1.0821948051452637,order10_rho1.00,1.0,10,1.0,800
True,4,4,0.5176193420577437,1.071719133089166,1.0386265625910565,0.13667397582100207,0.28261826993051364,0.5620131776546947,282.61792799705324,2.0507222492431743e-56,inconclusive,True,1.0,1.0,7.503503515964072e-07,9.422777750744054e-07,True,477,0.9947237968444824,order10_rho1.00,1.0,10,1.0,800
True,4,4,0.5261951288077552,1.1075252543240406,1.0737421461164924,0.14158728607705356,0.5208246316435576,0.5715401357626929,270.45365554303817,7.878474229561525e-54,inconclusive,True,1.0,1.0,7.279174188809497e-07,9.940421816192145e-07,True,478,0.9988811016082764,order10_rho1.00,1.0,10,1.0,800
True,4,4,0.4731105324925039,0.8953343038213623,0.8623523191426711,0.12055583226351356,-1.1417753772082602,0.5149390782149537,235.26999334253878,2.2716967991222077e-46,inconclusive,True,1.0,1.0,7.848881414400545e-07,6.827056607933318e-07,True,479,0.9470129013061523,order10_rho1.00,1.0,10,1.0,800
True,4,4,0.5325592150580097,1.134477270172814,1.1001859992698548,0.1386222451817348,0.7227267105543576,0.5762376467294521,288.9071649361249,9.43387504421055e-58,inconclusive,True,1.0,1.0,7.779454448128715e-07,9.610890859325832e-07,True,480,0.9804270267486572,order10_rho1.00,1.0,10,1.0,800
True,4,4,0.5274802424053723,1.1129416245121213,1.076228710684804,0.14347743763278842,0.5312940622755016,0.5727626241211973,279.0330934003518,1.1853076347558467e-55,inconclusive,True,1.0,1.0,9.557556347324953e-07,7.465506822669638e-07,True,481,1.004533052444458,order10_rho1.00,1.0,10,1.0,800
True,4,4,0.504765140956309,1.0191513900985698,0.9871665071993192,0.1257817644869436,-0.10202983598638374,0.5463650562398789,282.5720083060558,2.097335832994581e-56,inconclusive,True,1.0,1.0,9.477461536297871e-07,8.647817566298798e-07,True,482,0.9619770050048828,order10_rho1.00,1.0,10,1.0,800
True,4,4,0.5269548045478855,1.1107254641444007,1.0804875924942674,0.12840728960668504,0.6268148229029913,0.5682646365318784,319.11453612536775,3.499035431075775e-64,inconclusive,True,1.0,1.0,9.785735987047674e-07,9.047892884226176e-07,True,483,0.9320011138916016,order10_rho1.00,1.0,10,1.0,800
True,4,4,0.5620406524526722,1.2635587800377017,1.2298733540577511,0.15490379210291158,1.483974994653668,0.6092346465703428,294.66966278520107,5.609619265128345e-59,inconclusive,True,1.0,1.0,8.139598085609175e-07,8.983797916706504e-07,True,484,0.9792520999908447,order10_rho1.00,1.0,10,1.0,800
True,4,4,0.5352020759899212,1.1457650485756854,1.1128650519604029,0.14593565145394038,0.7733891673209468,0.5815728324027745,272.20186302257355,3.3508583938369416e-54,inconclusive,True,1.0,1.0,8.385844102131101e-07,8.896096565309529e-07,True,485,0.9700660705566406,order10_rho1.00,1.0,10,1.0,800
True,4,4,0.5012958412631993,1.0051900818711146,0.9698712266157545,0.1352843747666259,-0.2227069714164663,0.5459840247480922,254.57773784818193,1.8434945781849718e-50,inconclusive,True,1.0,1.0,7.304469660924494e-07,8.558277062091133e-07,True,486,1.0034539699554443,order10_rho1.00,1.0,10,1.0,800
True,4,4,0.5209163252193629,1.0854152715201804,1.052486130924858,0.13437287106798237,0.3906006510667182,0.5642494650562178,293.4192759435475,1.0350206594254726e-58,inconclusive,True,1.0,1.0,9.922577598187685e-07,9.018440157725097e-07,True,487,0.9688770771026611,order10_rho1.00,1.0,10,1.0,800
True,4,4,0.546687885710903,1.1954705775322294,1.1622070431090763,0.13973938389990997,1.1607825838509425,0.5899275115522261,317.76627105029957,6.780143281554326e-64,inconclusive,True,1.0,1.0,7.639462357327703e-07,7.656265998740996e-07,True,488,0.9808030128479004,order10_rho1.00,1.0,10,1.0,800
True,4,4,0.47624288032999174,0.9072291242600272,0.8757986211348269,0.12247074232105987,-1.014131020285452,0.5189520849358497,250.01405464929704,1.7110132198704933e-49,inconclusive,True,1.0,1.0,9.603377098288923e-07,9.798772973029255e-07,True,489,0.9587030410766602,order10_rho1.00,1.0,10,1.0,800
True,4,4,0.5211650164760404,1.0864518975938857,1.0551223614153256,0.13644591348840424,0.4039868985890156,0.5655872870520151,301.0671059906673,2.4408480650278894e-60,inconclusive,True,1.0,1.0,8.724338377074903e-07,8.452177163330591e-07,True,490,0.9601471424102783,order10_rho1.00,1.0,10,1.0,800
True,4,4,0.5401824414666444,1.1671882802754587,1.1340825316006957,0.14168247075519905,0.9463593547317889,0.5846215565427413,301.93136589581457,1.598007923978048e-60,inconclusive,True,1.0,1.0,8.470737506429242e-07,5.914350270098414e-07,True,491,0.97940993309021,order10_rho1.00,1.0,10,1.0,800
True,4,4,0.4609161495003948,0.8497747874810812,0.8145476602680383,0.12076067222872293,-1.535701452379394,0.5032845343283835,214.99448084143526,4.392965952918363e-42,inconclusive,True,1.0,1.0,9.715875068663048e-07,9.670336208701034e-07,True,492,0.9957702159881592,order10_rho1.00,1.0,10,1.0,800
True,4,4,0.491509890979757,0.9663278917237303,0.9326820515092391,0.13405379947297963,-0.5021711339433519,0.5369313107323401,237.80697310230732,6.596403516024808e-47,inconclusive,True,1.0,1.0,6.634242781246742e-07,9.6840791304358e-07,True,493,0.9761049747467041,order10_rho1.00,1.0,10,1.0,800
True,4,4,0.5296779327850114,1.1222348499176122,1.086339162940317,0.14703834861184034,0.5871880618588806,0.5762368705566004,271.9612838303701,3.7692390348545864e-54,inconclusive,True,1.0,1.0,9.91732445921662e-07,9.918183877111774e-07,True,494,1.007688045501709,order10_rho1.00,1.0,10,1.0,800
True,4,4,0.5251428340179095,1.1030999844814469,1.0683836554325596,0.13881797608370006,0.49261383404212605,0.5693678307737223,285.4028473233528,5.246316500935883e-57,inconclusive,True,1.0,1.0,9.949109817233711e-07,9.29547676603688e-07,True,495,0.9841070175170898,order10_rho1.00,1.0,10,1.0,800
True,4,4,0.5406117401437341,1.1690442143249455,1.1345431751584012,0.143385204509416,0.9383337396541904,0.5853184707590589,300.17957951761946,3.770890657983588e-60,inconclusive,True,1.0,1.0,8.099824133270048e-07,7.024977956582633e-07,True,496,1.0004808902740479,order10_rho1.00,1.0,10,1.0,800
True,4,4,0.5390005082059901,1.1620861913852623,1.127698295076484,0.13303326024566778,0.9598975086430875,0.5801979265080042,327.1684001922997,6.71964043757373e-66,inconclusive,True,1.0,1.0,6.946984149739174e-07,8.673421952401536e-07,True,497,0.982086181640625,order10_rho1.00,1.0,10,1.0,800
True,4,4,0.5000010843272952,1.0000043373138836,0.9682581010510356,0.1314581089235383,-0.24146018232642352,0.5441708023006424,258.6929780087209,2.4703438300021882e-51,inconclusive,True,1.0,1.0,9.807526771199189e-07,7.570405720342331e-07,True,498,0.9414031505584717,order10_rho1.00,1.0,10,1.0,800
True,4,4,0.5038093444589649,1.0152954222566875,0.9794604573146211,0.13887703168565427,-0.1478973336056738,0.5495208928200601,265.66077584505683,8.205056128229111e-53,inconclusive,True,1.0,1.0,9.481424306428155e-07,7.37409196902454e-07,True,499,0.9596343040466309,order10_rho1.00,1.0,10,1.0,800
