applicable,K_x,K_y,D_hat,Q_hat,Q_bc,s_Q,Z,U_D,T0,p_exact,decision,mt_reject,success_x,success_y,max_residual_x,max_residual_y,correct_cardinality,rep,seconds,name,c_h,order,rho,n
True,4,4,0.714075696143939,2.039616399293804,2.0024877988469942,0.20393873675176555,4.915632090372431,0.7645157241138074,423.11619881584966,2.117363761090999e-86,meaningfully_different,True,1.0,1.0,9.757257765507647e-07,8.554364339690206e-07,True,0,0.919105052947998,order8_rho1.25,1.0,8,1.25,800
True,4,4,0.619459035761847,1.5349179879479893,1.497990838382346,0.16159587531942188,3.081705132621621,0.6640392307691418,394.798048233815,2.4276923357890685e-80,meaningfully_different,True,1.0,1.0,9.52172276023153e-07,7.701933510441521e-07,True,1,0.8956911563873291,order8_rho1.25,1.0,8,1.25,800
True,4,4,0.6523529511500473,1.7022574914967041,1.6656438334328827,0.17996562321471862,3.69872768778011,0.7002965338883583,404.26586434760475,2.290890786992108e-82,meaningfully_different,True,1.0,1.0,9.141999269780537e-07,8.974927539968569e-07,True,2,0.9433908462524414,order8_rho1.25,1.0,8,1.25,800
True,4,4,0.631031221739115,1.5928016112382402,1.553706495106989,0.17747563084268675,3.1199015463581636,0.6792694476778127,417.10847021588455,4.090857530419361e-85,meaningfully_different,True,1.0,1.0,9.955914057726703e-07,9.851897813350348e-07,True,3,0.943713903427124,order8_rho1.25,1.0,8,1.25,800
True,4,4,0.5996908551382987,1.4385164869460159,1.3978938071521847,0.16748650346014965,2.3756768392198016,0.6467968363083635,323.121455589483,4.8979301069098235e-65,meaningfully_different,True,1.0,1.0,7.461043265967384e-07,9.917282494750585e-07,True,4,1.017029047012329,order8_rho1.25,1.0,8,1.25,800
True,4,4,0.6924651747807378,1.9180320731364708,1.8755579024581668,0.21453457245366322,4.081197228233581,0.7463973258367587,364.2540332481557,8.19193835542162e-74,meaningfully_different,True,1.0,1.0,8.734350302571335e-07,9.015418444043582e-07,True,5,1.0397429466247559,order8_rho1.25,1.0,8,1.25,800
True,4,4,0.6089463576647406,1.483262666052617,1.4503948971460776,0.15635596786645853,2.8805737529043576,0.6533715592958439,396.34939833810506,1.1308523596457387e-80,meaningfully_different,True,1.0,1.0,9.426269853331696e-07,7.878442343027206e-07,True,6,0.9580910205841064,order8_rho1.25,1.0,8,1.25,800
True,4,4,0.6279489937657108,1.5772797550854747,1.5379129438410561,0.18735830649678298,2.8710386739660905,0.6793544608342863,319.79662001970877,2.5038022595455788e-64,meaningfully_different,True,1.0,1.0,6.566599060534686e-07,9.813496184188964e-07,True,7,1.011246919631958,order8_rho1.25,1.0,8,1.25,800
True,4,4,0.6235026910541277,1.5550224230069558,1.520471758500915,0.16853820757169788,3.0881529238970997,0.670390267028304,425.2278866809386,7.4765942714089185e-87,meaningfully_different,True,1.0,1.0,9.447110003802779e-07,9.203758367720626e-07,True,8,0.9812982082366943,order8_rho1.25,1.0,8,1.25,800
True,4,4,0.6417614084755618,1.647430821634148,1.6109376625150582,0.17513962989406387,3.488289103297718,0.6890240775853279,372.2183390922193,1.6292432995983338e-75,meaningfully_different,True,1.0,1.0,9.376311809174718e-07,9.023389345329245e-07,True,9,0.9684348106384277,order8_rho1.25,1.0,8,1.25,800
True,4,4,0.6621883378570335,1.7539735791754425,1.7140255118733472,0.19311647464894272,3.697382697003662,0.7126839842496362,359.64940603782077,7.884711217674312e-73,meaningfully_different,True,1.0,1.0,9.654361495022063e-07,6.692098686162414e-07,True,10,0.9845001697540283,order8_rho1.25,1.0,8,1.25,800
True,4,4,0.6494687645617523,1.687238704565475,1.6489995589243345,0.1870816173084207,3.469071778732813,0.6994142970532625,358.13569388052747,1.6596625010827947e-72,meaningfully_different,True,1.0,1.0,9.229554675841111e-07,7.98848637862957e-07,True,11,0.9898622035980225,order8_rho1.25,1.0,8,1.25,800
True,4,4,0.6235884207214584,1.5554500738315302,1.5185143825653291,0.16875437536861768,3.07259815594538,0.6700915290007645,369.07325726458015,7.654841287584486e-75,meaningfully_different,True,1.0,1.0,8.187740948273371e-07,7.612708355107545e-07,True,12,0.9747650623321533,order8_rho1.25,1.0,8,1.25,800
True,4,4,0.6369837124977407,1.622992999949617,1.5802763057046894,0.1939530022646875,2.991839770094338,0.6890755773022811,359.2077783849229,9.796977926978725e-73,meaningfully_different,True,1.0,1.0,9.468668176446128e-07,9.61999586383401e-07,True,13,1.0148320198059082,order8_rho1.25,1.0,8,1.25,800
True,4,4,0.5202054866913443,1.0824549935351133,1.0448731304293166,0.14051526904814948,0.31934700572604835,0.5648008897755976,274.4779354899781,1.100733803605633e-54,inconclusive,True,1.0,1.0,7.586573143892044e-07,7.750352245876753e-07,True,14,0.9723529815673828,order8_rho1.25,1.0,8,1.25,800
True,4,4,0.6976181532767106,1.9466843511248324,1.907585739977785,0.1959622574996922,4.631431335593847,0.7466449909380883,459.25826953128586,3.8366281667024825e-94,meaningfully_different,True,1.0,1.0,8.145956980226588e-07,9.018258458460701e-07,True,15,1.0003759860992432,order8_rho1.25,1.0,8,1.25,800
True,4,4,0.6323645293284895,1.5995395918113684,1.5618720530037629,0.17736903549868135,3.1678136571247246,0.6807382305909984,346.4478487776371,5.1882478524228476e-70,meaningfully_different,True,1.0,1.0,8.797136585919621e-07,8.380056247768746e-07,True,16,0.9743249416351318,order8_rho1.25,1.0,8,1.25,800
True,4,4,0.7286272780944695,2.1235908415334213,2.0858519209890876,0.21540660490211594,5.040940696700156,0.7810512557335203,425.22159890436836,7.4998057037799145e-87,meaningfully_different,True,1.0,1.0,8.999631550054049e-07,8.271781428903934e-07,True,17,0.9771420955657959,order8_rho1.25,1.0,8,1.25,800
True,4,4,0.6758568856112482,1.8271301193125435,1.7875958937347445,0.20436419493136876,3.85388396435707,0.7286537382369324,401.60625202931374,8.491314719092243e-82,meaningfully_different,True,1.0,1.0,9.077780831314067e-07,8.067446071577344e-07,True,18,0.9882261753082275,order8_rho1.25,1.0,8,1.25,800
True,4,4,0.659837784619592,1.741543608046764,1.703263838633315,0.18730579870412173,3.7546292933740304,0.7091111444937302,401.3862458851468,9.463206201172392e-82,meaningfully_different,True,1.0,1.0,9.544051505446002e-07,9.241701028338759e-07,True,19,0.9880449771881104,order8_rho1.25,1.0,8,1.25,800
True,4,4,0.6676216221621762,1.7828745215138226,1.744518753018578,0.19439512958611913,3.8299249297228313,0.7183784321268295,356.0416251306734,4.646688543127377e-72,meaningfully_different,True,1.0,1.0,7.864056438116612e-07,7.515494935826689e-07,True,20,0.9989519119262695,order8_rho1.25,1.0,8,1.25,800
True,4,4,0.5962739478935314,1.4221704837461513,1.3850599336345026,0.16715157948599077,2.303657164464755,0.6442049005174327,323.4745427444615,4.1186487825587935e-65,meaningfully_different,True,1.0,1.0,9.757426246076183e-07,8.382735002159013e-07,True,21,1.0038220882415771,order8_rho1.25,1.0,8,1.25,800
True,4,4,0.6386042278293547,1.6312614392061056,1.5899779552273818,0.18288528823795183,3.225945404967524,0.6875313601759636,364.3152349888339,7.949037933527856e-74,meaningfully_different,True,1.0,1.0,9.598491864866414e-07,9.135216743280679e-07,True,22,1.0248510837554932,order8_rho1.25,1.0,8,1.25,800
True,4,4,0.6742363812687864,1.8183787913057128,1.7840975742671734,0.1727073332062771,4.540036370839378,0.7190576919991599,473.7649939217776,2.9798747716166246e-97,meaningfully_different,True,1.0,1.0,7.167289468001071e-07,8.325983568082345e-07,True,23,0.9747788906097412,order8_rho1.25,1.0,8,1.25,800
True,4,4,0.5916088120152614,1.4000039458164357,1.3627054681395936,0.1796610312605487,2.0188321618481058,0.6438597609399016,277.3151910248878,2.7471409315851782e-55,meaningfully_different,True,1.0,1.0,9.249399244663198e-07,8.053995092217012e-07,True,24,0.9801850318908691,order8_rho1.25,1.0,8,1.25,800
True,4,4,0.6497642585581447,1.6887743667984618,1.6549365754581271,0.16929500972304432,3.8686112279952076,0.6952341487272222,411.21918702865827,7.4510748922274745e-84,meaningfully_different,True,1.0,1.0,6.400912124040516e-07,7.779316534169816e-07,True,25,0.9509460926055908,order8_rho1.25,1.0,8,1.25,800
True,4,4,0.6550726985711766,1.716480961653294,1.6812973325262093,0.17358657956865614,3.924827220048689,0.7012171289122603,412.2372122740387,4.511939827858163e-84,meaningfully_different,True,1.0,1.0,6.612862782935089e-07,8.161316658028177e-07,True,26,0.9673960208892822,order8_rho1.25,1.0,8,1.25,800
True,4,4,0.6954816901506089,1.93477912533899,1.8964791473938838,0.20808060112142202,4.308326401223525,0.7481211931977828,419.58946500216194,1.2043778725813294e-85,meaningfully_different,True,1.0,1.0,9.953948002229224e-07,9.408457238014875e-07,True,27,0.9842920303344727,order8_rho1.25,1.0,8,1.25,800
True,4,4,0.6858918704457044,1.8817906317740278,1.8471356431299248,0.1861704064176496,4.5503238641993615,0.7337163469892547,431.176621371757,3.9807779785983887e-88,meaningfully_different,True,1.0,1.0,7.237184446519289e-07,9.61451954892931e-07,True,28,0.9490318298339844,order8_rho1.25,1.0,8,1.25,800
True,4,4,0.6741438472490064,1.817879707134767,1.775184734875415,0.20175074621413283,3.842289307087146,0.7257815066405828,405.523223828489,1.2330995472311159e-82,meaningfully_different,True,1.0,1.0,8.934957300372643e-07,9.126396782876217e-07,True,29,0.9987750053405762,order8_rho1.25,1.0,8,1.25,800
True,4,4,0.6648390001927763,1.7680435847093217,1.7314959278163735,0.19087872551233578,3.8322548825332534,0.7150985057639285,409.0881315524772,2.1292930821750404e-83,meaningfully_different,True,1.0,1.0,9.989197805630737e-07,7.599263086964356e-07,True,30,0.9815280437469482,order8_rho1.25,1.0,8,1.25,800
True,4,4,0.6347872638886065,1.6118194815807336,1.5672184795740496,0.18807853936699348,3.015859658859051,0.6849416302144994,328.82664327279747,2.9772113521019375e-66,meaningfully_different,True,1.0,1.0,8.222501634734898e-07,9.434566935130793e-07,True,31,1.034740924835205,order8_rho1.25,1.0,8,1.25,800
True,4,4,0.6504002975523882,1.6920821882249402,1.6583758877905086,0.17407004545666793,3.782246888390692,0.6972617215586118,418.51969743042844,2.0405619058457373e-85,meaningfully_different,True,1.0,1.0,9.424253898564461e-07,8.87648874385577e-07,True,32,0.9486978054046631,order8_rho1.25,1.0,8,1.25,800
True,4,4,0.6178106629241905,1.5267600608913108,1.492114631041531,0.1681454943809917,2.926719106290623,0.6649604043342832,368.0260506181869,1.2813045608639593e-74,meaningfully_different,True,1.0,1.0,9.781075490798366e-07,8.021355627948546e-07,True,33,0.9671571254730225,order8_rho1.25,1.0,8,1.25,800
True,4,4,0.6388501211584404,1.632517909216616,1.5962810798039102,0.17257542828490552,3.4551910763304448,0.6855914233238775,391.1283010162888,1.4789861296226188e-79,meaningfully_different,True,1.0,1.0,9.58469805846607e-07,7.068325180791296e-07,True,34,0.9788098335266113,order8_rho1.25,1.0,8,1.25,800
True,4,4,0.5955430244820759,1.4186859760370336,1.3790250906135066,0.16558000810210624,2.2890752027248227,0.6425301486099524,337.782709166546,3.6628958071963606e-68,meaningfully_different,True,1.0,1.0,9.266542889834755e-07,8.569402107471227e-07,True,35,0.9844169616699219,order8_rho1.25,1.0,8,1.25,800
True,4,4,0.6734902103675876,1.8143562538439095,1.778997402646983,0.17625569446588493,4.419700623050005,0.7191856889844312,501.73893765648074,2.9796820866075914e-103,meaningfully_different,True,1.0,1.0,9.651016494031905e-07,7.221339715033566e-07,True,36,0.9547779560089111,order8_rho1.25,1.0,8,1.25,800
True,4,4,0.6334206206565207,1.6048867306915677,1.567347883409763,0.18139373575461135,3.127714863192788,0.6829557137128315,336.8757721603629,5.718490623320635e-68,meaningfully_different,True,1.0,1.0,9.693190858475431e-07,7.626910238906086e-07,True,37,0.9765839576721191,order8_rho1.25,1.0,8,1.25,800
True,4,4,0.6354063956446694,1.6149651505046005,1.5771862758528314,0.18591586373952051,3.104556352767748,0.6861105338487009,341.25562046367304,6.65180779768466e-69,meaningfully_different,True,1.0,1.0,9.95324756382283e-07,8.487189092175669e-07,True,38,0.9913897514343262,order8_rho1.25,1.0,8,1.25,800
True,4,4,0.6880885550993412,1.8938634386347966,1.8550789176603306,0.20900655361701062,4.091158400837521,0.7414283690003198,386.5773155792583,1.3900429949448205e-78,meaningfully_different,True,1.0,1.0,6.555385758790926e-07,8.405910165892862e-07,True,39,0.9896290302276611,order8_rho1.25,1.0,8,1.25,800
True,4,4,0.7067710631544517,1.9981013428498962,1.9602004981520564,0.19827368542376023,4.842803502138314,0.7560310325559334,456.51052334071244,1.488781411432981e-93,meaningfully_different,True,1.0,1.0,9.59337149342454e-07,8.712222026451619e-07,True,40,0.9881308078765869,order8_rho1.25,1.0,8,1.25,800
True,4,4,0.6056096655574112,1.467052268066238,1.4224543344800464,0.18522171277259042,2.2808035200426153,0.6570991060190626,276.85538663152784,3.4401696742126955e-55,meaningfully_different,True,1.0,1.0,9.381443762498358e-07,9.282870357707617e-07,True,41,1.051321029663086,order8_rho1.25,1.0,8,1.25,800
True,4,4,0.6780675492566285,1.839102405419561,1.8014382568359297,0.18719142157050075,4.281383463579761,0.7261784810809891,434.30456914900697,8.513665490652195e-89,meaningfully_different,True,1.0,1.0,9.786586600286583e-07,8.707269729279701e-07,True,42,0.9932441711425781,order8_rho1.25,1.0,8,1.25,800
True,4,4,0.6569829769597241,1.7265065280594452,1.6856540192965517,0.19713746076250346,3.478050374822351,0.7088575820712788,332.74786196271714,4.3418891483483516e-67,meaningfully_different,True,1.0,1.0,9.771826729478887e-07,9.240908127266087e-07,True,43,1.0006017684936523,order8_rho1.25,1.0,8,1.25,800
True,4,4,0.6230854032813258,1.5529416791290094,1.516833029560268,0.1754790357076705,2.9452693734951745,0.6718389609679497,353.41094435538514,1.693483913244695e-71,meaningfully_different,True,1.0,1.0,9.440499600634821e-07,9.27612948590442e-07,True,44,0.9644680023193359,order8_rho1.25,1.0,8,1.25,800
True,4,4,0.5817097534128249,1.3535449488624383,1.3201097134923336,0.15477614354897876,2.0682109409906264,0.6274340233391941,332.3063210030205,5.3931013935520695e-67,meaningfully_different,True,1.0,1.0,8.140706816209266e-07,9.693177520361838e-07,True,45,0.9569318294525146,order8_rho1.25,1.0,8,1.25,800
True,4,4,0.6558159666031839,1.7203783282066734,1.6819980419191134,0.17744259532503517,3.843485498337338,0.7024715543022328,443.42876590346845,9.457727879223303e-91,meaningfully_different,True,1.0,1.0,8.447773808216944e-07,8.502774046206937e-07,True,46,1.0062360763549805,order8_rho1.25,1.0,8,1.25,800
True,4,4,0.6650643744822153,1.7692424888216816,1.7341652431494456,0.17529685069644596,4.188125686415029,0.7110736431289423,428.7051030503353,1.3464700106734993e-87,meaningfully_different,True,1.0,1.0,7.839652031816515e-07,9.94333563017108e-07,True,47,0.9664449691772461,order8_rho1.25,1.0,8,1.25,800
True,4,4,0.6523059878804203,1.7020124072986038,1.6656078165308008,0.18965734039541104,3.509528369126629,0.7031298565624565,377.9435656989718,9.739793407370326e-77,meaningfully_different,True,1.0,1.0,9.6256396967922e-07,9.502160669176712e-07,True,48,0.970322847366333,order8_rho1.25,1.0,8,1.25,800
True,4,4,0.63636387199145,1.619835910303802,1.58502647242852,0.1732634673456122,3.3765137070791473,0.6837432842650336,388.0534100061175,6.721064221891804e-79,meaningfully_different,True,1.0,1.0,8.020441164089623e-07,9.116269476279427e-07,True,49,0.9508640766143799,order8_rho1.25,1.0,8,1.25,800
True,4,4,0.6512020550615626,1.6962564660656096,1.654812587499041,0.18583506803261052,3.5236222873937537,0.7000864363004139,372.68285335722237,1.2963853538627644e-75,meaningfully_different,True,1.0,1.0,7.659602902423645e-07,9.91320872045441e-07,True,50,1.008584976196289,order8_rho1.25,1.0,8,1.25,800
True,4,4,0.5948590004247389,1.415428921545278,1.378716426121656,0.16492621954772033,2.2962778578216114,0.6422608341873491,307.24652904764366,1.180298665060137e-61,meaningfully_different,True,1.0,1.0,9.775409950307146e-07,9.318511517655315e-07,True,51,0.9723899364471436,order8_rho1.25,1.0,8,1.25,800
True,4,4,0.6632416308962776,1.7595578438158168,1.720774778276285,0.19086459602762157,3.776367085763647,0.7132179017153429,402.7380483532055,4.862467970594281e-82,meaningfully_different,True,1.0,1.0,6.412333644096208e-07,7.745162912395751e-07,True,52,0.9839251041412354,order8_rho1.25,1.0,8,1.25,800
True,4,4,0.6777556510607172,1.8374108901789468,1.80033425971093,0.19464310474660976,4.1118038101212,0.7280957485994694,469.2383384824688,2.7841561865750257e-96,meaningfully_different,True,1.0,1.0,7.268256073507134e-07,7.629331347858196e-07,True,53,0.9898090362548828,order8_rho1.25,1.0,8,1.25,800
True,4,4,0.6815749177200102,1.8581774738601549,1.821106713238774,0.19014785672219592,4.318253844104078,0.7303889554588923,425.81989657574155,5.58411785359443e-87,meaningfully_different,True,1.0,1.0,9.055855925001418e-07,9.921938067205798e-07,True,54,0.9852070808410645,order8_rho1.25,1.0,8,1.25,800
True,4,4,0.6986779419396072,1.9526034662118608,1.9119363804823477,0.21448917876964024,4.251666147977379,0.7524526038434968,386.24020934462703,1.6409645115780584e-78,meaningfully_different,True,1.0,1.0,8.163927212959904e-07,7.601159022314715e-07,True,55,1.0135068893432617,order8_rho1.25,1.0,8,1.25,800
True,4,4,0.6429879357500343,1.653733942080361,1.6080844458861965,0.1893568263852796,3.2113151529533046,0.6927388953556101,357.3019491938145,2.500607589894377e-72,meaningfully_different,True,1.0,1.0,7.761206023040988e-07,9.855018286492906e-07,True,56,1.0379447937011719,order8_rho1.25,1.0,8,1.25,800
True,4,4,0.7236937734141335,2.094930710713549,2.054424545244526,0.2037279315705682,5.17565037408378,0.7729047762175649,467.81653030127336,5.616923289674934e-96,meaningfully_different,True,1.0,1.0,8.686956312724778e-07,9.919773344788012e-07,True,57,1.012963056564331,order8_rho1.25,1.0,8,1.25,800
True,4,4,0.6575245494105559,1.7293541323102186,1.6933845785555315,0.19202379437403747,3.6109305141888206,0.7087375418997943,384.2778206352632,4.3114625360468895e-78,meaningfully_different,True,1.0,1.0,8.527111983400514e-07,8.569643305818491e-07,True,58,0.9690947532653809,order8_rho1.25,1.0,8,1.25,800
True,4,4,0.6864979359210703,1.88511766409556,1.847675052661144,0.188737345559742,4.491294768119038,0.7345271199973284,422.13558569502925,3.43339854021701e-86,meaningfully_different,True,1.0,1.0,9.725464628943613e-07,7.506733431539439e-07,True,59,0.977776050567627,order8_rho1.25,1.0,8,1.25,800
True,4,4,0.6381175113009587,1.6287758329157167,1.5892652269865775,0.19171442752409198,3.0736613545296523,0.6900375711579959,316.2086969149742,1.4557958567974782e-63,meaningfully_different,True,1.0,1.0,8.421017527949668e-07,9.67346261243416e-07,True,60,0.9820480346679688,order8_rho1.25,1.0,8,1.25,800
True,4,4,0.6804932107061942,1.8522840392688993,1.8137043034236062,0.1933065543181671,4.209398415349715,0.7300111797786618,412.9237266897257,3.21696225713818e-84,meaningfully_different,True,1.0,1.0,9.050474537322337e-07,8.813092587552727e-07,True,61,0.9973890781402588,order8_rho1.25,1.0,8,1.25,800
True,4,4,0.6355884671705209,1.6158907984006894,1.578261327667712,0.17925138502944282,3.225979690883449,0.6843068789785519,398.4227010229814,4.0734011885371078e-81,meaningfully_different,True,1.0,1.0,9.320184981691372e-07,8.965013411769239e-07,True,62,0.9680190086364746,order8_rho1.25,1.0,8,1.25,800
True,4,4,0.5974820453604734,1.4279391781125392,1.3928801634396515,0.15617273530286283,2.5156770333678695,0.6422152002120274,372.72171297162595,1.2718355774788087e-75,meaningfully_different,True,1.0,1.0,9.166478416097519e-07,7.719471061158544e-07,True,63,0.9582958221435547,order8_rho1.25,1.0,8,1.25,800
True,4,4,0.6616915320913966,1.7513427345658394,1.7135035349463181,0.1892502859109687,3.770158293351167,0.7114760280797552,365.6384652199015,4.1464495381105536e-74,meaningfully_different,True,1.0,1.0,8.203510212374692e-07,8.545871448011497e-07,True,64,0.9822280406951904,order8_rho1.25,1.0,8,1.25,800
True,4,4,0.6776046059948245,1.8365920082616056,1.795351611070544,0.20299645562345303,3.9180566410769084,0.7295976746401188,401.18994514695777,1.04239019840737e-81,meaningfully_different,True,1.0,1.0,9.106851057773055e-07,9.894427989722012e-07,True,65,0.9907550811767578,order8_rho1.25,1.0,8,1.25,800
True,4,4,0.697905368098378,1.9482876112821301,1.9125789312442825,0.19667013913913559,4.640149924329247,0.7476751505367054,484.46429798158704,1.5130320099602353e-99,meaningfully_different,True,1.0,1.0,9.533215988997355e-07,9.387953407207007e-07,True,66,0.9703071117401123,order8_rho1.25,1.0,8,1.25,800
True,4,4,0.6485483774988435,1.6824599918255299,1.645809898817093,0.17910665599466616,3.605728079900757,0.6964937421723668,377.4984941207407,1.2124638077382388e-76,meaningfully_different,True,1.0,1.0,7.893763902834528e-07,7.683408775546727e-07,True,67,0.9759321212768555,order8_rho1.25,1.0,8,1.25,800
True,4,4,0.6865015209361177,1.8851373529904114,1.8468048675321775,0.18478069123055674,4.582756249545534,0.733270423802392,460.575545041912,2.0027297068096036e-94,meaningfully_different,True,1.0,1.0,9.3374500971343e-07,9.11453882132635e-07,True,68,0.9891142845153809,order8_rho1.25,1.0,8,1.25,800
True,4,4,0.6339521291876844,1.607581208406394,1.5679674414958555,0.18179223413670037,3.124266799365957,0.6831890399382916,385.720543740901,2.1193278052997652e-78,meaningfully_different,True,1.0,1.0,7.649410080838896e-07,9.985437152934615e-07,True,69,0.9928278923034668,order8_rho1.25,1.0,8,1.25,800
True,4,4,0.6205456875440263,1.5403078013179532,1.5024814137284173,0.17893694742529095,2.808147903261909,0.6702250556150023,339.2436030986051,1.7872480134580561e-68,meaningfully_different,True,1.0,1.0,9.701927681370439e-07,9.181811231489372e-07,True,70,0.9914748668670654,order8_rho1.25,1.0,8,1.25,800
True,4,4,0.637345496687524,1.6248371285914671,1.5887386142932092,0.17158260572515827,3.4312255126621234,0.6839164579175625,403.8420589451631,2.8227523924255737e-82,meaningfully_different,True,1.0,1.0,9.054542766987358e-07,8.281903135391899e-07,True,71,0.9646096229553223,order8_rho1.25,1.0,8,1.25,800
True,4,4,0.6367895635350307,1.6220037929085396,1.587830146115247,0.17753518730240353,3.311062753514716,0.6855380264546078,392.6505562550227,6.989490909698378e-80,meaningfully_different,True,1.0,1.0,9.570851108154294e-07,6.596794293388137e-07,True,72,0.9365999698638916,order8_rho1.25,1.0,8,1.25,800
True,4,4,0.6385399280363439,1.6309329587866368,1.591539798319645,0.1826316118890133,3.238978138566332,0.6877394251334007,362.9778355887035,1.534482628534384e-73,meaningfully_different,True,1.0,1.0,8.250786390577527e-07,9.011228495780394e-07,True,73,1.0034618377685547,order8_rho1.25,1.0,8,1.25,800
True,4,4,0.6419074861784104,1.6481808832475446,1.606369052259838,0.1937666374608482,3.1293779992562376,0.6937374879357293,354.69277298992245,9.018322575883826e-72,meaningfully_different,True,1.0,1.0,9.892775178886693e-07,7.221227750093406e-07,True,74,1.0066938400268555,order8_rho1.25,1.0,8,1.25,800
True,4,4,0.658151057924065,1.7326512601862643,1.6949958143111306,0.17945752616198365,3.8727593608072297,0.7053681976638881,392.8521102242143,6.329127637665355e-80,meaningfully_different,True,1.0,1.0,8.908102523805777e-07,9.252846342223952e-07,True,75,0.9796290397644043,order8_rho1.25,1.0,8,1.25,800
True,4,4,0.6768408551994568,1.8324541730685284,1.7960763826836081,0.18253455765667148,4.361236540101875,0.7239335280067444,421.02403774903576,5.938475152175604e-86,meaningfully_different,True,1.0,1.0,7.686983100537067e-07,8.846889693672788e-07,True,76,0.9624788761138916,order8_rho1.25,1.0,8,1.25,800
True,4,4,0.6070328433211446,1.4739554914822133,1.433904637731442,0.17143878708981314,2.5309595634512307,0.6549611340522967,367.3182860139563,1.8148769412127163e-74,meaningfully_different,True,1.0,1.0,9.519465180926723e-07,9.325802593802896e-07,True,77,0.997995138168335,order8_rho1.25,1.0,8,1.25,800
True,4,4,0.6325991556604779,1.600726766969398,1.5621821368645659,0.17857575832675995,3.148143634568129,0.6811595115378531,372.01409727171927,1.801462587420082e-75,meaningfully_different,True,1.0,1.0,8.866391881463462e-07,7.450033395182645e-07,True,78,1.008723258972168,order8_rho1.25,1.0,8,1.25,800
True,4,4,0.6532982812090746,1.7071945769229249,1.6750490426343647,0.1632344240945023,4.13545761795658,0.6970555532289986,468.3232250992897,4.373966580406513e-96,meaningfully_different,True,1.0,1.0,7.555712442054533e-07,9.046960136734225e-07,True,79,0.9404296875,order8_rho1.25,1.0,8,1.25,800
True,4,4,0.7180196059688996,2.0622086182229356,2.02941250247906,0.1884608338454842,5.462209210657837,0.764755351169265,561.2908202315276,4.877758141222643e-116,meaningfully_different,True,1.0,1.0,9.371438796085854e-07,9.591278889021307e-07,True,80,0.9356441497802734,order8_rho1.25,1.0,8,1.25,800
True,4,4,0.6141072535129488,1.5085108752688687,1.4734251058109484,0.15874797462503662,2.9822434391946135,0.6585101152685774,407.0851738081224,5.7122722700072804e-83,meaningfully_different,True,1.0,1.0,8.350428259007881e-07,8.419398868646774e-07,True,81,0.9647481441497803,order8_rho1.25,1.0,8,1.25,800
True,4,4,0.6846085834935978,1.8747556503724414,1.8338528342305485,0.20993243496806363,3.972005728211555,0.7380990721614752,415.67063066731794,8.309214138854758e-85,meaningfully_different,True,1.0,1.0,9.116796070760536e-07,7.736449147254283e-07,True,82,0.9999299049377441,order8_rho1.25,1.0,8,1.25,800
True,4,4,0.6944712588487731,1.9291613174679987,1.8900349885446035,0.1980113381518825,4.494868813329829,0.7442671993782276,424.3838568246945,1.1334599106705973e-86,meaningfully_different,True,1.0,1.0,8.880583836308164e-07,9.95169611081317e-07,True,83,1.0049138069152832,order8_rho1.25,1.0,8,1.25,800
True,4,4,0.6962374971057849,1.9389866095045112,1.8931651865333197,0.22215287726696129,4.0204979450254985,0.7514276665860105,379.1707998877607,5.324276261456426e-77,meaningfully_different,True,1.0,1.0,6.890655030377008e-07,7.949553120712545e-07,True,84,1.0360839366912842,order8_rho1.25,1.0,8,1.25,800
True,4,4,0.6701309007238482,1.796301696419824,1.757730093135167,0.19708115874913743,3.84476171108611,0.7214394901700844,387.1043177203379,1.0724002278387264e-78,meaningfully_different,True,1.0,1.0,9.163438518920148e-07,9.477099971978279e-07,True,85,0.9988090991973877,order8_rho1.25,1.0,8,1.25,800
True,4,4,0.6916487647738243,1.9135120552526277,1.8751282558018985,0.19338938467094893,4.5252135079230165,0.7404771243245504,427.1106183015235,2.955306919838275e-87,meaningfully_different,True,1.0,1.0,8.18386738623686e-07,9.84193056370843e-07,True,86,0.980557918548584,order8_rho1.25,1.0,8,1.25,800
True,4,4,0.6531636663355748,1.7064911000837204,1.6702264078480884,0.18423133986192883,3.637960883041864,0.7023638649977146,376.21584120261343,2.2792005814007466e-76,meaningfully_different,True,1.0,1.0,6.028003653827822e-07,9.411443484812451e-07,True,87,0.9696388244628906,order8_rho1.25,1.0,8,1.25,800
True,4,4,0.6849611325106857,1.8766870122012844,1.842171670617712,0.19666530042729125,4.282258582413575,0.7358086203832221,404.5680254047421,1.9740564186549845e-82,meaningfully_different,True,1.0,1.0,9.19550353658514e-07,8.530430687672343e-07,True,88,0.9651069641113281,order8_rho1.25,1.0,8,1.25,800
True,4,4,0.733447647336548,2.151781805534069,2.113312298945661,0.20809255022435794,5.350082440458958,0.7835167651243619,454.92272839326927,3.259093080595056e-93,meaningfully_different,True,1.0,1.0,9.557197755243025e-07,9.183483086333261e-07,True,89,1.010869026184082,order8_rho1.25,1.0,8,1.25,800
True,4,4,0.6641750028998477,1.7645137379080507,1.7277262963102993,0.19000135065321316,3.8301111745175507,0.7141867240186413,395.65098859951365,1.5950616565452567e-80,meaningfully_different,True,1.0,1.0,6.991537112788044e-07,7.956186705056977e-07,True,90,0.9873318672180176,order8_rho1.25,1.0,8,1.25,800
True,4,4,0.6448695071829003,1.6634267251772665,1.618496918818662,0.18875484161187966,3.276720816997235,0.6944370030191027,361.27177387618775,3.5507854371156174e-73,meaningfully_different,True,1.0,1.0,8.423096779848175e-07,9.496714207086227e-07,True,91,1.0815129280090332,order8_rho1.25,1.0,8,1.25,800
True,4,4,0.6659555528057064,1.773987193251016,1.736642238165632,0.19779063128615015,3.7243535418010145,0.7179796089398496,380.4803778321217,2.794844865532255e-77,meaningfully_different,True,1.0,1.0,9.88302982763669e-07,7.178951762581776e-07,True,92,1.012192726135254,order8_rho1.25,1.0,8,1.25,800
True,4,4,0.7051614520358566,1.9890106937492706,1.947969287947946,0.22017167397148638,4.30559149979808,0.7599538578808457,403.4051118146787,3.500670382117194e-82,meaningfully_different,True,1.0,1.0,7.435269673998924e-07,8.88249993151416e-07,True,93,1.013267993927002,order8_rho1.25,1.0,8,1.25,800
True,4,4,0.6735575763862964,1.8147192348295265,1.7799692026872773,0.19000782610136224,4.104931984597267,0.7232745441046691,401.122708457321,1.0774901336588562e-81,meaningfully_different,True,1.0,1.0,9.73941902323944e-07,8.473122547076379e-07,True,94,0.9650487899780273,order8_rho1.25,1.0,8,1.25,800
True,4,4,0.6287991226528122,1.5815533465957858,1.5439754227249922,0.1775944581957065,3.063020255539389,0.6775124189663762,378.5130737561533,7.359257506742105e-77,meaningfully_different,True,1.0,1.0,8.462154381015053e-07,8.37012777440496e-07,True,95,0.9909048080444336,order8_rho1.25,1.0,8,1.25,800
True,4,4,0.6328069289510547,1.6017784373138608,1.5669199992091531,0.16936862725791896,3.347255087247254,0.679247119987662,401.80821835312736,7.687237183073129e-82,meaningfully_different,True,1.0,1.0,8.453034536894285e-07,9.523519956188675e-07,True,96,0.9534671306610107,order8_rho1.25,1.0,8,1.25,800
True,4,4,0.6221345717692414,1.5482057015619892,1.5073505345836247,0.18469099191212535,2.7470237142102656,0.672893041741321,310.32201288642796,2.612469894571764e-62,meaningfully_different,True,1.0,1.0,7.593553094794154e-07,7.238967911309151e-07,True,97,0.9988927841186523,order8_rho1.25,1.0,8,1.25,800
True,4,4,0.6885380097299812,1.896338363371695,1.8571246074549634,0.198238876674876,4.323695845294265,0.7387825361289374,413.45403687486396,2.477163284866515e-84,meaningfully_different,True,1.0,1.0,9.219400506025994e-07,8.764010699690335e-07,True,98,0.998136043548584,order8_rho1.25,1.0,8,1.25,800
True,4,4,0.6470289390671498,1.6745857919614455,1.6387613658805638,0.17984944860637433,3.5516448386704944,0.6954472272800397,380.60774108953,2.6250336884706452e-77,meaningfully_different,True,1.0,1.0,8.371564439617366e-07,8.885057077596482e-07,True,99,0.9708189964294434,order8_rho1.25,1.0,8,1.25,800
True,4,4,0.6104769220647854,1.4907282894947764,1.4493887918047261,0.19782703570063323,2.2716247565109104,0.6661053424545496,302.66658822874956,1.1144871765592408e-60,meaningfully_different,True,1.0,1.0,9.64810869958775e-07,9.972147337321773e-07,True,100,0.9963889122009277,order8_rho1.25,1.0,8,1.25,800
True,4,4,0.6846418777376391,1.8749380030084812,1.8342372079886131,0.21461232261452737,3.8871822355094467,0.739466541709224,365.78620441510003,3.855836998279653e-74,meaningfully_different,True,1.0,1.0,9.610181360715856e-07,8.979849655713196e-07,True,101,1.0145111083984375,order8_rho1.25,1.0,8,1.25,800
True,4,4,0.6206036018560861,1.5405953225469897,1.5066605821255508,0.167724452713738,3.020791386872423,0.6675595023105044,382.5282457365514,1.020060008901176e-77,meaningfully_different,True,1.0,1.0,8.138845019541279e-07,9.559748959088396e-07,True,102,0.9755358695983887,order8_rho1.25,1.0,8,1.25,800
True,4,4,0.6040404490483638,1.4594594563461962,1.4224792054743396,0.18028385482023407,2.343411205044429,0.6555569689119691,300.59014943183706,3.0836045627530905e-60,meaningfully_different,True,1.0,1.0,8.203664392110252e-07,7.08296830482695e-07,True,103,0.9893810749053955,order8_rho1.25,1.0,8,1.25,800
True,4,4,0.6602844606726334,1.7439022760230012,1.7080702391538811,0.1821956906540301,3.8863171604779057,0.7084764431053955,403.510754685553,3.323155124054512e-82,meaningfully_different,True,1.0,1.0,8.89672320358334e-07,7.822811107363977e-07,True,104,0.9705579280853271,order8_rho1.25,1.0,8,1.25,800
True,4,4,0.7039494412837367,1.9821792635347406,1.9422488049940396,0.21926059725822977,4.297392312054705,0.7587655095024063,389.0289864007194,4.157658080429696e-79,meaningfully_different,True,1.0,1.0,9.735348813943719e-07,9.626257558894266e-07,True,105,1.0950632095336914,order8_rho1.25,1.0,8,1.25,800
True,4,4,0.6135041310358103,1.5055492751920188,1.4676473864989235,0.17083266202630093,2.737458873215508,0.661181160922379,355.6381803533666,5.666066231805787e-72,meaningfully_different,True,1.0,1.0,8.597521497025262e-07,8.462844611466785e-07,True,106,1.0655930042266846,order8_rho1.25,1.0,8,1.25,800
True,4,4,0.6530587260705224,1.7059427987874147,1.6704975238939845,0.17083220955587358,3.924889373246015,0.6984789730876115,432.8217364024546,1.7687818152714707e-88,meaningfully_different,True,1.0,1.0,8.212694153597733e-07,8.825677435710798e-07,True,107,1.046638011932373,order8_rho1.25,1.0,8,1.25,800
True,4,4,0.6107290343518518,1.4919598136013814,1.4489466234763118,0.18213603543694765,2.4648973082085632,0.6611606729765724,306.98852991062415,1.339455781336985e-61,meaningfully_different,True,1.0,1.0,6.902390221384633e-07,9.652932397031918e-07,True,108,1.1224172115325928,order8_rho1.25,1.0,8,1.25,800
True,4,4,0.7005267631865658,1.9629509837625874,1.9279001454763183,0.18673420080195963,4.969095867234304,0.7475042763993571,454.77278966233126,3.5093602481780632e-93,meaningfully_different,True,1.0,1.0,9.446620679528029e-07,9.545521500138166e-07,True,109,0.985468864440918,order8_rho1.25,1.0,8,1.25,800
True,4,4,0.6734965558629767,1.814390443037167,1.7772119969129765,0.18942086381495882,4.1030960436977955,0.7226308863761797,410.0994986456699,1.2936630094644669e-83,meaningfully_different,True,1.0,1.0,7.431441412159027e-07,9.420058508508223e-07,True,110,1.0071921348571777,order8_rho1.25,1.0,8,1.25,800
True,4,4,0.620623813549786,1.540695671780318,1.500255503130793,0.1634554895238407,3.0604998619996087,0.6650405735590894,401.15926949490347,1.05825986816165e-81,meaningfully_different,True,1.0,1.0,9.338879143697757e-07,7.403035466757124e-07,True,111,1.02565598487854,order8_rho1.25,1.0,8,1.25,800
True,4,4,0.6966556373867024,1.9413163084106908,1.9041181958892204,0.1875316909122203,4.82114884951589,0.7437372482695969,502.8592529233438,1.7131321462265995e-103,meaningfully_different,True,1.0,1.0,8.783918556607567e-07,9.61003584579268e-07,True,112,0.9931180477142334,order8_rho1.25,1.0,8,1.25,800
True,4,4,0.6119011708222175,1.4976921714144027,1.460426344036539,0.16701924421197853,2.7567263054559885,0.6586251881095396,368.2804232540605,1.1306061843511135e-74,meaningfully_different,True,1.0,1.0,8.595658396350395e-07,8.262991545953095e-07,True,113,0.9894371032714844,order8_rho1.25,1.0,8,1.25,800
True,4,4,0.6597971056031526,1.741328882249191,1.6985460295968131,0.20846223620269094,3.3509475976147853,0.7143941305220151,367.48085428176114,1.6754029714781946e-74,meaningfully_different,True,1.0,1.0,7.738490650068222e-07,9.104969175081111e-07,True,114,1.0230329036712646,order8_rho1.25,1.0,8,1.25,800
True,4,4,0.668465572433556,1.787384886115687,1.7518020581413538,0.18817532059158398,3.9952213487817896,0.7178653976754933,395.7422699573025,1.5249479114230688e-80,meaningfully_different,True,1.0,1.0,7.019754846170175e-07,7.446257346768571e-07,True,115,0.9867439270019531,order8_rho1.25,1.0,8,1.25,800
True,4,4,0.6912806806140737,1.9114759175610279,1.8762892261691062,0.19896298011705046,4.404282774883965,0.7422186681908017,435.11604478578647,5.7059471580447985e-89,meaningfully_different,True,1.0,1.0,7.408536942176064e-07,9.871528383490429e-07,True,116,0.9791522026062012,order8_rho1.25,1.0,8,1.25,800
True,4,4,0.6558129047231438,1.7203622640056289,1.6746112152030286,0.22219607054027796,3.036107765374457,0.7141588107216716,319.84455070475246,2.4456034717375763e-64,meaningfully_different,True,1.0,1.0,9.111526028510287e-07,9.074744737142571e-07,True,117,1.0551600456237793,order8_rho1.25,1.0,8,1.25,800
True,4,4,0.6472299137865989,1.6756262452008328,1.633275762376919,0.205547629144646,3.0809198092539236,0.7020276927740754,313.8336182535449,4.667474683561938e-63,meaningfully_different,True,1.0,1.0,8.188910513718985e-07,9.72468483813878e-07,True,118,1.0368940830230713,order8_rho1.25,1.0,8,1.25,800
True,4,4,0.6416320403276694,1.6467667007001918,1.6104684759396997,0.17172848444239175,3.554846931316675,0.6879201800401059,405.9759948999384,9.865675353725362e-83,meaningfully_different,True,1.0,1.0,9.329654804847149e-07,8.293696236109353e-07,True,119,0.9862830638885498,order8_rho1.25,1.0,8,1.25,800
True,4,4,0.6752930058203839,1.8240825748397163,1.7873638890543342,0.1962440682818749,4.012166563543746,0.726318913517934,397.2895677493229,7.117409498199857e-81,meaningfully_different,True,1.0,1.0,6.564075539310971e-07,9.653609729973186e-07,True,120,1.0011508464813232,order8_rho1.25,1.0,8,1.25,800
True,4,4,0.6177986095188537,1.526700487693716,1.4875148516375223,0.17167406077550557,2.8397700237022696,0.6651867318951875,357.31622473364735,2.4831183078849533e-72,meaningfully_different,True,1.0,1.0,8.673681927272619e-07,8.535525465715593e-07,True,121,1.0056250095367432,order8_rho1.25,1.0,8,1.25,800
True,4,4,0.6495208482634481,1.687509329315477,1.6546322845366672,0.16632411886198784,3.9358830758626593,0.6943002078885465,455.9007763549061,2.0114169066766275e-93,meaningfully_different,True,1.0,1.0,8.359963711475995e-07,8.606945752648164e-07,True,122,0.9645540714263916,order8_rho1.25,1.0,8,1.25,800
True,4,4,0.6901568131943434,1.9052657071942871,1.8690680324347684,0.18202922263089413,4.774332493838105,0.7362878953728548,479.74052524650614,1.5591553742749213e-98,meaningfully_different,True,1.0,1.0,9.460286663647235e-07,9.081033449655837e-07,True,123,0.9950940608978271,order8_rho1.25,1.0,8,1.25,800
True,4,4,0.5957366706275735,1.4196087229217043,1.383742778881519,0.16444674086219582,2.3335383654887414,0.6430850637802612,328.15410640961517,4.1418852314386056e-66,meaningfully_different,True,1.0,1.0,7.59342124464281e-07,8.755429164714423e-07,True,124,0.984713077545166,order8_rho1.25,1.0,8,1.25,800
True,4,4,0.6809505817912778,1.8547747793675187,1.8136015158864776,0.20630269227704529,3.9437270881268316,0.7336448813166062,368.9336180275677,8.19913640618267e-75,meaningfully_different,True,1.0,1.0,9.58093947080065e-07,6.676214286202532e-07,True,125,1.038313865661621,order8_rho1.25,1.0,8,1.25,800
True,4,4,0.6097501180267176,1.4871808257343844,1.4468513375601193,0.1707733962861228,2.616633195087605,0.6572192514351982,321.4005820149506,1.1396764155149085e-64,meaningfully_different,True,1.0,1.0,8.731639650344234e-07,9.395374913045041e-07,True,126,1.009779930114746,order8_rho1.25,1.0,8,1.25,800
True,4,4,0.635395284376676,1.6149086696324682,1.5764177117090066,0.18261727664643362,3.156424859105813,0.6849810949115481,411.5817609033669,6.232031724006056e-84,meaningfully_different,True,1.0,1.0,9.94021213409243e-07,9.932575249840276e-07,True,127,1.0218932628631592,order8_rho1.25,1.0,8,1.25,800
True,4,4,0.6426432879156457,1.6519615820121263,1.6177732794353146,0.1671208703297522,3.696565714481763,0.6878703818919111,430.66845979408583,5.114281046867363e-88,meaningfully_different,True,1.0,1.0,6.733784507730464e-07,9.363891232566082e-07,True,128,0.9552218914031982,order8_rho1.25,1.0,8,1.25,800
True,4,4,0.6626248023722517,1.7562865148754627,1.7170646775023286,0.1934401365155324,3.7069074206569916,0.7133101337510722,365.3959384066362,4.6717617151304395e-74,meaningfully_different,True,1.0,1.0,7.033529956563593e-07,8.577807348898756e-07,True,129,0.9881491661071777,order8_rho1.25,1.0,8,1.25,800
True,4,4,0.5973932487878323,1.4275147747891235,1.3844755711946768,0.1736411845468846,2.2141957404746058,0.6461597912638889,306.2700345638449,1.9050868473172612e-61,meaningfully_different,True,1.0,1.0,7.72487438479663e-07,7.472141892711289e-07,True,130,1.0383777618408203,order8_rho1.25,1.0,8,1.25,800
True,4,4,0.6737049610641085,1.815513498249568,1.784149172654445,0.16423492995016753,4.774557841577142,0.7166400060098339,513.5602950752713,8.65796194368271e-106,meaningfully_different,True,1.0,1.0,7.592131656185857e-07,7.14348165297936e-07,True,131,0.9373466968536377,order8_rho1.25,1.0,8,1.25,800
True,4,4,0.6664181925276683,1.7764528293273774,1.7376321357092082,0.18279329467374028,4.035334759000736,0.7138452825080024,425.1686372926198,7.698195960891824e-87,meaningfully_different,True,1.0,1.0,7.12887098993057e-07,9.877375859999994e-07,True,132,0.9942886829376221,order8_rho1.25,1.0,8,1.25,800
True,4,4,0.6366388643469343,1.6212361743878168,1.5837985633555471,0.18042731457975386,3.2356440304801635,0.6856703081917667,377.60226002533625,1.1521061141122836e-76,meaningfully_different,True,1.0,1.0,9.875487142094346e-07,8.690372584748949e-07,True,133,0.9879453182220459,order8_rho1.25,1.0,8,1.25,800
True,4,4,0.6471261195062391,1.6750888581888128,1.6413937798142584,0.1642204272923784,3.9056881679665802,0.6912872675786904,447.2684640577236,1.4229496328348502e-91,meaningfully_different,True,1.0,1.0,7.208436835240093e-07,8.612459734834202e-07,True,134,0.9554340839385986,order8_rho1.25,1.0,8,1.25,800
True,4,4,0.6344436768311914,1.6100751162843248,1.5748037295138397,0.17541422332783072,3.276836499396016,0.6825200456714619,398.3148931349233,4.295528051489177e-81,meaningfully_different,True,1.0,1.0,5.867981337090415e-07,8.489140940761265e-07,True,135,0.976489782333374,order8_rho1.25,1.0,8,1.25,800
True,4,4,0.621675163090249,1.5459200336131507,1.5073184530953787,0.17062370039764932,2.973317610115365,0.6685748771712735,354.74163291468415,8.804291511165019e-72,meaningfully_different,True,1.0,1.0,9.59472976322092e-07,9.949174033592037e-07,True,136,0.9928016662597656,order8_rho1.25,1.0,8,1.25,800
True,4,4,0.7445327265935676,2.2173159238754083,2.1794194626148338,0.22455492883273367,5.252253730281551,0.7982448640228113,449.76546697088105,4.1513871369281845e-92,meaningfully_different,True,1.0,1.0,9.017881682246644e-07,9.453879707073376e-07,True,137,1.0101940631866455,order8_rho1.25,1.0,8,1.25,800
True,4,4,0.6687545129152119,1.7889303941778496,1.7524689415010046,0.1843815695903063,4.081042064957912,0.7168942800344806,412.57040540426453,3.8287661240225963e-84,meaningfully_different,True,1.0,1.0,8.085484150640926e-07,8.426953176319527e-07,True,138,0.9963178634643555,order8_rho1.25,1.0,8,1.25,800
True,4,4,0.5961519726937978,1.4215886981868264,1.3858601680442335,0.15738288278474588,2.4517289378412155,0.6412355210086231,354.1885827608136,1.155490695054452e-71,meaningfully_different,True,1.0,1.0,8.992441166386221e-07,9.78786967145225e-07,True,139,0.9951989650726318,order8_rho1.25,1.0,8,1.25,800
True,4,4,0.6360220017047973,1.6180959466103086,1.5832486064342506,0.17343720967450976,3.3628804771988396,0.683470451046662,382.1473305126278,1.2304081537719778e-77,meaningfully_different,True,1.0,1.0,9.400906573869432e-07,8.85119803421868e-07,True,140,0.9642002582550049,order8_rho1.25,1.0,8,1.25,800
True,4,4,0.6555268759610821,1.7188619404291836,1.6851940678211457,0.16929392831221646,4.0473635094431275,0.7006528740800179,426.37119428451405,4.255195987056059e-87,meaningfully_different,True,1.0,1.0,7.487366274022064e-07,9.055176282499882e-07,True,141,0.9813220500946045,order8_rho1.25,1.0,8,1.25,800
True,4,4,0.6362991868470552,1.6195066207288948,1.5841807141934636,0.16513867264776458,3.537516105870017,0.6811405249374191,411.0519538104939,8.091066878357663e-84,meaningfully_different,True,1.0,1.0,9.792227183085429e-07,8.481159758046173e-07,True,142,1.0074939727783203,order8_rho1.25,1.0,8,1.25,800
True,4,4,0.692736996435602,1.919538184922477,1.8849925422078189,0.18474568449424922,4.790328632739278,0.7397418724480549,507.16587770337526,2.0402610694312203e-104,meaningfully_different,True,1.0,1.0,9.993313210281021e-07,8.755503016488848e-07,True,143,1.0100328922271729,order8_rho1.25,1.0,8,1.25,800
True,4,4,0.6810878021072803,1.8555223767173032,1.822073872171482,0.1850587157831047,4.442232664874759,0.7291207670931996,429.53680225168523,8.93529415968948e-88,meaningfully_different,True,1.0,1.0,7.418512422726119e-07,8.36426413209707e-07,True,144,0.9998800754547119,order8_rho1.25,1.0,8,1.25,800
True,4,4,0.5871874054685375,1.3791561965634906,1.343546949100222,0.15535118333011755,2.2114215143774802,0.6322730633302294,331.9770041406184,6.33964377110983e-67,meaningfully_different,True,1.0,1.0,7.432197143749933e-07,9.016698086510394e-07,True,145,0.9773330688476562,order8_rho1.25,1.0,8,1.25,800
True,4,4,0.6264697420058422,1.5698573505954656,1.5327818632958368,0.1746254706392111,3.05099743666033,0.6745396952802057,342.09673302233296,4.400306011985859e-69,meaningfully_different,True,1.0,1.0,8.257854914785723e-07,9.889503997703802e-07,True,146,0.9852809906005859,order8_rho1.25,1.0,8,1.25,800
True,4,4,0.6182108579892794,1.528738659743364,1.4922826188204965,0.18350486369539193,2.6826679626195564,0.6697240587423109,328.69470873942646,3.176429549167069e-66,meaningfully_different,True,1.0,1.0,6.744941117665919e-07,6.858012411637203e-07,True,147,0.9992599487304688,order8_rho1.25,1.0,8,1.25,800
True,4,4,0.6699479244113448,1.7953208856922758,1.76017663861698,0.18305017375548288,4.152832106198481,0.7178557272935807,421.74104390295275,4.1704737726667505e-86,meaningfully_different,True,1.0,1.0,9.635896732323885e-07,7.761083292568831e-07,True,148,0.9609882831573486,order8_rho1.25,1.0,8,1.25,800
True,4,4,0.6530906449226475,1.7061095619419184,1.6694528674170364,0.1711466372716882,3.9115747647107297,0.6983845707190847,436.88068690984915,2.3899538950525203e-89,meaningfully_different,True,1.0,1.0,6.917797625929814e-07,8.033732225814111e-07,True,149,0.9761340618133545,order8_rho1.25,1.0,8,1.25,800
True,4,4,0.654653346134329,1.7142840144194942,1.6768311119473098,0.18246582156397295,3.709358312400502,0.7030221689857103,407.42315425068296,4.8360781115146415e-83,meaningfully_different,True,1.0,1.0,9.019611970373833e-07,7.829328834660218e-07,True,150,0.9895119667053223,order8_rho1.25,1.0,8,1.25,800
True,4,4,0.5972170250530265,1.4266727000527495,1.3892529266349933,0.16959098469539352,2.295245394878389,0.6457951054532473,340.3267963189421,1.049787143865284e-68,meaningfully_different,True,1.0,1.0,7.565562425453455e-07,9.597599980616166e-07,True,151,0.9867191314697266,order8_rho1.25,1.0,8,1.25,800
True,4,4,0.6395173149105489,1.6359295842815926,1.6040887797146803,0.1655815384769763,3.648285825044906,0.6849171799996587,421.56021650308924,4.55927175034533e-86,meaningfully_different,True,1.0,1.0,8.052187929719743e-07,7.549922698522355e-07,True,152,0.950286865234375,order8_rho1.25,1.0,8,1.25,800
True,4,4,0.6681591246871051,1.7857464636105542,1.7460118564455833,0.19424876422758863,3.8404973097874113,0.7185963124063771,406.4846032771642,7.679042662089769e-83,meaningfully_different,True,1.0,1.0,9.28293112456981e-07,9.353623113300558e-07,True,153,1.010033130645752,order8_rho1.25,1.0,8,1.25,800
True,4,4,0.607484545615336,1.4761498926458851,1.4384863970746509,0.15926229002602224,2.7532342841673665,0.6520064325719016,391.2631744196126,1.383960208552905e-79,meaningfully_different,True,1.0,1.0,7.325359618645694e-07,7.505140563231942e-07,True,154,1.0083582401275635,order8_rho1.25,1.0,8,1.25,800
True,4,4,0.6200249588260592,1.5377237982690257,1.5051170771892246,0.16876228316799366,2.9930685204490155,0.6675901307596432,358.5677558314329,1.3420255447439623e-72,meaningfully_different,True,1.0,1.0,8.52979169807714e-07,9.87614329495874e-07,True,155,0.9596278667449951,order8_rho1.25,1.0,8,1.25,800
True,4,4,0.6455818658864614,1.6671037822457802,1.6280425989657272,0.17196789698766535,3.6520921053699604,0.6911773683442453,409.4125489800389,1.8147501160602825e-83,meaningfully_different,True,1.0,1.0,8.452027198289947e-07,9.824354734017928e-07,True,156,1.0254631042480469,order8_rho1.25,1.0,8,1.25,800
True,4,4,0.6467624107555815,1.6732064638654862,1.6420937391858068,0.16568354845045977,3.875422425406323,0.6918487776929174,453.07977121450176,8.091412522384397e-93,meaningfully_different,True,1.0,1.0,8.16760815584173e-07,9.057576257698549e-07,True,157,0.9521987438201904,order8_rho1.25,1.0,8,1.25,800
True,4,4,0.6143353794043452,1.509631833551523,1.4786751153470676,0.15077166151715615,3.1748347834755384,0.657014541246056,438.9063154053952,8.800942499755333e-90,meaningfully_different,True,1.0,1.0,9.330421297827256e-07,9.191839385527757e-07,True,158,0.9533519744873047,order8_rho1.25,1.0,8,1.25,800
True,4,4,0.6291897220024744,1.5835188250942036,1.5484081253953756,0.17118557581127394,3.203588402798471,0.6763843841800175,375.8945336365404,2.669600932701374e-76,meaningfully_different,True,1.0,1.0,8.399558184621234e-07,7.791602963460705e-07,True,159,0.9811210632324219,order8_rho1.25,1.0,8,1.25,800
True,4,4,0.6167276200502099,1.5214118293311842,1.4850596532507152,0.17587895375484533,2.7579175500829485,0.666024546889753,342.44850412848444,3.701927640101923e-69,meaningfully_different,True,1.0,1.0,9.981422391648219e-07,9.0364760315586e-07,True,160,0.9891688823699951,order8_rho1.25,1.0,8,1.25,800
True,4,4,0.6958182915376261,1.936652379353363,1.8968912027190115,0.20503957222044286,4.3742346562971886,0.7473538798244085,430.4204256989873,5.779595295679957e-88,meaningfully_different,True,1.0,1.0,9.301729239359525e-07,7.975894038404819e-07,True,161,1.0262389183044434,order8_rho1.25,1.0,8,1.25,800
True,4,4,0.6938622297822972,1.9257791756738456,1.8882511691781827,0.19597648715512062,4.53243744733065,0.7434049712089117,454.2490000661451,4.544358429899482e-93,meaningfully_different,True,1.0,1.0,9.095566086535566e-07,8.630873567762385e-07,True,162,1.0014381408691406,order8_rho1.25,1.0,8,1.25,800
True,4,4,0.6278832296155853,1.5769494001299913,1.5411698993578773,0.16729355853698766,3.2348519816931725,0.6738589088012156,409.8726232190127,1.446668702654246e-83,meaningfully_different,True,1.0,1.0,9.230094464849622e-07,9.645734903548827e-07,True,163,0.994821310043335,order8_rho1.25,1.0,8,1.25,800
True,4,4,0.6316081668146059,1.595715505547628,1.5578346222136288,0.1738150238992082,3.2093579122199802,0.6789209995818546,379.8852756463425,3.7458801457504505e-77,meaningfully_different,True,1.0,1.0,9.555758291548648e-07,9.296680595445464e-07,True,164,1.013719081878662,order8_rho1.25,1.0,8,1.25,800
True,4,4,0.6510795801423944,1.6956184787135862,1.6559633593535534,0.1883742869332265,3.482234067253958,0.7010369976755985,364.27771209812295,8.097092565636485e-74,meaningfully_different,True,1.0,1.0,5.9505243837141e-07,8.062629790311277e-07,True,165,1.0255999565124512,order8_rho1.25,1.0,8,1.25,800
True,4,4,0.6307752767330058,1.5915097989504003,1.554862816845022,0.18143725352336704,3.058152645446444,0.68067990666815,378.6870071506687,6.755542408876174e-77,meaningfully_different,True,1.0,1.0,8.718849341711835e-07,9.61013644559316e-07,True,166,0.997934103012085,order8_rho1.25,1.0,8,1.25,800
True,4,4,0.7097920923402669,2.0152192573950956,1.9776166072682375,0.20157604304099105,4.849865055985033,0.7597992650645856,463.1555865218468,5.605571498188566e-95,meaningfully_different,True,1.0,1.0,9.035933410193876e-07,8.078875753545516e-07,True,167,1.0088272094726562,order8_rho1.25,1.0,8,1.25,800
True,4,4,0.6401658637838252,1.6392493326163644,1.5892656107353187,0.20724951128916,2.8432665875537806,0.6946511212585806,314.74837698405605,2.9799739041336655e-63,meaningfully_different,True,1.0,1.0,9.748054250303588e-07,9.720337448017842e-07,True,168,1.0666601657867432,order8_rho1.25,1.0,8,1.25,800
True,4,4,0.697522172125153,1.946148722424766,1.9083159869954447,0.196528530055547,4.621802171617106,0.7469231306594998,418.15206102405,2.4459159155629498e-85,meaningfully_different,True,1.0,1.0,9.69994000208847e-07,8.121300978850941e-07,True,169,1.0082299709320068,order8_rho1.25,1.0,8,1.25,800
True,4,4,0.608087869684645,1.4790834290304393,1.4409503016090512,0.17276441463701303,2.552321336170476,0.6567195892526905,351.44042450986694,4.460984930581513e-71,meaningfully_different,True,1.0,1.0,8.35110951920521e-07,8.321918703531349e-07,True,170,1.0095200538635254,order8_rho1.25,1.0,8,1.25,800
True,4,4,0.668211479058692,1.7860263229832196,1.7481739992651983,0.17790528590232538,4.2054624485748295,0.7142832340947597,454.5292533809713,3.957458512592527e-93,meaningfully_different,True,1.0,1.0,9.982529042368826e-07,6.928204409847754e-07,True,171,1.0000391006469727,order8_rho1.25,1.0,8,1.25,800
True,4,4,0.6525807552228694,1.703446568349002,1.6675575012479689,0.1762503384141317,3.7875530183631367,0.6995469086558596,415.1437042862635,1.0772981229803958e-84,meaningfully_different,True,1.0,1.0,9.567195218267726e-07,7.535888431468226e-07,True,172,0.9782431125640869,order8_rho1.25,1.0,8,1.25,800
True,4,4,0.6585025501987528,1.734502434473044,1.7029385015791154,0.17596719308235287,3.9947133852964245,0.7057582407143917,443.33082245491505,9.92586715425189e-91,meaningfully_different,True,1.0,1.0,9.769946484744481e-07,9.967120344504258e-07,True,173,0.942467212677002,order8_rho1.25,1.0,8,1.25,800
True,4,4,0.6400104664823888,1.6384535888280198,1.600758770203828,0.1870331151195512,3.2120449355710305,0.6907244146488986,357.91741526705005,1.847687457837318e-72,meaningfully_different,True,1.0,1.0,9.455734233335146e-07,9.79164933165479e-07,True,174,1.015854835510254,order8_rho1.25,1.0,8,1.25,800
True,4,4,0.617145791334397,1.523475711047036,1.485009193341123,0.17501402796030155,2.771258961316733,0.6657480101357817,358.6272735358384,1.3033219475441837e-72,meaningfully_different,True,1.0,1.0,9.399843504109651e-07,9.050763024795196e-07,True,175,1.0045318603515625,order8_rho1.25,1.0,8,1.25,800
True,4,4,0.7014473420181632,1.968113494497384,1.9307930548159646,0.20682030606939572,4.500491622440834,0.7534889158742522,415.0731150727961,1.1154334733405094e-84,meaningfully_different,True,1.0,1.0,7.101902358377474e-07,9.060141721983663e-07,True,176,1.0139060020446777,order8_rho1.25,1.0,8,1.25,800
True,4,4,0.6005370451570256,1.4425789704237255,1.4057278076182047,0.16785594042288235,2.417119147502601,0.6484262217145704,334.7395812200872,1.6327169635225687e-67,meaningfully_different,True,1.0,1.0,9.958636536596297e-07,8.892029894056624e-07,True,177,0.9934291839599609,order8_rho1.25,1.0,8,1.25,800
True,4,4,0.6513339048610405,1.6969434224861237,1.6616572683481055,0.1716795380558655,3.8540252137258104,0.6971450672551318,411.93175114295155,5.244840400019324e-84,meaningfully_different,True,1.0,1.0,8.958426020635263e-07,6.486048574565162e-07,True,178,0.9771039485931396,order8_rho1.25,1.0,8,1.25,800
True,4,4,0.6533759953522538,1.7076007652101934,1.6692608310081931,0.1741021989200743,3.844068800736015,0.6992198267287091,451.7594697444571,1.5521683506094663e-92,meaningfully_different,True,1.0,1.0,9.55154640774988e-07,8.365728921155374e-07,True,179,1.0100958347320557,order8_rho1.25,1.0,8,1.25,800
True,4,4,0.6407379269989762,1.6421803643797814,1.6077184215051545,0.16336858976450624,3.7199220632385512,0.6849152938337064,420.32884495444137,8.365489000001864e-86,meaningfully_different,True,1.0,1.0,9.070407873383748e-07,9.880559983862652e-07,True,180,0.9696497917175293,order8_rho1.25,1.0,8,1.25,800
True,4,4,0.625693770980024,1.565970780172811,1.5283878480909734,0.1835290934027201,2.8790413459490347,0.6764366827400686,342.4806731372438,3.6438809536548013e-69,meaningfully_different,True,1.0,1.0,8.865127572642209e-07,7.655915889420247e-07,True,181,0.9990298748016357,order8_rho1.25,1.0,8,1.25,800
True,4,4,0.6426197538442224,1.651840592123236,1.6094951292071475,0.18729490042998523,3.254200342923857,0.6923813662803404,363.69374845131523,1.0790869831856409e-73,meaningfully_different,True,1.0,1.0,9.161028291695395e-07,8.66836258238721e-07,True,182,1.0408101081848145,order8_rho1.25,1.0,8,1.25,800
True,4,4,0.6637555025754991,1.7622854687970138,1.7296178763053716,0.16994056336913219,4.293370940053612,0.7087216005472926,465.2422495568435,2.0014196291291143e-95,meaningfully_different,True,1.0,1.0,7.263165310548084e-07,9.771342143355065e-07,True,183,0.9644320011138916,order8_rho1.25,1.0,8,1.25,800
True,4,4,0.6939377880974602,1.9261986149983825,1.8896524465185252,0.1881724225118813,4.727857752175944,0.7414796926044971,466.31813228222705,1.1768190230317568e-95,meaningfully_different,True,1.0,1.0,9.496576179551002e-07,7.617868423606816e-07,True,184,0.9907190799713135,order8_rho1.25,1.0,8,1.25,800
True,4,4,0.6951453509672227,1.9329082358853729,1.895811677911555,0.18896089333105942,4.740725248065447,0.7427356004425697,474.9317009510735,1.6751041188347111e-97,meaningfully_different,True,1.0,1.0,7.489744749766758e-07,9.077155130522221e-07,True,185,1.0084710121154785,order8_rho1.25,1.0,8,1.25,800
True,4,4,0.5892450204505836,1.3888387765032348,1.3552900216123378,0.15699130819916507,2.2631190585507035,0.6351215915680223,356.01905857498843,4.698526858212343e-72,meaningfully_different,True,1.0,1.0,9.828390992795859e-07,9.28352491522402e-07,True,186,0.9833920001983643,order8_rho1.25,1.0,8,1.25,800
True,4,4,0.6592281978101069,1.738327267151846,1.7031269891573602,0.17217422588820078,4.083810950971994,0.7046858145792935,440.06474448272235,4.970476757460124e-90,meaningfully_different,True,1.0,1.0,9.585772012593518e-07,8.53043461372104e-07,True,187,1.0004470348358154,order8_rho1.25,1.0,8,1.25,800
True,4,4,0.6473466090793416,1.6762305291460875,1.6338565741185436,0.18726746744942527,3.384766092859814,0.6967575164938566,400.11831465282603,1.767114042637118e-81,meaningfully_different,True,1.0,1.0,9.9609327257796e-07,9.63982967302713e-07,True,188,1.0366787910461426,order8_rho1.25,1.0,8,1.25,800
True,4,4,0.7252661103810281,2.104043723468902,2.068617583655714,0.18764484289513703,5.694894499460865,0.770919237675147,547.8986005690736,3.6724377853781063e-113,meaningfully_different,True,1.0,1.0,9.428805832166885e-07,8.756356642440532e-07,True,189,0.9748630523681641,order8_rho1.25,1.0,8,1.25,800
True,4,4,0.6060312241798285,1.4690953787236058,1.4319545575417398,0.16799072461942585,2.571300043620326,0.6535049177753386,335.7348556928715,1.001462465782182e-67,meaningfully_different,True,1.0,1.0,9.885898920816736e-07,9.144332676611764e-07,True,190,0.9991271495819092,order8_rho1.25,1.0,8,1.25,800
True,4,4,0.6131618628201366,1.5038698800682404,1.466478860453984,0.17116172138917987,2.7253690642274226,0.6610625610856043,333.58788903572895,2.874314849205102e-67,meaningfully_different,True,1.0,1.0,9.81289060383844e-07,9.850692428964666e-07,True,191,1.0040779113769531,order8_rho1.25,1.0,8,1.25,800
True,4,4,0.5824205486369286,1.3568547818981638,1.3185129216672717,0.15578658826270161,2.0445464864418628,0.6274470209510864,327.49976592926396,5.710862491262868e-66,meaningfully_different,True,1.0,1.0,9.161236454304359e-07,9.457119519980679e-07,True,192,0.9832921028137207,order8_rho1.25,1.0,8,1.25,800
True,4,4,0.5570728946275718,1.2413208397149669,1.2045612791748672,0.14787889835977397,1.383302698652724,0.6016228929926806,329.86702801209634,1.7864200065478494e-66,inconclusive,True,1.0,1.0,8.949195900527938e-07,8.397217801803238e-07,True,193,0.9910409450531006,order8_rho1.25,1.0,8,1.25,800
True,4,4,0.575735757954639,1.3258866519504107,1.2885427949530706,0.1560207386301655,1.849387443531067,0.6215251549150175,309.0764748277651,4.811833598383289e-62,meaningfully_different,True,1.0,1.0,7.774686250860361e-07,7.639521857832003e-07,True,194,1.0101110935211182,order8_rho1.25,1.0,8,1.25,800
True,4,4,0.6353108858162829,1.6144796865466804,1.5777761158795198,0.18148132840720074,3.1836669973184692,0.6848880085703931,399.844027810562,2.0227222280162998e-81,meaningfully_different,True,1.0,1.0,9.804851233098405e-07,9.719284346618268e-07,True,195,0.9935719966888428,order8_rho1.25,1.0,8,1.25,800
True,4,4,0.6494209198419872,1.6869901245136512,1.6503561583024624,0.19340925454360763,3.362590688005717,0.7015137333161225,349.3514206224247,1.2454582338540172e-70,meaningfully_different,True,1.0,1.0,7.971036648988825e-07,8.769388458641957e-07,True,196,1.0002429485321045,order8_rho1.25,1.0,8,1.25,800
True,4,4,0.6231296293986459,1.553162140137975,1.518420062587828,0.16613291847771708,3.120513787021457,0.6692690781931312,387.7334013266866,7.867880402746395e-79,meaningfully_different,True,1.0,1.0,8.266331774146478e-07,8.800596907008182e-07,True,197,0.9869577884674072,order8_rho1.25,1.0,8,1.25,800
True,4,4,0.6826492162528939,1.864039809802761,1.8298122572441498,0.17336138611724283,4.786603728946623,0.7271461960934045,491.26658785292443,5.258249773296579e-101,meaningfully_different,True,1.0,1.0,9.753472489768188e-07,6.927654280363792e-07,True,198,0.9778399467468262,order8_rho1.25,1.0,8,1.25,800
True,4,4,0.6894449672149957,1.901337451272346,1.8687394416371323,0.17499456883898465,4.964379451321564,0.7342649203265714,525.7146197674497,2.1305694288421756e-108,meaningfully_different,True,1.0,1.0,9.86866076602366e-07,7.332853170167209e-07,True,199,0.9701831340789795,order8_rho1.25,1.0,8,1.25,800
True,4,4,0.6466771796208289,1.6727654985693992,1.6331705343299878,0.19172792472570122,3.3024429552233663,0.6979496591271709,370.1893585371877,4.420694842338754e-75,meaningfully_different,True,1.0,1.0,9.407370443296029e-07,9.233263249971142e-07,True,200,1.025850772857666,order8_rho1.25,1.0,8,1.25,800
True,4,4,0.6730049418217952,1.8117426068662312,1.7690139128356528,0.19777870705877337,3.888254323591705,0.7235901699987102,388.7317092753419,4.812944409091496e-79,meaningfully_different,True,1.0,1.0,9.501538249967304e-07,7.920984600516107e-07,True,201,1.0689022541046143,order8_rho1.25,1.0,8,1.25,800
True,4,4,0.6384403691996062,1.6304244200949178,1.5980621431052644,0.1671707489165181,3.5775525741284158,0.6842940807468659,407.63449249224595,4.3578684329962484e-83,meaningfully_different,True,1.0,1.0,9.759018732066984e-07,8.747508769028912e-07,True,202,0.9985601902008057,order8_rho1.25,1.0,8,1.25,800
True,4,4,0.6274107162978024,1.5745768277012862,1.5393769028982773,0.1672842972925348,3.2243128113516453,0.673523400861457,379.5428562471698,4.4334376847617084e-77,meaningfully_different,True,1.0,1.0,7.825712150453663e-07,9.603589170754595e-07,True,203,1.0117099285125732,order8_rho1.25,1.0,8,1.25,800
True,4,4,0.6507431520989706,1.6938666000148157,1.6540522220999736,0.19293959694024843,3.3899325616531035,0.7020344752769796,375.78246029024433,2.820956099608745e-76,meaningfully_different,True,1.0,1.0,8.599814464707735e-07,8.925026698237531e-07,True,204,1.0515878200531006,order8_rho1.25,1.0,8,1.25,800
True,4,4,0.6544961527108225,1.7134608556530733,1.6725046551531537,0.18508017867103094,3.6335855086269984,0.7030175065951462,402.4549784873733,5.590016578585079e-82,meaningfully_different,True,1.0,1.0,9.906157160105296e-07,9.318900321950945e-07,True,205,1.080568790435791,order8_rho1.25,1.0,8,1.25,800
True,4,4,0.6841934241080166,1.8724825663706095,1.8391717392529705,0.18056423142345518,4.647497085316769,0.7307827088484554,451.6347033394834,1.65071928931008e-92,meaningfully_different,True,1.0,1.0,9.953780535055837e-07,9.783192222969093e-07,True,206,1.0078001022338867,order8_rho1.25,1.0,8,1.25,800
True,4,4,0.6316642184454219,1.5959987394570627,1.5614146667469961,0.16781442943475297,3.345449307535719,0.6777619124105347,400.6717306389244,1.345499675500516e-81,meaningfully_different,True,1.0,1.0,6.505833008006303e-07,9.785927484323885e-07,True,207,1.0208981037139893,order8_rho1.25,1.0,8,1.25,800
True,4,4,0.6192972524249186,1.5341163474442134,1.5016831470596015,0.16320123639842632,3.0740156026442884,0.6652302783007771,397.86312139076915,5.365947676745369e-81,meaningfully_different,True,1.0,1.0,9.824367717068303e-07,7.766206406819256e-07,True,208,0.994469165802002,order8_rho1.25,1.0,8,1.25,800
True,4,4,0.6707407526105063,1.7995726288500333,1.7613728167979874,0.19296857337267498,3.9455793422256833,0.7208983760901538,416.5407591971808,5.411594868131877e-85,meaningfully_different,True,1.0,1.0,8.620065034044896e-07,9.905353016976025e-07,True,209,1.0258312225341797,order8_rho1.25,1.0,8,1.25,800
True,4,4,0.6715662073258034,1.804004683287856,1.763055548084843,0.18493869534959642,4.125991840930916,0.7188971817816335,432.0472381184053,2.5913840560970233e-88,meaningfully_different,True,1.0,1.0,8.679078431392225e-07,8.963351304274912e-07,True,210,1.0395309925079346,order8_rho1.25,1.0,8,1.25,800
True,4,4,0.6204540125790153,1.5398527269016036,1.5064420707971018,0.16743128952247247,3.024775549668855,0.6674282797861697,378.12703134365995,8.89896770835982e-77,meaningfully_different,True,1.0,1.0,9.61829956379265e-07,9.452503825213307e-07,True,211,0.9870820045471191,order8_rho1.25,1.0,8,1.25,800
True,4,4,0.6277835534569092,1.5764487599639359,1.5342219174296523,0.18731444051312449,2.852006049113022,0.6786616893357196,360.3478360318472,5.5929023754143463e-73,meaningfully_different,True,1.0,1.0,7.691195516416273e-07,9.518670066416263e-07,True,212,1.0548889636993408,order8_rho1.25,1.0,8,1.25,800
True,4,4,0.6056682350144716,1.467336043622181,1.4329280219505451,0.1644551362966994,2.632499243863592,0.6525780890742061,356.4602735458316,3.782314664093244e-72,meaningfully_different,True,1.0,1.0,9.893641945009388e-07,8.172935413369968e-07,True,213,1.0103280544281006,order8_rho1.25,1.0,8,1.25,800
True,4,4,0.6115545649891122,1.4959959438360888,1.45419241349358,0.1744698495289204,2.6032716524942745,0.6597669623217167,370.9875923411838,2.985021107620023e-75,meaningfully_different,True,1.0,1.0,9.024538397350749e-07,6.756301721962154e-07,True,214,1.061401128768921,order8_rho1.25,1.0,8,1.25,800
True,4,4,0.6071262627407288,1.4744091956380978,1.4347930917293612,0.17108786207613044,2.541343882921908,0.6550205306310363,344.9791189170452,1.0676978663050546e-69,meaningfully_different,True,1.0,1.0,7.693177854169136e-07,8.678116983694183e-07,True,215,1.0451829433441162,order8_rho1.25,1.0,8,1.25,800
True,4,4,0.6364846045773742,1.6204506074560658,1.58373554346701,0.17154942226998696,3.402725207365132,0.682991440811894,439.7208424351635,5.889270518949044e-90,meaningfully_different,True,1.0,1.0,8.783579618854403e-07,9.168654336099269e-07,True,216,1.0111639499664307,order8_rho1.25,1.0,8,1.25,800
True,4,4,0.6838716231043825,1.8707215875496903,1.83142924979992,0.20317008077812726,4.092281927612589,0.7358013138843675,403.2054209317381,3.862528126121555e-82,meaningfully_different,True,1.0,1.0,7.999713686920483e-07,9.439159393815909e-07,True,217,1.0374960899353027,order8_rho1.25,1.0,8,1.25,800
True,4,4,0.6696290903487333,1.7936124745650883,1.7527836285522254,0.18779040386642898,4.008637358742053,0.7179260678263819,437.3159697243018,1.928237697674089e-89,meaningfully_different,True,1.0,1.0,9.144785389550685e-07,8.977712488562062e-07,True,218,1.0173470973968506,order8_rho1.25,1.0,8,1.25,800
True,4,4,0.6267914370859884,1.5714700224172744,1.5281820186137374,0.18862446878792616,2.8001776334097026,0.6779457316465958,291.67856465527416,2.4279550681998206e-58,meaningfully_different,True,1.0,1.0,9.99450252352204e-07,8.063063370327157e-07,True,219,1.0431857109069824,order8_rho1.25,1.0,8,1.25,800
True,4,4,0.622188600479658,1.5484746182673415,1.5095324659755538,0.18672364890934895,2.7288052100080953,0.6739186777946041,347.94318690753107,2.488233096977789e-70,meaningfully_different,True,1.0,1.0,9.881904943906196e-07,8.716309887889089e-07,True,220,1.0123021602630615,order8_rho1.25,1.0,8,1.25,800
True,4,4,0.6661248965130167,1.7748895110179086,1.7365096873642445,0.1945880964217392,3.784967841855934,0.7170388105823012,390.650466291448,1.8712857046299114e-79,meaningfully_different,True,1.0,1.0,7.868870986728652e-07,9.482392598751816e-07,True,221,1.0195260047912598,order8_rho1.25,1.0,8,1.25,800
True,4,4,0.5987145640592925,1.4338365168668346,1.395933354843025,0.16759891381035327,2.3623861625442504,0.6464536016020623,316.9346689919377,1.0195921117165801e-63,meaningfully_different,True,1.0,1.0,7.390461792471447e-07,9.43320976995603e-07,True,222,0.9868700504302979,order8_rho1.25,1.0,8,1.25,800
True,4,4,0.6683359422455708,1.7866917267890996,1.7515008404063823,0.19280603207547137,3.8977039894281797,0.7191381198288412,409.04388977791433,2.1762170258611984e-83,meaningfully_different,True,1.0,1.0,8.16820867196184e-07,9.894707023227024e-07,True,223,0.966378927230835,order8_rho1.25,1.0,8,1.25,800
True,4,4,0.6146782008301863,1.5113171623033395,1.4723749800245403,0.17393422691817834,2.715825334634992,0.6630368247733127,347.15759766831013,3.660594758532674e-70,meaningfully_different,True,1.0,1.0,8.253070310772787e-07,8.917616033685009e-07,True,224,0.9977548122406006,order8_rho1.25,1.0,8,1.25,800
True,4,4,0.6302913025899858,1.5890685044823243,1.5500375197496337,0.18555200073735462,2.9643308483005875,0.6810365998150492,334.6361791847024,1.7177670365412303e-67,meaningfully_different,True,1.0,1.0,7.228594378975673e-07,9.99192898861541e-07,True,225,1.0050890445709229,order8_rho1.25,1.0,8,1.25,800
True,4,4,0.5842952042470796,1.3656035428245459,1.3283047450681866,0.16501056664065275,1.9895983133197968,0.6324007776110775,333.9845631337059,2.365574757498035e-67,meaningfully_different,True,1.0,1.0,9.60804012675072e-07,9.581839303242808e-07,True,226,1.0081589221954346,order8_rho1.25,1.0,8,1.25,800
True,4,4,0.6382683759403474,1.6295460789021141,1.5940656466176626,0.17624241913538694,3.370730210876814,0.6862868622076349,406.1641718661946,8.992190364456932e-83,meaningfully_different,True,1.0,1.0,8.81721995473818e-07,6.701312965104916e-07,True,227,0.9864671230316162,order8_rho1.25,1.0,8,1.25,800
True,4,4,0.64552238688677,1.666796607887971,1.627794086576926,0.17683102210367743,3.550248588219127,0.6925776553285732,415.43776207040463,9.319661625065851e-85,meaningfully_different,True,1.0,1.0,9.59959533534369e-07,9.592372120055643e-07,True,228,0.9936361312866211,order8_rho1.25,1.0,8,1.25,800
True,4,4,0.6107768231183369,1.492193310634113,1.4577173494132496,0.16391369265068728,2.7924290034065704,0.6571398978293628,352.06814365859077,3.276687526833026e-71,meaningfully_different,True,1.0,1.0,6.817757605289183e-07,9.33304647616781e-07,True,229,0.9703752994537354,order8_rho1.25,1.0,8,1.25,800
True,4,4,0.6281190929498521,1.5781343797125797,1.5404659501134557,0.16900228118489877,3.1979802066822582,0.6742495764335913,381.3091654427425,1.858697613948439e-77,meaningfully_different,True,1.0,1.0,9.689781720955686e-07,7.589091625028286e-07,True,230,0.9979298114776611,order8_rho1.25,1.0,8,1.25,800
True,4,4,0.6105639443225208,1.4911533204266973,1.4470958443260908,0.18140316069726523,2.464653000573827,0.6605826010309854,303.9636656977027,5.9013705204447686e-61,meaningfully_different,True,1.0,1.0,9.742962949804032e-07,8.45475528974457e-07,True,231,1.0517170429229736,order8_rho1.25,1.0,8,1.25,800
True,4,4,0.6516848262579268,1.698772451099297,1.6597481190441206,0.17650372361048622,3.737870825320789,0.6982246968195963,416.66165756452756,5.0985749109229367e-85,meaningfully_different,True,1.0,1.0,8.538509690562323e-07,9.093865219694574e-07,True,232,0.9978899955749512,order8_rho1.25,1.0,8,1.25,800
True,4,4,0.6099386085088147,1.4881004245986762,1.447136169503705,0.17621963075349267,2.5373800160164213,0.6589748986662232,336.4346772198285,7.1017779507855266e-68,meaningfully_different,True,1.0,1.0,7.933063715920173e-07,9.936676865660664e-07,True,233,1.0124149322509766,order8_rho1.25,1.0,8,1.25,800
True,4,4,0.6186872075474265,1.5310954431313295,1.4891526635225167,0.1851370663957219,2.6421109129868983,0.6696409557865086,310.3245308715669,2.6092459861091026e-62,meaningfully_different,True,1.0,1.0,7.932591113583524e-07,7.525516226633291e-07,True,234,1.0346181392669678,order8_rho1.25,1.0,8,1.25,800
True,4,4,0.6340842111130138,1.6082511471312524,1.5693843457697156,0.19238429886363775,2.959619621418773,0.6866273293286698,349.5665618944031,1.1204934614554954e-70,meaningfully_different,True,1.0,1.0,8.36208887407601e-07,9.886518662390997e-07,True,235,1.0101838111877441,order8_rho1.25,1.0,8,1.25,800
True,4,4,0.624619604524219,1.5605986014239672,1.5191671300731617,0.17687935368723126,2.9351482762153482,0.6727012294693753,347.5323065253648,3.0449631788447686e-70,meaningfully_different,True,1.0,1.0,5.957457572752026e-07,9.031181683547907e-07,True,236,1.0145678520202637,order8_rho1.25,1.0,8,1.25,800
True,4,4,0.6413985387229397,1.6455683419036897,1.6080017773506308,0.17452436443520095,3.48376445499892,0.6883074914569925,381.76659110896514,1.483999711749019e-77,meaningfully_different,True,1.0,1.0,9.194671453749323e-07,7.934415247138647e-07,True,237,0.9708521366119385,order8_rho1.25,1.0,8,1.25,800
True,4,4,0.640823041356164,1.6426166813318555,1.6079319118629007,0.17224295791801789,3.52950227522368,0.6876129663392049,407.8240369946927,3.969334927339421e-83,meaningfully_different,True,1.0,1.0,9.780809042482658e-07,9.265017990505213e-07,True,238,0.9738178253173828,order8_rho1.25,1.0,8,1.25,800
True,4,4,0.5980983922382613,1.4308867471919722,1.3916415019388957,0.17512053848121165,2.236411019150185,0.6480141115001685,307.6207493677971,9.824411484517624e-62,meaningfully_different,True,1.0,1.0,9.666998553128213e-07,8.426095005112844e-07,True,239,0.9953019618988037,order8_rho1.25,1.0,8,1.25,800
True,4,4,0.6233762646157966,1.554391869145375,1.513301594491083,0.18409545268774113,2.788236140529416,0.6738159369497332,371.3830717267663,2.457258165935267e-75,meaningfully_different,True,1.0,1.0,9.391912028130741e-07,8.700238502732117e-07,True,240,1.0022468566894531,order8_rho1.25,1.0,8,1.25,800
True,4,4,0.6209667494768275,1.542398815823268,1.5043175211779805,0.174966407438875,2.8823676988062132,0.6693488722348913,342.86330673253536,3.019413785939393e-69,meaningfully_different,True,1.0,1.0,8.808698796296287e-07,9.081366927914372e-07,True,241,0.9799549579620361,order8_rho1.25,1.0,8,1.25,800
True,4,4,0.6592698405700337,1.7385468907409505,1.7031611998845235,0.179783629506711,3.911152543832005,0.7069085787683469,446.2084082393336,2.4004907733848307e-91,meaningfully_different,True,1.0,1.0,9.410558494060942e-07,9.237377862598299e-07,True,242,0.9954278469085693,order8_rho1.25,1.0,8,1.25,800
True,4,4,0.6445400446134887,1.661727476441432,1.6229895469996853,0.17227998835960429,3.6161457458384767,0.6903558703133004,403.16158646128815,3.9468374885782816e-82,meaningfully_different,True,1.0,1.0,7.770614350188999e-07,8.555182040591913e-07,True,243,0.9977149963378906,order8_rho1.25,1.0,8,1.25,800
True,4,4,0.6619437842054723,1.7526782937930432,1.7169800330419704,0.18056633819203796,3.970729208006864,0.7095747369591329,425.1802864364734,7.654113729783411e-87,meaningfully_different,True,1.0,1.0,7.553769814049121e-07,7.932760734919069e-07,True,244,0.9706008434295654,order8_rho1.25,1.0,8,1.25,800
True,4,4,0.6987091624703006,1.9527779748797958,1.9160498418560923,0.20025091451105986,4.57451015438683,0.7492384942209587,455.8962611277974,2.0159034049101674e-93,meaningfully_different,True,1.0,1.0,8.619581557976938e-07,8.01518270112645e-07,True,245,0.981154203414917,order8_rho1.25,1.0,8,1.25,800
True,4,4,0.6551297089463622,1.7167797421765814,1.6833854647219066,0.17525386039140325,3.8994032039903,0.7020777044999993,431.88182892529215,2.8115987955857263e-88,meaningfully_different,True,1.0,1.0,7.86687261750778e-07,8.302925938416528e-07,True,246,0.9545791149139404,order8_rho1.25,1.0,8,1.25,800
True,4,4,0.6821509962962733,1.861319926991993,1.8231918640464715,0.19482978133257745,4.225184971291788,0.7320618717891139,413.9067279320945,1.9818594052680883e-84,meaningfully_different,True,1.0,1.0,9.915041467252474e-07,9.67093583710764e-07,True,247,0.9873740673065186,order8_rho1.25,1.0,8,1.25,800
True,4,4,0.6883886602117619,1.8955157900325783,1.8571732823652363,0.19642163208058072,4.363945423351265,0.7382848563232058,440.142538799253,4.783375527297319e-90,meaningfully_different,True,1.0,1.0,9.00850592383566e-07,7.566442996221132e-07,True,248,1.0008440017700195,order8_rho1.25,1.0,8,1.25,800
True,4,4,0.7232415784761737,2.0923135233468293,2.0498980854243585,0.2105109693879391,4.987379462822951,0.773976391263839,440.9496142025163,3.212597107860027e-90,meaningfully_different,True,1.0,1.0,9.924997894638062e-07,9.50015609122643e-07,True,249,1.016099214553833,order8_rho1.25,1.0,8,1.25,800
True,4,4,0.5696069737530879,1.2978084181926037,1.2547513991604036,0.16575655615863855,1.5369008928768515,0.6179394532939545,292.3763989516247,1.725042437827239e-58,inconclusive,True,1.0,1.0,9.633368303543113e-07,9.006041649262027e-07,True,250,1.0436370372772217,order8_rho1.25,1.0,8,1.25,800
True,4,4,0.6852980720392928,1.878533790163087,1.8394547579953053,0.19687703413985927,4.263853128745153,0.7354061227756575,400.9502601044591,1.1730122439489792e-81,meaningfully_different,True,1.0,1.0,9.073717210067815e-07,8.573712079375057e-07,True,251,1.0086770057678223,order8_rho1.25,1.0,8,1.25,800
True,4,4,0.6311988215199795,1.5936478091528439,1.5554918137149234,0.17971259168163092,3.0910010729743553,0.6802743420766549,364.47680256758883,7.341843220798396e-74,meaningfully_different,True,1.0,1.0,8.557228088661888e-07,8.716011466086823e-07,True,252,0.9769420623779297,order8_rho1.25,1.0,8,1.25,800
True,4,4,0.6808583966800237,1.85427262531877,1.8144018593431228,0.19176126212755407,4.246957129440492,0.7296953245811607,385.3986913612746,2.483164888818057e-78,meaningfully_different,True,1.0,1.0,9.763969384745792e-07,9.695905100744172e-07,True,253,1.0008392333984375,order8_rho1.25,1.0,8,1.25,800
True,4,4,0.6742260208297273,1.8183229086555515,1.7821173542085054,0.18213979038208084,4.294049930373979,0.7214067245719733,443.78424144512667,7.936620122179788e-91,meaningfully_different,True,1.0,1.0,9.906331668443207e-07,8.484419170534504e-07,True,254,0.9785962104797363,order8_rho1.25,1.0,8,1.25,800
True,4,4,0.623256302226278,1.5537936730590944,1.514773108952491,0.17410193964169718,2.9567339112470377,0.6710337763167035,358.3328186369921,1.5063559065984295e-72,meaningfully_different,True,1.0,1.0,7.978577598124108e-07,9.824610763774156e-07,True,255,0.9899630546569824,order8_rho1.25,1.0,8,1.25,800
True,4,4,0.686294894651749,1.8840027297002206,1.845503396464534,0.19198883694322427,4.403919571191369,0.7350675022140468,434.62575488431435,7.266590903278582e-89,meaningfully_different,True,1.0,1.0,8.965871861070744e-07,9.87219103980162e-07,True,256,0.9856269359588623,order8_rho1.25,1.0,8,1.25,800
True,4,4,0.6498846775224062,1.6894003763136076,1.651731635266592,0.18046798695852784,3.611342079281697,0.6979568500566417,390.4316327409155,2.084168889168391e-79,meaningfully_different,True,1.0,1.0,9.241544336666535e-07,8.620291999743371e-07,True,257,0.9842841625213623,order8_rho1.25,1.0,8,1.25,800
True,4,4,0.6451600265647314,1.6649258395080193,1.6285919108405287,0.17233507464243253,3.6474984105513952,0.6913859058834448,425.43229821797865,6.759889762611178e-87,meaningfully_different,True,1.0,1.0,9.858868479773841e-07,9.72889628304233e-07,True,258,0.9847111701965332,order8_rho1.25,1.0,8,1.25,800
True,4,4,0.6453069175694695,1.6656840714520404,1.6312452545816922,0.16829778258901185,3.750763942762168,0.6906646206157369,450.3345888086393,3.135091626658321e-92,meaningfully_different,True,1.0,1.0,6.216391451169636e-07,7.516964385068029e-07,True,259,0.9719991683959961,order8_rho1.25,1.0,8,1.25,800
True,4,4,0.6690816162605383,1.7906808368712572,1.7512829465047468,0.18752251616375476,4.006361272630781,0.7175879802072643,382.9195591090928,8.413529647319176e-78,meaningfully_different,True,1.0,1.0,9.752709213248148e-07,9.368775847996874e-07,True,260,1.016078233718872,order8_rho1.25,1.0,8,1.25,800
True,4,4,0.638309560817364,1.6297563817234244,1.5945445779200371,0.17901931989830697,3.321119632550117,0.687205419716178,379.5129116196117,4.4992564633096595e-77,meaningfully_different,True,1.0,1.0,8.495543694858349e-07,7.516000183636575e-07,True,261,1.0018439292907715,order8_rho1.25,1.0,8,1.25,800
True,4,4,0.636594299989121,1.621009211114556,1.584515211877659,0.1635764978430164,3.5733447016246527,0.6807302343143655,444.2565982719517,6.287013196969212e-91,meaningfully_different,True,1.0,1.0,9.147792400050769e-07,9.836563119645696e-07,True,262,1.0269899368286133,order8_rho1.25,1.0,8,1.25,800
True,4,4,0.6792794736271521,1.8456824131647234,1.8010972483044625,0.20070146957350088,3.9914867091248913,0.7299352348782264,424.46511213880933,1.0889552944569925e-86,meaningfully_different,True,1.0,1.0,9.189356459014592e-07,9.875334188940644e-07,True,263,1.0725090503692627,order8_rho1.25,1.0,8,1.25,800
True,4,4,0.6156067596025341,1.515886729873329,1.4801720446502533,0.16684960739043167,2.8778733864601813,0.662309449298784,367.69917588234193,1.5048074510871584e-74,meaningfully_different,True,1.0,1.0,9.561747401205183e-07,9.409853282769726e-07,True,264,0.9854521751403809,order8_rho1.25,1.0,8,1.25,800
True,4,4,0.7054319858879877,1.9905371468554807,1.9544365289341517,0.20100614306309347,4.748295322668647,0.7558211118364926,454.7737097203214,3.5077674077280903e-93,meaningfully_different,True,1.0,1.0,8.275835510530184e-07,8.764401862806141e-07,True,265,0.9781532287597656,order8_rho1.25,1.0,8,1.25,800
True,4,4,0.6425035284082296,1.6512431360680984,1.602897218633081,0.2221536853598834,2.7138744858380477,0.7014819159710964,297.31760320075216,1.5329103039758425e-59,meaningfully_different,True,1.0,1.0,7.014641854441575e-07,8.255807417828534e-07,True,266,1.0893921852111816,order8_rho1.25,1.0,8,1.25,800
True,4,4,0.7237175475956509,2.0950683547914526,2.0601854674460807,0.19488564988904486,5.440038648559711,0.7714829608466526,520.1380417093355,3.35423328128326e-107,meaningfully_different,True,1.0,1.0,8.467460159700566e-07,8.412745159883495e-07,True,267,0.9887397289276123,order8_rho1.25,1.0,8,1.25,800
True,4,4,0.6813611663308252,1.8570121559348098,1.8218842523250143,0.1798593553856672,4.569594117373943,0.7276205338932311,480.85881295777324,8.975882160861296e-99,meaningfully_different,True,1.0,1.0,9.066709161271464e-07,9.371331319022818e-07,True,268,0.9733309745788574,order8_rho1.25,1.0,8,1.25,800
True,4,4,0.6562916987731199,1.7228751755140304,1.678593937035099,0.19834681086901637,3.4212495480112697,0.7079628182834283,382.4721167360402,1.0486336641242304e-77,meaningfully_different,True,1.0,1.0,9.574892526147684e-07,8.376045128727821e-07,True,269,1.0458927154541016,order8_rho1.25,1.0,8,1.25,800
True,4,4,0.6612087468270185,1.748788027522225,1.712630418711649,0.17763223581803603,4.01183048465177,0.7079564686582863,424.72379079797315,9.585807474765315e-87,meaningfully_different,True,1.0,1.0,8.763708844721404e-07,8.929865632534825e-07,True,270,0.9980411529541016,order8_rho1.25,1.0,8,1.25,800
True,4,4,0.6247858545132595,1.5614294559994557,1.5214648736341958,0.17521401671340806,2.9761595756756103,0.6726191873040014,362.94021643770225,1.5631353365408268e-73,meaningfully_different,True,1.0,1.0,9.134529747881815e-07,7.180182829356668e-07,True,271,1.0218439102172852,order8_rho1.25,1.0,8,1.25,800
True,4,4,0.6954593267102904,1.934654700433322,1.8953548506850681,0.193514196649165,4.626817392154011,0.7439182379317716,433.5240652920631,1.2510311653501482e-88,meaningfully_different,True,1.0,1.0,9.393452376026586e-07,8.83649107799675e-07,True,272,0.9959220886230469,order8_rho1.25,1.0,8,1.25,800
True,4,4,0.6719499350740873,1.8060668609842803,1.7636565203391603,0.19433402625952945,3.929607876900113,0.7216833703696223,387.6096913087349,8.361947392937071e-79,meaningfully_different,True,1.0,1.0,7.913418855591503e-07,9.296944508566707e-07,True,273,1.031378984451294,order8_rho1.25,1.0,8,1.25,800
True,4,4,0.6320884658830416,1.5981433148095079,1.558572700835717,0.17956657568371623,3.1106718982021024,0.6807961211200336,359.20795393767145,9.796132303853535e-73,meaningfully_different,True,1.0,1.0,9.475280983864966e-07,8.769145106293409e-07,True,274,1.015606164932251,order8_rho1.25,1.0,8,1.25,800
True,4,4,0.6849897845017332,1.8768440194869236,1.8360866161394112,0.1849155253915283,4.5214516973041325,0.7314789109672445,484.403865398691,1.558866863156224e-99,meaningfully_different,True,1.0,1.0,7.798977505283801e-07,9.930571045888695e-07,True,275,1.0267338752746582,order8_rho1.25,1.0,8,1.25,800
True,4,4,0.6252663357110342,1.5638319622940149,1.5312255568888715,0.15926492024808458,3.335483771701825,0.669550789448618,415.65541852722555,8.371740812244698e-85,meaningfully_different,True,1.0,1.0,9.9440574510026e-07,9.133544811539545e-07,True,276,0.9505810737609863,order8_rho1.25,1.0,8,1.25,800
True,4,4,0.63597261094278,1.6178446474775063,1.57733656526409,0.17952777668651293,3.2158620572248338,0.6842209949799544,393.5069428630653,4.584664783874406e-80,meaningfully_different,True,1.0,1.0,9.109309749305195e-07,9.313795026776289e-07,True,277,1.0356380939483643,order8_rho1.25,1.0,8,1.25,800
True,4,4,0.6860815251572003,1.8828314366481207,1.8445298943518753,0.1967707375762227,4.291948613673979,0.7362385747385222,391.94653255254326,9.885443498298105e-80,meaningfully_different,True,1.0,1.0,9.718859321013153e-07,7.276308117605968e-07,True,278,1.0271549224853516,order8_rho1.25,1.0,8,1.25,800
True,4,4,0.6749104779670142,1.8220166130786544,1.7856351554663505,0.18833136816921114,4.171557627938414,0.7237770184021131,427.5090809942683,2.428212727771654e-87,meaningfully_different,True,1.0,1.0,6.673374139332934e-07,7.412260863331093e-07,True,279,0.9991998672485352,order8_rho1.25,1.0,8,1.25,800
True,4,4,0.6526347373058933,1.7037284013533291,1.6647403530845812,0.17752840452650606,3.744416871528474,0.6994191506451823,417.3993849788699,3.5444351032234685e-85,meaningfully_different,True,1.0,1.0,9.14314857374997e-07,9.40652781321734e-07,True,280,1.0071990489959717,order8_rho1.25,1.0,8,1.25,800
True,4,4,0.6138028173307875,1.507015594252848,1.4698843766140566,0.1719805766893156,2.732194446951453,0.6619605826532806,359.8945115953437,6.989473515956589e-73,meaningfully_different,True,1.0,1.0,9.128993908467571e-07,8.651671505341749e-07,True,281,1.006700038909912,order8_rho1.25,1.0,8,1.25,800
True,4,4,0.5989734963214384,1.4350769971821125,1.3994309079470664,0.15432947126318605,2.5881700019946035,0.6428997391700787,378.3748034939577,7.877447290947896e-77,meaningfully_different,True,1.0,1.0,8.491921023460432e-07,8.121055537135301e-07,True,282,1.0015056133270264,order8_rho1.25,1.0,8,1.25,800
True,4,4,0.6802066806785545,1.8507245137589479,1.8150143078725116,0.1864036735562164,4.372308186440951,0.7282892739836507,430.0877411436544,6.809829530806279e-88,meaningfully_different,True,1.0,1.0,9.78821195373887e-07,9.836230043935057e-07,True,283,0.98862624168396,order8_rho1.25,1.0,8,1.25,800
True,4,4,0.6655651989252942,1.771908136081866,1.7344303054346621,0.18431392048660994,3.9846708457813804,0.7137225872222183,427.24155485083816,2.770559983809524e-87,meaningfully_different,True,1.0,1.0,6.111213344026103e-07,7.497882600525167e-07,True,284,1.151641845703125,order8_rho1.25,1.0,8,1.25,800
True,4,4,0.6747291336959244,1.8210376154322105,1.7837066247539024,0.1935163068556824,4.049822144127435,0.7249159647779398,404.47865503755867,2.062907127946076e-82,meaningfully_different,True,1.0,1.0,8.263984107102268e-07,9.028084620720779e-07,True,285,1.1574299335479736,order8_rho1.25,1.0,8,1.25,800
True,4,4,0.6448971240194131,1.6635692022740414,1.6265973622538943,0.1889239459367815,3.3166645929763128,0.6959435321823878,347.49465246958914,3.10183123984355e-70,meaningfully_different,True,1.0,1.0,8.624707534788252e-07,8.626536252667445e-07,True,286,1.1674470901489258,order8_rho1.25,1.0,8,1.25,800
True,4,4,0.6665271876276065,1.7770339673870668,1.7395180903873722,0.18844799179666308,3.9242556173552554,0.7158015530134443,401.25148819616925,1.0112656677264066e-81,meaningfully_different,True,1.0,1.0,9.264597877863136e-07,8.874802172084422e-07,True,287,1.1506941318511963,order8_rho1.25,1.0,8,1.25,800
True,4,4,0.6535012605165453,1.7082555899868543,1.6712186363019783,0.19019818984770534,3.5290484985132275,0.7042845338910584,346.336316087574,5.480531260058346e-70,meaningfully_different,True,1.0,1.0,9.738311466222304e-07,8.124525492470572e-07,True,288,1.001249074935913,order8_rho1.25,1.0,8,1.25,800
True,4,4,0.6429597679023604,1.6535890525642285,1.6199124154471276,0.1719872750836672,3.604408611890367,0.6897112273730939,410.60510180011875,1.0083894125305457e-83,meaningfully_different,True,1.0,1.0,8.697095264724075e-07,9.75579151013692e-07,True,289,0.9860780239105225,order8_rho1.25,1.0,8,1.25,800
True,4,4,0.5862142455463406,1.374588566725861,1.3380112379082112,0.16447600823291533,2.0550792880962416,0.6341431613990295,296.46800238082704,2.3243531393595217e-59,meaningfully_different,True,1.0,1.0,9.203248420815617e-07,8.226907808596673e-07,True,290,1.0150609016418457,order8_rho1.25,1.0,8,1.25,800
True,4,4,0.6614134574651561,1.7498710468640475,1.7133038426771408,0.1746573045529119,4.084019529003137,0.7072109910671224,456.6131143733436,1.415288743176575e-93,meaningfully_different,True,1.0,1.0,9.66715465072493e-07,8.260895762098007e-07,True,291,0.9997639656066895,order8_rho1.25,1.0,8,1.25,800
True,4,4,0.6458650762886443,1.668566787077345,1.6329535488816156,0.17644483667695102,3.587260249731628,0.6933937334672413,380.155523995306,3.2793806318704733e-77,meaningfully_different,True,1.0,1.0,9.498730872331673e-07,9.936454360762067e-07,True,292,0.9851400852203369,order8_rho1.25,1.0,8,1.25,800
True,4,4,0.6629003968613013,1.7577477446354832,1.7179258505463997,0.19261180953274518,3.7273200033165566,0.7132222802272131,400.9801788833854,1.1558527080351141e-81,meaningfully_different,True,1.0,1.0,7.46080337646531e-07,7.898436978422298e-07,True,293,1.026770830154419,order8_rho1.25,1.0,8,1.25,800
True,4,4,0.6817097917288135,1.8589129605557695,1.816216119350847,0.19887376567849355,4.104192006251701,0.7320065495152032,397.6653119383003,5.915010993671148e-81,meaningfully_different,True,1.0,1.0,9.232723955349041e-07,7.921341116282375e-07,True,294,1.064697027206421,order8_rho1.25,1.0,8,1.25,800
True,4,4,0.731427831810308,2.139946692586913,2.102368029243948,0.1889324560219905,5.83472026169839,0.7767133101699378,541.2837072126699,9.67370661688862e-112,meaningfully_different,True,1.0,1.0,8.664934983327712e-07,8.47214896439042e-07,True,295,1.0195658206939697,order8_rho1.25,1.0,8,1.25,800
True,4,4,0.6104765275212932,1.4907263626178249,1.456820342876066,0.1642331420569081,2.7815356702959146,0.6570692167218777,349.2025391278046,1.3400043545888398e-70,meaningfully_different,True,1.0,1.0,8.234042182992697e-07,8.94527504670338e-07,True,296,1.0363399982452393,order8_rho1.25,1.0,8,1.25,800
True,4,4,0.6112704421698937,1.4946062138823095,1.458229624363009,0.17082477078787534,2.6824542029213303,0.6593958159115433,358.8547659267592,1.165397129669369e-72,meaningfully_different,True,1.0,1.0,7.874367779780253e-07,9.706238121678648e-07,True,297,1.2268640995025635,order8_rho1.25,1.0,8,1.25,800
True,4,4,0.6532377490372546,1.706878227069037,1.6694572484077956,0.1733755406592201,3.8613131117707864,0.6990412425754624,463.20123939918176,5.4806789302429456e-95,meaningfully_different,True,1.0,1.0,9.45876621652998e-07,9.552652596568815e-07,True,298,1.2642669677734375,order8_rho1.25,1.0,8,1.25,800
True,4,4,0.6251565916398867,1.5632830562832,1.5185552489330927,0.20291376639157985,2.5555449398755568,0.680499576329895,255.05073373585194,1.4632935139962472e-50,meaningfully_different,True,1.0,1.0,9.152752434892814e-07,9.292911160415633e-07,True,299,1.3124768733978271,order8_rho1.25,1.0,8,1.25,800
True,4,4,0.6836318848264646,1.8694102158055383,1.8321396840182258,0.18769065085280667,4.433570240378237,0.7315844674093258,485.85759711548275,7.603669415582195e-100,meaningfully_different,True,1.0,1.0,7.168314638043536e-07,9.50873413277564e-07,True,300,1.1818971633911133,order8_rho1.25,1.0,8,1.25,800
True,4,4,0.6466659063891667,1.67270717794449,1.632702882021947,0.18767431773020132,3.3712811090727612,0.6966705936499171,368.36627347350355,1.0838551404181776e-74,meaningfully_different,True,1.0,1.0,9.424925519568615e-07,8.243996989161059e-07,True,301,1.0895960330963135,order8_rho1.25,1.0,8,1.25,800
True,4,4,0.6235213568804412,1.5551155299441062,1.5187013630351334,0.17215595391368543,3.0129737092636186,0.6711692611091761,380.70799708758534,2.4986527450307985e-77,meaningfully_different,True,1.0,1.0,6.408032748444936e-07,9.989432955765754e-07,True,302,1.0514719486236572,order8_rho1.25,1.0,8,1.25,800
True,4,4,0.6877882413088435,1.892210659530848,1.851131911505305,0.20197345551285367,4.2140780794392,0.7388079389045479,390.40949254354604,2.1070123796738886e-79,meaningfully_different,True,1.0,1.0,6.913947141522433e-07,9.217067570299553e-07,True,303,1.0980432033538818,order8_rho1.25,1.0,8,1.25,800
True,4,4,0.5976184157916875,1.428591083573465,1.3875817693961316,0.18104248142618232,2.1408332803600185,0.6491090339076868,296.1697956956564,2.690014335674113e-59,meaningfully_different,True,1.0,1.0,8.411109653326535e-07,8.985453960157767e-07,True,304,1.1198866367340088,order8_rho1.25,1.0,8,1.25,800
True,4,4,0.5984185819978252,1.4324191971211513,1.39262778598754,0.16446970757454968,2.387234657236637,0.6448171021722334,369.7440240204165,5.503436006431546e-75,meaningfully_different,True,1.0,1.0,9.560215905205253e-07,9.098689705245257e-07,True,305,1.1998450756072998,order8_rho1.25,1.0,8,1.25,800
True,4,4,0.6323992633656598,1.5997153132217166,1.565657174369685,0.16945961398619552,3.338005800106239,0.6790422363624878,387.0018612155961,1.1278775463702685e-78,meaningfully_different,True,1.0,1.0,8.797994590396808e-07,7.526839648994543e-07,True,306,1.186481237411499,order8_rho1.25,1.0,8,1.25,800
True,4,4,0.6213419463492037,1.5442632571720671,1.5030570724862395,0.18295290541078493,2.7496533676616033,0.6715630689876564,312.6535549250637,8.326312814875429e-63,meaningfully_different,True,1.0,1.0,7.615756931448466e-07,7.558490408318481e-07,True,307,1.3124048709869385,order8_rho1.25,1.0,8,1.25,800
True,4,4,0.6754831004920999,1.8251096762016816,1.7881133704449221,0.1891711870171213,4.166138527077025,0.7244432834122954,429.7014597702914,8.238553031990287e-88,meaningfully_different,True,1.0,1.0,8.276823948608948e-07,9.991394724257678e-07,True,308,1.3077480792999268,order8_rho1.25,1.0,8,1.25,800
True,4,4,0.6541015837128364,1.7113955272625634,1.67214730521357,0.19380546970989238,3.4681544655045498,0.7055014059144248,353.1761837927744,1.9006312138079523e-71,meaningfully_different,True,1.0,1.0,9.9776342201097e-07,7.573329171314305e-07,True,309,1.2794530391693115,order8_rho1.25,1.0,8,1.25,800
True,4,4,0.6799075322782575,1.8490970097948392,1.8143572546027413,0.17667416759802052,4.609373660418851,0.7254240828586024,477.79798977591656,4.06856748127502e-98,meaningfully_different,True,1.0,1.0,7.245730407948931e-07,7.834250277509761e-07,True,310,1.2160251140594482,order8_rho1.25,1.0,8,1.25,800
True,4,4,0.6453433499333032,1.6658721572125517,1.6271032630251197,0.17995187453879102,3.48483873609185,0.693379001076786,405.16805641800966,1.4688783293685585e-82,meaningfully_different,True,1.0,1.0,9.61162283631876e-07,7.922129702911177e-07,True,311,1.2378859519958496,order8_rho1.25,1.0,8,1.25,800
True,4,4,0.6224790859165695,1.5499208496141117,1.5107509758043216,0.18383244756104478,2.7783505174445216,0.6732622898853151,306.7744622503083,1.4876806247889679e-61,meaningfully_different,True,1.0,1.0,9.480703524366383e-07,9.814262985188464e-07,True,312,1.193014144897461,order8_rho1.25,1.0,8,1.25,800
True,4,4,0.6058110571951671,1.4680281480797044,1.4323840226395719,0.15896901360940327,2.7199264361164515,0.6507428027354387,371.3412149058187,2.508382863546572e-75,meaningfully_different,True,1.0,1.0,9.413434165014892e-07,8.271077662255796e-07,True,313,1.072091817855835,order8_rho1.25,1.0,8,1.25,800
True,4,4,0.6210612307665817,1.542868209445205,1.5052618601980352,0.16855975397383535,2.9975237165834043,0.6675548634531745,356.27068534075636,4.1518053403616635e-72,meaningfully_different,True,1.0,1.0,9.70911571164161e-07,9.65623377168845e-07,True,314,1.1051177978515625,order8_rho1.25,1.0,8,1.25,800
True,4,4,0.6293016296341054,1.5840821642405631,1.5460932567743326,0.18561187973807738,2.9421244887177567,0.6803303665071091,382.3210031486469,1.1296022113644997e-77,meaningfully_different,True,1.0,1.0,9.329648001519491e-07,8.396334002805296e-07,True,315,1.065168857574463,order8_rho1.25,1.0,8,1.25,800
True,4,4,0.6120442585830578,1.4983926978579394,1.4640918699721843,0.16431727508553512,2.82436444817261,0.6584773602538301,356.2548835074924,4.1841846821309934e-72,meaningfully_different,True,1.0,1.0,7.608479465488268e-07,7.818674875045334e-07,True,316,1.0202419757843018,order8_rho1.25,1.0,8,1.25,800
True,4,4,0.6733837822947725,1.813782873030454,1.7816038246660624,0.17001997576496197,4.597129373471754,0.7178547552355666,474.60271874694587,1.9705179328195244e-97,meaningfully_different,True,1.0,1.0,9.463750724286576e-07,8.094779906315294e-07,True,317,1.010817050933838,order8_rho1.25,1.0,8,1.25,800
True,4,4,0.6364253721550933,1.6201490172909963,1.5853406693338754,0.1716302090321383,3.410475770173236,0.6833094542655669,371.38523280617005,2.454647053238617e-75,meaningfully_different,True,1.0,1.0,7.929492326224689e-07,8.174684880056343e-07,True,318,1.048724889755249,order8_rho1.25,1.0,8,1.25,800
True,4,4,0.658071558363492,1.7322327037078191,1.6927038689175502,0.19166946541160348,3.614054369223563,0.7085146583303121,420.3455866700814,8.296741516271121e-86,meaningfully_different,True,1.0,1.0,7.311480313437696e-07,9.360059559526768e-07,True,319,1.0903668403625488,order8_rho1.25,1.0,8,1.25,800
True,4,4,0.681816107008281,1.8594928151037107,1.8152852452708792,0.20140757540425366,4.047937341157529,0.7325590805815713,413.8091443456366,2.079491422405037e-84,meaningfully_different,True,1.0,1.0,8.452700818072805e-07,9.133408429413646e-07,True,320,1.1288402080535889,order8_rho1.25,1.0,8,1.25,800
True,4,4,0.639272056370518,1.634675048224763,1.5918770755476543,0.1874519398776272,3.157487065399509,0.6892401756163193,331.22923230747034,9.152110197222895e-67,meaningfully_different,True,1.0,1.0,8.341457123347691e-07,8.304037475334249e-07,True,321,1.1475138664245605,order8_rho1.25,1.0,8,1.25,800
True,4,4,0.6205089797313503,1.5401255757089651,1.5001700377009062,0.16729898282628514,2.9896776970859267,0.666211748693314,377.4111887418127,1.2656894315206099e-76,meaningfully_different,True,1.0,1.0,8.420503147428396e-07,8.715364833139569e-07,True,322,1.140561819076538,order8_rho1.25,1.0,8,1.25,800
True,4,4,0.6357093661686327,1.6165055929380991,1.5786411521853256,0.18551159802768938,3.119164291274974,0.6862544311410189,350.60184380005165,6.736456656612525e-71,meaningfully_different,True,1.0,1.0,8.693213221806255e-07,7.958076953520095e-07,True,323,1.1098039150238037,order8_rho1.25,1.0,8,1.25,800
True,4,4,0.7419319132003646,2.201851855300613,2.1657146394198463,0.2011135980684012,5.796299457699386,0.7900185236169966,534.1875395587301,3.231295831092621e-110,meaningfully_different,True,1.0,1.0,8.388168864243951e-07,9.471129006935941e-07,True,324,1.0839030742645264,order8_rho1.25,1.0,8,1.25,800
True,4,4,0.6493949151526566,1.6868550233045043,1.6525690476379524,0.1711362485748832,3.813155033326626,0.6953529907193212,415.17789585520325,1.0592978261338967e-84,meaningfully_different,True,1.0,1.0,8.072279212571913e-07,7.394118494241286e-07,True,325,1.0066502094268799,order8_rho1.25,1.0,8,1.25,800
True,4,4,0.623114093563267,1.5530846943886871,1.5170284788055286,0.16798399525230678,3.07784368403054,0.6695777704393426,390.9259286526095,1.6339466517749e-79,meaningfully_different,True,1.0,1.0,8.958997148490245e-07,9.54514956153885e-07,True,326,1.0198640823364258,order8_rho1.25,1.0,8,1.25,800
True,4,4,0.6376156785881539,1.6262150143257281,1.591438436109035,0.16265646487389165,3.6361200679455323,0.681722911508767,435.598668311894,4.497436590933721e-89,meaningfully_different,True,1.0,1.0,8.804670141277951e-07,9.290265947755513e-07,True,327,1.0180590152740479,order8_rho1.25,1.0,8,1.25,800
True,4,4,0.6022913250811568,1.451019361072063,1.4114093897064925,0.17249152958618763,2.385099086856474,0.6509863108708086,328.4953333485006,3.5030582406893154e-66,meaningfully_different,True,1.0,1.0,9.030737883526094e-07,9.904351760961022e-07,True,328,1.0474162101745605,order8_rho1.25,1.0,8,1.25,800
True,4,4,0.6008352658669951,1.4440120668378509,1.403643907065582,0.17700117543560645,2.2804589069660093,0.6509195289080504,324.11060024601056,3.014255801666028e-65,meaningfully_different,True,1.0,1.0,8.22714263476819e-07,9.281522288841434e-07,True,329,1.062593936920166,order8_rho1.25,1.0,8,1.25,800
True,4,4,0.6114007744221555,1.4952436278560457,1.4576526961277243,0.16884671906343984,2.7104624754702695,0.6586692710264537,346.2542111119886,5.706166172230716e-70,meaningfully_different,True,1.0,1.0,9.105063257578882e-07,8.790480228114319e-07,True,330,1.0464510917663574,order8_rho1.25,1.0,8,1.25,800
True,4,4,0.6865182654728068,1.8852293153111648,1.8479642990757312,0.19907203694586434,4.2595851837610255,0.7374633314732932,476.14008794270853,9.2244544240317e-98,meaningfully_different,True,1.0,1.0,8.380054994306345e-07,7.275485904299148e-07,True,331,1.0414760112762451,order8_rho1.25,1.0,8,1.25,800
True,4,4,0.7113433394687788,2.024037386426377,1.9863123993844802,0.19866295029510309,4.964752601928877,0.7604412984771179,458.447142704081,5.725199188482798e-94,meaningfully_different,True,1.0,1.0,8.989812499640541e-07,8.734592147754814e-07,True,332,1.0378570556640625,order8_rho1.25,1.0,8,1.25,800
True,4,4,0.6283489562843875,1.5792896434547163,1.539459452281509,0.17447083674448882,3.0919749245631416,0.6757289473039355,366.46566105109207,2.760458012110672e-74,meaningfully_different,True,1.0,1.0,8.743664086250468e-07,9.539805363790515e-07,True,333,1.0136189460754395,order8_rho1.25,1.0,8,1.25,800
True,4,4,0.6845797746776661,1.8745978715908964,1.8406202365694277,0.1867567856896042,4.501149628729238,0.7327700548038197,437.83573730240886,1.4922272894140633e-89,meaningfully_different,True,1.0,1.0,8.64546618680576e-07,9.581405065328868e-07,True,334,0.9803149700164795,order8_rho1.25,1.0,8,1.25,800
True,4,4,0.6202081422137926,1.5386325586731358,1.4999770027483317,0.1745331571466886,2.864653404098567,0.6684045368084275,361.9470191033234,2.5475116629296837e-73,meaningfully_different,True,1.0,1.0,8.771555424843494e-07,6.592995956951867e-07,True,335,1.027467966079712,order8_rho1.25,1.0,8,1.25,800
True,4,4,0.6633648050430658,1.760211458279299,1.7235368666744695,0.18590705066155086,3.8919280581331432,0.7122722009932321,398.8054906596587,3.3734969706517987e-81,meaningfully_different,True,1.0,1.0,9.414712612543144e-07,9.034389449677167e-07,True,336,1.003694772720337,order8_rho1.25,1.0,8,1.25,800
True,4,4,0.6879299794668172,1.8929906265968621,1.8539287037029637,0.19572779861674047,4.362838134071405,0.7375419112079219,444.3585595613549,5.978626155920148e-91,meaningfully_different,True,1.0,1.0,7.996838945639672e-07,7.778326486482059e-07,True,337,1.0331010818481445,order8_rho1.25,1.0,8,1.25,800
True,4,4,0.6252152467444588,1.5635764190469383,1.5234776628514572,0.16857391310236666,3.1053301974047134,0.6709614510587191,376.81845930368786,1.694337130137235e-76,meaningfully_different,True,1.0,1.0,9.247451455602995e-07,8.520471461901115e-07,True,338,1.0608320236206055,order8_rho1.25,1.0,8,1.25,800
True,4,4,0.6715702863804051,1.8040265981962371,1.7665028754103627,0.19655812354940957,3.8996245058153693,0.722809141101125,380.4727996696145,2.8052881054734034e-77,meaningfully_different,True,1.0,1.0,7.536352203428938e-07,9.238081726686897e-07,True,339,1.014327049255371,order8_rho1.25,1.0,8,1.25,800
True,4,4,0.5941282986857507,1.411953741196898,1.3744824827677133,0.166069674104793,2.2549721060535592,0.6418026933072248,328.899269622675,2.872929867118331e-66,meaningfully_different,True,1.0,1.0,8.890090706719907e-07,9.074334731927202e-07,True,340,0.992520809173584,order8_rho1.25,1.0,8,1.25,800
True,4,4,0.6582465934770241,1.7331543112964263,1.6931712709682032,0.21021792405283157,3.297393759791847,0.713958854871328,334.3975639669492,1.9313239497539148e-67,meaningfully_different,True,1.0,1.0,9.788071773516006e-07,8.670259213125465e-07,True,341,1.0533370971679688,order8_rho1.25,1.0,8,1.25,800
True,4,4,0.6306058620064221,1.5906550127874506,1.5563506046843403,0.17558193837254393,3.1686095383221824,0.6791828164867669,372.576669203061,1.365911139914109e-75,meaningfully_different,True,1.0,1.0,9.376406035123082e-07,9.862026722116195e-07,True,342,0.9969320297241211,order8_rho1.25,1.0,8,1.25,800
True,4,4,0.6478217352552442,1.678692002676463,1.641754091327442,0.18155244606465057,3.5348137975453895,0.6964878481924135,376.1150890569205,2.395044010641563e-76,meaningfully_different,True,1.0,1.0,9.851569402391367e-07,8.433481546111756e-07,True,343,1.0189182758331299,order8_rho1.25,1.0,8,1.25,800
True,4,4,0.6254542165979878,1.564771908240811,1.5254215843121939,0.18094995385805895,2.903684544315197,0.6751032832486307,353.2225107289464,1.8578387156690035e-71,meaningfully_different,True,1.0,1.0,9.190940900449909e-07,7.287846619993143e-07,True,344,1.0438051223754883,order8_rho1.25,1.0,8,1.25,800
True,4,4,0.6208700908939686,1.5419186790667394,1.5034795477837615,0.18450510332946737,2.7288109580617252,0.6721167004669449,298.3468623394531,9.257379801831578e-60,meaningfully_different,True,1.0,1.0,7.587001760590466e-07,9.707513973883708e-07,True,345,1.022475004196167,order8_rho1.25,1.0,8,1.25,800
True,4,4,0.6834223647757355,1.8682645147026338,1.8324745678658652,0.17933050199524425,4.64212478414822,0.7292885222077355,454.0347950602867,5.050970031888216e-93,meaningfully_different,True,1.0,1.0,8.43269299014631e-07,9.232682007657298e-07,True,346,0.9894640445709229,order8_rho1.25,1.0,8,1.25,800
True,4,4,0.64078806499747,1.6424373769728076,1.598790708875407,0.196981825162563,3.039827194114196,0.6933247757071662,327.31991117329653,6.237999814248255e-66,meaningfully_different,True,1.0,1.0,8.440636043115599e-07,9.722086490583734e-07,True,347,1.0714519023895264,order8_rho1.25,1.0,8,1.25,800
True,4,4,0.6565174431637152,1.7240606127128881,1.6830770094495522,0.1889847836225212,3.6144550706999374,0.7060328101847845,386.2848690153538,1.6052819408729054e-78,meaningfully_different,True,1.0,1.0,6.536338946763592e-07,9.911947087755423e-07,True,348,1.0574579238891602,order8_rho1.25,1.0,8,1.25,800
True,4,4,0.6987179618528064,1.9528271608629595,1.9120237588795284,0.20896723693479005,4.364434215896403,0.7509567691395,475.76190143294264,1.1118135306752358e-97,meaningfully_different,True,1.0,1.0,9.545813880971538e-07,8.315293552632417e-07,True,349,1.0477149486541748,order8_rho1.25,1.0,8,1.25,800
True,4,4,0.696396278200356,1.9398711051652304,1.9009335007190655,0.19736648406549487,4.564774535985027,0.7459176358474263,435.7184623134758,4.2394421820033894e-89,meaningfully_different,True,1.0,1.0,9.217740970838978e-07,8.196652874093516e-07,True,350,1.0207891464233398,order8_rho1.25,1.0,8,1.25,800
True,4,4,0.6915524754657272,1.9129793052911008,1.8768194881353941,0.19288217238955838,4.545881442917948,0.7406217707042911,434.6372481621444,7.225522722271179e-89,meaningfully_different,True,1.0,1.0,8.885859626107966e-07,9.680000146958847e-07,True,351,1.0150389671325684,order8_rho1.25,1.0,8,1.25,800
True,4,4,0.6274574913232945,1.5748116136708892,1.5306781836646555,0.20544399039405248,2.583079615260522,0.6834843590748247,321.0981502963118,1.3220104617723634e-64,meaningfully_different,True,1.0,1.0,8.145378547754499e-07,9.141418976828788e-07,True,352,1.0793378353118896,order8_rho1.25,1.0,8,1.25,800
True,4,4,0.6339119615233183,1.6073774998493642,1.5667113363748033,0.1841951775938749,3.076689323671242,0.6836822072986577,373.3025730980113,9.556893142313918e-76,meaningfully_different,True,1.0,1.0,9.151795170893223e-07,9.436838198068579e-07,True,353,1.0311696529388428,order8_rho1.25,1.0,8,1.25,800
True,4,4,0.6484372615400248,1.6818835286141063,1.6430612314236037,0.19307824902431509,3.330573146758859,0.7001154707647674,376.43972986473614,2.0414404939817584e-76,meaningfully_different,True,1.0,1.0,9.344397165232915e-07,9.358701516516697e-07,True,354,1.0108122825622559,order8_rho1.25,1.0,8,1.25,800
True,4,4,0.6253045267857813,1.5640230048751596,1.528248195745212,0.16829048868320004,3.138907016543387,0.6717628704455928,394.2288435694008,3.2131029748108558e-80,meaningfully_different,True,1.0,1.0,9.985276844742793e-07,9.32734475840379e-07,True,355,1.0074818134307861,order8_rho1.25,1.0,8,1.25,800
True,4,4,0.6452878269324438,1.665585518348782,1.6331118933516822,0.1750833023218791,3.6160609547319806,0.6930184518096301,377.44645377957147,1.2439145120241709e-76,meaningfully_different,True,1.0,1.0,8.246550415269579e-07,7.702801243116771e-07,True,356,0.953585147857666,order8_rho1.25,1.0,8,1.25,800
True,4,4,0.6394014539532329,1.6353368772700327,1.601869803616095,0.17342150522429883,3.4705603716081943,0.6868629403810608,403.30228289490424,3.68255923198126e-82,meaningfully_different,True,1.0,1.0,7.663805943762631e-07,8.904084928403937e-07,True,357,0.965864896774292,order8_rho1.25,1.0,8,1.25,800
True,4,4,0.6101009273257596,1.488892566095007,1.4486072724927463,0.1781117104731074,2.5186848820952754,0.6598437249582221,319.8901236694569,2.3915224312501695e-64,meaningfully_different,True,1.0,1.0,9.145415785529583e-07,9.417178497213406e-07,True,358,1.032163143157959,order8_rho1.25,1.0,8,1.25,800
True,4,4,0.5996592169252171,1.4383647057734583,1.3992121488464515,0.1692552056584171,2.3586402987930706,0.6476133467884437,324.47716737339624,2.5179357739478975e-65,meaningfully_different,True,1.0,1.0,9.76795583882591e-07,9.238606328003204e-07,True,359,1.0274019241333008,order8_rho1.25,1.0,8,1.25,800
True,4,4,0.6695791520343009,1.7933449633558933,1.755179574436723,0.18241776236993415,4.139835751878461,0.7168036852045476,428.2958369353198,1.6475140515445345e-87,meaningfully_different,True,1.0,1.0,8.606718115397399e-07,9.98732255316778e-07,True,360,1.0120570659637451,order8_rho1.25,1.0,8,1.25,800
True,4,4,0.6816936587249377,1.858824977383167,1.8218410438753645,0.19691786665242192,4.17352197566709,0.732417591106697,432.03651767255224,2.605118715523918e-88,meaningfully_different,True,1.0,1.0,9.853688628552435e-07,9.780135025819818e-07,True,361,1.0000109672546387,order8_rho1.25,1.0,8,1.25,800
True,4,4,0.6433709708948024,1.655704824760483,1.6201364751505811,0.17919808558616623,3.4606199788467746,0.6918979505985234,385.60602514086133,2.2422326555222423e-78,meaningfully_different,True,1.0,1.0,8.061068357940013e-07,7.891005998752778e-07,True,362,0.9877321720123291,order8_rho1.25,1.0,8,1.25,800
True,4,4,0.5965118201797287,1.4233054064565318,1.3857091687193845,0.17354319896374953,2.2225542171776675,0.6463672193435533,311.26797013220954,1.6427790598614608e-62,meaningfully_different,True,1.0,1.0,9.133865734729231e-07,9.756760488197597e-07,True,363,1.0249888896942139,order8_rho1.25,1.0,8,1.25,800
True,4,4,0.6180963782710855,1.5281725313273316,1.4885561621553323,0.17655795918574993,2.7671149146062617,0.666889826299885,307.87578770843754,8.66958564223295e-62,meaningfully_different,True,1.0,1.0,7.7565133629758e-07,9.087745801925098e-07,True,364,0.9981338977813721,order8_rho1.25,1.0,8,1.25,800
True,4,4,0.7008877860131435,1.9649747543296239,1.9285773812863232,0.19106058773351361,4.860119987600368,0.7488063972061257,454.64407948510905,3.739468214124246e-93,meaningfully_different,True,1.0,1.0,9.122835826897277e-07,8.540441962351331e-07,True,365,0.9954590797424316,order8_rho1.25,1.0,8,1.25,800
True,4,4,0.6393020814035932,1.634828605147866,1.5981330600070731,0.17486107316059984,3.4206187185968044,0.6866137797932533,368.9436230502511,8.158882677870276e-75,meaningfully_different,True,1.0,1.0,9.277349144180488e-07,8.988385789761959e-07,True,366,1.0152781009674072,order8_rho1.25,1.0,8,1.25,800
True,4,4,0.6533257626228469,1.7073382084268982,1.6682767506539447,0.18185680935639884,3.6747414244152448,0.7013210005250163,382.20064102988147,1.1985433748250946e-77,meaningfully_different,True,1.0,1.0,8.590354680286685e-07,9.639435532399497e-07,True,367,1.0230178833007812,order8_rho1.25,1.0,8,1.25,800
True,4,4,0.6353162752589335,1.61450707843554,1.580540457775458,0.16979864720109317,3.418993421590231,0.6818787242750043,411.9398101581389,5.224053900580493e-84,meaningfully_different,True,1.0,1.0,7.019503140391232e-07,9.851309806175006e-07,True,368,0.985832929611206,order8_rho1.25,1.0,8,1.25,800
True,4,4,0.6429200186681254,1.653384601616891,1.6128915536673372,0.19429016358626536,3.1545166381787086,0.6950666216132092,336.11421027497505,8.31230350210772e-68,meaningfully_different,True,1.0,1.0,9.62716273865172e-07,8.116359564941823e-07,True,369,1.0243439674377441,order8_rho1.25,1.0,8,1.25,800
True,4,4,0.6974733082067437,1.9458760626434368,1.9102571891358942,0.1829599675242153,4.975171352801092,0.7435051370543823,520.479145623721,2.833833556026715e-107,meaningfully_different,True,1.0,1.0,9.113211759411006e-07,9.120686184500311e-07,True,370,1.0061461925506592,order8_rho1.25,1.0,8,1.25,800
True,4,4,0.6797625446559626,1.8483084684685982,1.815581025657846,0.17821149008783121,4.5764783474729285,0.726070389406778,481.81677838502554,5.592935266396533e-99,meaningfully_different,True,1.0,1.0,5.713208805905309e-07,7.410582268305321e-07,True,371,0.9794831275939941,order8_rho1.25,1.0,8,1.25,800
True,4,4,0.7069900836894832,1.99933991374105,1.9630160614542338,0.19752504787470165,4.875412368284122,0.7562929083471397,458.5462555442116,5.451913172716008e-94,meaningfully_different,True,1.0,1.0,8.797874949936689e-07,9.563808443660733e-07,True,372,0.9902529716491699,order8_rho1.25,1.0,8,1.25,800
True,4,4,0.6907207250627203,1.9083804801246804,1.8655328716503787,0.21069778067561112,4.107935398631215,0.7436564866229036,377.37862487463644,1.2861347899575691e-76,meaningfully_different,True,1.0,1.0,9.80377028299771e-07,9.482956783364393e-07,True,373,1.0469248294830322,order8_rho1.25,1.0,8,1.25,800
True,4,4,0.6969755342856288,1.9430995815709509,1.9085787643087562,0.19197405640924353,4.732820576400594,0.7457124089208398,488.5326097588218,2.028970846931796e-100,meaningfully_different,True,1.0,1.0,9.437210763263838e-07,7.747561270885502e-07,True,374,0.9952819347381592,order8_rho1.25,1.0,8,1.25,800
True,4,4,0.6596304926389497,1.7404495472764139,1.7058543657479253,0.17309200739779393,4.077914262821828,0.7054369890203691,434.12863792004384,9.285261034516727e-89,meaningfully_different,True,1.0,1.0,9.735507486415243e-07,9.387002655334306e-07,True,375,0.9867382049560547,order8_rho1.25,1.0,8,1.25,800
True,4,4,0.5943211579009553,1.412870554914929,1.3771099839691703,0.1651226947144994,2.2838167982977833,0.6420110293566449,322.5480395553073,6.489758666192275e-65,meaningfully_different,True,1.0,1.0,9.713005674979867e-07,9.305219191520938e-07,True,376,0.986727237701416,order8_rho1.25,1.0,8,1.25,800
True,4,4,0.6405708680191248,1.6413241478191,1.605614204808128,0.17356947059773614,3.489174696002254,0.6875882812499172,402.02117773578385,6.921713753949468e-82,meaningfully_different,True,1.0,1.0,9.711190861229815e-07,7.702541812275816e-07,True,377,0.9950098991394043,order8_rho1.25,1.0,8,1.25,800
True,4,4,0.6442706708059173,1.6603387890428263,1.6257780447179186,0.17019819886328244,3.676760676066827,0.6902407495611218,425.79630012021437,5.649455879150954e-87,meaningfully_different,True,1.0,1.0,5.539471781261408e-07,9.114868698088841e-07,True,378,0.9900338649749756,order8_rho1.25,1.0,8,1.25,800
True,4,4,0.637725230344415,1.6267738776713487,1.591125029939537,0.17036174109980062,3.4698226616106638,0.6839855915297689,392.672090097507,6.915771176647374e-80,meaningfully_different,True,1.0,1.0,8.564437335859076e-07,8.313676914364788e-07,True,379,0.996088981628418,order8_rho1.25,1.0,8,1.25,800
True,4,4,0.6771821095947885,1.8343024382209925,1.796598393049126,0.18846955619695718,4.226668800645199,0.7257071079522416,444.05211219578763,6.954258536812571e-91,meaningfully_different,True,1.0,1.0,6.47682750374153e-07,9.488274186391496e-07,True,380,1.009704828262329,order8_rho1.25,1.0,8,1.25,800
True,4,4,0.6783705388484856,1.8407463519103389,1.800997530389446,0.2065970201727323,3.877101081708466,0.7315769590989609,382.557443909345,1.0055052462274486e-77,meaningfully_different,True,1.0,1.0,9.70210628464416e-07,9.74791476633437e-07,True,381,1.0185112953186035,order8_rho1.25,1.0,8,1.25,800
True,4,4,0.6115253763705727,1.4958531437806826,1.4546628434347966,0.18440995196907584,2.465500579442915,0.6629461180550569,285.4886641362808,5.0304697353022113e-57,meaningfully_different,True,1.0,1.0,6.682120652352553e-07,9.55371483806344e-07,True,382,1.0316810607910156,order8_rho1.25,1.0,8,1.25,800
True,4,4,0.6340357772743247,1.6080054674554285,1.5733277622712374,0.16431693068894465,3.489158176624895,0.6788970948686703,428.6694556952334,1.370343918404239e-87,meaningfully_different,True,1.0,1.0,9.822550615387998e-07,9.419860838151131e-07,True,383,0.9891581535339355,order8_rho1.25,1.0,8,1.25,800
True,4,4,0.6312407349656237,1.5938594619197635,1.5582572105309993,0.18188064938926352,3.069360112829867,0.6814367645554535,357.66279966845605,2.0940913393259582e-72,meaningfully_different,True,1.0,1.0,7.580815975282309e-07,9.431198160435416e-07,True,384,0.9968612194061279,order8_rho1.25,1.0,8,1.25,800
True,4,4,0.6226858714386074,1.5509507779570317,1.5161936648369594,0.17334089788521223,2.9779104131489333,0.6710652109561476,363.041272487082,1.4873502472678852e-73,meaningfully_different,True,1.0,1.0,7.790979188647634e-07,9.403514582801703e-07,True,385,0.9747791290283203,order8_rho1.25,1.0,8,1.25,800
True,4,4,0.6361258186711559,1.6186242287201933,1.5828734483554392,0.17203713976012738,3.388067536859447,0.6829804831875216,399.08987050215796,2.93259490192998e-81,meaningfully_different,True,1.0,1.0,9.322216531552879e-07,8.998075685476513e-07,True,386,0.9965310096740723,order8_rho1.25,1.0,8,1.25,800
True,4,4,0.6683917867867235,1.7869903225757953,1.7543099221854739,0.17847419159859837,4.226436973486747,0.7155197138363241,433.29927963792454,1.3976779550007891e-88,meaningfully_different,True,1.0,1.0,8.40814142999264e-07,7.218737859832161e-07,True,387,0.9588782787322998,order8_rho1.25,1.0,8,1.25,800
True,4,4,0.6498188710369008,1.6890582606226896,1.649364548450893,0.18136241016673393,3.580480364447657,0.6977963826587068,374.63923271564147,4.951041445616667e-76,meaningfully_different,True,1.0,1.0,8.936153189719572e-07,7.753872115242447e-07,True,388,1.0136809349060059,order8_rho1.25,1.0,8,1.25,800
True,4,4,0.6422573786875798,1.6499781619145653,1.6161544900402196,0.17604199860362332,3.5000425746560335,0.6902386923990815,388.59012766952634,5.1603925568747797e-79,meaningfully_different,True,1.0,1.0,9.308898385611118e-07,8.671900989817137e-07,True,389,1.0068097114562988,order8_rho1.25,1.0,8,1.25,800
True,4,4,0.6286496743243789,1.5808016521125907,1.5449099950057457,0.17614392091045863,3.093549821016794,0.6772445943270361,371.9325242614356,1.875229497578406e-75,meaningfully_different,True,1.0,1.0,9.981442056429228e-07,9.789153422200797e-07,True,390,1.0378057956695557,order8_rho1.25,1.0,8,1.25,800
True,4,4,0.6741243905732508,1.8177747758630274,1.779252661723086,0.19706996983709807,3.954192829923461,0.725155830903409,374.2706360278339,5.935546358517157e-76,meaningfully_different,True,1.0,1.0,7.158323716892698e-07,9.041566037708315e-07,True,391,1.0479609966278076,order8_rho1.25,1.0,8,1.25,800
True,4,4,0.6359798107391721,1.6178812786713324,1.582422295840045,0.1581141506796348,3.6835557939411,0.6786930326108029,450.26257572950703,3.2484803799598096e-92,meaningfully_different,True,1.0,1.0,9.411441458781635e-07,6.592819483760144e-07,True,392,1.0195348262786865,order8_rho1.25,1.0,8,1.25,800
True,4,4,0.6508899243697767,1.6946307745843743,1.6580393628366308,0.18060366267118294,3.6435549152438496,0.6991255167031966,417.45660355588655,3.445878059200261e-85,meaningfully_different,True,1.0,1.0,8.891484126568272e-07,8.115876355947853e-07,True,393,1.073075771331787,order8_rho1.25,1.0,8,1.25,800
True,4,4,0.655682840454546,1.7196799490661665,1.683787204113342,0.17471900925698233,3.913639431801068,0.7019925925868195,459.77353119370946,2.975203103055647e-94,meaningfully_different,True,1.0,1.0,7.633534602680493e-07,9.633074859555515e-07,True,394,1.0511720180511475,order8_rho1.25,1.0,8,1.25,800
True,4,4,0.6360925482577452,1.6184549197961275,1.579071307707769,0.1771456054991786,3.268900213900333,0.6838219613707225,371.32645522302664,2.526663131496509e-75,meaningfully_different,True,1.0,1.0,9.28163974999314e-07,8.617592557253655e-07,True,395,1.0677261352539062,order8_rho1.25,1.0,8,1.25,800
True,4,4,0.6114169922181811,1.4953229534925092,1.4600652721478387,0.16200938824631195,2.839744518066914,0.6569906776364818,379.60244577440324,4.305309375009098e-77,meaningfully_different,True,1.0,1.0,8.732500802179311e-07,9.922577131830284e-07,True,396,1.0586929321289062,order8_rho1.25,1.0,8,1.25,800
True,4,4,0.6360960462585857,1.6184727202632192,1.5860669598620174,0.16831201169259447,3.4820269448885903,0.6824433278218199,412.5582718359725,3.851726826065147e-84,meaningfully_different,True,1.0,1.0,9.083965471187084e-07,8.893213006315076e-07,True,397,0.9788610935211182,order8_rho1.25,1.0,8,1.25,800
True,4,4,0.565795283668382,1.2804972120855398,1.2448761733074127,0.15478771546604964,1.5820129689886318,0.6122661407630012,293.95315562295076,7.96839289347386e-59,inconclusive,True,1.0,1.0,9.190954811429281e-07,9.051445849769029e-07,True,398,0.9935071468353271,order8_rho1.25,1.0,8,1.25,800
True,4,4,0.625439306609723,1.5646973050098043,1.5301755858465533,0.1632110752586355,3.2484044664640592,0.6705657900132487,404.4204475560582,2.1229154324476723e-82,meaningfully_different,True,1.0,1.0,8.690690913258315e-07,8.746587463199876e-07,True,399,0.996366024017334,order8_rho1.25,1.0,8,1.25,800
True,4,4,0.669144142229105,1.7910155323180987,1.7556588317402626,0.1800089211693524,4.1978965644115975,0.7161960553174831,447.9282111884016,1.0276353923900824e-91,meaningfully_different,True,1.0,1.0,9.532013128486909e-07,9.288439588018231e-07,True,400,1.0016729831695557,order8_rho1.25,1.0,8,1.25,800
True,4,4,0.5819172101893731,1.354510558058332,1.3175744723511338,0.15933322266494615,1.9931466083438558,0.6284214950066231,312.3818880800163,9.51303612368018e-63,meaningfully_different,True,1.0,1.0,8.866210268213971e-07,9.048051605197622e-07,True,401,1.0226399898529053,order8_rho1.25,1.0,8,1.25,800
True,4,4,0.6023588345075143,1.451344662037004,1.414260196764181,0.1677351097234816,2.469728594371843,0.6500307493418971,338.7623967336291,2.2638050297547923e-68,meaningfully_different,True,1.0,1.0,9.28675295744693e-07,9.625251122520236e-07,True,402,1.032289981842041,order8_rho1.25,1.0,8,1.25,800
True,4,4,0.6580445004470111,1.7320902582742255,1.6887373206280585,0.19227844221733167,3.5819788879378427,0.7079913865460892,346.6966019840137,4.5912861807179836e-70,meaningfully_different,True,1.0,1.0,9.751648061653773e-07,7.90135729120374e-07,True,403,1.1197528839111328,order8_rho1.25,1.0,8,1.25,800
True,4,4,0.6278414682434813,1.5767396369845215,1.5414422363959805,0.17746996580626656,3.0508950285539633,0.6770070814488154,360.4434689304601,5.335985203669198e-73,meaningfully_different,True,1.0,1.0,9.849987449610868e-07,9.948209988099286e-07,True,404,1.0463080406188965,order8_rho1.25,1.0,8,1.25,800
True,4,4,0.7049083205599229,1.9875829615784442,1.9486920854293555,0.2026588197417139,4.681227723710478,0.7553204915986356,452.81420335306484,9.224252110351205e-93,meaningfully_different,True,1.0,1.0,9.962794188139953e-07,9.574933181942677e-07,True,405,1.095560073852539,order8_rho1.25,1.0,8,1.25,800
True,4,4,0.6685311730037639,1.7877357171111536,1.7497815466395066,0.1935218272835536,3.8744029919731258,0.719043918363325,419.67962906686637,1.1520265585253247e-85,meaningfully_different,True,1.0,1.0,9.33891796809223e-07,8.018232289520304e-07,True,406,1.0885670185089111,order8_rho1.25,1.0,8,1.25,800
True,4,4,0.6736739077722248,1.8153461360524,1.7824195458037801,0.1792294088415282,4.365464076799936,0.7206291849823208,450.21461075278916,3.326270241915654e-92,meaningfully_different,True,1.0,1.0,8.293191376321755e-07,7.805788682119734e-07,True,407,1.0383071899414062,order8_rho1.25,1.0,8,1.25,800
True,4,4,0.6539115039712524,1.7104010201037811,1.6736946921140758,0.17776881463280697,3.7897237122587333,0.7010881491691526,407.47768344891426,4.707886099432112e-83,meaningfully_different,True,1.0,1.0,9.592183418586631e-07,8.887917151536087e-07,True,408,1.0550038814544678,order8_rho1.25,1.0,8,1.25,800
True,4,4,0.6435640986690581,1.6566989963828687,1.6190846893018869,0.18293085466401143,3.384255162634854,0.6928165646614763,382.1551639258209,1.2256734048364916e-77,meaningfully_different,True,1.0,1.0,9.72441222549921e-07,9.57513432069481e-07,True,409,1.0333740711212158,order8_rho1.25,1.0,8,1.25,800
True,4,4,0.6733081992518173,1.8133757247188997,1.7711851432485106,0.2064510696049974,3.7354378677912314,0.7264239350882344,393.7503114102081,4.0668878666599204e-80,meaningfully_different,True,1.0,1.0,9.090629247532726e-07,9.703452700077355e-07,True,410,1.0543649196624756,order8_rho1.25,1.0,8,1.25,800
True,4,4,0.634152591283107,1.6085980361243175,1.571244887617746,0.16515778939066633,3.458782596481212,0.6787682366824981,413.26873220501363,2.714012262529971e-84,meaningfully_different,True,1.0,1.0,9.168137803440282e-07,9.931449680765643e-07,True,411,1.015765905380249,order8_rho1.25,1.0,8,1.25,800
True,4,4,0.6381310135561512,1.6288447618488036,1.5915897906798924,0.1805479684531278,3.2766349892963516,0.687125310883819,392.5737121230715,7.259025698571572e-80,meaningfully_different,True,1.0,1.0,8.442072061668976e-07,6.935719412173094e-07,True,412,1.015122890472412,order8_rho1.25,1.0,8,1.25,800
True,4,4,0.6623561968434512,1.7548629259876825,1.7186709939877975,0.17562073410865364,4.0921762321251185,0.708438669796881,429.17654659517655,1.067208549225202e-87,meaningfully_different,True,1.0,1.0,8.130955572732509e-07,9.206451703705205e-07,True,413,1.008255958557129,order8_rho1.25,1.0,8,1.25,800
True,4,4,0.647948170935211,1.6793473288731415,1.6419261582380655,0.17166462754044984,3.7394200974036225,0.6935937830364485,434.51186904613144,7.6863621551368e-89,meaningfully_different,True,1.0,1.0,8.793669120414278e-07,7.255582320994044e-07,True,414,1.0264487266540527,order8_rho1.25,1.0,8,1.25,800
True,4,4,0.6430337153210238,1.6539694361582382,1.6138415038005596,0.19389304358057385,3.1658768796698613,0.6951199860050649,357.95050717464255,1.8178685346032573e-72,meaningfully_different,True,1.0,1.0,9.917121627895548e-07,9.76681848592434e-07,True,415,1.043807029724121,order8_rho1.25,1.0,8,1.25,800
True,4,4,0.6718060764937235,1.8052936176555625,1.771592154844623,0.17302985210358215,4.459300782287666,0.7169729657818481,489.4586038373141,1.2842685340263054e-100,meaningfully_different,True,1.0,1.0,8.346380993595908e-07,9.810423699111587e-07,True,416,0.9910728931427002,order8_rho1.25,1.0,8,1.25,800
True,4,4,0.6424000109121771,1.6507110960798612,1.6089912074712984,0.1837987404864443,3.31335898091322,0.6912512626370997,407.1455692746221,5.544808082570175e-83,meaningfully_different,True,1.0,1.0,9.04277108653507e-07,9.224706228562523e-07,True,417,1.0566163063049316,order8_rho1.25,1.0,8,1.25,800
True,4,4,0.6565762778611162,1.7243696345998307,1.6877374144289874,0.18829891641583274,3.652370536802305,0.7066579034523356,425.95447428946056,5.225660090551667e-87,meaningfully_different,True,1.0,1.0,9.309025702855834e-07,9.425544621705127e-07,True,418,1.0105040073394775,order8_rho1.25,1.0,8,1.25,800
True,4,4,0.635711212781285,1.6165149842234086,1.581652215846524,0.16786359614099808,3.465028923590804,0.681498947319833,397.12219962141165,7.728928166893645e-81,meaningfully_different,True,1.0,1.0,9.211398490826352e-07,9.956262204571065e-07,True,419,1.0077168941497803,order8_rho1.25,1.0,8,1.25,800
True,4,4,0.6136653853049232,1.5063408204857596,1.4685688260160519,0.17085582772842825,2.7424807935778004,0.6613625431525725,344.0463217422847,1.6884788888842624e-69,meaningfully_different,True,1.0,1.0,7.616632804827922e-07,9.625179451807273e-07,True,420,1.0729539394378662,order8_rho1.25,1.0,8,1.25,800
True,4,4,0.6274534073890659,1.5747911137765964,1.5381610414061164,0.17385978945456287,3.095373824473435,0.6753027000300446,398.0362195913348,4.927453067659222e-81,meaningfully_different,True,1.0,1.0,8.994340235342828e-07,9.067025583327875e-07,True,421,1.215512990951538,order8_rho1.25,1.0,8,1.25,800
True,4,4,0.6433910319246277,1.6558080798441492,1.6157454087682623,0.20815069666395186,2.958171260710937,0.699664712045784,332.5855299106962,4.702153070379832e-67,meaningfully_different,True,1.0,1.0,6.247948827333168e-07,7.391641436216014e-07,True,422,1.2383191585540771,order8_rho1.25,1.0,8,1.25,800
True,4,4,0.639349732418777,1.6350723213758473,1.5929116201331468,0.18453407560187698,3.2130196994744966,0.6885570353433024,398.4464127019272,4.0261078673935536e-81,meaningfully_different,True,1.0,1.0,8.800253814846512e-07,9.679535200301987e-07,True,423,1.2541530132293701,order8_rho1.25,1.0,8,1.25,800
True,4,4,0.6984677461440515,1.9514287696142048,1.9151129249037206,0.19374842452279262,4.723201890067842,0.7472952434774641,452.310033228818,1.1829470346481903e-92,meaningfully_different,True,1.0,1.0,7.314407977892355e-07,9.18646167814276e-07,True,424,1.1670539379119873,order8_rho1.25,1.0,8,1.25,800
True,4,4,0.6445831458672934,1.6619497277447057,1.6196662901257992,0.18643634017044358,3.323741978410908,0.6939608743385163,363.1803651710448,1.389011924773981e-73,meaningfully_different,True,1.0,1.0,7.732850448810192e-07,8.955272624844051e-07,True,425,1.0775659084320068,order8_rho1.25,1.0,8,1.25,800
True,4,4,0.6113235555715696,1.494865958386664,1.4511890032002006,0.19558677373880026,2.3068482319911303,0.6657515710398668,284.1888382656943,9.505142247187255e-57,meaningfully_different,True,1.0,1.0,9.171401240652394e-07,8.883870384775773e-07,True,426,1.0972590446472168,order8_rho1.25,1.0,8,1.25,800
True,4,4,0.670308000283911,1.7972512609784628,1.7639137109694867,0.16953691008031424,4.505884356436601,0.7146287694350888,553.5250404526662,2.2722247033212963e-114,meaningfully_different,True,1.0,1.0,6.897980942418782e-07,9.000745246787772e-07,True,427,0.9929928779602051,order8_rho1.25,1.0,8,1.25,800
True,4,4,0.7474269697760622,2.234588300594506,2.1942785703277052,0.21828556106951516,5.4711753011797954,0.7989565643957177,493.40316760687483,1.8302898395558713e-101,meaningfully_different,True,1.0,1.0,8.128443419576209e-07,8.715672862550116e-07,True,428,1.0773818492889404,order8_rho1.25,1.0,8,1.25,800
True,4,4,0.6027151063699834,1.4530619977863215,1.41817439216119,0.1600682073334461,2.6124762632598864,0.6483562222176227,375.28950677431686,3.595329745430358e-76,meaningfully_different,True,1.0,1.0,9.168404298113829e-07,7.787484182061877e-07,True,429,1.0088787078857422,order8_rho1.25,1.0,8,1.25,800
True,4,4,0.6885669538506887,1.8964977997408654,1.8550819259554974,0.20387772020871425,4.194092052236657,0.740005225234153,381.84534213153216,1.427580365480858e-77,meaningfully_different,True,1.0,1.0,9.5615981244545e-07,7.612368827294375e-07,True,430,1.0746028423309326,order8_rho1.25,1.0,8,1.25,800
True,4,4,0.7024270745287187,1.9736151801238964,1.935522558328578,0.20432147787128446,4.578679481351076,0.7535916470923171,447.98407984212827,9.996986252260858e-92,meaningfully_different,True,1.0,1.0,6.77910421587895e-07,9.422845191498817e-07,True,431,1.04142427444458,order8_rho1.25,1.0,8,1.25,800
True,4,4,0.6828444403771234,1.8651061190157876,1.830992178063162,0.18891984230662542,4.398649543198454,0.7317338426443585,431.16508328655743,4.003489713747651e-88,meaningfully_different,True,1.0,1.0,9.358055089953485e-07,9.974477239964828e-07,True,432,1.02427077293396,order8_rho1.25,1.0,8,1.25,800
True,4,4,0.6435232948123676,1.6564889238646612,1.6207805684017471,0.18067565812013345,3.4358838089245123,0.6924531716951141,411.8465675689831,5.469674951335133e-84,meaningfully_different,True,1.0,1.0,7.993797892100721e-07,9.374627281465356e-07,True,433,1.013105869293213,order8_rho1.25,1.0,8,1.25,800
True,4,4,0.6593146964440386,1.7387834757883789,1.707762469888931,0.16436594304314156,4.306016543239513,0.703228339063981,502.0934608299479,2.500937263456733e-103,meaningfully_different,True,1.0,1.0,9.102459337774396e-07,7.219431069688969e-07,True,434,0.9815230369567871,order8_rho1.25,1.0,8,1.25,800
True,4,4,0.6110716941395398,1.4936344615142692,1.4605495902229624,0.15183776071246396,3.0331690092236525,0.6538922850208297,433.05290063731,1.5782290285845408e-88,meaningfully_different,True,1.0,1.0,6.839579609921528e-07,9.1314370893734e-07,True,435,0.9756870269775391,order8_rho1.25,1.0,8,1.25,800
True,4,4,0.6051303291057644,1.4647308608146028,1.4322075538785606,0.15313600174602784,2.8223771611548654,0.6488632101158458,385.82274877873,2.0153383858930336e-78,meaningfully_different,True,1.0,1.0,8.482981011971178e-07,9.077984089837581e-07,True,436,0.9866647720336914,order8_rho1.25,1.0,8,1.25,800
True,4,4,0.6266963150027087,1.5709930849518974,1.5355261570643095,0.17606713808600816,3.041601987093735,0.6754870146294534,371.058191569734,2.883125527601569e-75,meaningfully_different,True,1.0,1.0,8.667327889487674e-07,8.162191455152672e-07,True,437,0.9975991249084473,order8_rho1.25,1.0,8,1.25,800
True,4,4,0.6608695531947874,1.7469942653595116,1.7095021202522211,0.18114275587660134,3.9168120017758286,0.7084235031483346,420.59475730575735,7.337856982218402e-86,meaningfully_different,True,1.0,1.0,9.569362812578105e-07,8.752248066549124e-07,True,438,1.0210769176483154,order8_rho1.25,1.0,8,1.25,800
True,4,4,0.6096734924588184,1.4868070696277318,1.4495179150786497,0.165707763031926,2.7127148834423864,0.6561407871249372,352.0122531027589,3.367951597733696e-71,meaningfully_different,True,1.0,1.0,9.757274398349112e-07,9.264054445580053e-07,True,439,0.994265079498291,order8_rho1.25,1.0,8,1.25,800
True,4,4,0.6644307123696995,1.7658726861604253,1.7215400835077759,0.1981136832352744,3.642050724234401,0.7154383435918905,411.68246904686,5.930323183144318e-84,meaningfully_different,True,1.0,1.0,9.845042076829828e-07,9.732952010294777e-07,True,440,1.061110019683838,order8_rho1.25,1.0,8,1.25,800
True,4,4,0.6539081421147229,1.7103834332957146,1.6730274299248724,0.18618185431680742,3.6148927208537067,0.7034325355480836,362.4257227595031,2.013165458803445e-73,meaningfully_different,True,1.0,1.0,8.854857735010008e-07,7.584712521172965e-07,True,441,1.0196828842163086,order8_rho1.25,1.0,8,1.25,800
True,4,4,0.588060518136386,1.3832606919633395,1.3478593208595202,0.15762334937643865,2.206902227592924,0.6338624966768412,349.0661157258906,1.4329268126506264e-70,meaningfully_different,True,1.0,1.0,9.766705786763407e-07,9.81107033088708e-07,True,442,1.006545066833496,order8_rho1.25,1.0,8,1.25,800
True,4,4,0.659497978272773,1.7397503333834998,1.7045215062271355,0.17797987892908043,3.958433450265835,0.706624432709487,444.4897732686155,5.603916214765179e-91,meaningfully_different,True,1.0,1.0,9.015941781394265e-07,9.775090052378891e-07,True,443,0.9748470783233643,order8_rho1.25,1.0,8,1.25,800
True,4,4,0.6299409748630751,1.5873025272457655,1.5514325878847275,0.16812855519570014,3.2798270778147405,0.6760139517222418,421.5367355377666,4.612348120387401e-86,meaningfully_different,True,1.0,1.0,5.508872708564191e-07,9.753616469678052e-07,True,444,0.9869611263275146,order8_rho1.25,1.0,8,1.25,800
True,4,4,0.6587052211961197,1.7355702737241159,1.6970590539559884,0.19521292775849639,3.570762766379594,0.7103090429889244,376.46531108157853,2.015904234055349e-76,meaningfully_different,True,1.0,1.0,8.809972642284458e-07,8.997182836360941e-07,True,445,1.1070139408111572,order8_rho1.25,1.0,8,1.25,800
True,4,4,0.6457980825679265,1.6682206537936413,1.633848236156248,0.1746444295590929,3.62936417586556,0.6930210602036913,392.1696348677606,8.857021852624147e-80,meaningfully_different,True,1.0,1.0,9.521947459918871e-07,8.732853506037868e-07,True,446,1.0681648254394531,order8_rho1.25,1.0,8,1.25,800
True,4,4,0.6392621196250728,1.6346242303501637,1.5950867583201154,0.1902453580093634,3.127996207354645,0.6906541329515986,340.846324467682,8.13322556089744e-69,meaningfully_different,True,1.0,1.0,9.607036712774431e-07,8.651806596167888e-07,True,447,1.1041669845581055,order8_rho1.25,1.0,8,1.25,800
True,4,4,0.672065167007413,1.8066863548188077,1.767104095492269,0.19491619668400992,3.9355585043343857,0.7224459683186607,389.65315703068467,3.0576640688349586e-79,meaningfully_different,True,1.0,1.0,9.688366328720446e-07,8.538233152440978e-07,True,448,1.140355110168457,order8_rho1.25,1.0,8,1.25,800
True,4,4,0.6570248671870736,1.726726704408767,1.6891188196752966,0.1834601813503303,3.756230995756922,0.705493438022382,422.5452029122204,2.805657098334961e-86,meaningfully_different,True,1.0,1.0,9.523760249722137e-07,8.933831884936919e-07,True,449,1.0220260620117188,order8_rho1.25,1.0,8,1.25,800
True,4,4,0.6900951063816054,1.9049250234073574,1.8700015604249731,0.18520815230675686,4.697425840003012,0.7373333475246665,482.6609988800717,3.686302807425201e-99,meaningfully_different,True,1.0,1.0,6.975377607579308e-07,9.873111556250449e-07,True,450,1.0042569637298584,order8_rho1.25,1.0,8,1.25,800
True,4,4,0.643197364476232,1.6548113986766835,1.616317930674935,0.18515200972822576,3.328713156176881,0.6929765301606111,345.22409317492554,9.466127869060849e-70,meaningfully_different,True,1.0,1.0,8.506757156521296e-07,8.166926002706792e-07,True,451,1.0220892429351807,order8_rho1.25,1.0,8,1.25,800
True,4,4,0.662334332333455,1.7547470711504143,1.7152357563208573,0.1815723931469254,3.93912171296933,0.7095589767142045,391.32738604296145,1.340889320251504e-79,meaningfully_different,True,1.0,1.0,9.546430167959487e-07,9.232783862574123e-07,True,452,1.0351850986480713,order8_rho1.25,1.0,8,1.25,800
True,4,4,0.644045539238539,1.6591786264522421,1.624997856120904,0.1825656706211139,3.4234139090584446,0.693774398057263,380.00524103066465,3.531123653427389e-77,meaningfully_different,True,1.0,1.0,7.616226606322928e-07,9.067144906499423e-07,True,453,0.9836671352386475,order8_rho1.25,1.0,8,1.25,800
True,4,4,0.6131412766660913,1.5037689006068975,1.4644499468926655,0.1744983535508056,2.6616293932964807,0.6617163660942217,327.8811932288704,4.7356875945654854e-66,meaningfully_different,True,1.0,1.0,8.009022765325371e-07,8.28907467411755e-07,True,454,1.0232419967651367,order8_rho1.25,1.0,8,1.25,800
True,4,4,0.6263907510820547,1.569461492164562,1.5327427065604,0.1791063164742224,2.9744495730114253,0.6758968820801999,334.1416832594096,2.1899165779630956e-67,meaningfully_different,True,1.0,1.0,9.205706034000468e-07,9.330845355324049e-07,True,455,1.0145647525787354,order8_rho1.25,1.0,8,1.25,800
True,4,4,0.5985242242825558,1.4329249882121406,1.3950105901706866,0.17007809993233505,2.3225247126340203,0.6470633990787539,340.48951801319083,9.691384096932782e-69,meaningfully_different,True,1.0,1.0,9.760436141836601e-07,6.920881278099744e-07,True,456,1.0333058834075928,order8_rho1.25,1.0,8,1.25,800
True,4,4,0.6510532667896889,1.6954814247901033,1.6582124859762695,0.16690235800756578,3.943697943119727,0.6951155362405173,440.406737151293,4.198970234287364e-90,meaningfully_different,True,1.0,1.0,9.658350570332021e-07,6.90912360465499e-07,True,457,1.015495777130127,order8_rho1.25,1.0,8,1.25,800
True,4,4,0.6730370592905676,1.8119155327139795,1.7767912088694495,0.17595600797852934,4.414689886373393,0.7187164056108702,473.82315376525446,2.8955296689909923e-97,meaningfully_different,True,1.0,1.0,8.496252597059642e-07,9.839986845657885e-07,True,458,0.9950237274169922,order8_rho1.25,1.0,8,1.25,800
True,4,4,0.6325872101740448,1.6006663139031245,1.5600698160525248,0.17999468354954912,3.111590881507054,0.6812001769158944,364.5013136131266,7.253869411497765e-74,meaningfully_different,True,1.0,1.0,8.226778460473032e-07,9.631709878098739e-07,True,459,1.0201551914215088,order8_rho1.25,1.0,8,1.25,800
True,4,4,0.6691676619143,1.7911414390074034,1.7541390083959827,0.18372593108059765,4.104695531874343,0.71699743243943,410.11758878413497,1.2821833293132432e-83,meaningfully_different,True,1.0,1.0,8.860779357311195e-07,9.264404882131099e-07,True,460,1.012695074081421,order8_rho1.25,1.0,8,1.25,800
True,4,4,0.6694277601597277,1.79253410428988,1.7544528309496428,0.19410087343234764,3.886911056134951,0.7200208949414747,387.69497460162455,8.018138367356056e-79,meaningfully_different,True,1.0,1.0,8.623118075443025e-07,9.533582226632224e-07,True,461,1.017225980758667,order8_rho1.25,1.0,8,1.25,800
True,4,4,0.6868733808338047,1.8871801651922437,1.848822023780713,0.19637424830122072,4.322471154561443,0.7368563154270384,422.65046150674385,2.6637959286348167e-86,meaningfully_different,True,1.0,1.0,9.58297901167022e-07,8.59464986201312e-07,True,462,1.0263588428497314,order8_rho1.25,1.0,8,1.25,800
True,4,4,0.5930387116236872,1.4067796539371313,1.3713050508648605,0.16614814120296686,2.2347830567136686,0.6412087069616659,325.9085809947777,1.2471440109496347e-65,meaningfully_different,True,1.0,1.0,9.730060340197917e-07,8.46496555441687e-07,True,463,0.9817769527435303,order8_rho1.25,1.0,8,1.25,800
True,4,4,0.6966324810870315,1.941187254821893,1.9058233943302834,0.19926832925291685,4.545746921883343,0.7472601000385515,421.9456738279226,3.770331787863683e-86,meaningfully_different,True,1.0,1.0,7.448345464638436e-07,9.555404765818592e-07,True,464,0.9927642345428467,order8_rho1.25,1.0,8,1.25,800
True,4,4,0.7019606757200935,1.9709951610296408,1.9336747663383922,0.19513244895742474,4.7848257495200475,0.7507727823286375,483.8884698729387,2.01068721354367e-99,meaningfully_different,True,1.0,1.0,6.806760800591329e-07,9.202186125736554e-07,True,465,1.01358962059021,order8_rho1.25,1.0,8,1.25,800
True,4,4,0.6185260339089972,1.5302978184927758,1.4930537777850856,0.17408214468414793,2.8323052813927307,0.6669695316984684,347.1595025930511,3.657169693126511e-70,meaningfully_different,True,1.0,1.0,9.140893129366165e-07,9.359706151716616e-07,True,466,1.01334810256958,order8_rho1.25,1.0,8,1.25,800
True,4,4,0.6365232606143046,1.6206474452122641,1.5841037080431886,0.17541893661043098,3.329764273627776,0.6842225847929214,384.0689557210118,4.77831107769528e-78,meaningfully_different,True,1.0,1.0,8.443744711483956e-07,9.778491668940397e-07,True,467,0.989372730255127,order8_rho1.25,1.0,8,1.25,800
True,4,4,0.6506326426880946,1.6932913429251752,1.656726207287751,0.16280098576635274,4.033920336516055,0.6936335486402044,485.17542629520847,1.064956097007515e-99,meaningfully_different,True,1.0,1.0,9.78452965701503e-07,9.868035686879517e-07,True,468,1.0176467895507812,order8_rho1.25,1.0,8,1.25,800
True,4,4,0.6458801928761815,1.6686448941990937,1.6307769220064026,0.17705231142699676,3.5626584986239402,0.6931814442512941,384.02111738316665,4.892163234173645e-78,meaningfully_different,True,1.0,1.0,8.57088698695099e-07,9.67617807238012e-07,True,469,1.0123279094696045,order8_rho1.25,1.0,8,1.25,800
True,4,4,0.7010841751544135,1.9660760826077772,1.932187864706202,0.17662945060016527,5.277646856391964,0.7454390412958544,533.9288419501848,3.672175663942442e-110,meaningfully_different,True,1.0,1.0,7.142061672447791e-07,8.178347895801213e-07,True,470,0.9808142185211182,order8_rho1.25,1.0,8,1.25,800
True,4,4,0.6095931744425657,1.4864153533078572,1.4516730320620808,0.15875939584941084,2.845016067524654,0.654371645194382,396.15148909753805,1.2466195210470604e-80,meaningfully_different,True,1.0,1.0,8.43309292656144e-07,8.409249132720572e-07,True,471,0.9832639694213867,order8_rho1.25,1.0,8,1.25,800
True,4,4,0.625344961075999,1.564225281372571,1.5261179700243033,0.18561365797779425,2.834478754183299,0.6766508088668793,338.0302218973996,3.2435942718167506e-68,meaningfully_different,True,1.0,1.0,9.620664307703098e-07,8.920293284742965e-07,True,472,1.0154838562011719,order8_rho1.25,1.0,8,1.25,800
True,4,4,0.6298760618739665,1.5869754132874276,1.5508379345386936,0.17721876820079907,3.1082370119769847,0.6786635521703023,372.2851758185711,1.576540741290844e-75,meaningfully_different,True,1.0,1.0,9.95835578264917e-07,8.076618907165096e-07,True,473,0.9912302494049072,order8_rho1.25,1.0,8,1.25,800
True,4,4,0.6436186870898594,1.6569800574850975,1.6197132890341142,0.16734398668536737,3.7032301029093513,0.6882894835173025,412.4100224160952,4.143634568496882e-84,meaningfully_different,True,1.0,1.0,9.70416283160302e-07,7.68348372833162e-07,True,474,1.0075547695159912,order8_rho1.25,1.0,8,1.25,800
True,4,4,0.5835698427362078,1.3622150454046495,1.3283945916634636,0.16112072046711848,2.038189692246829,0.6311526346892719,325.41567056051696,1.5885135814528164e-65,meaningfully_different,True,1.0,1.0,9.031831783622546e-07,9.496564175739255e-07,True,475,0.9632089138031006,order8_rho1.25,1.0,8,1.25,800
True,4,4,0.6267685182619795,1.5713551019372693,1.5332843905402487,0.18658175977754138,2.8581807309357337,0.6782669229059688,359.1468777644791,1.0094779952698912e-72,meaningfully_different,True,1.0,1.0,9.261508555687845e-07,9.668073747014818e-07,True,476,1.0287790298461914,order8_rho1.25,1.0,8,1.25,800
True,4,4,0.6376113559326464,1.6261929648570714,1.5893916032389075,0.17414256292518998,3.3845350231356397,0.684804831589452,419.37182420390974,1.3407571591433903e-85,meaningfully_different,True,1.0,1.0,6.764128636342254e-07,8.938576014387515e-07,True,477,0.9986381530761719,order8_rho1.25,1.0,8,1.25,800
True,4,4,0.6989637169159776,1.9542011102599957,1.9207061345542866,0.18836178939055517,4.887966596267919,0.7467485699705776,487.23347495315375,3.8541117733225665e-100,meaningfully_different,True,1.0,1.0,8.409668971409931e-07,8.689070069556083e-07,True,478,0.9537878036499023,order8_rho1.25,1.0,8,1.25,800
True,4,4,0.6390668917642183,1.6336259685967163,1.5956243501279554,0.19139143917091306,3.112074148708717,0.6910924780765042,358.0177398587257,1.758759269962333e-72,meaningfully_different,True,1.0,1.0,8.186814624023929e-07,8.681599043115958e-07,True,479,1.0035078525543213,order8_rho1.25,1.0,8,1.25,800
True,4,4,0.6362915923862279,1.6194679621656065,1.5808151145953135,0.18472130760262975,3.144277842839636,0.686413619361664,336.67633131142514,6.306994854063347e-68,meaningfully_different,True,1.0,1.0,9.384018195781946e-07,9.503272692559269e-07,True,480,1.03450608253479,order8_rho1.25,1.0,8,1.25,800
True,4,4,0.6644574193327148,1.7660146484251653,1.7298544784037655,0.19405999721853726,3.760973352905147,0.715725989585901,378.90149064629134,6.078823555210891e-77,meaningfully_different,True,1.0,1.0,7.733934256662343e-07,7.08404782807836e-07,True,481,1.0115728378295898,order8_rho1.25,1.0,8,1.25,800
True,4,4,0.7150993424542968,2.045468278314271,2.0100471225170553,0.2037994772159175,4.956082990570923,0.7657133000977702,489.32042901288986,1.3749717509930959e-100,meaningfully_different,True,1.0,1.0,7.666618609037716e-07,7.452043263904877e-07,True,482,0.9921422004699707,order8_rho1.25,1.0,8,1.25,800
True,4,4,0.5867618335986671,1.3771577974722793,1.337002495603856,0.17800525963022817,1.8932165055342416,0.638317141498463,279.9006111404572,7.752954772408178e-56,meaningfully_different,True,1.0,1.0,9.641687100831712e-07,7.393700675732453e-07,True,483,1.043571949005127,order8_rho1.25,1.0,8,1.25,800
True,4,4,0.6938913695669257,1.925940931037855,1.8883156255633422,0.18108518557003028,4.905512412663971,0.739285846245447,483.76612074860697,2.135916094681901e-99,meaningfully_different,True,1.0,1.0,8.522902498031901e-07,8.93970368719982e-07,True,484,1.0229220390319824,order8_rho1.25,1.0,8,1.25,800
True,4,4,0.6352239679117201,1.61403795763804,1.5749020948445043,0.17780666781366777,3.2332988515760954,0.6832583766947119,384.1391431497517,4.616047227456457e-78,meaningfully_different,True,1.0,1.0,8.992009433286361e-07,9.64675820568316e-07,True,485,1.0276939868927002,order8_rho1.25,1.0,8,1.25,800
True,4,4,0.6138231838273104,1.5071156040155844,1.4727113911408607,0.16282530390327135,2.9031813840291156,0.6596467203787252,410.87365960216886,8.834040801002549e-84,meaningfully_different,True,1.0,1.0,9.859692005629187e-07,6.824747536024838e-07,True,486,0.9984707832336426,order8_rho1.25,1.0,8,1.25,800
True,4,4,0.6058483075668902,1.468208687126661,1.4297924136923104,0.17094854704546217,2.5141624255982187,0.6540217410992778,348.0512013335957,2.359598389263728e-70,meaningfully_different,True,1.0,1.0,9.033318280245024e-07,9.871028678299876e-07,True,487,1.0251579284667969,order8_rho1.25,1.0,8,1.25,800
True,4,4,0.6534260982504521,1.7078626634992378,1.671271283590257,0.18491194621552878,3.6302212881791847,0.7027489539283437,374.34905126628627,5.710899628949623e-76,meaningfully_different,True,1.0,1.0,9.92982143868295e-07,9.754806794619844e-07,True,488,1.0185260772705078,order8_rho1.25,1.0,8,1.25,800
True,4,4,0.668080139059728,1.7853242888242618,1.744430547001003,0.1928971165875612,3.859210340570778,0.7179342011717602,389.8084254052188,2.832631373739531e-79,meaningfully_different,True,1.0,1.0,9.405325899779433e-07,9.324673220903355e-07,True,489,1.067884922027588,order8_rho1.25,1.0,8,1.25,800
True,4,4,0.5854999115490765,1.3712405856959058,1.3349423317240783,0.1554673157693221,2.15442281270911,0.6306075066829718,334.1961488662427,2.1321197412332076e-67,meaningfully_different,True,1.0,1.0,9.513365218934304e-07,9.557191885038598e-07,True,490,1.0146269798278809,order8_rho1.25,1.0,8,1.25,800
True,4,4,0.6847611568441017,1.8755913676898894,1.8387778628182252,0.19752081237226773,4.246529025191428,0.735471054401047,437.9893686374598,1.3833413109459563e-89,meaningfully_different,True,1.0,1.0,9.214676483315355e-07,8.970352542469342e-07,True,491,1.0383720397949219,order8_rho1.25,1.0,8,1.25,800
True,4,4,0.6512335446217491,1.6964205185624306,1.6614403585033828,0.17429716592214464,3.794900249834447,0.6978777980488032,402.71817236830884,4.9103086098103364e-82,meaningfully_different,True,1.0,1.0,9.295397979493966e-07,9.578320632672096e-07,True,492,1.1064589023590088,order8_rho1.25,1.0,8,1.25,800
True,4,4,0.6773719027160419,1.8353307783566035,1.7958228829739529,0.19529985591429977,4.074876959065299,0.7275064534623883,392.357009329774,8.076422588944884e-80,meaningfully_different,True,1.0,1.0,9.807938572627063e-07,8.65148702386192e-07,True,493,1.1888878345489502,order8_rho1.25,1.0,8,1.25,800
True,4,4,0.6694017846693779,1.7923949972741928,1.7576403851267557,0.18225407562814927,4.157055925995093,0.7171857608824935,451.49484401855045,1.768648605186918e-92,meaningfully_different,True,1.0,1.0,9.455681693650841e-07,9.594211040664177e-07,True,494,1.1407809257507324,order8_rho1.25,1.0,8,1.25,800
True,4,4,0.5913387931100961,1.39872627294762,1.363676854319101,0.15578743068953602,2.334442854018572,0.6363812486871049,364.856832420748,6.090219676049417e-74,meaningfully_different,True,1.0,1.0,8.821370793853226e-07,8.544008054361827e-07,True,495,1.1453359127044678,order8_rho1.25,1.0,8,1.25,800
True,4,4,0.6792120656232111,1.8453161203525972,1.8049038885358526,0.19894986059886993,4.045762515806581,0.730093707739526,384.54471284328497,3.780676835467664e-78,meaningfully_different,True,1.0,1.0,9.210089904467663e-07,7.806288542073654e-07,True,496,1.1391620635986328,order8_rho1.25,1.0,8,1.25,800
True,4,4,0.6598704312437603,1.7417159441193046,1.706110030372947,0.18940713073341264,3.728001304062755,0.7102212747324372,395.4549116341056,1.756760205737032e-80,meaningfully_different,True,1.0,1.0,9.707097207115998e-07,8.868667965694177e-07,True,497,1.0481820106506348,order8_rho1.25,1.0,8,1.25,800
True,4,4,0.7048179199861399,1.9870732013343546,1.9485247694816286,0.19584436104901715,4.843258005494607,0.7534354778398575,453.34421499449877,7.101628562276943e-93,meaningfully_different,True,1.0,1.0,9.523264852649534e-07,8.365486741977242e-07,True,498,1.098513126373291,order8_rho1.25,1.0,8,1.25,800
True,4,4,0.5871348074163668,1.3789091283194164,1.3392138260700075,0.1662335222037289,2.040586168018994,0.6349495330315097,294.97649837899144,4.826714298717629e-59,meaningfully_different,True,1.0,1.0,9.495225394305923e-07,8.284717452345921e-07,True,499,1.0374212265014648,order8_rho1.25,1.0,8,1.25,800
