applicable,K_x,K_y,D_hat,Q_hat,Q_bc,s_Q,Z,U_D,T0,p_exact,decision,mt_reject,success_x,success_y,max_residual_x,max_residual_y,correct_cardinality,low_mode_error,mmd_stat,mmd_p,energy_stat,energy_p,gec_stat,gec_p,mmd_reject,energy_reject,gec_reject,rep,seconds,name,w,shifted,n
True,4,4,0.17091542754969694,0.11684833349798282,0.06175571708655304,0.0929259238564529,,0.23162753505339986,12.372983971140677,0.1353219541631506,,False,1.0,1.0,9.827857228245474e-07,9.305403455070144e-07,True,0.10137249723563349,-3.977555581273127e-05,0.4835381883765515,-0.002289677402436715,0.5429979590518046,2.9442512705488886,0.22943726653613747,False,False,False,0,1.4381749629974365,w0.100_null,0.1,False,800
True,4,4,0.08771428033094683,0.030775179895903705,-0.029425308505906272,0.06035395041690516,,0.13214396102186196,3.8913336597704236,0.8667921514981898,,False,1.0,1.0,9.622989969661896e-07,7.366825864564262e-07,True,0.13963814052892215,9.606931330803432e-05,0.13538125212771193,0.003615463232815183,0.1564386803395686,3.7669838764899266,0.15205819976271903,False,False,False,1,1.4963722229003906,w0.100_null,0.1,False,800
True,4,4,0.09462594031514013,0.03581627432209785,-0.029059248721619114,0.06185052261589211,,0.13479225472182654,9.114428625428967,0.3327351088989479,,False,1.0,1.0,9.350739045718065e-07,7.431838297962422e-07,True,0.08312524762556532,-1.962687777744046e-05,0.386864044575579,-0.0004507863538262778,0.3492742277500618,4.147230033749139,0.1257304415019817,False,False,False,2,1.4623537063598633,w0.100_null,0.1,False,800
True,4,4,0.12022233180058853,0.05781363625428319,0.0030187135366633727,0.0531723797588208,,0.15039904856464417,10.916023266904162,0.2065029925781373,,False,1.0,1.0,8.802980061388588e-07,9.949288916204634e-07,True,0.2350533201739758,-3.679251811584831e-05,0.4670041048615564,-0.0016077854615341625,0.45885604759277443,4.730712571998603,0.09391583351035428,False,False,False,3,1.4952478408813477,w0.100_null,0.1,False,800
True,4,4,0.11817784686123019,0.05586401395502549,0.007314597225744124,0.054227786615094344,,0.15533139470269086,7.356873929243306,0.49866299949416726,,False,1.0,1.0,9.918116866837447e-07,9.852207748863597e-07,True,0.005882807825097104,-9.151199938834142e-05,1.0,-0.004163468329255357,1.0,3.9351062728335013,0.13979850593262533,False,False,False,4,1.7563731670379639,w0.100_null,0.1,False,800
True,4,4,0.10162421675363212,0.041309925723156816,-0.0058913274117041725,0.0464237023123751,,0.13272986449300084,7.821418032702386,0.4511063080509098,,False,1.0,1.0,9.853713738054808e-07,9.346607866226197e-07,True,0.11042982463293856,-5.151247461603372e-05,0.5594598472534507,-0.0028202861443260194,0.6420905542541534,6.915072176770188,0.03150729765531105,False,False,True,5,1.6927030086517334,w0.100_null,0.1,False,800
True,4,4,0.05323771789102282,0.011337018424976527,-0.03951132644966181,0.03690712199850927,,0.07279334967894839,1.9639857023746101,0.9820960992347394,,False,1.0,1.0,9.575841000694985e-07,7.903828161845932e-07,True,0.12040692576467203,-9.418040024733668e-05,1.0,-0.0041306551669711014,1.0,3.4130101496718983,0.18149901090778783,False,False,False,6,1.7561848163604736,w0.100_null,0.1,False,800
True,4,4,0.09054038635214741,0.03279024624318448,-0.016937668049192008,0.04901987142435493,,0.12618720741011452,3.3611274744089266,0.9096962965044737,,False,1.0,1.0,8.79683937964063e-07,7.951665541935647e-07,True,0.1307780521326142,0.00013470382875955083,0.09883707574419581,0.005755636024119254,0.10780997955604468,0.7177557609054959,0.6984596417188776,False,False,False,7,1.7611961364746094,w0.100_null,0.1,False,800
True,4,4,0.06922242609294738,0.019166977096774243,-0.03378273062352674,0.03804566688424024,,0.08484813277380258,5.520718908000874,0.7007434475935348,,False,1.0,1.0,9.218921873518645e-07,9.825511200758694e-07,True,0.1515352689174211,4.901468520127677e-05,0.20206470988871428,0.0019055270751536582,0.21664144976921854,0.5280734378511657,0.7679453410111691,False,False,False,8,1.7073101997375488,w0.100_null,0.1,False,800
True,4,4,0.15482614222479166,0.09588453726484565,0.043810446214477605,0.07685278248069545,,0.20628985931157767,12.41935891003503,0.13345091773534926,,False,1.0,1.0,9.340364456948656e-07,9.824740287620712e-07,True,0.12680877905403576,-2.685799850265762e-05,0.41789845033396045,-0.0008422003000340181,0.3808380928900136,0.010306983577959866,0.9948597646677063,False,False,False,9,1.7157750129699707,w0.100_null,0.1,False,800
True,4,4,0.12963145989615754,0.06721726157923641,0.02456169485465102,0.05085697721095754,,0.16447946549332754,11.291952146776229,0.18569913402119248,,False,1.0,1.0,8.292891247399861e-07,9.765792037973025e-07,True,0.19524129610326502,-1.5413801831352415e-06,0.3221320742530421,-0.00029116186406571065,0.33731736078556535,0.06289028873584733,0.9690441125230738,False,False,False,10,1.7012698650360107,w0.100_null,0.1,False,800
True,4,4,0.15043964103479268,0.09052834237870912,0.04744087351449425,0.05775070440741744,,0.1887010394235,15.892099625635579,0.0439507942977862,,True,1.0,1.0,9.92854958597444e-07,8.740711861880111e-07,True,0.1436715304186229,-5.65186280475954e-06,0.3354727129656527,0.00325375212953096,0.16821865017546472,0.8165169921780226,0.6648070065980571,False,False,False,11,1.6934421062469482,w0.100_null,0.1,False,800
True,4,4,0.0800831152596103,0.02565322139873611,-0.022225169014647606,0.03757638049410523,,0.09947672683697167,6.036517534832932,0.6431412370591094,,False,1.0,1.0,9.840070320296818e-07,7.957853463826763e-07,True,0.14148000807241723,0.0001432090108541553,0.09234137656214546,0.006393623869155333,0.09574137834610633,3.3049561279619235,0.19157458584301998,False,False,False,12,2.3605458736419678,w0.100_null,0.1,False,800
True,4,4,0.10960855909062985,0.048056144903696384,-0.00482610204799281,0.06321794350284851,,0.15744694472351695,4.650464876069822,0.7941976496486438,,False,1.0,1.0,9.841671324532294e-07,8.330544298577664e-07,True,0.010394563728110156,0.00022672381192925535,0.0482268017148782,0.010296815624168527,0.048913397615780424,1.7889398258885085,0.40882425365770414,True,True,False,13,2.5264248847961426,w0.100_null,0.1,False,800
True,4,4,0.1258124612635759,0.06331510163679516,0.020165748117171103,0.0556811561484009,,0.16714746465375985,7.806006925271362,0.4526459106464261,,False,1.0,1.0,8.047990468983693e-07,8.134127326608342e-07,True,0.11040796304960254,-7.358695474517219e-05,0.8095455022467385,-0.0038122449123641575,1.0,3.2499199316859415,0.19691955855492072,False,False,False,14,2.595951795578003,w0.100_null,0.1,False,800
True,4,4,0.09440935173823146,0.03565250278253243,-0.0077596873713171866,0.04093524405397162,,0.12203769630835559,5.88345992659596,0.6602843267741891,,False,1.0,1.0,8.636062767297378e-07,9.197844314836211e-07,True,0.15936249837796473,-5.797801287932898e-05,0.6115793872482088,-0.003200344041132993,0.7239671435304776,0.4871678415153159,0.7838136950329662,False,False,False,15,2.6112430095672607,w0.100_null,0.1,False,800
True,4,4,0.039586245679017924,0.00626828338783826,-0.07168941838425888,0.05894870922930236,,0.07948675958244054,2.011562729713024,0.9806553176037348,,False,1.0,1.0,8.204342779276544e-07,7.354996182685826e-07,True,0.1687983731143719,-2.0189337908167728e-05,0.3891563445838544,-0.0016309682614927923,0.4605655813996845,0.5650532837619447,0.7538765570022721,False,False,False,16,2.4974820613861084,w0.100_null,0.1,False,800
True,4,4,0.03181991337628638,0.004050027549097475,-0.05970432551248671,0.04035318713694966,,0.04083736251515401,1.3849847751847266,0.9944570501481138,,False,1.0,1.0,9.596515093746023e-07,9.878213787938074e-07,True,0.04821707320409139,-9.097289048403049e-05,1.0,-0.004600247589764403,1.0,2.066110585514269,0.3559178643893179,False,False,False,17,2.3938791751861572,w0.100_null,0.1,False,800
True,4,4,0.13994268535892268,0.07833582074186574,0.029477201797561157,0.055396296697474416,,0.17363467492128537,13.601332671060545,0.09276680018202521,,False,1.0,1.0,9.855692669330917e-07,9.241514098774015e-07,True,0.16169435648934813,0.00010364851613301727,0.1271711376978744,0.0047988369010327605,0.12631578564918225,3.103676599168853,0.2118581568746097,False,False,False,18,2.3588712215423584,w0.100_null,0.1,False,800
True,4,4,0.16897186876400355,0.11420596973439855,0.060974563341632135,0.09225041559046948,,0.23060409472372584,12.393507790606558,0.13449114147218275,,False,1.0,1.0,8.816300054678751e-07,9.90980540381567e-07,True,0.061054705245209735,-7.394277645926864e-05,0.8170267240950639,-0.003102334838898764,0.6990174218136693,0.14538837338671087,0.9298851578028754,False,False,False,19,2.3337881565093994,w0.100_null,0.1,False,800
True,4,4,0.13705009960257228,0.07513091920429991,0.022981299517605885,0.05692004800470656,,0.17073843073865896,13.751104675662667,0.08848792296526123,,False,1.0,1.0,9.537083276658711e-07,8.220807746973293e-07,True,0.045839638350148725,-5.342786214442281e-06,0.33444431064444996,0.00021583197875816112,0.3032377842549713,1.5795350229338674,0.4539503212593654,False,False,False,20,1.4977097511291504,w0.100_null,0.1,False,800
True,4,4,0.08323571719770041,0.027712738469662244,-0.019459270858214864,0.04657203239235041,,0.11952500317595074,3.0434062029779447,0.9316040872056341,,False,1.0,1.0,9.907640726246902e-07,9.594010877307983e-07,True,0.09417778388204631,5.10770324881188e-05,0.1984444164466503,0.0023257059643643787,0.1989035164076643,0.7321287552901643,0.69345815656963,False,False,False,21,1.4835000038146973,w0.100_null,0.1,False,800
True,4,4,0.10702631217616225,0.045818525992117345,-0.0010394818023210448,0.047412667770065614,,0.1386969869379978,6.247764270193922,0.6195002808478806,,False,1.0,1.0,9.568532091482076e-07,9.57557065789886e-07,True,0.13319058110346818,-1.0209007053578506e-05,0.35114232537312295,-0.00012104352814528995,0.3254671947587379,1.2441568834857724,0.536827512554124,False,False,False,22,1.5112230777740479,w0.100_null,0.1,False,800
True,4,4,0.11592211080240851,0.0537517430915435,-0.02239278792777133,0.06916282058781897,,0.15113729550171975,12.710752214845035,0.1221968356511472,,False,1.0,1.0,8.117525288043983e-07,8.43631331914424e-07,True,0.08972103232168502,-9.160493140003847e-05,1.0,-0.004231026579629502,1.0,2.868794099718119,0.23825897899896636,False,False,False,23,1.5570931434631348,w0.100_null,0.1,False,800
True,4,4,0.0840247923561588,0.028240662921982407,-0.059215688081348056,0.09652677766152117,,0.1577630598818552,4.018203471608133,0.8554773533952675,,False,1.0,1.0,8.861248156365973e-07,8.968981707413635e-07,True,0.15063733800229115,-5.692271796322671e-05,0.6024013972904454,-0.0027908456870427245,0.6399634213652203,2.071753322335319,0.35491510421310474,False,False,False,24,1.892935037612915,w0.100_null,0.1,False,800
True,4,4,0.05496823372824522,0.01208602687681198,-0.04768799298493953,0.04881925544287468,,0.0902947069259091,1.8232844507801462,0.9859583403759173,,False,1.0,1.0,8.734695799409359e-07,8.784032129648193e-07,True,0.05525105558952748,0.000255987236503033,0.03863973601379038,0.01120948425261823,0.04245774475670323,0.9095168047291848,0.634601267594744,True,True,False,25,1.9542820453643799,w0.100_null,0.1,False,800
True,4,4,0.08976504727209848,0.0322310548470483,-0.015262279670156212,0.03984791570690756,,0.11211791672922666,6.279717484580518,0.6159309301890774,,False,1.0,1.0,8.413877335541342e-07,8.914426544906036e-07,True,0.008692930577729983,-3.114351618794785e-05,0.4380584546353564,-0.0015868835455130203,0.4576975081049782,2.1101185728029206,0.3481717848420815,False,False,False,26,2.028773784637451,w0.100_null,0.1,False,800
True,4,4,0.04260203646696256,0.007259734044529632,-0.040166751049025035,0.030156692445248556,,0.04857106622363284,1.8290252146376764,0.9858122010837571,,False,1.0,1.0,9.385421935948693e-07,9.350318213597737e-07,True,0.00923376407585536,-8.588154704069355e-05,1.0,-0.004137021042806897,1.0,4.70277415826601,0.09523696934289064,False,False,False,27,2.028062105178833,w0.100_null,0.1,False,800
True,4,4,0.1277977374837666,0.06532904682387888,0.013332157761916097,0.05441707351481746,,0.16034359864120587,11.203149645042304,0.19045202229749686,,False,1.0,1.0,8.120792919671223e-07,8.839571721500106e-07,True,0.04770030909392914,8.767061344612134e-06,0.29160022875659175,0.001133615146058754,0.251423662953311,0.9284252600155883,0.6286298746802822,False,False,False,28,2.3185629844665527,w0.100_null,0.1,False,800
True,4,4,0.07298182313489146,0.021305386032370317,-0.02927615723918104,0.03496176988653155,,0.08401017313891684,6.605018375395272,0.5797839518532385,,False,1.0,1.0,8.383727219667456e-07,9.357645879236459e-07,True,0.13715904364633072,3.937788416263e-05,0.2200512595554458,0.0022302095891607535,0.20428156212135185,4.026818321587,0.1335326634817423,False,False,False,29,2.2481908798217773,w0.100_null,0.1,False,800
True,4,4,0.15558595955327376,0.09682796324045174,0.04328445725610127,0.07706580627877725,,0.206183430607122,15.896562620848862,0.04388477485758719,,True,1.0,1.0,8.414492630343621e-07,7.837609698943834e-07,True,0.10410451084091107,-5.35509513892883e-05,0.5749027762885555,-0.001901412366824191,0.49503254445584777,1.4286647736614346,0.48951881193499924,False,False,False,30,2.279817819595337,w0.100_null,0.1,False,800
True,4,4,0.12581065701539862,0.06331328567458508,0.019931887128754253,0.0512960392847332,,0.16148247845702396,12.092343665617562,0.14713104990598483,,False,1.0,1.0,7.562427376746943e-07,8.969419357798592e-07,True,0.08993400915546192,0.0002383534673495763,0.044147164557107446,0.010936861076384554,0.04404405457936364,4.471644316657469,0.10690420153289998,True,True,False,31,2.2397549152374268,w0.100_null,0.1,False,800
True,4,4,0.0903125042644967,0.032625393706098946,-0.01735021452313322,0.040950697200765176,,0.11181199431829404,7.50534871758186,0.4832147423804929,,False,1.0,1.0,8.380577305109667e-07,7.677668626060783e-07,True,0.03832386257607532,0.0002580284900950838,0.03805046934673406,0.012898412721811739,0.031683076272419924,3.0314365518323294,0.21965035861058765,True,True,False,32,1.5630700588226318,w0.100_null,0.1,False,800
True,4,4,0.11213806947911543,0.05029978650601168,-0.004508358496211756,0.04786743983417953,,0.13622277115805548,11.364974641902034,0.18186420824044652,,False,1.0,1.0,7.656397755346233e-07,7.150726128643981e-07,True,0.08078286630128861,-6.576517263536241e-06,0.33857474996859827,0.00038004006818072566,0.29317867177956264,1.225718450218637,0.5417995255035919,False,False,False,33,1.5807099342346191,w0.100_null,0.1,False,800
True,4,4,0.1959675125555724,0.1536130639088737,0.10285856210437479,0.09702535189136756,,0.2561498897467719,15.382477520850774,0.05212142809950535,,False,1.0,1.0,9.126540302319064e-07,9.242020877097186e-07,True,0.2737246743928397,8.798340146882617e-05,0.14480051405260758,0.004025276815268725,0.14611064940905277,0.5216347612929445,0.770421600663804,False,False,False,34,1.524324893951416,w0.100_null,0.1,False,800
True,4,4,0.08641540016920744,0.02987048554561703,-0.0249558983493731,0.046079863738017895,,0.11273723059568126,4.398862729615008,0.8194642258089158,,False,1.0,1.0,8.117608636860096e-07,9.96043763984426e-07,True,0.04340801227346119,9.860920921903992e-06,0.288583103681704,0.0004822337386500876,0.28700250935100985,0.47685045586379327,0.7878675965443516,False,False,False,35,1.5368921756744385,w0.100_null,0.1,False,800
True,4,4,0.1190237854391209,0.05666664600103155,0.0024347699838250733,0.05598165882630194,,0.15371760190933542,7.820036938481408,0.45124416991208827,,False,1.0,1.0,9.70825043141582e-07,9.426209228490296e-07,True,0.03356962464134551,0.00010261795055961328,0.1282541645658312,0.004672957037634465,0.1295797002479923,0.10219396850166862,0.9501865129364715,False,False,False,36,2.0664777755737305,w0.100_null,0.1,False,800
True,4,4,0.0637194749900567,0.016240685972033844,-0.05127928712569445,0.055729007369739327,,0.10048230288566563,3.382063184322403,0.908147518122151,,False,1.0,1.0,8.978681338021507e-07,9.057302573339369e-07,True,0.03293948093015581,-0.00011599970148941828,1.0,-0.005883164637750651,1.0,1.2312278489975061,0.540309084482478,False,False,False,37,2.029649019241333,w0.100_null,0.1,False,800
True,4,4,0.04216594925455912,0.007111869106152218,-0.04392336291443341,0.035458968723221344,,0.06000302158624185,1.4605763275662496,0.9933433271154248,,False,1.0,1.0,8.887603440517438e-07,8.584746133066134e-07,True,0.023280481801698588,-3.184460991288171e-05,0.44149679398706954,-0.0018928135887558155,0.4900254835322574,0.8334077099826955,0.6592161146016946,False,False,False,38,2.363032102584839,w0.100_null,0.1,False,800
True,4,4,0.05687957527995501,0.012941144336112279,-0.04158058986798052,0.04044931472367667,,0.07898197921513586,3.4723078370705824,0.9013281783472195,,False,1.0,1.0,9.661510285074068e-07,9.118575225324772e-07,True,0.10215703039487001,0.00015705610645886585,0.08273604992036059,0.006905501266741124,0.08746439656570976,0.5920775135710137,0.7437586017689792,False,False,False,39,2.284557819366455,w0.100_null,0.1,False,800
True,4,4,0.12850886115650711,0.0660581095829697,0.005900746313948282,0.06206077502423055,,0.1643027976054982,11.6105659677426,0.16944342901845794,,False,1.0,1.0,8.667321819159333e-07,7.982768192975146e-07,True,0.058099131820617204,-3.8695872464985177e-07,0.3185119817009016,0.00037851348191081494,0.2931633335168501,0.5058431505056664,0.7765287785089254,False,False,False,40,2.4727280139923096,w0.100_null,0.1,False,800
True,4,4,0.17314710102207453,0.11991967436939394,0.06319223795575718,0.07428538483255023,,0.21527936653745017,17.166510584831197,0.028421173179290216,,True,1.0,1.0,8.792415505356793e-07,8.118083231936938e-07,True,0.24855982735538465,-3.0680573974845793e-06,0.32700330900149477,0.0004534832821588051,0.2887138267468349,1.838901940750186,0.39873789991865327,False,False,False,41,2.4756741523742676,w0.100_null,0.1,False,800
True,4,4,0.10313590205510069,0.042548057170877285,-0.0025731218455570387,0.04399583731889797,,0.1320923831445243,6.426300688858988,0.5995934749146385,,False,1.0,1.0,8.05745858154159e-07,8.176850706063951e-07,True,0.12907479064564484,-0.00010173323410721264,1.0,-0.005280311274728516,1.0,1.0698405569037506,0.5857159824684606,False,False,False,42,2.182461977005005,w0.100_null,0.1,False,800
True,4,4,0.07715553918659092,0.023811908908694265,-0.0226513312068852,0.03618299520433303,,0.09600052042688324,7.554440499544544,0.4781564193510629,,False,1.0,1.0,9.953115200903294e-07,9.485475327160326e-07,True,0.08916180249023824,-0.00010721351448702146,1.0,-0.004932269642661463,1.0,1.7255166540983722,0.42199647120726225,False,False,False,43,2.162445068359375,w0.100_null,0.1,False,800
True,4,4,0.08236413373755405,0.02713540210535076,-0.0179486788974155,0.037044303020861404,,0.1036626467011355,5.011886348629645,0.7563049505098218,,False,1.0,1.0,7.748613422004276e-07,7.166487324617467e-07,True,0.1480651931980739,-5.1599787253164776e-05,0.5601048447703869,-0.0029339408616341255,0.6593727448120961,5.072578423730082,0.07915959995666783,False,False,False,44,1.5735909938812256,w0.100_null,0.1,False,800
True,4,4,0.08220861480651313,0.027033025393622602,-0.02457026634746296,0.042620540289335526,,0.10669381885807855,4.960044092962173,0.7618380239370406,,False,1.0,1.0,9.16854307930816e-07,9.945968810337536e-07,True,0.07247183045278431,-6.383834272958724e-05,0.6689189915613714,-0.0030468880933403938,0.6925723235736729,0.80688526697853,0.6680163474667857,False,False,False,45,1.5368101596832275,w0.100_null,0.1,False,800
True,4,4,0.15978303862390217,0.10212247772754965,0.027516731302348857,0.11534581487605854,,0.23304705171644352,10.773502225733576,0.2148660787608444,,False,1.0,1.0,8.183050016077795e-07,8.068884467603337e-07,True,0.16646753878221277,-2.1816163268825413e-05,0.3958969864448053,-0.0008317162747615868,0.37933438454666646,0.9310099938160354,0.6278179789843188,False,False,False,46,1.535351037979126,w0.100_null,0.1,False,800
True,4,4,0.1577757198385383,0.09957271108227572,0.034000172576761495,0.0933638961840536,,0.21654682856222043,10.891842729745905,0.20790317794891916,,False,1.0,1.0,9.382896964580406e-07,9.3959864211173e-07,True,0.282022149973388,-9.169246691750286e-05,1.0,-0.004061225981142378,1.0,0.984016497987792,0.6113973223988266,False,False,False,47,1.5369532108306885,w0.100_null,0.1,False,800
True,4,4,0.07720692635547102,0.023843637909036507,-0.034368616054181574,0.04454415616487477,,0.09861541559653016,4.669919306379971,0.7922023410195194,,False,1.0,1.0,9.497295843552492e-07,9.324601591302166e-07,True,0.013715477046589309,4.7167751277602796e-05,0.2053729829320754,0.0019975672170248217,0.21276982317996654,0.6179424651575802,0.7342018908175127,False,False,False,48,1.4880518913269043,w0.100_null,0.1,False,800
True,4,4,0.05078166499621825,0.010315109999152552,-0.0501726664730487,0.043175958805631125,,0.07218979492542729,2.727301219348882,0.9502887871176148,,False,1.0,1.0,7.830192330465845e-07,9.820571484846738e-07,True,0.12621192892703215,0.0001000146296820191,0.13103605164144386,0.0046191889952823355,0.13311105323602718,1.5464852463195136,0.4615141229834707,False,False,False,49,1.449573278427124,w0.100_null,0.1,False,800
True,4,4,0.13164693806728933,0.06932366520997085,0.021359326735872153,0.05150027404624906,,0.1628417477874145,13.793089964967361,0.087320427329135,,False,1.0,1.0,8.767285034769871e-07,9.680290573457713e-07,True,0.08486026522380383,-2.907904894098829e-05,0.4281677888873998,-0.0013678732891128965,0.42881218735077564,1.113801242904108,0.5729822033635676,False,False,False,50,1.4804611206054688,w0.100_null,0.1,False,800
True,4,4,0.1066746122412524,0.045517891587286224,-0.015569277403649683,0.05875255241058365,,0.142364032959132,7.326976503245061,0.5017999875640253,,False,1.0,1.0,9.166472458209552e-07,7.784633840294735e-07,True,0.06638879090803271,-2.6538869801776024e-05,0.41645318153112065,-0.001509476673995552,0.44435812891817117,1.4482042269192652,0.4847596327567334,False,False,False,51,1.5073862075805664,w0.100_null,0.1,False,800
True,4,4,0.09551946297813393,0.0364958712305244,-0.015845299939875206,0.05200686715866953,,0.13200225768187238,6.771135431581246,0.5615148519516873,,False,1.0,1.0,7.491977914502311e-07,9.462972737804719e-07,True,0.12738468311467327,1.6477356108994447e-05,0.271151942280488,-8.387091961187643e-05,0.32295142525379417,1.3392449001137472,0.5119018098060568,False,False,False,52,1.4290990829467773,w0.100_null,0.1,False,800
True,4,4,0.052093340390754285,0.010854864452267968,-0.03422624476257567,0.027659699817634335,,0.05307992276475432,3.5430747166473187,0.8958210301893879,,False,1.0,1.0,9.374222508409574e-07,8.21347060352784e-07,True,0.10269252911383739,9.455727361693985e-05,0.13708906750148528,0.005025071345825415,0.12144184518641896,0.24368117758969654,0.885289482318051,False,False,False,53,1.4460999965667725,w0.100_null,0.1,False,800
True,4,4,0.11714899687750588,0.05489554987762353,0.003979386208438053,0.04941277549144715,,0.14599329538825037,10.00974634917524,0.2643425154018907,,False,1.0,1.0,9.30389181119835e-07,8.750607695802376e-07,True,0.15495035314458333,-4.270245310288552e-05,0.5007206933970096,-0.0014808476211029648,0.4415221202614279,0.3863797767834481,0.8243254294465138,False,False,False,54,1.444305181503296,w0.100_null,0.1,False,800
True,4,4,0.12079489053482459,0.05836562231728103,0.0038667111365301154,0.05748859687653423,,0.1568654186056064,8.372666819449254,0.39793888262532134,,False,1.0,1.0,9.355875773865158e-07,8.824414069873343e-07,True,0.15621301316274255,-2.5831689556396836e-05,0.4132767923193996,-0.0016392204860044264,0.46074076251836804,1.3323430873164193,0.5136713866028284,False,False,False,55,1.4352529048919678,w0.100_null,0.1,False,800
True,4,4,0.11085651377544949,0.049156666585785685,0.001490781966597729,0.04826198564113822,,0.14219237329433654,7.652953353662454,0.4680832277483994,,False,1.0,1.0,9.676032099666416e-07,9.032055826663974e-07,True,0.06394596202685472,-1.133729816156352e-05,0.3551747380654259,-0.0006083465783902716,0.3623701088175,0.3021919337288552,0.8597651857309967,False,False,False,56,1.4353830814361572,w0.100_null,0.1,False,800
True,4,4,0.0875574970391386,0.03066526115103505,-0.0159399530448065,0.050009033635738775,,0.12876100662785744,2.527611139272031,0.9604309489021855,,False,1.0,1.0,8.986775497259456e-07,8.345556144392134e-07,True,0.18911294710476861,5.408884392502015e-05,0.19329316082573822,0.0020337140528099823,0.2113260062953482,0.6611545286455904,0.7185088441717105,False,False,False,57,1.3906679153442383,w0.100_null,0.1,False,800
True,4,4,0.10375089550997962,0.04305699327649084,0.0025833505945360227,0.04203595708783454,,0.13390887486723677,7.342769288908679,0.5001418610676902,,False,1.0,1.0,9.866890924088745e-07,9.063348610074351e-07,True,0.1373608011232251,-4.907500724308878e-05,0.5420030652486494,-0.0026604349744672583,0.6142031975864468,4.674740071789248,0.09658130988885841,False,False,False,58,1.4229440689086914,w0.100_null,0.1,False,800
True,4,4,0.08540111871883975,0.029173404313717448,-0.03110363300904656,0.048022066564939216,,0.10941393576002868,7.305227732999854,0.5040873287426116,,False,1.0,1.0,8.79424449621336e-07,9.486911756721402e-07,True,0.07045004391104329,-5.323547159103071e-06,0.3343804352372546,-0.00011758601698721569,0.32541238643782405,1.2607817283052574,0.5323836706418987,False,False,False,59,1.451474905014038,w0.100_null,0.1,False,800
True,4,4,0.09715573623134072,0.03775694833061541,-0.0073060188097167494,0.038398865139292436,,0.11816777668369331,8.202415449447614,0.41395166717350645,,False,1.0,1.0,9.208270447663176e-07,8.878442287624754e-07,True,0.061635406102475435,-0.00010410758549245015,1.0,-0.004591465642664574,1.0,2.0397175284476226,0.36064587267600445,False,False,False,60,1.6202170848846436,w0.100_null,0.1,False,800
True,4,4,0.07814043601650938,0.024423710963400787,-0.027946097096073225,0.04196480617092222,,0.10134084386179605,3.543918080882734,0.8957545672619734,,False,1.0,1.0,9.890785276683995e-07,8.966300006999912e-07,True,0.11831562713494184,-3.331868578142132e-05,0.44886321770980253,-0.0015236362270675337,0.44466250231033755,0.5128944312520523,0.7737958378104025,False,False,False,61,1.6628522872924805,w0.100_null,0.1,False,800
True,4,4,0.14043254878015804,0.07888520302756587,0.020695875968141916,0.0723712629950782,,0.18690640063455236,16.82705484866154,0.031961180308201595,,True,1.0,1.0,8.46011763913671e-07,9.351822724842493e-07,True,0.14656808715313263,-8.35603174485197e-05,1.0,-0.00357282084102475,0.9131735652991948,1.6867403680715514,0.43025802847739514,False,False,False,62,1.6982290744781494,w0.100_null,0.1,False,800
True,4,4,0.16337484431077817,0.10676535901428404,0.05947578656254645,0.06058644628374979,,0.199456525636837,19.829128896368676,0.011002209197999463,,True,1.0,1.0,7.839331775695969e-07,8.491123684610427e-07,True,0.11309603947711232,7.386643055659457e-05,0.16307364263723761,0.003925679464703752,0.14798925028505894,0.6906394651275024,0.7079939485549253,False,False,False,63,1.6427428722381592,w0.100_null,0.1,False,800
True,4,4,0.1328348343928863,0.07058037291274212,0.009918334415981597,0.06896183839815595,,0.17560642387625638,9.132884059893478,0.3312104139826399,,False,1.0,1.0,7.3922429336728e-07,7.494080391245514e-07,True,0.11226102773071589,-3.8469688742411004e-05,0.4761848676058781,-0.0017774747554348768,0.47556045378782685,0.5978707390116245,0.7416073383349293,False,False,False,64,1.7969560623168945,w0.100_null,0.1,False,800
True,4,4,0.1319189163627257,0.06961040197726329,0.020514913141218727,0.05928735467648302,,0.17178033466697384,9.763941206774525,0.28198665887485425,,False,1.0,1.0,8.684999976687878e-07,9.898933149471706e-07,True,0.01088272648172233,-2.9111486137691283e-05,0.42832056351090164,-0.0004809143630760843,0.3520688220790241,3.066374536017837,0.21584660880118806,False,False,False,65,1.7418758869171143,w0.100_null,0.1,False,800
True,4,4,0.06928912564879573,0.019203931732698413,-0.025741006955000586,0.034289201599434764,,0.08754957261617544,3.937979091983883,0.8626753769741418,,False,1.0,1.0,9.93354301975171e-07,9.992393628504575e-07,True,0.17167951921984811,-4.829591410974262e-05,0.5366349167997109,-0.0025873971939768823,0.5940980804597915,1.4730631918169825,0.47877161249741407,False,False,False,66,1.6878180503845215,w0.100_null,0.1,False,800
True,4,4,0.10522029736097348,0.04428524390692672,-0.016216892626821543,0.05105260113755766,,0.13015103103663547,9.725141682225711,0.2848497768781985,,False,1.0,1.0,8.095488691982333e-07,9.169420027269546e-07,True,0.10473042760803034,-5.821755853723002e-05,0.6137047353034233,-0.001609596050947014,0.46177627674412014,9.474539224585099,0.008762538680642178,False,False,True,67,1.7452268600463867,w0.100_null,0.1,False,800
True,4,4,0.12867947427747317,0.06623362840130753,0.015641203718605806,0.05150887088005167,,0.15840277523281737,12.118788456167938,0.14598201167162284,,False,1.0,1.0,9.860141439639651e-07,9.315569919494826e-07,True,0.21978008877791327,-1.861152666829444e-05,0.3827744048564887,-0.00026400645952657896,0.33614156366699777,1.4183556619113848,0.49204857831286153,False,False,False,68,1.4740841388702393,w0.100_null,0.1,False,800
True,4,4,0.10604186250820041,0.04497950641683232,-0.0023871877772290648,0.045202224671656716,,0.13413039869863655,8.097472080393596,0.424007181035045,,False,1.0,1.0,7.862139832306755e-07,9.430583352571449e-07,True,0.11623896641645624,-0.00010759043454345797,1.0,-0.00497806299798574,1.0,0.41283266722435696,0.8134943207411138,False,False,False,69,1.4818832874298096,w0.100_null,0.1,False,800
True,4,4,0.07606854352048985,0.02314569325331463,-0.022186063326074836,0.03583969957604022,,0.09587100253781908,4.459473420074968,0.8134738402143947,,False,1.0,1.0,8.16138442180867e-07,8.922799169819848e-07,True,0.0943403058409563,-5.512202517999712e-05,0.5873904419850284,-0.002510915610956028,0.5880908155044873,1.8320235736839923,0.4001115935763769,False,False,False,70,1.4486937522888184,w0.100_null,0.1,False,800
True,4,4,0.15822564993436367,0.10014142518860719,0.041363438292884296,0.09282186131897571,,0.22025088736699114,11.784544038117605,0.16107898180851601,,False,1.0,1.0,9.159798593240191e-07,7.167641513113056e-07,True,0.1877552924727048,-5.397603076289979e-05,0.578228802554087,-0.002327630507942492,0.5517714860517924,0.13225506574691043,0.9360114844451549,False,False,False,71,1.4685790538787842,w0.100_null,0.1,False,800
True,4,4,0.13484449305188717,0.07273214922568179,0.01121072458662005,0.083722367105077,,0.19295191355384933,7.187977329370847,0.5164939727153648,,False,1.0,1.0,8.984023094687988e-07,9.940997020530168e-07,True,0.1334343711029429,-5.303504498536906e-05,0.5709165015085254,-0.0029236157211675893,0.66838390850759,1.2574623284397746,0.533268001443143,False,False,False,72,1.4771201610565186,w0.100_null,0.1,False,800
True,4,4,0.15790687543581533,0.0997383252396084,0.05258825353719239,0.07393767401213082,,0.20868930543058584,10.486022518268129,0.23255552596605378,,False,1.0,1.0,8.766755504265305e-07,9.085591940189775e-07,True,0.18331959529979594,-5.672804895030746e-06,0.33554254730915123,-0.0002014841412821113,0.33125889250978974,3.180083770843891,0.2039170704028003,False,False,False,73,1.4645991325378418,w0.100_null,0.1,False,800
True,4,4,0.1434740436233612,0.08233920477455262,0.04014032971469515,0.05522456791099424,,0.1809534888720869,12.183172644514809,0.14321638630991157,,False,1.0,1.0,8.918117488247965e-07,9.314560722725637e-07,True,0.22491781207387426,-2.2800809610952334e-05,0.40005877277041113,-0.0013171734157892934,0.426255097930914,0.4170280557920685,0.8117896469219019,False,False,False,74,1.4161558151245117,w0.100_null,0.1,False,800
True,4,4,0.06843252857006989,0.018732043865973727,-0.02690509356175476,0.034950969006381206,,0.08744160133177437,5.0453410537041705,0.7527192089011323,,False,1.0,1.0,8.862567395196479e-07,9.057413491438903e-07,True,0.035006692295619674,-7.260291047853722e-05,0.79034528485556,-0.0033909949689904157,0.7974534953567994,0.2068351363620181,0.9017503526000812,False,False,False,75,1.3966379165649414,w0.100_null,0.1,False,800
True,4,4,0.09625129037720179,0.037057243597105674,-0.03019855712029655,0.07178982276314606,,0.14822718477886201,3.795518727705862,0.8750850728080907,,False,1.0,1.0,9.253429144481976e-07,9.984397953529992e-07,True,0.1162603153914031,-8.914472465921927e-05,1.0,-0.004263627609253279,1.0,6.869157137373431,0.032238993890960556,False,False,True,76,1.4271042346954346,w0.100_null,0.1,False,800
True,4,4,0.15076307758130109,0.09091802224714163,0.03470621225323205,0.05957461449669701,,0.1821385001738786,21.64657565443232,0.005614424206396456,,True,1.0,1.0,8.632243760983706e-07,9.99582064310502e-07,True,0.04551962196449085,-0.00011223788338604551,1.0,-0.0045132435960000125,1.0,4.974017218319055,0.0831583540165051,False,False,False,77,1.4141607284545898,w0.100_null,0.1,False,800
True,4,4,0.06433529774583004,0.016556122144178412,-0.03427404715798612,0.04700374597882483,,0.10373070289888811,2.2022550973897568,0.9741748420428901,,False,1.0,1.0,9.46843980335364e-07,7.805675550668507e-07,True,0.14270503510309251,-7.058661499989425e-05,0.7560815127555969,-0.003940632585515647,1.0,2.057682979916268,0.3574207963881731,False,False,False,78,1.4133367538452148,w0.100_null,0.1,False,800
True,4,4,0.17549120614900263,0.12318865374252697,0.07306470752153768,0.08341587201151145,,0.2292769107133294,13.784456766863066,0.08755936430794811,,False,1.0,1.0,8.372665159256397e-07,9.83290753310762e-07,True,0.19717842142852718,-4.7076149606385976e-05,0.5284219513960129,-0.002192728476016573,0.528242881870605,3.989990181476151,0.1360143218951418,False,False,False,79,1.4362149238586426,w0.100_null,0.1,False,800
True,4,4,0.07066472849276394,0.01997401541182417,-0.029959820058519403,0.036813290070029626,,0.08745377869649978,3.8341185853496045,0.8717710501656751,,False,1.0,1.0,9.952776400411783e-07,9.429312096153645e-07,True,0.10010893226995476,-4.7364054420422523e-05,0.5303399671917566,-0.0018304290443950872,0.48346602696758767,0.3519979156391601,0.8386188573287714,False,False,False,80,1.4235780239105225,w0.100_null,0.1,False,800
True,4,4,0.11998736530302499,0.05758787132944626,0.00869291610111779,0.057597355837299954,,0.1608043343266244,5.353626802866302,0.7191973031700409,,False,1.0,1.0,8.888921203780971e-07,8.441182645678175e-07,True,0.098162558416419,8.771923794427297e-05,0.14512043032592312,0.0034920157159495633,0.15955099559998667,1.1113292529821899,0.5736908443277597,False,False,False,81,1.455502986907959,w0.100_null,0.1,False,800
True,4,4,0.08628626439072856,0.029781277690026843,-0.02142040402092156,0.05077149081965876,,0.12459059635414657,3.738750375127137,0.879891677155806,,False,1.0,1.0,9.712665750905587e-07,7.717158144533503e-07,True,0.018294165793065743,1.3001715214807409e-05,0.2801376540183076,0.0005206456244972172,0.2845907227648611,0.35255558300196976,0.8383850547430197,False,False,False,82,1.4193670749664307,w0.100_null,0.1,False,800
True,4,4,0.11241376814633094,0.0505474210754282,-0.012726704010155049,0.0585231570842727,,0.14451238976344002,10.356584512739222,0.2408847525206254,,False,1.0,1.0,9.547901800621459e-07,9.156252330293478e-07,True,0.11148712545641405,-3.5387069318990074e-05,0.4595274151894748,-0.001546153929838099,0.45058169838272055,3.772027307258478,0.15167523532766666,False,False,False,83,1.433682918548584,w0.100_null,0.1,False,800
True,4,4,0.1324871594178919,0.07021138964248763,0.006737304288783955,0.07460854013838454,,0.17990096729656588,11.691583159240192,0.16550421514486532,,False,1.0,1.0,9.713889818624776e-07,9.90784699875516e-07,True,0.04718599267692071,8.635750868030426e-05,0.14678224840667337,0.0048942592349674584,0.12377018002621137,0.25776373487227916,0.879077807127115,False,False,False,84,1.7044382095336914,w0.100_null,0.1,False,800
True,4,4,0.08527867378878307,0.029089808812694705,-0.016447844673470803,0.040078303065664615,,0.11121499166720729,6.047014285799064,0.6419654670392292,,False,1.0,1.0,9.000124200162696e-07,7.977608774024354e-07,True,0.07051156296615416,0.0002609590298562291,0.037220898378425106,0.01207336531961615,0.037115729000914324,1.4297525195409377,0.48925264828585247,True,True,False,85,1.6400339603424072,w0.100_null,0.1,False,800
True,4,4,0.11252992308683092,0.050651934359712325,0.003358511703982575,0.0414953584985738,,0.1338023753825145,11.711095233674712,0.16456702944478324,,False,1.0,1.0,8.933692387960466e-07,8.82198716991566e-07,True,0.09254080422157007,-5.520096709120253e-05,0.5880323563562029,-0.0024545978753734397,0.5790687405508218,4.669956823922798,0.09681257249745309,False,False,False,86,1.658095121383667,w0.100_null,0.1,False,800
True,4,4,0.10353220688205146,0.04287567144747162,-0.0021866343104907718,0.041842417574515865,,0.12907170293810497,6.952006104558704,0.5418196240037454,,False,1.0,1.0,8.117021821750196e-07,9.8813856636409e-07,True,0.15842474989908084,0.00016412866297867636,0.07825157710736946,0.006835520151252644,0.08957199664134514,0.20145474682428643,0.9041795026598509,False,False,False,87,1.6436240673065186,w0.100_null,0.1,False,800
True,4,4,0.10237418810335905,0.04192189755928777,-0.03312565929421188,0.0828625700087043,,0.16060132278652442,4.823644556134832,0.7762482621958862,,False,1.0,1.0,9.779204567234746e-07,9.256674395177896e-07,True,0.12506904831904997,-9.296817191828069e-06,0.34792773128592147,-0.0007411238566334163,0.3718643860565942,0.8269442364290204,0.6613499737414759,False,False,False,88,1.7010691165924072,w0.100_null,0.1,False,800
True,4,4,0.0630650744984443,0.015908814485977314,-0.04502381240380573,0.05187981594577872,,0.10038786159215567,1.904828148525843,0.9837918051097588,,False,1.0,1.0,7.717652924728142e-07,9.772946642635794e-07,True,0.11135036752441974,-4.483831147523036e-05,0.5139238583266903,-0.0027381106432643686,0.6280977205706832,0.07985364717000633,0.9608597488515217,False,False,False,89,1.6801731586456299,w0.100_null,0.1,False,800
True,4,4,0.059281464807308254,0.014057168278800507,-0.026435734231099947,0.029325878509073987,,0.07382588197591787,2.5957565053313343,0.9571159870941045,,False,1.0,1.0,7.51027001955812e-07,7.325922254633419e-07,True,0.017215898924887323,4.8344505666006426e-05,0.20325784165204405,0.001349575505588628,0.24142517033953229,1.7147647682781837,0.42427120909677973,False,False,False,90,1.7339057922363281,w0.100_null,0.1,False,800
True,4,4,0.10154722323838097,0.04124735418970232,-0.011235081432478415,0.04892963993770104,,0.13157413716654076,5.2762571266158265,0.7276824446754768,,False,1.0,1.0,9.58541420730227e-07,8.367557739028605e-07,True,0.11413298804390477,-5.232074367665941e-05,0.5654857384635583,-0.00250220010712437,0.5730825838618822,2.055538440087839,0.3578042535028781,False,False,False,91,1.6954421997070312,w0.100_null,0.1,False,800
True,4,4,0.08496477659563423,0.02887605304778414,-0.035600242285494035,0.055055135958216594,,0.11721497107631446,5.368724292546813,0.7175367656292664,,False,1.0,1.0,9.305092133857945e-07,9.560745395860677e-07,True,0.15070194039901805,0.0003817156948590305,0.015262066985095895,0.016675263898277778,0.01783626514037105,0.7491551622554974,0.6875796640808249,True,True,False,92,2.416316270828247,w0.100_null,0.1,False,800
True,4,4,0.1450511729719141,0.0841593711221126,0.036686655947223035,0.06064757629544587,,0.18469098636817885,13.376842389093138,0.0995246902706129,,False,1.0,1.0,8.563419103563261e-07,8.562590313691051e-07,True,0.22231685807232648,4.6310222487076236e-05,0.20693070326834537,0.0021623846302621717,0.20627226170054236,0.06606134612330265,0.9675088826742869,False,False,False,93,2.3192191123962402,w0.100_null,0.1,False,800
True,4,4,0.1287554358707155,0.06631184906503172,0.014808757320420099,0.06412405772267789,,0.17340951980817862,9.532431996826151,0.29938710672536184,,False,1.0,1.0,8.546457792274971e-07,8.826931870301918e-07,True,0.07053968256367707,0.0002575993858109719,0.038173555958782454,0.011246950940430381,0.04239097202326182,4.163771794670881,0.124694828668631,True,True,False,94,2.3555428981781006,w0.100_null,0.1,False,800
True,4,4,0.07968485951853507,0.025398707345954674,-0.026210678402783308,0.044412608360505944,,0.10821455717851707,4.543130099713483,0.805102725826917,,False,1.0,1.0,9.227513083405791e-07,7.809478500301751e-07,True,0.07243178647554198,-7.63942278404382e-05,0.881678460484816,-0.00409163892267175,1.0,3.6081080020369263,0.16463012286403111,False,False,False,95,2.3235599994659424,w0.100_null,0.1,False,800
True,4,4,0.12739458007162716,0.06491751612650488,0.013665605719407115,0.05954871761961242,,0.16704380404278366,10.036004680836376,0.26250794969496755,,False,1.0,1.0,8.892332280069737e-07,9.955817603760394e-07,True,0.13190882526539813,8.222778221915574e-05,0.15195493243771274,0.003777375070704687,0.15161669608473133,1.6272026202250587,0.4432588756893153,False,False,False,96,1.9847381114959717,w0.100_null,0.1,False,800
True,4,4,0.10911454850501567,0.047623938781813674,0.004283927048824618,0.048624199127500614,,0.1451409808955629,6.361730193535148,0.6067819314439171,,False,1.0,1.0,9.888381905068037e-07,7.095224955763379e-07,True,0.11215912293991645,7.948167322467571e-05,0.15550875189648553,0.003412962519382313,0.16495609480663992,1.073814670339942,0.5845532871439434,False,False,False,97,1.9195258617401123,w0.100_null,0.1,False,800
True,4,4,0.14197730820666296,0.08063022418243906,0.015237095804537942,0.09106063941546517,,0.2031123573416854,9.695138395495952,0.28707843799909377,,False,1.0,1.0,9.208678442877727e-07,9.154403698021137e-07,True,0.15017695954543395,-0.00011002851315439395,1.0,-0.0052408397786541955,1.0,2.283662053932569,0.3192339603581402,False,False,False,98,1.9010827541351318,w0.100_null,0.1,False,800
True,4,4,0.041913005030307954,0.007026799962682479,-0.05168131309283115,0.04002532258790887,,0.05948630921437601,1.6493106385506744,0.9899424695787022,,False,1.0,1.0,7.955187654042765e-07,7.100207687439823e-07,True,0.0843140202180261,3.592855764749013e-05,0.22694833374482581,0.0007057145091079169,0.2745738296472888,0.27387160123835264,0.8720262078777014,False,False,False,99,1.9270830154418945,w0.100_null,0.1,False,800
True,4,4,0.04998229827489299,0.009992920563361485,-0.04014237481777055,0.03543812163114092,,0.06735753127817076,2.5212991281108685,0.9607303276928585,,False,1.0,1.0,9.226370611468381e-07,7.480976999982854e-07,True,0.13961926301401822,-9.144983861207346e-06,0.34739655109407697,-0.0010460319329923928,0.39958113017047114,1.4120315337518297,0.49360692995327227,False,False,False,100,1.4550812244415283,w0.100_null,0.1,False,800
True,4,4,0.06814568407702276,0.018575337033301574,-0.0418144451646806,0.04437239843359682,,0.08827748203159871,3.5963713743225103,0.8915829355051841,,False,1.0,1.0,9.580528380619046e-07,8.388536846620854e-07,True,0.057709815648339165,-7.60477803590026e-05,0.8704715610361677,-0.0038667686020561554,1.0,1.4817268161022987,0.47670214931176846,False,False,False,101,1.4684600830078125,w0.100_null,0.1,False,800
True,4,4,0.1602969549239634,0.10278045503158062,0.046088796632590225,0.09945415484451764,,0.22895213688890761,11.183057203704863,0.19154110715041667,,False,1.0,1.0,9.526291413641927e-07,9.457969393139418e-07,True,0.09438749918725842,0.00012078797886211245,0.1105678531557385,0.007443151282938723,0.07961136069048809,0.5444572322733251,0.7616801088197354,False,False,False,102,1.4215610027313232,w0.100_null,0.1,False,800
True,4,4,0.08901347478532838,0.03169359477343316,-0.022580892355377656,0.04161042096371819,,0.10707726122498158,6.741245564186668,0.564790289149315,,False,1.0,1.0,8.702623947307645e-07,8.847503708325818e-07,True,0.1182375000289849,-6.879375417478827e-05,0.7296427081251518,-0.0035503392707123883,0.9207901216970213,0.8352910978759425,0.6585956269776307,False,False,False,103,1.4725260734558105,w0.100_null,0.1,False,800
True,4,4,0.09902402673826245,0.03922303148584047,-0.01582455302809059,0.0639840719639028,,0.14951578496003265,5.127412644686678,0.7438753588380939,,False,1.0,1.0,8.536627502274871e-07,9.264736962046592e-07,True,0.10313731317859884,2.326389344847965e-06,0.3102108656182409,0.0006334056376793095,0.2786943952823477,0.3411617484621663,0.8431748957497245,False,False,False,104,1.4459028244018555,w0.100_null,0.1,False,800
True,4,4,0.12166059040858127,0.059205197034258306,0.008742172897876564,0.05227053130277616,,0.1538827036202643,10.491444709076031,0.23221159349913062,,False,1.0,1.0,8.526906803949996e-07,9.086332281033225e-07,True,0.1030460394807999,0.00023440647106525234,0.04548939068449975,0.010203442096304074,0.04894309164938805,0.6519831443318062,0.72181127071172,True,True,False,105,1.4339587688446045,w0.100_null,0.1,False,800
True,4,4,0.17364413411518168,0.1206091412504448,0.07148907998184659,0.06438032487119322,,0.2105856659714419,23.23684261120548,0.003073110798452852,,True,1.0,1.0,9.76871505650131e-07,9.889704740645776e-07,True,0.11515857536923287,-2.574655439809845e-05,0.4128968151290282,-0.0005388406115847673,0.3564466253975388,2.227994414603857,0.32824427487666724,False,False,False,106,1.3914899826049805,w0.100_null,0.1,False,800
True,4,4,0.09582192738336595,0.03672736706985223,-0.014622526839979604,0.04122768491104976,,0.11531584910233834,10.395744050486707,0.2383407246998995,,False,1.0,1.0,9.95776462450896e-07,9.460912955253339e-07,True,0.17299354344193885,-3.826061921282727e-05,0.47502456278227745,-0.0014714272168504878,0.4449557967409854,3.044027989984457,0.21827184557645618,False,False,False,107,1.419529914855957,w0.100_null,0.1,False,800
True,4,4,0.11738222956850898,0.05511435127389657,-0.0014291637478008323,0.062407215037173176,,0.15907668768084302,8.741013287416477,0.3646127070854134,,False,1.0,1.0,9.089002281973199e-07,9.328183989355931e-07,True,0.10102358251016447,8.470836158781078e-05,0.14882364085910882,0.00329161292492516,0.16710104208362692,0.03156291857599609,0.9843424154432041,False,False,False,108,1.3993752002716064,w0.100_null,0.1,False,800
True,4,4,0.1205518025763874,0.05813094841766513,0.0021570306002051606,0.05468460131596807,,0.15174418886169122,12.478896040648012,0.1310814937129151,,False,1.0,1.0,9.98098102004426e-07,9.996608859639902e-07,True,0.16118486824942857,0.0002928017899194991,0.029334704129607182,0.013994830447474292,0.02733595916117901,3.333749786853483,0.18883627797711205,True,True,False,109,1.4141921997070312,w0.100_null,0.1,False,800
True,4,4,0.12019363685896288,0.057786041365536965,-0.026357271242620432,0.0886354348353457,,0.17279687874981914,9.318704512099595,0.31612786042379637,,False,1.0,1.0,9.958252436913634e-07,9.104285875023022e-07,True,0.08452992380463314,0.00044290718748138033,0.009809254950823491,0.02160047803721778,0.008339997659309125,0.3141083376698513,0.8546577617485531,True,True,False,110,1.4643819332122803,w0.100_null,0.1,False,800
True,4,4,0.10691689334703726,0.045724888331926956,0.0005567661258912907,0.047645144200653064,,0.1404689061420368,6.399695290930135,0.6025536411216073,,False,1.0,1.0,8.73488100318717e-07,9.813983259217593e-07,True,0.12894785662866404,0.00012302931562535314,0.10857952292541984,0.005618046460411533,0.10951134125756395,0.1131952260340004,0.944974238206622,False,False,False,111,1.43123197555542,w0.100_null,0.1,False,800
True,4,4,0.03539402554238209,0.005010948176379183,-0.04174098285222667,0.03263821097173082,,0.0546445258965436,0.7061500610111449,0.9995109846228769,,False,1.0,1.0,9.754739227275743e-07,9.299312013097047e-07,True,0.10017301024821243,-0.00010304645886770504,1.0,-0.005083059084538151,1.0,0.3046897721931858,0.8586920787068772,False,False,False,112,1.3590898513793945,w0.100_null,0.1,False,800
True,4,4,0.13132551935161452,0.06898556813188512,0.02138547404983042,0.052133260841790804,,0.16365898786062527,12.04113282352643,0.14937805193319026,,False,1.0,1.0,9.444666487818491e-07,8.953406204194169e-07,True,0.09441998180918842,-9.448851114410807e-05,1.0,-0.003580007535047284,1.0,2.142501992014501,0.34257968342369755,False,False,False,113,1.4238500595092773,w0.100_null,0.1,False,800
True,4,4,0.08311191838427184,0.02763036391005546,-0.04708171540261497,0.06759098120454153,,0.12658549994063692,6.02993566811444,0.6438785098172637,,False,1.0,1.0,9.051972620216297e-07,8.691162747135101e-07,True,0.09020373523762834,5.699136495238544e-05,0.18847610990358588,0.001992454550502798,0.21254281717810655,2.490379145627038,0.28788632753635063,False,False,False,114,1.4354569911956787,w0.100_null,0.1,False,800
True,4,4,0.06055458206506055,0.014667429636296612,-0.04292777563512051,0.045055565931517,,0.08829217887458436,2.53227657829997,0.9602088309765593,,False,1.0,1.0,9.182104031250592e-07,7.414029069736863e-07,True,0.12656831156070597,-7.70509734523943e-05,0.9066620225355377,-0.003850739432461146,1.0,2.207648132249605,0.3316005934306292,False,False,False,115,1.4103820323944092,w0.100_null,0.1,False,800
True,4,4,0.09022015792682438,0.03255870758536453,-0.01996174937706252,0.04002141821767579,,0.10708364199776643,9.068004044210861,0.33659175604908825,,False,1.0,1.0,9.413428768361965e-07,9.414690188976514e-07,True,0.08824345760383623,-7.956997886213715e-05,1.0,-0.0034341046649067446,0.8226288009323107,1.229720597853701,0.5407164286985047,False,False,False,116,1.4317340850830078,w0.100_null,0.1,False,800
True,4,4,0.0659008471864981,0.017371686639592696,-0.02323039413078315,0.029638112220434564,,0.07987484311564153,4.51747042977612,0.8076827107283654,,False,1.0,1.0,9.282039951552328e-07,8.499681020658101e-07,True,0.08543357612506403,-9.546247091951241e-05,1.0,-0.004755884590544625,1.0,3.9275168670312164,0.14033000753621022,False,False,False,117,1.4038033485412598,w0.100_null,0.1,False,800
True,4,4,0.0571291252887172,0.013054947825015789,-0.03524634370481207,0.03455979538669342,,0.07348377556252017,2.4638476686256006,0.963395461326557,,False,1.0,1.0,9.222626741177547e-07,9.082325530534576e-07,True,0.10744914879025007,8.169571200586209e-06,0.2932652516227096,0.0002947733495493316,0.29826250902392143,4.075835443341796,0.13029974893565313,False,False,False,118,1.406968116760254,w0.100_null,0.1,False,800
True,4,4,0.15404521396036533,0.09491971177637892,0.04274988043503666,0.06835903083187624,,0.19697111478192417,15.915409680924103,0.04360698670370494,,True,1.0,1.0,9.82372272353014e-07,9.87264945725413e-07,True,0.16955424496736188,-5.519077440488689e-05,0.5879493944412635,-0.0016217648645412892,0.45802052228682366,4.541745455612792,0.10322205600341776,False,False,False,119,1.4176247119903564,w0.100_null,0.1,False,800
True,4,4,0.10900315493393545,0.04752675114220614,0.000408618054239987,0.048333220410879875,,0.1413415110196936,7.840636252564682,0.4491902355465114,,False,1.0,1.0,9.312949751838431e-07,9.98379207004838e-07,True,0.10391513138037729,-7.17238418264517e-05,0.7746923199199351,-0.0028605253460838647,0.6489620709376754,0.5316523459706898,0.766572366906436,False,False,False,120,1.3954520225524902,w0.100_null,0.1,False,800
True,4,4,0.12980650894071075,0.06739891905349926,0.01681515448793617,0.05431021685223539,,0.1629014361952163,10.161984014737866,0.25384038518113405,,False,1.0,1.0,7.844980564799629e-07,9.281405912553632e-07,True,0.06306244902602445,-0.00011787842287187361,1.0,-0.005753933583694799,1.0,1.1906333625298577,0.5513879239911481,False,False,False,121,1.3961961269378662,w0.100_null,0.1,False,800
True,4,4,0.11126284792515366,0.04951768531366348,-0.0070927142453064765,0.05061995404025803,,0.1379942940432038,9.933392264204453,0.26973208169433366,,False,1.0,1.0,7.455402573900068e-07,9.837959429938052e-07,True,0.08291054421027548,1.950194638508403e-05,0.26362412881581226,0.0009018656720727762,0.26331541854924967,2.229152037432817,0.3280543383176579,False,False,False,122,1.4079201221466064,w0.100_null,0.1,False,800
True,4,4,0.1253660066605,0.06286654250400212,0.007136082198736862,0.06401528884376895,,0.16765430372775725,7.465749014152632,0.48731323471031696,,False,1.0,1.0,7.775067335687033e-07,7.505280187535545e-07,True,0.02466674091709345,0.00039585702120021563,0.013773305007466926,0.018914823233831334,0.012853339443656686,3.9204336109857065,0.14082788535193386,True,True,False,123,1.4456748962402344,w0.100_null,0.1,False,800
True,4,4,0.08906093288394859,0.03172739906463678,-0.01664620140513061,0.0411961383897801,,0.11304359362840288,4.794574144148513,0.779289758788452,,False,1.0,1.0,8.907161263874628e-07,9.841591942911145e-07,True,0.05335684319057078,-8.54509749558493e-05,1.0,-0.004085403770753437,1.0,7.056009668568554,0.029363442396128325,False,False,True,124,1.4307620525360107,w0.100_null,0.1,False,800
True,4,4,0.0706047225617428,0.01994010739208269,-0.0283266605742635,0.039784262775822726,,0.09632319080592552,2.939745598672941,0.9380816869754395,,False,1.0,1.0,9.93787848646226e-07,9.10924886941798e-07,True,0.10937758045679936,-2.297343462733972e-05,0.40079492506856496,-0.001636073848384824,0.46012522686800217,4.8086352783730595,0.09032711026611964,False,False,False,125,1.4377319812774658,w0.100_null,0.1,False,800
True,4,4,0.0602597520465825,0.014524950866862417,-0.036418680229189794,0.03386948207930598,,0.06944721054859679,3.1241431664195094,0.9263268685170204,,False,1.0,1.0,8.1511134054364e-07,8.194920043240668e-07,True,0.008764554200512788,-8.14975089345702e-05,1.0,-0.004469428716534663,1.0,4.046418972035764,0.1322303917181403,False,False,False,126,1.437603235244751,w0.100_null,0.1,False,800
True,4,4,0.13111241302729915,0.06876185939936433,0.0046321590729623,0.06420985563864334,,0.16601805098107195,9.659959615008143,0.2897078140929371,,False,1.0,1.0,8.852149361223362e-07,8.577716354853304e-07,True,0.12275681114958917,0.00015312911826300624,0.08534515835385507,0.008556072807784622,0.06756868694686788,4.325062376160245,0.11503358059385711,False,False,False,127,1.464548110961914,w0.100_null,0.1,False,800
True,4,4,0.13439883354109491,0.07225218582882775,0.02321002559140862,0.057075290131098876,,0.17109246299359168,11.734968745568299,0.1634264087033535,,False,1.0,1.0,9.298898539105267e-07,9.511411746156698e-07,True,0.09379413325758891,1.7771342705669883e-05,0.26789900647049303,0.0016164303054628868,0.22883206306665896,0.13160271813302166,0.9363168366706217,False,False,False,128,1.3523080348968506,w0.100_null,0.1,False,800
True,4,4,0.1565353837133405,0.09801330541713099,0.04586800617202513,0.07070979042117705,,0.20135494866483705,14.2365306156253,0.07580486771810614,,False,1.0,1.0,7.312831997100592e-07,9.826495973109847e-07,True,0.04780371794329157,0.00034675129295940404,0.01969851943500144,0.015673278824995893,0.021399622711020114,0.5561215749416373,0.7572507887550184,True,True,False,129,1.393707036972046,w0.100_null,0.1,False,800
True,4,4,0.09677862218864847,0.03746440685093265,-0.021293547085475442,0.05563528139079879,,0.132493723716112,6.34238242717961,0.6089385364986082,,False,1.0,1.0,8.983439395172383e-07,8.69785556219063e-07,True,0.15937356796600344,-1.7649210121190656e-05,0.37895471048265683,-0.0009689841019572962,0.39179916677599735,2.689124636496276,0.26065376629456827,False,False,False,130,1.43491792678833,w0.100_null,0.1,False,800
True,4,4,0.07021957531985745,0.019723155032404537,-0.030811324211026066,0.03824313424143262,,0.08957264349675409,4.2831505607140254,0.8307157617723684,,False,1.0,1.0,9.326175929450085e-07,9.597122678893283e-07,True,0.08096150555852968,-4.913230903615011e-05,0.5424017780790366,-0.0027207192544491054,0.6272983489450366,1.56200327058204,0.4579470855431732,False,False,False,131,1.3876729011535645,w0.100_null,0.1,False,800
True,4,4,0.09957503481024069,0.03966075022984258,-0.02405092790589742,0.05232372096824944,,0.12451298557211259,8.724601891814633,0.3660582494011786,,False,1.0,1.0,8.634905223531303e-07,8.529001722019207e-07,True,0.05291690065948024,6.544810532975467e-06,0.2978549127558593,0.0012778081521109537,0.24344210924587234,1.5101472541622865,0.4699760104947891,False,False,False,132,1.409120798110962,w0.100_null,0.1,False,800
True,4,4,0.082948803559431,0.027522016047764292,-0.028882036422773896,0.043697835704525366,,0.10367558430718414,5.82150894952329,0.6672176398235968,,False,1.0,1.0,7.164167417938236e-07,9.814951882908459e-07,True,0.06587133265192323,-2.4441917956168816e-05,0.40713770196584353,-0.0011165648886270734,0.40663686004730504,0.8047753081382527,0.6687214628413855,False,False,False,133,1.4356689453125,w0.100_null,0.1,False,800
True,4,4,0.12852610098920117,0.06607583454194536,0.012140346905409632,0.056593368844969225,,0.16219444727815108,13.694593661715338,0.0900813036798479,,False,1.0,1.0,9.454290808722472e-07,8.803031624566918e-07,True,0.1492202538750727,-7.77265731732823e-05,0.943068802672449,-0.003936358190743184,1.0,2.637574169669998,0.2674595110039943,False,False,False,134,1.3907537460327148,w0.100_null,0.1,False,800
True,4,4,0.09918139299944893,0.03934779486924456,-0.015081805907909855,0.050126401164354545,,0.1297774892395665,7.282060027831934,0.5065287927831341,,False,1.0,1.0,9.422315322510247e-07,9.609319409361025e-07,True,0.021781072572134776,-9.996383551205045e-05,1.0,-0.003609726503656994,0.9814286702279155,3.9071477284493534,0.14176651088871633,False,False,False,135,1.4191479682922363,w0.100_null,0.1,False,800
True,4,4,0.0647449507596046,0.016767634595454495,-0.0288275550197538,0.0328295851532243,,0.07932891526870796,2.796770639932629,0.9464566803850808,,False,1.0,1.0,8.928247433533501e-07,7.923267211599165e-07,True,0.03560918458041697,3.490666645337727e-05,0.2290412567618439,0.0010566173223673868,0.2554172309992799,0.3162998807166272,0.8537217650239205,False,False,False,136,1.4718127250671387,w0.100_null,0.1,False,800
True,4,4,0.09062707893202043,0.032853069743002644,-0.007950349478530079,0.03792379876343097,,0.11664984833388888,6.108585052043427,0.6350700669332882,,False,1.0,1.0,9.880008231303404e-07,7.934891452650278e-07,True,0.09218595940353803,-5.613866406896837e-06,0.3353460582810411,0.0001243107544197522,0.3091152549946692,0.5407470494648752,0.7630944064624834,False,False,False,137,1.4553351402282715,w0.100_null,0.1,False,800
True,4,4,0.1029197890115192,0.04236993188070252,-0.01695396090095109,0.05264270753717694,,0.13194277881350688,7.6117614376936436,0.4722824636721047,,False,1.0,1.0,8.553410869804564e-07,9.939297631222283e-07,True,0.09117274136860742,0.00012464023006152414,0.10717472044007632,0.005019836900776963,0.12008193332932758,0.48229514627422776,0.7857256658308067,False,False,False,138,1.4952960014343262,w0.100_null,0.1,False,800
True,4,4,0.07571594236334563,0.022931615711877906,-0.024395119864424407,0.036193038595184836,,0.0937245044522242,4.04925157750588,0.8526526778437973,,False,1.0,1.0,9.637684969755775e-07,9.638176178804309e-07,True,0.04119057815676266,-2.5581035726032377e-05,0.41215954266562815,-0.0017548089966061314,0.4711783160594202,3.962951623132756,0.13786562341833353,False,False,False,139,1.5030360221862793,w0.100_null,0.1,False,800
True,4,4,0.12423031632587378,0.06173268597770665,-0.015525779224202327,0.10040298855900195,,0.19340530025301736,6.490229486297687,0.5924915965095083,,False,1.0,1.0,9.245022709806565e-07,8.360334613699433e-07,True,0.20102808093290087,5.621127257565321e-06,0.3005053053761279,-0.000462654978907089,0.3507889390679182,0.42944041602499483,0.806767135582288,False,False,False,140,1.4865589141845703,w0.100_null,0.1,False,800
True,4,4,0.0676932103046161,0.01832948288537993,-0.02995767538081793,0.03691154763562008,,0.0876875384875522,3.970722874225953,0.8597552319345242,,False,1.0,1.0,9.600110788810857e-07,9.97361032994583e-07,True,0.006540846573365196,-0.00010163354670488325,1.0,-0.005233309430016471,1.0,0.8738727767317234,0.6460125240159531,False,False,False,141,1.431339979171753,w0.100_null,0.1,False,800
True,4,4,0.07830488588461652,0.024526620613611265,-0.024066194027424347,0.0376678013053673,,0.09732911379566297,5.409742544498863,0.7130179285559393,,False,1.0,1.0,6.958182373592279e-07,9.851187207984097e-07,True,0.040909120297225335,-5.138093519699959e-05,0.5584908100759056,-0.0021874699266885077,0.5237509950334088,0.6459861526916449,0.723978866929869,False,False,False,142,1.4518320560455322,w0.100_null,0.1,False,800
True,4,4,0.15156036315683616,0.09188217472092824,0.04049373268862888,0.05578560630235013,,0.18183295187254728,21.92987166391695,0.005047449757237958,,True,1.0,1.0,7.359745746872207e-07,9.223219429161222e-07,True,0.1567911425319427,-6.981962142579701e-05,0.7443862435458068,-0.0019295354810454147,0.49311850724208506,1.5076927974010905,0.47055313245085717,False,False,False,143,1.4342458248138428,w0.100_null,0.1,False,800
True,4,4,0.1112977449228346,0.04954875209963343,-0.012368152465112234,0.05930485450111076,,0.1459277668547603,9.455116848983536,0.3053679610255224,,False,1.0,1.0,8.563367975204847e-07,8.616846318956128e-07,True,0.08311627440920197,0.00019347467440071744,0.06224717305983361,0.008415399219955091,0.06807999676750229,6.562567763933745,0.03757997756587204,False,False,True,144,1.420179843902588,w0.100_null,0.1,False,800
True,4,4,0.0851132835267293,0.02897708413080563,-0.02232387107639549,0.04470124729683502,,0.11314055160403175,5.343788939122611,0.7202785351252209,,False,1.0,1.0,7.262583502467288e-07,6.897854729720806e-07,True,0.0778792280269992,0.0001852533900869194,0.06634366629151665,0.007437232539373599,0.07949704901376013,0.6866363497896943,0.7094124584132624,False,False,False,145,1.4408519268035889,w0.100_null,0.1,False,800
True,4,4,0.08174760729067286,0.026730685191000282,-0.05353260076065642,0.06911512249805653,,0.122629175930391,5.58981244503204,0.6930705072843281,,False,1.0,1.0,9.96148966541367e-07,7.922695039681101e-07,True,0.029717049078226417,0.0002071985503900808,0.055997169251238495,0.009929844051618293,0.05322427334964251,2.008438352977399,0.3663305626761312,False,False,False,146,1.4858980178833008,w0.100_null,0.1,False,800
True,4,4,0.09558794136590552,0.03654821813828717,-0.012624417116675932,0.04607338710559191,,0.1256578298096622,5.435763113272211,0.7101460375685931,,False,1.0,1.0,9.492221961543086e-07,9.885432042627807e-07,True,0.11371549526194744,-6.551640705660724e-05,0.6878799982493387,-0.003182350057869087,0.7388534903433923,1.992624086888958,0.3692386694149333,False,False,False,147,1.4374220371246338,w0.100_null,0.1,False,800
True,4,4,0.039613364542614576,0.006276874601544295,-0.046276204148350444,0.03543772268669271,,0.05480342722804049,1.2708000013265548,0.9958918986376875,,False,1.0,1.0,9.69345450095829e-07,9.65665355485056e-07,True,0.06961419522451968,-7.863754299628689e-05,1.0,-0.004337765378066826,1.0,3.609876343460303,0.16448462606261693,False,False,False,148,1.4457519054412842,w0.100_null,0.1,False,800
True,4,4,0.150274173648137,0.09032930906252173,0.040602354790192634,0.06175442202782268,,0.18853337890341104,17.273629408394346,0.027382620461436233,,True,1.0,1.0,9.591981792503435e-07,9.122443736247631e-07,True,0.09795221537141044,-0.00011870861425719921,1.0,-0.004921745379966664,1.0,0.8263356142816645,0.6615512604874018,False,False,False,149,1.413161039352417,w0.100_null,0.1,False,800
True,4,4,0.11287463570105523,0.05096273353858372,0.0005220097754550235,0.04687608043453118,,0.13930748427082315,8.53913765199996,0.38265053774652863,,False,1.0,1.0,9.437848924544778e-07,9.90294161488598e-07,True,0.18439911086186392,-5.2357192693541896e-05,0.5657604246158676,-0.00253146579627767,0.5920024199331488,0.746932286209952,0.6883442911022305,False,False,False,150,1.4549789428710938,w0.100_null,0.1,False,800
True,4,4,0.15701622502945778,0.09861637969000528,0.05480878735887024,0.07237748904612824,,0.2084821111786541,11.13545003455421,0.1941419052432481,,False,1.0,1.0,8.372900075153464e-07,8.328235135134354e-07,True,0.15604755992261787,-9.222268180520817e-05,1.0,-0.0044714325624774075,1.0,1.1903819945315195,0.551457228985702,False,False,False,151,1.41243314743042,w0.100_null,0.1,False,800
True,4,4,0.15106935462514157,0.09128779962742714,0.036866646999901255,0.0759612206839395,,0.2011291477816805,11.636247988247147,0.16818633440375816,,False,1.0,1.0,7.997294635711897e-07,8.659302400806449e-07,True,0.07603431514191383,-0.00010150356469008126,1.0,-0.004510395303583513,1.0,0.5698686552690694,0.7520636424960288,False,False,False,152,1.517137050628662,w0.100_null,0.1,False,800
True,4,4,0.15769495943785775,0.0994708009284304,0.046386287610180016,0.07775232311798938,,0.20873277072294352,15.927908011051835,0.04342367016349056,,True,1.0,1.0,9.277700991133745e-07,9.980143936351646e-07,True,0.08496943514030281,5.390146017575897e-05,0.19360905134192335,0.0026867585047289457,0.1860907972979459,1.1646497472447936,0.5585981855856101,False,False,False,153,1.8868968486785889,w0.100_null,0.1,False,800
True,4,4,0.07647930117921971,0.023396334035447188,-0.03219764352614729,0.045032971172896515,,0.10231691262933101,2.7818038642787997,0.9472954650664123,,False,1.0,1.0,8.584555060323575e-07,9.059821109752919e-07,True,0.026011978872421113,-6.621837130774e-05,0.6962477123909372,-0.0033763722483176597,0.8171713001845395,0.19776520202893821,0.905849047540576,False,False,False,154,1.9284350872039795,w0.100_null,0.1,False,800
True,4,4,0.11035345668812063,0.04871154161206767,-0.005688609161938307,0.05029742539559268,,0.13878336844370384,9.462292159918043,0.30480931993034766,,False,1.0,1.0,9.073919910421695e-07,7.850486315371875e-07,True,0.04012227915891726,-3.709981889218904e-05,0.4686647883154563,-0.0003548035753544785,0.3425318190681059,0.4678949830907917,0.7914033701725351,False,False,False,155,1.8791592121124268,w0.100_null,0.1,False,800
True,4,4,0.1217945650936752,0.059335664345429945,0.010441271452140431,0.056453243548784615,,0.16070049304259584,10.127209869945297,0.2562107688897507,,False,1.0,1.0,8.622481555613275e-07,9.098250454686851e-07,True,0.07674407326343147,-0.0001058533284425455,1.0,-0.004904214422201352,1.0,0.6520247003829625,0.7217962730544862,False,False,False,156,1.8960907459259033,w0.100_null,0.1,False,800
True,4,4,0.10711185379514443,0.04589179689372959,0.00497616733089494,0.03682711150048426,,0.12801501401458026,11.858195300787347,0.15764388963577686,,False,1.0,1.0,9.512887194502636e-07,8.597853008692955e-07,True,0.08802539216724718,0.00011650074938624856,0.11448370714865783,0.00503084998787948,0.12245455738614328,1.0885777650857837,0.5802542655986253,False,False,False,157,1.5289421081542969,w0.100_null,0.1,False,800
True,4,4,0.1511192412077731,0.09134810025285241,0.03534486365793195,0.07628479258700357,,0.2005132049429074,11.258710934348123,0.18746674655534587,,False,1.0,1.0,8.277559537723056e-07,7.624575152298965e-07,True,0.07654431671199036,-7.827523007468786e-06,0.3428332775968695,-0.0003257197750703402,0.34016470402299903,0.40451579656778397,0.8168842277333225,False,False,False,158,1.5622971057891846,w0.100_null,0.1,False,800
True,4,4,0.1028227158318769,0.04229004356417163,-0.004040926015447789,0.042106205102506324,,0.12768870169730395,8.528647275256962,0.3836030051224261,,False,1.0,1.0,9.9684578342583e-07,8.306382521982615e-07,True,0.08398608269542653,-2.5253634634840223e-06,0.32526062552611623,-5.546143847133125e-05,0.3210637674699209,3.746791321854695,0.1536011976762804,False,False,False,159,1.4907810688018799,w0.100_null,0.1,False,800
True,4,4,0.05801299461502145,0.013462030176810032,-0.057923208348131354,0.05830933953549243,,0.09745142414553036,2.8453350057441837,0.9436853151372028,,False,1.0,1.0,8.599369579541516e-07,9.877387457539361e-07,True,0.08826344845871946,-2.6640648460017825e-05,0.41691330913479907,-0.0020928320459528238,0.5178813909663491,5.641461981766843,0.05956238722949005,False,False,False,160,1.4897780418395996,w0.100_null,0.1,False,800
True,4,4,0.11082707565405564,0.04913056279211909,-0.0011669476863611222,0.04576344845773533,,0.1361132125210036,8.976431435563093,0.34428807823343804,,False,1.0,1.0,9.24692361732278e-07,9.664855608248901e-07,True,0.07430535386590838,2.5659285205291475e-05,0.2490831378475199,0.0010857591923479563,0.2533943843773821,6.670676764385216,0.035602536908350586,False,False,True,161,1.5265400409698486,w0.100_null,0.1,False,800
True,4,4,0.157802873852729,0.09960698798472123,0.05424342514723534,0.06939818221869226,,0.20517874943173967,12.728926502470467,0.12152300101960298,,False,1.0,1.0,9.650501888712179e-07,9.610698398333787e-07,True,0.1811303660175653,-7.521858044985228e-05,0.8470540127668054,-0.00355883527299432,0.9042492649857807,1.2427984679701112,0.5371922538187939,False,False,False,162,1.5025348663330078,w0.100_null,0.1,False,800
True,4,4,0.16292478507444863,0.10617794236622112,0.05074030619475177,0.087109988215706,,0.22024048575083544,9.09521035463665,0.3343279432613899,,False,1.0,1.0,8.239583952850522e-07,9.0259551218471e-07,True,0.15512699138393002,-9.148784979224028e-05,1.0,-0.003873352736419858,1.0,1.0083491734786152,0.604003922574778,False,False,False,163,1.4782378673553467,w0.100_null,0.1,False,800
True,4,4,0.11895893399181848,0.0566049119058793,0.001647954166832069,0.05241370502124402,,0.14820663528751832,10.620172160315372,0.22416308049734562,,False,1.0,1.0,8.332044009027214e-07,9.521679586978589e-07,True,0.1410603703154015,-8.153076014263387e-05,1.0,-0.0038117211451587194,1.0,1.9839845951128863,0.37083713663930884,False,False,False,164,1.4127521514892578,w0.100_null,0.1,False,800
True,4,4,0.10668299436213396,0.04552504514428443,-0.012697707935467525,0.056611054436695035,,0.14179138750315332,9.429255573215253,0.3073874975210896,,False,1.0,1.0,8.887253330945077e-07,9.588152942778872e-07,True,0.06872090180414323,0.00013371316126501023,0.0996254956317027,0.006087009655444584,0.10122487659633223,0.12077157944640193,0.9414012805796602,False,False,False,165,1.4481499195098877,w0.100_null,0.1,False,800
True,4,4,0.06856294000743184,0.01880350696985079,-0.0494679961691329,0.05782492266093307,,0.1068240815522081,5.181838475120128,0.7379759731557969,,False,1.0,1.0,8.656393045967868e-07,9.006390291999629e-07,True,0.06457628839389623,5.093758864941155e-05,0.19868678467468764,0.0025914658844813383,0.19170910530859395,3.767967562120539,0.15198342941879286,False,False,False,166,1.4740941524505615,w0.100_null,0.1,False,800
True,4,4,0.07744610340940125,0.02399159573319869,-0.03883170138451658,0.04756001582246707,,0.09924409697676957,5.441675718755777,0.7094929150569964,,False,1.0,1.0,9.870612514794359e-07,8.776117232161636e-07,True,0.07809214332764222,3.752186990255661e-05,0.22373072905180955,0.001452436565552555,0.23649622424902386,2.8515841692013972,0.24031803558564702,False,False,False,167,1.465254783630371,w0.100_null,0.1,False,800
True,4,4,0.07747308474275819,0.024008315438234368,-0.029180821059480333,0.04383527546009723,,0.10358787425355037,3.795673107589196,0.8750718915699425,,False,1.0,1.0,9.654494054818299e-07,9.564971441161965e-07,True,0.037934052953530265,-9.830579846802404e-05,1.0,-0.004914857719563925,1.0,0.0317090529510674,0.9842704949388821,False,False,False,168,1.4205517768859863,w0.100_null,0.1,False,800
True,4,4,0.09139406373053986,0.03341149954072793,-0.008125967669999276,0.034921402203512295,,0.11103448496151888,7.946551731262785,0.43870849165220505,,False,1.0,1.0,9.83797478043874e-07,8.885470669485026e-07,True,0.050587943656039365,0.00020346613470495712,0.05762802004383395,0.010445058366341747,0.04853094125967607,0.6805269009461746,0.711582831232799,False,True,False,169,1.4505879878997803,w0.100_null,0.1,False,800
True,4,4,0.13397058599631945,0.07179247164878891,0.019933279128040493,0.06708063846922606,,0.1804654472554008,9.048523039074741,0.33821916984134426,,False,1.0,1.0,9.62855735858442e-07,9.42815546791073e-07,True,0.06084757223597781,-5.220168955104125e-06,0.3340374892304952,-0.0003837153742285267,0.3447198442313849,0.31390728210789554,0.8547436829154971,False,False,False,170,1.477018117904663,w0.100_null,0.1,False,800
True,4,4,0.15943399070867878,0.10167678957318028,0.04284193062753641,0.09220317519906807,,0.22051227730568967,10.689150647917845,0.21994190995497614,,False,1.0,1.0,9.21986916665894e-07,9.985112009462472e-07,True,0.20056228665368636,-6.108967191161216e-05,0.6405280691330133,-0.002907857304020712,0.6553352007791843,5.080703940682495,0.07883864604156246,False,False,False,171,1.462562084197998,w0.100_null,0.1,False,800
True,4,4,0.13802916962476192,0.07620820666920518,0.02721989468928579,0.05338758403208794,,0.1695837963357954,16.724216420360342,0.03311239376710666,,True,1.0,1.0,7.181750348905947e-07,6.804165270128798e-07,True,0.06254586872072448,9.411997347633535e-05,0.13758747695541312,0.004653758740437102,0.12964308896396823,10.817947862342853,0.004476230776697045,False,False,True,172,1.420968770980835,w0.100_null,0.1,False,800
True,4,4,0.07089566143797423,0.020104779242911465,-0.03058263841718358,0.03719256560297164,,0.0874552571468618,3.2291870033073264,0.9191623064799473,,False,1.0,1.0,9.720974583534474e-07,9.05924811387479e-07,True,0.15260587650366428,7.073160613375828e-05,0.167479081397258,0.0036404587673298035,0.1569729184869624,4.3147790908687575,0.11562656530891174,False,False,False,173,1.5482299327850342,w0.100_null,0.1,False,800
True,4,4,0.1135240147725071,0.05155080772027365,0.011985917300011861,0.03994138627841539,,0.13935893529438037,10.291455393777351,0.24516254027829038,,False,1.0,1.0,9.138987713572073e-07,9.1907056041675e-07,True,0.040816034353583386,-3.2087368443072966e-05,0.4426970215792241,-0.0014660007506138283,0.44241814773941945,0.6067767960896557,0.7383122816282888,False,False,False,174,1.4812302589416504,w0.100_null,0.1,False,800
True,4,4,0.13091867618103178,0.06855879909197544,0.008043044812795865,0.0557136344433684,,0.1578637216855244,16.069626951926374,0.04139430941786068,,True,1.0,1.0,9.698598172554603e-07,9.968405518048496e-07,True,0.1010628119362734,-5.604940234082737e-05,0.5950232054222162,-0.001948281394242008,0.49243185412623525,0.3239143743388651,0.8504776151148449,False,False,False,175,1.4802510738372803,w0.100_null,0.1,False,800
True,4,4,0.11571197626164907,0.05355704580150575,-0.0006565356017719792,0.05041899325661865,,0.1434183812518631,9.176158867928546,0.3276541697980491,,False,1.0,1.0,9.520138393786119e-07,9.98737494305386e-07,True,0.07269453227224575,-7.731516687689665e-05,0.9189051963971349,-0.003023217119111884,0.6901447832930132,1.380297505518602,0.5015014637907904,False,False,False,176,1.9978487491607666,w0.100_null,0.1,False,800
True,4,4,0.04629902758004651,0.00857439981943163,-0.06701271546255866,0.0597773331969643,,0.08847633561573781,1.486788300136621,0.9929250672581926,,False,1.0,1.0,9.915559728822739e-07,7.721321287059969e-07,True,0.08900443087130541,-9.40150870833533e-05,1.0,-0.004393379367056275,1.0,5.875750583147928,0.052978172410356766,False,False,False,177,2.5943219661712646,w0.100_null,0.1,False,800
True,4,4,0.07222077631233528,0.020863362124625473,-0.030333073638741992,0.03675640925989622,,0.08678398389984032,5.888556958553917,0.659713665723809,,False,1.0,1.0,8.502922252836337e-07,9.007774519171674e-07,True,0.017106866743550067,-6.048761812130214e-05,0.6346868381963662,-0.0029314142675945813,0.6667701349470865,0.5109315248058021,0.7745556550310012,False,False,False,178,2.5814919471740723,w0.100_null,0.1,False,800
True,4,4,0.16651629336255508,0.11091070382081801,0.06969049482482587,0.05992565100783399,,0.20509718381324116,22.79769637842479,0.0036339259727236257,,True,1.0,1.0,7.21430934710328e-07,8.022078279328673e-07,True,0.20063577080430323,-6.12528033715459e-05,0.6421324167115123,-0.0014999107773840236,0.44483972910728176,0.7679529763462458,0.6811474420120118,False,False,False,179,2.5650699138641357,w0.100_null,0.1,False,800
True,4,4,0.10641957665217157,0.045300505179309676,-0.019590984914784136,0.06973588704459503,,0.1542030656465657,3.9646005944364258,0.8603031037680172,,False,1.0,1.0,9.256545936875903e-07,9.43168550412325e-07,True,0.12670713374862952,5.749704425502159e-07,0.31553622392046127,-0.00026811786822330196,0.3359937617330641,1.2491637939914462,0.5354852697214062,False,False,False,180,3.413547992706299,w0.100_null,0.1,False,800
True,4,4,0.10316223505538738,0.04256978696649198,-0.011680577466260035,0.04952196145084953,,0.13207554697967447,6.375284958535336,0.6052717480978836,,False,1.0,1.0,7.85562803315415e-07,9.847358757471789e-07,True,0.13267935873965403,-9.663986955524548e-05,1.0,-0.004149478693159675,1.0,2.1895073195243953,0.33462202766629057,False,False,False,181,2.9439449310302734,w0.100_null,0.1,False,800
True,4,4,0.07824950947119991,0.024491942929933612,-0.027911033216514343,0.039616520547123765,,0.09650433188802937,5.856716276875748,0.6632780299634732,,False,1.0,1.0,8.143204764784252e-07,7.901383142327245e-07,True,0.08689834891129822,2.3981077333195457e-05,0.2529462036097893,0.0010292088063203065,0.25729290424922135,2.013701945597581,0.36536772280795987,False,False,False,182,2.8925540447235107,w0.100_null,0.1,False,800
True,4,4,0.080249551366873,0.025759961978337558,-0.023104125855724567,0.040150324308878285,,0.10360656435165165,5.965689621792745,0.6510753053393143,,False,1.0,1.0,8.95040750463396e-07,9.975339171488085e-07,True,0.03489823113804522,-0.00010767094783751397,1.0,-0.00479904028052064,1.0,2.9681098903394916,0.22671649898732274,False,False,False,183,2.889035224914551,w0.100_null,0.1,False,800
True,4,4,0.0857621493682449,0.029420585057044597,-0.018614049485187308,0.04183850756176599,,0.1120314369094899,3.5238487979120956,0.8973308836237526,,False,1.0,1.0,9.647832741974624e-07,9.874997350426562e-07,True,0.15514736428181453,-0.00010133558469500906,1.0,-0.005110965948466779,1.0,0.4448923152064578,0.8005581095572122,False,False,False,184,1.9187047481536865,w0.100_null,0.1,False,800
True,4,4,0.1147702401374192,0.052688832084803475,0.007180097191909235,0.045473206191198365,,0.14315801176026963,9.961243829498574,0.26775664168666796,,False,1.0,1.0,9.501601001530996e-07,9.746749538636512e-07,True,0.08456547534458375,0.00020289103769324308,0.05788375491779182,0.00956311106819479,0.05799571429708362,0.9383111334019572,0.6255302639071714,False,False,False,185,1.8757991790771484,w0.100_null,0.1,False,800
True,4,4,0.07805343617289309,0.02436935559358358,-0.021047880700797855,0.03727055849630079,,0.10032040248666955,4.557692833072639,0.8036337524727428,,False,1.0,1.0,9.041447475351467e-07,9.36806553899711e-07,True,0.04467693888995003,-6.167230312926686e-05,0.6463018239760171,-0.0034293617795330745,0.8593505488566278,2.8077746957987735,0.2456402165616135,False,False,False,186,1.8170058727264404,w0.100_null,0.1,False,800
True,4,4,0.11642136315074796,0.054215735191513334,-0.007323058758313503,0.07256544095270154,,0.1673592468195816,8.279140139580608,0.406688874887074,,False,1.0,1.0,8.694118302853305e-07,9.934270747404991e-07,True,0.0824119675060474,-4.419389499692008e-05,0.5098776720367458,-0.0013753614262159211,0.430574363896846,2.1198612560165655,0.34647984549333594,False,False,False,187,1.8252851963043213,w0.100_null,0.1,False,800
True,4,4,0.10216364449121262,0.04174964102290751,-0.018117649010582236,0.05464320783206995,,0.13394255259276372,7.397066014483302,0.4944594775410327,,False,1.0,1.0,9.414715674215005e-07,9.96843546665871e-07,True,0.1817019314411555,0.00024448862150932296,0.04214293706861745,0.01065708083550152,0.04709011426433444,2.135216735962589,0.343829849342022,True,True,False,188,1.4266471862792969,w0.100_null,0.1,False,800
True,4,4,0.09439174862834095,0.03563920883646362,-0.01732450323528968,0.0428563766042887,,0.11529089649694028,8.397242892870915,0.3956586802634038,,False,1.0,1.0,7.885146694924639e-07,9.435610090969784e-07,True,0.058370070040796716,-8.326827558087265e-05,1.0,-0.003199640408039183,0.7396397364729272,0.21333462909680342,0.898824649139347,False,False,False,189,1.4438140392303467,w0.100_null,0.1,False,800
True,4,4,0.06744432160237686,0.01819494606561935,-0.03266484733878952,0.04229926213221142,,0.09606150034840895,3.2220424294251693,0.9196601686669835,,False,1.0,1.0,8.589797101836964e-07,9.995033005831532e-07,True,0.061533797164543325,0.00015949478394573004,0.08115922809112024,0.006839552887366892,0.09059057322600506,7.293652600459522,0.02607374785290957,False,False,True,190,1.4746119976043701,w0.100_null,0.1,False,800
True,4,4,0.12442788741705156,0.06192919666828184,0.01041644536960943,0.06221202937506811,,0.1678884507099891,6.552775012677549,0.5855599427141089,,False,1.0,1.0,9.485768517174362e-07,9.404171985951637e-07,True,0.22235212540104596,-4.7354136636980994e-05,0.530273687348958,-0.0025533300527853567,0.5915720164200182,3.482111352901941,0.17533520563359123,False,False,False,191,1.4761099815368652,w0.100_null,0.1,False,800
True,4,4,0.07931129329259017,0.025161124974973033,-0.024095933702098345,0.041944372442735474,,0.10594387599165238,3.8831281234095885,0.8675110294078682,,False,1.0,1.0,9.885318961579778e-07,8.803966625263879e-07,True,0.03830984196698927,-3.249507036097755e-05,0.44472410812080154,-0.0010530369321370982,0.3997154073707967,0.5326397605402038,0.7661939979540404,False,False,False,192,1.4407610893249512,w0.100_null,0.1,False,800
True,4,4,0.07984045616455153,0.0254979937622547,-0.025233678869579793,0.040315841507642246,,0.10134098289668679,4.705436418901889,0.7885453767879852,,False,1.0,1.0,9.669519481375916e-07,9.293269574229096e-07,True,0.032493225213894986,-8.451051752833554e-05,1.0,-0.003835447169579692,1.0,0.24098782914690883,0.886482481952992,False,False,False,193,1.507763147354126,w0.100_null,0.1,False,800
True,4,4,0.16823695524072663,0.113214692434681,0.05895035346139481,0.08133283281780827,,0.21950567106113936,12.136792828037201,0.14520409013826677,,False,1.0,1.0,8.574900792932186e-07,8.975237697573939e-07,True,0.07971317715352916,-5.4727429497369364e-05,0.5842030105482545,-0.0020417774612975967,0.5109021894446173,0.8671300418324078,0.6481941450682134,False,False,False,194,1.5440919399261475,w0.100_null,0.1,False,800
True,4,4,0.12320592054366518,0.06071879542804775,0.007581977527629097,0.05763948072011792,,0.15999256736307665,13.314293846910587,0.10148357117079823,,False,1.0,1.0,8.902262617763915e-07,8.676116924860482e-07,True,0.0610412324663275,7.440658485426709e-05,0.16232800142495335,0.0033956451909046667,0.16249968380997304,0.30581388031033885,0.8582095829460248,False,False,False,195,1.5074470043182373,w0.100_null,0.1,False,800
True,4,4,0.10166630106398465,0.04134414708813107,0.005652971269590523,0.03319107478439536,,0.12272676054056098,12.21574903213138,0.14183417261042253,,False,1.0,1.0,9.071758304089145e-07,8.872574950514781e-07,True,0.08309883995948059,-2.698296989320068e-05,0.4184664518322181,-0.0015999787088581104,0.4558883013495407,0.006975021010923165,0.996518563795853,False,False,False,196,1.3635928630828857,w0.100_null,0.1,False,800
True,4,4,0.13366420307677288,0.07146447673659512,0.023816013544805843,0.060919400571358466,,0.17608201961466308,9.106809533747418,0.3333659643054454,,False,1.0,1.0,8.222426752067025e-07,8.616553991255453e-07,True,0.05401520001292823,-9.164586261837295e-05,1.0,-0.003776891334057829,1.0,0.040416109461143934,0.97999475954922,False,False,False,197,1.5100562572479248,w0.100_null,0.1,False,800
True,4,4,0.0860609682702673,0.029625961038463815,-0.00946518364334551,0.0321898337880846,,0.10426214703087415,6.573285690931941,0.5832907176187845,,False,1.0,1.0,8.664738634211619e-07,8.580171444884277e-07,True,0.08138799855005815,0.00018936460289900383,0.06426032622616663,0.007918115292860019,0.07411404706715922,0.7416579405631912,0.6901619696726704,False,False,False,198,1.486633062362671,w0.100_null,0.1,False,800
True,4,4,0.10709328267879258,0.04587588477967909,-0.00974272697282548,0.051646281451666866,,0.13712024503287734,7.052264661726455,0.5310043593814311,,False,1.0,1.0,9.59003031494529e-07,8.563727571054499e-07,True,0.17456017921585443,-5.537378660805914e-05,0.5894426401432189,-0.002240410437921966,0.5396386420399351,1.8953062594118997,0.38764972035373996,False,False,False,199,1.523380994796753,w0.100_null,0.1,False,800
True,4,4,0.11686287024571188,0.05462772176826436,-7.964015587456907e-05,0.06011160654047313,,0.15715848202062024,7.401357032781592,0.49401163321214137,,False,1.0,1.0,9.91959425050675e-07,9.111274146357421e-07,True,0.11442983324360335,-2.1210272444763153e-06,0.3239702125375811,2.9646662133033122e-05,0.3153202666991516,0.4806748910186246,0.7863624618087488,False,False,False,200,2.23104190826416,w0.100_null,0.1,False,800
True,4,4,0.12690881876622237,0.0644233931225515,0.012893309897497388,0.05804210534934606,,0.16459349728746023,9.305145109699472,0.3172118594889773,,False,1.0,1.0,8.388266276317306e-07,7.984031114425872e-07,True,0.19446104348442758,-4.920484713419995e-06,0.3330459702123516,-0.00022785920710711855,0.3328610155442391,1.2563066728315588,0.5335762275636531,False,False,False,201,2.572052001953125,w0.100_null,0.1,False,800
True,4,4,0.08756593413153244,0.030671171281311513,-0.021080016406226552,0.043677145829493724,,0.11265266899446343,5.857881770959622,0.6631475827808742,,False,1.0,1.0,8.641682549420112e-07,9.356223348079028e-07,True,0.2290473953794441,0.00014165442734030847,0.09349307472432972,0.00757599588613839,0.07686784918716952,0.1385884148404771,0.9330521288329036,False,False,False,202,2.559688091278076,w0.100_null,0.1,False,800
True,4,4,0.14350257370214706,0.08237195463656058,0.02676330263637984,0.06682313810533161,,0.18484965763642466,14.059174304646751,0.0802360387845215,,False,1.0,1.0,8.049285128100509e-07,9.383492596732623e-07,True,0.052661254272658935,-5.402235415207214e-05,0.5785935709444971,-0.0013374282957428684,0.42647154841913104,1.3106765123034434,0.5192663878271245,False,False,False,203,2.5808210372924805,w0.100_null,0.1,False,800
True,4,4,0.15973217735955175,0.10205747393609318,0.043616063067895935,0.08030928892353141,,0.20959072512378754,13.747570026171603,0.08858684425458462,,False,1.0,1.0,8.587888866912626e-07,9.855207439221098e-07,True,0.2156469015531859,0.00011387317906549968,0.11695910009281248,0.005756087594737342,0.10635507884941513,2.599637793000651,0.2725811539650874,False,False,False,204,2.022623062133789,w0.100_null,0.1,False,800
True,4,4,0.1926209824564062,0.14841137152988454,0.09514607040430156,0.10002761226580546,,0.25479248970240825,13.010876983936273,0.11147591663025505,,False,1.0,1.0,8.952913820816236e-07,9.560351026087498e-07,True,0.17960505633301754,-6.355509714757008e-05,0.6658501556758154,-0.0033171156638184237,0.7754399474056389,0.033721513491224646,0.9832805902924623,False,False,False,205,2.111962080001831,w0.100_null,0.1,False,800
True,4,4,0.07933881518629209,0.025178590380658446,-0.014778162118608464,0.031205876180586182,,0.09559149609043063,6.264079002835716,0.6176775349147597,,False,1.0,1.0,9.22065020404758e-07,7.002383018671368e-07,True,0.182194855527897,-4.894362700612998e-06,0.3329597305820916,-0.000309863635875293,0.338928796914713,4.661688770333553,0.09721362667940726,False,False,False,206,2.0458319187164307,w0.100_null,0.1,False,800
True,4,4,0.08619780925061278,0.029720249278420107,-0.011285043033125736,0.03545124680313555,,0.10842862727500006,5.791942477850705,0.6705244276770639,,False,1.0,1.0,7.385541381210407e-07,8.953049271128606e-07,True,0.07409653439521213,0.00019418085029491728,0.06190809995920207,0.010126938374856653,0.051307133220611714,1.3072971536784928,0.5201445231749406,False,False,False,207,2.0625550746917725,w0.100_null,0.1,False,800
True,4,4,0.08715928834555882,0.03038696617961706,-0.016605634511027242,0.03877463452164965,,0.10859668930914276,6.631859900549992,0.5768216723609381,,False,1.0,1.0,9.923504098904144e-07,9.024734036406085e-07,True,0.1181685226190292,-2.8298812956847506e-05,0.42451758164221787,-0.0011923446156573878,0.41340959559118506,0.7336466255206213,0.6929320664830394,False,False,False,208,2.0062897205352783,w0.100_null,0.1,False,800
True,4,4,0.09905364964678245,0.039246502033390106,-0.00838036180148214,0.04204262196200882,,0.12326150800156317,7.482084823277602,0.4856205597708537,,False,1.0,1.0,9.841052717189855e-07,9.992407654208854e-07,True,0.03771070276706428,-6.957709435976569e-05,0.7408131995708827,-0.002799544582218649,0.6382464858338344,0.28398353558391964,0.8676283989539967,False,False,False,209,2.0787429809570312,w0.100_null,0.1,False,800
True,4,4,0.08078984999985567,0.026107999451996718,-0.018080265003634167,0.034922888707776885,,0.09920027110720923,6.226383106329729,0.6218899553856322,,False,1.0,1.0,8.450255282723374e-07,7.410464771529277e-07,True,0.07843094306208762,-0.00010919454651337116,1.0,-0.005007570919598715,1.0,3.222997254872284,0.19958828136267645,False,False,False,210,2.0764269828796387,w0.100_null,0.1,False,800
True,4,4,0.12751526761580745,0.06504057390052397,0.008119165179449099,0.06896885679826331,,0.17432931439575014,7.115546591105357,0.5242190085257796,,False,1.0,1.0,9.957739956082347e-07,7.803944134090304e-07,True,0.08709237089922953,-6.412121829580987e-05,0.6720199458399438,-0.0030526091415976776,0.6979541058104687,4.417863518019424,0.10981789785904443,False,False,False,211,2.06823992729187,w0.100_null,0.1,False,800
True,4,4,0.16066792418312517,0.10325672744525785,0.053298233304184685,0.06801638062787513,,0.20320877421512643,16.193044442650013,0.03969893576659209,,True,1.0,1.0,9.716925431504334e-07,9.900821626633993e-07,True,0.09503329413552507,0.00018783325354217452,0.06502805262091428,0.008902432392678792,0.06384441206093701,1.4335373215520355,0.488327661581199,False,False,False,212,2.1696009635925293,w0.100_null,0.1,False,800
True,4,4,0.11078244051080414,0.04909099650211944,-0.005547335014055646,0.05997834588318379,,0.15256823453003668,5.3394526373105045,0.7207549103627302,,False,1.0,1.0,8.90486829136964e-07,9.028574036685267e-07,True,0.20017423384972918,-9.844272122143623e-05,1.0,-0.00514339295810138,1.0,1.6039569998373062,0.4484408456591247,False,False,False,213,2.2550063133239746,w0.100_null,0.1,False,800
True,4,4,0.10293508568330302,0.04238252745851574,-0.014718830004623193,0.06336832430247014,,0.14959343907582637,4.866645359689186,0.7717295778713612,,False,1.0,1.0,8.510788965835354e-07,9.349734865352696e-07,True,0.06418285491199394,-5.26231515454081e-05,0.5677725939156224,-0.0028969882833847454,0.649071032172228,0.3890501335835502,0.8232255423746319,False,False,False,214,2.332144021987915,w0.100_null,0.1,False,800
True,4,4,0.10835976715623669,0.04696735655261532,-0.004363073776205956,0.052291245455301005,,0.14287089536427247,7.077352022922444,0.5283104645062742,,False,1.0,1.0,7.233541491350945e-07,9.421234839660048e-07,True,0.13062599431338645,0.0001202997010337071,0.11100630366304882,0.005455509654459829,0.11237995505049973,0.056220608706517836,0.972281114046662,False,False,False,215,2.3588290214538574,w0.100_null,0.1,False,800
True,4,4,0.10641615328353075,0.04529759071865565,-0.024559260438950778,0.07434220121456926,,0.15630321402996614,6.245735161156626,0.6197270228608303,,False,1.0,1.0,9.720566574331468e-07,9.236452367804366e-07,True,0.10379744691178312,-9.572927504907506e-05,1.0,-0.004051636724093982,1.0,0.3667481971270038,0.8324566766318752,False,False,False,216,2.2500767707824707,w0.100_null,0.1,False,800
True,4,4,0.09900810180137579,0.03921041688924636,-0.010203478171176991,0.04635804292315523,,0.1284997245807816,5.611280218203103,0.6906823497190634,,False,1.0,1.0,7.583171415093926e-07,9.189122246904956e-07,True,0.048613340616044165,-7.039297390730872e-05,0.7530692725691056,-0.0033998573341200333,0.8559501357034771,0.7411382506122807,0.6903413280944233,False,False,False,217,1.9140920639038086,w0.100_null,0.1,False,800
True,4,4,0.07949502505501214,0.025277836033988036,-0.029306094308256998,0.043586680356681104,,0.10294126354771976,6.367010454437226,0.6061935689478353,,False,1.0,1.0,9.190186768060845e-07,9.718024016802463e-07,True,0.05365998073217179,-0.00011180951318018948,1.0,-0.005367287665014069,1.0,0.10072404157589221,0.9508851220010301,False,False,False,218,1.8961551189422607,w0.100_null,0.1,False,800
True,4,4,0.14763835294016245,0.08718833303553589,0.03910492111664062,0.06288765138591457,,0.1887762581663952,10.126469325119938,0.25626143139174057,,False,1.0,1.0,8.120390239282287e-07,9.647746769535409e-07,True,0.16737471379547514,0.0002769580667070846,0.03301380234174186,0.013501445386677238,0.029909076392542384,1.1470799666134253,0.5635270273453572,True,True,False,219,1.9559211730957031,w0.100_null,0.1,False,800
True,4,4,0.09004005245755993,0.03242884418624058,-0.017125157881241054,0.043971325859400764,,0.1174747174293892,7.760898537672505,0.4571680747847615,,False,1.0,1.0,9.82224774122516e-07,8.488512477357933e-07,True,0.16352775954931273,8.799808630013927e-05,0.14478275325564505,0.00391877011605952,0.14890904468132962,0.7574903618846394,0.6847200701608402,False,False,False,220,1.7214100360870361,w0.100_null,0.1,False,800
True,4,4,0.07282816641648793,0.021215767294350638,-0.03048246596024093,0.03857459940649451,,0.09078422740450522,4.585105519151019,0.8008594139117287,,False,1.0,1.0,8.431394552135213e-07,9.81938207660369e-07,True,0.007865576715265757,6.94445184281313e-05,0.16932719031010768,0.003302055505132987,0.16718251526016514,1.548209069572644,0.4611165099733008,False,False,False,221,1.938035011291504,w0.100_null,0.1,False,800
True,4,4,0.10573411035042572,0.04471880836638402,-0.005287409433409794,0.05576469747309677,,0.1470011525984278,6.170583604602957,0.6281305714145576,,False,1.0,1.0,9.144281785075633e-07,9.105904234579619e-07,True,0.120680356417327,-0.00010887869283744491,1.0,-0.004705649220641739,1.0,1.9618098333831755,0.37497162719346105,False,False,False,222,1.8943710327148438,w0.100_null,0.1,False,800
True,4,4,0.1452393261751888,0.08437784747129154,0.025683371499518395,0.08194230243942362,,0.20029132836181324,9.175513342853558,0.3277070230037164,,False,1.0,1.0,9.796364033694128e-07,9.531914054041116e-07,True,0.09645260858680105,-5.751048755510557e-05,0.607476678603489,-0.003046433442352608,0.6886233077622721,3.689997420459175,0.15802552470616255,False,False,False,223,1.8707621097564697,w0.100_null,0.1,False,800
True,4,4,0.10636410685644233,0.04525329290947473,-0.005458724802537923,0.052492371642994855,,0.14220016093672921,8.278030205844061,0.4067934003869334,,False,1.0,1.0,8.979812047374685e-07,7.813017521202607e-07,True,0.03429366131915769,-4.40669366074463e-05,0.5090870217760306,-0.002036186530037031,0.5081038845415965,1.660879420059735,0.4358575932246007,False,False,False,224,1.7763550281524658,w0.100_null,0.1,False,800
True,4,4,0.1816647780642076,0.13200836635647123,0.08095212843643945,0.07413944062464885,,0.22522247681350901,19.601126471206065,0.011955198397125995,,True,1.0,1.0,8.569069760755461e-07,9.137606742561465e-07,True,0.14297042341059782,-0.0001203146538694269,1.0,-0.005117989529698746,1.0,11.194478747565011,0.0037080862397981104,False,False,True,225,1.6557791233062744,w0.100_null,0.1,False,800
True,4,4,0.0873050454373012,0.030488683835236913,-0.02353324774337671,0.040352625737373006,,0.10349023511635842,6.871117443020217,0.5505999675240392,,False,1.0,1.0,7.959709929197266e-07,9.972232986849161e-07,True,0.10500002843577005,0.00024215174160386926,0.04289482438417768,0.010513393644978039,0.04694941530841058,1.3041348417900476,0.5209676033171645,True,True,False,226,1.6424129009246826,w0.100_null,0.1,False,800
True,4,4,0.09766582983999522,0.038154457273339604,-0.013593898815122706,0.04363883743582126,,0.12060845867634407,9.744715298974976,0.28340272094693014,,False,1.0,1.0,9.529251960598522e-07,7.706941077187892e-07,True,0.05033085160887505,-3.352152388942627e-05,0.4498917807303685,-0.001957955706004996,0.49884131841835255,0.7503000346524921,0.6871861812244144,False,False,False,227,1.5995748043060303,w0.100_null,0.1,False,800
True,4,4,0.12528811191816547,0.06278844395207502,0.01759464080948895,0.048672963903609597,,0.15624863361068095,11.793409389195045,0.16066219945441293,,False,1.0,1.0,9.404638334010806e-07,9.847999949615277e-07,True,0.03840632602153125,-8.901637740005952e-05,1.0,-0.003661959517209051,1.0,2.6970388229238687,0.25962437309048125,False,False,False,228,1.489732265472412,w0.100_null,0.1,False,800
True,4,4,0.09626368371766848,0.03706678721158125,-0.007892215791872027,0.042147815583370225,,0.12393019359554419,6.091265126444621,0.6370094605129344,,False,1.0,1.0,9.634567223950448e-07,9.303764181380635e-07,True,0.0631084648013341,-7.801891883615978e-05,0.9706055113560619,-0.0036537219816216546,1.0,0.6857981718995804,0.7097098276397944,False,False,False,229,1.4518301486968994,w0.100_null,0.1,False,800
True,4,4,0.1300542789514839,0.06765646189436154,0.020698901473800296,0.04562964805704834,,0.15471990303202385,16.77829678103878,0.032502258327809015,,True,1.0,1.0,9.83452511782182e-07,9.767614744107959e-07,True,0.11404666307768484,0.00023062933483226997,0.046814152161114043,0.010445310852714567,0.04889965511662393,0.7773145917259386,0.6779665721552914,True,True,False,230,1.4571750164031982,w0.100_null,0.1,False,800
True,4,4,0.13717446045400603,0.07526733040339065,0.02659003875200839,0.06179691910563628,,0.17905091823091898,10.900111300235398,0.20742352577157092,,False,1.0,1.0,8.867790257271295e-07,9.376343756658119e-07,True,0.030937350561847387,-2.958358807859123e-05,0.4305534517573204,-0.0017291031272933539,0.473642762362228,2.0122238684730025,0.36563784344702066,False,False,False,231,1.4297730922698975,w0.100_null,0.1,False,800
True,4,4,0.1263242350737693,0.06383124946789172,0.016269036105248033,0.04728900848707742,,0.1533399273103358,12.620163335187799,0.12560409053898836,,False,1.0,1.0,9.560084606798609e-07,8.487888959614582e-07,True,0.10680917422438559,7.679912251440088e-05,0.15907169565185816,0.004171911966465187,0.1419926340843632,4.660456278852567,0.09727355262542436,False,False,False,232,1.418593168258667,w0.100_null,0.1,False,800
True,4,4,0.11359499222983228,0.051615289038782625,-0.0010032553751113948,0.06146154298588411,,0.15818658802443863,7.177067290412431,0.5176546754455192,,False,1.0,1.0,9.314736659324671e-07,8.590354677977627e-07,True,0.19422261021883763,-3.8679887813312105e-05,0.4773560991867315,-0.002143710023988435,0.519686868210578,1.1521948267775737,0.5620876876633565,False,False,False,233,1.4920899868011475,w0.100_null,0.1,False,800
True,4,4,0.1520319877928793,0.09245490124901679,0.03152376611553462,0.0841716775497409,,0.2061394280698235,12.568439691093957,0.12758618668746077,,False,1.0,1.0,9.984680745284705e-07,9.964331888546147e-07,True,0.06267052225285465,-5.604513944486041e-05,0.5949876522893931,-0.002377788957792027,0.5655973685433981,3.5631466291175284,0.16837303502349865,False,False,False,234,1.5092790126800537,w0.100_null,0.1,False,800
True,4,4,0.12753713318607868,0.06506288136529427,0.00029371797298134716,0.07930654093633167,,0.18079088021321893,7.259544103825224,0.5089063471047103,,False,1.0,1.0,9.595967570561374e-07,9.454163180256648e-07,True,0.12680035475776613,4.829887330603483e-05,0.2033393829494229,0.002987655702549578,0.17620397292749165,0.047190952776301254,0.9766807202695703,False,False,False,235,1.4973115921020508,w0.100_null,0.1,False,800
True,4,4,0.1666454256882448,0.11108279161126527,0.04890198916232233,0.07568188265162659,,0.20819918848086683,18.70656825729194,0.016510187963731746,,True,1.0,1.0,7.871781290075879e-07,7.485128154709805e-07,True,0.02735395923687132,-3.737236578315988e-05,0.47014561524756604,-0.0010627893862348125,0.4017002072763125,1.753789903973328,0.41607283413666274,False,False,False,236,1.4422237873077393,w0.100_null,0.1,False,800
True,4,4,0.07214720698709785,0.020820877904156564,-0.03266704282404483,0.040512152625501056,,0.09215410782708248,3.933214108042398,0.8630982577513133,,False,1.0,1.0,7.541240948991457e-07,9.171623640475871e-07,True,0.15013634774998094,0.00021226557954545178,0.053861080618577535,0.009278570585291543,0.058122953460025016,8.531491659662164,0.014041390738645175,False,False,True,237,1.441788911819458,w0.100_null,0.1,False,800
True,4,4,0.08364814012641414,0.027988045386432864,-0.03469997114495152,0.047936452120992824,,0.1050576936609703,6.09285330319677,0.6368316136964256,,False,1.0,1.0,8.203212973882185e-07,9.683404582134713e-07,True,0.12420358841095021,-6.928133001235004e-05,0.7365311318849238,-0.002919469056335913,0.6573925583843807,1.841987455993864,0.39812321825876273,False,False,False,238,1.5190718173980713,w0.100_null,0.1,False,800
True,4,4,0.09970032282902347,0.039760617488845997,-0.009063713249858954,0.04948998888279971,,0.13448055106761922,6.161390580592252,0.6291592217923092,,False,1.0,1.0,8.184775788252501e-07,9.613575706144352e-07,True,0.004760321154482576,-0.00010617148382799897,1.0,-0.005132097134363262,1.0,6.516203289877934,0.03846134204213674,False,False,True,239,1.4982960224151611,w0.100_null,0.1,False,800
True,4,4,0.10905948498339023,0.04757588505936927,-0.0035017693686343054,0.0450880937390771,,0.1329111969986113,11.169674801658411,0.1922693022324161,,False,1.0,1.0,9.745698346956015e-07,8.619480082224585e-07,True,0.05739773304699914,-2.8055828691610292e-05,0.4233903654007415,-0.0015233321025774744,0.44775425081505404,4.562877101045484,0.10213717150064772,False,False,False,240,1.4142940044403076,w0.100_null,0.1,False,800
True,4,4,0.06488024004649405,0.016837782193962758,-0.029914832642299632,0.033752193614358036,,0.08000403965089121,4.782123267413186,0.7805890574103851,,False,1.0,1.0,7.727949992323384e-07,8.965860122702445e-07,True,0.12235429156224752,0.00013751187351812027,0.09663905618407942,0.005841247652547186,0.1033067761608498,0.1770819264824403,0.9152656177218059,False,False,False,241,1.4028809070587158,w0.100_null,0.1,False,800
True,4,4,0.07880197246387917,0.02483900345679188,-0.020982690402115596,0.03618701037134234,,0.09815758357829182,4.55666594688946,0.803737448117873,,False,1.0,1.0,9.818581741238152e-07,9.40226027774586e-07,True,0.05634795678632129,-9.663931881765172e-05,1.0,-0.0046876467468702195,1.0,0.4854917699616377,0.7844708342664148,False,False,False,242,1.431046962738037,w0.100_null,0.1,False,800
True,4,4,0.09126334308763608,0.03331599116612628,-0.014136965717459746,0.040493925825171743,,0.11453123487238959,5.619774027988187,0.6897369694331805,,False,1.0,1.0,9.122724065125211e-07,8.774486722243883e-07,True,0.03591497947219935,9.092765676319074e-05,0.1412880828384429,0.004481580574951888,0.13481675091561723,1.2659362972740056,0.5310133331011873,False,False,False,243,1.4474759101867676,w0.100_null,0.1,False,800
True,4,4,0.08167972734511868,0.02668631143669171,-0.036250520935438776,0.05941772400279626,,0.12397876622204525,3.0103404248722265,0.9337069520102743,,False,1.0,1.0,8.476332667631694e-07,9.851441496033965e-07,True,0.11259593316793921,-7.020564982678695e-05,0.7501944944295783,-0.0025319275747295584,0.5860493096490511,0.16738101568149985,0.9197158568984425,False,False,False,244,1.4491231441497803,w0.100_null,0.1,False,800
True,4,4,0.1211852406039523,0.05874345016095124,0.012122990237086718,0.05132403013087534,,0.15535725550133123,8.15992559513359,0.4180062003007302,,False,1.0,1.0,8.808112754546203e-07,9.867891836401566e-07,True,0.15318795996469736,0.0006432054263876262,0.0023768806051058114,0.02908477451598516,0.0026422895804307698,0.4704429395869182,0.7903957814528254,True,True,False,245,1.6959400177001953,w0.100_null,0.1,False,800
True,4,4,0.09612394142098159,0.036959248457217195,-0.01075153788066257,0.0430994051477998,,0.12261797889802586,7.324276185767394,0.5020837391699065,,False,1.0,1.0,9.90966906314653e-07,9.760612408792548e-07,True,0.060032451542826146,-9.855448384835863e-05,1.0,-0.002695555345682192,0.6091635434747265,0.4703008337250357,0.7904519433849126,False,False,False,246,2.043109893798828,w0.100_null,0.1,False,800
True,4,4,0.09631689859444363,0.03710777981940935,-0.01030603438525897,0.05347005860700518,,0.13932371069543517,5.101520371123537,0.74667244844284,,False,1.0,1.0,7.920874786127201e-07,9.116540120767238e-07,True,0.10642417952378942,-6.249264175252967e-05,0.6546448328857029,-0.003121184430625763,0.7181468387232679,4.11864807694142,0.1275401530001752,False,False,False,247,2.082489013671875,w0.100_null,0.1,False,800
True,4,4,0.12569490271713507,0.0631968342762802,0.012944816564155054,0.060323189452990804,,0.16745718372556292,9.201444791056804,0.32558849853015076,,False,1.0,1.0,9.122922797356e-07,7.444150934004151e-07,True,0.14363496649537688,-9.99488930182573e-07,0.3204260798456731,-0.000764495641650026,0.3743596371982164,1.5020860090514807,0.4718741291333637,False,False,False,248,2.3571839332580566,w0.100_null,0.1,False,800
True,4,4,0.13443484193357508,0.07229090690282128,0.009152017901805004,0.06443599620097182,,0.1696612801725874,16.557563474646614,0.03506041638465322,,True,1.0,1.0,8.162650192533297e-07,9.461267623797317e-07,True,0.09456288745817139,-7.847793787728725e-05,1.0,-0.003016674360514027,0.6707576546976631,0.4760170947899477,0.7881959540428423,False,False,False,249,2.4015607833862305,w0.100_null,0.1,False,800
True,4,4,0.07520989033507447,0.022626110416855715,-0.03365072788736397,0.049708065112102406,,0.10967196918654465,2.7285168909551203,0.9502230702618394,,False,1.0,1.0,9.829411466113135e-07,7.768399207707171e-07,True,0.08168221137209741,2.781338276744707e-05,0.24422995615840853,0.001776209049035458,0.22175140289652795,1.3820237236725967,0.5010688000701171,False,False,False,250,2.1646389961242676,w0.100_null,0.1,False,800
True,4,4,0.13325914833777017,0.07103200246283134,0.0260872684388625,0.05303678196802687,,0.16831890240018046,10.496129515499678,0.2319147549812102,,False,1.0,1.0,9.992031756912793e-07,8.234658354499425e-07,True,0.07209602366104252,-4.468951415513271e-05,0.5129846459760801,-0.0019315613523871308,0.49529077003839905,4.166076902136972,0.12455119396761308,False,False,False,251,2.1271486282348633,w0.100_null,0.1,False,800
True,4,4,0.08923708545427979,0.03185302968149774,-0.017648881925378557,0.04121499133658795,,0.11196399651158137,5.541190590641647,0.6984722740020844,,False,1.0,1.0,7.219197050116299e-07,7.312891245793918e-07,True,0.07967306358603875,-0.00010234801889948703,1.0,-0.005142496485970245,1.0,3.494144840060396,0.17428342597809948,False,False,False,252,1.8813340663909912,w0.100_null,0.1,False,800
True,4,4,0.07429108508985637,0.02207666129531311,-0.02562255076434907,0.040476724018494226,,0.1011876172569857,3.952214298513913,0.8614088974414102,,False,1.0,1.0,9.299901492929577e-07,8.491501737301699e-07,True,0.10192367002475378,-2.5738843241698726e-05,0.41286242399692863,-0.001367768219205947,0.43104747240008945,0.7521551518418592,0.686549071299944,False,False,False,253,1.6572668552398682,w0.100_null,0.1,False,800
True,4,4,0.08478132405078721,0.02875149163121836,-0.02200767316639849,0.044866385638826486,,0.11378814083619247,4.9875793310653975,0.7589028447641846,,False,1.0,1.0,8.454865249950515e-07,7.907506089499184e-07,True,0.075328722504209,-2.7997514849566768e-05,0.4231205121944046,-0.0014937356586315492,0.4485959705865675,1.054798227416745,0.5901378568436677,False,False,False,254,1.6102421283721924,w0.100_null,0.1,False,800
True,4,4,0.12085886353808103,0.05842745958286598,6.156456859843229e-05,0.06410350400623521,,0.16240570004894583,8.274743426707472,0.40710301900089696,,False,1.0,1.0,9.97859978218408e-07,8.731759891704665e-07,True,0.050026698036347406,0.00011039209933674466,0.12033011502718761,0.005804948918345285,0.10600445906931855,1.1750314141572975,0.5557061080754763,False,False,False,255,1.6961910724639893,w0.100_null,0.1,False,800
True,4,4,0.10065089599244144,0.040522411456325055,-0.010880288455083292,0.046063958978560623,,0.12736579362464825,9.918628719469588,0.2707836508602341,,False,1.0,1.0,7.822770557780661e-07,8.823951537228771e-07,True,0.06183801738680958,-8.488337063027317e-05,1.0,-0.003789962031553343,1.0,0.1664338311123938,0.9201515303899096,False,False,False,256,1.5663721561431885,w0.100_null,0.1,False,800
True,4,4,0.07400528729101874,0.021907130188104883,-0.02857824414423886,0.04323863900593985,,0.10312975813159689,2.8948580988839803,0.9407813624616914,,False,1.0,1.0,6.926197441590677e-07,9.021426991542766e-07,True,0.08263053069191806,1.1519528578930672e-05,0.2840835979468742,0.0001367843978721873,0.3082319718153208,4.403358925332638,0.11061722477251897,False,False,False,257,2.3150038719177246,w0.100_null,0.1,False,800
True,4,4,0.054609911111927444,0.011928969566610464,-0.04253014289070481,0.04102601109399588,,0.07898044102277103,2.8378621733483653,0.944116691989781,,False,1.0,1.0,9.486177511336924e-07,6.564361626481071e-07,True,0.04751700496748538,-9.897026138594785e-05,1.0,-0.005036035360880929,1.0,0.5412072626400541,0.7629188336136128,False,False,False,258,2.257905960083008,w0.100_null,0.1,False,800
True,4,4,0.08635446665321578,0.02982837564384542,-0.026891422435701667,0.045097088951762045,,0.10872751249287974,5.4433707825480955,0.7093056370493792,,False,1.0,1.0,7.908060666304528e-07,8.149497645905067e-07,True,0.022090493205695252,0.00016537907902803908,0.07748633495542585,0.006736048546019547,0.08904401857559908,1.8396358970391131,0.3985915986703361,False,False,False,259,2.4693727493286133,w0.100_null,0.1,False,800
True,4,4,0.0744515413829107,0.022172128057165057,-0.04987867340817296,0.05736997523362306,,0.10545916085500592,4.614113345107274,0.7979108366526172,,False,1.0,1.0,8.942936737001287e-07,8.309858077332184e-07,True,0.13746761614698774,3.199953652243903e-05,0.23512379202524916,0.0015386230818890964,0.23297291514557047,7.012005823126673,0.030016654193692024,False,False,True,260,2.3988149166107178,w0.100_null,0.1,False,800
True,4,4,0.2064407254711854,0.17047109253227732,0.12021477975046876,0.09767151058074883,,0.26498590442655745,15.536324216124443,0.04951849274978517,,True,1.0,1.0,8.529079937538963e-07,6.745487731072847e-07,True,0.10954277961524413,-1.4395038779686944e-05,0.36642761192052187,-0.00024682906955289215,0.33409548564819114,0.1914756698249691,0.9087022148393199,False,False,False,261,2.3593220710754395,w0.100_null,0.1,False,800
True,4,4,0.10215343686282556,0.04174129865154916,-0.022689199950844355,0.07334703760280549,,0.1564895690423776,4.141556671955048,0.8441311045962655,,False,1.0,1.0,9.485550352866168e-07,9.593245258772926e-07,True,0.2704014274985306,-7.362471782218595e-05,0.8103244232712996,-0.003620513996965826,0.8940900581786979,1.8939241363507577,0.38791770274831,False,False,False,262,2.3662118911743164,w0.100_null,0.1,False,800
True,4,4,0.07934469607863896,0.02518232318324634,-0.026784061734773337,0.047710003067968555,,0.11367927455503993,4.160950723804145,0.8423176736975047,,False,1.0,1.0,9.204175965282359e-07,9.073359433383887e-07,True,0.04648036408834989,0.00010205098207787349,0.12885437064361324,0.004193777134831633,0.1431211184204361,0.49255881716437894,0.78170377966439,False,False,False,263,2.2990880012512207,w0.100_null,0.1,False,800
True,4,4,0.05236321684991843,0.010967625915486326,-0.034409798383397756,0.03153868641142196,,0.06608086778658925,2.9411793169413025,0.937994404673791,,False,1.0,1.0,8.364100051626013e-07,9.81060123751937e-07,True,0.03158593159692669,4.807017819823905e-05,0.20374862345418707,0.002075639350465791,0.20878018575875626,3.1491427308087863,0.20709630229900314,False,False,False,264,2.322014808654785,w0.100_null,0.1,False,800
True,4,4,0.09055976331244366,0.032804282924823264,-0.029513360241410193,0.06511829087568134,,0.13928091818904628,3.7748933538644067,0.8768407762816426,,False,1.0,1.0,7.450828391510652e-07,9.157541096315778e-07,True,0.12557787586034894,-8.804839436037343e-05,1.0,-0.003979467600571629,1.0,0.05722936801538109,0.9717908388871503,False,False,False,265,2.2661149501800537,w0.100_null,0.1,False,800
True,4,4,0.08949743228513622,0.03203916154253017,-0.019578282535082363,0.0428984688850027,,0.11289754160418994,6.252503664430729,0.6189707147136589,,False,1.0,1.0,9.409213321019336e-07,9.860990954900507e-07,True,0.04410072791664629,-4.911713565207219e-05,0.5422961472712478,-0.0025182384524212466,0.5812624351170688,1.939095210576836,0.3792545720626897,False,False,False,266,2.3142940998077393,w0.100_null,0.1,False,800
True,4,4,0.09676489037612941,0.03745377603801737,-0.015920213651701404,0.04737059173565504,,0.12449646177254216,8.520929781688215,0.3843046567822292,,False,1.0,1.0,9.104633028494248e-07,8.851366238182867e-07,True,0.05440609653462946,-3.7590590291415856e-05,0.4713367349880365,-0.0016823679719772317,0.4654279735696716,5.353162335998351,0.06879796121401284,False,False,False,267,2.415411949157715,w0.100_null,0.1,False,800
True,4,4,0.08397090197261826,0.028204449512380266,-0.020914514560685552,0.041817551475761286,,0.10939519716885458,5.566692163365335,0.6956403901699559,,False,1.0,1.0,8.035940352657935e-07,8.314367399982939e-07,True,0.1001147532969934,0.00023916040158221874,0.04387792629700015,0.010454711804908527,0.04924696892403687,0.4931560426598921,0.7814703877994399,True,True,False,268,2.2833220958709717,w0.100_null,0.1,False,800
True,4,4,0.06937276737088563,0.01925032341078006,-0.022577702711023464,0.031834569874666915,,0.08629238814890117,3.6179105579381168,0.8898484701512563,,False,1.0,1.0,9.100942521514906e-07,9.27860675029305e-07,True,0.06983492143655584,8.848128026204722e-06,0.291375251645727,0.0008107557156668445,0.26877767866706553,9.389803531509903,0.009141765358201052,False,False,True,269,1.821824073791504,w0.100_null,0.1,False,800
True,4,4,0.15001872723217569,0.09002247408144773,0.03833075481127026,0.06819833048568835,,0.19397617512383442,15.292252872801193,0.053705779361388935,,False,1.0,1.0,9.209817376581616e-07,9.288066082615888e-07,True,0.14976806764729703,-5.6144021114944865e-05,0.5958134745316643,-0.002344220717347007,0.5515355393952641,0.8489153188413054,0.6541244471789918,False,False,False,270,1.760241985321045,w0.100_null,0.1,False,800
True,4,4,0.09248117794598765,0.03421107309710973,-0.028946625697375494,0.057417566851058234,,0.12796177885243337,6.076074697949524,0.6387106129956581,,False,1.0,1.0,9.97372908003683e-07,8.546533950284339e-07,True,0.060583517786839035,-9.807404748256374e-05,1.0,-0.004231570371864166,1.0,0.9651921678093034,0.6171790615911839,False,False,False,271,1.6247828006744385,w0.100_null,0.1,False,800
True,4,4,0.11356339099249635,0.0515865750948584,-0.011170604472191668,0.07792336340569682,,0.17102771884253612,6.36968162790558,0.6058959627033937,,False,1.0,1.0,9.998726440239058e-07,8.626676390708205e-07,True,0.11000523751297685,-0.00011394972887821716,1.0,-0.005418628695301836,1.0,4.32828802553528,0.11484820112765572,False,False,False,272,1.5734879970550537,w0.100_null,0.1,False,800
True,4,4,0.0838533417424819,0.028125531685525822,-0.027631626971613924,0.04645925705942592,,0.1104389543006153,7.4360676404103305,0.49039568107463316,,False,1.0,1.0,7.399372334156649e-07,9.688751954602117e-07,True,0.06878021066984655,-7.726356348929526e-05,0.9163705667463622,-0.0036327297342037008,1.0,2.611793439737577,0.27092947823877567,False,False,False,273,2.4403767585754395,w0.100_null,0.1,False,800
True,4,4,0.049256387426688496,0.009704766809312147,-0.040895784884493774,0.034320740270923786,,0.06236346933460858,2.315518577571608,0.9697792866857027,,False,1.0,1.0,8.767331624659579e-07,6.918138051133051e-07,True,0.056635382006211925,-1.743451288234342e-05,0.3781098674771499,-0.0008072588250652318,0.3794915516587669,4.161853929711449,0.12481445993988251,False,False,False,274,2.561208963394165,w0.100_null,0.1,False,800
True,4,4,0.040461799490844844,0.006548628872149328,-0.04604977805758083,0.036295850036777634,,0.05841999340700831,1.8159607722184072,0.9861433849640607,,False,1.0,1.0,9.20074424146246e-07,9.875455539629545e-07,True,0.03838402637710445,0.00038420516471582376,0.014988440659271117,0.01730783246562677,0.016244223083046183,8.514502278864382,0.014161176055022475,True,True,True,275,2.5424907207489014,w0.100_null,0.1,False,800
True,4,4,0.13012082046677134,0.06772571167578295,0.0174814386496664,0.05454145009446615,,0.16370258142187444,14.69500031316485,0.06535445019630555,,False,1.0,1.0,9.870684993056356e-07,8.95375577835064e-07,True,0.11123788146593161,5.6573595086844665e-05,0.1891607483455809,0.0029071910125152457,0.17941915501606576,3.775733018811616,0.15139446318719443,False,False,False,276,2.525926351547241,w0.100_null,0.1,False,800
True,4,4,0.07449145893382851,0.02219590981636104,-0.034707541253637904,0.045950269829136046,,0.10108650594195957,3.9334492440415767,0.8630774024014969,,False,1.0,1.0,8.629926888917427e-07,9.84363456661235e-07,True,0.06162483665770093,-8.650613310349028e-05,1.0,-0.0040061612019975336,1.0,0.5245394860152612,0.7693034814824264,False,False,False,277,1.6108250617980957,w0.100_null,0.1,False,800
True,4,4,0.09525574430157337,0.036294627289786906,-0.010160812465409584,0.04528711803673163,,0.12681666677874784,6.590950980137794,0.5813379194443682,,False,1.0,1.0,9.729973971649743e-07,9.852646541576854e-07,True,0.07450000024757075,0.000117398733290942,0.11365102895488821,0.005007429577574617,0.12342512244482516,0.20760021974822482,0.9014054614652662,False,False,False,278,1.500115156173706,w0.100_null,0.1,False,800
True,4,4,0.13826322098009144,0.07646687310315839,0.0268029721703315,0.061553749168417916,,0.17892028933470966,10.906863931206797,0.20703247256118745,,False,1.0,1.0,8.772791957018103e-07,8.63250663987334e-07,True,0.09131488433718803,-4.681501244991527e-05,0.5266929782386445,-0.0013102848304125296,0.4241211397631496,1.8167162511247004,0.4031856611173422,False,False,False,279,1.5158681869506836,w0.100_null,0.1,False,800
True,4,4,0.10860503117251011,0.04718021118392757,0.002287583053662126,0.037687657107708224,,0.12676579047457898,17.218171416138816,0.027915778785606776,,True,1.0,1.0,8.275597169714152e-07,9.23960536241033e-07,True,0.054240550248514256,4.049093138103995e-05,0.21787937186802364,0.003012952167124287,0.17555029019959636,0.6105135824725021,0.7369341118705666,False,False,False,280,1.4678778648376465,w0.100_null,0.1,False,800
True,4,4,0.10398222238725131,0.04324921029036716,-0.01589004303000153,0.06218334464164508,,0.14696296892396207,6.97502056978377,0.5393301555092165,,False,1.0,1.0,7.701300456490432e-07,9.75211762852918e-07,True,0.1230225572956756,-7.452924367308054e-05,0.8301291224875459,-0.0035889878643217774,1.0,0.42762909094819734,0.8074981253192417,False,False,False,281,1.5341601371765137,w0.100_null,0.1,False,800
True,4,4,0.09149757416462256,0.03348722431204243,-0.032555231564948495,0.06067482290407179,,0.12965914058932776,4.44160782977774,0.8152462377155228,,False,1.0,1.0,8.357451038349072e-07,9.931419877936233e-07,True,0.14197246318401602,-7.923053397347028e-05,1.0,-0.004135589648739671,1.0,4.38995664948336,0.11136097525665861,False,False,False,282,1.5128991603851318,w0.100_null,0.1,False,800
True,4,4,0.12301655915320675,0.06053229530357766,0.004333047429774958,0.05885565406188635,,0.1590141373275265,7.05680554399319,0.5305163801359576,,False,1.0,1.0,9.196962889714526e-07,8.192871118497853e-07,True,0.07261255800400723,5.515410810881507e-05,0.1915087420517099,0.002639683608361898,0.18815820314289589,0.2306897019924472,0.8910588083996288,False,False,False,283,1.564988136291504,w0.100_null,0.1,False,800
True,4,4,0.1796660021736582,0.1291194893482598,0.08075209148839162,0.09600794460205447,,0.2442698852617924,10.174207225636827,0.25301118562203767,,False,1.0,1.0,9.06630152908976e-07,9.847065055644465e-07,True,0.05188882518418425,-3.2333899448625155e-05,0.44392105877142585,-0.002040565603487657,0.5085020143114217,5.320188129265805,0.06994164240030143,False,False,False,284,1.512624740600586,w0.100_null,0.1,False,800
True,4,4,0.16546112132488763,0.10950953068035674,0.05526315749566916,0.08486896745128827,,0.22071485361408455,14.809889480297093,0.06294917445886478,,False,1.0,1.0,9.267889356121087e-07,9.612641006165047e-07,True,0.1523490029167044,0.00010397687435122662,0.12682820511383922,0.004564536577249716,0.13029526094317928,2.2273182976132517,0.3283552594008973,False,False,False,285,1.855259895324707,w0.100_null,0.1,False,800
True,4,4,0.1273818126521208,0.06490450477816001,-0.0018203065986068245,0.0792968185670576,,0.1793121252363673,8.951591423861952,0.34639611075381577,,False,1.0,1.0,8.040184977165316e-07,7.943109417001492e-07,True,0.25175783414318215,0.0002034912169109904,0.0576168938013975,0.009698216194765937,0.05540846653877534,9.250169119068882,0.009802826078364801,False,False,True,286,2.079909086227417,w0.100_null,0.1,False,800
True,4,4,0.12615249126593742,0.06365780421040966,0.01583676538889034,0.046830828647348215,,0.1523701280948992,16.90310322710507,0.031134022752767353,,True,1.0,1.0,9.104728200953287e-07,8.162715344716645e-07,True,0.05666748915963716,-2.1270225656833962e-05,0.39361636345418827,0.0006568413548888996,0.277252411111118,1.7208571814733489,0.4229807578289295,False,False,False,287,2.087459087371826,w0.100_null,0.1,False,800
True,4,4,0.07967349905800677,0.025391465808584823,-0.017561602225423054,0.03511208519351818,,0.10024050884618005,4.399000749732082,0.8194506583993144,,False,1.0,1.0,9.900129798125983e-07,9.618793693226514e-07,True,0.0977619684132146,0.00010038570617509054,0.13063544296546886,0.004746311856566169,0.1267710500102215,2.6667838598124605,0.263581692679337,False,False,False,288,2.1242549419403076,w0.100_null,0.1,False,800
True,4,4,0.09653417713600626,0.03727538942130333,-0.007913252101011584,0.0410004596782792,,0.12199026877940258,5.078962544612256,0.7491041388950761,,False,1.0,1.0,8.755414064342295e-07,9.599909245796569e-07,True,0.02484875434037543,0.00020227233787201222,0.05816022569248229,0.008777279576441373,0.06335244788995516,3.2214666998381607,0.19974108024639023,False,False,False,289,2.61995792388916,w0.100_null,0.1,False,800
True,4,4,0.08487443886806566,0.028814681492676058,-0.015175667889461984,0.04054273930599025,,0.11348039908343652,5.149304342354055,0.741505622014951,,False,1.0,1.0,8.205351050210311e-07,9.744576434796541e-07,True,0.1286867425394024,-8.912646425984038e-05,1.0,-0.004478053950572082,1.0,1.7820454559982408,0.4102359783101328,False,False,False,290,2.3274619579315186,w0.100_null,0.1,False,800
True,4,4,0.08502316051673064,0.028915751297014982,-0.014729078382455466,0.039737627588622565,,0.112509446806854,4.87546936793965,0.7707994822960763,,False,1.0,1.0,9.121101959200056e-07,7.735752297927959e-07,True,0.08092128191251294,0.00011311310797340448,0.11768612995169496,0.0050859434893058275,0.1207701481131409,1.0273383857828793,0.5982962819926982,False,False,False,291,2.3981268405914307,w0.100_null,0.1,False,800
True,4,4,0.15029102826519902,0.0903495727080434,0.04107176789399765,0.07412010890096125,,0.20185916987455751,9.04949182154861,0.3381381127756764,,False,1.0,1.0,8.527194266322158e-07,9.688041894331976e-07,True,0.049220374479724056,-4.691942946894591e-05,0.5273831019743878,-0.0024697121504252133,0.5723577267748498,0.596939493816695,0.7419527278744509,False,False,False,292,2.5000159740448,w0.100_null,0.1,False,800
True,4,4,0.10179609662803502,0.04144978115481696,-0.008208149403912512,0.0465846960370476,,0.13078308074160155,7.958282643804698,0.4375558017252169,,False,1.0,1.0,7.021171648472543e-07,9.250068173603491e-07,True,0.057028928643031204,-1.446330262197715e-05,0.3666844200261695,-0.0009232314155460388,0.38827360202044503,4.719940509772244,0.09442303177836428,False,False,False,293,1.7271549701690674,w0.100_null,0.1,False,800
True,4,4,0.11188647539040553,0.050074333501151286,0.0001379453628145566,0.05431854724735489,,0.1495693859161703,8.369709535325223,0.3982138003322436,,False,1.0,1.0,9.876840463250002e-07,9.59602128544972e-07,True,0.11981876126799078,-9.31993151596029e-05,1.0,-0.004715594210321429,1.0,3.3009255949223837,0.19196104897421776,False,False,False,294,1.7522778511047363,w0.100_null,0.1,False,800
True,4,4,0.10899899702592672,0.04752312541063193,-0.005721149766558062,0.04934801407501615,,0.13734000706966684,8.76363538667147,0.3626262066517564,,False,1.0,1.0,9.652892202000274e-07,7.793725936420867e-07,True,0.09692083296155775,2.4127931570636933e-05,0.25260523583298816,0.000802085572481346,0.26860573154523126,1.0528189951192644,0.5907221558649711,False,False,False,295,1.5661320686340332,w0.100_null,0.1,False,800
True,4,4,0.04827593706217151,0.009322264396922979,-0.05222464027148464,0.04636991871591786,,0.07753561876621252,2.1115450843810897,0.9773998540716193,,False,1.0,1.0,9.22055253477624e-07,8.147564665601649e-07,True,0.08139569020194702,-8.871368956662335e-05,1.0,-0.004481449893234104,1.0,0.4340518252767337,0.804909111716035,False,False,False,296,1.540532112121582,w0.100_null,0.1,False,800
True,4,4,0.11516542540278217,0.05305230083281514,-0.03045694018698538,0.10482951932576882,,0.1883960422139919,8.095383196298652,0.4242087420333851,,False,1.0,1.0,7.878360833698054e-07,9.371085172802998e-07,True,0.06782327388400768,4.2947286353282477e-05,0.21317600373221185,0.0016302688034136722,0.22827774572775156,3.5940808909904147,0.16578882392896419,False,False,False,297,1.5994551181793213,w0.100_null,0.1,False,800
True,4,4,0.09517075282815647,0.03622988877551221,-0.019141985031584242,0.05090637382591338,,0.1270743370934085,6.3729284762668,0.6055342492655273,,False,1.0,1.0,8.122963957052832e-07,7.959747449519237e-07,True,0.09259088338040715,-0.00010638410827952336,1.0,-0.005172134834220909,1.0,4.706976765247128,0.09503705767787869,False,False,False,298,1.5999338626861572,w0.100_null,0.1,False,800
True,4,4,0.13520962339403408,0.07312656903342613,0.02001885292104283,0.0700864221975934,,0.18391625721561872,9.894545687524971,0.2725056151382161,,False,1.0,1.0,9.86916632238337e-07,9.94016709072542e-07,True,0.1415743403101883,3.0431636157423008e-05,0.23848534178384947,0.0017642565698809713,0.22209124517996026,2.363278417485248,0.3067754572107147,False,False,False,299,1.5785009860992432,w0.100_null,0.1,False,800
True,4,4,0.1641358525908557,0.10776231242290844,0.04458742176237444,0.10255567705952302,,0.23090934321622564,9.799554860823147,0.2793774114798175,,False,1.0,1.0,9.814881612266607e-07,9.054225552754076e-07,True,0.11187258045294964,-8.134431332861286e-05,1.0,-0.0037790182186911766,1.0,2.3609026465817555,0.3071400878401212,False,False,False,300,1.6326370239257812,w0.100_null,0.1,False,800
True,4,4,0.12394181471347113,0.06144629373787363,0.007851817693217737,0.07817593385440465,,0.18468878284424423,4.408968663315713,0.8184699111689262,,False,1.0,1.0,9.581093405996908e-07,7.858771726373739e-07,True,0.09553854225482362,2.841097745037018e-05,0.24290408911236366,0.0011650195254330968,0.25015703731130823,0.7519646169832089,0.6866144801806907,False,False,False,301,1.733055830001831,w0.100_null,0.1,False,800
True,4,4,0.08308448927763627,0.027612129434102625,-0.02019423944788303,0.03993886672735551,,0.10665288362831447,6.3368856900165165,0.6095514401697308,,False,1.0,1.0,8.927359299578881e-07,9.071824396045816e-07,True,0.06450115364017005,-0.00010727612591245324,1.0,-0.004916449365794591,1.0,0.0850199408081698,0.9583809100283707,False,False,False,302,1.733759880065918,w0.100_null,0.1,False,800
True,4,4,0.0866943476412634,0.030063639651776924,-0.026242768703350825,0.05096130160526799,,0.11998032450806476,4.0950698538844,0.8484456146436989,,False,1.0,1.0,9.508877117036193e-07,8.886716158749051e-07,True,0.14161151859120594,0.0003201489213343353,0.023954742467746773,0.015398389998491519,0.02143341371022896,3.0089913103423496,0.22212929534732176,True,True,False,303,1.8099839687347412,w0.100_null,0.1,False,800
True,4,4,0.06280010338104625,0.015775411938680386,-0.03265470728672529,0.03283284530670286,,0.07305908122735584,3.2902437475581037,0.9148455641609217,,False,1.0,1.0,7.427537702332293e-07,8.950857001027751e-07,True,0.06819932225219354,0.00012231720818296714,0.1092069535985083,0.005530100460373464,0.11143747711217777,0.46884101043056003,0.7910291140811528,False,False,False,304,1.7469239234924316,w0.100_null,0.1,False,800
True,4,4,0.17440046641416534,0.12166209074191367,0.07933763974725519,0.07364194973359156,,0.2238681910535367,17.788647316280365,0.022868062678709965,,True,1.0,1.0,8.86790524538711e-07,8.934424128586868e-07,True,0.14054114553921213,-2.9053340332844217e-05,0.42804676337256353,-0.0004917675934707693,0.3525992300447457,2.8165950493558753,0.2445592850840844,False,False,False,305,1.6209521293640137,w0.100_null,0.1,False,800
True,4,4,0.08683003637274044,0.030157820865965707,-0.016099700373970408,0.0404465397003502,,0.11228194105664022,4.127393395361312,0.8454504646357494,,False,1.0,1.0,9.095097914233116e-07,9.220958642905658e-07,True,0.058743040738879086,-0.00011568758111426598,1.0,-0.005698213133352493,1.0,1.162252090108501,0.559268250614904,False,False,False,306,1.7570710182189941,w0.100_null,0.1,False,800
True,4,4,0.11640615677102434,0.05420157333680119,0.002030526286760828,0.060857493667550513,,0.15979064074047605,6.191809047820977,0.6257560680915226,,False,1.0,1.0,8.300120996434267e-07,8.305105311465012e-07,True,0.07245940736011439,0.0002024735952976803,0.05807013864430746,0.008618799371075632,0.06630541890295576,3.2935743932093953,0.19266791946130418,False,False,False,307,1.6974289417266846,w0.100_null,0.1,False,800
True,4,4,0.07669026687836838,0.02352558813550147,-0.022573567872227432,0.03491966664540106,,0.09335975104588277,5.2245658397112,0.7333267272981497,,False,1.0,1.0,8.138146061512083e-07,8.162264975827946e-07,True,0.054438919552601904,0.00030188223860370207,0.027421214410728836,0.014105313740222601,0.02588876787004589,2.960662184266817,0.2275623318115941,True,True,False,308,1.7473781108856201,w0.100_null,0.1,False,800
True,4,4,0.17123800095959094,0.11728981189054746,0.04216455956805473,0.1306688346395666,,0.25352300988000476,11.032039921222992,0.19989037386831982,,False,1.0,1.0,8.499772706651088e-07,9.568611175384622e-07,True,0.2327755470828238,-1.241768821905859e-05,0.3590956171116454,-0.0010951608121947363,0.4043569377153705,2.4476168022330826,0.2941079503085477,False,False,False,309,2.2053959369659424,w0.100_null,0.1,False,800
True,4,4,0.10049272848451456,0.04039515391304946,-0.009113463982567849,0.04615208988286262,,0.1292284493181059,6.558843937726604,0.5848882919289566,,False,1.0,1.0,9.32820297967476e-07,9.036750949906767e-07,True,0.17747029985842092,-5.431235256188143e-05,0.5808876117310392,-0.0023783880709966083,0.5588871779044704,1.0954323649542996,0.5782689642472243,False,False,False,310,2.400857925415039,w0.100_null,0.1,False,800
True,4,4,0.11963087580748899,0.05724618578586742,0.0013991002620068888,0.07004303253836923,,0.1707407657645235,6.655352336955321,0.5742321058974478,,False,1.0,1.0,9.448906693340654e-07,8.731964203846417e-07,True,0.07538766400359756,-9.512284421844828e-05,1.0,-0.004922744938375135,1.0,1.9376816673935155,0.37952271316632624,False,False,False,311,2.4084410667419434,w0.100_null,0.1,False,800
True,4,4,0.13078318996223642,0.06841697110679368,0.006281015769144964,0.06329834469375527,,0.1661306169996163,9.425908042650192,0.30764960587834306,,False,1.0,1.0,9.877458725334502e-07,8.40816675864697e-07,True,0.12418086402762042,-3.8220673217013186e-05,0.47480339131872495,-0.001810704966242215,0.479970402378054,3.7809026559378576,0.1510036412878441,False,False,False,312,2.427185297012329,w0.100_null,0.1,False,800
True,4,4,0.10862952413642032,0.047201494056420504,-0.0006582475233521609,0.04225097658077192,,0.131185388427763,10.818500173414153,0.21219682885168764,,False,1.0,1.0,8.289601171251351e-07,8.426593896798288e-07,True,0.10532405198650596,0.00028490065888908976,0.031112790358275497,0.012681304089644197,0.03397023246911509,1.9243064130883978,0.3820693254734235,True,True,False,313,2.243551015853882,w0.100_null,0.1,False,800
True,4,4,0.11459089971598455,0.052524297190875306,-0.006927954480353646,0.05488513528905067,,0.1443520517394571,11.423353849111958,0.17884547256094502,,False,1.0,1.0,9.346640122989992e-07,8.597757292186426e-07,True,0.15137201827686741,-8.651257763987962e-06,0.34567686180690405,-0.0005970540719625942,0.3604718522892183,0.05225493631412057,0.9742109008257436,False,False,False,314,2.084785223007202,w0.100_null,0.1,False,800
True,4,4,0.12398275843868334,0.061486897560259615,0.011681380273028244,0.049037227281522565,,0.15193785030620605,11.364412674270003,0.18189347006470546,,False,1.0,1.0,9.763633298447827e-07,9.757840798088938e-07,True,0.07033817224135774,-2.1620572621376934e-05,0.39507773550096903,-0.0006001002740958372,0.36125725052983315,0.617691064263049,0.7342941861242309,False,False,False,315,2.1012871265411377,w0.100_null,0.1,False,800
True,4,4,0.11600090408672323,0.05382483899574864,-0.013885422905727689,0.09075929153430845,,0.1839839170647978,3.904443990735502,0.8656402520379659,,False,1.0,1.0,7.675089230780106e-07,9.497846445276848e-07,True,0.06505121478719962,-5.118602094233191e-05,0.5570607628088315,-0.002760321967463924,0.6342955022010748,0.9527910504631513,0.6210178054536644,False,False,False,316,2.0485141277313232,w0.100_null,0.1,False,800
True,4,4,0.12334231565253269,0.060853307322116044,0.012163812836491296,0.062293858331941225,,0.16928385307715116,7.312355829120611,0.5033371667290308,,False,1.0,1.0,9.64943544285004e-07,8.186712874820866e-07,True,0.21801483507469593,-9.424282278229763e-05,1.0,-0.004660863780124292,1.0,1.9387494897520032,0.379320135830954,False,False,False,317,1.6865601539611816,w0.100_null,0.1,False,800
True,4,4,0.14318722027738312,0.08201032020305533,0.02995196499722841,0.07704535003351079,,0.19791430496530205,10.407428031430792,0.23758573220179682,,False,1.0,1.0,9.129782528590232e-07,9.501276138326802e-07,True,0.17379401037108497,-0.00010217787480848982,1.0,-0.004323424187692406,1.0,3.241199798696803,0.19778001538568074,False,False,False,318,1.6550710201263428,w0.100_null,0.1,False,800
True,4,4,0.11727252059754599,0.0550113763492074,0.005048798101151768,0.047795769985447635,,0.14462524305481184,10.883695219490644,0.2083766795056436,,False,1.0,1.0,9.427687940780256e-07,8.420298401933607e-07,True,0.12670586097367859,6.094684729637079e-06,0.2991427191290191,0.0008876252543208217,0.2641801716252788,7.810899222992381,0.02013190092205194,False,False,True,319,1.6949691772460938,w0.100_null,0.1,False,800
True,4,4,0.09032216746766832,0.032632375744230085,-0.04191884557997477,0.06190855142458976,,0.12238429205792038,6.301963991696143,0.6134473551421478,,False,1.0,1.0,8.371348521098117e-07,9.84993983162386e-07,True,0.11361626651692315,-6.674956023753076e-05,0.7027706539478868,-0.0024971562275195487,0.5812873309097393,5.7602332763772734,0.056128215758904115,False,False,False,320,1.7528808116912842,w0.100_null,0.1,False,800
True,4,4,0.07016846920450327,0.019694456282013294,-0.04152946598820135,0.05184877963932375,,0.10458750792344652,2.434204172239135,0.9647284900909768,,False,1.0,1.0,8.924505793402089e-07,7.651406449089151e-07,True,0.029170078835306132,7.856264046360493e-05,0.1567190890829679,0.0028582438536541217,0.18047137643202468,3.0075644256702483,0.22228782833604815,False,False,False,321,2.264143943786621,w0.100_null,0.1,False,800
True,4,4,0.07274326913690692,0.021166332818897897,-0.056876484795848135,0.07027524086836832,,0.12115692307022308,3.3508295299252477,0.9104534695371217,,False,1.0,1.0,9.416344699551317e-07,9.66188751011367e-07,True,0.1265320120478835,-2.319247041095795e-05,0.40173182812257036,-0.0015449175287856954,0.45137979998329536,2.0479920889471814,0.3591568619810475,False,False,False,322,2.5881400108337402,w0.100_null,0.1,False,800
True,4,4,0.05047380791045103,0.010190421139924435,-0.06615275810037229,0.069278867549037,,0.10931701429643954,2.5671928393829386,0.9585239332329669,,False,1.0,1.0,8.563754091419388e-07,9.483208112158463e-07,True,0.134757398097805,-8.135099422855182e-05,1.0,-0.003220416290692754,0.7540295551878674,2.8611345264314694,0.23917320959100566,False,False,False,323,2.8491499423980713,w0.100_null,0.1,False,800
True,4,4,0.097362162371902,0.037917562646930435,-0.01509244141581656,0.05788216674864323,,0.1415231875846668,6.7025628601172045,0.5690372462805227,,False,1.0,1.0,8.958595995723653e-07,9.995680831486268e-07,True,0.0464490494660345,-9.029057226027606e-05,1.0,-0.004383705173713986,1.0,0.8086125412316187,0.6674396728026433,False,False,False,324,2.861639976501465,w0.100_null,0.1,False,800
True,4,4,0.08888950842331142,0.031605378830951804,-0.02158353004749343,0.041776571094265316,,0.10855046572735753,6.535536710258601,0.5874686459437188,,False,1.0,1.0,9.424226533715035e-07,9.98749531767221e-07,True,0.004901663382899108,0.0004797569783977449,0.007534578421991498,0.021552456830929975,0.008288086729555964,0.39093161157983536,0.822451466161581,True,True,False,325,2.8118278980255127,w0.100_null,0.1,False,800
True,4,4,0.1527858066581501,0.09337401086472649,0.03751268156349652,0.09273064325713032,,0.21796847045761594,7.31625572796609,0.5029269436274073,,False,1.0,1.0,9.204344013582338e-07,9.056600261135018e-07,True,0.0477067267357958,-0.00011598983936526871,1.0,-0.005484247846413426,1.0,1.691896472011944,0.4291502295146037,False,False,False,326,2.515782117843628,w0.100_null,0.1,False,800
True,4,4,0.10650236136291523,0.04537101190350791,-0.0074216916953207535,0.04778149051489069,,0.13339027914286386,8.05256922958955,0.4283519238621127,,False,1.0,1.0,9.906275049434322e-07,7.801622576151108e-07,True,0.0912691977197681,0.0001270509883487022,0.10510952460002705,0.006089690187265957,0.09867287360022728,2.367499072444878,0.30612874316245464,False,False,False,327,2.241244077682495,w0.100_null,0.1,False,800
True,4,4,0.13271149999520526,0.07044936892390946,0.023492663423774165,0.050690744546606666,,0.16345604794877636,12.238461628852722,0.1408772325238324,,False,1.0,1.0,9.872752198007956e-07,9.79977890146172e-07,True,0.09667083887285628,-1.2997650321623566e-05,0.36122495067322513,-0.0006335877366622348,0.3635259846077965,5.286069531664513,0.07114503309326281,False,False,False,328,2.090057849884033,w0.100_null,0.1,False,800
True,4,4,0.06646913824277569,0.0176725853549489,-0.04133444984678991,0.0407455198976178,,0.08013420982768547,5.919903626683198,0.6562035521247381,,False,1.0,1.0,9.919507866275104e-07,9.357627182734938e-07,True,0.0717515795121221,-0.00010627890227590688,1.0,-0.005278402052305075,1.0,1.6783638967092618,0.4320638294246665,False,False,False,329,1.5362780094146729,w0.100_null,0.1,False,800
True,4,4,0.08738814950697234,0.030546754697011798,-0.018157416407708023,0.03826569205273346,,0.10581120681789657,7.691196470282806,0.46420128063040744,,False,1.0,1.0,9.201087899702322e-07,8.812189174065621e-07,True,0.05861323584193665,-0.00011301734114848201,1.0,-0.00553405542242276,1.0,0.11041530377164976,0.946288628932085,False,False,False,330,1.5673956871032715,w0.100_null,0.1,False,800
True,4,4,0.1407491619365971,0.07924130634341772,0.029955955748563926,0.07003774156163091,,0.1904978930196489,9.204982124336468,0.3253002475313286,,False,1.0,1.0,9.920007893151735e-07,9.520865009500717e-07,True,0.07002149089669081,0.0001572048482662554,0.08263893425953621,0.007281308112948708,0.08200084130333724,0.6275614295467475,0.7306792377552265,False,False,False,331,1.5435330867767334,w0.100_null,0.1,False,800
True,4,4,0.21541944061439083,0.18562214157846824,0.1411700753091316,0.09158475681289323,,0.27009886834559654,23.624626113361433,0.002648375832191233,,True,1.0,1.0,9.483411050348112e-07,9.68322397362406e-07,True,0.11137877807870303,3.537841427833717e-05,0.2280722039267322,0.0018071680378802574,0.21907084128943516,0.4156392876753853,0.8123535364667491,False,False,False,332,1.5576927661895752,w0.100_null,0.1,False,800
True,4,4,0.08457818789373188,0.028613879469549658,-0.03152142474520543,0.047652230727401754,,0.10823529900070694,6.170981165679107,0.628086089348757,,False,1.0,1.0,9.159926498166031e-07,9.431607836351349e-07,True,0.07965000035436252,-5.795108384126729e-05,0.6113414567441646,-0.002509991081633031,0.5788088225358934,0.3667454226379485,0.8324578314536453,False,False,False,333,1.5843579769134521,w0.100_null,0.1,False,800
True,4,4,0.07583268543400824,0.02300238472053298,-0.02497761677469401,0.03654348025765303,,0.09371640633919986,3.7891666678400715,0.8756269105251402,,False,1.0,1.0,8.525831825151935e-07,8.949527739989525e-07,True,0.032434128751517084,-0.00010445566094746251,1.0,-0.004943047464028722,1.0,1.3578822085219255,0.5071537310651386,False,False,False,334,2.3316919803619385,w0.100_null,0.1,False,800
True,4,4,0.09521222741523908,0.03626147299748481,-0.01443299196373219,0.050983569249182535,,0.13174550925052175,6.702833923300815,0.5690074559123053,,False,1.0,1.0,8.632919600325884e-07,9.72046933305347e-07,True,0.09541696984796309,-1.572112316477806e-05,0.3714614866296413,-0.00043652216107852493,0.34815148704592047,2.8989643609018834,0.23469178462852652,False,False,False,335,2.198007106781006,w0.100_null,0.1,False,800
True,4,4,0.08988579919577415,0.032317827588252135,-0.010447045427734156,0.037882121758812656,,0.11386779608812375,5.584072994429689,0.6937086715650513,,False,1.0,1.0,9.32844976028513e-07,7.404891440542526e-07,True,0.10405346689417037,-5.9102498210058675e-05,0.6216981535088949,-0.0031067880072374217,0.7051587294357119,4.804834888681989,0.09049891255267466,False,False,False,336,2.2456681728363037,w0.100_null,0.1,False,800
True,4,4,0.14115499203457554,0.07969892710512434,0.03804085603453872,0.05018553252203635,,0.17362942667064046,15.723439500024313,0.04651399601473973,,True,1.0,1.0,8.289237072803609e-07,8.161267907492239e-07,True,0.20004278833452732,2.1816077448943315e-05,0.25803931472664204,0.0011458619858430619,0.25206003428287443,0.07079583977779859,0.9652212590945655,False,False,False,337,2.9272279739379883,w0.100_null,0.1,False,800
True,4,4,0.11342719189677282,0.051462911446349305,-0.007251076406837947,0.06259556657688042,,0.15468473446677453,7.094197438084782,0.5265044725984781,,False,1.0,1.0,9.639347539220785e-07,9.684666966385225e-07,True,0.2082768582932729,2.5110017637049006e-05,0.25033947451939476,0.0009552934178203483,0.260839754574534,1.4817669822693629,0.4766925757588174,False,False,False,338,2.582165002822876,w0.100_null,0.1,False,800
True,4,4,0.11079726547931985,0.04910413615077953,-0.004168950018868918,0.0510685406137423,,0.14127218784386017,9.84029050022561,0.2764149098722467,,False,1.0,1.0,9.642419705648986e-07,9.811294114780852e-07,True,0.12185834109774528,-9.620606844111705e-05,1.0,-0.004539178036943695,1.0,0.28589559533792486,0.8667993166593307,False,False,False,339,2.546795129776001,w0.100_null,0.1,False,800
True,4,4,0.1183343219601109,0.056012047015036745,0.002352459334776992,0.06860172285812798,,0.16969992044273952,5.8909177370205565,0.6594493447886676,,False,1.0,1.0,9.492787663624401e-07,9.409472285525893e-07,True,0.10649236860514155,0.00010137942189283636,0.12956935135697295,0.006115728630244249,0.10076740616262805,3.0671375626773663,0.21576427614924665,False,False,False,340,2.4539740085601807,w0.100_null,0.1,False,800
True,4,4,0.12742816018057151,0.06495174402802156,0.012997134931952689,0.05485747881592159,,0.16064686265823466,13.340809279517929,0.10064904820186876,,False,1.0,1.0,9.427146625685549e-07,9.106010217853502e-07,True,0.04479764359292976,-0.00010752157193403778,1.0,-0.0044491919029763525,1.0,0.5220373863051494,0.7702665207709036,False,False,False,341,2.497530221939087,w0.100_null,0.1,False,800
True,4,4,0.06885459180983483,0.018963819253195895,-0.030372870903805173,0.036300078448559765,,0.08563796586638912,5.243721746152518,0.7312374896290204,,False,1.0,1.0,8.701217128824645e-07,9.749477243871907e-07,True,0.04760281696989675,-4.6921713936324766e-05,0.527398218767383,-0.002260482679005656,0.5395872501077044,2.274146062445217,0.32075649341333523,False,False,False,342,2.289372205734253,w0.100_null,0.1,False,800
True,4,4,0.11394458473318457,0.05193347356007152,0.0022007796273939423,0.050245744722665305,,0.1456431212530717,7.432877297655967,0.49072753074507414,,False,1.0,1.0,9.367993745259613e-07,9.723909733831579e-07,True,0.1407103000612808,-8.139905224188258e-05,1.0,-0.00420345177466752,1.0,0.9442193111326265,0.6236851186230292,False,False,False,343,2.3733839988708496,w0.100_null,0.1,False,800
True,4,4,0.0796497509602452,0.025376331312116317,-0.020747628194754678,0.034174991577205216,,0.0941610729707974,7.752965827887573,0.45796574587565,,False,1.0,1.0,9.230293486381825e-07,9.478203069159929e-07,True,0.03471962207752875,0.00016629823477104345,0.07692895729221715,0.007535379400314953,0.07950109656193481,1.4741598564644998,0.4785091585091624,False,False,False,344,2.3042821884155273,w0.100_null,0.1,False,800
True,4,4,0.10465141420432095,0.04380767397985739,-0.0023260147314832016,0.03873914110174128,,0.12388926710443966,11.07474238548253,0.1975000549785733,,False,1.0,1.0,7.829723530278137e-07,7.233020673066234e-07,True,0.04458763602223551,1.8762053685594606e-05,0.26544132099591483,0.0016618131055601377,0.2278752196881628,0.24969055162006484,0.8826334567668419,False,False,False,345,1.507195234298706,w0.100_null,0.1,False,800
True,4,4,0.16596764264838995,0.11018103362505467,0.05581923572260173,0.07154781003380033,,0.2082696032532911,14.701565724242997,0.0652147815382324,,False,1.0,1.0,7.593876216557982e-07,9.705419877695644e-07,True,0.21912044905075848,8.925696730299164e-05,0.14326926005838833,0.003909043297888997,0.1485337604555211,4.065920104878792,0.13094733592648178,False,False,False,346,1.580190896987915,w0.100_null,0.1,False,800
True,4,4,0.08440886532415678,0.02849942618124655,-0.01993840382336436,0.039730113230636493,,0.10655024287072361,5.223194467183115,0.7334761830592695,,False,1.0,1.0,9.656402383060124e-07,9.827325247256783e-07,True,0.1973801435222884,-7.64946323742152e-05,0.8851372021689298,-0.003674076061952393,1.0,2.406180478415352,0.30026488640803617,False,False,False,347,1.5708980560302734,w0.100_null,0.1,False,800
True,4,4,0.07839684963096868,0.024584264128242855,-0.027407891757417792,0.043934219537647985,,0.1058979090874375,2.55651870592635,0.9590432418118331,,False,1.0,1.0,8.633135619877606e-07,9.9243470095996e-07,True,0.0730286211149062,0.0001476993053996553,0.08910044216824564,0.006718299940917584,0.08991117395110607,1.993773862338232,0.3690264596406669,False,False,False,348,1.6017670631408691,w0.100_null,0.1,False,800
True,4,4,0.10171003402525315,0.041379724085672615,-0.019239600801091182,0.057309517378923425,,0.13695452412979045,9.066511656382142,0.33671623855959903,,False,1.0,1.0,8.649020339846955e-07,8.041088321712412e-07,True,0.09623336634853327,-2.2434918235714145e-05,0.39850491041046276,-0.001113628808665582,0.40568000772203283,1.439822762131765,0.48679539333744004,False,False,False,349,1.918281078338623,w0.100_null,0.1,False,800
True,4,4,0.09547347738849363,0.03646073953860482,-0.01045728458302686,0.03811191896476882,,0.1142707788065848,9.585205167793502,0.2953535922063162,,False,1.0,1.0,8.712505073960144e-07,9.092124297340919e-07,True,0.07555744060798708,7.460897962808617e-05,0.16204961372740362,0.003562181559886912,0.15863937637253223,4.005232493183751,0.13498167552726287,False,False,False,350,2.298247814178467,w0.100_null,0.1,False,800
True,4,4,0.07932654865100157,0.02517080528351888,-0.03251796152536274,0.04492426326930622,,0.1017053044969612,3.5797860954174174,0.8929100104328977,,False,1.0,1.0,9.140350077096457e-07,9.755415777689032e-07,True,0.17930388779057094,-5.8451451205734776e-05,0.6157954665398515,-0.0029782904717869647,0.68834024160651,0.34400192937196516,0.8419783609233857,False,False,False,351,2.413908004760742,w0.100_null,0.1,False,800
True,4,4,0.13964094589157766,0.07799837507797809,0.013599144007789304,0.060297060517542224,,0.1679129109796065,17.94116418672433,0.02167193840133632,,True,1.0,1.0,9.581358184530977e-07,9.359559152974619e-07,True,0.14265640685498104,4.423554542623051e-05,0.21075754267580313,0.0024779380499225846,0.19482612997831772,1.1085321294800397,0.5744937477236967,False,False,False,352,2.4335970878601074,w0.100_null,0.1,False,800
True,4,4,0.130932795696386,0.06857358795548622,0.016467438475542162,0.058580060365104485,,0.1679457228051078,12.235142056138974,0.1410167494777795,,False,1.0,1.0,9.989110701866655e-07,8.225061039325982e-07,True,0.12732721313249742,6.301600142056788e-05,0.178916051132121,0.0030331949393627316,0.17404168307149,1.4474415542111156,0.4849445244784185,False,False,False,353,2.299281120300293,w0.100_null,0.1,False,800
True,4,4,0.12966296848026398,0.06724994158045572,0.016609267195861588,0.06328488878090335,,0.1737121513009028,8.188415188822937,0.41528508380970874,,False,1.0,1.0,8.753070597048284e-07,8.976957808198982e-07,True,0.2455616057659113,-3.6521176198436644e-05,0.46554557494854176,-0.0011637719199750157,0.40922317186554613,8.38240235535052,0.015128102416161176,False,False,True,354,2.1331329345703125,w0.100_null,0.1,False,800
True,4,4,0.08805919363810985,0.031017686336776505,-0.020855635916023116,0.04466817281885354,,0.11469194626734182,4.675251737847056,0.7916544594238419,,False,1.0,1.0,8.204302073149442e-07,9.534988890331869e-07,True,0.10023626556057418,-9.433071314586452e-05,1.0,-0.004455306324972617,1.0,2.2138370374941885,0.33057605711183224,False,False,False,355,2.026616096496582,w0.100_null,0.1,False,800
True,4,4,0.12673025636779292,0.06424223151618606,0.008582329382793033,0.06213958623904091,,0.1664278020534304,9.710473229209676,0.28593776183969394,,False,1.0,1.0,7.463795529945343e-07,9.819747803231057e-07,True,0.15937129337682665,-2.1856747324192362e-05,0.396067283581501,-0.0010652106528154432,0.40160126824767084,0.45765800725104544,0.7954645434291122,False,False,False,356,2.0226831436157227,w0.100_null,0.1,False,800
True,4,4,0.12711712771451017,0.06463505663354835,0.01509651053172753,0.04743669702149754,,0.15258025239045175,16.658278193994512,0.0338707640833854,,True,1.0,1.0,9.034794787062176e-07,9.952161319077463e-07,True,0.0367566497448944,0.00035689016538291885,0.018289614317751196,0.017722966596359125,0.015069698248334313,0.20407503106322475,0.902995674670645,True,True,False,357,1.8987469673156738,w0.100_null,0.1,False,800
True,4,4,0.11943953156106525,0.057063206798106815,-0.0013420808589953426,0.06230157255941281,,0.15900855851976578,11.503613493543527,0.17476306879754225,,False,1.0,1.0,9.581498543953291e-07,9.330901835778575e-07,True,0.1541229105946714,1.5045890261257963e-05,0.2748082686306076,0.0007312939514684503,0.2729810490878943,3.8845301208366636,0.1433788200073968,False,False,False,358,2.1359198093414307,w0.100_null,0.1,False,800
True,4,4,0.16187605566229973,0.10481542958713586,0.05570216712442975,0.07127089981550094,,0.20792568695452918,11.672984478957634,0.1664016825582519,,False,1.0,1.0,8.839806257346618e-07,7.617871834004952e-07,True,0.07470273419617172,-6.0070407593153055e-05,0.6307102918305724,-0.003058063813791408,0.6814008592041298,0.11613938847595924,0.9435841827645284,False,False,False,359,2.0557329654693604,w0.100_null,0.1,False,800
True,4,4,0.06586103671937268,0.01735070463100223,-0.046614548086407706,0.04990673961088403,,0.09417368737056755,4.4062339278199225,0.8187391591923122,,False,1.0,1.0,7.739696224344831e-07,8.02697215306168e-07,True,0.030044007153343138,-3.7118840002695846e-05,0.4687678918579734,-0.0011314652572357155,0.4076914605716543,4.856019266115569,0.088212232681016,False,False,False,360,2.074946880340576,w0.100_null,0.1,False,800
True,4,4,0.12018607352827748,0.057778769080578087,0.008964364946942492,0.05300905546054515,,0.15504555949985468,9.450617697701363,0.3057186208377803,,False,1.0,1.0,8.61135182628254e-07,9.412051597325114e-07,True,0.12018751889279608,-0.00010628449603766858,1.0,-0.004633620831165008,1.0,7.4698870261208565,0.023874519629206246,False,False,True,361,2.0709760189056396,w0.100_null,0.1,False,800
True,4,4,0.08205606844832486,0.0269327934767847,-0.03688677531291432,0.048811435632861,,0.10416440325814934,5.307099543110135,0.724305045775247,,False,1.0,1.0,9.711128040063908e-07,8.813467006385123e-07,True,0.12763088823357818,2.1467313884818615e-05,0.25887156463935884,0.0008029017907036489,0.2688931536910981,3.182382754151772,0.20368280410165054,False,False,False,362,2.118206262588501,w0.100_null,0.1,False,800
True,4,4,0.10839821564353233,0.04700069261880695,0.0026897013452516494,0.045585728444661945,,0.13934808225687817,8.181181544415661,0.415975011330701,,False,1.0,1.0,8.085403491408756e-07,9.749464580299775e-07,True,0.14274924319095064,0.0003378952929244213,0.021020888029192827,0.01741420017815324,0.01662556366082256,0.5286784900897898,0.7677130526257326,True,True,False,363,2.097609281539917,w0.100_null,0.1,False,800
True,4,4,0.1349696603871167,0.07286723690005448,0.007493201475740591,0.08357333315287645,,0.1903674746566973,12.558838823015439,0.12795706046178937,,False,1.0,1.0,9.294741426360185e-07,9.855524387329833e-07,True,0.057667748739164845,-7.45983703168045e-05,0.8317452281706997,-0.002746844963607702,0.625799913101745,1.6502615570835766,0.4381776844790831,False,False,False,364,2.1805877685546875,w0.100_null,0.1,False,800
True,4,4,0.04940906845060381,0.009765024180625812,-0.034331767198537665,0.030323964945729965,,0.06234323645351507,2.389625944193687,0.9666792249573428,,False,1.0,1.0,9.113629606932957e-07,9.898100874352003e-07,True,0.06126929344484529,-2.7759398490367107e-05,0.4220212730915469,-0.0016442428834278573,0.45688839196891207,5.6228695440075995,0.06011867389329067,False,False,False,365,2.040867805480957,w0.100_null,0.1,False,800
True,4,4,0.09982215596032078,0.03985785128226642,-0.008387324976389415,0.04633735865092671,,0.13022177953777408,6.61092482587372,0.5791317875943656,,False,1.0,1.0,8.036027753312634e-07,9.72706031312271e-07,True,0.052209588164379823,-4.618843338552651e-05,0.5225852837370192,-0.001841852070302836,0.4853705300913379,0.023804799957895396,0.9881681533881292,False,False,False,366,2.2523839473724365,w0.100_null,0.1,False,800
True,4,4,0.157927337362309,0.09976417554539424,0.04971954228438894,0.06369887149826664,,0.1965291721990838,15.830140704294607,0.0448768595388434,,True,1.0,1.0,7.748172680445815e-07,9.361636387316323e-07,True,0.09959280451202766,6.985256917285614e-05,0.16873875742329814,0.004230797180494684,0.1382400529576166,0.4120137438754997,0.8138274836918977,False,False,False,367,2.3315892219543457,w0.100_null,0.1,False,800
True,4,4,0.131856562778379,0.06954461259091443,-0.0168696351001833,0.12796593308877277,,0.220008860086994,6.215793301729549,0.6230738784861608,,False,1.0,1.0,9.417800683287461e-07,9.332926106325641e-07,True,0.012702329087197197,0.0001561639274887064,0.0833211590660444,0.007870501856704352,0.07531114849263928,0.5705754282533332,0.7517979203176268,False,False,False,368,2.2827279567718506,w0.100_null,0.1,False,800
True,4,4,0.08514408878385452,0.028998063419331598,-0.027604372296094335,0.05462644521012184,,0.12474787997721688,4.536501804096126,0.8057702035448309,,False,1.0,1.0,7.213801080351068e-07,9.171099076983471e-07,True,0.16271525926829103,2.4465197621887035e-05,0.2518243039293076,0.0010314948462975889,0.2572489297022964,4.4939004870593315,0.10572115718746909,False,False,False,369,2.286435842514038,w0.100_null,0.1,False,800
True,4,4,0.10206379579056249,0.04166807364471056,-0.004531809520899294,0.04042511994322921,,0.12446043109927504,9.478521256769689,0.30354849054250566,,False,1.0,1.0,7.853380211030871e-07,8.441857908936736e-07,True,0.018897310386532525,-3.345603421798415e-05,0.44955929079466694,-0.0010585940198791263,0.3998718660106665,2.3182030641861218,0.31376796472331037,False,False,False,370,2.2000226974487305,w0.100_null,0.1,False,800
True,4,4,0.08888537309824816,0.031602438203259114,-0.011855395991444181,0.035150041068480985,,0.10719290618732655,7.638507704666784,0.4695537559159816,,False,1.0,1.0,7.46685460480192e-07,7.22295844198221e-07,True,0.056042253471159355,-8.27068571004078e-05,1.0,-0.00391446136117558,1.0,2.7698463595577265,0.2503430304599945,False,False,False,371,2.160106897354126,w0.100_null,0.1,False,800
True,4,4,0.08180412659306717,0.02676766051061824,-0.02306370605066825,0.03847517133437457,,0.10027751376337703,5.020968519730415,0.755332654487973,,False,1.0,1.0,8.727114679499269e-07,8.473030292609522e-07,True,0.07977983198156532,-5.5323026444484046e-05,0.5890276989341321,-0.0022537262212843465,0.5434913014443391,0.7424239921961522,0.6898976704406784,False,False,False,372,2.1627750396728516,w0.100_null,0.1,False,800
True,4,4,0.17947296493727377,0.1288421805735036,0.0768174700238316,0.09256804860421557,,0.23931065610953042,11.101981206549656,0.19598749555437447,,False,1.0,1.0,8.277921540790664e-07,7.202659468971254e-07,True,0.03703563265634139,0.00010001210707747672,0.1310387796933075,0.004275968223795599,0.13981549172643862,1.394556034719028,0.49793884168545766,False,False,False,373,2.6292600631713867,w0.100_null,0.1,False,800
True,4,4,0.11131324450468595,0.049562553608639995,-0.010316195697555472,0.061785994141803545,,0.1510899739074308,5.5702245476253225,0.6952479022935283,,False,1.0,1.0,8.643240908290269e-07,7.746874191066914e-07,True,0.15041337092444837,-9.0001769425127e-05,1.0,-0.004284390596354451,1.0,1.5319528585074105,0.46487978706714894,False,False,False,374,2.6960740089416504,w0.100_null,0.1,False,800
True,4,4,0.12888064968670196,0.06644088745466556,0.02581955438731183,0.05084531505960654,,0.1654181483971725,10.705350056463184,0.21895978643955444,,False,1.0,1.0,9.401545652331692e-07,8.798630404879555e-07,True,0.21065919796794735,-6.543719185080056e-05,0.6869528389710331,-0.003108563203616092,0.6903882391019946,1.3850422188887763,0.5003131335694921,False,False,False,375,2.652777910232544,w0.100_null,0.1,False,800
True,4,4,0.08529901267028442,0.02910368625010137,-0.028355245239330865,0.04749910702021348,,0.11155025013399053,5.5384857711591895,0.6987724650254052,,False,1.0,1.0,7.461656090311008e-07,8.855243190432485e-07,True,0.20450533538541726,-8.12594203001583e-05,1.0,-0.0032825846314117764,0.7565085866899125,3.4093488706821966,0.18183157447455686,False,False,False,376,2.84554123878479,w0.100_null,0.1,False,800
True,4,4,0.10215141854731098,0.041739649244911636,-0.004036356168987357,0.051388334608863544,,0.1418537384027979,4.018906104635983,0.8554136666693628,,False,1.0,1.0,7.770086270329172e-07,9.089827418615577e-07,True,0.1860765759788069,-5.0275225607020176e-05,0.550469296878847,-0.0028983565449049887,0.6568038108793426,1.2653527226522805,0.5311682986610775,False,False,False,377,2.2315330505371094,w0.100_null,0.1,False,800
True,4,4,0.19024712890268494,0.14477588022285928,0.09151183216620754,0.09973850052739233,,0.25276820730928073,15.548244964809447,0.049321879462941816,,True,1.0,1.0,8.961940518210213e-07,8.657745181403267e-07,True,0.25662273518358564,-2.1469993435517237e-05,0.39444868239272957,-4.240552964420119e-05,0.32020580681911714,0.24323647003522653,0.8854863516649012,False,False,False,378,1.8875586986541748,w0.100_null,0.1,False,800
True,4,4,0.11463397127308118,0.052563789479350406,0.0142101887030354,0.03651850465237625,,0.1362697541013235,13.006905475944828,0.11161223683584338,,False,1.0,1.0,8.630131661095391e-07,9.255587260976174e-07,True,0.050877146208469795,-7.320788702058032e-05,0.8019095508036153,-0.002962350985316849,0.6778951986216611,0.18976500662159207,0.9094797890546902,False,False,False,379,1.8141989707946777,w0.100_null,0.1,False,800
True,4,4,0.09766455488744046,0.03815346112544748,-0.015151599345302406,0.046998070729010605,,0.12465286574426648,7.4171519965298,0.49236471679217786,,False,1.0,1.0,9.389291593744169e-07,9.843247431772502e-07,True,0.12053643286781329,-4.838340530785716e-05,0.5372329019327335,-0.0017207463245546167,0.4692288146272693,0.25501137714811617,0.8802884082341754,False,False,False,380,1.7346739768981934,w0.100_null,0.1,False,800
True,4,4,0.09638484438284586,0.037160152906821654,-0.015107339097598427,0.04540302091117762,,0.12203891236272307,5.91316996188637,0.6569576422576882,,False,1.0,1.0,8.460282148526075e-07,9.435743156730518e-07,True,0.08838483076153822,-9.89074213859249e-05,1.0,-0.004513126959117088,1.0,3.03145555092112,0.21964827204216542,False,False,False,381,1.5688481330871582,w0.100_null,0.1,False,800
True,4,4,0.13227447749372376,0.06998614958495053,0.004822472502624103,0.08403107368762822,,0.18910399839396957,6.059674361653121,0.6405474418261776,,False,1.0,1.0,9.607141745090098e-07,9.966907686592926e-07,True,0.09941045534574866,-5.5433983770904253e-05,0.5899354999260414,-0.0026057440841699715,0.6002765825075524,0.3753511879994336,0.8288835584217416,False,False,False,382,1.5786359310150146,w0.100_null,0.1,False,800
True,4,4,0.08836445795120311,0.03123310971603977,-0.025602531468280544,0.044450741833868566,,0.10898673366268219,5.90232625961898,0.6581719279459826,,False,1.0,1.0,8.146409683155927e-07,9.84644432438075e-07,True,0.05990913496873173,-8.015621407509276e-05,1.0,-0.0030654797070846303,0.7027808956971323,1.0946749249753474,0.5784880077387347,False,False,False,383,1.6253767013549805,w0.100_null,0.1,False,800
True,4,4,0.10097300684821622,0.04078219244787968,-0.009013213985837404,0.05115803201711876,,0.1370531471047089,5.120702056365484,0.7446008903937952,,False,1.0,1.0,9.51233081508591e-07,9.016578356456163e-07,True,0.23327699217731487,0.000159287062696615,0.08129226673313646,0.0070417830730475466,0.084841841051206,1.4526281072035787,0.4836885584785392,False,False,False,384,1.5872437953948975,w0.100_null,0.1,False,800
True,4,4,0.10173392531399011,0.041399166239170074,-0.019897284716532022,0.055305966913009444,,0.13329753894238788,6.636270404875681,0.5763352794360056,,False,1.0,1.0,9.328333375535667e-07,9.54883170367791e-07,True,0.13633203252933337,-9.159379147521058e-05,1.0,-0.004525510869719753,1.0,2.4619396608403967,0.29200924086396657,False,False,False,385,1.6865317821502686,w0.100_null,0.1,False,800
True,4,4,0.07600088673274323,0.023104539136653064,-0.02983370263592048,0.04250936431317113,,0.10010991388718767,5.011613757157977,0.7563341195101732,,False,1.0,1.0,9.628664278221986e-07,9.361257187100789e-07,True,0.03134738886112829,-0.00010880577685360079,1.0,-0.005125607068539473,1.0,1.5791089314643727,0.4540470437418873,False,False,False,386,1.67368483543396,w0.100_null,0.1,False,800
True,4,4,0.1399167897836161,0.07830683225341048,0.03811238766892335,0.046110052267933,,0.16878734726035813,18.76820223306347,0.01614968258079335,,True,1.0,1.0,7.47640994941321e-07,9.898776035629248e-07,True,0.14943490366146123,-8.206542805932462e-05,1.0,-0.002692041967331339,0.6045916269039717,0.9119257839249345,0.633837357122593,False,False,False,387,1.6709189414978027,w0.100_null,0.1,False,800
True,4,4,0.12622411764665672,0.06373011150270816,0.017431668639039145,0.05698962339889103,,0.16671177026930606,8.908679765635526,0.35005815478255853,,False,1.0,1.0,8.443378593743288e-07,8.513145200229412e-07,True,0.108891062418705,7.453988652946494e-05,0.16214458784837782,0.0033389619984842234,0.16605616314245467,0.6836854499991857,0.7104599335092054,False,False,False,388,1.735534906387329,w0.100_null,0.1,False,800
True,4,4,0.10295439524577486,0.042398430001692924,-0.009822184087427792,0.05593808772749294,,0.14334205802543493,5.078156160239681,0.7491909743960337,,False,1.0,1.0,9.771216119270416e-07,9.73918539440914e-07,True,0.06614912317186132,-8.62664489427702e-05,1.0,-0.004248216929260774,1.0,1.5738745151683073,0.45523693578272295,False,False,False,389,1.6163179874420166,w0.100_null,0.1,False,800
True,4,4,0.12211136542894051,0.05964474226768098,0.0071528210939723336,0.05055712475604599,,0.15025968447756757,10.963281163017285,0.20378843256152968,,False,1.0,1.0,8.257668523729279e-07,8.30367777999e-07,True,0.03840053859407138,-2.2860924253028703e-05,0.40031490640951617,-0.0010976976362329183,0.40455266259594214,4.759118098956023,0.09259139673477455,False,False,False,390,1.7540178298950195,w0.100_null,0.1,False,800
True,4,4,0.0648752139191661,0.016835173524230255,-0.0243666324206499,0.02797487369173885,,0.07356619474105627,5.360955674219587,0.7183914043394729,,False,1.0,1.0,9.959651057839127e-07,9.729785260786352e-07,True,0.029842009501262257,-7.553119848677224e-05,0.8554175480705901,-0.00278599222599032,0.6346769725257941,0.7336666066644089,0.6929251437299928,False,False,False,391,1.6910960674285889,w0.100_null,0.1,False,800
True,4,4,0.10879382143645103,0.04734438233098556,-0.0024094294598623472,0.05641871873347681,,0.15032556725059443,6.711431943807245,0.5680627372624885,,False,1.0,1.0,8.914963780182908e-07,8.652701299026595e-07,True,0.12065950406843591,-0.00010032190032557324,1.0,-0.00513519250060728,1.0,0.40338263419914533,0.8173471901070236,False,False,False,392,1.7388176918029785,w0.100_null,0.1,False,800
True,4,4,0.09207510082528116,0.03391129676794276,-0.021084710689358965,0.04467497029131687,,0.11445422253925676,8.150964965423718,0.41886418165672096,,False,1.0,1.0,9.285835408665123e-07,8.620860967867903e-07,True,0.008624000408537601,-8.74160478035496e-05,1.0,-0.004265317660603371,1.0,2.531070050677406,0.2820883313541046,False,False,False,393,2.0720691680908203,w0.100_null,0.1,False,800
True,4,4,0.13986322156952882,0.07824688299122845,0.030331184818495477,0.06789222369509924,,0.18841706080208084,10.012833338693754,0.2641263381154831,,False,1.0,1.0,7.857193725510574e-07,8.555016387327264e-07,True,0.09393530676175903,7.995585918072773e-05,0.15488841709812473,0.003899934904470039,0.14877315758075743,0.1251060459014093,0.9393632536814801,False,False,False,394,2.842789888381958,w0.100_null,0.1,False,800
True,4,4,0.10884035983132073,0.0473848957128455,-0.006882956473240269,0.07034640013885902,,0.16494436557377576,4.894046334232549,0.7688382895196266,,False,1.0,1.0,7.900925403776252e-07,7.968929484239447e-07,True,0.048682553699412864,-8.413789427520591e-05,1.0,-0.004115172511316901,1.0,2.2912092482743533,0.31803157008358884,False,False,False,395,2.9240689277648926,w0.100_null,0.1,False,800
True,4,4,0.16324775236479125,0.10659931460862482,0.05713127455117459,0.06372339060304381,,0.20121314861747763,20.11540416411811,0.00990814612378455,,True,1.0,1.0,9.744820775587769e-07,7.464842607490165e-07,True,0.18246914755356625,-2.4579706145657738e-05,0.40774035522351215,-0.0010436672848862269,0.39812376282225614,0.6211469438233329,0.7330264655775087,False,False,False,396,2.7933249473571777,w0.100_null,0.1,False,800
True,4,4,0.15310163932890666,0.09376044786079447,0.04619147374294155,0.06352790127015158,,0.19409119799707905,14.379642143463615,0.07239126974523245,,False,1.0,1.0,8.109202756055423e-07,9.367720377241714e-07,True,0.23914654793236034,-2.6757941052247864e-05,0.41744450985935455,-0.0012155102488491303,0.4141366731055772,3.394252191941563,0.18320929411305367,False,False,False,397,2.3688182830810547,w0.100_null,0.1,False,800
True,4,4,0.07801327217049536,0.024344282538991145,-0.046913878368976654,0.06239005087033832,,0.11801337116062968,4.4310549711542935,0.8162905573951648,,False,1.0,1.0,9.716223272817815e-07,7.918077199226027e-07,True,0.0626157174867794,3.5421852190153905e-05,0.22798322306321664,0.0009209936175012882,0.2625908075940086,0.6966607075718918,0.705865652302697,False,False,False,398,1.7241230010986328,w0.100_null,0.1,False,800
True,4,4,0.07433452151321197,0.022102484354392694,-0.02255618181988909,0.033517606242625245,,0.09024324680415752,4.549689379582573,0.8044414993664379,,False,1.0,1.0,8.755171591747316e-07,8.782310325411394e-07,True,0.10436800107040282,-6.239930641154605e-05,0.6536825061107303,-0.002511581492130382,0.5768614860548961,0.574910370150754,0.7501701848379686,False,False,False,399,1.6442158222198486,w0.100_null,0.1,False,800
True,4,4,0.07205462600100053,0.020767476512576245,-0.03185409036010076,0.04039912667986595,,0.09300075226167355,2.9641157945473933,0.9365892300114648,,False,1.0,1.0,9.559730319547382e-07,7.440147343744e-07,True,0.048983005424922524,7.029848516060116e-05,0.1680983998497907,0.0023319609414984535,0.19803049719293242,3.192736609219253,0.20263107768956296,False,False,False,400,1.8637590408325195,w0.100_null,0.1,False,800
True,4,4,0.1669260610919019,0.11145723948662946,0.05277267767783298,0.10056174123542261,,0.233549792593289,11.530795176142126,0.17339811597853444,,False,1.0,1.0,9.319060102728194e-07,9.031325563884414e-07,True,0.20390937454086963,-9.731614010193547e-05,1.0,-0.0039045793585613625,1.0,3.6971507305125857,0.15746133148259056,False,False,False,401,1.9035539627075195,w0.100_null,0.1,False,800
True,4,4,0.11649115348690814,0.054280755362841555,0.005939007096207413,0.049028188521372536,,0.1471251175092543,8.076259149048377,0.4260565933320099,,False,1.0,1.0,8.290719494081381e-07,8.408885849769026e-07,True,0.22538225159365563,-3.0407005927227325e-05,0.4344903942461402,-0.0011682689968056713,0.4116672276527692,0.8554806900849136,0.6519806828386594,False,False,False,402,2.458658218383789,w0.100_null,0.1,False,800
True,4,4,0.0771345235298488,0.023798938880707197,-0.01730957166474879,0.032974140312149604,,0.09608337866574171,6.669731462384858,0.5726485687200088,,False,1.0,1.0,9.277921688337702e-07,8.420804450851491e-07,True,0.07041286500484636,-8.8148215712427e-05,1.0,-0.004574337280372897,1.0,2.133068958433499,0.3441992826837993,False,False,False,403,2.3979079723358154,w0.100_null,0.1,False,800
True,4,4,0.10035131287697516,0.04028154398453024,-0.013695318954413352,0.052368424269908426,,0.1345762550040673,5.888066278827395,0.6597686031888073,,False,1.0,1.0,9.758770788668962e-07,8.509568671852823e-07,True,0.01711670139416877,-1.765081967080675e-05,0.3789610541768581,-0.0007969260327213202,0.3773046351982411,0.828918406039073,0.6606974873142886,False,False,False,404,2.3789970874786377,w0.100_null,0.1,False,800
True,4,4,0.09189509539960676,0.03377883423401131,-0.022724050522147543,0.05308360571417336,,0.12707351304311257,5.555661594504709,0.6968656617963725,,False,1.0,1.0,9.271777529794448e-07,9.7777341928823e-07,True,0.06351096604443844,-5.2086221710860175e-06,0.3339992132049206,-0.0006797081484066655,0.3674689216282653,1.046656397181827,0.5925451545943328,False,False,False,405,2.245534896850586,w0.100_null,0.1,False,800
True,4,4,0.09041088738468517,0.0326965142307449,-0.018064999001863334,0.03991087903484699,,0.10906712971081871,7.554686871289646,0.4781310975165741,,False,1.0,1.0,9.06228543581999e-07,9.142244125228696e-07,True,0.09137776436674819,4.558247587978253e-05,0.20826363045713578,0.0016265368850216367,0.23008599143825728,3.51977054182899,0.17206460350527897,False,False,False,406,2.1052980422973633,w0.100_null,0.1,False,800
True,4,4,0.12947744820475113,0.06705763837445605,0.024820593652098766,0.04400579262509539,,0.1558875245636748,13.645536541731694,0.09148517845809273,,False,1.0,1.0,9.361345050943988e-07,7.917489853103533e-07,True,0.08174773218627591,-9.189250404480129e-05,1.0,-0.00438222777015167,1.0,1.392994515450291,0.4983277640411109,False,False,False,407,2.089185953140259,w0.100_null,0.1,False,800
True,4,4,0.05005194609122603,0.010020789230075986,-0.05314304401990749,0.043070945312864636,,0.06652510164251238,2.37197989037322,0.967433556368903,,False,1.0,1.0,9.233433964134052e-07,9.548879930918157e-07,True,0.10601406518854346,-7.029761424391723e-05,0.7516011011094683,-0.0033941731710172315,0.8064385822875688,0.206826624325812,0.9017541904740733,False,False,False,408,2.2037510871887207,w0.100_null,0.1,False,800
True,4,4,0.09471737718199519,0.035885526160945376,-0.013874468409524436,0.044178136792490275,,0.1212354116229675,6.404859961549031,0.6019788130780435,,False,1.0,1.0,9.723206519175665e-07,8.424434768853998e-07,True,0.1457312218134844,-0.00011550068954863902,1.0,-0.0051516974252668836,1.0,3.0646391635175716,0.21603397721252426,False,False,False,409,2.158501148223877,w0.100_null,0.1,False,800
True,4,4,0.12251815101864696,0.06004278931611194,0.020017352173696573,0.045342755136942234,,0.15378519712302327,10.447881702212761,0.2349861073379354,,False,1.0,1.0,8.341696508047339e-07,9.219364634172759e-07,True,0.12547082933530188,1.0443231497664362e-06,0.31409747878791716,0.00012280534592468834,0.30928140452506153,5.363351304511599,0.06844836235278462,False,False,False,410,1.9677278995513916,w0.100_null,0.1,False,800
True,4,4,0.1642180238385374,0.10787023741373776,0.05263478473198961,0.07996335618054892,,0.2145709679621045,12.33188147637524,0.1369990550034341,,False,1.0,1.0,9.429698387906887e-07,9.05684316865572e-07,True,0.13434715857867424,-9.195799750705832e-05,1.0,-0.00419256391257475,1.0,0.5821738528046865,0.7474507019936127,False,False,False,411,1.9573500156402588,w0.100_null,0.1,False,800
True,4,4,0.0647822463091101,0.016786957747416835,-0.032890848832142154,0.038906387258357336,,0.08818228756579385,4.089528032608484,0.848956886448253,,False,1.0,1.0,8.630153257040352e-07,9.099106486370109e-07,True,0.12261390762236618,-8.266772687785526e-05,1.0,-0.0036982139549250033,1.0,3.965606160698357,0.1376827600614066,False,False,False,412,1.980675220489502,w0.100_null,0.1,False,800
True,4,4,0.16791968577728988,0.11278808348617508,0.06606235961884688,0.07446832953908873,,0.21711279416137275,14.235695928412438,0.07582519569291658,,False,1.0,1.0,6.742445562459549e-07,7.258135999059684e-07,True,0.29825608705110407,-3.869268345061836e-05,0.47742754821012023,-0.0021662118396523255,0.5262291469974819,2.727929983801808,0.2556451338905052,False,False,False,413,1.8385491371154785,w0.100_null,0.1,False,800
True,4,4,0.10884186771702335,0.047386208672520046,-0.01673886662107505,0.060641618092522026,,0.14405530087662152,10.852381195807647,0.21020459889804838,,False,1.0,1.0,8.402335294691534e-07,9.549718631140857e-07,True,0.12719417663769753,-2.462589201162867e-05,0.40794265389844653,-0.0009940869093229986,0.3944482779498274,4.003277205936018,0.13511370402957668,False,False,False,414,1.974236249923706,w0.100_null,0.1,False,800
True,4,4,0.11003065570547596,0.04842698077990795,0.00313096860197698,0.04201333688478281,,0.1343844839976383,9.296108665801809,0.3179357243878036,,False,1.0,1.0,8.869066927822645e-07,9.341481689012625e-07,True,0.024269461799130306,-8.091713604223588e-05,1.0,-0.0029657141285992913,0.6709785459538732,2.9795061598783934,0.22542831144024436,False,False,False,415,1.9125111103057861,w0.100_null,0.1,False,800
True,4,4,0.11698167768020272,0.05473885165149935,0.00576853252164905,0.049804599652823016,,0.14806232547432602,11.312175524740304,0.1846304631110617,,False,1.0,1.0,8.571919380465537e-07,9.459286446481807e-07,True,0.037179521414282456,3.687063184558201e-06,0.3061541256631973,0.0009005562611481868,0.26371223822016565,0.5863944225057579,0.7458750312424758,False,False,False,416,1.9518201351165771,w0.100_null,0.1,False,800
True,4,4,0.04798488977280905,0.009210198586034538,-0.034452551979193564,0.03111729157335856,,0.06467387016050558,2.25726836268417,0.9720913538038166,,False,1.0,1.0,9.254350608892121e-07,9.77634813536822e-07,True,0.1340827328051837,-6.557327543562636e-05,0.688547691198327,-0.003528739671175386,0.8532373441871658,1.3457729946212353,0.5102336620471659,False,False,False,417,1.8842120170593262,w0.100_null,0.1,False,800
True,4,4,0.19867664535124976,0.15788963763210512,0.10796216761361316,0.10363272591927838,,0.2638289373404697,13.284824145545196,0.10241823319597314,,False,1.0,1.0,8.169242837604211e-07,8.613288737147726e-07,True,0.1071303287992449,-7.133324241580678e-05,0.7681110928194086,-0.003576177867030803,0.934410125901568,4.460195314737803,0.10751792970495638,False,False,False,418,1.972609043121338,w0.100_null,0.1,False,800
True,4,4,0.09223727579273124,0.034030860182657455,-0.02372532410564354,0.04963633931401673,,0.12033202882401137,6.371150171758252,0.6057323561079152,,False,1.0,1.0,9.751793720254996e-07,9.829327553323637e-07,True,0.11676516709038756,-6.409150570324311e-06,0.3380104244676009,-0.0005796380270938658,0.359197686196865,1.455220412903883,0.48306203030073724,False,False,False,419,1.994873046875,w0.100_null,0.1,False,800
True,4,4,0.15164259095606397,0.09198190156747255,0.04811078764392124,0.0626878200346416,,0.1944370565206017,12.427191764506434,0.13313710017193475,,False,1.0,1.0,8.907351374592743e-07,9.62724964423385e-07,True,0.21410737807873717,-5.816186946254818e-05,0.6132092119566559,-0.003084913123232441,0.7090431419902576,6.832200878764007,0.03284024810765958,False,False,True,420,1.9580750465393066,w0.100_null,0.1,False,800
True,4,4,0.11014875104451156,0.048530989426663146,-0.0032703354925617267,0.05000756438176813,,0.1405211622459397,6.507148452416889,0.5906148435751053,,False,1.0,1.0,9.82993936818835e-07,9.558212995665914e-07,True,0.052826375648157654,-5.696749115392451e-05,0.6027848413974957,-0.0032512532716604623,0.7378166074227687,7.880627223833003,0.019442116509776203,False,False,True,421,1.9506628513336182,w0.100_null,0.1,False,800
True,4,4,0.1678684680075999,0.1127192902048744,0.06453612050775928,0.06370752110481234,,0.20574600097030885,20.407104431164118,0.008900823610034003,,True,1.0,1.0,9.95389169386776e-07,8.761126005697952e-07,True,0.21799631814822662,7.493831969926068e-05,0.16159778007773815,0.004870463876865141,0.12533085063483895,12.028059558402713,0.002444218646283914,False,False,True,422,1.937922716140747,w0.100_null,0.1,False,800
True,4,4,0.12854223236769755,0.0660924220082846,0.011589789209892586,0.06623811333327469,,0.17359564378790737,8.751183198889661,0.36371878871207647,,False,1.0,1.0,8.763456671434469e-07,9.73091774657093e-07,True,0.07036543931204775,-6.368405760945847e-05,0.6672429598352492,-0.0026368887828244997,0.6063963185686597,0.05406932664549745,0.9733275021742331,False,False,False,423,1.9382379055023193,w0.100_null,0.1,False,800
True,4,4,0.057867621936049225,0.013394646674134102,-0.0664057673242997,0.07026807445976803,,0.11087710517702226,2.7784327555521235,0.9474833951597605,,False,1.0,1.0,8.003143043108991e-07,9.841352693913059e-07,True,0.10115714640300888,8.492817862151654e-05,0.14854969802093562,0.0031359682466657927,0.17350923720131625,0.7783197271886468,0.6776259336373225,False,False,False,424,2.0049819946289062,w0.100_null,0.1,False,800
True,4,4,0.09076334343867033,0.03295193804866409,-0.017961456164395075,0.04240528089746008,,0.1137860095988168,6.404287943796479,0.6020424740763559,,False,1.0,1.0,8.349777707131127e-07,9.890932862629082e-07,True,0.04243571533974383,-7.357532536210335e-05,0.8093063195479668,-0.0030417064277947583,0.7001570653983747,0.49397157265948644,0.7811517964865252,False,False,False,425,1.9599099159240723,w0.100_null,0.1,False,800
True,4,4,0.1337720311676768,0.07157982529090356,0.01309941458104967,0.0742829640041116,,0.18390487849967324,9.437841463880206,0.30671595989810957,,False,1.0,1.0,9.513691591356158e-07,9.099077057698262e-07,True,0.08456597353883735,0.00026857882643057095,0.03515133154879591,0.01197782472604925,0.037710692726578184,1.0925882930677646,0.579091868460272,True,True,False,426,1.8849420547485352,w0.100_null,0.1,False,800
True,4,4,0.1254975389700732,0.06299852915018017,0.014395811779691584,0.06264643711699569,,0.17134762260326905,7.618231501213872,0.4716216623146706,,False,1.0,1.0,9.711298189319834e-07,9.572860094707255e-07,True,0.18124060320722454,-4.2032287166536264e-05,0.4966969358143144,-0.0017558176896180172,0.4751212915889267,5.315955099271266,0.07008983170249611,False,False,False,427,1.8099589347839355,w0.100_null,0.1,False,800
True,4,4,0.11404171385485955,0.052022049995814654,-0.0007590333275431516,0.05940463081258718,,0.155686294453184,7.12387732457165,0.5233282224834661,,False,1.0,1.0,9.060874871856569e-07,9.6637196757572e-07,True,0.1194652397700867,-8.679322691162088e-05,1.0,-0.004025671467874056,1.0,0.7196916060117413,0.6977839139580377,False,False,False,428,2.211031675338745,w0.100_null,0.1,False,800
True,4,4,0.1634711350650448,0.10689124799781646,0.048136119591235066,0.07128649463534134,,0.20334205716282167,16.258125813733386,0.038831070602783374,,True,1.0,1.0,8.994590104946746e-07,8.434395200858908e-07,True,0.15014649236364522,-2.933229573923204e-05,0.42936273636084266,-0.0013741508623460392,0.4294476414856998,2.054413197776737,0.35800561838620487,False,False,False,429,2.1850080490112305,w0.100_null,0.1,False,800
True,4,4,0.10446986010889832,0.04365580668469114,-0.020102387090014898,0.061900088414329715,,0.1429284767347922,6.617316371710167,0.5784262617707487,,False,1.0,1.0,9.9815158737289e-07,9.912842698542547e-07,True,0.025687037768645445,-6.68518747535121e-05,0.7040470119634242,-0.0030610993036361174,0.6937069834273287,2.270309604811353,0.3213723682678176,False,False,False,430,2.3871827125549316,w0.100_null,0.1,False,800
True,4,4,0.12821860385007444,0.0657600414930493,0.02170712887098203,0.051700925133733956,,0.16336124318052833,9.68736246834481,0.2876581230639862,,False,1.0,1.0,8.067532748271611e-07,9.276600964447986e-07,True,0.15171739745589918,4.97350333427105e-05,0.20079144131246815,0.002520722357131699,0.19304857249395277,0.03790243579572391,0.9812272274021427,False,False,False,431,2.411163330078125,w0.100_null,0.1,False,800
True,4,4,0.18054301193210012,0.1303831166300578,0.06883617720635897,0.08020693765447412,,0.22403395362868064,18.82438838561678,0.015827562864982943,,True,1.0,1.0,9.429566754338686e-07,9.979009783760735e-07,True,0.13279766045212266,-5.930881421001083e-05,0.6235949066198733,-0.0026647178623332105,0.6132405903749738,8.988728514756575,0.01117178073512741,False,False,True,432,2.335832118988037,w0.100_null,0.1,False,800
True,4,4,0.13117883082908305,0.06883154263074076,0.01187387316027369,0.06386643443090774,,0.17097134955483817,10.711630370238655,0.21857996825561718,,False,1.0,1.0,9.213437325641924e-07,9.131561548249661e-07,True,0.04026219116004391,-4.2589130405152444e-05,0.5000364174576484,-0.0015067651730726382,0.4448292170193414,2.7069546579279833,0.2583403625066304,False,False,False,433,2.3845551013946533,w0.100_null,0.1,False,800
True,4,4,0.08121811427945612,0.026385528348443175,-0.01796141448023892,0.03468304138983809,,0.09885230389771435,6.1692530031288015,0.6282794506976359,,False,1.0,1.0,7.921104955494036e-07,9.700590658760033e-07,True,0.052089488167350054,3.716743385151831e-05,0.22444173499297296,0.0011677976806277728,0.25025307275146513,2.4586933318606596,0.29248360477562974,False,False,False,434,2.543442964553833,w0.100_null,0.1,False,800
True,4,4,0.096230134395662,0.03704095506322868,-0.004996995071571898,0.037551132113353564,,0.11913135689356896,7.305659936212405,0.5040418299781487,,False,1.0,1.0,9.505257299413381e-07,9.863707947811259e-07,True,0.0826830559014241,-7.667194708139655e-05,0.8915221212711156,-0.0038212935926142965,1.0,0.7865781206747756,0.6748336517472026,False,False,False,435,2.5301880836486816,w0.100_null,0.1,False,800
True,4,4,0.1292825343095965,0.06685589471004796,0.003439763845034985,0.07886114812123662,,0.182451917883732,8.345740856702868,0.4004462409452574,,False,1.0,1.0,7.834511259239444e-07,7.930840021649949e-07,True,0.08212592062533751,-4.266944060623151e-05,0.5005211901003245,-0.002063294017535938,0.5106805398695871,0.1816174552716162,0.9131923626578735,False,False,False,436,2.3973467350006104,w0.100_null,0.1,False,800
True,4,4,0.1012920539714166,0.0410403207909935,-0.003699033696574136,0.05222896060381064,,0.14336139785914245,4.9727932795809515,0.7604800332486594,,False,1.0,1.0,8.443178670732492e-07,8.956678957512958e-07,True,0.09588932257806985,0.0001014415166306075,0.1295030566832798,0.004163922899418918,0.1439522432889378,2.3319457084772335,0.3116193543097916,False,False,False,437,2.596752882003784,w0.100_null,0.1,False,800
True,4,4,0.1677653316914198,0.11258082607012843,0.06974278722597296,0.06510143249721875,,0.2102528921256255,16.650543723757355,0.033960773486161014,,True,1.0,1.0,8.802500658328494e-07,6.818640490658244e-07,True,0.17598946059210993,-4.2315106282738534e-05,0.4983883172210729,-0.0021660200527420076,0.5289423581516397,0.09921041312337087,0.9516050377757881,False,False,False,438,2.0686190128326416,w0.100_null,0.1,False,800
True,4,4,0.0848345876326967,0.02878762903523879,-0.024625883464735186,0.05141935389937422,,0.12242490278957935,4.149245251924173,0.8434131251371103,,False,1.0,1.0,9.69493112314753e-07,9.286276169951725e-07,True,0.11946728394779686,-2.9836935289835784e-05,0.43175897318288425,-0.001896735587692508,0.4896941796534148,1.4435494480995616,0.48588917112027963,False,False,False,439,2.0725948810577393,w0.100_null,0.1,False,800
True,4,4,0.13209448554147327,0.06979581244186595,0.01792156291803993,0.05972838056429937,,0.17041567293031293,13.593936274578713,0.0929827984603846,,False,1.0,1.0,9.34760736408718e-07,8.605877626921216e-07,True,0.09684278989301236,-1.0002318527079596e-05,0.3504104169493749,-0.0002895858732229829,0.3374868861677799,10.014855621966284,0.006688084217274827,False,False,True,440,1.9090180397033691,w0.100_null,0.1,False,800
True,4,4,0.12645327821616487,0.06396172628645917,0.009324996224220908,0.06843936231164127,,0.17456927675622788,10.195802037965247,0.2515513083381541,,False,1.0,1.0,9.925412182387032e-07,9.640481430035586e-07,True,0.12441311567213041,-4.173111899431932e-05,0.49490643764671194,-0.0015078964112772847,0.44648352655390466,4.807091237085035,0.09039687158508336,False,False,False,441,1.625664234161377,w0.100_null,0.1,False,800
True,4,4,0.10621263654348201,0.04512449664607124,-0.005365030558153967,0.05055932423602229,,0.13946115703636153,6.980892391359152,0.5386956398355701,,False,1.0,1.0,8.308771712005161e-07,9.525487809874108e-07,True,0.09540223569381859,1.3268357866693764e-06,0.313235602018949,-0.0002332186055516405,0.3335259740909708,0.6461001541830478,0.7239376007706941,False,False,False,442,1.793313980102539,w0.100_null,0.1,False,800
True,4,4,0.12743388727497945,0.06495758250404869,0.01962453699035454,0.05798360168642735,,0.16955756730973706,8.955407309513575,0.34607171522951796,,False,1.0,1.0,9.532305554069164e-07,9.737902098520585e-07,True,0.10399606109349277,5.018351909906277e-05,0.20000347434928842,0.0020688083713286307,0.20942032087882914,1.1700188730710002,0.5571006046877363,False,False,False,443,1.7359602451324463,w0.100_null,0.1,False,800
True,4,4,0.13226066210404827,0.06997153096080491,-0.03061799281883082,0.1280121727791687,,0.21209861731687651,6.362768076127342,0.6066662765108758,,False,1.0,1.0,9.524181685034385e-07,8.841711267810077e-07,True,0.1411783601074688,-8.30433897692647e-05,1.0,-0.004036077375787376,1.0,2.8613081676149736,0.23915244533281338,False,False,False,444,1.9532859325408936,w0.100_null,0.1,False,800
True,4,4,0.1418734926052172,0.08051235161601049,0.028058408389448994,0.061518215448991,,0.17975460230151544,12.84776469261842,0.11719599758495798,,False,1.0,1.0,9.347560493950184e-07,8.734656949123915e-07,True,0.19310287889743105,0.00011041102896104044,0.1203114956962225,0.005219226313048517,0.11767201647534477,1.050242566386645,0.591483622993797,False,False,False,445,1.917191982269287,w0.100_null,0.1,False,800
True,4,4,0.08370356047792295,0.028025144146725217,-0.027845096945585478,0.04680166103348601,,0.11083409330244165,4.735329053539663,0.7854536249072736,,False,1.0,1.0,9.993307018429166e-07,9.559173413865021e-07,True,0.08416599928827054,8.103954332477206e-06,0.29344884548250194,-8.293168501414667e-05,0.32289225934530935,0.10704026879860268,0.9478868556792233,False,False,False,446,1.7238271236419678,w0.100_null,0.1,False,800
True,4,4,0.09773054586023618,0.038205038376558906,-0.006007755550511029,0.03908480424854201,,0.12070731800142814,6.7309643021794106,0.565918200594659,,False,1.0,1.0,8.146395126020445e-07,8.724687611365425e-07,True,0.053109665751128986,-3.0363301890418714e-05,0.4342800629282483,-0.001514846883884631,0.44599540726853426,5.018929366406206,0.08131175514076848,False,False,False,447,1.7000000476837158,w0.100_null,0.1,False,800
True,4,4,0.08883973339768067,0.031569992920683916,-0.01592776508904655,0.03523310584459401,,0.1025006546908348,12.25421598731768,0.1402167066722085,,False,1.0,1.0,8.801946349695099e-07,6.86955744437852e-07,True,0.06854334265504329,-2.01075266823899e-06,0.32361945278662696,-0.0004001317066926359,0.34568800448482906,1.7739446422994862,0.4119009705983324,False,False,False,448,1.702082872390747,w0.100_null,0.1,False,800
True,4,4,0.10078821099153996,0.04063305389950071,-0.008402837705838322,0.05492829410869797,,0.14313120386651432,5.3330168954282655,0.721461689035209,,False,1.0,1.0,8.139250073674535e-07,9.930578112125704e-07,True,0.03183286922202037,-7.625615748162297e-05,0.8770856226311966,-0.0032966133819969574,0.7806698035770636,2.8959848471357805,0.2350416788940554,False,False,False,449,1.8502731323242188,w0.100_null,0.1,False,800
True,4,4,0.09898756796461786,0.03919415444619936,-0.017991179224747654,0.06289827574597161,,0.14617393557420516,4.903385383076621,0.7678507935026251,,False,1.0,1.0,9.81055894104858e-07,7.269761244387479e-07,True,0.04069258312823169,-3.9458472481811956e-05,0.4817356604548082,-0.0021870780521199254,0.5339740295030326,1.041182067528859,0.594169270071472,False,False,False,450,2.4776010513305664,w0.100_null,0.1,False,800
True,4,4,0.15551224403349562,0.09673623217733399,0.04526254902146906,0.08086557877641835,,0.2111128783183245,9.29019861435798,0.3184097771757603,,False,1.0,1.0,8.763585177181722e-07,9.455087612824393e-07,True,0.1034232008458802,7.425234494394786e-05,0.16254052002192654,0.005197709665708431,0.11745347216581516,0.8573070260352649,0.651385586711374,False,False,False,451,2.4196619987487793,w0.100_null,0.1,False,800
True,4,4,0.14749556864634203,0.08701977108123118,0.031888511906598624,0.07781849417847593,,0.19993032805202837,10.30910861785904,0.24399728141721172,,False,1.0,1.0,7.43704966432109e-07,8.586559875188984e-07,True,0.23799540849692327,2.323852808366713e-05,0.25467895786458045,0.0020002915254767684,0.21199374928133033,5.666815392780423,0.0588120980324233,False,False,False,452,2.4550657272338867,w0.100_null,0.1,False,800
True,4,4,0.08695818006753663,0.030246900322632497,-0.022164951216917944,0.05281092326862575,,0.1271822387994261,4.111054722400523,0.8469672113103659,,False,1.0,1.0,9.659961801396485e-07,8.226142544564735e-07,True,0.06065597344346705,-9.436509092207528e-05,1.0,-0.0045778136473399915,1.0,1.549498090101359,0.46081941140138205,False,False,False,453,2.3702080249786377,w0.100_null,0.1,False,800
True,4,4,0.07163289846147354,0.02052508856796711,-0.04076369296733419,0.04743997328937118,,0.09652476257438937,3.4019327749183463,0.9066659533913975,,False,1.0,1.0,8.469263798064547e-07,9.068594925445679e-07,True,0.024707644701173034,0.0004398625083726247,0.010026174864871517,0.019417325519573758,0.010804503754664904,1.135195533276704,0.5668855958285669,True,True,False,454,2.153029203414917,w0.100_null,0.1,False,800
True,4,4,0.09875667811156935,0.03901152588652848,-0.012311769072797754,0.0392614585896843,,0.11431052388980803,10.355909336369972,0.2409288001708138,,False,1.0,1.0,8.077544680089627e-07,8.222077008626507e-07,True,0.01576732600077292,-5.802037936046839e-05,0.6119541198985334,-0.0026770436880144553,0.6156552506882933,2.444851427258491,0.29451489096239536,False,False,False,455,2.0801889896392822,w0.100_null,0.1,False,800
True,4,4,0.1133381890360104,0.051382180375849705,0.0048041364944675854,0.04416590831513395,,0.13914973138154257,8.485593782104779,0.38752752474717445,,False,1.0,1.0,8.087129823945656e-07,9.08564245276961e-07,True,0.0830330571642269,-6.41708285400311e-05,0.67256758509219,-0.003285861431090699,0.7704044386312946,2.2591529804148784,0.323170093143471,False,False,False,456,2.168959856033325,w0.100_null,0.1,False,800
True,4,4,0.08979357884425314,0.03225154720663642,-0.01233958860587668,0.0367410770658225,,0.109651841370705,6.810568692159663,0.5572021669342038,,False,1.0,1.0,7.255109619691983e-07,9.392332690073561e-07,True,0.018907789387243877,-0.00010504108991986719,1.0,-0.005469956023447403,1.0,1.2970669546645932,0.5228119303797262,False,False,False,457,2.1539909839630127,w0.100_null,0.1,False,800
True,4,4,0.06535720784301136,0.01708625846813834,-0.09490598346969137,0.12669061489086514,,0.16843510169666262,1.9638484478896348,0.9821001558663969,,False,1.0,1.0,9.549197511325574e-07,9.532090658770008e-07,True,0.03257936805909844,-6.461286950959404e-05,0.6774986105943955,-0.003543488412397434,0.8534660211907027,1.0288244578540033,0.5978518914147872,False,False,False,458,2.046536922454834,w0.100_null,0.1,False,800
True,4,4,0.11304731547178354,0.05111878214150779,-0.0034178206445563894,0.047082643618470296,,0.13603881475313218,10.887098549666412,0.2081787859002226,,False,1.0,1.0,7.85363361112284e-07,8.529024605662372e-07,True,0.09483321368798299,-4.9185769583586356e-05,0.5427742504808937,-0.0017664057941640427,0.47447136653947,8.400756524326344,0.01498990563381687,False,False,True,459,2.056147336959839,w0.100_null,0.1,False,800
True,4,4,0.06053913797381307,0.014659948906449503,-0.0285989158104049,0.030748121162831828,,0.07412361770418108,3.1287194674784127,0.9260217320871861,,False,1.0,1.0,9.575163555052247e-07,9.8257569093763e-07,True,0.11237220190785208,6.847905668015611e-05,0.17072884110293185,0.0027688856834178193,0.18462930767566835,1.6309965946708285,0.44241881630857516,False,False,False,460,1.9688568115234375,w0.100_null,0.1,False,800
True,4,4,0.07744154539540488,0.023988771812914214,-0.02749115419084277,0.039518931880514786,,0.09683969259305573,3.945923257333335,0.8619691784590785,,False,1.0,1.0,9.01854357172244e-07,9.258176756944833e-07,True,0.19823908067008045,-0.00010971278944343072,1.0,-0.005640469603191339,1.0,5.839410024209086,0.05394959943209472,False,False,False,461,2.0660347938537598,w0.100_null,0.1,False,800
True,4,4,0.1612429730931084,0.10399718548761949,0.05455475127138014,0.06837999974951532,,0.20434642269337086,13.878035172439967,0.08500029742879667,,False,1.0,1.0,6.650279714488169e-07,8.269095583615742e-07,True,0.1546284676156537,0.0001204633849973506,0.11085911040466931,0.005878361876198098,0.10352454675640423,3.6659006197652095,0.15994099550097252,False,False,False,462,2.080573081970215,w0.100_null,0.1,False,800
True,4,4,0.10357446891655366,0.04291068244538456,-0.009094763839365354,0.05709132772678235,,0.1456125970164564,4.076542208107481,0.8501523255324751,,False,1.0,1.0,9.891490734408466e-07,8.999677005306939e-07,True,0.13952812621021077,-0.00010729450781868689,1.0,-0.005615373844803065,1.0,1.0816932295895398,0.5822550978673102,False,False,False,463,2.1388258934020996,w0.100_null,0.1,False,800
True,4,4,0.12224961118676665,0.059779869741262495,-0.009178025499608625,0.06624890107085367,,0.15794913715207048,9.683135325391797,0.28797361116591524,,False,1.0,1.0,9.933660025437208e-07,7.971630685415064e-07,True,0.10365761054151922,-7.051876537455616e-05,0.7550212772068945,-0.003431959430903004,0.8116878236717057,2.2048750346082335,0.3320606927437567,False,False,False,464,2.2191531658172607,w0.100_null,0.1,False,800
True,4,4,0.12302729332462009,0.06054285961112845,0.011296005061883059,0.050557553977908204,,0.15366829625221998,9.41393509422419,0.30858838140307315,,False,1.0,1.0,9.560096348584552e-07,9.860988799460367e-07,True,0.20164971215409735,0.0002336517826293823,0.0457508904499261,0.010314555905768366,0.049901358224187745,0.486191054686966,0.7841965979755869,True,True,False,465,2.061636209487915,w0.100_null,0.1,False,800
True,4,4,0.18161059862924805,0.13192963813789532,0.09005297978486704,0.06552286524070998,,0.22238958064863412,21.029644678721418,0.007069096786704287,,True,1.0,1.0,9.0736462346737e-07,9.742319369550766e-07,True,0.08517781674190135,-8.173682277298367e-05,1.0,-0.0026304148453110783,0.6016440415476922,0.9841511872520387,0.6113561494574723,False,False,False,466,2.1787238121032715,w0.100_null,0.1,False,800
True,4,4,0.13438191325759147,0.07223399444308334,0.012782492370796435,0.06743096300001229,,0.17585260620061705,8.922414565566367,0.34888323395080756,,False,1.0,1.0,9.190604374876606e-07,9.479076329645533e-07,True,0.19260698772865584,-7.299220840798844e-05,0.7977040715358112,-0.003319917845087108,0.7836508170688259,0.23719794951867318,0.8881639054976347,False,False,False,467,2.1486856937408447,w0.100_null,0.1,False,800
True,4,4,0.06999738713483315,0.01959853682281482,-0.03407146302011374,0.03965140520000802,,0.08824581383391779,4.9384352439717,0.7641355538715564,,False,1.0,1.0,8.727874029504594e-07,8.697828221891783e-07,True,0.15192039801352467,-9.002425432142712e-05,1.0,-0.004633165682236228,1.0,0.5327397583256935,0.7661556900601992,False,False,False,468,2.1480231285095215,w0.100_null,0.1,False,800
True,4,4,0.10357800649664309,0.042913613719274546,-0.023003798952958926,0.06182603308609753,,0.1402595592185523,9.384327247070882,0.3109186356462993,,False,1.0,1.0,8.739459271548742e-07,9.703791094224026e-07,True,0.18969876926252457,-0.0001030405339142683,1.0,-0.0050264246438794956,1.0,2.20836843426984,0.33148118864511716,False,False,False,469,2.14509916305542,w0.100_null,0.1,False,800
True,4,4,0.08272881004712151,0.027376224047250854,-0.017233438837454665,0.04016132434688996,,0.11048309958733706,4.786842837801931,0.7800967924135562,,False,1.0,1.0,8.328724600930603e-07,9.486348539393931e-07,True,0.0072373024153975845,2.4642289150127402e-06,0.30979674070375424,-0.00043034816409886497,0.3482401152325999,1.21836301117667,0.5437957807784437,False,False,False,470,1.9897499084472656,w0.100_null,0.1,False,800
True,4,4,0.1056672585436499,0.04466227811252221,-0.00778275074098439,0.04756568443401303,,0.13271759286048998,7.82432229906207,0.4508164743379782,,False,1.0,1.0,8.598420811547186e-07,9.737761569354316e-07,True,0.13008766878339903,-8.145548647554892e-05,1.0,-0.003725400950251769,1.0,1.245751004546158,0.5363997990117808,False,False,False,471,2.043668031692505,w0.100_null,0.1,False,800
True,4,4,0.09941985218543298,0.03953722803429337,-0.015807531256343495,0.04607156024220822,,0.1224473781950495,8.325249144416867,0.4023608110896307,,False,1.0,1.0,8.289419022830342e-07,9.903956020378099e-07,True,0.10064344416563596,2.2770248804627807e-05,0.2557792155721051,0.0012533398308566962,0.2460130398676602,0.741868660329389,0.6900892581187339,False,False,False,472,1.9593100547790527,w0.100_null,0.1,False,800
True,4,4,0.08408999378607551,0.028284508219768877,-0.014058444237813071,0.03379384287718911,,0.10189146282608716,7.051959396201707,0.5310371702302137,,False,1.0,1.0,8.774282870325757e-07,9.600321112653744e-07,True,0.11558471653695813,-0.00010303003698406163,1.0,-0.005234482992615915,1.0,0.6991806542925508,0.7049768404420422,False,False,False,473,1.9421422481536865,w0.100_null,0.1,False,800
True,4,4,0.11515510252949382,0.053042790554312935,8.653664840146263e-05,0.050603971366146513,,0.1443283257785491,10.70943868994768,0.21871245620730886,,False,1.0,1.0,9.512036091967378e-07,9.374670244747563e-07,True,0.08146463517697204,0.00016269883015565266,0.07913660433813081,0.007475750625556221,0.07943807306042698,1.163573834935553,0.5588987677602721,False,False,False,474,1.4909451007843018,w0.100_null,0.1,False,800
True,4,4,0.067052242429938,0.01798401285953271,-0.03663361000665135,0.04487469258352713,,0.09640888295133335,2.6846660538210467,0.9525632248258183,,False,1.0,1.0,9.109282324278133e-07,9.788094983913917e-07,True,0.1262621064348863,-9.953230327996807e-05,1.0,-0.005183610596549419,1.0,1.3867878568807424,0.49987664127966425,False,False,False,475,1.5575637817382812,w0.100_null,0.1,False,800
True,4,4,0.12184109269845918,0.059381007479818095,0.0064233165231524295,0.060445081579665584,,0.1626703938881035,7.606268069457435,0.4728438685415087,,False,1.0,1.0,7.930137504828754e-07,8.871588080490789e-07,True,0.08255346868929521,-1.4403270929090912e-05,0.3664585679664476,-0.0009320455173201903,0.3897809977837897,0.8176069997277673,0.6644447829854836,False,False,False,476,1.5035529136657715,w0.100_null,0.1,False,800
True,4,4,0.08646618274432132,0.029905603033497475,-0.016311074166782295,0.03816548078297672,,0.10777935252570836,6.241512392130255,0.6201989235052516,,False,1.0,1.0,9.186288316451059e-07,9.122377902850284e-07,True,0.12030731375498624,-4.605274144088477e-05,0.5217032021905733,-0.0021887518555399,0.5273675889940889,7.328155062847173,0.025627801224410204,False,False,True,477,1.435126781463623,w0.100_null,0.1,False,800
True,4,4,0.1682801900591875,0.11327288946542509,0.06064773808832201,0.08548873827792917,,0.22431239338714598,16.26180251001006,0.038782570915291234,,True,1.0,1.0,9.156255241857231e-07,8.213375698860603e-07,True,0.004327476582823985,0.00011827676665252276,0.11284330094590755,0.0061794628375258075,0.09983550191589642,5.602516864810317,0.060733585402651,False,False,False,478,1.4700689315795898,w0.100_null,0.1,False,800
True,4,4,0.13509013020241206,0.07299737311241856,0.0029641271557640098,0.08505882832470142,,0.18899302198089996,10.039888841025641,0.26223739933107065,,False,1.0,1.0,8.292895052349332e-07,9.260718225636645e-07,True,0.11132944142395737,-0.00011444595791289016,1.0,-0.0054917953879645475,1.0,0.43937772148022614,0.8027685319163259,False,False,False,479,1.4761319160461426,w0.100_null,0.1,False,800
True,4,4,0.09824687098019436,0.038609790629595825,-0.008684805186526,0.04091240400898924,,0.12104762589056,9.155067253359684,0.3293841276210186,,False,1.0,1.0,9.921575761818818e-07,9.337918558354436e-07,True,0.11463958672054392,-0.00011386656881726617,1.0,-0.00478991843986024,1.0,2.4011222925244105,0.3010252453179099,False,False,False,480,1.4794938564300537,w0.100_null,0.1,False,800
True,4,4,0.0398356782935712,0.0063475250604356,-0.04222290129572956,0.03188338240530595,,0.0505484814141797,0.9314011329506541,0.9986457322211563,,False,1.0,1.0,9.64915175111583e-07,6.928178854233413e-07,True,0.09365172743217916,-6.312746903106706e-06,0.33768594434555915,-0.0007090606785959767,0.3706192177836273,1.4979880576528415,0.4728419789688819,False,False,False,481,1.4427845478057861,w0.100_null,0.1,False,800
True,4,4,0.08858812672989136,0.03139142479004517,-0.020114676957052796,0.039491980503535314,,0.10588183320296746,9.276499697823066,0.3195104934143194,,False,1.0,1.0,9.112423638144336e-07,8.485680395885583e-07,True,0.03680489853753621,4.751179448051993e-05,0.20475191369986104,0.002634318495937145,0.188544690674347,2.2023190925733607,0.3324853279630714,False,False,False,482,1.4368910789489746,w0.100_null,0.1,False,800
True,4,4,0.11949381588029204,0.05711508813453253,-0.002068695301374171,0.05922618006740197,,0.15439373513275476,10.795155540459483,0.2135782875318949,,False,1.0,1.0,8.263341330113165e-07,9.838907053812085e-07,True,0.13760382012848899,-4.6984881199126185e-06,0.33231401532987165,0.0012446162417580112,0.24618958411411238,0.5776461525710409,0.7491447351477214,False,False,False,483,1.4819860458374023,w0.100_null,0.1,False,800
True,4,4,0.07079390471125462,0.020047107777064796,-0.03705292623057942,0.039541395271095375,,0.08364640039446349,3.736908006368519,0.8800463109378875,,False,1.0,1.0,9.516743529838025e-07,8.914993426419578e-07,True,0.05256516084115563,-0.00011972514174723816,1.0,-0.004393319466713342,1.0,0.06321564086007589,0.9688864850642882,False,False,False,484,1.5317351818084717,w0.100_null,0.1,False,800
True,4,4,0.07578218444217658,0.022971757915312276,-0.031244999523987623,0.039059959461107484,,0.0908335241859971,5.4962127351497525,0.7034595555569741,,False,1.0,1.0,8.200256266389e-07,9.118717621241897e-07,True,0.012746802144823901,-4.1282869934366306e-05,0.4922615286877897,-0.001943628501683546,0.49717590017390867,1.745099496772615,0.41788468890171726,False,False,False,485,1.4664380550384521,w0.100_null,0.1,False,800
True,4,4,0.11230204351547575,0.050446995911007236,0.0007207104969941536,0.046124933040798476,,0.1383740166198529,9.517791077342586,0.30051315145795704,,False,1.0,1.0,9.426474611275834e-07,9.051156081813276e-07,True,0.029173043712518665,-6.378953013408625e-06,0.33790873908995855,0.0005858710044282813,0.28039684510720436,1.8722392961827414,0.39214655349980965,False,False,False,486,1.430417776107788,w0.100_null,0.1,False,800
True,4,4,0.12431680193415624,0.06181866897254493,0.006501395892117991,0.05420457551303368,,0.154644744917259,14.438803768948134,0.0710211074339253,,False,1.0,1.0,8.830882327786322e-07,8.348922066293823e-07,True,0.07190487194326976,-1.1645741232135891e-05,0.3562881031782601,0.0005117121564160379,0.28473204102472255,1.392382025100632,0.49848039788482834,False,False,False,487,1.467041015625,w0.100_null,0.1,False,800
True,4,4,0.06793230739633156,0.018459193552758733,-0.029174452669442096,0.034473346193068063,,0.08295956221162758,4.115234374142315,0.8465797460675062,,False,1.0,1.0,8.457634245774816e-07,8.654114839687886e-07,True,0.049260379954438514,-3.225253783297626e-05,0.4435165177412703,-0.0017403894366916028,0.47223589364477914,2.391779573491648,0.30243473200872634,False,False,False,488,1.4751379489898682,w0.100_null,0.1,False,800
True,4,4,0.10607154071783848,0.04500468700102426,-0.005758877613973069,0.05397881807570728,,0.14407322537203757,10.37412492299487,0.23974262937312946,,False,1.0,1.0,8.110683201449696e-07,9.708947872117247e-07,True,0.09338509387471676,0.00020825746164977081,0.05554345684510279,0.010808779962392432,0.04556334215678221,0.6586735159716447,0.7194007120155612,False,True,False,489,1.4595530033111572,w0.100_null,0.1,False,800
True,4,4,0.09580886934990758,0.036717357784430645,-0.009075401221424202,0.04348519768710959,,0.12495137445514531,5.50354805155457,0.7026468683826199,,False,1.0,1.0,9.439690997907824e-07,8.139145321399258e-07,True,0.09027534757001926,-8.157206975347959e-05,1.0,-0.004448893354087921,1.0,3.6086770866584583,0.16458328529240118,False,False,False,490,1.5320360660552979,w0.100_null,0.1,False,800
True,4,4,0.1174692751147201,0.0551961223839112,-0.0024665669490148492,0.07409380696078494,,0.17277651762108362,6.232016856581324,0.6212602034010196,,False,1.0,1.0,9.376899387728746e-07,8.262997157131027e-07,True,0.14700782618721311,-8.485141360022974e-05,1.0,-0.004216605317726683,1.0,0.4188501850948716,0.8110503908763775,False,False,False,491,1.6902179718017578,w0.100_null,0.1,False,800
True,4,4,0.09349844582525965,0.03496783748695606,-0.013775933664949648,0.0388429001991398,,0.1119318448978211,8.107654877079737,0.42302540187823273,,False,1.0,1.0,7.822959962328229e-07,9.231874163277507e-07,True,0.06646684991288987,3.8974143097730256e-05,0.2208454618986021,0.0017263235252214081,0.22426526569365937,0.22558205667967557,0.8933373227951606,False,False,False,492,1.6838908195495605,w0.100_null,0.1,False,800
True,4,4,0.07411616071921073,0.021972821119023506,-0.0279580027442792,0.03952343358313606,,0.09624481847678575,3.886575518512608,0.8672092022453928,,False,1.0,1.0,8.16283578144216e-07,9.440514600004408e-07,True,0.04120808989997115,4.613110282632499e-05,0.20725783766084668,0.001761900955124783,0.2225290885560533,2.5571366457525766,0.2784356451782661,False,False,False,493,1.7298038005828857,w0.100_null,0.1,False,800
True,4,4,0.0892686645867311,0.0318755779083932,-0.021387209911560866,0.04985043337900128,,0.12309493921054605,3.8055262918934725,0.8742293878911502,,False,1.0,1.0,9.51600169231797e-07,7.141069681613193e-07,True,0.16564387426918264,8.380410962549082e-06,0.2926763219445016,0.0002811410702702491,0.2990392460833611,3.688523834247023,0.15814199972707713,False,False,False,494,1.606666088104248,w0.100_null,0.1,False,800
True,4,4,0.16828637972796356,0.11328122240777738,0.04306978644356671,0.09548648261297736,,0.22368005817146575,14.929623339122525,0.06052842253027354,,False,1.0,1.0,8.966118871208855e-07,8.447063561145825e-07,True,0.2068831510523475,-0.00011500651952300535,1.0,-0.004933613381605525,1.0,2.1083387692401345,0.3484817614375492,False,False,False,495,1.72397780418396,w0.100_null,0.1,False,800
True,4,4,0.09247480058492767,0.034206354972888556,-0.02807203849516702,0.05525901620663321,,0.12532054374092438,6.65330611554762,0.5744575427986555,,False,1.0,1.0,9.181758195458742e-07,9.822033921349403e-07,True,0.04881802755276789,1.3364016358485424e-05,0.27918366731247174,0.0006946555744338225,0.27432744650865754,2.0809012208524655,0.35329544747294284,False,False,False,496,1.6104168891906738,w0.100_null,0.1,False,800
True,4,4,0.09494788154275129,0.03606040083782532,-0.016595421491663313,0.04671886429280412,,0.12272965400363635,7.12299306599463,0.5234227465030727,,False,1.0,1.0,8.507260957082325e-07,9.874120539303537e-07,True,0.19067965390457872,9.389139223296578e-05,0.13784880859709775,0.003902021758903306,0.14959235347638764,1.6457841494288534,0.43915973338656267,False,False,False,497,1.6097168922424316,w0.100_null,0.1,False,800
True,4,4,0.16352024411165725,0.10695548093734392,0.056952136415059494,0.06423501648359055,,0.20162423977251656,15.308232907191304,0.053421989882518464,,False,1.0,1.0,9.361615246467745e-07,9.207189688476169e-07,True,0.07039516794844787,-2.4629808488423278e-05,0.40795981522194447,-0.0011127894296240576,0.4062575412279933,0.8138362892705108,0.6656986790795776,False,False,False,498,1.4032399654388428,w0.100_null,0.1,False,800
True,4,4,0.11196175302321824,0.050141736560128485,-0.0024663848635219157,0.048757582716680674,,0.13940292492393827,7.975248744006162,0.4358916398374857,,False,1.0,1.0,8.80528281632009e-07,8.818019135292357e-07,True,0.1282190486859731,0.0001159820115931223,0.11496778414575598,0.005168223201175069,0.11959697879435786,1.4543100276272911,0.48328196663367273,False,False,False,499,1.2450170516967773,w0.100_null,0.1,False,800
