applicable,K_x,K_y,D_hat,Q_hat,Q_bc,s_Q,Z,U_D,T0,p_exact,decision,mt_reject,success_x,success_y,max_residual_x,max_residual_y,correct_cardinality,rep,seconds,name,family,n,rho,D_A
True,4,4,0.38316404190166375,0.5872587320256797,0.5031267723643553,0.17329787996919693,-2.867162758851765,0.44389650223185184,57.932715036932144,1.1838646165785876e-09,equivalent,True,1.0,1.0,8.854773484397494e-07,9.80269697290733e-07,True,0,0.3559889793395996,gaussian4_rho0.50_n400,gaussian4,400,0.5,0.25
True,4,4,0.33278913112046393,0.44299442316765336,0.3631343332061854,0.1444207980479546,-4.409791909488997,0.38751948553672416,47.000380874566375,1.5331265040788172e-07,equivalent,True,1.0,1.0,8.977005687977042e-07,8.493241659277329e-07,True,1,0.35161495208740234,gaussian4_rho0.50_n400,gaussian4,400,0.5,0.25
True,4,4,0.23701066946420543,0.22469622975948336,0.13851033727282025,0.12243998557602961,-7.036015715570582,0.2915073719614302,19.975871876770267,0.010427721730017681,equivalent,True,1.0,1.0,7.564215595444696e-07,9.802405081018014e-07,True,2,0.3747091293334961,gaussian4_rho0.50_n400,gaussian4,400,0.5,0.25
True,4,4,0.23874226702566273,0.2279914802582114,0.15291890094999727,0.10209042103026221,-8.297361206874701,0.2832148920248664,31.799695647876487,0.0001011572592686893,equivalent,True,1.0,1.0,6.368574178083162e-07,9.084513522737165e-07,True,3,0.3553202152252197,gaussian4_rho0.50_n400,gaussian4,400,0.5,0.25
True,4,4,0.2014297055428579,0.16229570510032976,0.09039874335620146,0.08662980410002807,-10.499865099469892,0.2412944730159749,19.73837418522033,0.011372509251796734,equivalent,True,1.0,1.0,7.268641270991733e-07,8.461020850297093e-07,True,4,0.34993791580200195,gaussian4_rho0.50_n400,gaussian4,400,0.5,0.25
True,4,4,0.2271029157934669,0.20630293744757805,0.13388893574142463,0.0926764756637347,-9.34553302826441,0.2675482072776785,31.603142182817717,0.00010968202996744238,equivalent,True,1.0,1.0,8.793904057989362e-07,7.69437681738148e-07,True,5,0.36910080909729004,gaussian4_rho0.50_n400,gaussian4,400,0.5,0.25
True,4,4,0.2464994459712958,0.24304790745662314,0.15658331378281273,0.11375033988309642,-7.41463003173427,0.2931236824731527,24.882176671017817,0.0016276469654780638,equivalent,True,1.0,1.0,9.570765489586043e-07,9.387227718552291e-07,True,6,0.3748350143432617,gaussian4_rho0.50_n400,gaussian4,400,0.5,0.25
True,4,4,0.3327216458704126,0.44281477452286494,0.3687099894771896,0.1404036924085649,-4.496249348527108,0.3871864900060423,49.23486048022109,5.7315695454586e-08,equivalent,True,1.0,1.0,9.373334385446746e-07,9.585841594038471e-07,True,7,0.3677527904510498,gaussian4_rho0.50_n400,gaussian4,400,0.5,0.25
True,4,4,0.3021742345378413,0.36523707207412126,0.28986819313579804,0.12365824584954563,-5.742696752533719,0.3511651702987783,42.493313043460425,1.094057931970301e-06,equivalent,True,1.0,1.0,8.801850149819602e-07,7.540683303920192e-07,True,8,0.413646936416626,gaussian4_rho0.50_n400,gaussian4,400,0.5,0.25
True,4,4,0.24590554633608092,0.24187815087538578,0.15963264233720376,0.10746750995389173,-7.819734150566536,0.2900004163205227,34.4270856823858,3.398894404757816e-05,equivalent,True,1.0,1.0,8.919016188441027e-07,9.5771117475541e-07,True,9,0.434539794921875,gaussian4_rho0.50_n400,gaussian4,400,0.5,0.25
True,4,4,0.2974984956003478,0.3540214195378807,0.2778767933459544,0.11458350600713574,-6.3021566699929314,0.34144907701976857,52.041882641429126,1.6520515017495367e-08,equivalent,True,1.0,1.0,9.029738477224706e-07,9.205873148721385e-07,True,10,0.41863107681274414,gaussian4_rho0.50_n400,gaussian4,400,0.5,0.25
True,4,4,0.28880940300130414,0.3336434850478788,0.24655577198547501,0.12458869916109369,-6.047452402085992,0.3359635194771025,38.08671214087447,7.25560710932685e-06,equivalent,True,1.0,1.0,8.073798207459161e-07,9.197801859007929e-07,True,11,0.44762277603149414,gaussian4_rho0.50_n400,gaussian4,400,0.5,0.25
True,4,4,0.21769637518231508,0.18956684707007715,0.11623899820489367,0.10244462731987077,-8.626718891130045,0.2668077093215613,20.09560096467442,0.009980349139830964,equivalent,True,1.0,1.0,8.060241240407232e-07,9.81602704584848e-07,True,12,0.36487483978271484,gaussian4_rho0.50_n400,gaussian4,400,0.5,0.25
True,4,4,0.22454635473152015,0.20168426169285475,0.12592906335129195,0.09623810815959172,-9.082378626970053,0.26656456282134744,26.19466656915011,0.0009726851604202351,equivalent,True,1.0,1.0,9.63085236618305e-07,7.209115714109077e-07,True,13,0.35771703720092773,gaussian4_rho0.50_n400,gaussian4,400,0.5,0.25
True,4,4,0.2716330310537962,0.2951380142378905,0.21692128587510645,0.11094893244812415,-7.058010355268934,0.3159968511784561,40.24787720031971,2.8804445625406256e-06,equivalent,True,1.0,1.0,8.294786839642777e-07,7.233266893180925e-07,True,14,0.3697328567504883,gaussian4_rho0.50_n400,gaussian4,400,0.5,0.25
True,4,4,0.2930991876072014,0.3436285351040057,0.2693822191475291,0.11898321735332532,-6.140511217501145,0.3409883413540343,44.2385936433926,5.128433173777411e-07,equivalent,True,1.0,1.0,8.102818192766522e-07,7.48858733767253e-07,True,15,0.3634986877441406,gaussian4_rho0.50_n400,gaussian4,400,0.5,0.25
True,4,4,0.38299381708822916,0.5867370557112477,0.485770322638926,0.1904107460557442,-2.7006336985336388,0.446925085696488,85.15614573496305,4.455810625407605e-15,equivalent,True,1.0,1.0,9.384896274662902e-07,7.729107289924957e-07,True,16,0.44629812240600586,gaussian4_rho0.50_n400,gaussian4,400,0.5,0.25
True,4,4,0.364161068057522,0.5304531339551807,0.455820126820637,0.14093017891608497,-3.861343804178293,0.41461718571402684,69.4752622836092,6.250322576605473e-12,equivalent,True,1.0,1.0,8.817256987007247e-07,9.015311295600585e-07,True,17,0.4039008617401123,gaussian4_rho0.50_n400,gaussian4,400,0.5,0.25
True,4,4,0.25547848414809915,0.26107702345044215,0.18095796547220475,0.11956144711195295,-6.850385758219155,0.30725357825331634,27.932812476705728,0.000487193834115517,equivalent,True,1.0,1.0,8.037180295254103e-07,9.229012105823414e-07,True,18,0.41931676864624023,gaussian4_rho0.50_n400,gaussian4,400,0.5,0.25
True,4,4,0.25568959130103225,0.2615086683987556,0.188740332947888,0.11082437285479255,-7.320227907944615,0.30456124367387744,33.86235941913266,4.302689843121634e-05,equivalent,True,1.0,1.0,9.470262278689618e-07,9.551032999225082e-07,True,19,0.4129161834716797,gaussian4_rho0.50_n400,gaussian4,400,0.5,0.25
True,4,4,0.44217654554407243,0.7820803897171567,0.7026082041372784,0.20517705235611924,-1.4494398493772498,0.5099250981449269,73.50247347014671,9.833595438431468e-13,inconclusive,True,1.0,1.0,8.325632759375033e-07,9.295904591952515e-07,True,20,0.39301609992980957,gaussian4_rho0.50_n400,gaussian4,400,0.5,0.25
True,4,4,0.3425114595121881,0.46925639958867704,0.3837666423731484,0.11279581084270059,-5.4632645753681395,0.37725960588919955,89.07421607368707,7.167403749156345e-16,equivalent,True,1.0,1.0,8.43881912128764e-07,9.145135922159837e-07,True,21,0.38812804222106934,gaussian4_rho0.50_n400,gaussian4,400,0.5,0.25
True,4,4,0.27714458352309945,0.30723648070476894,0.22594824120393336,0.1135349284479483,-6.817741195397342,0.32120732403200936,50.58228046794285,3.15793197562316e-08,equivalent,True,1.0,1.0,9.653535090431323e-07,9.878786254937367e-07,True,22,0.3943917751312256,gaussian4_rho0.50_n400,gaussian4,400,0.5,0.25
True,4,4,0.27277658215639455,0.2976282550916971,0.20135814042186773,0.14994025443100018,-5.326400589413785,0.33465949551324736,22.930271669276106,0.003454932389518717,equivalent,True,1.0,1.0,7.639118690812789e-07,9.538026483963936e-07,True,23,0.3949739933013916,gaussian4_rho0.50_n400,gaussian4,400,0.5,0.25
True,4,4,0.297006129673282,0.3528505642540096,0.28356008917336684,0.11824836674032835,-6.058772146933112,0.34570990153858905,44.80685818086229,4.003512960770637e-07,equivalent,True,1.0,1.0,8.191775530917208e-07,9.708998618447075e-07,True,24,0.35842418670654297,gaussian4_rho0.50_n400,gaussian4,400,0.5,0.25
True,4,4,0.2983907898349362,0.3561482538332683,0.28125814337817523,0.12109581610379004,-5.935315353965641,0.3465699913816626,45.56597517293176,2.8739799923197806e-07,equivalent,True,1.0,1.0,9.9259363954189e-07,8.141057805800356e-07,True,25,0.365706205368042,gaussian4_rho0.50_n400,gaussian4,400,0.5,0.25
True,4,4,0.3008656519756757,0.36208056215499373,0.2867083128839924,0.1281923387873118,-5.564230232974014,0.35269177275834424,38.29760656028602,6.632538667136694e-06,equivalent,True,1.0,1.0,9.437644853437549e-07,7.91757999200008e-07,True,26,0.3597567081451416,gaussian4_rho0.50_n400,gaussian4,400,0.5,0.25
True,4,4,0.24477934520986938,0.23966771136548964,0.16837660778460523,0.10481472137433236,-7.934223182689752,0.29188246024516606,27.863098095229564,0.0005009918758990472,equivalent,True,1.0,1.0,8.527600741161352e-07,8.402170729284202e-07,True,27,0.35255908966064453,gaussian4_rho0.50_n400,gaussian4,400,0.5,0.25
True,4,4,0.288983299425604,0.33404538938763323,0.24834285171543394,0.11357529404243723,-6.618139575352634,0.32983237638731616,43.32840820497795,7.617791863722378e-07,equivalent,True,1.0,1.0,7.601348529550195e-07,9.853066258023152e-07,True,28,0.4076700210571289,gaussian4_rho0.50_n400,gaussian4,400,0.5,0.25
True,4,4,0.30798608895762736,0.37942172396566215,0.3000317116261919,0.11857984987872848,-5.902927766308231,0.35180897081462387,53.81051069524545,7.512985794505062e-09,equivalent,True,1.0,1.0,8.751012231867881e-07,8.34929856879964e-07,True,29,0.38890981674194336,gaussian4_rho0.50_n400,gaussian4,400,0.5,0.25
True,4,4,0.3144112818774779,0.3954178166873555,0.32261562068096794,0.11971202478994218,-5.658448936166884,0.36039019785727,63.37967680939554,1.0083409836456603e-10,equivalent,True,1.0,1.0,9.99246151401911e-07,8.548137361659776e-07,True,30,0.3962738513946533,gaussian4_rho0.50_n400,gaussian4,400,0.5,0.25
True,4,4,0.21762070770112377,0.1894350896813518,0.1059342898564275,0.09404346065663163,-9.50694183201058,0.25525576252484294,26.985597325338517,0.000711046262189647,equivalent,True,1.0,1.0,8.24249152978312e-07,8.596273706880016e-07,True,31,0.4207019805908203,gaussian4_rho0.50_n400,gaussian4,400,0.5,0.25
True,4,4,0.25985497499941723,0.27009843212779105,0.20524712579362542,0.08997059267988318,-8.833473811094233,0.29716812643775614,46.692687893034716,1.754745148491262e-07,equivalent,True,1.0,1.0,7.876766085328636e-07,9.023366176687968e-07,True,32,0.3610978126525879,gaussian4_rho0.50_n400,gaussian4,400,0.5,0.25
True,4,4,0.26271853557811126,0.27608411574522923,0.1794311120489732,0.12619903902366666,-6.502180161586982,0.31105066271623727,27.807993576362115,0.0005121685212199866,equivalent,True,1.0,1.0,9.10009507011627e-07,9.379388926324826e-07,True,33,0.4281609058380127,gaussian4_rho0.50_n400,gaussian4,400,0.5,0.25
True,4,4,0.22453574794608655,0.20166520842283406,0.12429477945441283,0.09819512708479243,-8.918010970029169,0.2673066546070236,23.05176194557383,0.003298421734501112,equivalent,True,1.0,1.0,9.57741415650577e-07,7.881824114416279e-07,True,34,0.3873748779296875,gaussian4_rho0.50_n400,gaussian4,400,0.5,0.25
True,4,4,0.3340452020088862,0.4463447879406303,0.3883061505379821,0.11515395170924653,-5.311965767414482,0.3800386643700648,67.22910268628856,1.7462951120725173e-11,equivalent,True,1.0,1.0,8.298835699067137e-07,9.208689959145429e-07,True,35,0.33563899993896484,gaussian4_rho0.50_n400,gaussian4,400,0.5,0.25
True,4,4,0.34847614051387543,0.4857424820297851,0.40115009398660656,0.1464612970625456,-4.088792862169297,0.4006424495943832,54.13396544437185,6.50256354442173e-09,equivalent,True,1.0,1.0,9.56091601524578e-07,9.92260260610389e-07,True,36,0.37393999099731445,gaussian4_rho0.50_n400,gaussian4,400,0.5,0.25
True,4,4,0.220923561446686,0.19522888000915062,0.12533817433081884,0.09335528259965467,-9.369173348444415,0.26405205429514295,24.20990210938065,0.0021132045392254157,equivalent,True,1.0,1.0,9.398923420822496e-07,9.846647239480487e-07,True,37,0.35344696044921875,gaussian4_rho0.50_n400,gaussian4,400,0.5,0.25
True,4,4,0.19517820267218108,0.15237812319337196,0.07464300757564049,0.08672106480190332,-10.67049850619512,0.23306998173732327,18.52692762203679,0.017604979291464717,equivalent,True,1.0,1.0,9.556314902537735e-07,9.247107568571732e-07,True,38,0.3685920238494873,gaussian4_rho0.50_n400,gaussian4,400,0.5,0.25
True,4,4,0.22798020111865877,0.2078998884084164,0.13952049667346708,0.093398996073382,-9.212941674988334,0.27071579844848165,26.514826254998297,0.0008570526322591489,equivalent,True,1.0,1.0,8.593917341639529e-07,9.366714968372354e-07,True,39,0.3514249324798584,gaussian4_rho0.50_n400,gaussian4,400,0.5,0.25
True,4,4,0.3208830778201822,0.41186379852541244,0.3077381336232321,0.15329862917734585,-4.515773363999975,0.3741296365674197,38.064219818844116,7.325385019896491e-06,equivalent,True,1.0,1.0,8.487173264809439e-07,9.150294467913134e-07,True,40,0.41255974769592285,gaussian4_rho0.50_n400,gaussian4,400,0.5,0.25
True,4,4,0.20895165298899365,0.1746431731473313,0.08907742142795153,0.10210343589511049,-8.921566356570285,0.2534869958618347,21.55135742840576,0.005818415726518344,equivalent,True,1.0,1.0,8.745660358777541e-07,8.793725424365813e-07,True,41,0.38208794593811035,gaussian4_rho0.50_n400,gaussian4,400,0.5,0.25
True,4,4,0.26015247205620173,0.2707172348678113,0.20058721430471194,0.10202564893502741,-7.8354099585720345,0.3034816604827915,37.96305697153646,7.647524448153873e-06,equivalent,True,1.0,1.0,8.602288557056576e-07,8.518495864185316e-07,True,42,0.34813904762268066,gaussian4_rho0.50_n400,gaussian4,400,0.5,0.25
True,4,4,0.2639187065177151,0.2786123345999353,0.2057324622024702,0.10681523520596566,-7.435901220139519,0.30879924273088716,37.74160446469105,8.402465939407811e-06,equivalent,True,1.0,1.0,9.893215774466333e-07,8.877871644923187e-07,True,43,0.36102294921875,gaussian4_rho0.50_n400,gaussian4,400,0.5,0.25
True,4,4,0.27837729603257333,0.3099756757856279,0.22951824684115424,0.10527517805395295,-7.3187409169137485,0.31728555958755855,49.865449027232664,4.337416643303343e-08,equivalent,True,1.0,1.0,9.126447162247144e-07,9.010358246727691e-07,True,44,0.3638007640838623,gaussian4_rho0.50_n400,gaussian4,400,0.5,0.25
True,4,4,0.25439303331210816,0.25886326159094153,0.1791153236463835,0.11258482156950428,-7.29125529454113,0.30178671099994897,38.47339728818885,6.153887706229602e-06,equivalent,True,1.0,1.0,9.689509115343684e-07,9.079702909673458e-07,True,45,0.3723468780517578,gaussian4_rho0.50_n400,gaussian4,400,0.5,0.25
True,4,4,0.22956408422001573,0.21079867505509792,0.13967540640668874,0.0909135280261912,-9.463108651393016,0.26889349783860694,27.129338424972566,0.0006715303722684984,equivalent,True,1.0,1.0,9.658631716022744e-07,7.351250288144517e-07,True,46,0.35617494583129883,gaussian4_rho0.50_n400,gaussian4,400,0.5,0.25
True,4,4,0.35805126165940976,0.5128028239035805,0.43624783935097805,0.15737295621924116,-3.5822683527889074,0.41686428162300976,58.40248705426305,9.581683021731868e-10,equivalent,True,1.0,1.0,9.5980029273302e-07,8.926115907152243e-07,True,47,0.372905969619751,gaussian4_rho0.50_n400,gaussian4,400,0.5,0.25
True,4,4,0.28240991464982285,0.31902143957008094,0.24182620556270956,0.12659404031418448,-5.989016485733723,0.335430645560277,35.53941297140439,2.1318099823138726e-05,equivalent,True,1.0,1.0,7.871726091294441e-07,9.461586114073622e-07,True,48,0.3791921138763428,gaussian4_rho0.50_n400,gaussian4,400,0.5,0.25
True,4,4,0.2942738621779523,0.34638842384451396,0.267435989444665,0.13275938489080769,-5.517982861685118,0.34849883256409786,38.707947483299506,5.568115110845921e-06,equivalent,True,1.0,1.0,7.995666409462725e-07,8.358090974511616e-07,True,49,0.36609697341918945,gaussian4_rho0.50_n400,gaussian4,400,0.5,0.25
True,4,4,0.2590827549794837,0.26849549571103676,0.18570424183578566,0.12059710269943157,-6.752200010921593,0.30986643235867967,35.61482503835123,2.0652480003360913e-05,equivalent,True,1.0,1.0,9.362139757176239e-07,7.399259123370905e-07,True,50,0.3780949115753174,gaussian4_rho0.50_n400,gaussian4,400,0.5,0.25
True,4,4,0.24807433946648788,0.24616351160693706,0.17144968425941973,0.10094659489852015,-8.20780846123148,0.2904703328253384,32.028419640315306,9.20562356257493e-05,equivalent,True,1.0,1.0,8.323286479052289e-07,9.885888746238186e-07,True,51,0.37078022956848145,gaussian4_rho0.50_n400,gaussian4,400,0.5,0.25
True,4,4,0.26515428141413067,0.281227171808976,0.21916647854474608,0.10619537613130813,-7.352801505121762,0.31378429220557075,35.616667838465474,2.0636474398659404e-05,equivalent,True,1.0,1.0,7.852253799356187e-07,8.838016734954958e-07,True,52,0.3324711322784424,gaussian4_rho0.50_n400,gaussian4,400,0.5,0.25
True,4,4,0.2591819010963571,0.26870103142368734,0.1816689595422702,0.12401539958763984,-6.598624390025267,0.3105060946873006,30.062320272446556,0.0002060830654345711,equivalent,True,1.0,1.0,9.437624238646748e-07,7.53285807999654e-07,True,53,0.38635921478271484,gaussian4_rho0.50_n400,gaussian4,400,0.5,0.25
True,4,4,0.3226893937253685,0.41651377929138356,0.33724455396320874,0.16258378933207385,-4.076393155550876,0.3888029994513881,30.737619839903765,0.000156437959517178,equivalent,True,1.0,1.0,7.846700170162014e-07,8.039522798851961e-07,True,54,0.3710968494415283,gaussian4_rho0.50_n400,gaussian4,400,0.5,0.25
True,4,4,0.2737312096208469,0.2997151004819681,0.22451779041314696,0.11376432619627846,-6.816567508595863,0.320797231508778,35.82685968540504,1.8889054209161152e-05,equivalent,True,1.0,1.0,8.979948586722358e-07,7.946251979374079e-07,True,55,0.36177778244018555,gaussian4_rho0.50_n400,gaussian4,400,0.5,0.25
True,4,4,0.23570623353936815,0.2222297141172606,0.12220882286200944,0.12786616429230815,-6.864921474701611,0.28832704822934374,19.825332971420163,0.011017463913614823,equivalent,True,1.0,1.0,8.608095428410403e-07,9.841844428108373e-07,True,56,0.3909602165222168,gaussian4_rho0.50_n400,gaussian4,400,0.5,0.25
True,4,4,0.27982897608187507,0.3132170234201224,0.23820936081142302,0.11444773375816124,-6.65623175027923,0.3265191919244223,37.11608858458891,1.0956624277727778e-05,equivalent,True,1.0,1.0,9.09404131268376e-07,9.650850034321244e-07,True,57,0.3599858283996582,gaussian4_rho0.50_n400,gaussian4,400,0.5,0.25
True,4,4,0.2532066902190892,0.25645451188682317,0.19005575340932457,0.09619758321758574,-8.419590383665799,0.29507909832311763,37.0372021729322,1.1328982160626798e-05,equivalent,True,1.0,1.0,8.420364775019047e-07,9.8653817150723e-07,True,58,0.33847498893737793,gaussian4_rho0.50_n400,gaussian4,400,0.5,0.25
True,4,4,0.2752070907182597,0.3029557711264338,0.21311583931737782,0.13528387707218353,-5.816540579057797,0.3300143993781241,25.04916998889259,0.0015250106619746234,equivalent,True,1.0,1.0,8.384601973717705e-07,9.25430121341964e-07,True,59,0.3943507671356201,gaussian4_rho0.50_n400,gaussian4,400,0.5,0.25
True,4,4,0.26022633041310345,0.2708709721610787,0.19727251485325664,0.10403636671224128,-7.715835438265951,0.3034786277379101,36.59741387908073,1.3646146169746948e-05,equivalent,True,1.0,1.0,7.927281618159765e-07,9.279466148709237e-07,True,60,0.3523249626159668,gaussian4_rho0.50_n400,gaussian4,400,0.5,0.25
True,4,4,0.22695955834628445,0.20604256449896197,0.1266506721190247,0.09670594843244165,-9.030978363146847,0.2672628865676585,26.234531669771027,0.0009574962167354875,equivalent,True,1.0,1.0,7.38336515559963e-07,8.441539803339613e-07,True,61,0.36934399604797363,gaussian4_rho0.50_n400,gaussian4,400,0.5,0.25
True,4,4,0.31589077610831556,0.3991479297212558,0.3257077211539856,0.13543254017925524,-4.978805521579507,0.37029529637678515,44.86385319848715,3.9052104364348686e-07,equivalent,True,1.0,1.0,7.081474750586043e-07,8.919466168943117e-07,True,62,0.3691887855529785,gaussian4_rho0.50_n400,gaussian4,400,0.5,0.25
True,4,4,0.26332017016179193,0.2773500480561402,0.1949585451438021,0.11040538721404401,-7.291686349466409,0.30682211733258574,30.945050165088674,0.00014370253176612183,equivalent,True,1.0,1.0,8.878835338518272e-07,8.879585747170691e-07,True,63,0.3694930076599121,gaussian4_rho0.50_n400,gaussian4,400,0.5,0.25
True,4,4,0.2651374365250003,0.2811914409881943,0.19106463418842257,0.12165482294422458,-6.649431121875474,0.31271752866779373,27.112678600029998,0.000675997879625422,equivalent,True,1.0,1.0,9.703408795429454e-07,7.77406526433662e-07,True,64,0.3778398036956787,gaussian4_rho0.50_n400,gaussian4,400,0.5,0.25
True,4,4,0.32166259392597485,0.4138672973247464,0.3429576701994984,0.12658675861232915,-5.190450699608227,0.3712055896760643,51.13782892414582,2.468423154004428e-08,equivalent,True,1.0,1.0,9.99364051864876e-07,8.866327467739637e-07,True,65,0.3521311283111572,gaussian4_rho0.50_n400,gaussian4,400,0.5,0.25
True,4,4,0.2498680753699865,0.24973622035640503,0.18242029383795888,0.10173507413842489,-8.036360253196541,0.2957023839617817,28.979823021266874,0.00031969374320461115,equivalent,True,1.0,1.0,8.143933259970141e-07,9.874747341048255e-07,True,66,0.33789777755737305,gaussian4_rho0.50_n400,gaussian4,400,0.5,0.25
True,4,4,0.20964047763678464,0.1757965194551168,0.10099998084897147,0.11032192703044062,-8.14887886161535,0.26573643081880366,15.53384546193233,0.04955946617917474,equivalent,True,1.0,1.0,8.960059698500569e-07,8.136275762650565e-07,True,67,0.35410213470458984,gaussian4_rho0.50_n400,gaussian4,400,0.5,0.25
True,4,4,0.2390256860914756,0.2285331144460025,0.14506397382397554,0.10830937057808847,-7.8934631566309035,0.2842608990224365,29.00026504585712,0.00031706412690331103,equivalent,True,1.0,1.0,9.88159644479825e-07,9.981482540539816e-07,True,68,0.38034605979919434,gaussian4_rho0.50_n400,gaussian4,400,0.5,0.25
True,4,4,0.30099463496472195,0.3623910811101848,0.2928396703426286,0.11813513989106464,-5.986028630511307,0.3489823361084575,45.33048360424394,3.185499287866016e-07,equivalent,True,1.0,1.0,8.614421529432143e-07,8.891203649787278e-07,True,69,0.35536909103393555,gaussian4_rho0.50_n400,gaussian4,400,0.5,0.25
True,4,4,0.2907376679904542,0.3381135663541103,0.26463587333291433,0.11542189982600225,-6.371097060225504,0.3370786272857357,45.14500628698464,3.454273179474504e-07,equivalent,True,1.0,1.0,7.837987420701157e-07,7.756308994859589e-07,True,70,0.3662221431732178,gaussian4_rho0.50_n400,gaussian4,400,0.5,0.25
True,4,4,0.22093720779646822,0.19525299915559913,0.11810207826209856,0.09707330642916734,-9.084865388626756,0.26352108948919345,23.660643678114276,0.002611950716064868,equivalent,True,1.0,1.0,9.830482241815683e-07,9.114402957835235e-07,True,71,0.3591599464416504,gaussian4_rho0.50_n400,gaussian4,400,0.5,0.25
True,4,4,0.1903501535775653,0.14493272386801076,0.06273761915366476,0.09109929649810442,-10.288360249476106,0.23053341808255226,15.315242060153752,0.05329794859922392,equivalent,False,1.0,1.0,7.883227207431634e-07,9.84784553033142e-07,True,72,0.36547303199768066,gaussian4_rho0.50_n400,gaussian4,400,0.5,0.25
True,4,4,0.30097738791143896,0.3623495521359712,0.2905190919293172,0.1229262042333918,-5.771600225478683,0.35096819827798825,41.139999680908886,1.9626328034417825e-06,equivalent,True,1.0,1.0,9.66470923329314e-07,9.132172731858001e-07,True,73,0.350125789642334,gaussian4_rho0.50_n400,gaussian4,400,0.5,0.25
True,4,4,0.26288464481947404,0.27643334592744406,0.20406170883014413,0.11193433646189506,-7.1107607935909005,0.3115193846857281,30.630812372797802,0.00016342213838249525,equivalent,True,1.0,1.0,8.750855682495072e-07,8.925123556730537e-07,True,74,0.35314106941223145,gaussian4_rho0.50_n400,gaussian4,400,0.5,0.25
True,4,4,0.21302862223717633,0.1815247755690783,0.08865223584332699,0.10084059813495272,-9.037508513555588,0.25225000467272535,21.58504770019173,0.005745436037863866,equivalent,True,1.0,1.0,9.442901437661195e-07,9.520519071434363e-07,True,75,0.3795900344848633,gaussian4_rho0.50_n400,gaussian4,400,0.5,0.25
True,4,4,0.3391339406127838,0.4600473187022206,0.36933686262816756,0.1703844756102816,-3.701411969094771,0.4029870920116313,38.98877023216768,4.939018502044705e-06,equivalent,True,1.0,1.0,8.373130944856616e-07,7.360422810857903e-07,True,76,0.3949849605560303,gaussian4_rho0.50_n400,gaussian4,400,0.5,0.25
True,4,4,0.22333979534784137,0.19952265674406267,0.1268767934994151,0.0947429172916796,-9.215709537553614,0.2658547651606971,22.70373333117371,0.003766188484784726,equivalent,True,1.0,1.0,8.074555372417052e-07,8.461755456550424e-07,True,77,0.353898286819458,gaussian4_rho0.50_n400,gaussian4,400,0.5,0.25
True,4,4,0.29410494236005424,0.34599086848244326,0.2409337877390148,0.15570756649157536,-4.874947501681333,0.3525088450047991,32.72147446189371,6.912595485611739e-05,equivalent,True,1.0,1.0,9.415592080965706e-07,9.502966877021065e-07,True,78,0.4129321575164795,gaussian4_rho0.50_n400,gaussian4,400,0.5,0.25
True,4,4,0.2976528453724635,0.35438886543329473,0.286544394450184,0.10614161814224483,-6.721732888919069,0.3395334372421785,56.94350146428675,1.8470283408788887e-09,equivalent,True,1.0,1.0,7.894073959945186e-07,9.82105687395401e-07,True,79,0.33728694915771484,gaussian4_rho0.50_n400,gaussian4,400,0.5,0.25
True,4,4,0.32111257885239997,0.4124531531889552,0.3324280335848985,0.14503038249940559,-4.602980112927976,0.37781668314713324,42.4984038905232,1.09164968897476e-06,equivalent,True,1.0,1.0,9.623312351926219e-07,9.487039488765636e-07,True,80,0.3730330467224121,gaussian4_rho0.50_n400,gaussian4,400,0.5,0.25
True,4,4,0.25108494064503034,0.25217458967487366,0.1771015998994152,0.10381426394643253,-7.926640991503777,0.2948986556772522,29.55398543370196,0.0002533824365262946,equivalent,True,1.0,1.0,7.569153512794853e-07,8.450377231336828e-07,True,81,0.34558796882629395,gaussian4_rho0.50_n400,gaussian4,400,0.5,0.25
True,4,4,0.24422770746562156,0.23858869237565286,0.17038802746662618,0.09322469050735288,-8.899058479233462,0.2844859389183734,34.76541816856021,2.9501205827559716e-05,equivalent,True,1.0,1.0,9.581180028833758e-07,8.440558094252677e-07,True,82,0.34563207626342773,gaussian4_rho0.50_n400,gaussian4,400,0.5,0.25
True,4,4,0.3563292055409057,0.507882010885652,0.4355064453059459,0.15499434609073023,-3.6420267508571715,0.415466441975238,55.059899238743114,4.298149878064506e-09,equivalent,True,1.0,1.0,9.004478652851933e-07,9.136587065734588e-07,True,83,0.3504478931427002,gaussian4_rho0.50_n400,gaussian4,400,0.5,0.25
True,4,4,0.3358989488826358,0.4513124154418383,0.38138733854604967,0.13234322764681655,-4.674305383459724,0.3869988942307782,54.84766081729729,4.726347905537298e-09,equivalent,True,1.0,1.0,9.909462180165816e-07,7.338104623646586e-07,True,84,0.34318995475769043,gaussian4_rho0.50_n400,gaussian4,400,0.5,0.25
True,4,4,0.3678893425665495,0.5413702734961919,0.4620797332421388,0.15667005886681162,-3.4334592751711295,0.4241989650517533,66.34635124249623,2.612844664883874e-11,equivalent,True,1.0,1.0,9.161168969812145e-07,7.94861229656301e-07,True,85,0.37311792373657227,gaussian4_rho0.50_n400,gaussian4,400,0.5,0.25
True,4,4,0.21075821330711317,0.17767609790562647,0.10845569542796835,0.08163302996723051,-10.921367305977975,0.24633822320572057,27.26883446848871,0.0006352393603725021,equivalent,True,1.0,1.0,8.675098360779533e-07,7.629797784400229e-07,True,86,0.3478987216949463,gaussian4_rho0.50_n400,gaussian4,400,0.5,0.25
True,4,4,0.3554558610621267,0.5053954766536717,0.4323018312447119,0.16664282461826996,-3.40667634538552,0.4202394810472688,46.10852553214281,2.2666988230912475e-07,equivalent,True,1.0,1.0,9.88079536920163e-07,8.167060060199722e-07,True,87,0.3525567054748535,gaussian4_rho0.50_n400,gaussian4,400,0.5,0.25
True,4,4,0.36165161408321167,0.5231675598759691,0.4285587040185387,0.17453678850472568,-3.2740449785804855,0.42297936522571605,57.116981636971474,1.7085304555989242e-09,equivalent,True,1.0,1.0,9.440221414864318e-07,8.626511323447436e-07,True,88,0.3954598903656006,gaussian4_rho0.50_n400,gaussian4,400,0.5,0.25
True,4,4,0.22719657689322403,0.20647313820799462,0.1265598012702303,0.09526491887548941,-9.168539784003281,0.2661093048935986,28.06235772256145,0.0004625357509890298,equivalent,True,1.0,1.0,9.498925150832848e-07,9.243702305376862e-07,True,89,0.3724329471588135,gaussian4_rho0.50_n400,gaussian4,400,0.5,0.25
True,4,4,0.2073222486359828,0.17193005911792109,0.10665640756159209,0.08360721336668621,-10.685006191037171,0.24707186996251287,23.036480150402625,0.0033177243799321333,equivalent,True,1.0,1.0,9.116438517428149e-07,7.46286424160877e-07,True,90,0.3360280990600586,gaussian4_rho0.50_n400,gaussian4,400,0.5,0.25
True,4,4,0.2314067812356074,0.21419639360729703,0.14841787425200598,0.09259025150337093,-9.197319500930297,0.2741875659369306,25.1484941259987,0.0014669840832897592,equivalent,True,1.0,1.0,9.537666415759795e-07,8.647541125178181e-07,True,91,0.33490777015686035,gaussian4_rho0.50_n400,gaussian4,400,0.5,0.25
True,4,4,0.31920333331724493,0.4075630720033607,0.32581233841811436,0.13840344590925113,-4.871176849338992,0.3719763932041011,49.041938069796004,6.241176746231116e-08,equivalent,True,1.0,1.0,8.966855375230905e-07,8.602445579257295e-07,True,92,0.38078975677490234,gaussian4_rho0.50_n400,gaussian4,400,0.5,0.25
True,4,4,0.3007855814080724,0.36188786393196853,0.2770314889301141,0.13919112027941932,-5.194070639122397,0.35566153431357866,39.80499711604739,3.48308702355428e-06,equivalent,True,1.0,1.0,9.79579732082465e-07,9.539887489988549e-07,True,93,0.37431907653808594,gaussian4_rho0.50_n400,gaussian4,400,0.5,0.25
True,4,4,0.23400287918791082,0.21902938987292794,0.14994057172769965,0.0865530443222013,-9.821253948132426,0.27032742212212024,38.043306581167165,7.390859879357276e-06,equivalent,True,1.0,1.0,9.267065418082591e-07,6.933717280443278e-07,True,94,0.3546440601348877,gaussian4_rho0.50_n400,gaussian4,400,0.5,0.25
True,4,4,0.2765112269039782,0.30583383441577333,0.24057822617393793,0.10242244136035808,-7.41460332071318,0.31978436106490077,44.52734121798488,4.522343402693168e-07,equivalent,True,1.0,1.0,7.979126476368443e-07,9.60733222260429e-07,True,95,0.33909106254577637,gaussian4_rho0.50_n400,gaussian4,400,0.5,0.25
True,4,4,0.3479393538501781,0.48424717583071775,0.39800590476286907,0.1505386203516524,-3.998934584566379,0.40175238034284105,49.45092554981663,5.2098033013769713e-08,equivalent,True,1.0,1.0,8.902879219652837e-07,8.651951727010554e-07,True,96,0.37821197509765625,gaussian4_rho0.50_n400,gaussian4,400,0.5,0.25
True,4,4,0.3105946963391636,0.38587626157606897,0.31510138742657834,0.1270540300329787,-5.390609116418003,0.36196915253413675,42.10412059350014,1.294655196936569e-06,equivalent,True,1.0,1.0,9.743388501408633e-07,9.967874148660054e-07,True,97,0.3452789783477783,gaussian4_rho0.50_n400,gaussian4,400,0.5,0.25
True,4,4,0.22940669572944408,0.21050972818200697,0.13797029114967765,0.09638588883089172,-8.9435260628529,0.2722641043087168,25.30815525553391,0.0013781873653933622,equivalent,True,1.0,1.0,8.884144115780986e-07,9.72161609882666e-07,True,98,0.3569021224975586,gaussian4_rho0.50_n400,gaussian4,400,0.5,0.25
True,4,4,0.34066540220637426,0.464211665041723,0.3877858371147106,0.1516479518422721,-4.037075050786369,0.3991317203387354,49.57940474440583,4.92222767231399e-08,equivalent,True,1.0,1.0,8.965850040080421e-07,9.394595861697057e-07,True,99,0.36090612411499023,gaussian4_rho0.50_n400,gaussian4,400,0.5,0.25
True,4,4,0.25952206636510006,0.26940681172164554,0.19356467671457855,0.11101421569661996,-7.264252764612154,0.3066621969066031,30.717114310449908,0.0001577556518704473,equivalent,True,1.0,1.0,9.074863735401197e-07,7.948715173842534e-07,True,100,0.3516407012939453,gaussian4_rho0.50_n400,gaussian4,400,0.5,0.25
True,4,4,0.29440329936745246,0.3466932107137673,0.27933154279453026,0.11172414089229309,-6.4504273780921295,0.3402577703591998,48.72668606487523,7.172596298929149e-08,equivalent,True,1.0,1.0,9.277130534513293e-07,9.728147983490228e-07,True,101,0.33968567848205566,gaussian4_rho0.50_n400,gaussian4,400,0.5,0.25
True,4,4,0.3033362781345187,0.36805159053000835,0.2937304278311288,0.11079411414685554,-6.374612745517546,0.3449530867851669,53.89200605409712,7.244562234026315e-09,equivalent,True,1.0,1.0,9.757838656573792e-07,8.41878640372947e-07,True,102,0.3605787754058838,gaussian4_rho0.50_n400,gaussian4,400,0.5,0.25
True,4,4,0.2347799665001382,0.22048653067922405,0.13290937207239845,0.10993983098123943,-7.886956166737836,0.28006441304114393,26.957980645054292,0.0007188946773214367,equivalent,True,1.0,1.0,7.673058949732103e-07,8.038170669919735e-07,True,103,0.37575793266296387,gaussian4_rho0.50_n400,gaussian4,400,0.5,0.25
True,4,4,0.24378293268965684,0.237720473083079,0.16399357678423973,0.10095386080976138,-8.28107430969025,0.28724897775794167,28.896860027289375,0.0003305873625277178,equivalent,True,1.0,1.0,6.947529833834916e-07,8.836099334893486e-07,True,104,0.35924792289733887,gaussian4_rho0.50_n400,gaussian4,400,0.5,0.25
True,4,4,0.3255884719969831,0.42403141238932096,0.3520045779205137,0.12624746535185638,-5.132740053620079,0.374053197820158,65.7250863440272,3.468513275825425e-11,equivalent,True,1.0,1.0,9.707409825362353e-07,9.043458605954843e-07,True,105,0.3532719612121582,gaussian4_rho0.50_n400,gaussian4,400,0.5,0.25
True,4,4,0.3075214654770575,0.37827780691662827,0.29973766052522266,0.1334809242158237,-5.246160405231624,0.3603103672011308,43.21065491505058,8.017216764641198e-07,equivalent,True,1.0,1.0,8.88245470911608e-07,9.423620857709951e-07,True,106,0.3604617118835449,gaussian4_rho0.50_n400,gaussian4,400,0.5,0.25
True,4,4,0.3614748545242852,0.5226562818134125,0.4502907202292916,0.14284329279067365,-3.848338056560114,0.4138982448808288,65.13594219335877,4.53640184521408e-11,equivalent,True,1.0,1.0,9.410963216916505e-07,7.657771485745276e-07,True,107,0.3497440814971924,gaussian4_rho0.50_n400,gaussian4,400,0.5,0.25
True,4,4,0.22958334616038864,0.21083405133680336,0.13531691462854806,0.09448571909745211,-9.15146853546854,0.2695978914889312,26.022680088984455,0.0010409548815779911,equivalent,True,1.0,1.0,7.364259483770913e-07,8.499217350496458e-07,True,108,0.36020827293395996,gaussian4_rho0.50_n400,gaussian4,400,0.5,0.25
True,4,4,0.22920561805658507,0.21014086139480465,0.10724755591885365,0.11238716213600938,-7.943544681738201,0.2702350769150129,24.155285601320585,0.0021583262087151835,equivalent,True,1.0,1.0,8.358655937317035e-07,8.55758990852895e-07,True,109,0.4139220714569092,gaussian4_rho0.50_n400,gaussian4,400,0.5,0.25
True,4,4,0.3407290035672821,0.46438501548781175,0.39785303203642036,0.13281915681853632,-4.533585232635234,0.3925306051309968,59.45501960399446,5.961354451347957e-10,equivalent,True,1.0,1.0,9.078441960359206e-07,9.909937927129583e-07,True,110,0.3492450714111328,gaussian4_rho0.50_n400,gaussian4,400,0.5,0.25
True,4,4,0.22533820337156132,0.2031092235948925,0.1376008190885709,0.08732046348324073,-9.876255192769882,0.26515570904473423,27.656499519742177,0.0005441693210702692,equivalent,True,1.0,1.0,8.990586360557344e-07,7.744605298453224e-07,True,111,0.3360590934753418,gaussian4_rho0.50_n400,gaussian4,400,0.5,0.25
True,4,4,0.17682953216384817,0.12507473378114167,0.03834734773914364,0.0819041722549261,-11.741192490996916,0.20800704467344186,16.505712765830516,0.03568794846188893,equivalent,True,1.0,1.0,9.064689036510751e-07,8.229675374969302e-07,True,112,0.37439417839050293,gaussian4_rho0.50_n400,gaussian4,400,0.5,0.25
True,4,4,0.3376620218649728,0.45606256403976553,0.3560282988545924,0.18483610169727535,-3.4840147310621425,0.40621934688137606,34.51210527788331,3.280153382678865e-05,equivalent,True,1.0,1.0,8.963174537294932e-07,9.398474628712391e-07,True,113,0.4080061912536621,gaussian4_rho0.50_n400,gaussian4,400,0.5,0.25
True,4,4,0.22146132844463515,0.19618047998585025,0.13237508695370825,0.08422979172731165,-10.300689284085728,0.26025024753770354,30.11405394751306,0.00020178640586720228,equivalent,True,1.0,1.0,9.68035495866235e-07,9.267284736881046e-07,True,114,0.33507394790649414,gaussian4_rho0.50_n400,gaussian4,400,0.5,0.25
True,4,4,0.23979892857097132,0.2300141045751432,0.15622959667153694,0.09885232743542774,-8.535665524715442,0.2823239300813406,30.168551953188008,0.00019735539198692864,equivalent,True,1.0,1.0,8.091742462005392e-07,6.67769432373672e-07,True,115,0.35932493209838867,gaussian4_rho0.50_n400,gaussian4,400,0.5,0.25
True,4,4,0.2758521045803804,0.3043775344057005,0.22851025809285563,0.11671159993863597,-6.610223339520444,0.32422359436013837,34.69528803129915,3.0380584045012528e-05,equivalent,True,1.0,1.0,9.832128881367887e-07,7.635650303442673e-07,True,116,0.3594930171966553,gaussian4_rho0.50_n400,gaussian4,400,0.5,0.25
True,4,4,0.22515881472803617,0.20278596739893645,0.11675561647154377,0.10229634303068118,-8.634173591753418,0.2669354450655774,22.06341122102185,0.004799742637401804,equivalent,True,1.0,1.0,8.775026415070532e-07,9.416455566462292e-07,True,117,0.37074804306030273,gaussian4_rho0.50_n400,gaussian4,400,0.5,0.25
True,4,4,0.28546226970529026,0.3259548297011835,0.2482831594765718,0.12514152782698224,-6.00693353818354,0.33694311664026916,35.47234892886185,2.1927818003311133e-05,equivalent,True,1.0,1.0,9.258332402660526e-07,8.14208906959324e-07,True,118,0.36554598808288574,gaussian4_rho0.50_n400,gaussian4,400,0.5,0.25
True,4,4,0.3427575120429432,0.46993084824747344,0.3943823876756679,0.1648485894598476,-3.6737809787073927,0.4079013937051859,52.94817916296428,1.1036516777502239e-08,equivalent,True,1.0,1.0,9.932211871233074e-07,8.273325144947793e-07,True,119,0.35530877113342285,gaussian4_rho0.50_n400,gaussian4,400,0.5,0.25
True,4,4,0.2711060012123048,0.29399385557330493,0.21837846760482885,0.10780421997923798,-7.250379739732858,0.3145236993607766,40.98047833070263,2.1021981187561058e-06,equivalent,True,1.0,1.0,8.318250128735052e-07,7.975445415941827e-07,True,120,0.370589017868042,gaussian4_rho0.50_n400,gaussian4,400,0.5,0.25
True,4,4,0.19710297661986736,0.15539833356964794,0.07035560555266579,0.08852083366872136,-10.501984176136629,0.2323571711145527,19.158449911793493,0.014034842189737048,equivalent,True,1.0,1.0,9.025723157838772e-07,7.209532517450842e-07,True,121,0.37479496002197266,gaussian4_rho0.50_n400,gaussian4,400,0.5,0.25
True,4,4,0.294092938563627,0.34596262605195716,0.2638948935418317,0.1312452975697783,-5.608620804618225,0.34632867238715836,39.23548488076545,4.44475036180411e-06,equivalent,True,1.0,1.0,9.09581101339031e-07,7.707948142509076e-07,True,122,0.3815600872039795,gaussian4_rho0.50_n400,gaussian4,400,0.5,0.25
True,4,4,0.24528348108628512,0.24065594437522397,0.15741745055903061,0.12007824304462637,-7.016946018504189,0.29787941526268,19.362749882431245,0.013035524067629773,equivalent,True,1.0,1.0,8.670106172275864e-07,9.095696179465289e-07,True,123,0.3786609172821045,gaussian4_rho0.50_n400,gaussian4,400,0.5,0.25
True,4,4,0.3383366700498437,0.45788680920166724,0.3807267815372305,0.16009426663707974,-3.8681786142074026,0.40126625096977914,44.46089740366044,4.655183978281267e-07,equivalent,True,1.0,1.0,6.594318157966657e-07,8.594414376063789e-07,True,124,0.36932992935180664,gaussian4_rho0.50_n400,gaussian4,400,0.5,0.25
True,4,4,0.30070714640708907,0.36169915160117805,0.26181219675166406,0.133628158373543,-5.524193495092645,0.34699097888678315,43.51456180674052,7.026265654523017e-07,equivalent,True,1.0,1.0,8.717979829180282e-07,8.553600130551212e-07,True,125,0.3959331512451172,gaussian4_rho0.50_n400,gaussian4,400,0.5,0.25
True,4,4,0.2845413956427202,0.32385522333722805,0.23657657726925474,0.13471144347983427,-5.667101494944833,0.33843654636760506,31.384055587160884,0.00012001923172468111,equivalent,True,1.0,1.0,8.435844377325996e-07,9.9412357574399e-07,True,126,0.3920609951019287,gaussian4_rho0.50_n400,gaussian4,400,0.5,0.25
True,4,4,0.26031453781917574,0.2710546344000443,0.2036596720956365,0.0965370143608962,-8.249067294823377,0.30101865818509616,38.83939513635103,5.2643402357364326e-06,equivalent,True,1.0,1.0,8.156697199962264e-07,9.779964196383857e-07,True,127,0.34177303314208984,gaussian4_rho0.50_n400,gaussian4,400,0.5,0.25
True,4,4,0.3820657014374303,0.5838968008595026,0.4812227288687759,0.2010786686813242,-2.5799716823936145,0.45054625355001715,58.862888452642,7.786422339604892e-10,equivalent,True,1.0,1.0,9.66016319507546e-07,7.912124133750509e-07,True,128,0.41602396965026855,gaussian4_rho0.50_n400,gaussian4,400,0.5,0.25
True,4,4,0.20061105342484895,0.1609791790249104,0.08528090630871879,0.08137231747022411,-11.241158198867774,0.23405472534914967,23.711055953699123,0.0025617833604579237,equivalent,True,1.0,1.0,9.07755699362227e-07,8.267108559869495e-07,True,129,0.3587470054626465,gaussian4_rho0.50_n400,gaussian4,400,0.5,0.25
True,4,4,0.3261891894052472,0.42559754913940895,0.3342696413705405,0.15640016038916235,-4.256583605623916,0.3845533163432758,41.023512793936916,2.0636062351687322e-06,equivalent,True,1.0,1.0,9.784972525210536e-07,9.9221055853118e-07,True,130,0.3889889717102051,gaussian4_rho0.50_n400,gaussian4,400,0.5,0.25
True,4,4,0.35411593088133303,0.5015923700158121,0.42985218240018586,0.15223304906077592,-3.745230231657479,0.41238733773289055,53.3854989637765,9.081749509721263e-09,equivalent,True,1.0,1.0,7.71601031163922e-07,8.645652524275263e-07,True,131,0.37061095237731934,gaussian4_rho0.50_n400,gaussian4,400,0.5,0.25
True,4,4,0.2799201685259356,0.31342120299035275,0.24454671453325638,0.11845968563815634,-6.377302804722361,0.3314345931336638,34.464456060597044,3.346187911414152e-05,equivalent,True,1.0,1.0,9.707415863100415e-07,9.868860270893023e-07,True,132,0.36170506477355957,gaussian4_rho0.50_n400,gaussian4,400,0.5,0.25
True,4,4,0.37247563231525155,0.5549523866745859,0.4830780664003719,0.14423751757119016,-3.5838243912128833,0.4243605985243625,76.74503116038483,2.2045011121730603e-13,equivalent,True,1.0,1.0,6.749390319307163e-07,8.350974259596436e-07,True,133,0.3709452152252197,gaussian4_rho0.50_n400,gaussian4,400,0.5,0.25
True,4,4,0.321282476477162,0.4128897187651927,0.3072984372265824,0.17282737459445163,-4.008054652215123,0.38456929517473404,32.756549979670034,6.812883572507837e-05,equivalent,True,1.0,1.0,9.87292714939095e-07,9.278062367073948e-07,True,134,0.42224574089050293,gaussian4_rho0.50_n400,gaussian4,400,0.5,0.25
True,4,4,0.3337670242354184,0.44560170586786546,0.3636098166751231,0.13418861104295218,-4.742505182657982,0.382207548409468,54.99157505017528,4.431603552293824e-09,equivalent,True,1.0,1.0,9.59109362949261e-07,7.814314404834025e-07,True,135,0.3894991874694824,gaussian4_rho0.50_n400,gaussian4,400,0.5,0.25
True,4,4,0.2886616292109402,0.3333021447148573,0.2492848255021617,0.1264632308687244,-5.936232763791404,0.3381191836736657,45.29719557792987,3.23215855377216e-07,equivalent,True,1.0,1.0,8.718325636598056e-07,9.949100653863779e-07,True,136,0.37389206886291504,gaussian4_rho0.50_n400,gaussian4,400,0.5,0.25
True,4,4,0.27092734547998243,0.29360650611531897,0.22051459925837344,0.12012100583961476,-6.489168112548053,0.32330174426792174,31.840657133226934,9.946466210040243e-05,equivalent,True,1.0,1.0,9.9063095012291e-07,9.725003625964133e-07,True,137,0.3639059066772461,gaussian4_rho0.50_n400,gaussian4,400,0.5,0.25
True,4,4,0.23351883667113357,0.21812418832095826,0.1354819826346323,0.10117259495992528,-8.544982143710017,0.274725359405788,24.965026413758878,0.0015759126959564802,equivalent,True,1.0,1.0,9.872443958791688e-07,9.426152628979077e-07,True,138,0.3707458972930908,gaussian4_rho0.50_n400,gaussian4,400,0.5,0.25
True,4,4,0.29881202107390475,0.3571544957530868,0.2909863755178194,0.11448072462275603,-6.19330133363993,0.34615401580423427,47.04811169323381,1.5013346665691575e-07,equivalent,True,1.0,1.0,9.900731804046757e-07,9.517355171687937e-07,True,139,0.3343160152435303,gaussian4_rho0.50_n400,gaussian4,400,0.5,0.25
True,4,4,0.2639376011640449,0.27865222923292177,0.210531550780864,0.10495033589975417,-7.52230512128342,0.3094993907245012,34.62455733222644,3.1293704670668774e-05,equivalent,True,1.0,1.0,9.247115562438902e-07,6.322625812804613e-07,True,140,0.3506622314453125,gaussian4_rho0.50_n400,gaussian4,400,0.5,0.25
True,4,4,0.24009804936982182,0.2305882932447736,0.15835961259019393,0.09487021108316436,-8.871492724644767,0.2803601359769201,30.41773228920584,0.00017828409529966116,equivalent,True,1.0,1.0,9.858585595473013e-07,7.984450646378657e-07,True,141,0.3578329086303711,gaussian4_rho0.50_n400,gaussian4,400,0.5,0.25
True,4,4,0.2304207657544544,0.21237491716347653,0.13714198292978863,0.0989700169640876,-8.718377984953861,0.2738307754310209,23.450067923388563,0.0028320064519696277,equivalent,True,1.0,1.0,7.697623132019892e-07,9.124575265548617e-07,True,142,0.3499009609222412,gaussian4_rho0.50_n400,gaussian4,400,0.5,0.25
True,4,4,0.2743259609596233,0.30101893142568303,0.21882764597074544,0.11872305807926094,-6.579786325144476,0.321756778737911,32.01551746120437,9.254743101483083e-05,equivalent,True,1.0,1.0,9.206467164537949e-07,9.535149716784487e-07,True,143,0.37459611892700195,gaussian4_rho0.50_n400,gaussian4,400,0.5,0.25
True,4,4,0.31027876902949325,0.38509165804183054,0.32202330410749286,0.1110174173721435,-6.106939901329618,0.35518681905683397,57.87422831654062,1.2154388712950408e-09,equivalent,True,1.0,1.0,7.438421913890679e-07,8.816739233183417e-07,True,144,0.34953808784484863,gaussian4_rho0.50_n400,gaussian4,400,0.5,0.25
True,4,4,0.2952915401135694,0.34878837465057505,0.28151734615576834,0.12228089782793117,-5.875673687440961,0.34736563030002093,42.49405388677273,1.0937071460554172e-06,equivalent,True,1.0,1.0,8.900921443415068e-07,9.97756165003015e-07,True,145,0.3914909362792969,gaussian4_rho0.50_n400,gaussian4,400,0.5,0.25
True,4,4,0.20553070371937482,0.16897148068552575,0.09011220701045018,0.0924983053041301,-9.836805009539162,0.24609875049297444,19.544881078686643,0.012202126673796828,equivalent,True,1.0,1.0,8.095631100349411e-07,6.991893001908691e-07,True,146,0.41340184211730957,gaussian4_rho0.50_n400,gaussian4,400,0.5,0.25
True,4,4,0.23986403044771237,0.23013901241048434,0.1415954980366549,0.13259451579628334,-6.473906532319841,0.2998725013476752,18.782130778033693,0.016069253949034152,equivalent,True,1.0,1.0,8.818407175670197e-07,9.92152678770806e-07,True,147,0.43491291999816895,gaussian4_rho0.50_n400,gaussian4,400,0.5,0.25
True,4,4,0.2739912483697255,0.3002848167328024,0.23185258903144623,0.098607634079029,-7.789938559451925,0.3138660994721478,49.94323807241655,4.190695469851312e-08,equivalent,True,1.0,1.0,9.051121023740486e-07,9.951285716278225e-07,True,148,0.38906288146972656,gaussian4_rho0.50_n400,gaussian4,400,0.5,0.25
True,4,4,0.32058252853746455,0.4110926304138971,0.3437868634046996,0.12491082141883442,-5.253453056680921,0.3705559610439957,56.48074123925397,2.273610341369961e-09,equivalent,True,1.0,1.0,7.914654819591798e-07,9.051373137658498e-07,True,149,0.35585904121398926,gaussian4_rho0.50_n400,gaussian4,400,0.5,0.25
True,4,4,0.2574816464064106,0.26518719294462334,0.18638439776359245,0.10796809648486955,-7.535703867395923,0.30165216428105424,31.71589485383226,0.00010470891479652541,equivalent,True,1.0,1.0,8.634406840578978e-07,9.411170792984566e-07,True,150,0.3624300956726074,gaussian4_rho0.50_n400,gaussian4,400,0.5,0.25
True,4,4,0.3242001771059869,0.4204230193422131,0.34768058348312564,0.13346613932320883,-4.887527426991668,0.3765676721467591,54.343837010380966,5.920535308205431e-09,equivalent,True,1.0,1.0,8.780929936779821e-07,9.55752485359405e-07,True,151,0.3570399284362793,gaussian4_rho0.50_n400,gaussian4,400,0.5,0.25
True,4,4,0.3273065273875791,0.4285182514820643,0.3408252087304537,0.16186307565769342,-4.072422253136739,0.3895722897600429,39.29169783031807,4.339174455127476e-06,equivalent,True,1.0,1.0,8.069581359622369e-07,8.617030459208857e-07,True,152,0.39903903007507324,gaussian4_rho0.50_n400,gaussian4,400,0.5,0.25
True,4,4,0.2817691892484849,0.317575504038994,0.23489430944168463,0.12476966693710698,-6.132145010405329,0.3317085123405458,35.20632144424077,2.4520855762118197e-05,equivalent,True,1.0,1.0,9.481947962919078e-07,8.677176674102385e-07,True,153,0.40795302391052246,gaussian4_rho0.50_n400,gaussian4,400,0.5,0.25
True,4,4,0.30105183481204023,0.3625288289747838,0.29794381057567976,0.10578348068343639,-6.636728011675725,0.34349023001003287,55.68624805942051,3.246832407169561e-09,equivalent,True,1.0,1.0,9.3593099141625e-07,9.207893470749655e-07,True,154,0.3662548065185547,gaussian4_rho0.50_n400,gaussian4,400,0.5,0.25
True,4,4,0.26199401148486046,0.27456344821571677,0.1855589333201431,0.10999847053892052,-7.404112645290691,0.30269221849314243,33.42028295951983,5.172275818898022e-05,equivalent,True,1.0,1.0,9.05550728086453e-07,8.75660335977826e-07,True,155,0.41742491722106934,gaussian4_rho0.50_n400,gaussian4,400,0.5,0.25
True,4,4,0.3252398951413324,0.4231239575661796,0.3553691995015616,0.12752272767144018,-5.055026756950472,0.37587412142586873,58.72542076218199,8.284173210955835e-10,equivalent,True,1.0,1.0,8.388086182205853e-07,8.664378865361942e-07,True,156,0.3572821617126465,gaussian4_rho0.50_n400,gaussian4,400,0.5,0.25
True,4,4,0.3220891952099486,0.41496579868396954,0.3415699268691584,0.128499409954695,-5.123992969018178,0.3717972052726669,51.703695439553044,1.9200139631091097e-08,equivalent,True,1.0,1.0,9.222556688473119e-07,8.316236820802514e-07,True,157,0.3528289794921875,gaussian4_rho0.50_n400,gaussian4,400,0.5,0.25
True,4,4,0.3378629982683788,0.45660562239559405,0.37889184089837524,0.1596447088695643,-3.8905652652045823,0.4004634875073163,42.65818213385318,1.018680963066315e-06,equivalent,True,1.0,1.0,9.622328180236165e-07,9.84829218332585e-07,True,158,0.35933804512023926,gaussian4_rho0.50_n400,gaussian4,400,0.5,0.25
True,4,4,0.2865005851074962,0.3283303410677508,0.2296854910892343,0.15418583273146352,-4.996013545890286,0.3475984095483303,30.382907038823816,0.00018083629932704273,equivalent,True,1.0,1.0,9.988613314964364e-07,9.516867938561487e-07,True,159,0.40190815925598145,gaussian4_rho0.50_n400,gaussian4,400,0.5,0.25
True,4,4,0.26403200328371546,0.2788515950320477,0.20752545100088174,0.11863290215749538,-6.680057004312684,0.3172771699911676,27.256104821708767,0.0006384698702573496,equivalent,True,1.0,1.0,9.288684442579007e-07,7.801946101165606e-07,True,160,0.37993383407592773,gaussian4_rho0.50_n400,gaussian4,400,0.5,0.25
True,4,4,0.18267521373339762,0.13348093485017,0.04249058226732225,0.08818595874073729,-10.857844393887149,0.21653150830088033,14.576340804065504,0.0679259844623923,equivalent,False,1.0,1.0,8.399967240487313e-07,9.813407376249724e-07,True,161,0.40244007110595703,gaussian4_rho0.50_n400,gaussian4,400,0.5,0.25
True,4,4,0.255068454149539,0.26023966520894193,0.18182739601494807,0.10394561156956028,-7.871160615929723,0.29698598965726825,32.67585136308719,7.04444704404945e-05,equivalent,True,1.0,1.0,7.918087934738855e-07,7.963709108233832e-07,True,162,0.3953409194946289,gaussian4_rho0.50_n400,gaussian4,400,0.5,0.25
True,4,4,0.311892909090975,0.38910874696492476,0.297470434082116,0.1485843352070517,-4.728153643780226,0.36805907024403306,42.95696970193176,8.949717356984001e-07,equivalent,True,1.0,1.0,7.806688118806655e-07,8.756528154602903e-07,True,163,0.4284780025482178,gaussian4_rho0.50_n400,gaussian4,400,0.5,0.25
True,4,4,0.2346684367590802,0.2202771008438017,0.14891211767741733,0.09890475263630062,-8.60512624152918,0.27910390483383357,27.97397900981045,0.00047922162595887414,equivalent,True,1.0,1.0,8.178692300701797e-07,8.972994020433319e-07,True,164,0.43065309524536133,gaussian4_rho0.50_n400,gaussian4,400,0.5,0.25
True,4,4,0.32969655914732793,0.43479928445434995,0.36229171972540636,0.13552629239543593,-4.70542113270465,0.3824959585797361,48.425259253255774,8.19200972759738e-08,equivalent,True,1.0,1.0,8.697375252609345e-07,9.168041439708573e-07,True,165,0.40433692932128906,gaussian4_rho0.50_n400,gaussian4,400,0.5,0.25
True,4,4,0.3706550328328062,0.5495406134571545,0.4631535461445417,0.15562844022545583,-3.449539512686367,0.42401048056215046,63.172754970187285,1.107688956431943e-10,equivalent,True,1.0,1.0,9.953097763796202e-07,9.352082125625744e-07,True,166,0.42818403244018555,gaussian4_rho0.50_n400,gaussian4,400,0.5,0.25
True,4,4,0.31379035413184964,0.39385754538476647,0.32772249865794806,0.13571087843883042,-4.953748064088101,0.3711290305523231,44.881039665633196,3.876041024086004e-07,equivalent,True,1.0,1.0,9.742629549051674e-07,6.968514452365728e-07,True,167,0.34685277938842773,gaussian4_rho0.50_n400,gaussian4,400,0.5,0.25
True,4,4,0.44267351634591223,0.7838393682962186,0.7152323047787991,0.1906593257757377,-1.493594368188199,0.5071585029093822,95.42588507374302,3.6632823810973124e-17,inconclusive,True,1.0,1.0,8.054346574896288e-07,9.094061706156412e-07,True,168,0.3562779426574707,gaussian4_rho0.50_n400,gaussian4,400,0.5,0.25
True,4,4,0.3192929835728797,0.407792037435485,0.3308051706372715,0.1416344249972003,-4.7248035170542515,0.3754241162655586,42.79861425846044,9.585557507442788e-07,equivalent,True,1.0,1.0,9.636219891848334e-07,8.773837167838324e-07,True,169,0.37485384941101074,gaussian4_rho0.50_n400,gaussian4,400,0.5,0.25
True,4,4,0.24842578860231712,0.24686148977073263,0.16943050161467085,0.10494592535325402,-7.914261516962992,0.29242571174819304,31.4246947541923,0.00011803187690731734,equivalent,True,1.0,1.0,9.251365646613094e-07,8.14745225607706e-07,True,170,0.3690907955169678,gaussian4_rho0.50_n400,gaussian4,400,0.5,0.25
True,4,4,0.2416054904466581,0.23349285205588083,0.1494014800102252,0.1043491583329894,-8.15146507723065,0.2833022112354474,27.28882772557721,0.0006301977677549309,equivalent,True,1.0,1.0,9.717460201761011e-07,8.953904056563971e-07,True,171,0.38983893394470215,gaussian4_rho0.50_n400,gaussian4,400,0.5,0.25
True,4,4,0.35880938516264654,0.5149766995231857,0.41505035911462407,0.18802007681335,-3.111102020589339,0.4255337426106058,36.31803701678583,1.5355518390381525e-05,equivalent,True,1.0,1.0,8.024058477527923e-07,9.559334688310097e-07,True,172,0.4118471145629883,gaussian4_rho0.50_n400,gaussian4,400,0.5,0.25
True,4,4,0.2949048203374071,0.3478754122329535,0.23955331857893536,0.1744407720748589,-4.359340264182786,0.3627956915450079,33.16716012327107,5.745994495320447e-05,equivalent,True,1.0,1.0,9.463289135476586e-07,9.945240897212028e-07,True,173,0.42745113372802734,gaussian4_rho0.50_n400,gaussian4,400,0.5,0.25
True,4,4,0.2886857332584323,0.3333578103478348,0.2605925690497467,0.12361201821376491,-5.981679141194671,0.34055698698729164,43.276833556781554,7.790245275878096e-07,equivalent,True,1.0,1.0,9.169178857719725e-07,7.85331107987888e-07,True,174,0.36550021171569824,gaussian4_rho0.50_n400,gaussian4,400,0.5,0.25
True,4,4,0.31946753166373026,0.40823801514926594,0.333607030683729,0.13334701330519932,-4.997434534143314,0.37180080324077175,48.624265580789924,7.503984596076617e-08,equivalent,True,1.0,1.0,9.932933718147077e-07,8.444528371303226e-07,True,175,0.371462345123291,gaussian4_rho0.50_n400,gaussian4,400,0.5,0.25
True,4,4,0.3267302718777484,0.4270106822452295,0.34889842349657163,0.14824062485805695,-4.392193955785533,0.3849456302375373,40.61907810080477,2.455834419663424e-06,equivalent,True,1.0,1.0,8.808383309818588e-07,9.59332407858915e-07,True,176,0.3779442310333252,gaussian4_rho0.50_n400,gaussian4,400,0.5,0.25
True,4,4,0.22496131585576531,0.2024303745262296,0.11746237078938783,0.10336367051838029,-8.538180047057036,0.26808603056507935,20.84461209557406,0.007571859723225936,equivalent,True,1.0,1.0,9.777753421346119e-07,7.511963677046926e-07,True,177,0.3823990821838379,gaussian4_rho0.50_n400,gaussian4,400,0.5,0.25
True,4,4,0.20527220949013056,0.1685467199558402,0.10168110693169344,0.07577622406443282,-11.854891216332744,0.2378665087400721,26.011203087580263,0.0010456735470112282,equivalent,True,1.0,1.0,8.595363899584389e-07,8.859685596336039e-07,True,178,0.35861706733703613,gaussian4_rho0.50_n400,gaussian4,400,0.5,0.25
True,4,4,0.30422999886456464,0.37022356883653196,0.30044169407414445,0.11138268061445376,-6.280673997668863,0.34772471161193236,59.58550294257142,5.620412994691916e-10,equivalent,True,1.0,1.0,9.701048972462728e-07,8.097498535493704e-07,True,179,0.3705921173095703,gaussian4_rho0.50_n400,gaussian4,400,0.5,0.25
True,4,4,0.2780612314236824,0.30927219368341863,0.23876127536083191,0.10547612092108077,-7.2171664827221065,0.3210350663925374,48.487050355805124,7.971922720485402e-08,equivalent,True,1.0,1.0,8.688803982264601e-07,8.82280308424732e-07,True,180,0.36319828033447266,gaussian4_rho0.50_n400,gaussian4,400,0.5,0.25
True,4,4,0.2126879393665744,0.1809446382079985,0.09161982274628326,0.12079789127040502,-7.5198347231104865,0.26940428371246183,14.842484889048794,0.06228158505440638,equivalent,False,1.0,1.0,9.58794819514749e-07,9.500149355124327e-07,True,181,0.3798668384552002,gaussian4_rho0.50_n400,gaussian4,400,0.5,0.25
True,4,4,0.28168653996487464,0.31738922718953166,0.2492570610723402,0.11690338601319757,-6.421909275090683,0.3322446461416106,36.31601619858933,1.536862362344123e-05,equivalent,True,1.0,1.0,8.937794606201328e-07,8.736957171711316e-07,True,182,0.3475930690765381,gaussian4_rho0.50_n400,gaussian4,400,0.5,0.25
True,4,4,0.2424855218918378,0.23519691330862783,0.1630983194942356,0.09690748935388602,-8.636088769667465,0.2839440767284714,29.559459913149404,0.0002528202509087243,equivalent,True,1.0,1.0,7.657808314023684e-07,8.41573691077643e-07,True,183,0.44498395919799805,gaussian4_rho0.50_n400,gaussian4,400,0.5,0.25
True,4,4,0.3259212416564478,0.4248986230515226,0.34255594244881804,0.14891261162789607,-4.414965598709719,0.383241239881546,44.69604022271956,4.2017331212519637e-07,equivalent,True,1.0,1.0,9.519723708654829e-07,6.802635089379252e-07,True,184,0.509451150894165,gaussian4_rho0.50_n400,gaussian4,400,0.5,0.25
True,4,4,0.28106865200658093,0.315998348563186,0.23602254102494397,0.11795526601505264,-6.476840625984113,0.3278878192872636,37.78673265330313,8.242864103683335e-06,equivalent,True,1.0,1.0,9.171342028065289e-07,9.383540026029459e-07,True,185,0.4993710517883301,gaussian4_rho0.50_n400,gaussian4,400,0.5,0.25
True,4,4,0.2751178480542427,0.30275932127198957,0.23941335834575952,0.10592569131726076,-7.180379303602446,0.3215764356635518,37.59201824658999,8.953684010025517e-06,equivalent,True,1.0,1.0,8.728267586451538e-07,9.652579196870492e-07,True,186,0.47403693199157715,gaussian4_rho0.50_n400,gaussian4,400,0.5,0.25
True,4,4,0.2760015109037852,0.30470733608468903,0.20634924999471685,0.14722475824081352,-5.390742423275843,0.33485535219112617,30.586227839817123,0.00016642745333778268,equivalent,True,1.0,1.0,9.104894504492865e-07,9.85255727350449e-07,True,187,0.4375920295715332,gaussian4_rho0.50_n400,gaussian4,400,0.5,0.25
True,4,4,0.3570763279331758,0.5100140158809635,0.4315017624819051,0.16333327930064664,-3.480602605618806,0.41837814813319646,52.19149715253917,1.545706672099979e-08,equivalent,True,1.0,1.0,9.918399506584051e-07,7.156914864309836e-07,True,188,0.3719749450683594,gaussian4_rho0.50_n400,gaussian4,400,0.5,0.25
True,4,4,0.25527727976847014,0.26066595826395905,0.16309299719707457,0.11833106191543491,-7.072589303736829,0.2990527852945433,28.808072622526694,0.00034264930793125026,equivalent,True,1.0,1.0,9.912140428314563e-07,7.234494317710091e-07,True,189,0.3880891799926758,gaussian4_rho0.50_n400,gaussian4,400,0.5,0.25
True,4,4,0.27967641315587344,0.31287558430293927,0.232448399214298,0.1268542164895601,-6.050658953452054,0.3320786869483038,35.00144176433923,2.6722315313261116e-05,equivalent,True,1.0,1.0,9.711952585407247e-07,8.771038943287291e-07,True,190,0.3797461986541748,gaussian4_rho0.50_n400,gaussian4,400,0.5,0.25
True,4,4,0.27882341649957987,0.31096999035399275,0.22964967459948177,0.136284128597211,-5.652531467382351,0.33682974847039754,28.793639846540376,0.0003446504086335509,equivalent,True,1.0,1.0,9.117110966793045e-07,7.509154897559076e-07,True,191,0.3733937740325928,gaussian4_rho0.50_n400,gaussian4,400,0.5,0.25
True,4,4,0.31860122197401736,0.40602695457334825,0.320473843276152,0.14754689746657132,-4.605492683286028,0.37522223172390745,40.946996756158605,2.1327174095199498e-06,equivalent,True,1.0,1.0,9.685967037642824e-07,6.889898152429737e-07,True,192,0.39285993576049805,gaussian4_rho0.50_n400,gaussian4,400,0.5,0.25
True,4,4,0.23643643705796213,0.22360875507465477,0.16513085817216605,0.07666633056095082,-10.889645242171872,0.2698313130737454,46.4032798692852,1.992134411850885e-07,equivalent,True,1.0,1.0,8.512193920192028e-07,9.360358681943597e-07,True,193,0.3344147205352783,gaussian4_rho0.50_n400,gaussian4,400,0.5,0.25
True,4,4,0.2405564346749805,0.23146959305415266,0.1648857671687619,0.1003119349772637,-8.325173201180116,0.2871777399288785,30.74491214549662,0.00015597196808444318,equivalent,True,1.0,1.0,9.967607008664394e-07,9.669978324799206e-07,True,194,0.34521007537841797,gaussian4_rho0.50_n400,gaussian4,400,0.5,0.25
True,4,4,0.30450718438985214,0.37089850138014163,0.3023623479306123,0.11465544705734498,-6.084644645975379,0.3503404686418016,49.40896595910067,5.3072933260537405e-08,equivalent,True,1.0,1.0,9.044061010270555e-07,9.524683534777507e-07,True,195,0.34407997131347656,gaussian4_rho0.50_n400,gaussian4,400,0.5,0.25
True,4,4,0.28855079474556056,0.33304624459317844,0.2505929747059681,0.125112932413697,-5.989844621466078,0.3377815253108035,37.66473015887054,8.681414034484364e-06,equivalent,True,1.0,1.0,9.718411490275415e-07,8.147992576375994e-07,True,196,0.3700888156890869,gaussian4_rho0.50_n400,gaussian4,400,0.5,0.25
True,4,4,0.2563207231893327,0.26280125254521003,0.18039342582723006,0.10960727990895278,-7.477665487671901,0.3002837648482499,30.48157785008228,0.00017369676861006395,equivalent,True,1.0,1.0,8.409806100287708e-07,9.640155586052583e-07,True,197,0.36663031578063965,gaussian4_rho0.50_n400,gaussian4,400,0.5,0.25
True,4,4,0.32053517586953223,0.4109711958788478,0.3293190284816707,0.1289565135228348,-5.200830521829898,0.3679108647039124,51.171582848261835,2.431727844062398e-08,equivalent,True,1.0,1.0,9.59347347713992e-07,9.925130714102444e-07,True,198,0.37909817695617676,gaussian4_rho0.50_n400,gaussian4,400,0.5,0.25
True,4,4,0.3038028963255567,0.3691847992631877,0.28423238564764114,0.1380613108819972,-5.184418500590182,0.3575342758371458,42.6494152277065,1.0225561604077294e-06,equivalent,True,1.0,1.0,8.911282508575669e-07,7.329538245661349e-07,True,199,0.36997461318969727,gaussian4_rho0.50_n400,gaussian4,400,0.5,0.25
True,4,4,0.2850366192473769,0.3249834972478964,0.25758847127246487,0.12009789233396043,-6.181719881170648,0.3373173302200789,33.38258722699405,5.2539888116692235e-05,equivalent,True,1.0,1.0,7.53349417579821e-07,7.149796002245969e-07,True,200,0.33707594871520996,gaussian4_rho0.50_n400,gaussian4,400,0.5,0.25
True,4,4,0.23888521320362074,0.22826458034935734,0.13865787042527267,0.11006193889077857,-7.825976338918503,0.2827072911153341,25.708593873801057,0.0011779013005522659,equivalent,True,1.0,1.0,7.501868156578033e-07,9.411503204770735e-07,True,201,0.38132810592651367,gaussian4_rho0.50_n400,gaussian4,400,0.5,0.25
True,4,4,0.2793217880602175,0.31208264514062833,0.23450248283293076,0.1305816107395822,-5.862215306056337,0.335145535130299,31.501195791906543,0.00011437828968988319,equivalent,True,1.0,1.0,9.647319448666713e-07,8.424496828697494e-07,True,202,0.369307279586792,gaussian4_rho0.50_n400,gaussian4,400,0.5,0.25
True,4,4,0.2037816964390459,0.1661079192143018,0.09383125482224089,0.0847310751143418,-10.694644721017811,0.24145469090471386,20.095058315918475,0.009982334720773787,equivalent,True,1.0,1.0,9.252132699384655e-07,9.769188106185545e-07,True,203,0.35802698135375977,gaussian4_rho0.50_n400,gaussian4,400,0.5,0.25
True,4,4,0.30077089069875074,0.36185251476687946,0.29704097489011827,0.1172663222434244,-5.994551646726514,0.3499738955806115,48.83281466738205,6.844553386633314e-08,equivalent,True,1.0,1.0,7.792076321466128e-07,9.92437724052006e-07,True,204,0.34114503860473633,gaussian4_rho0.50_n400,gaussian4,400,0.5,0.25
True,4,4,0.2921615180783706,0.34143341058343224,0.274128611078205,0.11211406111481921,-6.474400995771702,0.33857784597311386,45.91224926389671,2.4700592028698727e-07,equivalent,True,1.0,1.0,8.993246634027392e-07,8.834031612637721e-07,True,205,0.33616089820861816,gaussian4_rho0.50_n400,gaussian4,400,0.5,0.25
True,4,4,0.322441594877331,0.41587432842814737,0.33972908377978545,0.12812216858340825,-5.153447865584436,0.3709687646780698,50.11808278343634,3.878679698251014e-08,equivalent,True,1.0,1.0,8.329299160996861e-07,9.358978659900953e-07,True,206,0.35935115814208984,gaussian4_rho0.50_n400,gaussian4,400,0.5,0.25
True,4,4,0.31672052038933385,0.4012475521427617,0.31724397384288133,0.13737080767887094,-4.970168245302772,0.3685101237044667,42.35168851736762,1.1632081121304195e-06,equivalent,True,1.0,1.0,9.649500994386307e-07,9.971016506583297e-07,True,207,0.3826560974121094,gaussian4_rho0.50_n400,gaussian4,400,0.5,0.25
True,4,4,0.2905805827780352,0.3377483003504903,0.2519626136837777,0.1286217920190294,-5.8157904237996565,0.3404139519729164,37.08343045223481,1.11092846525483e-05,equivalent,True,1.0,1.0,7.707950841701954e-07,9.833076227304692e-07,True,208,0.37847185134887695,gaussian4_rho0.50_n400,gaussian4,400,0.5,0.25
True,4,4,0.31628387981182077,0.4001419705152731,0.3185802605594206,0.15654404822050783,-4.35289458262081,0.379497136370154,33.74088214395677,4.5261253302542914e-05,equivalent,True,1.0,1.0,9.475775319976526e-07,8.788795647187753e-07,True,209,0.3684420585632324,gaussian4_rho0.50_n400,gaussian4,400,0.5,0.25
True,4,4,0.2431286394028821,0.2364461411915867,0.16705659324461036,0.09893452933456805,-8.419137507983843,0.2871364713212654,28.028387739977163,0.00046888080869166444,equivalent,True,1.0,1.0,9.944035046329775e-07,9.868573631566853e-07,True,210,0.3426392078399658,gaussian4_rho0.50_n400,gaussian4,400,0.5,0.25
True,4,4,0.29101111164095084,0.33874986839400784,0.2597805895084833,0.12706837439795593,-5.825363029932838,0.34234100908589254,42.24655561995429,1.2173284247164643e-06,equivalent,True,1.0,1.0,9.479011843379724e-07,7.80472973753876e-07,True,211,0.3718109130859375,gaussian4_rho0.50_n400,gaussian4,400,0.5,0.25
True,4,4,0.25623233995033373,0.2626200481456936,0.1952855369211265,0.09687062911947782,-8.307104747780246,0.2977513822694071,38.076359515159126,7.287641948592364e-06,equivalent,True,1.0,1.0,7.834941570507688e-07,8.865818144491212e-07,True,212,0.33826208114624023,gaussian4_rho0.50_n400,gaussian4,400,0.5,0.25
True,4,4,0.21563766706057177,0.185998413821304,0.11642201152640641,0.08438272043129463,-10.471077300630675,0.25259613777721024,25.45532804488277,0.0013009903188259716,equivalent,True,1.0,1.0,9.922030609418637e-07,9.782514972144035e-07,True,213,0.3444631099700928,gaussian4_rho0.50_n400,gaussian4,400,0.5,0.25
True,4,4,0.305067909675207,0.37226571805440106,0.2949660112306557,0.12503348482340224,-5.6387614067154646,0.35377527903770023,45.944152523298285,2.435812129004312e-07,equivalent,True,1.0,1.0,9.329173800641848e-07,9.611399345406169e-07,True,214,0.36687207221984863,gaussian4_rho0.50_n400,gaussian4,400,0.5,0.25
True,4,4,0.2804370461899257,0.31457974750292206,0.22562068650910458,0.12502017420791303,-6.1940348299553225,0.32835216365097064,32.97653479196876,6.219072395855992e-05,equivalent,True,1.0,1.0,9.60908921851963e-07,8.782182560899291e-07,True,215,0.3841879367828369,gaussian4_rho0.50_n400,gaussian4,400,0.5,0.25
True,4,4,0.26294579970061005,0.2765619743207734,0.20503262286781296,0.10037348036849697,-7.920093775902324,0.30419249912747587,44.52777376339698,4.521491066675179e-07,equivalent,True,1.0,1.0,9.916695765578992e-07,7.769355711472349e-07,True,216,0.34462523460388184,gaussian4_rho0.50_n400,gaussian4,400,0.5,0.25
True,4,4,0.3498742999803426,0.489648103146939,0.41301218919288163,0.1330213286526454,-4.4127345347745095,0.39743326612435487,67.27543225965826,1.709729608211195e-11,equivalent,True,1.0,1.0,8.918537125365829e-07,9.453796792526061e-07,True,217,0.36913275718688965,gaussian4_rho0.50_n400,gaussian4,400,0.5,0.25
True,4,4,0.3712815244109113,0.5513998814755604,0.47370186186741337,0.1680645204597556,-3.131524349653638,0.43305409532398553,52.903300736873064,1.1259409515166201e-08,equivalent,True,1.0,1.0,7.467875893389548e-07,9.398390993654489e-07,True,218,0.36149096488952637,gaussian4_rho0.50_n400,gaussian4,400,0.5,0.25
True,4,4,0.32555182012561695,0.42393595034840825,0.3421602879943768,0.14460779482106234,-4.549130375853071,0.3807948738465552,50.36926596367206,3.470446631182046e-08,equivalent,True,1.0,1.0,9.61960698621822e-07,9.032182821229253e-07,True,219,0.3778190612792969,gaussian4_rho0.50_n400,gaussian4,400,0.5,0.25
True,4,4,0.32383226330576037,0.4194693390309253,0.3463742796789512,0.12738366071909643,-5.131158239850003,0.3727940973336061,55.27433456064247,3.9047419319949e-09,equivalent,True,1.0,1.0,8.837093844170105e-07,9.491408412006118e-07,True,220,0.35744214057922363,gaussian4_rho0.50_n400,gaussian4,400,0.5,0.25
True,4,4,0.25281680316479943,0.2556653438498757,0.17115357112404,0.11710191925128412,-7.077991839718469,0.30156636405917897,31.371234286539927,0.0001206530333300369,equivalent,True,1.0,1.0,8.272980195298418e-07,8.457689057225258e-07,True,221,0.3694326877593994,gaussian4_rho0.50_n400,gaussian4,400,0.5,0.25
True,4,4,0.20538513024263974,0.16873220689914434,0.08963432507232798,0.09146468860134263,-9.953192744093688,0.24498997421131,19.806864032396454,0.011091973947067972,equivalent,True,1.0,1.0,8.042937236925731e-07,8.033611168608708e-07,True,222,0.3736460208892822,gaussian4_rho0.50_n400,gaussian4,400,0.5,0.25
True,4,4,0.2990259633446068,0.3576661070166805,0.28373230012969,0.1291960473229015,-5.54403725742578,0.35222183604816387,37.80182410996941,8.190163505220249e-06,equivalent,True,1.0,1.0,8.558930872915196e-07,6.944944710171116e-07,True,223,0.3544456958770752,gaussian4_rho0.50_n400,gaussian4,400,0.5,0.25
True,4,4,0.23652390278465585,0.22377422635394134,0.1404253616828005,0.10444013639789318,-8.230309418999756,0.279380609042656,25.012365453147552,0.0015470751521225652,equivalent,True,1.0,1.0,8.694864562670646e-07,9.252638765751272e-07,True,224,0.37903285026550293,gaussian4_rho0.50_n400,gaussian4,400,0.5,0.25
True,4,4,0.27256529264938917,0.2971673550281886,0.21222082872836417,0.13594594932974796,-5.794796940663626,0.33008787335827755,32.877476450710766,6.479866220558228e-05,equivalent,True,1.0,1.0,9.651279140632839e-07,9.497596641807782e-07,True,225,0.3697071075439453,gaussian4_rho0.50_n400,gaussian4,400,0.5,0.25
True,4,4,0.3361933899010891,0.4521039816527429,0.37048934964867924,0.14007092943658134,-4.49422769509314,0.38758403152184423,50.393500191119415,3.433396314698499e-08,equivalent,True,1.0,1.0,7.6749729682744e-07,8.255836003171845e-07,True,226,0.370682954788208,gaussian4_rho0.50_n400,gaussian4,400,0.5,0.25
True,4,4,0.28955148958830046,0.3353602604912147,0.2622762417935872,0.12444877849344421,-5.927930889617169,0.3416783086721373,33.17112610933163,5.7365387701382226e-05,equivalent,True,1.0,1.0,8.76074209814338e-07,8.927898237603569e-07,True,227,0.3547210693359375,gaussian4_rho0.50_n400,gaussian4,400,0.5,0.25
True,4,4,0.2726493456566568,0.2973506627480125,0.2201596414377484,0.12969700993813615,-6.012785945753303,0.3292006373927809,28.25341335239343,0.0004283864891917968,equivalent,True,1.0,1.0,7.432137855409896e-07,9.07871693780718e-07,True,228,0.3636190891265869,gaussian4_rho0.50_n400,gaussian4,400,0.5,0.25
True,4,4,0.2925734289185559,0.34239684523664515,0.2636079623517247,0.11368748672099294,-6.477335887066426,0.3356364242836835,45.95382523125943,2.425522282932279e-07,equivalent,True,1.0,1.0,9.095381514563144e-07,9.821902089342976e-07,True,229,0.3551020622253418,gaussian4_rho0.50_n400,gaussian4,400,0.5,0.25
True,4,4,0.3133945338083826,0.39286453528389387,0.3111981251883419,0.14310106139999573,-4.813394590319081,0.369654712215579,38.1534549544775,7.052400428074249e-06,equivalent,True,1.0,1.0,7.241518633114577e-07,8.228040475955538e-07,True,230,0.371121883392334,gaussian4_rho0.50_n400,gaussian4,400,0.5,0.25
True,4,4,0.2661726463453163,0.2833915106498752,0.21338460776377,0.1022947022835183,-7.689698241225239,0.30888688052130675,38.56122677568939,5.927718442659342e-06,equivalent,True,1.0,1.0,9.201205948301408e-07,9.846582003988774e-07,True,231,0.3380711078643799,gaussian4_rho0.50_n400,gaussian4,400,0.5,0.25
True,4,4,0.2996536559882207,0.35916925418842766,0.2819918621158324,0.12554954441115354,-5.718922687069356,0.349464764176098,44.278573272719576,5.039934628469258e-07,equivalent,True,1.0,1.0,8.243877184111862e-07,6.963311703256433e-07,True,232,0.35880398750305176,gaussian4_rho0.50_n400,gaussian4,400,0.5,0.25
True,4,4,0.21664737056156153,0.18774433268495422,0.11390270195843712,0.09407173482344265,-9.41937872948366,0.2591509869633887,21.13371975590305,0.006800571046234593,equivalent,True,1.0,1.0,9.630335660191706e-07,8.832066763668227e-07,True,233,0.3572399616241455,gaussian4_rho0.50_n400,gaussian4,400,0.5,0.25
True,4,4,0.28308301934755137,0.3205439833717046,0.23647146452298468,0.111988064847797,-6.817945613353773,0.32429748656255425,51.46127646338939,2.1382940234587056e-08,equivalent,True,1.0,1.0,9.382170099918194e-07,8.533505482798393e-07,True,234,0.3806939125061035,gaussian4_rho0.50_n400,gaussian4,400,0.5,0.25
True,4,4,0.23307251436329873,0.21729118780652038,0.12255375451269637,0.12394428411850643,-7.079360308768688,0.2856676214523294,21.584707608657126,0.0057461683171242265,equivalent,True,1.0,1.0,9.677098636497591e-07,8.753031869495466e-07,True,235,0.38790082931518555,gaussian4_rho0.50_n400,gaussian4,400,0.5,0.25
True,4,4,0.28282055421911373,0.3199498635552266,0.2442968999104922,0.12147801665088388,-6.220904167881879,0.33320806420072197,32.87885120409405,6.476174118711505e-05,equivalent,True,1.0,1.0,9.538964332197104e-07,9.834704730654042e-07,True,236,0.35909414291381836,gaussian4_rho0.50_n400,gaussian4,400,0.5,0.25
True,4,4,0.30232374862239175,0.36559859592438054,0.2653634324456,0.15283286367587823,-4.80679711081242,0.3594270171329112,29.41981722952981,0.00026755071407637087,equivalent,True,1.0,1.0,8.90789136106062e-07,7.597324746653774e-07,True,237,0.3934330940246582,gaussian4_rho0.50_n400,gaussian4,400,0.5,0.25
True,4,4,0.3123100845685528,0.3901503556928664,0.31449149988075875,0.13258499138834795,-5.170332576417742,0.3648884774301637,47.95908270273356,1.0059076815142004e-07,equivalent,True,1.0,1.0,8.330835248020267e-07,7.750233080520305e-07,True,238,0.37351298332214355,gaussian4_rho0.50_n400,gaussian4,400,0.5,0.25
True,4,4,0.36202978306614975,0.5242622553076938,0.4444308165623993,0.1532148750414914,-3.626078625114889,0.4172669587558165,59.895153426139814,4.887072953228328e-10,equivalent,True,1.0,1.0,9.685318650999107e-07,9.55478846287227e-07,True,239,0.37603092193603516,gaussian4_rho0.50_n400,gaussian4,400,0.5,0.25
True,4,4,0.31947695793001174,0.408262106592858,0.3246346838612288,0.11857905569717402,-5.695485700809696,0.36044412663587894,59.28664985204536,6.43190094575241e-10,equivalent,True,1.0,1.0,8.164270593981201e-07,9.982774145216542e-07,True,240,0.3706340789794922,gaussian4_rho0.50_n400,gaussian4,400,0.5,0.25
True,4,4,0.3373179448785995,0.45513358374848756,0.35253014502301006,0.1668239025794627,-3.881157585727757,0.39589488701012493,41.11087781426172,1.987407413250057e-06,equivalent,True,1.0,1.0,8.904191388517889e-07,9.705771830078516e-07,True,241,0.4084939956665039,gaussian4_rho0.50_n400,gaussian4,400,0.5,0.25
True,4,4,0.27542188124366807,0.30342885067120473,0.23538519273348446,0.1157629868512705,-6.605002411080445,0.3262661342840122,35.207854259580344,2.450508012401058e-05,equivalent,True,1.0,1.0,8.185783785497149e-07,9.5854631303278e-07,True,242,0.34474873542785645,gaussian4_rho0.50_n400,gaussian4,400,0.5,0.25
True,4,4,0.24816864111430098,0.2463506977300749,0.1750299552651556,0.1031382609968715,-7.9986809624400035,0.29354611986165274,30.19676229834288,0.00019509943340741788,equivalent,True,1.0,1.0,9.784312182659762e-07,9.503807407436579e-07,True,243,0.3489110469818115,gaussian4_rho0.50_n400,gaussian4,400,0.5,0.25
True,4,4,0.2784085168307841,0.310045208975668,0.2291995272472706,0.12413438217556469,-6.209403545124004,0.32915893425446024,33.187631397439745,5.697351330649693e-05,equivalent,True,1.0,1.0,9.070417436612111e-07,9.194965211620422e-07,True,244,0.3642148971557617,gaussian4_rho0.50_n400,gaussian4,400,0.5,0.25
True,4,4,0.2734351751422,0.2990671800201824,0.22899138209888892,0.10834906622967229,-7.115969197803423,0.31906493722421564,39.46904778734296,4.022100076765293e-06,equivalent,True,1.0,1.0,7.442140987001689e-07,9.244273570924055e-07,True,245,0.3837401866912842,gaussian4_rho0.50_n400,gaussian4,400,0.5,0.25
True,4,4,0.3487654757425311,0.4865494282796561,0.4125781702929758,0.1295195928129094,-4.535389719419154,0.3954803858260759,73.58513814278487,9.466415871879384e-13,equivalent,True,1.0,1.0,9.535125584554934e-07,7.996802452270915e-07,True,246,0.393953800201416,gaussian4_rho0.50_n400,gaussian4,400,0.5,0.25
True,4,4,0.2760089947053448,0.30472386063302015,0.2303605892595727,0.10813337414777542,-7.117501111993746,0.3194621111810607,38.93496726863894,5.05383419983033e-06,equivalent,True,1.0,1.0,8.360154748727104e-07,8.842107355428911e-07,True,247,0.3843090534210205,gaussian4_rho0.50_n400,gaussian4,400,0.5,0.25
True,4,4,0.20311376354258492,0.16502080376173242,0.09407409213727971,0.08131842907694475,-11.140474774857237,0.2386582311289977,24.63993832459265,0.0017885747734278485,equivalent,True,1.0,1.0,9.040606113948419e-07,9.449655217660036e-07,True,248,0.3795888423919678,gaussian4_rho0.50_n400,gaussian4,400,0.5,0.25
True,4,4,0.325734947925261,0.4244130251994899,0.35471435707522614,0.12743937884206175,-5.0634713444773585,0.37561066331376763,53.79657247814126,7.559875625172105e-09,equivalent,True,1.0,1.0,9.463417921811313e-07,8.16205792630436e-07,True,249,0.34493494033813477,gaussian4_rho0.50_n400,gaussian4,400,0.5,0.25
True,4,4,0.3000315869368137,0.3600758126392912,0.2888436926521707,0.12571288310058085,-5.656988287977173,0.35200248023795494,42.91455490352814,9.115801188647503e-07,equivalent,True,1.0,1.0,8.920091077029121e-07,9.168990700214547e-07,True,250,0.3596930503845215,gaussian4_rho0.50_n400,gaussian4,400,0.5,0.25
True,4,4,0.2322066441713749,0.21567970238932607,0.12892984408143188,0.11800774136323394,-7.381466214469516,0.284180974675953,18.314756537670366,0.018986615641592257,equivalent,True,1.0,1.0,9.086054053473622e-07,9.274458844415198e-07,True,251,0.39032721519470215,gaussian4_rho0.50_n400,gaussian4,400,0.5,0.25
True,4,4,0.31104981746949595,0.38700795579122693,0.30171127177218354,0.1493915204716597,-4.674219299885131,0.3699454203175747,33.302165687682624,5.432598538378345e-05,equivalent,True,1.0,1.0,9.446870727498929e-07,8.689786243499756e-07,True,252,0.37322020530700684,gaussian4_rho0.50_n400,gaussian4,400,0.5,0.25
True,4,4,0.2559019111238916,0.2619431524674405,0.16590629346755958,0.12157990749332144,-6.860456828183213,0.3024431538621654,28.44862167239326,0.00039605003659871484,equivalent,True,1.0,1.0,7.44167513965424e-07,7.763060069608766e-07,True,253,0.392841100692749,gaussian4_rho0.50_n400,gaussian4,400,0.5,0.25
True,4,4,0.24519483286793084,0.24048202426053014,0.14551058792258914,0.11987140172451044,-7.128384249991557,0.292695019524123,27.190660829651843,0.000655333606993633,equivalent,True,1.0,1.0,9.9513590747194e-07,8.547810204889755e-07,True,254,0.40125107765197754,gaussian4_rho0.50_n400,gaussian4,400,0.5,0.25
True,4,4,0.27291717773458607,0.29793514361044654,0.21993076545672818,0.1189849562082193,-6.556032454877567,0.32235213750977354,33.12150822084497,5.855951030495274e-05,equivalent,True,1.0,1.0,9.655125355636813e-07,9.215265910233642e-07,True,255,0.3715939521789551,gaussian4_rho0.50_n400,gaussian4,400,0.5,0.25
True,4,4,0.2841114703586935,0.3228773103575151,0.24971576387952343,0.10820144769865037,-6.934142306580572,0.326990560860726,44.78126202586836,4.0484557918388485e-07,equivalent,True,1.0,1.0,9.266974711890163e-07,9.394476417717781e-07,True,256,0.3558793067932129,gaussian4_rho0.50_n400,gaussian4,400,0.5,0.25
True,4,4,0.2765426545331465,0.30590335910495686,0.2305895061144127,0.12249690216995043,-6.281060828935235,0.3286635741677861,36.69429988573026,1.309844070981131e-05,equivalent,True,1.0,1.0,9.554274299335e-07,9.130289400385636e-07,True,257,0.36391282081604004,gaussian4_rho0.50_n400,gaussian4,400,0.5,0.25
True,4,4,0.2193235315518941,0.19241124596957876,0.12078093955749115,0.0925554663544666,-9.499374754110123,0.2612571214746215,25.321155302196818,0.0013711924476336914,equivalent,True,1.0,1.0,9.907601780891452e-07,9.953440298146824e-07,True,258,0.35201191902160645,gaussian4_rho0.50_n400,gaussian4,400,0.5,0.25
True,4,4,0.30255342955175824,0.3661543109341229,0.28965888397732853,0.12342639188424129,-5.755180113252307,0.35095485191462183,45.02403329880019,3.641586991082553e-07,equivalent,True,1.0,1.0,8.209469753312436e-07,9.518296403219789e-07,True,259,0.3692331314086914,gaussian4_rho0.50_n400,gaussian4,400,0.5,0.25
True,4,4,0.29943345131459265,0.3586415670646741,0.2711820166280037,0.1382033014157163,-5.27352079079289,0.3530248639325253,38.47593309936773,6.147239524935708e-06,equivalent,True,1.0,1.0,8.534880186422095e-07,9.405300668106293e-07,True,260,0.37556934356689453,gaussian4_rho0.50_n400,gaussian4,400,0.5,0.25
True,4,4,0.21595941308418873,0.18655387239866908,0.12171071592586567,0.08526617799044577,-10.30055884729052,0.25591067682383833,28.375361440790062,0.00040789493269880275,equivalent,True,1.0,1.0,7.789537745443123e-07,8.453950177972767e-07,True,261,0.3339090347290039,gaussian4_rho0.50_n400,gaussian4,400,0.5,0.25
True,4,4,0.31313183100210784,0.39220617434693045,0.31716925334830354,0.13713720591392786,-4.979179370770213,0.36835440946384046,43.49689459190611,7.080389466955216e-07,equivalent,True,1.0,1.0,9.933732677889206e-07,7.636231914992769e-07,True,262,0.3479909896850586,gaussian4_rho0.50_n400,gaussian4,400,0.5,0.25
True,4,4,0.3431444648858389,0.4709924951271549,0.4047964688826371,0.13334359639840723,-4.463682900369654,0.39500859707394675,58.15240784001866,1.0723897459253132e-09,equivalent,True,1.0,1.0,8.09876525352884e-07,7.999911459444699e-07,True,263,0.33563804626464844,gaussian4_rho0.50_n400,gaussian4,400,0.5,0.25
True,4,4,0.31515634584694097,0.3972940893103867,0.33096202517746753,0.12272383689352674,-5.451573156101526,0.3649742365582761,50.7820602418346,2.8903283925780226e-08,equivalent,True,1.0,1.0,7.110318770151981e-07,9.57574596882606e-07,True,264,0.34105777740478516,gaussian4_rho0.50_n400,gaussian4,400,0.5,0.25
True,4,4,0.24850001197239496,0.24700902380112175,0.17453203843740528,0.10224688979149182,-8.073281869462631,0.29270856066890494,28.605394510103327,0.00037182441913525643,equivalent,True,1.0,1.0,9.936920949523194e-07,9.922488855992063e-07,True,265,0.3468291759490967,gaussian4_rho0.50_n400,gaussian4,400,0.5,0.25
True,4,4,0.2657408630304806,0.28247282513673866,0.21276323920434148,0.11684476688497447,-6.737458439800203,0.31818067894098745,32.30269790405225,8.22013327517029e-05,equivalent,True,1.0,1.0,7.091046827667605e-07,7.776439348594146e-07,True,266,0.3518648147583008,gaussian4_rho0.50_n400,gaussian4,400,0.5,0.25
True,4,4,0.32230610652343883,0.41552490520919316,0.34097961605991256,0.13415331132816308,-4.912442170942805,0.37471394982225825,53.69034558648671,7.926934992012404e-09,equivalent,True,1.0,1.0,9.917769740277546e-07,9.054996743970947e-07,True,267,0.3654460906982422,gaussian4_rho0.50_n400,gaussian4,400,0.5,0.25
True,4,4,0.2708792170218794,0.29350220085754575,0.22333116227883396,0.10442516376526034,-7.437563990486596,0.3142830219893861,50.645725249085,3.070381257013228e-08,equivalent,True,1.0,1.0,9.309747428011436e-07,9.635872699638111e-07,True,268,0.34674882888793945,gaussian4_rho0.50_n400,gaussian4,400,0.5,0.25
True,4,4,0.26854570968004504,0.28846719275023613,0.22349407835758323,0.1044704723469237,-7.43277889147289,0.31437744579834054,35.37513126309817,2.2842392019351204e-05,equivalent,True,1.0,1.0,8.947210641753476e-07,7.596137208658385e-07,True,269,0.333601713180542,gaussian4_rho0.50_n400,gaussian4,400,0.5,0.25
True,4,4,0.23609234684168484,0.22295838494885767,0.15232836511533135,0.10007312486643459,-8.470522290735275,0.28148446116626663,25.0686024373904,0.0015134847701920465,equivalent,True,1.0,1.0,8.062291418395482e-07,9.029443775287208e-07,True,270,0.35715508460998535,gaussian4_rho0.50_n400,gaussian4,400,0.5,0.25
True,4,4,0.2467973254620864,0.24363567942095604,0.16790123316557806,0.10389843135245175,-8.008771220151694,0.29103219100738104,29.54546737990816,0.0002542596154373081,equivalent,True,1.0,1.0,9.54344570148773e-07,9.904719307930377e-07,True,271,0.3708159923553467,gaussian4_rho0.50_n400,gaussian4,400,0.5,0.25
True,4,4,0.2954994416416368,0.34927968004207643,0.2679022321286295,0.12161718390546136,-6.019690181614991,0.34203241738728213,46.95879657682657,1.561369034623882e-07,equivalent,True,1.0,1.0,9.249690732191905e-07,8.834291833694439e-07,True,272,0.38599395751953125,gaussian4_rho0.50_n400,gaussian4,400,0.5,0.25
True,4,4,0.3037570528620274,0.36907338865369804,0.2946042760059915,0.12063547768707925,-5.847332289956692,0.35108117972151653,43.01287819134967,8.735375123221494e-07,equivalent,True,1.0,1.0,9.977701811027548e-07,8.872336998191723e-07,True,273,0.3713958263397217,gaussian4_rho0.50_n400,gaussian4,400,0.5,0.25
True,4,4,0.2473255957440218,0.24467980124054117,0.15925550868311172,0.11884754256881683,-7.074142831603507,0.2978012424972819,22.757301407868077,0.0036902257866369367,equivalent,True,1.0,1.0,9.246094500344205e-07,7.739534218750605e-07,True,274,0.3903801441192627,gaussian4_rho0.50_n400,gaussian4,400,0.5,0.25
True,4,4,0.31889490706263457,0.4067758470019453,0.3335097432131496,0.13554347619752227,-4.917169571596348,0.37298087137487845,44.813550751159084,3.9918437799433526e-07,equivalent,True,1.0,1.0,9.566373001138206e-07,7.630999243327278e-07,True,275,0.375169038772583,gaussian4_rho0.50_n400,gaussian4,400,0.5,0.25
True,4,4,0.2597579436162758,0.2698967570870253,0.1904832444427751,0.13487149286621353,-6.002133870945057,0.32106350954917234,25.056815914317554,0.0015204654983294035,equivalent,True,1.0,1.0,7.720201645962128e-07,8.504065565708366e-07,True,276,0.3749539852142334,gaussian4_rho0.50_n400,gaussian4,400,0.5,0.25
True,4,4,0.2906501863239665,0.33791012324062575,0.2613483540657253,0.12910141609268463,-5.721483685384063,0.3441298034791337,38.49376399668934,6.100692316100534e-06,equivalent,True,1.0,1.0,9.288721745030671e-07,8.651957730327124e-07,True,277,0.37129998207092285,gaussian4_rho0.50_n400,gaussian4,400,0.5,0.25
True,4,4,0.24686104769715203,0.24376150748054226,0.1647217801386193,0.11155806263191616,-7.487385493752848,0.29505019237174124,25.091722452220328,0.0014998821933950184,equivalent,True,1.0,1.0,9.067386279424726e-07,7.9060269049268e-07,True,278,0.391157865524292,gaussian4_rho0.50_n400,gaussian4,400,0.5,0.25
True,4,4,0.29482385114630943,0.34768441281896484,0.2715175425538152,0.123721561618657,-5.88808003969076,0.3446089820050992,39.90341872080848,3.339193331914037e-06,equivalent,True,1.0,1.0,8.468257930721714e-07,7.269588763415738e-07,True,279,0.3785538673400879,gaussian4_rho0.50_n400,gaussian4,400,0.5,0.25
True,4,4,0.28060403880254736,0.31495450636920597,0.21821082644813944,0.1315147291733255,-5.944498980958454,0.32959570147622697,37.508761860696694,9.275826456695813e-06,equivalent,True,1.0,1.0,8.93032687255799e-07,9.462517970744033e-07,True,280,0.41672801971435547,gaussian4_rho0.50_n400,gaussian4,400,0.5,0.25
True,4,4,0.2514918747715219,0.2529926523043794,0.17489258947923375,0.10899986186034608,-7.56980235055636,0.29756571022105077,26.149401500080128,0.0009902168893366017,equivalent,True,1.0,1.0,8.223024307239124e-07,8.43217860957862e-07,True,281,0.37383222579956055,gaussian4_rho0.50_n400,gaussian4,400,0.5,0.25
True,4,4,0.221436512456953,0.19613651619639322,0.1256914585334553,0.09735172363283405,-8.980925132502374,0.26731105207272093,22.50567112062539,0.004060406746618623,equivalent,True,1.0,1.0,8.493308942177588e-07,8.64905728843098e-07,True,282,0.34458494186401367,gaussian4_rho0.50_n400,gaussian4,400,0.5,0.25
True,4,4,0.26224841801164933,0.275096930998451,0.18888657734852388,0.1136299349320158,-7.138201945963985,0.3065090487863735,31.423786201030687,0.00011807595130271512,equivalent,True,1.0,1.0,9.523536138336705e-07,8.908830936988861e-07,True,283,0.3841547966003418,gaussian4_rho0.50_n400,gaussian4,400,0.5,0.25
True,4,4,0.2329342138070617,0.21703339184765572,0.12934535022058208,0.09940706885272459,-8.7584782433262,0.27058059241545795,28.059439374155218,0.0004630775322147767,equivalent,True,1.0,1.0,8.830557162880042e-07,9.465607129552448e-07,True,284,0.37755322456359863,gaussian4_rho0.50_n400,gaussian4,400,0.5,0.25
True,4,4,0.2942810673377174,0.34640538637370466,0.2633514032910698,0.12590061531461214,-5.851032537594231,0.34294295700113586,49.46426725590231,5.1791794950598645e-08,equivalent,True,1.0,1.0,7.631174777140219e-07,9.863985768368077e-07,True,285,0.3722970485687256,gaussian4_rho0.50_n400,gaussian4,400,0.5,0.25
True,4,4,0.2991225021748914,0.3578970852294716,0.2783088315814708,0.13971014508373014,-5.165631801369973,0.3564097257526654,35.45872499799495,2.2053770821185388e-05,equivalent,True,1.0,1.0,9.610400297303917e-07,9.70416003854787e-07,True,286,0.3673253059387207,gaussian4_rho0.50_n400,gaussian4,400,0.5,0.25
True,4,4,0.26505283462035323,0.28101202056113733,0.21247196587100609,0.11200959858203259,-7.030897745359128,0.31492513410017026,31.921775598377337,9.619461329885884e-05,equivalent,True,1.0,1.0,9.66336372189757e-07,9.643194880857991e-07,True,287,0.3504788875579834,gaussian4_rho0.50_n400,gaussian4,400,0.5,0.25
True,4,4,0.27535345515330717,0.3032781010594574,0.23273877949785554,0.11390746793617894,-6.735828953129151,0.3240755665232794,34.33737508243169,3.528789466566952e-05,equivalent,True,1.0,1.0,9.00245763330011e-07,8.407743626796367e-07,True,288,0.3475918769836426,gaussian4_rho0.50_n400,gaussian4,400,0.5,0.25
True,4,4,0.25615658299086225,0.26246478003821794,0.1661185644706852,0.1343177038938296,-6.208276432334266,0.311067326669101,23.67506907370384,0.0025974988453635116,equivalent,True,1.0,1.0,8.319506979852601e-07,9.546126544689053e-07,True,289,0.3947269916534424,gaussian4_rho0.50_n400,gaussian4,400,0.5,0.25
True,4,4,0.2807917721019639,0.3153760771206449,0.24245929345826822,0.10361106424459071,-7.311388142423034,0.3212803792146687,52.48736593935473,1.3550463103877033e-08,equivalent,True,1.0,1.0,9.783211399145071e-07,9.033907682297479e-07,True,290,0.36029791831970215,gaussian4_rho0.50_n400,gaussian4,400,0.5,0.25
True,4,4,0.2420304420089126,0.23431493943611845,0.1623641627216177,0.09362124924871415,-8.947069644981125,0.2812282943215765,34.58704215691781,3.178896411872034e-05,equivalent,True,1.0,1.0,7.396627827493683e-07,7.541897853897619e-07,True,291,0.35517120361328125,gaussian4_rho0.50_n400,gaussian4,400,0.5,0.25
True,4,4,0.3006761135536075,0.36162450104680754,0.2837434083246554,0.13143137651418396,-5.449662102550123,0.35352821127854683,36.5739880764677,1.378193844813615e-05,equivalent,True,1.0,1.0,8.414853633498967e-07,8.209402454338112e-07,True,292,0.361328125,gaussian4_rho0.50_n400,gaussian4,400,0.5,0.25
True,4,4,0.28498670703722706,0.32486969275168914,0.2401105843282047,0.10978865080886553,-6.92138404173224,0.3243057372331223,49.02855777698501,6.278146906619199e-08,equivalent,True,1.0,1.0,9.468445394162915e-07,9.485064632798085e-07,True,293,0.36522793769836426,gaussian4_rho0.50_n400,gaussian4,400,0.5,0.25
True,4,4,0.2954199227714649,0.3490917230811931,0.2647044765091488,0.1427270854928353,-5.15175883366414,0.35336583053057485,35.03444824003344,2.635490352584975e-05,equivalent,True,1.0,1.0,9.701785785925894e-07,9.322630421850674e-07,True,294,0.40735888481140137,gaussian4_rho0.50_n400,gaussian4,400,0.5,0.25
True,4,4,0.31025018981596475,0.3850207211233686,0.29923478544961746,0.14423493738493776,-4.858498414154423,0.3662240247923226,39.09765912908949,4.714495561016082e-06,equivalent,True,1.0,1.0,9.9530079837465e-07,9.669530290723093e-07,True,295,0.41045594215393066,gaussian4_rho0.50_n400,gaussian4,400,0.5,0.25
True,4,4,0.3582483777303857,0.5133676005858124,0.4365106353106511,0.1298550794709072,-4.339370989454389,0.4031448975729584,78.50924801943759,9.750930422787298e-14,equivalent,True,1.0,1.0,8.30607012336364e-07,9.422604006335927e-07,True,296,0.39763879776000977,gaussian4_rho0.50_n400,gaussian4,400,0.5,0.25
True,4,4,0.2956516205570356,0.34963952295200534,0.27510713961646616,0.12262738699233935,-5.911345566132128,0.3452576001605168,42.404616459651336,1.136872088736711e-06,equivalent,True,1.0,1.0,9.435782840516907e-07,9.017061001382242e-07,True,297,0.37279677391052246,gaussian4_rho0.50_n400,gaussian4,400,0.5,0.25
True,4,4,0.3348025178219127,0.44837090375956873,0.3802513324658904,0.1318217456632364,-4.701414508023395,0.3863543739014544,50.8883837740142,2.7572327989543788e-08,equivalent,True,1.0,1.0,7.470329053251503e-07,9.947758596667138e-07,True,298,0.33912229537963867,gaussian4_rho0.50_n400,gaussian4,400,0.5,0.25
True,4,4,0.3240471488384704,0.42002621868136714,0.3471221554499333,0.13304923066564361,-4.907039606946444,0.3761544447010497,60.683058682365,3.422969381574169e-10,equivalent,True,1.0,1.0,8.592677553251905e-07,7.702445239117836e-07,True,299,0.3652181625366211,gaussian4_rho0.50_n400,gaussian4,400,0.5,0.25
True,4,4,0.21981629922883736,0.19327682162664706,0.12050393512102012,0.08821226982520244,-9.97022371855696,0.2576820749900089,27.17378992832096,0.0006597511175567329,equivalent,True,1.0,1.0,9.51956330367141e-07,7.897322773457471e-07,True,300,0.35535192489624023,gaussian4_rho0.50_n400,gaussian4,400,0.5,0.25
True,4,4,0.3077049078844916,0.37872924134481384,0.2961571652545187,0.13496532981468884,-5.214989921573763,0.3599150516138882,39.813367440475645,3.4706141373916e-06,equivalent,True,1.0,1.0,9.325375634556886e-07,8.592645934500998e-07,True,301,0.3710339069366455,gaussian4_rho0.50_n400,gaussian4,400,0.5,0.25
True,4,4,0.26692695481418843,0.28499999682550314,0.1974686424806053,0.11820811520397782,-6.789139274698364,0.31301105791527783,31.036232053233444,0.00013843240810594516,equivalent,True,1.0,1.0,8.922621380514293e-07,6.780714151835594e-07,True,302,0.37457704544067383,gaussian4_rho0.50_n400,gaussian4,400,0.5,0.25
True,4,4,0.3482027873023629,0.4849807243405384,0.4131216176342425,0.1453706124564208,-4.037118455022619,0.40380533577001654,54.199779046449635,6.314166424359522e-09,equivalent,True,1.0,1.0,9.861503123841165e-07,6.052422410760138e-07,True,303,0.3549540042877197,gaussian4_rho0.50_n400,gaussian4,400,0.5,0.25
True,4,4,0.3767913312451652,0.5678868292060151,0.50190554915611,0.1466931895527349,-3.395484496332596,0.4310436097545716,80.13976873830504,4.582197213703358e-14,equivalent,True,1.0,1.0,7.549229362695986e-07,9.50983935455947e-07,True,304,0.33947205543518066,gaussian4_rho0.50_n400,gaussian4,400,0.5,0.25
True,4,4,0.26650894692210725,0.2841080751581223,0.21654206944483317,0.10899128843494056,-7.1882619409791735,0.3145698593051944,34.651730258046896,3.0939744907654064e-05,equivalent,True,1.0,1.0,9.73529206109682e-07,9.697102507454887e-07,True,305,0.33484315872192383,gaussian4_rho0.50_n400,gaussian4,400,0.5,0.25
True,4,4,0.31159424310518585,0.38836388934517463,0.3203042859906109,0.12042794249277035,-5.644003376128371,0.35999674442491403,56.07234972875709,2.730793638260424e-09,equivalent,True,1.0,1.0,9.799899628712815e-07,8.210875631227405e-07,True,306,0.36472010612487793,gaussian4_rho0.50_n400,gaussian4,400,0.5,0.25
True,4,4,0.22816687035944866,0.2082404829185018,0.12418382888220232,0.10537009510754723,-8.311809628945342,0.2727188167289126,27.235713351752285,0.0006436783183246781,equivalent,True,1.0,1.0,8.395845980828225e-07,9.409184976101144e-07,True,307,0.4052910804748535,gaussian4_rho0.50_n400,gaussian4,400,0.5,0.25
True,4,4,0.3188461679004657,0.40665151513924785,0.3199407809312135,0.15384439894392948,-4.4204353472539655,0.3784812738169172,33.44251696967239,5.124668308061584e-05,equivalent,True,1.0,1.0,9.693030434693764e-07,9.615731209286382e-07,True,308,0.40277814865112305,gaussian4_rho0.50_n400,gaussian4,400,0.5,0.25
True,4,4,0.2221061595411131,0.19732458442440953,0.09199409242779832,0.10499202480310507,-8.648332187849643,0.257240454257376,28.500061805807427,0.00038793529928193637,equivalent,True,1.0,1.0,9.315226587497781e-07,9.598742436184954e-07,True,309,0.41902589797973633,gaussian4_rho0.50_n400,gaussian4,400,0.5,0.25
True,4,4,0.3054570042920742,0.3732159258843528,0.3066978480006537,0.11722530308789383,-5.91427050079383,0.3533823400211382,48.20395986176868,9.030946120408668e-08,equivalent,True,1.0,1.0,9.548423472306525e-07,9.665725654959887e-07,True,310,0.3415961265563965,gaussian4_rho0.50_n400,gaussian4,400,0.5,0.25
True,4,4,0.18842707190350375,0.14201904570451268,0.07821417172289731,0.07852993523663697,-11.738018444806475,0.2276973981631893,20.3481117930649,0.009096281050058915,equivalent,True,1.0,1.0,9.947715346906767e-07,8.765568077680322e-07,True,311,0.3430898189544678,gaussian4_rho0.50_n400,gaussian4,400,0.5,0.25
True,4,4,0.3148796474648744,0.3965967695504144,0.3135343564758847,0.1574914911862116,-4.358747500285371,0.37834666873368944,35.87250064603266,1.8529398707388853e-05,equivalent,True,1.0,1.0,9.86206731529281e-07,9.053942000839922e-07,True,312,0.36960792541503906,gaussian4_rho0.50_n400,gaussian4,400,0.5,0.25
True,4,4,0.22502394563080172,0.20254310442901605,0.113620373616627,0.10461803613352422,-8.472531689010916,0.26725536935457184,21.997487589440937,0.0049205236255802365,equivalent,True,1.0,1.0,9.299085628966139e-07,9.458223412514456e-07,True,313,0.3923039436340332,gaussian4_rho0.50_n400,gaussian4,400,0.5,0.25
True,4,4,0.32662031027712934,0.42672330834211303,0.3546023783025618,0.13845696759487813,-4.66135892551003,0.3815572773607193,46.15479417359309,2.221235897951393e-07,equivalent,True,1.0,1.0,9.290589772247197e-07,9.919754960015232e-07,True,314,0.3573169708251953,gaussian4_rho0.50_n400,gaussian4,400,0.5,0.25
True,4,4,0.1939794308598018,0.1505120783867705,0.08469277862070093,0.07593721512086088,-12.053473648230392,0.2289095794920142,22.786263971547058,0.0036497748065311524,equivalent,True,1.0,1.0,9.002949487087431e-07,8.907737489340844e-07,True,315,0.3439626693725586,gaussian4_rho0.50_n400,gaussian4,400,0.5,0.25
True,4,4,0.31683565460847096,0.40153932812471327,0.3235342017685685,0.1410013168928938,-4.797584966850222,0.3726461891878068,42.180697718369444,1.2524955117873296e-06,equivalent,True,1.0,1.0,8.448370443770978e-07,8.655313002239992e-07,True,316,0.38242411613464355,gaussian4_rho0.50_n400,gaussian4,400,0.5,0.25
True,4,4,0.23118062236631975,0.21377792063071577,0.13428118487298948,0.11047917308224679,-7.836036340374504,0.28107083334095806,18.626524099759923,0.01698978187325714,equivalent,True,1.0,1.0,8.519544402176527e-07,9.71092045728652e-07,True,317,0.3803257942199707,gaussian4_rho0.50_n400,gaussian4,400,0.5,0.25
True,4,4,0.2644350852015597,0.2797036571422246,0.20020736534170702,0.11467509068195932,-6.974423389613385,0.3117816159473313,31.658464758399465,0.00010721355315792175,equivalent,True,1.0,1.0,8.325843940336033e-07,9.885002313030496e-07,True,318,0.3741641044616699,gaussian4_rho0.50_n400,gaussian4,400,0.5,0.25
True,4,4,0.2740726124749756,0.3004631876354326,0.22785312529821672,0.10622948706740656,-7.2686680131650006,0.31724796389820803,41.71044865543104,1.5346436559399029e-06,equivalent,True,1.0,1.0,9.982134606356687e-07,9.412548043774303e-07,True,319,0.3677079677581787,gaussian4_rho0.50_n400,gaussian4,400,0.5,0.25
True,4,4,0.28990882928142525,0.33618851718130627,0.2573820715960662,0.12398503184267261,-5.989577268861441,0.3396024517395965,46.52430552130876,1.8892106465521264e-07,equivalent,True,1.0,1.0,9.207522227027773e-07,9.401172852472651e-07,True,320,0.36426782608032227,gaussian4_rho0.50_n400,gaussian4,400,0.5,0.25
True,4,4,0.25986631106406705,0.27012199850418583,0.19594608437201,0.10583207923559768,-7.597449860529041,0.3041481397898475,33.41525056215174,5.1831115991527546e-05,equivalent,True,1.0,1.0,7.019500742083057e-07,9.0348986485112e-07,True,321,0.3595130443572998,gaussian4_rho0.50_n400,gaussian4,400,0.5,0.25
True,4,4,0.24957585674958901,0.2491524330891655,0.17530447806423366,0.10533949715815953,-7.828929738458372,0.2952001575313251,29.78039718733398,0.00023112614981464773,equivalent,True,1.0,1.0,8.572623181795735e-07,8.61150004253906e-07,True,322,0.35557079315185547,gaussian4_rho0.50_n400,gaussian4,400,0.5,0.25
True,4,4,0.28756521861496814,0.3307750198282977,0.2570654440042405,0.11568684292793555,-6.421945116598553,0.33442240026081554,42.74743900604071,9.80047049712678e-07,equivalent,True,1.0,1.0,9.451984548930327e-07,8.554267076625408e-07,True,323,0.35263490676879883,gaussian4_rho0.50_n400,gaussian4,400,0.5,0.25
True,4,4,0.3285341060516018,0.4317386353565006,0.3492176903841044,0.13946669058634004,-4.66622034895862,0.3803353724786733,51.08482267215936,2.5271631304213376e-08,equivalent,True,1.0,1.0,9.39442406828008e-07,9.428030259154875e-07,True,324,0.37410879135131836,gaussian4_rho0.50_n400,gaussian4,400,0.5,0.25
True,4,4,0.28596663739623873,0.3271076708148476,0.2540196613385271,0.12946618922263145,-5.761970311636169,0.34167696448873974,36.390861602048346,1.4890545489348107e-05,equivalent,True,1.0,1.0,8.928004534308114e-07,9.708911584744107e-07,True,325,0.3629610538482666,gaussian4_rho0.50_n400,gaussian4,400,0.5,0.25
True,4,4,0.2267246993654244,0.20561635720936827,0.12534964749984048,0.08983478690182202,-9.736210021358886,0.2613018955928731,31.16422847068451,0.00013135400068619107,equivalent,True,1.0,1.0,9.528782141872832e-07,6.441678794669155e-07,True,326,0.35698890686035156,gaussian4_rho0.50_n400,gaussian4,400,0.5,0.25
True,4,4,0.29033980703581086,0.3371888141983676,0.25259620587937526,0.12876577558001281,-5.804366810621981,0.34073342177917426,38.12502922260923,7.13824799112582e-06,equivalent,True,1.0,1.0,9.124456249664972e-07,9.5928531469842e-07,True,327,0.38054895401000977,gaussian4_rho0.50_n400,gaussian4,400,0.5,0.25
True,4,4,0.3767692350450445,0.5678202259057119,0.48788629991814303,0.15954907416368647,-3.209756639242314,0.43310540669478836,60.644797365529186,3.482711555683396e-10,equivalent,True,1.0,1.0,8.248121467914454e-07,6.959285191462653e-07,True,328,0.3634300231933594,gaussian4_rho0.50_n400,gaussian4,400,0.5,0.25
True,4,4,0.2121964250433677,0.18010929120474226,0.0985514791180643,0.09060443922700118,-9.94927542814363,0.24878832347926894,23.845240052288375,0.0024327659063711235,equivalent,True,1.0,1.0,8.48360240696644e-07,9.799766477715035e-07,True,329,0.3761940002441406,gaussian4_rho0.50_n400,gaussian4,400,0.5,0.25
True,4,4,0.32477729571484165,0.4219211672473828,0.33496702594801453,0.1395434290815142,-4.765777782796973,0.37566459155408455,44.51375865614954,4.5491893079984716e-07,equivalent,True,1.0,1.0,9.599618109906763e-07,8.301054898768232e-07,True,330,0.3977031707763672,gaussian4_rho0.50_n400,gaussian4,400,0.5,0.25
True,4,4,0.32481622831426826,0.4220223287052274,0.3459919132621817,0.12758516754262048,-5.1260510867718505,0.3727770241175924,52.49340399516319,1.3514094802270728e-08,equivalent,True,1.0,1.0,9.09701708505176e-07,8.484666943644925e-07,True,331,0.38837122917175293,gaussian4_rho0.50_n400,gaussian4,400,0.5,0.25
True,4,4,0.25787539062414006,0.26599886835821124,0.17177628337940237,0.12695871632888847,-6.523567192307393,0.30846587672142833,23.94012564625007,0.0023453650619936366,equivalent,True,1.0,1.0,9.882466263608857e-07,9.682434582081278e-07,True,332,0.3962101936340332,gaussian4_rho0.50_n400,gaussian4,400,0.5,0.25
True,4,4,0.28273622690513317,0.31975909601820374,0.24740510567055535,0.11348672230775857,-6.631567808333762,0.32942152042228,38.1742894069683,6.990128833392068e-06,equivalent,True,1.0,1.0,9.404885382421992e-07,8.691137945880529e-07,True,333,0.3702890872955322,gaussian4_rho0.50_n400,gaussian4,400,0.5,0.25
True,4,4,0.21053312524855458,0.17729678730769427,0.10193026401600032,0.09703460169370033,-9.255149403496794,0.2557039208497177,18.637201889442252,0.016925049496715975,equivalent,True,1.0,1.0,8.98391085988162e-07,9.364799324254855e-07,True,334,0.3582160472869873,gaussian4_rho0.50_n400,gaussian4,400,0.5,0.25
True,4,4,0.3171068256995441,0.4022269556209643,0.3305387627529432,0.12558782962663068,-5.330621918042118,0.36643974941839697,49.47832420084758,5.147107581035539e-08,equivalent,True,1.0,1.0,8.172526747114618e-07,8.107492625999062e-07,True,335,0.36176300048828125,gaussian4_rho0.50_n400,gaussian4,400,0.5,0.25
True,4,4,0.3020688347793538,0.3649823237798262,0.29581273820478815,0.11652200211175257,-6.04338450278127,0.3490968261091582,55.06687354003177,4.284754469491907e-09,equivalent,True,1.0,1.0,8.105812411316689e-07,9.95477016430143e-07,True,336,0.3562440872192383,gaussian4_rho0.50_n400,gaussian4,400,0.5,0.25
True,4,4,0.22481412041434642,0.20216555495070504,0.1385215355534376,0.08031632213079011,-10.726069640535812,0.26011061556272097,31.06861291405352,0.0001366070050338419,equivalent,True,1.0,1.0,8.510528211453952e-07,8.248922193349136e-07,True,337,0.353165864944458,gaussian4_rho0.50_n400,gaussian4,400,0.5,0.25
True,4,4,0.20995250302507618,0.17632021410597848,0.10290833843982396,0.09102924343075947,-9.854983165300505,0.25131559823037103,19.478879928107773,0.012498088343153788,equivalent,True,1.0,1.0,7.57814320467921e-07,9.484267319617567e-07,True,338,0.3700370788574219,gaussian4_rho0.50_n400,gaussian4,400,0.5,0.25
True,4,4,0.20183843095286186,0.16295500883805275,0.08050907014247924,0.08970471963036838,-10.250195682527265,0.23877824627735436,19.234469864305023,0.013654763954489243,equivalent,True,1.0,1.0,9.395725234148254e-07,9.420874995908499e-07,True,339,0.41323304176330566,gaussian4_rho0.50_n400,gaussian4,400,0.5,0.25
True,4,4,0.3088948027647831,0.381663996700377,0.3096571891767447,0.12505731426208205,-5.520211391846358,0.35894225375314215,43.98787837817183,5.719667039611962e-07,equivalent,True,1.0,1.0,7.635245587425916e-07,7.586340191921643e-07,True,340,0.3663160800933838,gaussian4_rho0.50_n400,gaussian4,400,0.5,0.25
True,4,4,0.26300810505871275,0.27669305330629956,0.19942246038723027,0.11208468378592414,-7.142613179351344,0.309752061751902,40.137138298292214,3.0206651767262884e-06,equivalent,True,1.0,1.0,8.066094088773219e-07,9.451714812785147e-07,True,341,0.37099599838256836,gaussian4_rho0.50_n400,gaussian4,400,0.5,0.25
True,4,4,0.24510100114817573,0.24029800305535218,0.17225762571224215,0.10301969824106567,-8.034797115701544,0.29227981028951744,27.606397036972744,0.0005551774367434913,equivalent,True,1.0,1.0,9.081434331754789e-07,7.603308322778668e-07,True,342,0.34328508377075195,gaussian4_rho0.50_n400,gaussian4,400,0.5,0.25
True,4,4,0.24632125083798187,0.24269663445755194,0.17630811097601606,0.09315434186118579,-8.84222756091617,0.28702498499811163,36.30287498323838,1.5454116072676012e-05,equivalent,True,1.0,1.0,8.94670303050915e-07,9.608700174029689e-07,True,343,0.35126590728759766,gaussian4_rho0.50_n400,gaussian4,400,0.5,0.25
True,4,4,0.2686823040336397,0.2887607220033007,0.21921946097604858,0.11684979927309555,-6.681915962894809,0.32071025752186005,29.53675010787634,0.00025516039742840685,equivalent,True,1.0,1.0,9.112546199463151e-07,8.51438842166561e-07,True,344,0.34580302238464355,gaussian4_rho0.50_n400,gaussian4,400,0.5,0.25
True,4,4,0.23365465031595242,0.21837798245708,0.13655443605013406,0.10090225397333669,-8.557247533618332,0.2750108518157763,25.640464803429634,0.0012098481063927175,equivalent,True,1.0,1.0,8.103837599837118e-07,6.871859075513812e-07,True,345,0.3780241012573242,gaussian4_rho0.50_n400,gaussian4,400,0.5,0.25
True,4,4,0.21289553567008254,0.18129803643300557,0.10210248127273316,0.0959610491817815,-9.356895598612686,0.25492369498805667,22.221631854078332,0.004521423500392626,equivalent,True,1.0,1.0,9.68007065343484e-07,9.620761148858184e-07,True,346,0.34732890129089355,gaussian4_rho0.50_n400,gaussian4,400,0.5,0.25
True,4,4,0.2660642409933662,0.28316072134150416,0.19559867853342855,0.1147900698372417,-7.007586306090015,0.3100046536921778,33.40133094349692,5.213200151502407e-05,equivalent,True,1.0,1.0,7.195029825777212e-07,9.741983354184513e-07,True,347,0.3910551071166992,gaussian4_rho0.50_n400,gaussian4,400,0.5,0.25
True,4,4,0.21081776197183638,0.17777651505125544,0.10205430862103514,0.09028624954592082,-9.945542049814101,0.2502808290952828,21.255877372480576,0.006497894995044573,equivalent,True,1.0,1.0,9.41423873965084e-07,9.399602602768764e-07,True,348,0.34841108322143555,gaussian4_rho0.50_n400,gaussian4,400,0.5,0.25
True,4,4,0.2612339963867786,0.2729728034728298,0.18390227386904542,0.11142155534708637,-7.324415133039114,0.3029745960069402,32.48471852983221,7.624299952339354e-05,equivalent,True,1.0,1.0,8.295126675404128e-07,9.292585909980199e-07,True,349,0.37250304222106934,gaussian4_rho0.50_n400,gaussian4,400,0.5,0.25
True,4,4,0.2630801993293117,0.2768447651166015,0.20926072754918185,0.10496444235622872,-7.533401356691862,0.30899509351273013,36.263334239038834,1.5714201327967537e-05,equivalent,True,1.0,1.0,8.330733990263008e-07,9.7222899591649e-07,True,350,0.3569648265838623,gaussian4_rho0.50_n400,gaussian4,400,0.5,0.25
True,4,4,0.15111895928676564,0.09134775942366052,0.007890467252423178,0.07824602521809677,-12.679360133402934,0.18479294198301108,10.293485526555013,0.24502831616736354,equivalent,False,1.0,1.0,8.639391470304678e-07,9.88889104342617e-07,True,351,0.3838961124420166,gaussian4_rho0.50_n400,gaussian4,400,0.5,0.25
True,4,4,0.37389719905675034,0.5591964618499328,0.4701623720301199,0.16562229371359233,-3.1990719129039404,0.43086738172810907,56.979902954990855,1.817069492544494e-09,equivalent,True,1.0,1.0,9.790413030127634e-07,9.24906048525347e-07,True,352,0.39022016525268555,gaussian4_rho0.50_n400,gaussian4,400,0.5,0.25
True,4,4,0.2989340687304499,0.35744630979096537,0.2715558330295515,0.11922170650034944,-6.109996143766935,0.3419276565949277,48.52897769292022,7.825943450444417e-08,equivalent,True,1.0,1.0,9.491510745368969e-07,7.835585827778322e-07,True,353,0.3823423385620117,gaussian4_rho0.50_n400,gaussian4,400,0.5,0.25
True,4,4,0.27528745681694533,0.3031327355229661,0.22491386687080894,0.1275740257744166,-6.075579479632798,0.3296795663483933,33.07757898303046,5.963716503132903e-05,equivalent,True,1.0,1.0,8.929982617329072e-07,7.860292194698778e-07,True,354,0.36913204193115234,gaussian4_rho0.50_n400,gaussian4,400,0.5,0.25
True,4,4,0.28889771094252314,0.33384754955131857,0.25008959865402614,0.12687094523400574,-5.910812755141137,0.33866418952885396,34.545323272795514,3.234881169968938e-05,equivalent,True,1.0,1.0,8.592500426938298e-07,8.024824982401955e-07,True,355,0.37741684913635254,gaussian4_rho0.50_n400,gaussian4,400,0.5,0.25
True,4,4,0.3491055999897061,0.4874988797766907,0.4065134712483779,0.1558507728248881,-3.808043540589021,0.4070826636546271,55.19321513415702,4.0491626614131065e-09,equivalent,True,1.0,1.0,8.241340427232986e-07,6.317363228557932e-07,True,356,0.3720691204071045,gaussian4_rho0.50_n400,gaussian4,400,0.5,0.25
True,4,4,0.26960470763925526,0.2907467935249932,0.21864373423078243,0.10815964566859988,-7.224101567078776,0.3148612867988716,35.765378049889364,1.9384464749846053e-05,equivalent,True,1.0,1.0,8.326090402116056e-07,9.372070272274632e-07,True,357,0.35277271270751953,gaussian4_rho0.50_n400,gaussian4,400,0.5,0.25
True,4,4,0.33196081425073787,0.4407919287920516,0.36420344048770625,0.1447744363763156,-4.391635536122226,0.38805160650715775,57.483192657848264,1.4491996181600764e-09,equivalent,True,1.0,1.0,9.63486507875459e-07,8.966671210347976e-07,True,358,0.3653547763824463,gaussian4_rho0.50_n400,gaussian4,400,0.5,0.25
True,4,4,0.2587137517933329,0.26773122146792905,0.18829402490802788,0.11038250421812326,-7.353574561852542,0.3040793840936911,30.967890710948733,0.00014236415336733692,equivalent,True,1.0,1.0,8.839312740309171e-07,7.035854805775598e-07,True,359,0.37253594398498535,gaussian4_rho0.50_n400,gaussian4,400,0.5,0.25
True,4,4,0.24206503750298083,0.2343819295252781,0.14443100097223638,0.11019437345463949,-7.764180440482751,0.28534392223190297,28.21203543299105,0.0004355661224752213,equivalent,True,1.0,1.0,9.454227064410551e-07,8.729820371454093e-07,True,360,0.3822000026702881,gaussian4_rho0.50_n400,gaussian4,400,0.5,0.25
True,4,4,0.24401933382980898,0.238181741130975,0.15864483351033132,0.1122485104554331,-7.495468430502857,0.2929493143245307,23.590250231811957,0.002683600101073407,equivalent,True,1.0,1.0,7.617555203223301e-07,8.19501066066923e-07,True,361,0.35704803466796875,gaussian4_rho0.50_n400,gaussian4,400,0.5,0.25
True,4,4,0.2970184849309423,0.3528799215626896,0.26202279769316383,0.13768112949884284,-5.360046107938405,0.3494596195957806,32.765369557788794,6.788035389689724e-05,equivalent,True,1.0,1.0,9.817631097736354e-07,9.565119717829189e-07,True,362,0.38690996170043945,gaussian4_rho0.50_n400,gaussian4,400,0.5,0.25
True,4,4,0.22809964563742077,0.20811779335966774,0.1368635024705345,0.09759121072917003,-8.844408129383662,0.2726658941804948,30.925069684285667,0.00014488346630874886,equivalent,True,1.0,1.0,7.587786253586722e-07,8.519431422769044e-07,True,363,0.37991929054260254,gaussian4_rho0.50_n400,gaussian4,400,0.5,0.25
True,4,4,0.25010481026722514,0.2502096644752187,0.17113804442762506,0.11618528350182991,-7.1339668036298285,0.300934307363748,22.685262799014097,0.0037927298391447215,equivalent,True,1.0,1.0,7.82596418413069e-07,8.340721947455429e-07,True,364,0.3823974132537842,gaussian4_rho0.50_n400,gaussian4,400,0.5,0.25
True,4,4,0.3138147915876068,0.3939188936766923,0.30098758698523387,0.1407377901847206,-4.966771270866916,0.3648563592770814,43.21571403575555,7.999636357577855e-07,equivalent,True,1.0,1.0,8.748448183903823e-07,9.939020903517276e-07,True,365,0.4059741497039795,gaussian4_rho0.50_n400,gaussian4,400,0.5,0.25
True,4,4,0.307875761246518,0.37914993745249176,0.306418515791349,0.12489034079496471,-5.553523833739227,0.3577166636526568,42.9740489608218,8.883691074917198e-07,equivalent,True,1.0,1.0,9.474920867210345e-07,7.654968071619332e-07,True,366,0.3820779323577881,gaussian4_rho0.50_n400,gaussian4,400,0.5,0.25
True,4,4,0.267724145302407,0.2867048719116174,0.20172978084176857,0.12324930975519834,-6.476873750804616,0.3179846124468415,29.226733248333407,0.00028931520272090875,equivalent,True,1.0,1.0,8.99511583561575e-07,9.718513076605648e-07,True,367,0.3865499496459961,gaussian4_rho0.50_n400,gaussian4,400,0.5,0.25
True,4,4,0.252165109170125,0.25434896913112426,0.15890865090920384,0.10826947488137559,-7.768499385559317,0.2902568213479081,38.95127024502615,5.0187672564316115e-06,equivalent,True,1.0,1.0,9.957947855329287e-07,7.069027708388086e-07,True,368,0.3908967971801758,gaussian4_rho0.50_n400,gaussian4,400,0.5,0.25
True,4,4,0.29077787905560537,0.3382070997923051,0.2602076058883684,0.12630894888462743,-5.857006970957928,0.34204069150383115,42.069163764016224,1.3143657782352107e-06,equivalent,True,1.0,1.0,9.58347357108132e-07,8.686977515554595e-07,True,369,0.35787010192871094,gaussian4_rho0.50_n400,gaussian4,400,0.5,0.25
True,4,4,0.26439893387042884,0.27962718492727767,0.19992923122533066,0.10255385439761135,-7.801469515448113,0.30356848921993485,37.99925703091755,7.530670517968149e-06,equivalent,True,1.0,1.0,9.062219797985534e-07,9.551616942180436e-07,True,370,0.37148213386535645,gaussian4_rho0.50_n400,gaussian4,400,0.5,0.25
True,4,4,0.34252589390344484,0.46929595197741575,0.39926253736037853,0.16188884802173165,-3.7108020100246786,0.4079050122859241,45.70900909742043,2.699740372351245e-07,equivalent,True,1.0,1.0,7.080629703966791e-07,8.839608271141616e-07,True,371,0.3548882007598877,gaussian4_rho0.50_n400,gaussian4,400,0.5,0.25
True,4,4,0.32272136528199113,0.41659631843788947,0.33783022120396583,0.14033703059410302,-4.718425179674983,0.3770490999101695,45.33791443768686,3.1751752857938444e-07,equivalent,True,1.0,1.0,9.255387534696844e-07,9.77050329778345e-07,True,372,0.3616158962249756,gaussian4_rho0.50_n400,gaussian4,400,0.5,0.25
True,4,4,0.21217287578454855,0.18006931687474187,0.11396239368149269,0.07643301200192348,-11.592341883585716,0.2447874132240473,29.027173343487487,0.00031363504276469607,equivalent,True,1.0,1.0,8.145067928745028e-07,8.475422449093728e-07,True,373,0.33691883087158203,gaussian4_rho0.50_n400,gaussian4,400,0.5,0.25
True,4,4,0.27307877265557573,0.2982880643003024,0.2218959984259905,0.12141293274667893,-6.40874068331319,0.3246546246448603,34.49520806313221,3.303421769843959e-05,equivalent,True,1.0,1.0,6.637510868481365e-07,7.357589071638783e-07,True,374,0.37546873092651367,gaussian4_rho0.50_n400,gaussian4,400,0.5,0.25
True,4,4,0.21169356894769997,0.1792566685352584,0.11450302768528417,0.08138237558858681,-10.88069702943028,0.2491812208725299,26.740605669286044,0.0007837002399178787,equivalent,True,1.0,1.0,9.517154726932585e-07,9.911985301164434e-07,True,375,0.35052490234375,gaussian4_rho0.50_n400,gaussian4,400,0.5,0.25
True,4,4,0.2197957498604435,0.19324068662685862,0.11766259353655242,0.09529544935367178,-9.258966849390807,0.261920626830873,22.933027034536373,0.0034513043713505485,equivalent,True,1.0,1.0,9.612922197121189e-07,7.892202509278339e-07,True,376,0.35741400718688965,gaussian4_rho0.50_n400,gaussian4,400,0.5,0.25
True,4,4,0.2613963235213186,0.2733121518018474,0.2051560750539806,0.09344495405510436,-8.50601226126454,0.29952435070117117,43.37919338375883,7.45168114943252e-07,equivalent,True,1.0,1.0,8.709921778356376e-07,7.876176723663245e-07,True,377,0.3485679626464844,gaussian4_rho0.50_n400,gaussian4,400,0.5,0.25
True,4,4,0.3312335988657635,0.438862788070262,0.356600594737328,0.1474241162534876,-4.364275137701231,0.3870050668457044,42.22652107347539,1.2279216153540112e-06,equivalent,True,1.0,1.0,8.653552297236228e-07,7.450917835536259e-07,True,378,0.3745701313018799,gaussian4_rho0.50_n400,gaussian4,400,0.5,0.25
True,4,4,0.2232633274468321,0.19938605353052552,0.11952304947175602,0.0939294230658369,-9.37381410201041,0.26173612746383385,26.917955900900182,0.0007304199342000482,equivalent,True,1.0,1.0,8.300093894912328e-07,9.291440868568529e-07,True,379,0.37621402740478516,gaussian4_rho0.50_n400,gaussian4,400,0.5,0.25
True,4,4,0.22436900355282452,0.20136579902114954,0.12329150668659186,0.09160911611047576,-9.570100995802033,0.26171315097962045,30.169241514185316,0.00019729994383771635,equivalent,True,1.0,1.0,8.991555879381195e-07,9.017654623411068e-07,True,380,0.36539506912231445,gaussian4_rho0.50_n400,gaussian4,400,0.5,0.25
True,4,4,0.3560245815214805,0.5070140105901811,0.4315661322875587,0.15031147790496743,-3.7817063316470523,0.4119485744276767,53.477561250015455,8.716386928681387e-09,equivalent,True,1.0,1.0,8.270736310732789e-07,9.561711287656614e-07,True,381,0.3384130001068115,gaussian4_rho0.50_n400,gaussian4,400,0.5,0.25
True,4,4,0.30419365934317766,0.37013512953837285,0.2855497746965928,0.15047608400868062,-4.747932071798148,0.3650551010627456,30.44554265515268,0.0001762714486692838,equivalent,True,1.0,1.0,9.407786237698926e-07,7.021762701268298e-07,True,382,0.38367199897766113,gaussian4_rho0.50_n400,gaussian4,400,0.5,0.25
True,4,4,0.3023555864383724,0.3656756026019683,0.29506346800845196,0.12418500225464857,-5.676502952796463,0.35331629575353135,41.277902121842345,1.8494116440086615e-06,equivalent,True,1.0,1.0,7.693394547821982e-07,7.523738248730052e-07,True,383,0.3655819892883301,gaussian4_rho0.50_n400,gaussian4,400,0.5,0.25
True,4,4,0.28393620150778387,0.3224790661066754,0.24762522525122846,0.11927106634933765,-6.30810805820342,0.3330948330904827,42.534872630496395,1.0745511113227529e-06,equivalent,True,1.0,1.0,7.876895751398982e-07,9.845149217200262e-07,True,384,0.37922000885009766,gaussian4_rho0.50_n400,gaussian4,400,0.5,0.25
True,4,4,0.2683458160304185,0.2880379079241249,0.22052837309737128,0.0983439791504411,-7.925972018177511,0.3091479515910684,43.561238490968094,6.88523823098653e-07,equivalent,True,1.0,1.0,9.717014410079108e-07,8.307591315728641e-07,True,385,0.36681485176086426,gaussian4_rho0.50_n400,gaussian4,400,0.5,0.25
True,4,4,0.2988683588427689,0.35728918366948037,0.29134014801795743,0.10749209240369113,-6.592669620018563,0.3421070395639249,53.203755445566635,9.848358250904857e-09,equivalent,True,1.0,1.0,9.867870421532291e-07,9.068662751079918e-07,True,386,0.3642299175262451,gaussian4_rho0.50_n400,gaussian4,400,0.5,0.25
True,4,4,0.24144643465123145,0.2331855232231655,0.1544451090655684,0.10340542144769543,-8.17708471274043,0.28483850318217857,29.61164620131423,0.000247522266277711,equivalent,True,1.0,1.0,7.629044501482591e-07,9.510050429139918e-07,True,387,0.3673396110534668,gaussian4_rho0.50_n400,gaussian4,400,0.5,0.25
True,4,4,0.27961558641946255,0.3127395046747998,0.243069406822497,0.10624547954212227,-7.124355750847818,0.32319795373522836,43.260819945463886,7.844575051698734e-07,equivalent,True,1.0,1.0,6.660561158862203e-07,9.633793058394958e-07,True,388,0.3522207736968994,gaussian4_rho0.50_n400,gaussian4,400,0.5,0.25
True,4,4,0.27264125890880514,0.2973330242375125,0.21442185930967894,0.11247537776841633,-6.984445451766382,0.31600134191756035,42.87711584222339,9.264940268153992e-07,equivalent,True,1.0,1.0,9.298029679846791e-07,8.149137006720259e-07,True,389,0.37265586853027344,gaussian4_rho0.50_n400,gaussian4,400,0.5,0.25
True,4,4,0.2439530059568635,0.23805227646155794,0.15402121832378118,0.10716177847674048,-7.894407816867643,0.28735285726864535,27.543933247265652,0.000569207219942819,equivalent,True,1.0,1.0,8.481316787738149e-07,8.18325745247799e-07,True,390,0.3765718936920166,gaussian4_rho0.50_n400,gaussian4,400,0.5,0.25
True,4,4,0.34528114219935896,0.4768762686339758,0.3812094318044005,0.17811432565203625,-3.4741201524938954,0.4105427585420208,42.41199075217634,1.1332500266728495e-06,equivalent,True,1.0,1.0,9.479574032460397e-07,9.407962405574398e-07,True,391,0.41082119941711426,gaussian4_rho0.50_n400,gaussian4,400,0.5,0.25
True,4,4,0.29692136357796467,0.3526491845959916,0.2698659294200838,0.12721988275994026,-5.739150632276994,0.34609392330627264,38.805453988480636,5.341169125939748e-06,equivalent,True,1.0,1.0,9.996960029192927e-07,8.260637624293849e-07,True,392,0.3931410312652588,gaussian4_rho0.50_n400,gaussian4,400,0.5,0.25
True,4,4,0.19617181000992231,0.15393351617027623,0.07054660458798274,0.09502088504291369,-9.781569546445017,0.2381396921908222,20.058617542029978,0.010116541702401685,equivalent,True,1.0,1.0,9.626892326283907e-07,8.31084237600973e-07,True,393,0.3857579231262207,gaussian4_rho0.50_n400,gaussian4,400,0.5,0.25
True,4,4,0.2410383169257194,0.23239788090553418,0.15078430208884416,0.09730330103420232,-8.727511696778455,0.2787624390539832,33.92734617576112,4.187664414767342e-05,equivalent,True,1.0,1.0,8.593668183581907e-07,8.318117176750509e-07,True,394,0.39484500885009766,gaussian4_rho0.50_n400,gaussian4,400,0.5,0.25
True,4,4,0.34874044700088846,0.48647959749751796,0.4042765593008633,0.16999824394993523,-3.5042917318285847,0.41349086671814633,47.57875409034619,1.1891104005852047e-07,equivalent,True,1.0,1.0,9.330438876597772e-07,9.857379938319359e-07,True,395,0.37949109077453613,gaussian4_rho0.50_n400,gaussian4,400,0.5,0.25
True,4,4,0.28428353870654016,0.32326852151805163,0.24686647378884888,0.11762222341478376,-6.402986649515171,0.331789773268689,43.10083166476832,8.408443359790996e-07,equivalent,True,1.0,1.0,9.787490143060935e-07,9.224441951467923e-07,True,396,0.3546459674835205,gaussian4_rho0.50_n400,gaussian4,400,0.5,0.25
True,4,4,0.3146297373127749,0.39596748640602286,0.31366659463304813,0.13530125538185137,-5.072631465465421,0.3661343180033025,44.25529402828076,5.091279287708963e-07,equivalent,True,1.0,1.0,8.21913158351254e-07,9.456760258043132e-07,True,397,0.38016510009765625,gaussian4_rho0.50_n400,gaussian4,400,0.5,0.25
True,4,4,0.3117463023068315,0.3887430280079294,0.3228491842587298,0.1119018470048192,-6.051292573500667,0.35598853323076834,59.943175330316436,4.782217124679975e-10,equivalent,True,1.0,1.0,9.593895713451554e-07,9.521172507454641e-07,True,398,0.3373420238494873,gaussian4_rho0.50_n400,gaussian4,400,0.5,0.25
True,4,4,0.2874727202803582,0.3305622596215563,0.2424396990540457,0.11987004457377204,-6.319846660937264,0.331514847568721,40.51107608270687,2.5725317478146716e-06,equivalent,True,1.0,1.0,9.540524464897248e-07,9.969932933695832e-07,True,399,0.3834960460662842,gaussian4_rho0.50_n400,gaussian4,400,0.5,0.25
True,4,4,0.308369583565825,0.3803672002742413,0.307596364852038,0.11700873860948595,-5.917537812785451,0.3535741127892665,52.29057434089884,1.4790604406117362e-08,equivalent,True,1.0,1.0,6.752627346442646e-07,9.624021583250327e-07,True,400,0.3558058738708496,gaussian4_rho0.50_n400,gaussian4,400,0.5,0.25
True,4,4,0.19025977145915213,0.14479512254275517,0.07287877894870667,0.08258227770200983,-11.226636596252778,0.22842643123595135,17.41042700991027,0.026108043189946382,equivalent,True,1.0,1.0,9.68521823437185e-07,6.367308168156802e-07,True,401,0.3468327522277832,gaussian4_rho0.50_n400,gaussian4,400,0.5,0.25
True,4,4,0.31446705289520305,0.39555810942637776,0.3117207013668843,0.15183679442275316,-4.5330204793231275,0.3746565104792104,36.16240648811919,1.639785315789047e-05,equivalent,True,1.0,1.0,9.928679070428757e-07,9.342969609778755e-07,True,402,0.37642884254455566,gaussian4_rho0.50_n400,gaussian4,400,0.5,0.25
True,4,4,0.22777574081091342,0.20752715240784164,0.12095718707575061,0.09627074231081993,-9.130944582167755,0.2642482103700105,31.645143205054012,0.00010780290907693955,equivalent,True,1.0,1.0,9.92526466066282e-07,9.05640632093113e-07,True,403,0.38429808616638184,gaussian4_rho0.50_n400,gaussian4,400,0.5,0.25
True,4,4,0.22905386478036543,0.2098626918832877,0.12615630697524097,0.09717814920952189,-8.99218291491331,0.2673949037299301,27.05782438468114,0.0006909140654869002,equivalent,True,1.0,1.0,8.515063647417485e-07,9.066855860194023e-07,True,404,0.36994504928588867,gaussian4_rho0.50_n400,gaussian4,400,0.5,0.25
True,4,4,0.24097203422153704,0.23227008510746247,0.1642887613941827,0.09294972769495828,-8.991002548694366,0.2815925505572664,39.221343886826176,4.471707243801935e-06,equivalent,True,1.0,1.0,9.071750947531096e-07,9.059125983512554e-07,True,405,0.34723520278930664,gaussian4_rho0.50_n400,gaussian4,400,0.5,0.25
True,4,4,0.2715543923386446,0.2949671519936421,0.22655074219781401,0.11029371902650675,-7.012631948844738,0.3193617721207918,35.00908788468231,2.6636754776123655e-05,equivalent,True,1.0,1.0,9.418878472353722e-07,9.233177655249585e-07,True,406,0.3508591651916504,gaussian4_rho0.50_n400,gaussian4,400,0.5,0.25
True,4,4,0.26052392650685996,0.2714908651302071,0.19792029424176064,0.10344089857580649,-7.753990121909436,0.30334198169693527,35.08547136685087,2.579673606489148e-05,equivalent,True,1.0,1.0,9.63861160304525e-07,5.763059579961325e-07,True,407,0.3484160900115967,gaussian4_rho0.50_n400,gaussian4,400,0.5,0.25
True,4,4,0.32801706651740725,0.4303807837067407,0.35203099796853154,0.15188629397400835,-4.2661453188287854,0.38789873662332824,38.52172133731956,6.028411803558066e-06,equivalent,True,1.0,1.0,9.329437701829905e-07,9.814006044672548e-07,True,408,0.37752604484558105,gaussian4_rho0.50_n400,gaussian4,400,0.5,0.25
True,4,4,0.3351849463608455,0.4493957930676915,0.3833028677108279,0.1279601664542423,-4.819446155610456,0.3852851579052853,58.326986293563735,9.91312752065491e-10,equivalent,True,1.0,1.0,9.675891611133235e-07,8.83626811534834e-07,True,409,0.33490514755249023,gaussian4_rho0.50_n400,gaussian4,400,0.5,0.25
True,4,4,0.2475677091142775,0.2451590823843661,0.16516252111027693,0.09640078786169907,-8.660069045155716,0.2844853716210959,37.58345838854035,8.986287228613422e-06,equivalent,True,1.0,1.0,9.934171859763023e-07,9.974115396417804e-07,True,410,0.3815891742706299,gaussian4_rho0.50_n400,gaussian4,400,0.5,0.25
True,4,4,0.26595608635064233,0.28293055946780127,0.2143360548664492,0.11887863320857035,-6.608958430360803,0.3201070156473456,38.12167533363406,7.1484449335750755e-06,equivalent,True,1.0,1.0,9.213857582340173e-07,8.57325466498206e-07,True,411,0.34644103050231934,gaussian4_rho0.50_n400,gaussian4,400,0.5,0.25
True,4,4,0.2697923392809138,0.2911516253386707,0.2019094825796352,0.11212284350860922,-7.118001046406607,0.31077932218411963,39.49408679367402,3.979223745019876e-06,equivalent,True,1.0,1.0,7.286974085840822e-07,7.889664986267015e-07,True,412,0.37473416328430176,gaussian4_rho0.50_n400,gaussian4,400,0.5,0.25
True,4,4,0.33434621300907413,0.44714956061403666,0.35831694658276675,0.16741541516415293,-3.8328791454959807,0.3980234915878428,35.94536389365409,1.7969208339194394e-05,equivalent,True,1.0,1.0,9.63072900045612e-07,8.412874019550412e-07,True,413,0.3864290714263916,gaussian4_rho0.50_n400,gaussian4,400,0.5,0.25
True,4,4,0.28727423634182453,0.33010594746311384,0.24997312054155063,0.11926195618708796,-6.2889030453422325,0.33396915341585437,40.441103624177714,2.651054628816039e-06,equivalent,True,1.0,1.0,8.163770365110896e-07,9.299012697363477e-07,True,414,0.37318897247314453,gaussian4_rho0.50_n400,gaussian4,400,0.5,0.25
True,4,4,0.27254881373504325,0.2971314234735172,0.2307040721400226,0.10961623141519561,-7.018084073207184,0.3205490321136764,35.0423512951195,2.626767371704777e-05,equivalent,True,1.0,1.0,7.014642108294743e-07,9.55186547077761e-07,True,415,0.3485560417175293,gaussian4_rho0.50_n400,gaussian4,400,0.5,0.25
True,4,4,0.30495184362789074,0.3719825077281981,0.2905643712007963,0.14020613106002353,-5.059947260761997,0.36096500328830683,35.51692264071064,2.1520681884627295e-05,equivalent,True,1.0,1.0,8.688543715029228e-07,8.061568541198319e-07,True,416,0.38367414474487305,gaussian4_rho0.50_n400,gaussian4,400,0.5,0.25
True,4,4,0.2902595829809025,0.3370025020489897,0.2506900702775011,0.1318762896501047,-5.681915465703307,0.3419090754928051,31.136326034568263,0.00013286603668433494,equivalent,True,1.0,1.0,8.974681006260793e-07,9.81141597096522e-07,True,417,0.38085389137268066,gaussian4_rho0.50_n400,gaussian4,400,0.5,0.25
True,4,4,0.38386069381818483,0.5893961290343129,0.5056610735306355,0.16012371980680368,-3.0872310927188438,0.4384749578983439,64.33648072219361,6.527294203381113e-11,equivalent,True,1.0,1.0,8.010703109613327e-07,9.928140645917089e-07,True,418,0.39775800704956055,gaussian4_rho0.50_n400,gaussian4,400,0.5,0.25
True,4,4,0.2737268492808225,0.29970555206882454,0.220909695896189,0.11932489454522086,-6.52915141532815,0.3229480149631274,39.48163197411038,4.000494248241071e-06,equivalent,True,1.0,1.0,9.841925640529414e-07,9.606520706571912e-07,True,419,0.38198280334472656,gaussian4_rho0.50_n400,gaussian4,400,0.5,0.25
True,4,4,0.28559118753862067,0.32624930559887844,0.2599393265606246,0.09999715501181723,-7.400817286770991,0.32573762818664376,51.559175681454256,2.0473197628745533e-08,equivalent,True,1.0,1.0,9.420702233355043e-07,7.952769385627749e-07,True,420,0.33566975593566895,gaussian4_rho0.50_n400,gaussian4,400,0.5,0.25
True,4,4,0.2703503658366264,0.292357281231991,0.22592010621991243,0.11021213996108829,-7.0235447206939785,0.31906227619737176,43.658289019573395,6.600943102260662e-07,equivalent,True,1.0,1.0,9.893244559642268e-07,7.898650383670624e-07,True,421,0.35434484481811523,gaussian4_rho0.50_n400,gaussian4,400,0.5,0.25
True,4,4,0.3158248387622139,0.3989813151167136,0.3218558174503481,0.11368703052262487,-5.965009196143041,0.35667013539923353,76.84687761090555,2.1031800199988948e-13,equivalent,True,1.0,1.0,8.614210456411509e-07,9.688305521735312e-07,True,422,0.3934500217437744,gaussian4_rho0.50_n400,gaussian4,400,0.5,0.25
True,4,4,0.20177910987552797,0.16285923672864155,0.08616906278812411,0.0886327432963629,-10.310308619877452,0.24080954718709005,20.872196601839992,0.007494788203039393,equivalent,True,1.0,1.0,9.489683279962223e-07,9.866416383664492e-07,True,423,0.40326905250549316,gaussian4_rho0.50_n400,gaussian4,400,0.5,0.25
True,4,4,0.2887892947786884,0.33359702711508876,0.2601931843803438,0.12174172159801522,-6.076855213715964,0.33927882954222016,37.75368553462201,8.359442289720723e-06,equivalent,True,1.0,1.0,7.12716889514346e-07,9.55402690313818e-07,True,424,0.3772099018096924,gaussian4_rho0.50_n400,gaussian4,400,0.5,0.25
True,4,4,0.22304271279124946,0.19899220691711916,0.14101601809071027,0.08183962924716258,-10.495941755980903,0.2625024900292707,32.226572590299384,8.482723580199838e-05,equivalent,True,1.0,1.0,8.849778475668552e-07,8.245601597467201e-07,True,425,0.3513801097869873,gaussian4_rho0.50_n400,gaussian4,400,0.5,0.25
True,4,4,0.1714994934144015,0.11764830496558537,0.04649290782445434,0.0737125609067727,-12.935476402474814,0.20477993125782656,14.698343361797399,0.06528329825950105,equivalent,False,1.0,1.0,8.39473775803523e-07,9.276489757501591e-07,True,426,0.36562490463256836,gaussian4_rho0.50_n400,gaussian4,400,0.5,0.25
True,4,4,0.24621752635207783,0.2424922811317446,0.15712860873539003,0.10460362982469405,-8.057764273354413,0.2868737826313286,33.6260079216514,4.747931385714532e-05,equivalent,True,1.0,1.0,9.970881532544926e-07,9.074463375976906e-07,True,427,0.3877420425415039,gaussian4_rho0.50_n400,gaussian4,400,0.5,0.25
True,4,4,0.31618500192685406,0.3998918217739388,0.3197378239491817,0.13623743081906178,-4.993210543982445,0.36872362826325145,42.91529662571689,9.112870717759331e-07,equivalent,True,1.0,1.0,9.656841365136437e-07,9.616436502132704e-07,True,428,0.3878970146179199,gaussian4_rho0.50_n400,gaussian4,400,0.5,0.25
True,4,4,0.2247606354904567,0.20206937306429576,0.12634607895442398,0.09399797243197633,-9.29439112825348,0.2650278215750399,25.42500867598872,0.0013165409796764699,equivalent,True,1.0,1.0,8.401035774430297e-07,9.70374416082781e-07,True,429,0.37378716468811035,gaussian4_rho0.50_n400,gaussian4,400,0.5,0.25
True,4,4,0.2350099699502436,0.22091874390405758,0.14300270620989392,0.10288725400335673,-8.3294797017534,0.279390935395367,26.46790707750736,0.000873117267021388,equivalent,True,1.0,1.0,8.194220294416901e-07,9.719817746386905e-07,True,430,0.3652610778808594,gaussian4_rho0.50_n400,gaussian4,400,0.5,0.25
True,4,4,0.30366758021936613,0.3688559971051406,0.2798115429790661,0.1248744648626988,-5.767299646191005,0.34828571583618684,47.08329001005413,1.4783237158950893e-07,equivalent,True,1.0,1.0,9.725184834009365e-07,8.741331040162778e-07,True,431,0.8824691772460938,gaussian4_rho0.50_n400,gaussian4,400,0.5,0.25
True,4,4,0.2726798510633441,0.29741720470371,0.2153791359379501,0.11371453112823615,-6.89991733050573,0.3171840533906597,38.98255955557052,4.9521390832549035e-06,equivalent,True,1.0,1.0,8.382776173537103e-07,8.090185406136077e-07,True,432,0.8600368499755859,gaussian4_rho0.50_n400,gaussian4,400,0.5,0.25
True,4,4,0.31915076716107177,0.40742884871800256,0.31457523829471445,0.1481496859166708,-4.626569118012264,0.37358392179886163,48.17741010863779,9.137166218001863e-08,equivalent,True,1.0,1.0,9.138722502760904e-07,8.356509181794961e-07,True,433,0.904099702835083,gaussian4_rho0.50_n400,gaussian4,400,0.5,0.25
True,4,4,0.274212291101547,0.30076952236463816,0.2076692788775919,0.12225194472194201,-6.481129792450648,0.3196700774061239,33.48305167864659,5.038985106542703e-05,equivalent,True,1.0,1.0,8.290580985093867e-07,8.932268596348626e-07,True,434,0.9064111709594727,gaussian4_rho0.50_n400,gaussian4,400,0.5,0.25
True,4,4,0.26551286741300384,0.28198833104750143,0.21069566346786464,0.10772276829034481,-7.327182071711396,0.31140160949949,32.87380773309118,6.489729261796774e-05,equivalent,True,1.0,1.0,7.638860141273295e-07,7.367076562192924e-07,True,435,0.36803317070007324,gaussian4_rho0.50_n400,gaussian4,400,0.5,0.25
True,4,4,0.3050008573764942,0.37210209200158617,0.29235196914224604,0.13935710360958156,-5.077947320434258,0.3611004037854009,32.89135303512414,6.442693671734087e-05,equivalent,True,1.0,1.0,8.35819860433761e-07,8.652050828855173e-07,True,436,0.382030725479126,gaussian4_rho0.50_n400,gaussian4,400,0.5,0.25
True,4,4,0.25997158755985533,0.2703409053535661,0.1822410871478953,0.11542621122470481,-7.0846898999408445,0.3050001267729727,35.82489111337203,1.8904721017321667e-05,equivalent,True,1.0,1.0,8.685903800860381e-07,9.641780563355668e-07,True,437,0.3982670307159424,gaussian4_rho0.50_n400,gaussian4,400,0.5,0.25
True,4,4,0.1915470384372998,0.14676107173640165,0.07830614646997199,0.07212294833946879,-12.779481077115607,0.221888395163301,26.95289230772609,0.0007203499526837165,equivalent,True,1.0,1.0,7.11892985583719e-07,9.226547175907407e-07,True,438,0.359050989151001,gaussian4_rho0.50_n400,gaussian4,400,0.5,0.25
True,4,4,0.3193697945796478,0.4079882627593858,0.3275592252573924,0.13822436173541924,-4.864849917192985,0.3724641150469898,44.65330626295932,4.2807482340468584e-07,equivalent,True,1.0,1.0,9.528926331221021e-07,9.263134884671453e-07,True,439,0.38437891006469727,gaussian4_rho0.50_n400,gaussian4,400,0.5,0.25
True,4,4,0.23764429592589667,0.2258992455444606,0.1519678628232226,0.09396829494173302,-9.024662389613615,0.27682663960346093,29.2847270864716,0.0002826016599931143,equivalent,True,1.0,1.0,9.80152751569398e-07,9.80894876741601e-07,True,440,0.35655999183654785,gaussian4_rho0.50_n400,gaussian4,400,0.5,0.25
True,4,4,0.21658715068172096,0.187639975361706,0.10146737432665717,0.10257901666091752,-8.759419371736701,0.259901347596777,19.502835154859046,0.012389885887399704,equivalent,True,1.0,1.0,8.757911387173589e-07,9.960432684481134e-07,True,441,0.3916740417480469,gaussian4_rho0.50_n400,gaussian4,400,0.5,0.25
True,4,4,0.3149139206151334,0.39668310958877817,0.3219234789364728,0.12322274914831029,-5.502851752214989,0.36214874871936337,48.507738396800264,7.899557573700445e-08,equivalent,True,1.0,1.0,9.086675704226938e-07,9.61781562436611e-07,True,442,0.43456411361694336,gaussian4_rho0.50_n400,gaussian4,400,0.5,0.25
True,4,4,0.2539248350156173,0.2579112873508339,0.18364429106794422,0.11310546243895883,-7.2176506008507735,0.30400913686462167,29.728424789709507,0.00023605873917997803,equivalent,True,1.0,1.0,9.26984798692012e-07,9.547597466466595e-07,True,443,0.5351142883300781,gaussian4_rho0.50_n400,gaussian4,400,0.5,0.25
True,4,4,0.24540307133940029,0.24089066969124312,0.1662179275127525,0.09863143755922986,-8.453512319401684,0.28655374945788503,32.376110990584976,7.974491771027111e-05,equivalent,True,1.0,1.0,9.213912468551901e-07,7.536906453551092e-07,True,444,0.5393328666687012,gaussian4_rho0.50_n400,gaussian4,400,0.5,0.25
True,4,4,0.2727316532070509,0.29753021864420426,0.21813869028112004,0.12049732124096343,-6.4886198437171885,0.3226217391010157,30.419776177289037,0.00017813541219961488,equivalent,True,1.0,1.0,9.876398808015953e-07,8.573568177702686e-07,True,445,0.5608189105987549,gaussian4_rho0.50_n400,gaussian4,400,0.5,0.25
True,4,4,0.3542533321783105,0.5019816934377457,0.43427543609816965,0.13131010333121274,-4.3083094868554275,0.40319391606827587,67.50186909041881,1.5417067332470733e-11,equivalent,True,1.0,1.0,9.425113385496791e-07,8.577005368643787e-07,True,446,0.5107779502868652,gaussian4_rho0.50_n400,gaussian4,400,0.5,0.25
True,4,4,0.28297720861391423,0.320304402379691,0.24001396873805478,0.11412193579463484,-6.659421135561162,0.32700452930524637,46.749937246212774,1.7112288927544615e-07,equivalent,True,1.0,1.0,9.271204929271539e-07,7.79572379061925e-07,True,447,0.48163676261901855,gaussian4_rho0.50_n400,gaussian4,400,0.5,0.25
True,4,4,0.284688431249459,0.32419001154911176,0.23715357352593514,0.13424182060871612,-5.682628729370305,0.3383643446947206,35.26864388090577,2.3887456422589604e-05,equivalent,True,1.0,1.0,8.72665521581885e-07,9.58425381325511e-07,True,448,0.4678511619567871,gaussian4_rho0.50_n400,gaussian4,400,0.5,0.25
True,4,4,0.34117432679328313,0.46559968505139987,0.36540151377622615,0.1629666459196494,-3.894039069421986,0.3979503085779925,54.979286579739544,4.456039851705831e-09,equivalent,True,1.0,1.0,9.91692922576821e-07,9.777768506864085e-07,True,449,0.5174000263214111,gaussian4_rho0.50_n400,gaussian4,400,0.5,0.25
True,4,4,0.2765403672837182,0.30589829894965503,0.22692013226079424,0.11778096495724814,-6.563708049257505,0.3242886752788972,40.64750433800076,2.4260019165301523e-06,equivalent,True,1.0,1.0,8.943977618850602e-07,9.659971878544564e-07,True,450,0.4291422367095947,gaussian4_rho0.50_n400,gaussian4,400,0.5,0.25
True,4,4,0.23853036812103434,0.22758694606382462,0.15066012180290517,0.10599126474693582,-8.01330072081859,0.28504396066531396,23.96627435248251,0.002321819992522995,equivalent,True,1.0,1.0,8.932073316902165e-07,8.292703889055092e-07,True,451,0.4600861072540283,gaussian4_rho0.50_n400,gaussian4,400,0.5,0.25
True,4,4,0.309800973851887,0.3839065735983103,0.30179762375904495,0.12666164041571829,-5.512342757833969,0.3571195466480595,47.860582489767985,1.0504717969712786e-07,equivalent,True,1.0,1.0,9.778735571475725e-07,9.370297297672966e-07,True,452,0.4491000175476074,gaussian4_rho0.50_n400,gaussian4,400,0.5,0.25
True,4,4,0.3017514301005669,0.36421570227094924,0.27796088828014465,0.13256067944346772,-5.446857354316584,0.3521376870820148,41.8793195255327,1.4267234278739961e-06,equivalent,True,1.0,1.0,7.671525921695003e-07,8.358158486917796e-07,True,453,0.4584379196166992,gaussian4_rho0.50_n400,gaussian4,400,0.5,0.25
True,4,4,0.27503145259417117,0.30256919966423934,0.21832854134121416,0.11724413217226408,-6.667041191539497,0.3206158048909709,35.78956689787334,1.9188040413827043e-05,equivalent,True,1.0,1.0,8.612498998256785e-07,8.342831843719422e-07,True,454,0.45773983001708984,gaussian4_rho0.50_n400,gaussian4,400,0.5,0.25
True,4,4,0.26521001835318675,0.2813454153395906,0.20788543313044516,0.10821054348751823,-7.320123726769037,0.31059456613899394,35.45106734010936,2.2124879183998604e-05,equivalent,True,1.0,1.0,9.718166530346175e-07,9.96465654603939e-07,True,455,0.43250322341918945,gaussian4_rho0.50_n400,gaussian4,400,0.5,0.25
True,4,4,0.2592454569525514,0.2688328278021488,0.19665533718069972,0.10337882195263322,-7.770882349456274,0.30277812314443187,40.78709246639407,2.2846412605908917e-06,equivalent,True,1.0,1.0,9.244948217491229e-07,9.963983845760067e-07,True,456,0.41812896728515625,gaussian4_rho0.50_n400,gaussian4,400,0.5,0.25
True,4,4,0.26778022724513695,0.2868250004138287,0.19610905152028832,0.139585832000709,-5.759115642020376,0.32623124986644575,37.16433744117741,1.0734875368956928e-05,equivalent,True,1.0,1.0,9.823326419571936e-07,7.780466379982513e-07,True,457,0.48602294921875,gaussian4_rho0.50_n400,gaussian4,400,0.5,0.25
True,4,4,0.23214818449795757,0.21557111826279102,0.13783273732927934,0.09101109455688475,-9.47321056700224,0.26811036267924937,36.45759944722036,1.4476674659398443e-05,equivalent,True,1.0,1.0,8.949393497185593e-07,9.920793243094122e-07,True,458,0.4445497989654541,gaussian4_rho0.50_n400,gaussian4,400,0.5,0.25
True,4,4,0.21439807215866558,0.1838661333814095,0.12283593004649823,0.07640962203387665,-11.479759310478018,0.24925818641667086,35.31386808381647,2.343797841135631e-05,equivalent,True,1.0,1.0,9.033407425952181e-07,9.694566461786745e-07,True,459,0.42013001441955566,gaussian4_rho0.50_n400,gaussian4,400,0.5,0.25
True,4,4,0.33830645265237014,0.4578050236249214,0.39038270913273615,0.1365600285407394,-4.464097564869791,0.39211094328473156,53.74988937046419,7.719054682732425e-09,equivalent,True,1.0,1.0,8.382614473780339e-07,9.674616334917821e-07,True,460,0.4366908073425293,gaussian4_rho0.50_n400,gaussian4,400,0.5,0.25
True,4,4,0.21135268301537008,0.17867982647118202,0.10529073124374433,0.0852317897001033,-10.497365735301125,0.2477319870664285,25.949299510375432,0.0010714869113938922,equivalent,True,1.0,1.0,9.63879766920982e-07,9.818851231830354e-07,True,461,0.51019287109375,gaussian4_rho0.50_n400,gaussian4,400,0.5,0.25
True,4,4,0.309424230142261,0.38297341679652364,0.3097112426731603,0.11770856442477344,-5.864388548957264,0.3547268673890166,55.54539790639885,3.458341848643413e-09,equivalent,True,1.0,1.0,7.662002719057953e-07,9.272010486386065e-07,True,462,0.5073120594024658,gaussian4_rho0.50_n400,gaussian4,400,0.5,0.25
True,4,4,0.290390568164456,0.33730672831550235,0.2625143041882118,0.12679658896577134,-5.816289711159911,0.34317493113339287,41.05803593216877,2.033155439412607e-06,equivalent,True,1.0,1.0,9.687219985110437e-07,8.879881212599123e-07,True,463,0.45549893379211426,gaussian4_rho0.50_n400,gaussian4,400,0.5,0.25
True,4,4,0.22656424769776945,0.20532543333942493,0.13000015039735016,0.08960950491999382,-9.708789825135325,0.2633413514691188,30.70108466953709,0.00015879331961309536,equivalent,True,1.0,1.0,8.527253327908686e-07,8.792581298758269e-07,True,464,0.4412698745727539,gaussian4_rho0.50_n400,gaussian4,400,0.5,0.25
True,4,4,0.256225310280955,0.26260563851428664,0.18541779950378878,0.10892386397270294,-7.4784548655045056,0.30190296960317314,35.83682471292686,1.880994458606685e-05,equivalent,True,1.0,1.0,9.78166520573861e-07,9.920002393521403e-07,True,465,0.6676211357116699,gaussian4_rho0.50_n400,gaussian4,400,0.5,0.25
True,4,4,0.22373700278620184,0.20023298566301156,0.12615108561382782,0.10207355127587542,-8.560972979419617,0.27113056663062196,19.38542225106162,0.01292889857918497,equivalent,True,1.0,1.0,8.165223762495974e-07,8.333417055090639e-07,True,466,0.6510460376739502,gaussian4_rho0.50_n400,gaussian4,400,0.5,0.25
True,4,4,0.26473365887722433,0.28033564057009036,0.20046887842502864,0.1273979655053156,-6.275854707755215,0.3201639751957915,27.085184813214468,0.000683434294373598,equivalent,True,1.0,1.0,8.101977029461837e-07,8.192851935891405e-07,True,467,0.678786039352417,gaussian4_rho0.50_n400,gaussian4,400,0.5,0.25
True,4,4,0.36119382541226885,0.5218439180637942,0.43712822679794494,0.16601858082248433,-3.3904143163584006,0.4213681560123951,52.73848842018083,1.2117079445572221e-08,equivalent,True,1.0,1.0,8.317883064611723e-07,8.656560744484833e-07,True,468,0.7296121120452881,gaussian4_rho0.50_n400,gaussian4,400,0.5,0.25
True,4,4,0.29194457734767704,0.3409265449708551,0.26765421405119355,0.11206862171993512,-6.5347978293065285,0.3361512654128649,44.19087096987083,5.236093337515586e-07,equivalent,True,1.0,1.0,9.295740333313021e-07,8.599757948264703e-07,True,469,0.4226040840148926,gaussian4_rho0.50_n400,gaussian4,400,0.5,0.25
True,4,4,0.3327137076391287,0.44279364500390245,0.3704674902323606,0.1289372324998632,-4.882472638524387,0.3816249352305368,60.796536075767996,3.2517212500242874e-10,equivalent,True,1.0,1.0,9.8851926499725e-07,7.564269159922854e-07,True,470,0.4170410633087158,gaussian4_rho0.50_n400,gaussian4,400,0.5,0.25
True,4,4,0.34896069292136994,0.48709426081665064,0.4142405033891168,0.14102311451136212,-4.15364175327222,0.40193372736594385,59.68578960067225,5.37163594330521e-10,equivalent,True,1.0,1.0,9.391335894152521e-07,9.935811183089606e-07,True,471,0.39224815368652344,gaussian4_rho0.50_n400,gaussian4,400,0.5,0.25
True,4,4,0.27966990874182945,0.31286103142265287,0.22857405173761092,0.1353059443859434,-5.7013455821422925,0.3358319985904128,25.521986335504717,0.0012674286456453472,equivalent,True,1.0,1.0,7.365314788104097e-07,9.369012694117755e-07,True,472,0.3883860111236572,gaussian4_rho0.50_n400,gaussian4,400,0.5,0.25
True,4,4,0.36073960766473157,0.5205322581524179,0.4457948757564245,0.1469899413310279,-3.7703608779289244,0.41459975092857626,56.99319442075036,1.8062514788312403e-09,equivalent,True,1.0,1.0,8.821783881930866e-07,9.158239721013667e-07,True,473,0.47381091117858887,gaussian4_rho0.50_n400,gaussian4,400,0.5,0.25
True,4,4,0.3963772620826058,0.628459735584411,0.5480244361850863,0.16666570673591513,-2.7118690021281777,0.45336660893753705,67.6943702462738,1.41188137532831e-11,equivalent,True,1.0,1.0,9.461697382468788e-07,8.958789071158716e-07,True,474,0.494290828704834,gaussian4_rho0.50_n400,gaussian4,400,0.5,0.25
True,4,4,0.23812079439679834,0.2268060508966492,0.14213821140426813,0.10371090232509458,-8.271664495856554,0.27961020423444394,33.73468575279739,4.537824382116341e-05,equivalent,True,1.0,1.0,9.605296393636823e-07,9.956035649560042e-07,True,475,0.4838252067565918,gaussian4_rho0.50_n400,gaussian4,400,0.5,0.25
True,4,4,0.38561358163300197,0.5947913373593274,0.5140959063524324,0.1708909313644574,-2.8433579814208203,0.4458661443248341,65.26139408984166,4.2844777171970865e-11,equivalent,True,1.0,1.0,9.600714691844722e-07,8.009553934409373e-07,True,476,0.47492218017578125,gaussian4_rho0.50_n400,gaussian4,400,0.5,0.25
True,4,4,0.30056132436457833,0.36134843881515705,0.2874994736212395,0.11545555439958574,-6.171210472151325,0.34547321206827714,50.947418195974585,2.6859842471831596e-08,equivalent,True,1.0,1.0,9.393987384328034e-07,9.950692786954803e-07,True,477,0.4066588878631592,gaussian4_rho0.50_n400,gaussian4,400,0.5,0.25
True,4,4,0.32166544935324276,0.4138746452304943,0.3369515806836485,0.1319241280523506,-5.025982957819803,0.372138234125764,48.82488020191739,6.868554234231904e-08,equivalent,True,1.0,1.0,9.103430538133151e-07,9.123720889133151e-07,True,478,0.4867739677429199,gaussian4_rho0.50_n400,gaussian4,400,0.5,0.25
True,4,4,0.3241661299805549,0.42033471930627997,0.3491437520764273,0.12547065317772815,-5.187318559676581,0.37266761699662865,56.14447674811837,2.643869125550581e-09,equivalent,True,1.0,1.0,8.61688457913903e-07,9.95363644699642e-07,True,479,0.565385103225708,gaussian4_rho0.50_n400,gaussian4,400,0.5,0.25
True,4,4,0.19114834185715623,0.14615075437896108,0.06628976554746152,0.08816556514475761,-10.590418525866589,0.22984191042325286,18.14802347827699,0.020143702220578333,equivalent,True,1.0,1.0,9.652213847591947e-07,9.47954846544229e-07,True,480,0.6633970737457275,gaussian4_rho0.50_n400,gaussian4,400,0.5,0.25
True,4,4,0.36526926036565727,0.5336865302722973,0.45809780141879697,0.1606303381345583,-3.373598069172073,0.4249444656945971,54.009301306561696,6.874893560507755e-09,equivalent,True,1.0,1.0,8.958493280366282e-07,9.986667336236235e-07,True,481,0.6109359264373779,gaussian4_rho0.50_n400,gaussian4,400,0.5,0.25
True,4,4,0.3882924366980429,0.6030840655876147,0.5318191700770434,0.15417464547976026,-3.0366914641903198,0.44311790047299615,68.83578709018667,8.376692633243116e-12,equivalent,True,1.0,1.0,9.648543855665908e-07,9.705085780906798e-07,True,482,0.5056531429290771,gaussian4_rho0.50_n400,gaussian4,400,0.5,0.25
True,4,4,0.2579683859065622,0.26619075250894797,0.17352933641977258,0.11550244498622078,-7.1554386894478625,0.301460591113134,28.914363835961446,0.00032825908471561,equivalent,True,1.0,1.0,8.947109103839389e-07,8.905686962779952e-07,True,483,0.47351694107055664,gaussian4_rho0.50_n400,gaussian4,400,0.5,0.25
True,4,4,0.23105585198283793,0.21354722694206046,0.12417601237858256,0.10223250757543913,-8.56698136818303,0.27033938080512215,24.816404583486836,0.0016698912890238044,equivalent,True,1.0,1.0,9.325915351211148e-07,9.033610671322988e-07,True,484,0.4215400218963623,gaussian4_rho0.50_n400,gaussian4,400,0.5,0.25
True,4,4,0.30583510362061717,0.3741404424265345,0.3053791868935359,0.11886454672754597,-5.8438014717595435,0.3538693147527356,43.89160783314367,5.964253128424428e-07,equivalent,True,1.0,1.0,7.31989228847787e-07,9.610091923804187e-07,True,485,0.36426401138305664,gaussian4_rho0.50_n400,gaussian4,400,0.5,0.25
True,4,4,0.2360520323029945,0.22288224781749588,0.14638673634553104,0.09149227817537747,-9.329894070603595,0.27243262558858183,30.46462121596435,0.0001749036640380903,equivalent,True,1.0,1.0,8.133176769386984e-07,8.253240908404572e-07,True,486,0.3682861328125,gaussian4_rho0.50_n400,gaussian4,400,0.5,0.25
True,4,4,0.2838209363329243,0.3222172956035916,0.240271735921221,0.11296429580683576,-6.7253839689124675,0.3263745806566106,47.99132982819221,9.917304892817509e-08,equivalent,True,1.0,1.0,9.130740213798982e-07,9.868395354434056e-07,True,487,0.3743629455566406,gaussian4_rho0.50_n400,gaussian4,400,0.5,0.25
True,4,4,0.2553467003606041,0.2608077495401925,0.18485007894469602,0.10384707598326547,-7.849522129892825,0.2981875745751637,38.01110450282413,7.492812038969016e-06,equivalent,True,1.0,1.0,8.6779101218635e-07,7.682914066340933e-07,True,488,0.37145495414733887,gaussian4_rho0.50_n400,gaussian4,400,0.5,0.25
True,4,4,0.33231738947857486,0.4417393893994193,0.38219971579113876,0.11203610709638223,-5.514296240919734,0.37632522932237306,73.1855068147929,1.1378042216768359e-12,equivalent,True,1.0,1.0,8.184425950530634e-07,7.852826218776624e-07,True,489,0.33612513542175293,gaussian4_rho0.50_n400,gaussian4,400,0.5,0.25
True,4,4,0.3170447886908533,0.4020695921441112,0.31201233812676077,0.15721414669694192,-4.376118029629084,0.37769253286546,45.827223624427916,2.563684933090148e-07,equivalent,True,1.0,1.0,8.907847063802636e-07,8.916680720655704e-07,True,490,0.39302611351013184,gaussian4_rho0.50_n400,gaussian4,400,0.5,0.25
True,4,4,0.2531362911599492,0.2563119276088583,0.17910954668882542,0.1154413031657712,-7.110890390178581,0.30372421409110956,30.2539206611306,0.00019060596195316388,equivalent,True,1.0,1.0,9.807433116444835e-07,7.481542815534831e-07,True,491,0.3701670169830322,gaussian4_rho0.50_n400,gaussian4,400,0.5,0.25
True,4,4,0.26069894336890015,0.271855756294644,0.19066357963510597,0.13016487961124684,-6.217778734033905,0.3181060176911807,23.711483831391305,0.002561361590135969,equivalent,True,1.0,1.0,7.523992217325319e-07,9.478965845297732e-07,True,492,0.388247013092041,gaussian4_rho0.50_n400,gaussian4,400,0.5,0.25
True,4,4,0.29756361747498117,0.3541764257791876,0.28195048654866584,0.11348229942442613,-6.327414205503664,0.34227629860674186,53.00479699499306,1.0761572543906443e-08,equivalent,True,1.0,1.0,9.67360538424867e-07,9.252572833940367e-07,True,493,0.36579012870788574,gaussian4_rho0.50_n400,gaussian4,400,0.5,0.25
True,4,4,0.25608183496076875,0.2623116247874976,0.19514151366096186,0.09776770938147628,-8.232354950637024,0.2983098577971488,35.85498486899289,1.8666617365227937e-05,equivalent,True,1.0,1.0,7.643232812699508e-07,7.028691867299575e-07,True,494,0.34894800186157227,gaussian4_rho0.50_n400,gaussian4,400,0.5,0.25
True,4,4,0.24344163302075109,0.23705531475124017,0.16140944001858298,0.09792175651647557,-8.563883960152635,0.28393502618652333,29.720796386330893,0.00023679138474451666,equivalent,True,1.0,1.0,8.210063721498138e-07,9.033069780954587e-07,True,495,0.3644869327545166,gaussian4_rho0.50_n400,gaussian4,400,0.5,0.25
True,4,4,0.297523785589582,0.35408161196622223,0.2708109072323157,0.12985061646078547,-5.61559977643924,0.34799287517121785,40.697099937388685,2.374810400770846e-06,equivalent,True,1.0,1.0,8.424374413212678e-07,9.558146355075013e-07,True,496,0.3873560428619385,gaussian4_rho0.50_n400,gaussian4,400,0.5,0.25
True,4,4,0.17740114191073086,0.12588466060492506,0.041506366640028464,0.08312349937995839,-11.530958639971196,0.2110878703763266,15.047222836431832,0.05823371943683209,equivalent,False,1.0,1.0,8.305381632527454e-07,8.944828852477995e-07,True,497,0.39215612411499023,gaussian4_rho0.50_n400,gaussian4,400,0.5,0.25
True,4,4,0.27497329077709826,0.3024412425631465,0.23443315787280916,0.11545193036137404,-6.631044104077807,0.3257048833937956,32.82617822920999,6.619128604116886e-05,equivalent,True,1.0,1.0,8.867485785314039e-07,9.827930455195298e-07,True,498,0.35623598098754883,gaussian4_rho0.50_n400,gaussian4,400,0.5,0.25
True,4,4,0.24312401655604152,0.2364371497053694,0.16646348785622517,0.0943580906935367,-8.833757720373946,0.2835792374124492,32.90843992839555,6.397210097258228e-05,equivalent,True,1.0,1.0,9.413394079816911e-07,8.458879699384962e-07,True,499,0.3540079593658447,gaussian4_rho0.50_n400,gaussian4,400,0.5,0.25
True,4,4,0.26079369572417105,0.2720534069178861,0.18908950768984353,0.11104898977714159,-7.30227707552793,0.3048560485270351,31.973625820703063,9.416014452851418e-05,equivalent,True,1.0,1.0,7.507128660342365e-07,9.94179075428731e-07,True,500,0.38544774055480957,gaussian4_rho0.50_n400,gaussian4,400,0.5,0.25
True,4,4,0.26632571841258673,0.28371755315192176,0.22023183201168411,0.09939148213136012,-7.8454224775292145,0.3097241804749567,37.789615157210136,8.232772301946124e-06,equivalent,True,1.0,1.0,9.74287694138588e-07,8.518220223894075e-07,True,501,0.342487096786499,gaussian4_rho0.50_n400,gaussian4,400,0.5,0.25
True,4,4,0.2915139379127792,0.3399215039896627,0.2744175298279031,0.1107429388678165,-6.551952454848223,0.3378510968177757,43.189990352918315,8.089424960966046e-07,equivalent,True,1.0,1.0,7.447271964830333e-07,9.949878999413224e-07,True,502,0.35277700424194336,gaussian4_rho0.50_n400,gaussian4,400,0.5,0.25
True,4,4,0.33021815261681947,0.4361761132706603,0.36736111050083503,0.1402987889647909,-4.509225590378623,0.3866949968600804,53.03232555937818,1.0630363271593906e-08,equivalent,True,1.0,1.0,9.506334449741218e-07,9.259797337993973e-07,True,503,0.35810112953186035,gaussian4_rho0.50_n400,gaussian4,400,0.5,0.25
True,4,4,0.33028541970767267,0.4363538338858939,0.3588856367755998,0.14601298460914178,-4.390803769545441,0.3869934185783901,43.05377914167317,8.581802446500616e-07,equivalent,True,1.0,1.0,9.74953311704984e-07,7.497739987920096e-07,True,504,0.3797800540924072,gaussian4_rho0.50_n400,gaussian4,400,0.5,0.25
True,4,4,0.3136306723386666,0.39345679452641624,0.3160625874703483,0.12852165402632046,-5.321573377740575,0.3631328600654806,45.14954250810916,3.447438603262552e-07,equivalent,True,1.0,1.0,8.93892300571144e-07,9.8861140068225e-07,True,505,0.37543296813964844,gaussian4_rho0.50_n400,gaussian4,400,0.5,0.25
True,4,4,0.3783351155216201,0.5725498385470305,0.5060003836642146,0.1474916529052815,-3.3493394819639715,0.43260910874903413,75.31117458860743,4.2732457010873266e-13,equivalent,True,1.0,1.0,7.972385685981016e-07,5.520354600426193e-07,True,506,0.3586418628692627,gaussian4_rho0.50_n400,gaussian4,400,0.5,0.25
True,4,4,0.29044187505630054,0.33742593114487873,0.2537580938749694,0.13514120935721757,-5.521941898214748,0.34498029010249154,32.685345195424205,7.016806993154189e-05,equivalent,True,1.0,1.0,9.964686370280348e-07,7.514062372861291e-07,True,507,0.3799879550933838,gaussian4_rho0.50_n400,gaussian4,400,0.5,0.25
True,4,4,0.1770313597166901,0.1253604092925605,0.04625142478419861,0.08397425147702721,-11.35763116003145,0.2146955850132472,15.244902781292218,0.05455480150622704,equivalent,False,1.0,1.0,9.542195751895178e-07,7.040372583823e-07,True,508,0.3667891025543213,gaussian4_rho0.50_n400,gaussian4,400,0.5,0.25
True,4,4,0.28144474543200093,0.3168445789251353,0.2582518577209254,0.10891963691298488,-6.810049714650186,0.33068441055766673,40.46070718640111,2.6288191109632935e-06,equivalent,True,1.0,1.0,9.815044773178865e-07,7.515244659533767e-07,True,509,0.33171677589416504,gaussian4_rho0.50_n400,gaussian4,400,0.5,0.25
True,4,4,0.2524221162945881,0.25486769917855423,0.17422611607503002,0.10068846393138661,-8.201276011993661,0.29148066023526487,41.039423089249226,2.0495169505572192e-06,equivalent,True,1.0,1.0,9.548459800297568e-07,9.548893174989272e-07,True,510,0.3906879425048828,gaussian4_rho0.50_n400,gaussian4,400,0.5,0.25
True,4,4,0.2893776969261272,0.3349578059130781,0.2514747803958397,0.12760347159834665,-5.866025510342455,0.3396188354118405,39.520028272451626,3.935279584168531e-06,equivalent,True,1.0,1.0,8.944986710856704e-07,8.698437558466994e-07,True,511,0.372514009475708,gaussian4_rho0.50_n400,gaussian4,400,0.5,0.25
True,4,4,0.2960861482316518,0.3506680286986227,0.2647293696071491,0.14809066722800665,-4.965003157564259,0.3564817108614407,27.36839952296867,0.0006105177867051162,equivalent,True,1.0,1.0,8.332410327813682e-07,8.870929608843439e-07,True,512,0.3771820068359375,gaussian4_rho0.50_n400,gaussian4,400,0.5,0.25
True,4,4,0.26855755890841243,0.2884926497873817,0.219929259008061,0.10702245525228507,-7.288851102818288,0.3146289611173111,34.78159732480418,2.9301927680871614e-05,equivalent,True,1.0,1.0,9.726479985140997e-07,8.175272110907807e-07,True,513,0.3464391231536865,gaussian4_rho0.50_n400,gaussian4,400,0.5,0.25
True,4,4,0.2851585334135182,0.32526155671419427,0.24615200528989728,0.13359097202539846,-5.642956131547424,0.34128052982621443,37.85982704348983,7.990698169203114e-06,equivalent,True,1.0,1.0,9.786269631700564e-07,8.71916494738407e-07,True,514,0.37097907066345215,gaussian4_rho0.50_n400,gaussian4,400,0.5,0.25
True,4,4,0.33499082889317083,0.4488754217701346,0.3729962754273964,0.14096012340836217,-4.448092903240236,0.388862136775737,49.52491690286801,5.042208393345754e-08,equivalent,True,1.0,1.0,9.461705857189021e-07,9.247000674051216e-07,True,515,0.36275696754455566,gaussian4_rho0.50_n400,gaussian4,400,0.5,0.25
True,4,4,0.34234265384376916,0.46879397056317895,0.391422750887144,0.15858899703952606,-3.83744938472104,0.40381878295288737,43.653421085445586,6.614921344398296e-07,equivalent,True,1.0,1.0,9.111310840470278e-07,8.514282543643657e-07,True,516,0.3776671886444092,gaussian4_rho0.50_n400,gaussian4,400,0.5,0.25
True,4,4,0.23204047850363907,0.21537113465679114,0.13292620800471697,0.10873527624371408,-7.974171970206476,0.2791862378018302,24.95239375405722,0.001583696203373701,equivalent,True,1.0,1.0,7.794097319702909e-07,7.445386550519346e-07,True,517,0.3898313045501709,gaussian4_rho0.50_n400,gaussian4,400,0.5,0.25
True,4,4,0.27212826755189995,0.29621517600319375,0.2173871058585408,0.10965587532780367,-7.136990077384614,0.31533909133978977,37.851648307590054,8.01852997038212e-06,equivalent,True,1.0,1.0,9.537582671027966e-07,8.300138797474709e-07,True,518,0.39412689208984375,gaussian4_rho0.50_n400,gaussian4,400,0.5,0.25
True,4,4,0.19409454698739076,0.15069077268096176,0.059087710685875,0.08975310183396107,-10.483340075029023,0.2273314902117669,19.190952069280492,0.013871124562355376,equivalent,True,1.0,1.0,9.64192519489769e-07,9.182982616363478e-07,True,519,0.38660407066345215,gaussian4_rho0.50_n400,gaussian4,400,0.5,0.25
True,4,4,0.25900885445444194,0.2683423467432091,0.1945365516584679,0.10410655039573204,-7.736914202610569,0.30239733326630625,36.34882465656371,1.515721822385838e-05,equivalent,True,1.0,1.0,8.192763439798441e-07,9.088656183804911e-07,True,520,0.36398887634277344,gaussian4_rho0.50_n400,gaussian4,400,0.5,0.25
True,4,4,0.2610385368023299,0.27256447078360535,0.20117339462762923,0.09896393579588544,-8.071896079597746,0.3016432426554936,41.34292581285803,1.7982963985343912e-06,equivalent,True,1.0,1.0,8.898771589486246e-07,9.888419461860653e-07,True,521,0.35522890090942383,gaussian4_rho0.50_n400,gaussian4,400,0.5,0.25
True,4,4,0.2821397612601451,0.31841137953572674,0.2419368201867718,0.12793378938516012,-5.925433643890494,0.33629197792491206,34.773195873356805,2.9405241588823644e-05,equivalent,True,1.0,1.0,7.396283374327598e-07,9.9543053349277e-07,True,522,0.3811309337615967,gaussian4_rho0.50_n400,gaussian4,400,0.5,0.25
True,4,4,0.33359682396087964,0.44514736382714454,0.3685535419435712,0.1256607896287702,-5.025007879720169,0.37922524557643833,64.37234141791133,6.421684360059468e-11,equivalent,True,1.0,1.0,9.769005144765254e-07,9.820586071599094e-07,True,523,0.35873889923095703,gaussian4_rho0.50_n400,gaussian4,400,0.5,0.25
True,4,4,0.25446973631838765,0.2590193868077989,0.18687385947961274,0.10837141838613822,-7.503141996565343,0.3021295169583434,28.622639342552276,0.000369250053510468,equivalent,True,1.0,1.0,9.375104598209789e-07,9.282564931667782e-07,True,524,0.3609049320220947,gaussian4_rho0.50_n400,gaussian4,400,0.5,0.25
True,4,4,0.325485025930458,0.4237620084198037,0.34331704838225285,0.14703456007153337,-4.466180952956,0.3824811687531585,45.43336489402665,3.0454793029747603e-07,equivalent,True,1.0,1.0,9.964189814864697e-07,7.642987334525287e-07,True,525,0.38260889053344727,gaussian4_rho0.50_n400,gaussian4,400,0.5,0.25
True,4,4,0.1933729797299296,0.14957243715852703,0.06312191352588062,0.09200483055308542,-10.182922797010692,0.23154718350596426,18.39032215581811,0.018483174160520366,equivalent,True,1.0,1.0,9.227574612378362e-07,8.954333190483149e-07,True,526,0.38548779487609863,gaussian4_rho0.50_n400,gaussian4,400,0.5,0.25
True,4,4,0.26736709533569863,0.28594065467299423,0.21782826956751922,0.09862730496105752,-7.9305799823012215,0.30824330886864504,44.52891999115154,4.519233182085194e-07,equivalent,True,1.0,1.0,8.180420701338509e-07,9.506999836203065e-07,True,527,0.34856081008911133,gaussian4_rho0.50_n400,gaussian4,400,0.5,0.25
True,4,4,0.29222005245977567,0.3415702362383761,0.2448722705873771,0.1507377989755173,-5.0095446168433835,0.3510035206201423,28.496044590519052,0.00038856310587504384,equivalent,True,1.0,1.0,9.102501256790472e-07,9.99516550707399e-07,True,528,0.4145207405090332,gaussian4_rho0.50_n400,gaussian4,400,0.5,0.25
True,4,4,0.2619582464881123,0.2744884916125063,0.203069372272426,0.10789086339320601,-7.386451481282311,0.3084372100767297,33.95298034051581,4.1431317284159e-05,equivalent,True,1.0,1.0,9.256992277068808e-07,9.91755852453563e-07,True,529,0.3591289520263672,gaussian4_rho0.50_n400,gaussian4,400,0.5,0.25
True,4,4,0.28621843494610383,0.32768397001198823,0.259696103051881,0.11233151608540193,-6.590349019996228,0.3333410433422173,43.802380730062254,6.200201954091534e-07,equivalent,True,1.0,1.0,9.882564328090897e-07,9.42615338733742e-07,True,530,0.35527706146240234,gaussian4_rho0.50_n400,gaussian4,400,0.5,0.25
True,4,4,0.2906933421691959,0.3380104767259888,0.265649118954499,0.11273838690816906,-6.513760762282911,0.33581515136941753,44.4025905854914,4.774943205135335e-07,equivalent,True,1.0,1.0,8.902907400875431e-07,7.432299472094834e-07,True,531,0.35338425636291504,gaussian4_rho0.50_n400,gaussian4,400,0.5,0.25
True,4,4,0.2838072315186568,0.3221861786491378,0.2259135784202304,0.1564577517712029,-4.9475747466431725,0.34758584511087565,29.76222481437368,0.00023283922796520713,equivalent,True,1.0,1.0,9.689819013457369e-07,9.499398943908414e-07,True,532,0.3971431255340576,gaussian4_rho0.50_n400,gaussian4,400,0.5,0.25
True,4,4,0.2100623724542418,0.17650480128441842,0.10760442305498516,0.08770047529360511,-10.175493051291205,0.25092771266195346,23.96879399310999,0.0023195633979846753,equivalent,True,1.0,1.0,9.38572941500681e-07,6.747919875551085e-07,True,533,0.35445308685302734,gaussian4_rho0.50_n400,gaussian4,400,0.5,0.25
True,4,4,0.16922310945703456,0.11454584309722998,0.048824001642369025,0.07867424631020853,-12.09005542432771,0.21108743510296213,13.49024805767251,0.09605818296390248,equivalent,False,1.0,1.0,9.394992085982501e-07,7.860702641005304e-07,True,534,0.35543084144592285,gaussian4_rho0.50_n400,gaussian4,400,0.5,0.25
True,4,4,0.2905412476234448,0.33765686628235153,0.2530933283922685,0.14983335992010263,-4.984915722413307,0.3533932914951749,32.167270993870595,8.692992858252772e-05,equivalent,True,1.0,1.0,8.42181881965806e-07,8.383600878534192e-07,True,535,0.37461400032043457,gaussian4_rho0.50_n400,gaussian4,400,0.5,0.25
True,4,4,0.26960179825191827,0.29074051848267213,0.2244915170586151,0.10270382615419063,-7.550921051150555,0.3136177123545994,41.651912573174016,1.5739108923424059e-06,equivalent,True,1.0,1.0,8.762825167478873e-07,8.510329963352685e-07,True,536,0.3426210880279541,gaussian4_rho0.50_n400,gaussian4,400,0.5,0.25
True,4,4,0.35180686735459143,0.49507228767140443,0.4200081852877245,0.14613747701120752,-3.9688095523080302,0.4063197461307863,57.03643532869222,1.7714991650960731e-09,equivalent,True,1.0,1.0,9.752493756449538e-07,9.079476862582406e-07,True,537,0.35935473442077637,gaussian4_rho0.50_n400,gaussian4,400,0.5,0.25
True,4,4,0.3018387956913598,0.3644266343376418,0.28502387723565126,0.14091119303099184,-5.07394840243172,0.35944476772194683,34.95914886523304,2.7200502018464282e-05,equivalent,True,1.0,1.0,9.216714608751764e-07,9.964008576604396e-07,True,538,0.38116002082824707,gaussian4_rho0.50_n400,gaussian4,400,0.5,0.25
True,4,4,0.2760922244617486,0.3049076656329462,0.23381417659429723,0.11095334509209755,-6.90547745784253,0.3226128440915799,38.613572820673866,5.796857355384459e-06,equivalent,True,1.0,1.0,9.505775663689337e-07,7.718561398987153e-07,True,539,0.3512411117553711,gaussian4_rho0.50_n400,gaussian4,400,0.5,0.25
True,4,4,0.25807113694717,0.26640284690081983,0.20149639252690027,0.10048330434757011,-7.946629668059968,0.3028104688295426,34.406289846453134,3.4285785732532126e-05,equivalent,True,1.0,1.0,8.767043921986383e-07,8.004027084414862e-07,True,540,0.3425107002258301,gaussian4_rho0.50_n400,gaussian4,400,0.5,0.25
True,4,4,0.2850592534076382,0.3250351118132804,0.24417332529620814,0.11717560759615446,-6.450375553491877,0.3304958579320569,40.306000777570844,2.8094483380071582e-06,equivalent,True,1.0,1.0,9.358472134830351e-07,7.445746147167155e-07,True,541,0.3746180534362793,gaussian4_rho0.50_n400,gaussian4,400,0.5,0.25
True,4,4,0.21010671028974293,0.17657931883511185,0.0963296267191801,0.10049516459257378,-8.992177652969362,0.25574863767494455,16.61152062496511,0.03441831225243324,equivalent,True,1.0,1.0,9.338777645411067e-07,7.521697221590451e-07,True,542,0.37941503524780273,gaussian4_rho0.50_n400,gaussian4,400,0.5,0.25
True,4,4,0.2739903894680722,0.3002829340834635,0.2278675927435615,0.11507437041881305,-6.709855586837134,0.32293501215264014,33.82350743353507,4.3729405851975204e-05,equivalent,True,1.0,1.0,8.914226091984032e-07,9.951747693935189e-07,True,543,0.34706997871398926,gaussian4_rho0.50_n400,gaussian4,400,0.5,0.25
True,4,4,0.34402534599761514,0.47341375475511527,0.4016241457667593,0.15141984880398085,-3.951766290612683,0.40332605707554736,43.94664313971778,5.823186458855856e-07,equivalent,True,1.0,1.0,9.83833782193246e-07,8.660139017771104e-07,True,544,0.36456894874572754,gaussian4_rho0.50_n400,gaussian4,400,0.5,0.25
True,4,4,0.316486722970301,0.40065538326592015,0.3235293238927839,0.14183817954578098,-4.7693130176482015,0.3731060063704603,37.502224352751384,9.301602213295991e-06,equivalent,True,1.0,1.0,8.976581466485496e-07,7.956023697797823e-07,True,545,0.3698270320892334,gaussian4_rho0.50_n400,gaussian4,400,0.5,0.25
True,4,4,0.22957695811259612,0.21082231878493088,0.13819528086866828,0.10250165472799946,-8.40771518682537,0.2769456171419516,23.192804258154798,0.003125329463081669,equivalent,True,1.0,1.0,7.447742850609875e-07,8.454534142629074e-07,True,546,0.3580343723297119,gaussian4_rho0.50_n400,gaussian4,400,0.5,0.25
True,4,4,0.3360807405143395,0.4518010565786672,0.36984504045140676,0.1303062335705635,-4.835954062069881,0.38215825300336437,62.67362886457356,1.3893276337829002e-10,equivalent,True,1.0,1.0,8.211064227778107e-07,7.977006744399701e-07,True,547,0.3697209358215332,gaussian4_rho0.50_n400,gaussian4,400,0.5,0.25
True,4,4,0.2542436020749829,0.2585592367842491,0.18222828960203458,0.12233463880566386,-6.684711038359677,0.30961704731140416,29.04189231367435,0.00031177474430232953,equivalent,True,1.0,1.0,6.605186601608618e-07,8.986391809231072e-07,True,548,0.37522196769714355,gaussian4_rho0.50_n400,gaussian4,400,0.5,0.25
True,4,4,0.3137609388756006,0.39378370705639343,0.30251222192409494,0.1542524738334501,-4.52172831165741,0.3729058067982055,39.90080517635155,3.3429371333920243e-06,equivalent,True,1.0,1.0,7.141718004915906e-07,8.873882739480131e-07,True,549,0.3982970714569092,gaussian4_rho0.50_n400,gaussian4,400,0.5,0.25
True,4,4,0.2900559857850989,0.336529899559062,0.25590146784739554,0.11886484443577083,-6.260038749764078,0.33593776891509075,40.72355678167115,2.3479416532990804e-06,equivalent,True,1.0,1.0,8.248091174596149e-07,7.117325609879781e-07,True,550,0.3723924160003662,gaussian4_rho0.50_n400,gaussian4,400,0.5,0.25
True,4,4,0.26045265434768383,0.27134234062701623,0.19509301774850177,0.1019968695954305,-7.891487115674758,0.3011905288352549,38.89500006040011,5.140831728491582e-06,equivalent,True,1.0,1.0,9.296551568296055e-07,9.809776173987198e-07,True,551,0.358278751373291,gaussian4_rho0.50_n400,gaussian4,400,0.5,0.25
True,4,4,0.23669694649743936,0.22410177792484667,0.14639177375112122,0.10341965553145775,-8.253829717980755,0.28129253867198084,26.205386455736168,0.0009685778173442848,equivalent,True,1.0,1.0,9.382416840316589e-07,8.123482146113274e-07,True,552,0.3693809509277344,gaussian4_rho0.50_n400,gaussian4,400,0.5,0.25
True,4,4,0.1927867120890886,0.14866686543248456,0.06753407408550852,0.09763100473110148,-9.550920104558177,0.2388110059861025,14.585833440467486,0.06771693810353657,equivalent,False,1.0,1.0,9.311376977642909e-07,7.693842369565861e-07,True,553,0.3815598487854004,gaussian4_rho0.50_n400,gaussian4,400,0.5,0.25
True,4,4,0.2117811153913706,0.1794049633456521,0.11368672006144954,0.08548135341268202,-10.368498445031134,0.2521363888151709,23.470988706809507,0.002809363547571765,equivalent,True,1.0,1.0,9.641992602104268e-07,8.933632199613691e-07,True,554,0.3437387943267822,gaussian4_rho0.50_n400,gaussian4,400,0.5,0.25
True,4,4,0.4036802360936332,0.6518309320504456,0.5723865585770452,0.18230468770242522,-2.3455976190856127,0.4669719170770965,75.32112759439954,4.2536728835372575e-13,equivalent,True,1.0,1.0,7.93823729163909e-07,9.457155126020035e-07,True,555,0.36763596534729004,gaussian4_rho0.50_n400,gaussian4,400,0.5,0.25
True,4,4,0.23471272549536223,0.22036025403784504,0.142320667797726,0.09919957259240166,-8.645998261770426,0.27635549775984813,28.24042234778175,0.0004306280209178814,equivalent,True,1.0,1.0,6.443707489928028e-07,9.839574890517705e-07,True,556,0.3686671257019043,gaussian4_rho0.50_n400,gaussian4,400,0.5,0.25
True,4,4,0.29792080884279204,0.35502723336617376,0.2825283588706503,0.12000463384403418,-5.978699473070535,0.3463807212086122,44.48582817906916,4.604892022812479e-07,equivalent,True,1.0,1.0,9.544900305947416e-07,7.786645315097286e-07,True,557,0.362321138381958,gaussian4_rho0.50_n400,gaussian4,400,0.5,0.25
True,4,4,0.42722237754491366,0.7300758395005149,0.6235938795668327,0.23020694957378945,-1.6350771387660297,0.5005623376570382,89.67714035184643,5.40787905087698e-16,inconclusive,True,1.0,1.0,8.166756953976563e-07,9.720356215766335e-07,True,558,0.4290280342102051,gaussian4_rho0.50_n400,gaussian4,400,0.5,0.25
True,4,4,0.23869037185038544,0.22789237445630112,0.13891223661240792,0.10841620212161064,-7.942426930079218,0.28162076445658396,26.020769093665663,0.0010417391250783664,equivalent,True,1.0,1.0,8.961169280829839e-07,9.134760202478636e-07,True,559,0.37726688385009766,gaussian4_rho0.50_n400,gaussian4,400,0.5,0.25
True,4,4,0.18231271818571132,0.1329517088490504,0.05925184880284873,0.0743570845956831,-12.651762186649362,0.21304833318380803,23.73763041641443,0.0025357157092258512,equivalent,True,1.0,1.0,8.038350178042908e-07,9.870600556871719e-07,True,560,0.3562309741973877,gaussian4_rho0.50_n400,gaussian4,400,0.5,0.25
True,4,4,0.24619883510014612,0.24245546561867576,0.17119464680235613,0.10134545932514684,-8.178021578042149,0.29064286209555656,29.257526598271518,0.00028573120661797843,equivalent,True,1.0,1.0,7.992652630155734e-07,9.42477936607795e-07,True,561,0.358278751373291,gaussian4_rho0.50_n400,gaussian4,400,0.5,0.25
True,4,4,0.26094238554730376,0.2723637143004709,0.20285081838638938,0.10987628645048626,-7.2549701793282875,0.3096696734709546,34.098689518972144,3.898738011817515e-05,equivalent,True,1.0,1.0,7.16876798318849e-07,9.8965643724325e-07,True,562,0.3412470817565918,gaussian4_rho0.50_n400,gaussian4,400,0.5,0.25
True,4,4,0.34672735791353165,0.48087944290279316,0.40918088527837165,0.14858811086199603,-3.976220649782422,0.4042235082078952,50.42031240026726,3.3928628826521237e-08,equivalent,True,1.0,1.0,8.877854026426405e-07,9.331704264497116e-07,True,563,0.3674130439758301,gaussian4_rho0.50_n400,gaussian4,400,0.5,0.25
True,4,4,0.27497212474956284,0.3024386775571566,0.21810463621385162,0.12771887657877323,-6.122003142612192,0.3271786566940966,30.035488367348364,0.00020834683165370054,equivalent,True,1.0,1.0,8.95710622790513e-07,7.721434089315118e-07,True,564,0.38321709632873535,gaussian4_rho0.50_n400,gaussian4,400,0.5,0.25
True,4,4,0.30666459859167333,0.3761727041175686,0.29468821578673876,0.13298855813564658,-5.303552381505275,0.35827186882980494,43.193080523025884,8.07858608209639e-07,equivalent,True,1.0,1.0,9.600674696063405e-07,8.998299363741867e-07,True,565,0.39730381965637207,gaussian4_rho0.50_n400,gaussian4,400,0.5,0.25
True,4,4,0.2876025213002464,0.33086084103303465,0.2602536532287023,0.12707501182609907,-5.821336045072602,0.3425176810493739,35.17058153245219,2.489154627896812e-05,equivalent,True,1.0,1.0,9.042466742765978e-07,7.893666494018478e-07,True,566,0.37691712379455566,gaussian4_rho0.50_n400,gaussian4,400,0.5,0.25
True,4,4,0.17838292983347928,0.12728187862390397,0.061409803702079824,0.07721979327339644,-12.15478773654372,0.21703977788660586,15.344509495657347,0.05278285001986653,equivalent,False,1.0,1.0,6.402018249220267e-07,9.134577638953451e-07,True,567,0.3745720386505127,gaussian4_rho0.50_n400,gaussian4,400,0.5,0.25
True,4,4,0.32612498109835375,0.42543001318560636,0.345331180021372,0.12522200043454085,-5.2280654973313,0.37124891973251767,61.41803486334405,2.454490339369761e-10,equivalent,True,1.0,1.0,9.4964060554603e-07,7.982410723032561e-07,True,568,0.390826940536499,gaussian4_rho0.50_n400,gaussian4,400,0.5,0.25
True,4,4,0.2376593566665417,0.2259278792446179,0.13465833225974128,0.10453523223904185,-8.277990579879065,0.2768589388805894,33.21225710833852,5.639374412737812e-05,equivalent,True,1.0,1.0,9.782766220891764e-07,9.182269973940183e-07,True,569,0.39180898666381836,gaussian4_rho0.50_n400,gaussian4,400,0.5,0.25
True,4,4,0.27488462654816326,0.30224623165009273,0.2332353611950822,0.11397508138116522,-6.727476124720964,0.32430991627877376,39.27363473790346,4.372825781817461e-06,equivalent,True,1.0,1.0,8.471763368060806e-07,7.906317539294857e-07,True,570,0.3471989631652832,gaussian4_rho0.50_n400,gaussian4,400,0.5,0.25
True,4,4,0.35143154636806506,0.4940165271305979,0.4228580217966679,0.132311145160549,-4.362005766808354,0.40015324839369343,65.2622429670888,4.282821461658051e-11,equivalent,True,1.0,1.0,7.757875556623753e-07,9.480841041659023e-07,True,571,0.354168176651001,gaussian4_rho0.50_n400,gaussian4,400,0.5,0.25
True,4,4,0.3519384733788844,0.4954427561770388,0.42023598230373066,0.14782599197453933,-3.9219355808288734,0.40724320171144385,55.02232301120266,4.371042428728532e-09,equivalent,True,1.0,1.0,8.918479865520036e-07,9.453387570113382e-07,True,572,0.3645501136779785,gaussian4_rho0.50_n400,gaussian4,400,0.5,0.25
True,4,4,0.27350291152134465,0.2992153704426099,0.21984027255729022,0.1188209332150148,-6.565844134812139,0.3222123971520051,32.176160765251225,8.661147735617678e-05,equivalent,True,1.0,1.0,9.766581410719455e-07,8.26935656136015e-07,True,573,0.36632609367370605,gaussian4_rho0.50_n400,gaussian4,400,0.5,0.25
True,4,4,0.2782868983570654,0.3097743911887825,0.23116211684295676,0.11770513221499876,-6.5318977064882215,0.3258718423236349,35.23026887537124,2.4275532448446905e-05,equivalent,True,1.0,1.0,9.515437869746484e-07,8.981340235413121e-07,True,574,0.36350584030151367,gaussian4_rho0.50_n400,gaussian4,400,0.5,0.25
True,4,4,0.26608005424504455,0.28319438106818345,0.22289153534517034,0.09067311630409652,-8.57043957823826,0.3049735806446831,47.75531922860226,1.1002660728864375e-07,equivalent,True,1.0,1.0,6.831323908285424e-07,9.59124908085793e-07,True,575,0.33141303062438965,gaussian4_rho0.50_n400,gaussian4,400,0.5,0.25
True,4,4,0.20985857104920957,0.17616247937126459,0.11036783706888248,0.08390313628105056,-10.603085919829198,0.249186784909118,25.337396218875156,0.0013625023241495321,equivalent,True,1.0,1.0,7.117033651836471e-07,7.44950851751013e-07,True,576,0.3501307964324951,gaussian4_rho0.50_n400,gaussian4,400,0.5,0.25
True,4,4,0.2699273119159455,0.29144301487267255,0.19081475963556055,0.11784679208144593,-6.866417202134767,0.31010300023352033,39.25014832414938,4.416967525252582e-06,equivalent,True,1.0,1.0,8.485782067601284e-07,8.232822367680455e-07,True,577,0.3929932117462158,gaussian4_rho0.50_n400,gaussian4,400,0.5,0.25
True,4,4,0.30594804473187676,0.37441682430103385,0.29689436960520144,0.13699788051311904,-5.132237285433541,0.36132943080099,50.315697900128306,3.553760545358407e-08,equivalent,True,1.0,1.0,9.924787048166266e-07,9.165799635959248e-07,True,578,0.36637210845947266,gaussian4_rho0.50_n400,gaussian4,400,0.5,0.25
True,4,4,0.2964395170247631,0.35150554901549924,0.2801258979409152,0.11596198080802364,-6.207845856400509,0.34309852180586187,44.97827216536778,3.715043005330591e-07,equivalent,True,1.0,1.0,6.508822041052574e-07,9.294418702717208e-07,True,579,0.355363130569458,gaussian4_rho0.50_n400,gaussian4,400,0.5,0.25
True,4,4,0.29285871427643106,0.3430649061105771,0.25728537322849176,0.13547158426036243,-5.482438482036847,0.3464521251010054,34.545869838536575,3.234141448394188e-05,equivalent,True,1.0,1.0,9.122728859794766e-07,9.593135898943682e-07,True,580,0.38160204887390137,gaussian4_rho0.50_n400,gaussian4,400,0.5,0.25
True,4,4,0.33328541632320624,0.44431667493493165,0.35091679141627063,0.1660729341568528,-3.9084225968494204,0.394994449170695,39.54648603507442,3.890956067303464e-06,equivalent,True,1.0,1.0,9.144699303204481e-07,8.595144599813185e-07,True,581,0.39256906509399414,gaussian4_rho0.50_n400,gaussian4,400,0.5,0.25
True,4,4,0.32483739594604316,0.42207733522002566,0.3506115690166238,0.11869006387243716,-5.471295656907811,0.3694047072860279,65.59953501632674,3.672765896177769e-11,equivalent,True,1.0,1.0,9.882191432968959e-07,9.175073218306175e-07,True,582,0.3579671382904053,gaussian4_rho0.50_n400,gaussian4,400,0.5,0.25
True,4,4,0.2918033556559799,0.34059679348836125,0.2676177245820937,0.11079173826888586,-6.610441237418373,0.3353557503271447,50.037684628437276,4.019174736298078e-08,equivalent,True,1.0,1.0,9.456208899156233e-07,8.557215607457942e-07,True,583,0.35787010192871094,gaussian4_rho0.50_n400,gaussian4,400,0.5,0.25
True,4,4,0.26636419484697643,0.2837995371859121,0.21950226986992108,0.10485698725601544,-7.443449888794161,0.3130401993631099,36.61501415769304,1.354499396704084e-05,equivalent,True,1.0,1.0,9.017412089178918e-07,9.59493566613713e-07,True,584,0.34412193298339844,gaussian4_rho0.50_n400,gaussian4,400,0.5,0.25
True,4,4,0.308496131164226,0.3806794517731813,0.2859681097531981,0.14977237565389456,-4.767447181961254,0.36480191373697757,37.127276069722015,1.0904807108467345e-05,equivalent,True,1.0,1.0,9.993966522528434e-07,9.197400383661882e-07,True,585,0.41042518615722656,gaussian4_rho0.50_n400,gaussian4,400,0.5,0.25
True,4,4,0.2742237197122954,0.3007945938113903,0.2133721985118313,0.1401088435185174,-5.6144050706135795,0.33310311389314606,29.09595707569609,0.00030503410158357546,equivalent,True,1.0,1.0,8.64876800985803e-07,8.924224947365934e-07,True,586,0.3781130313873291,gaussian4_rho0.50_n400,gaussian4,400,0.5,0.25
True,4,4,0.24464464431239838,0.2394040079629597,0.14680154692848876,0.12121647387279633,-7.038634484342873,0.29418739929865545,23.249936814244137,0.0030577480580246145,equivalent,True,1.0,1.0,9.740676287732261e-07,9.470070959526652e-07,True,587,0.45430421829223633,gaussian4_rho0.50_n400,gaussian4,400,0.5,0.25
True,4,4,0.21283863085000085,0.18120113112841174,0.09954367057521554,0.0899309313564586,-10.012754408776798,0.24873021991306682,29.79715733966249,0.0002295571793831619,equivalent,True,1.0,1.0,9.139656781070481e-07,9.664032001771298e-07,True,588,0.7769389152526855,gaussian4_rho0.50_n400,gaussian4,400,0.5,0.25
True,4,4,0.2548053183680482,0.2597030010745696,0.18673112350625462,0.10795086477940077,-7.533694872715217,0.3017840680731837,31.374417963586716,0.00012049534625535958,equivalent,True,1.0,1.0,8.798102032409767e-07,8.835470105143454e-07,True,589,0.7525069713592529,gaussian4_rho0.50_n400,gaussian4,400,0.5,0.25
True,4,4,0.31012862368431693,0.38471905291331465,0.2922217046257678,0.13985201448065993,-5.060908832829938,0.3613370303057628,44.940775977736905,3.776327290978435e-07,equivalent,True,1.0,1.0,9.54406812771095e-07,8.720745021848351e-07,True,590,0.8059430122375488,gaussian4_rho0.50_n400,gaussian4,400,0.5,0.25
True,4,4,0.32716558021799647,0.42814926751751314,0.34740244687158406,0.13263959600521769,-4.920080977197371,0.3760236586433573,56.7722709197076,1.9946855471655375e-09,equivalent,True,1.0,1.0,8.965702166502607e-07,9.086661517362726e-07,True,591,0.7250218391418457,gaussian4_rho0.50_n400,gaussian4,400,0.5,0.25
True,4,4,0.26888116482711405,0.28918832319514265,0.1739598158756709,0.15226657392468546,-5.4249607305994,0.3257361057125707,20.177123534931223,0.009686307998615315,equivalent,True,1.0,1.0,7.088851831139268e-07,9.496011639343749e-07,True,592,0.45830702781677246,gaussian4_rho0.50_n400,gaussian4,400,0.5,0.25
True,4,4,0.2998799530522042,0.3597119449703688,0.2950887725064298,0.11207831503849659,-6.289452399881705,0.3462084615878527,51.751119451696766,1.8799795658812883e-08,equivalent,True,1.0,1.0,7.86981785478137e-07,7.167226330163885e-07,True,593,0.3969118595123291,gaussian4_rho0.50_n400,gaussian4,400,0.5,0.25
True,4,4,0.32337090561320625,0.41827497038842065,0.32608467959446463,0.1527545112132055,-4.4117539642736,0.3799156127999694,43.391441195396595,7.412161402792295e-07,equivalent,True,1.0,1.0,7.837915932011127e-07,9.548990659022517e-07,True,594,0.4518392086029053,gaussian4_rho0.50_n400,gaussian4,400,0.5,0.25
True,4,4,0.3054089304030744,0.37309845907979977,0.2990147257776899,0.11085326340157053,-6.32354206554084,0.34689772201009406,57.54314194270951,1.4106516034664463e-09,equivalent,True,1.0,1.0,9.954805893483292e-07,8.570646518884649e-07,True,595,0.4095940589904785,gaussian4_rho0.50_n400,gaussian4,400,0.5,0.25
True,4,4,0.21454300880771965,0.1841148105130771,0.11293077600104855,0.08046158225446963,-11.024754909659695,0.24762789695557683,28.17892177356907,0.0004413966381928141,equivalent,True,1.0,1.0,9.212774958372475e-07,9.000483989478103e-07,True,596,0.47962427139282227,gaussian4_rho0.50_n400,gaussian4,400,0.5,0.25
True,4,4,0.35700505101602154,0.5098104258038085,0.408627996040103,0.17527719939204905,-3.3739243096710663,0.41741266547087763,55.31826990241858,3.828674546703668e-09,equivalent,True,1.0,1.0,7.482812407424567e-07,9.969855328770168e-07,True,597,0.5294692516326904,gaussian4_rho0.50_n400,gaussian4,400,0.5,0.25
True,4,4,0.20126200911005548,0.16202558524406424,0.08550754300591423,0.0776016650092826,-11.784443760126738,0.2308413541557848,30.194460508394073,0.00019528255191882484,equivalent,True,1.0,1.0,9.632161432393958e-07,9.185549432546676e-07,True,598,0.48823094367980957,gaussian4_rho0.50_n400,gaussian4,400,0.5,0.25
True,4,4,0.27957229076372553,0.3126426630515084,0.2406192613387637,0.11283764386565055,-6.729852845610534,0.32642788985771326,36.91041140151092,1.1953851448686937e-05,equivalent,True,1.0,1.0,9.09938563197375e-07,6.257701838421807e-07,True,599,0.4745900630950928,gaussian4_rho0.50_n400,gaussian4,400,0.5,0.25
True,4,4,0.3751567634528663,0.5629703886577195,0.4778095325117008,0.17783256277722573,-2.936416477011903,0.4388388281550232,54.29540738878088,6.050062910823068e-09,equivalent,True,1.0,1.0,9.20607981765788e-07,9.736434245395543e-07,True,600,0.40450096130371094,gaussian4_rho0.50_n400,gaussian4,400,0.5,0.25
True,4,4,0.31503665690903077,0.3969923807856734,0.30319676858831884,0.1501949083106797,-4.639326587358984,0.37089264224057616,41.06983540684948,2.0228503141812745e-06,equivalent,True,1.0,1.0,9.315270139158283e-07,8.830218271508098e-07,True,601,0.4355649948120117,gaussian4_rho0.50_n400,gaussian4,400,0.5,0.25
True,4,4,0.2171984104920781,0.18870059808114106,0.11325417410822611,0.09220552045386435,-9.617057867326535,0.2573512963109536,23.876060331732987,0.002404035608994428,equivalent,True,1.0,1.0,7.928594400627646e-07,9.768832613999116e-07,True,602,0.4010748863220215,gaussian4_rho0.50_n400,gaussian4,400,0.5,0.25
True,4,4,0.26951963942066937,0.2905633441337905,0.21238498088483004,0.1145937639895603,-6.87310540900745,0.3165734311376585,35.23448898297383,2.4232552650031513e-05,equivalent,True,1.0,1.0,9.205380721248449e-07,7.669402516132945e-07,True,603,0.4174966812133789,gaussian4_rho0.50_n400,gaussian4,400,0.5,0.25
True,4,4,0.2782728988689492,0.3097432249797136,0.24797117210613953,0.09910060247184445,-7.588539414858956,0.3205375007370545,48.33450823109712,8.526239304676642e-08,equivalent,True,1.0,1.0,9.945453129818817e-07,9.215017916741908e-07,True,604,0.3805389404296875,gaussian4_rho0.50_n400,gaussian4,400,0.5,0.25
True,4,4,0.352876525135465,0.49808736796672193,0.4230994329853674,0.12471171533730742,-4.625873082206361,0.396305422080394,81.28266866139629,2.6969826834702273e-14,equivalent,True,1.0,1.0,7.343748094785484e-07,8.4066932281928e-07,True,605,0.36971402168273926,gaussian4_rho0.50_n400,gaussian4,400,0.5,0.25
True,4,4,0.27150578171797396,0.29486155802515246,0.2183460033551291,0.12031384300051498,-6.496791866597804,0.32258512999942984,40.61815561263803,2.456808611271629e-06,equivalent,True,1.0,1.0,8.763201007543285e-07,8.630592672773012e-07,True,606,0.36090898513793945,gaussian4_rho0.50_n400,gaussian4,400,0.5,0.25
True,4,4,0.2930011055501296,0.3433985914143928,0.2807853565544082,0.12002135530309355,-5.992388951360675,0.3457610873624781,37.43011402585221,9.590660366888684e-06,equivalent,True,1.0,1.0,8.649498063780033e-07,9.224817021138851e-07,True,607,0.3489420413970947,gaussian4_rho0.50_n400,gaussian4,400,0.5,0.25
True,4,4,0.31163666557398967,0.38846964532029865,0.31391229948547084,0.13330448290056876,-5.146771403226395,0.3650954196074506,43.70724125924347,6.461996551528931e-07,equivalent,True,1.0,1.0,7.4319092107602e-07,8.85866236699494e-07,True,608,0.6180520057678223,gaussian4_rho0.50_n400,gaussian4,400,0.5,0.25
True,4,4,0.2071157645150751,0.17158775964265616,0.10077879915580558,0.08142811660144973,-11.04312906124842,0.24223755493498914,24.029380520885702,0.0022659390016354164,equivalent,True,1.0,1.0,9.705361662311826e-07,7.521975254728068e-07,True,609,0.7197239398956299,gaussian4_rho0.50_n400,gaussian4,400,0.5,0.25
True,4,4,0.35692338938542173,0.5095772235615095,0.38238743079490933,0.1661669106945858,-3.716820434486264,0.4048788944024559,63.232350421859806,1.0781157159542445e-10,equivalent,True,1.0,1.0,9.283872003175149e-07,7.472409532740058e-07,True,610,0.8154051303863525,gaussian4_rho0.50_n400,gaussian4,400,0.5,0.25
True,4,4,0.2117900691114474,0.17942013349692668,0.11272483995614088,0.08666450074119585,-10.238046171794238,0.2526238598827491,24.35726600648273,0.001995985371403154,equivalent,True,1.0,1.0,8.66794237588959e-07,9.622243204374159e-07,True,611,0.7047989368438721,gaussian4_rho0.50_n400,gaussian4,400,0.5,0.25
True,4,4,0.2969545000498055,0.3527279003993197,0.2763853754057627,0.11901914275317828,-6.079817144161996,0.343567476647595,44.07905639992307,5.497208306605317e-07,equivalent,True,1.0,1.0,9.298232654159739e-07,7.879355813138596e-07,True,612,0.47485923767089844,gaussian4_rho0.50_n400,gaussian4,400,0.5,0.25
True,4,4,0.22921176534505167,0.2101521334903801,0.13018863567514888,0.1100673709499275,-7.90253602696253,0.2789414589081149,19.11858401099733,0.014238163168446488,equivalent,True,1.0,1.0,9.136346267062674e-07,8.363279855585245e-07,True,613,0.4610722064971924,gaussian4_rho0.50_n400,gaussian4,400,0.5,0.25
True,4,4,0.25430457996016403,0.2586832775548618,0.18859975135541915,0.10209504443784001,-7.947498853762655,0.29855114950907996,35.22136210652896,2.4366491037618627e-05,equivalent,True,1.0,1.0,8.812481101689567e-07,9.069228777350027e-07,True,614,0.4521470069885254,gaussian4_rho0.50_n400,gaussian4,400,0.5,0.25
True,4,4,0.3111623762498509,0.387288097573815,0.3017743868351905,0.13666129003784588,-5.109168901972523,0.36282303035288715,42.54259348835228,1.0709653642140034e-06,equivalent,True,1.0,1.0,9.389672564184404e-07,9.791794787370683e-07,True,615,0.48058199882507324,gaussian4_rho0.50_n400,gaussian4,400,0.5,0.25
True,4,4,0.303354200967627,0.36809508497882976,0.2941192515572813,0.1189556944258497,-5.933980309641462,0.3499228332719127,44.48829293677832,4.5999493518958475e-07,equivalent,True,1.0,1.0,9.824436248278879e-07,8.372811906537452e-07,True,616,0.4432947635650635,gaussian4_rho0.50_n400,gaussian4,400,0.5,0.25
True,4,4,0.2610384763348217,0.2725643445088211,0.18445385846757928,0.11571999404446133,-7.0475819521652925,0.30610305061466403,34.280678511074704,3.613397188981906e-05,equivalent,True,1.0,1.0,9.77183767359539e-07,7.253694394120317e-07,True,617,0.3925309181213379,gaussian4_rho0.50_n400,gaussian4,400,0.5,0.25
True,4,4,0.23391791485352817,0.21887036355768982,0.1412162655827581,0.10011113491496242,-8.578303853479637,0.27653409778265237,25.84071876092442,0.0011182744875785258,equivalent,True,1.0,1.0,9.13267932386394e-07,9.378609696307832e-07,True,618,0.37683701515197754,gaussian4_rho0.50_n400,gaussian4,400,0.5,0.25
True,4,4,0.25570182710342254,0.2615336975361144,0.17920837630322894,0.12229032181276613,-6.711828144122906,0.30836587671061305,21.791557915649733,0.005316998104674313,equivalent,True,1.0,1.0,9.505796629463661e-07,9.72219835425371e-07,True,619,0.385451078414917,gaussian4_rho0.50_n400,gaussian4,400,0.5,0.25
True,4,4,0.3314897823760868,0.43954190327898146,0.36518772284161727,0.12973537296664758,-4.893131785435114,0.3803233563724786,54.86714561797639,4.685327677320607e-09,equivalent,True,1.0,1.0,8.440078513113628e-07,6.966725388064446e-07,True,620,0.36589694023132324,gaussian4_rho0.50_n400,gaussian4,400,0.5,0.25
True,4,4,0.38144804921579173,0.5820104570021323,0.5043224205034761,0.15274638112839414,-3.2451019515799318,0.4346170324280409,69.44155195658774,6.3475903562531294e-12,equivalent,True,1.0,1.0,8.894596408171148e-07,8.273803323749026e-07,True,621,0.39478182792663574,gaussian4_rho0.50_n400,gaussian4,400,0.5,0.25
True,4,4,0.3181809378023595,0.40495643672315584,0.3305010793516747,0.12649892766790732,-5.292526450547744,0.36693776697544506,47.94128700232814,1.013817480652566e-07,equivalent,True,1.0,1.0,8.903665768853518e-07,9.979878479217708e-07,True,622,0.38465309143066406,gaussian4_rho0.50_n400,gaussian4,400,0.5,0.25
True,4,4,0.2449246045015538,0.23995224756097017,0.17158912958623446,0.09424724608012315,-8.789762087154273,0.2857499143181468,32.973265199214524,6.227512821876987e-05,equivalent,True,1.0,1.0,9.799293950411213e-07,6.959178867208793e-07,True,623,0.3818318843841553,gaussian4_rho0.50_n400,gaussian4,400,0.5,0.25
True,4,4,0.2670782944200206,0.28532326140122893,0.2173629692047734,0.11363851818607706,-6.887075291792347,0.317915750633927,30.559485618024652,0.00016825607928752724,equivalent,True,1.0,1.0,8.12533273871568e-07,9.841802780297568e-07,True,624,0.38168907165527344,gaussian4_rho0.50_n400,gaussian4,400,0.5,0.25
True,4,4,0.25015133333744766,0.25030275828201143,0.1722379725696799,0.10818434682140167,-7.651402922428768,0.2958823194355479,31.46732834005175,0.00011598181028008326,equivalent,True,1.0,1.0,8.287072183168288e-07,8.653210262883669e-07,True,625,0.37514424324035645,gaussian4_rho0.50_n400,gaussian4,400,0.5,0.25
True,4,4,0.2690289257778758,0.2895062516207912,0.21025997428517887,0.12098055692893162,-6.527826005783253,0.3198653162427669,29.829197799418665,0.00022658684081989727,equivalent,True,1.0,1.0,8.733169300572746e-07,8.531206690463352e-07,True,626,0.3664889335632324,gaussian4_rho0.50_n400,gaussian4,400,0.5,0.25
True,4,4,0.25285136163693095,0.2557352443266001,0.17429031936311928,0.1236666904447193,-6.676896403288032,0.3072881073496828,22.9339818688265,0.003450047991880459,equivalent,True,1.0,1.0,6.671383409590578e-07,8.426036762687102e-07,True,627,0.3635139465332031,gaussian4_rho0.50_n400,gaussian4,400,0.5,0.25
True,4,4,0.31432934966775816,0.3952117602502231,0.31338694088484165,0.1286177186275064,-5.338401788199018,0.36226518665872365,44.644399809822076,4.2974011194420146e-07,equivalent,True,1.0,1.0,7.068187209665481e-07,9.262879771205486e-07,True,628,0.372927188873291,gaussian4_rho0.50_n400,gaussian4,400,0.5,0.25
True,4,4,0.2632019785465415,0.2771011260432563,0.19961950621674932,0.11590077870096563,-6.905738708178173,0.3123536947234387,29.36247926724798,0.0002738403157897533,equivalent,True,1.0,1.0,8.350893588858716e-07,8.280195334358492e-07,True,629,0.3631768226623535,gaussian4_rho0.50_n400,gaussian4,400,0.5,0.25
True,4,4,0.25688447519793245,0.2639585343908687,0.19220229868879157,0.09571457956944746,-8.43965156557049,0.2956513030775158,42.82436650793216,9.47918481309501e-07,equivalent,True,1.0,1.0,9.929086532813623e-07,9.99473233910242e-07,True,630,0.3619210720062256,gaussian4_rho0.50_n400,gaussian4,400,0.5,0.25
True,4,4,0.3223592636973254,0.4156619795659272,0.31793548561723517,0.19153263933153536,-3.561087638969661,0.39779977441587977,31.61625469606387,0.00010909194104400021,equivalent,True,1.0,1.0,7.511265151958837e-07,9.022185466171214e-07,True,631,0.4050781726837158,gaussian4_rho0.50_n400,gaussian4,400,0.5,0.25
True,4,4,0.3100330611456459,0.3844819960133592,0.3141300743466414,0.12997217285793278,-5.277052084087682,0.3632888913367624,42.75389968713711,9.77307708894228e-07,equivalent,True,1.0,1.0,9.034211471278248e-07,8.542734868739419e-07,True,632,0.34824109077453613,gaussian4_rho0.50_n400,gaussian4,400,0.5,0.25
True,4,4,0.26921607726399605,0.2899091850296555,0.22352303961053765,0.10513289268968937,-7.385671035242173,0.314821877997334,38.283846469165056,6.671524416102004e-06,equivalent,True,1.0,1.0,9.665325596932696e-07,9.104227459918461e-07,True,633,0.3418393135070801,gaussian4_rho0.50_n400,gaussian4,400,0.5,0.25
True,4,4,0.2369641792755918,0.22460808903901924,0.14952461035219472,0.10244032216445269,-8.302154578179612,0.28196805927731955,25.6944090462083,0.0011844842224441228,equivalent,True,1.0,1.0,8.225766346236241e-07,8.365313400615456e-07,True,634,0.3784067630767822,gaussian4_rho0.50_n400,gaussian4,400,0.5,0.25
True,4,4,0.3157992770046902,0.39891673342674017,0.3208704050845027,0.1389436965951678,-4.887804280133973,0.37061180781618025,41.57632045519712,1.626097069661685e-06,equivalent,True,1.0,1.0,9.234849596974865e-07,8.509083068925446e-07,True,635,0.3944697380065918,gaussian4_rho0.50_n400,gaussian4,400,0.5,0.25
True,4,4,0.30104954067406003,0.36252330376025005,0.27091429491458435,0.12261318253569219,-5.946226090927717,0.3437277385229771,56.364533044304835,2.3953281825101755e-09,equivalent,True,1.0,1.0,9.004243483704102e-07,9.678747451096461e-07,True,636,0.41382503509521484,gaussian4_rho0.50_n400,gaussian4,400,0.5,0.25
True,4,4,0.28638027231658414,0.32805464148848357,0.24855540658479666,0.12058954110498497,-6.2314242722011635,0.3342557219569116,36.45437823544998,1.4496386960827459e-05,equivalent,True,1.0,1.0,9.69989317150013e-07,7.359290848564505e-07,True,637,0.36498403549194336,gaussian4_rho0.50_n400,gaussian4,400,0.5,0.25
True,4,4,0.39833463641795686,0.6346819302809035,0.5568645039115725,0.157036247738681,-2.821867578151989,0.45143275954658846,74.6196043201736,5.878134629364211e-13,equivalent,True,1.0,1.0,7.870595495563521e-07,9.93283550504348e-07,True,638,0.36780500411987305,gaussian4_rho0.50_n400,gaussian4,400,0.5,0.25
True,4,4,0.25046418381656843,0.25092922949959917,0.17717895701603656,0.10129111585186129,-8.123328843443119,0.2931671947468425,29.8867177808781,0.00022134885879243735,equivalent,True,1.0,1.0,8.693418935180748e-07,7.989512411828647e-07,True,639,0.35451316833496094,gaussian4_rho0.50_n400,gaussian4,400,0.5,0.25
True,4,4,0.2705460383953154,0.29278063556559786,0.21011294729255586,0.12578342831788902,-6.279738621141604,0.322880889637195,29.86002955725703,0.0002237642228145307,equivalent,True,1.0,1.0,9.994548047067531e-07,9.809179199490946e-07,True,640,0.39891576766967773,gaussian4_rho0.50_n400,gaussian4,400,0.5,0.25
True,4,4,0.26937458152843624,0.2902506606944806,0.21377420841371736,0.115343302454564,-6.816397440120049,0.3176070913096351,33.711737536705634,4.5814120569511717e-05,equivalent,True,1.0,1.0,8.549358469587115e-07,9.361280057948928e-07,True,641,0.3706200122833252,gaussian4_rho0.50_n400,gaussian4,400,0.5,0.25
True,4,4,0.20916951497089695,0.17500754397264115,0.0957439111211501,0.1080484047450385,-8.368990648335997,0.26147070655828125,17.39403400150316,0.026257789563008394,equivalent,True,1.0,1.0,7.913364447637646e-07,7.781257910006982e-07,True,642,0.3837730884552002,gaussian4_rho0.50_n400,gaussian4,400,0.5,0.25
True,4,4,0.18816230214638288,0.14162020779610673,0.08037343979980012,0.07533909326226329,-12.206498915495084,0.22599514408691898,18.846953412199028,0.01569992047649129,equivalent,True,1.0,1.0,9.827222146703589e-07,8.440868081718061e-07,True,643,0.359450101852417,gaussian4_rho0.50_n400,gaussian4,400,0.5,0.25
True,4,4,0.21589042192844987,0.18643469712177646,0.1175036607528937,0.09080561851184242,-9.718521317400812,0.2582951856450626,21.82352197304572,0.005253499251787698,equivalent,True,1.0,1.0,7.934023341725526e-07,9.240834620121229e-07,True,644,0.3498969078063965,gaussian4_rho0.50_n400,gaussian4,400,0.5,0.25
True,4,4,0.22438773368470363,0.2013994201126299,0.11584404139781095,0.09860839338370928,-8.966335706958766,0.2636476886409507,24.38319045316907,0.0019760285717806193,equivalent,True,1.0,1.0,9.114043227716267e-07,9.36444589903614e-07,True,645,0.3740200996398926,gaussian4_rho0.50_n400,gaussian4,400,0.5,0.25
True,4,4,0.31617604170112795,0.39986915738317363,0.3388578349255286,0.11251286354117254,-5.876147351209628,0.3619133275384876,62.45644018639212,1.533177727359479e-10,equivalent,True,1.0,1.0,9.437743280296014e-07,9.151819538777259e-07,True,646,0.3326599597930908,gaussian4_rho0.50_n400,gaussian4,400,0.5,0.25
True,4,4,0.3143263492748753,0.3952042153938836,0.30765275191728936,0.14981802632965022,-4.62125463166437,0.3721832465024204,49.860591818220534,4.3467456214804096e-08,equivalent,True,1.0,1.0,8.61082408905638e-07,8.38055608832141e-07,True,647,0.38115906715393066,gaussian4_rho0.50_n400,gaussian4,400,0.5,0.25
True,4,4,0.3379067817448516,0.4567239725966512,0.36943878716759415,0.14674591192904157,-4.2969593124836845,0.3907730583869554,47.72278508675267,1.1161255794976612e-07,equivalent,True,1.0,1.0,9.290888614596362e-07,8.759629980692634e-07,True,648,0.4046311378479004,gaussian4_rho0.50_n400,gaussian4,400,0.5,0.25
True,4,4,0.23369665450067686,0.2184565052992349,0.134064404813386,0.09685313847056289,-8.94070764108282,0.2708198852135513,29.008705030805388,0.0003159846279802639,equivalent,True,1.0,1.0,8.280312078400359e-07,9.63649207840396e-07,True,649,0.3897831439971924,gaussian4_rho0.50_n400,gaussian4,400,0.5,0.25
True,4,4,0.37180826834140207,0.5529655536281282,0.483159684292343,0.1500110741744085,-3.4453477421724146,0.4271726652452744,60.31333829288603,4.045717288501596e-10,equivalent,True,1.0,1.0,7.401919311643268e-07,9.896937330513226e-07,True,650,0.3676941394805908,gaussian4_rho0.50_n400,gaussian4,400,0.5,0.25
True,4,4,0.3005435821163328,0.36130577900526756,0.28477831763874173,0.1259391004487051,-5.679107440127917,0.35068850272955915,39.235507210747826,4.444707921852834e-06,equivalent,True,1.0,1.0,9.609080336327154e-07,9.159157997946895e-07,True,651,0.37864017486572266,gaussian4_rho0.50_n400,gaussian4,400,0.5,0.25
True,4,4,0.3020665666655373,0.36497684278842185,0.2743078616613113,0.13799723155212054,-5.258744180419302,0.3540102782720718,39.96818860694346,3.2477287051287885e-06,equivalent,True,1.0,1.0,8.081802261017372e-07,9.279292057696535e-07,True,652,0.39975976943969727,gaussian4_rho0.50_n400,gaussian4,400,0.5,0.25
True,4,4,0.31039953546492244,0.38539148646735855,0.3191968158444235,0.11621857728557623,-5.857954898920195,0.3571972019108435,52.421348363813784,1.395450787558555e-08,equivalent,True,1.0,1.0,9.572693036550877e-07,9.945904007923725e-07,True,653,0.3403639793395996,gaussian4_rho0.50_n400,gaussian4,400,0.5,0.25
True,4,4,0.31048617102257053,0.38560664958502766,0.31236536806137666,0.12451512705866392,-5.522498737158673,0.35957423656810544,47.73324562620503,1.1110017283926618e-07,equivalent,True,1.0,1.0,9.151582995438913e-07,9.28758018309042e-07,True,654,0.35759687423706055,gaussian4_rho0.50_n400,gaussian4,400,0.5,0.25
True,4,4,0.12642532785544092,0.0639334540934229,-0.009850297283859527,0.0643801151726272,-15.685748535492248,0.15495609754168263,7.1255036163484196,0.5231543950347042,equivalent,False,1.0,1.0,9.48906207134637e-07,9.868725015637198e-07,True,655,0.3609609603881836,gaussian4_rho0.50_n400,gaussian4,400,0.5,0.25
True,4,4,0.32712112064240584,0.4280329102813737,0.35521811802800835,0.13214859793521794,-4.87921848620806,0.3783461439734464,47.05458124535892,1.4970762393806148e-07,equivalent,True,1.0,1.0,7.630987394770214e-07,7.38290340369945e-07,True,656,0.3497889041900635,gaussian4_rho0.50_n400,gaussian4,400,0.5,0.25
True,4,4,0.24661415669307923,0.24327416912575453,0.16239409899044738,0.10358007969910689,-8.086553934335068,0.2884303073375984,31.990852512055607,9.349363998336648e-05,equivalent,True,1.0,1.0,9.18961350480967e-07,8.49648485511848e-07,True,657,0.37859296798706055,gaussian4_rho0.50_n400,gaussian4,400,0.5,0.25
True,4,4,0.2609863011491324,0.27245539755002257,0.199030001024875,0.11117094898560659,-7.204849884647718,0.30898622124436514,30.867598932454516,0.0001483337299066586,equivalent,True,1.0,1.0,7.983046811909499e-07,8.345825145242641e-07,True,658,0.3525369167327881,gaussian4_rho0.50_n400,gaussian4,400,0.5,0.25
True,4,4,0.3220374989648673,0.41483260295818764,0.3448417206623572,0.1414696705648275,-4.631086484628669,0.3799798091328484,44.58947103425171,4.401535373841699e-07,equivalent,True,1.0,1.0,9.999908501076852e-07,9.171836491873046e-07,True,659,0.3568110466003418,gaussian4_rho0.50_n400,gaussian4,400,0.5,0.25
True,4,4,0.27695312771713637,0.30681213980921784,0.23323348570772443,0.1052158168135975,-7.28755939471244,0.3187075868277346,45.516739821889544,2.9365047180645414e-07,equivalent,True,1.0,1.0,9.340447820965944e-07,8.584027540939533e-07,True,660,0.3643629550933838,gaussian4_rho0.50_n400,gaussian4,400,0.5,0.25
True,4,4,0.2643565094702313,0.279537456397138,0.2084122446968519,0.11095568311797797,-7.134269584564329,0.31261721901725764,32.55945843171438,7.392159242820742e-05,equivalent,True,1.0,1.0,9.971507512289159e-07,9.381760282461486e-07,True,661,0.353801965713501,gaussian4_rho0.50_n400,gaussian4,400,0.5,0.25
True,4,4,0.22998264865731638,0.2115680747337385,0.1342982067246674,0.0954449606947269,-9.07016763351405,0.2698569975457509,28.03043638326624,0.0004684957494123171,equivalent,True,1.0,1.0,9.522967504830408e-07,9.307832094134714e-07,True,662,0.37230706214904785,gaussian4_rho0.50_n400,gaussian4,400,0.5,0.25
True,4,4,0.42468202233690944,0.7214192803846691,0.628774929044548,0.19842174361513448,-1.8708890678608927,0.488658790388533,70.40995469639994,4.0722766758683e-12,equivalent,True,1.0,1.0,9.156895634162466e-07,8.2039811501717e-07,True,663,0.4668238162994385,gaussian4_rho0.50_n400,gaussian4,400,0.5,0.25
True,4,4,0.3827289422724441,0.5859257730119354,0.5084867202149611,0.1682509487764837,-2.9213105980044096,0.4430674055795536,64.15589395754749,7.086015553859487e-11,equivalent,True,1.0,1.0,8.490881050451905e-07,9.652961458832792e-07,True,664,0.44664716720581055,gaussian4_rho0.50_n400,gaussian4,400,0.5,0.25
True,4,4,0.2770234206238787,0.3069679022966177,0.23078537001871743,0.1139628074766139,-6.749698844854552,0.32335642379354324,41.774158304284796,1.493009427896167e-06,equivalent,True,1.0,1.0,9.658130704969459e-07,9.71825855657941e-07,True,665,0.4457101821899414,gaussian4_rho0.50_n400,gaussian4,400,0.5,0.25
True,4,4,0.2958521990177891,0.35011409465464594,0.26758609840241065,0.13239105056561912,-5.53220099446655,0.3483353262666539,35.92613285403552,1.8115413985505448e-05,equivalent,True,1.0,1.0,9.176294196004617e-07,8.59193737084027e-07,True,666,0.46152281761169434,gaussian4_rho0.50_n400,gaussian4,400,0.5,0.25
True,4,4,0.3050507364474494,0.3722238072285249,0.30105784456312695,0.11192934046581597,-6.244494540288434,0.3482690146246901,55.20656706751383,4.02503116965335e-09,equivalent,True,1.0,1.0,8.868899854838267e-07,9.987663501460486e-07,True,667,0.38021302223205566,gaussian4_rho0.50_n400,gaussian4,400,0.5,0.25
True,4,4,0.2096510616074948,0.17581427053259832,0.0934035382672307,0.10235282573706439,-8.857561627675407,0.25581192061237734,20.30570609029717,0.009239314847237369,equivalent,True,1.0,1.0,9.651018970365875e-07,9.677972095671788e-07,True,668,0.4237701892852783,gaussian4_rho0.50_n400,gaussian4,400,0.5,0.25
True,4,4,0.19621085320289305,0.153994795658429,0.08919106795058682,0.08150090778240511,-11.175445241433788,0.2362457045727569,20.855810402753292,0.007540480156125099,equivalent,True,1.0,1.0,9.031610951722692e-07,9.717300648900274e-07,True,669,0.40123701095581055,gaussian4_rho0.50_n400,gaussian4,400,0.5,0.25
True,4,4,0.24230513416536972,0.23484711217159127,0.15554028202283415,0.10977524722452565,-7.692624150961595,0.28987259941635984,28.985068460266714,0.00031901694741206344,equivalent,True,1.0,1.0,8.178088967594946e-07,9.721833636022223e-07,True,670,0.6301059722900391,gaussian4_rho0.50_n400,gaussian4,400,0.5,0.25
True,4,4,0.2534093147943951,0.2568651232982593,0.16003742354461353,0.11337063432848743,-7.408996001747899,0.29432784552672514,31.41102731992914,0.00011869660541757571,equivalent,True,1.0,1.0,8.22770545492382e-07,6.835853612662537e-07,True,671,0.761368989944458,gaussian4_rho0.50_n400,gaussian4,400,0.5,0.25
True,4,4,0.29077463828034555,0.3381995610682632,0.25075828316803866,0.1390390252662504,-5.388715257440951,0.34621421409476677,35.67682841130533,2.0120630083582352e-05,equivalent,True,1.0,1.0,9.633182909816163e-07,8.869614486493477e-07,True,672,0.7933609485626221,gaussian4_rho0.50_n400,gaussian4,400,0.5,0.25
True,4,4,0.28152324582718935,0.3170213517643043,0.23368430235016946,0.1308038085072778,-5.858512121282718,0.3349766488848257,29.758529038368707,0.00023318914572874926,equivalent,True,1.0,1.0,9.431940234369687e-07,9.160354603404102e-07,True,673,0.7613480091094971,gaussian4_rho0.50_n400,gaussian4,400,0.5,0.25
True,4,4,0.22421050743170184,0.2010814065711249,0.13061673524299522,0.08666050145472602,-10.032059013773374,0.261323829459846,30.539334405013825,0.00016964705487737528,equivalent,True,1.0,1.0,9.742333364063098e-07,7.965431589670437e-07,True,674,0.5158860683441162,gaussian4_rho0.50_n400,gaussian4,400,0.5,0.25
True,4,4,0.29543779186284896,0.34913395544318426,0.26696455112859807,0.1251654862738081,-5.856530188105022,0.34381806787718994,41.291700347971144,1.8384457874488671e-06,equivalent,True,1.0,1.0,9.635081012852945e-07,9.329706726833814e-07,True,675,0.5114901065826416,gaussian4_rho0.50_n400,gaussian4,400,0.5,0.25
True,4,4,0.30309737277132104,0.36747206952350864,0.30528037643012434,0.1187127260825072,-5.852107406640082,0.3537461782451624,44.08428115923934,5.48472422851789e-07,equivalent,True,1.0,1.0,7.820877829321508e-07,9.650428965285014e-07,True,676,0.4588029384613037,gaussian4_rho0.50_n400,gaussian4,400,0.5,0.25
True,4,4,0.1315148941882075,0.06918466957334166,-0.00514870630614557,0.06423094221840069,-15.648979628671764,0.15851008797888955,9.034452259590129,0.33939794907604337,equivalent,False,1.0,1.0,8.386798330075356e-07,9.143058410533747e-07,True,677,0.4669060707092285,gaussian4_rho0.50_n400,gaussian4,400,0.5,0.25
True,4,4,0.32058924455648263,0.4111098549011849,0.34177634924034317,0.13455075455351978,-4.8920101038737585,0.3751974966190331,43.988711516940214,5.717594415165235e-07,equivalent,True,1.0,1.0,8.729111661968069e-07,9.759652857773948e-07,True,678,0.43170595169067383,gaussian4_rho0.50_n400,gaussian4,400,0.5,0.25
True,4,4,0.1832639355745155,0.13434268032904068,0.06447958725901626,0.08288944191755805,-11.28636399399882,0.22406504994816517,16.304654056325607,0.038221443301589886,equivalent,True,1.0,1.0,9.826434675470856e-07,8.9974913385434e-07,True,679,0.37368202209472656,gaussian4_rho0.50_n400,gaussian4,400,0.5,0.25
True,4,4,0.2707559860453235,0.2932352159175017,0.21512533912070317,0.11728709971592127,-6.691909534640433,0.31939217683087323,35.451508391183204,2.212077747964765e-05,equivalent,True,1.0,1.0,9.614723155238533e-07,8.964852972904595e-07,True,680,0.4113738536834717,gaussian4_rho0.50_n400,gaussian4,400,0.5,0.25
True,4,4,0.28134264619512034,0.31661473827229064,0.24908124803627027,0.11051431606057165,-6.7947645041042435,0.32820006156251813,40.21163084732501,2.925615528978894e-06,equivalent,True,1.0,1.0,9.801579787788334e-07,7.520197111281191e-07,True,681,0.3985118865966797,gaussian4_rho0.50_n400,gaussian4,400,0.5,0.25
True,4,4,0.24590540956581766,0.2418778818149301,0.16905970739063797,0.09890415192784584,-8.401470276147387,0.2879854859232122,35.9843486563322,1.7676392849622348e-05,equivalent,True,1.0,1.0,9.269179031559262e-07,9.31367595012066e-07,True,682,0.4132537841796875,gaussian4_rho0.50_n400,gaussian4,400,0.5,0.25
True,4,4,0.2667098942609366,0.28453667078671996,0.20006392977622373,0.12078701847272222,-6.62269903122436,0.31572966886235737,29.05816237299534,0.0003097310073865681,equivalent,True,1.0,1.0,9.602496885151195e-07,7.478497901585667e-07,True,683,0.4193730354309082,gaussian4_rho0.50_n400,gaussian4,400,0.5,0.25
True,4,4,0.21360956381521778,0.1825161830133104,0.11181857757653288,0.0987590070007392,-8.993421961166733,0.26185047662541333,19.677173651575426,0.011628907841992614,equivalent,True,1.0,1.0,9.809513700315899e-07,8.65877650876373e-07,True,684,0.3584251403808594,gaussian4_rho0.50_n400,gaussian4,400,0.5,0.25
True,4,4,0.2967788490828827,0.35231074105184185,0.2769355792967161,0.10611510736092883,-6.813963050934192,0.3359610835028682,56.28062992332171,2.487222079377483e-09,equivalent,True,1.0,1.0,9.58512119647204e-07,9.917748241812089e-07,True,685,0.374772310256958,gaussian4_rho0.50_n400,gaussian4,400,0.5,0.25
True,4,4,0.26149052392161637,0.2735091764032057,0.19764259244795465,0.10928666370737922,-7.341768705652864,0.30716573605484676,34.64683584924794,3.100320718062759e-05,equivalent,True,1.0,1.0,9.772692479869468e-07,8.614880436349198e-07,True,686,0.37723207473754883,gaussian4_rho0.50_n400,gaussian4,400,0.5,0.25
True,4,4,0.34022138676782243,0.4630023680568809,0.3772971878509206,0.17650019605436473,-3.528057339705603,0.40853830159747206,32.747267595598004,6.839132512802347e-05,equivalent,True,1.0,1.0,8.773278620041551e-07,9.60418310329054e-07,True,687,0.40410590171813965,gaussian4_rho0.50_n400,gaussian4,400,0.5,0.25
True,4,4,0.1983875896547734,0.15743054291612302,0.07636113863052901,0.0873972729962873,-10.568280104216843,0.23458306636676704,20.813443685948414,0.007659860515511137,equivalent,True,1.0,1.0,7.589056293560309e-07,9.949193923433501e-07,True,688,0.38360595703125,gaussian4_rho0.50_n400,gaussian4,400,0.5,0.25
True,4,4,0.3106371290076264,0.3859817036724029,0.28120134036537353,0.1442456409464259,-4.9831568906931105,0.3600223277965,40.98338486368753,2.099569255794782e-06,equivalent,True,1.0,1.0,9.664001303555891e-07,9.294862985952018e-07,True,689,0.42322802543640137,gaussian4_rho0.50_n400,gaussian4,400,0.5,0.25
True,4,4,0.20011704455279053,0.1601873260821742,0.07678424175455895,0.09628971933166731,-9.58789541244221,0.24246996506546495,18.725362902972307,0.016399454210910457,equivalent,True,1.0,1.0,9.19787426402546e-07,8.120491897732004e-07,True,690,0.3977839946746826,gaussian4_rho0.50_n400,gaussian4,400,0.5,0.25
True,4,4,0.3174515216476601,0.40310187438565925,0.33559204243049395,0.1335634934937108,-4.9744727409424305,0.37258704993998837,41.39245674847021,1.760302211324425e-06,equivalent,True,1.0,1.0,9.410511861422281e-07,9.756080094491718e-07,True,691,0.34610414505004883,gaussian4_rho0.50_n400,gaussian4,400,0.5,0.25
True,4,4,0.3172358096413118,0.4025542356751145,0.3404765803630501,0.12104219892106674,-5.448706529753595,0.36727825972705913,53.069026848910454,1.0457906734398384e-08,equivalent,True,1.0,1.0,9.307950021941111e-07,8.734552597074223e-07,True,692,0.3365030288696289,gaussian4_rho0.50_n400,gaussian4,400,0.5,0.25
True,4,4,0.3173800095108958,0.4029202817485453,0.3395360042213598,0.110143183512233,-5.996412803024584,0.36079960473420625,61.74964471511482,2.1121964132888253e-10,equivalent,True,1.0,1.0,7.535743744457175e-07,9.90316140038209e-07,True,693,0.3996610641479492,gaussian4_rho0.50_n400,gaussian4,400,0.5,0.25
True,4,4,0.3644002799548039,0.5311502561245578,0.453312893208123,0.1606045982948853,-3.403931846260763,0.4235221213875815,54.84266449809803,4.7369238282461626e-09,equivalent,True,1.0,1.0,9.792832191775047e-07,9.869539710473924e-07,True,694,0.4259679317474365,gaussian4_rho0.50_n400,gaussian4,400,0.5,0.25
True,4,4,0.2663491371482138,0.28376745143839194,0.20124110042761745,0.11373223100714626,-7.0231533532670545,0.3115742179244797,41.00967408171899,2.0759390933056473e-06,equivalent,True,1.0,1.0,9.628489661796933e-07,8.574121231896424e-07,True,695,0.45441699028015137,gaussian4_rho0.50_n400,gaussian4,400,0.5,0.25
True,4,4,0.23576377782696042,0.22233823574096143,0.1481278310097735,0.09842639431449483,-8.654915939197164,0.2783993726132146,28.45607049491089,0.0003948647528132596,equivalent,True,1.0,1.0,8.566342416689567e-07,8.727027404619563e-07,True,696,0.4287300109863281,gaussian4_rho0.50_n400,gaussian4,400,0.5,0.25
True,4,4,0.2809438233360176,0.3157177274826378,0.24934446334619184,0.10604981160876246,-7.078329751523901,0.32549227356743243,40.998294535302165,2.0861351033978105e-06,equivalent,True,1.0,1.0,8.480549124532816e-07,7.679570453889482e-07,True,697,0.36600208282470703,gaussian4_rho0.50_n400,gaussian4,400,0.5,0.25
True,4,4,0.27954721101749863,0.3125865727506476,0.22665670239042002,0.12340613518314533,-6.266651949369226,0.32773530914233223,33.27802279376339,5.4873773737907676e-05,equivalent,True,1.0,1.0,9.098349628473085e-07,7.941991225986877e-07,True,698,0.3957200050354004,gaussian4_rho0.50_n400,gaussian4,400,0.5,0.25
True,4,4,0.3048313933765941,0.3716887135516634,0.29615498093206644,0.1393214274619875,-5.051950958943274,0.3623942384354961,36.31642606225833,1.5365964717795035e-05,equivalent,True,1.0,1.0,9.227933950930497e-07,8.768375365830256e-07,True,699,0.38251590728759766,gaussian4_rho0.50_n400,gaussian4,400,0.5,0.25
True,4,4,0.2514667844725797,0.2529421747719154,0.16834839687321534,0.10361297131035341,-8.026520160644045,0.29102258010860127,37.33835226027148,9.97137484620667e-06,equivalent,True,1.0,1.0,9.111519896763636e-07,8.891153263831145e-07,True,700,0.3986537456512451,gaussian4_rho0.50_n400,gaussian4,400,0.5,0.25
True,4,4,0.28261346326541803,0.31948147847549513,0.23855051140443373,0.11252592640055356,-6.7668804243838725,0.3254378548857134,43.85663123400839,6.055662699849044e-07,equivalent,True,1.0,1.0,9.735374414157876e-07,9.772225969530215e-07,True,701,0.4016439914703369,gaussian4_rho0.50_n400,gaussian4,400,0.5,0.25
True,4,4,0.2771185101896082,0.307178674758832,0.2315492102625917,0.11528950949405292,-6.665400808015824,0.32449328887641915,37.88112480611726,7.918670872744989e-06,equivalent,True,1.0,1.0,9.94038212388546e-07,9.80633326898829e-07,True,702,0.3833341598510742,gaussian4_rho0.50_n400,gaussian4,400,0.5,0.25
True,4,4,0.1934599505303537,0.14970700983682758,0.07563925153724066,0.08849085181622501,-10.445833998552104,0.23515619814241748,15.533015832780608,0.04957318678578472,equivalent,True,1.0,1.0,9.099831873434397e-07,9.110926759231059e-07,True,703,0.36254262924194336,gaussian4_rho0.50_n400,gaussian4,400,0.5,0.25
True,4,4,0.3361577898631624,0.4520082387427442,0.3798677183037039,0.14969151383818094,-4.142735054217366,0.39562872360468604,41.12031585077966,1.979344497985338e-06,equivalent,True,1.0,1.0,9.781891234263075e-07,8.837112597413684e-07,True,704,0.396240234375,gaussian4_rho0.50_n400,gaussian4,400,0.5,0.25
True,4,4,0.2904825015975239,0.33752033493742195,0.2538762735507979,0.13295979547303596,-5.611649174058145,0.34372069888695495,33.28690619442679,5.4671583888666846e-05,equivalent,True,1.0,1.0,9.046165215035809e-07,8.134135997766106e-07,True,705,0.4444899559020996,gaussian4_rho0.50_n400,gaussian4,400,0.5,0.25
True,4,4,0.3120835520573302,0.38958457385888123,0.31890631321562246,0.12186484084697498,-5.588926896803839,0.3603318396563899,49.709183400846776,4.647768917271245e-08,equivalent,True,1.0,1.0,9.179169369960524e-07,6.983673610683954e-07,True,706,0.4147908687591553,gaussian4_rho0.50_n400,gaussian4,400,0.5,0.25
True,4,4,0.2117552501684416,0.17936114389559715,0.11896421808716806,0.08362401718909564,-10.535678762245793,0.2532358021987137,24.14913866933462,0.0021634627618310255,equivalent,True,1.0,1.0,7.5158163835644e-07,8.076932436007733e-07,True,707,0.4146542549133301,gaussian4_rho0.50_n400,gaussian4,400,0.5,0.25
True,4,4,0.30637325325135417,0.37545828123127356,0.2963473301480787,0.13930195835800085,-5.051276221426551,0.3624495349682074,37.769576418957826,8.303182787777444e-06,equivalent,True,1.0,1.0,8.142796417344396e-07,8.839419105731421e-07,True,708,0.45145177841186523,gaussian4_rho0.50_n400,gaussian4,400,0.5,0.25
True,4,4,0.2790685815817468,0.31151709290419227,0.20645866442904123,0.11506936972804085,-6.896199548554435,0.3145357430313879,42.512776939652916,1.0848788133598127e-06,equivalent,True,1.0,1.0,9.52003143795221e-07,9.748000094204177e-07,True,709,0.5157041549682617,gaussian4_rho0.50_n400,gaussian4,400,0.5,0.25
True,4,4,0.34673083978527025,0.48088910103279503,0.4080336944375418,0.1330756320394486,-4.448344873439919,0.39589254553997616,82.58330482754826,1.4743996447673154e-14,equivalent,True,1.0,1.0,8.819551804145832e-07,6.347466638373007e-07,True,710,0.464371919631958,gaussian4_rho0.50_n400,gaussian4,400,0.5,0.25
True,4,4,0.2794282172192216,0.31232051431325003,0.24354932526651038,0.11022485608124365,-6.862795757936223,0.32590377397782155,39.55942729335982,3.8694566217220575e-06,equivalent,True,1.0,1.0,9.70538965260064e-07,9.96678333068262e-07,True,711,0.4062979221343994,gaussian4_rho0.50_n400,gaussian4,400,0.5,0.25
True,4,4,0.28830488011318495,0.33247881558831177,0.266405472765526,0.10682584442727483,-6.867200827360576,0.3324599037567849,47.41174598727327,1.2796940843827147e-07,equivalent,True,1.0,1.0,8.327642261798937e-07,8.641321932074974e-07,True,712,0.3980538845062256,gaussian4_rho0.50_n400,gaussian4,400,0.5,0.25
True,4,4,0.30643109856222234,0.3756000726642017,0.28235208799705125,0.13320899708360515,-5.387383192687321,0.35406969299580954,47.09687935713342,1.469528744352665e-07,equivalent,True,1.0,1.0,7.608443366775396e-07,8.927113086659644e-07,True,713,0.44556498527526855,gaussian4_rho0.50_n400,gaussian4,400,0.5,0.25
True,4,4,0.3142451554752593,0.39500007095867945,0.30292744322562143,0.15259733073150192,-4.568052097850202,0.37213160176960436,42.73433609430998,9.856261215437563e-07,equivalent,True,1.0,1.0,8.820844076289607e-07,9.227908258004243e-07,True,714,0.41918206214904785,gaussian4_rho0.50_n400,gaussian4,400,0.5,0.25
True,4,4,0.3162507646068257,0.40005818445760755,0.33107840841351843,0.11252120815624765,-5.944848998222743,0.3592211455908059,60.9052467298234,3.095679145934038e-10,equivalent,True,1.0,1.0,8.195156708176542e-07,7.840344853716487e-07,True,715,0.382662296295166,gaussian4_rho0.50_n400,gaussian4,400,0.5,0.25
True,4,4,0.3763506343224534,0.5665591998196522,0.4763903055909014,0.17460010213487676,-2.998908293905897,0.4369158720090033,59.431352121339216,6.025367027134054e-10,equivalent,True,1.0,1.0,8.786772153275593e-07,9.859552863073395e-07,True,716,0.40053296089172363,gaussian4_rho0.50_n400,gaussian4,400,0.5,0.25
True,4,4,0.20579754349247442,0.16941051563014758,0.09274940359594314,0.08501661404650104,-10.671450593266668,0.24113755906197185,23.92464970113712,0.0023594091217387808,equivalent,True,1.0,1.0,9.345911532729549e-07,8.042935393967708e-07,True,717,0.3680419921875,gaussian4_rho0.50_n400,gaussian4,400,0.5,0.25
True,4,4,0.2548338469018558,0.2597611581071939,0.18616086077117552,0.11051770978193379,-7.363879878027131,0.3032928933178123,35.56485607681782,2.1091191722893246e-05,equivalent,True,1.0,1.0,8.935688873776962e-07,8.876932901830863e-07,True,718,0.3676941394805908,gaussian4_rho0.50_n400,gaussian4,400,0.5,0.25
True,4,4,0.2733573348734826,0.2988969301165333,0.2259409101359398,0.11131247134990616,-6.953929604445107,0.31977868610992694,36.90919092539704,1.1960029075737278e-05,equivalent,True,1.0,1.0,9.712934202296643e-07,8.64621248742944e-07,True,719,0.370697021484375,gaussian4_rho0.50_n400,gaussian4,400,0.5,0.25
True,4,4,0.2838358307460705,0.32225111526124794,0.23265712166517657,0.13153493406363934,-5.833757273665162,0.33504209997796414,30.656597062513626,0.00016170849496182886,equivalent,True,1.0,1.0,7.498573971210778e-07,9.66466435443505e-07,True,720,0.3932061195373535,gaussian4_rho0.50_n400,gaussian4,400,0.5,0.25
True,4,4,0.37708908168326355,0.5687847020989081,0.4933501550846895,0.14298618897736487,-3.543348127108379,0.42677321454962375,76.90127207986293,2.0509835285594543e-13,equivalent,True,1.0,1.0,9.89308373415681e-07,7.353688824243929e-07,True,721,0.38730597496032715,gaussian4_rho0.50_n400,gaussian4,400,0.5,0.25
True,4,4,0.2732717416922481,0.2987097792300591,0.23556920064621137,0.11217211866409534,-6.814802184871915,0.3240663191669568,34.47617726825473,3.329823393881371e-05,equivalent,True,1.0,1.0,8.588453682062583e-07,8.726825172922441e-07,True,722,0.356748104095459,gaussian4_rho0.50_n400,gaussian4,400,0.5,0.25
True,4,4,0.2698211023850084,0.29121370916904477,0.20989562529333114,0.11523352458731839,-6.85654958082937,0.31600550080543827,33.01199841844445,6.12824494319447e-05,equivalent,True,1.0,1.0,6.658276650509164e-07,9.681930940143003e-07,True,723,0.39413881301879883,gaussian4_rho0.50_n400,gaussian4,400,0.5,0.25
True,4,4,0.30542512069761835,0.3731380174126189,0.2882046169587122,0.13350764128685463,-5.331495457341828,0.3563022400137035,38.399195124770586,6.351608248136032e-06,equivalent,True,1.0,1.0,9.84958951990291e-07,8.307371208323733e-07,True,724,0.39148497581481934,gaussian4_rho0.50_n400,gaussian4,400,0.5,0.25
True,4,4,0.3526103516165638,0.497336240268627,0.4194617462487808,0.1512780884778693,-3.837556777670065,0.4087456601481812,59.267113813101965,6.488840147793054e-10,equivalent,True,1.0,1.0,8.098411853250158e-07,9.981398217587661e-07,True,725,0.36911582946777344,gaussian4_rho0.50_n400,gaussian4,400,0.5,0.25
True,4,4,0.27310564445692215,0.29834677213692307,0.2112000949992473,0.12048755979096076,-6.546733176182477,0.3199158071758652,40.990409000835065,2.093229603405831e-06,equivalent,True,1.0,1.0,8.868111532029748e-07,8.598588810407862e-07,True,726,0.3960421085357666,gaussian4_rho0.50_n400,gaussian4,400,0.5,0.25
True,4,4,0.29496815889217165,0.3480248590409497,0.2692984103788095,0.11784418115563003,-6.200574202778794,0.3402700542098048,43.046486111051294,8.608988297952307e-07,equivalent,True,1.0,1.0,7.782000685995503e-07,7.706250877193487e-07,True,727,0.38036203384399414,gaussian4_rho0.50_n400,gaussian4,400,0.5,0.25
True,4,4,0.2868895483701745,0.32922245185617083,0.250942825211052,0.12481502381067261,-6.00133823573327,0.33772965143146344,45.87056329657352,2.515529352944226e-07,equivalent,True,1.0,1.0,9.684961287534579e-07,8.467639186057897e-07,True,728,0.5678107738494873,gaussian4_rho0.50_n400,gaussian4,400,0.5,0.25
True,4,4,0.295872753260524,0.3501627444878516,0.28471189384954326,0.11280815071513084,-6.340748444292297,0.3428792752934386,44.84562718098341,3.936382361909767e-07,equivalent,True,1.0,1.0,7.848306231573468e-07,7.586510922538464e-07,True,729,0.5471742153167725,gaussian4_rho0.50_n400,gaussian4,400,0.5,0.25
True,4,4,0.24464105247437007,0.23939697822306996,0.1644536977539462,0.10738662537169064,-7.780729670515574,0.29201411694584667,26.330206938080572,0.0009219820231260073,equivalent,True,1.0,1.0,9.332810499814058e-07,9.246109374540125e-07,True,730,0.5721631050109863,gaussian4_rho0.50_n400,gaussian4,400,0.5,0.25
True,4,4,0.22796213149731395,0.20786693358719463,0.1252110574615059,0.10672559215208555,-8.196618307742972,0.27420751029166185,22.220674636699528,0.0045230594766978716,equivalent,True,1.0,1.0,9.783548011401809e-07,9.040239376196787e-07,True,731,0.5848913192749023,gaussian4_rho0.50_n400,gaussian4,400,0.5,0.25
True,4,4,0.3035654405547248,0.3686079067967366,0.28834692815938046,0.14784090659407936,-4.813641151393747,0.3645283183726765,32.432101226069044,7.792023139431213e-05,equivalent,True,1.0,1.0,9.174161399868945e-07,8.991731656654864e-07,True,732,0.3921990394592285,gaussian4_rho0.50_n400,gaussian4,400,0.5,0.25
True,4,4,0.3229521675675048,0.4171924101461988,0.3454220821484538,0.1205111328393414,-5.431680064979493,0.36866151687126064,62.11590779846704,1.789164788661417e-10,equivalent,True,1.0,1.0,8.834877642224855e-07,9.881715409551167e-07,True,733,0.3835899829864502,gaussian4_rho0.50_n400,gaussian4,400,0.5,0.25
True,4,4,0.3247359826618805,0.4218138337415086,0.35238447278419627,0.130593507351448,-4.95901779766866,0.37656064485270474,50.57162812070462,3.172873207858607e-08,equivalent,True,1.0,1.0,8.22928634854553e-07,9.427039109569709e-07,True,734,0.4061272144317627,gaussian4_rho0.50_n400,gaussian4,400,0.5,0.25
True,4,4,0.3337527717394721,0.4455636505751206,0.3590678406073815,0.1651916950583777,-3.87992967301484,0.39710955647227114,47.035175842361284,1.509885504041316e-07,equivalent,True,1.0,1.0,8.739951992099943e-07,9.039710114373278e-07,True,735,0.4420278072357178,gaussian4_rho0.50_n400,gaussian4,400,0.5,0.25
True,4,4,0.34255339266041623,0.46937130729264526,0.39415320857407976,0.15856471483658022,-3.820817210501828,0.40465076142259837,39.451913841142144,4.0517033472430104e-06,equivalent,True,1.0,1.0,9.889190863002875e-07,8.501642080276899e-07,True,736,0.4273831844329834,gaussian4_rho0.50_n400,gaussian4,400,0.5,0.25
True,4,4,0.3481769779375126,0.48490883186279665,0.4128200195312273,0.12491294359046128,-4.700713661779495,0.39315503552961845,73.27800400492069,1.0903893544293716e-12,equivalent,True,1.0,1.0,9.018058907459848e-07,9.807749065273121e-07,True,737,0.4165010452270508,gaussian4_rho0.50_n400,gaussian4,400,0.5,0.25
True,4,4,0.3000897654346284,0.3602154692744412,0.28503813604626926,0.11806533049425784,-6.055646149133536,0.3461352059264463,47.97815513474583,9.974984852791409e-08,equivalent,True,1.0,1.0,7.7118790640557e-07,9.210869362242597e-07,True,738,0.4277830123901367,gaussian4_rho0.50_n400,gaussian4,400,0.5,0.25
True,4,4,0.2825354585571862,0.3193051413684779,0.24533559094434432,0.11887620949598007,-6.348321604931183,0.3319900432588492,37.99174776215688,7.554764282077281e-06,equivalent,True,1.0,1.0,9.873874078332962e-07,7.484761105473787e-07,True,739,0.40390801429748535,gaussian4_rho0.50_n400,gaussian4,400,0.5,0.25
True,4,4,0.2825434138798321,0.31932312290748044,0.24340239096355015,0.12410855147500978,-6.09625686581957,0.3344931957427959,34.44887273621606,3.368067528065334e-05,equivalent,True,1.0,1.0,9.653033627903845e-07,8.134620010732902e-07,True,740,0.39476990699768066,gaussian4_rho0.50_n400,gaussian4,400,0.5,0.25
True,4,4,0.3354162202516298,0.45001616323155935,0.37227489433640204,0.13993112491247997,-4.4859576885143255,0.3880854006118029,53.094472988535486,1.0339974339000678e-08,equivalent,True,1.0,1.0,9.658985884678776e-07,8.375346467526567e-07,True,741,0.412553071975708,gaussian4_rho0.50_n400,gaussian4,400,0.5,0.25
True,4,4,0.3017692738305689,0.3642587785129155,0.2896231950349356,0.1324472796194918,-5.363468445753723,0.35618800628913394,38.028418446582876,7.437824082794946e-06,equivalent,True,1.0,1.0,6.931262660478987e-07,7.697223742123662e-07,True,742,0.37958502769470215,gaussian4_rho0.50_n400,gaussian4,400,0.5,0.25
True,4,4,0.2095708099454746,0.17567969752480894,0.10892978433350775,0.08558271681012222,-10.411800990654012,0.24985036846230485,21.265591371043175,0.006474390442630903,equivalent,True,1.0,1.0,8.532856940418204e-07,8.570571932225307e-07,True,743,0.3560030460357666,gaussian4_rho0.50_n400,gaussian4,400,0.5,0.25
True,4,4,0.2713027261801909,0.2944206769312146,0.22857956027834983,0.1033680042165892,-7.4628551220286345,0.3156757818255708,40.58770068532256,2.4891864304177235e-06,equivalent,True,1.0,1.0,8.950521945667689e-07,7.809381074866746e-07,True,744,0.33439207077026367,gaussian4_rho0.50_n400,gaussian4,400,0.5,0.25
True,4,4,0.26501838522843113,0.2809389780363405,0.20656832757676366,0.11224829146629388,-7.068541196116908,0.31273005008881183,36.62608155649187,1.3481767590818356e-05,equivalent,True,1.0,1.0,7.216566130010145e-07,8.402980782519275e-07,True,745,0.430894136428833,gaussian4_rho0.50_n400,gaussian4,400,0.5,0.25
True,4,4,0.17760976138849985,0.1261809093619194,0.05714456643515389,0.07545389076559625,-12.495782841654972,0.21287036684831512,15.348100382001297,0.05271996689145706,equivalent,False,1.0,1.0,9.814098833864764e-07,9.407648538917184e-07,True,746,0.4141111373901367,gaussian4_rho0.50_n400,gaussian4,400,0.5,0.25
True,4,4,0.33861455406991064,0.45863926491185775,0.3910832384445714,0.14272651984102241,-4.266318286424118,0.3955526109973357,47.51176371362624,1.2246535935521167e-07,equivalent,True,1.0,1.0,6.779445116546833e-07,8.725227031298671e-07,True,747,0.42296600341796875,gaussian4_rho0.50_n400,gaussian4,400,0.5,0.25
True,4,4,0.22237047861898707,0.19779451904494955,0.131631412453048,0.09309295895063675,-9.327972784788278,0.2668125295158791,22.344795196884334,0.004315625880265536,equivalent,True,1.0,1.0,8.408360839453959e-07,9.976376822911668e-07,True,748,0.41628479957580566,gaussian4_rho0.50_n400,gaussian4,400,0.5,0.25
True,4,4,0.27232841795636625,0.2966510689064692,0.21982676660010517,0.10907689795009959,-7.152506608290308,0.3159281159575474,38.3555077995299,6.470946400927265e-06,equivalent,True,1.0,1.0,6.197500707891075e-07,9.149982626131019e-07,True,749,0.3792388439178467,gaussian4_rho0.50_n400,gaussian4,400,0.5,0.25
True,4,4,0.28152142238114786,0.31701724503801865,0.24016964016013032,0.1205501026484602,-6.303025407250245,0.3310803957239171,36.763372715773116,1.2721296909720525e-05,equivalent,True,1.0,1.0,8.006253671792453e-07,7.427708905752461e-07,True,750,0.37755417823791504,gaussian4_rho0.50_n400,gaussian4,400,0.5,0.25
True,4,4,0.3470034421928712,0.48164555557480526,0.40539947737536053,0.1594448069046662,-3.7291934065946575,0.4085531930823323,57.01452967520617,1.7890205095311268e-09,equivalent,True,1.0,1.0,8.368433369138978e-07,9.958796167021503e-07,True,751,0.36493992805480957,gaussian4_rho0.50_n400,gaussian4,400,0.5,0.25
True,4,4,0.21593220441580294,0.18650686761547242,0.10893309771116147,0.09378825482102009,-9.500836794429084,0.2565156178573564,26.11193471470196,0.0010049613168516271,equivalent,True,1.0,1.0,9.382030867597351e-07,8.279094115706583e-07,True,752,0.3800361156463623,gaussian4_rho0.50_n400,gaussian4,400,0.5,0.25
True,4,4,0.2888193385047292,0.33366644117723737,0.2266633860722749,0.1373009585789062,-5.632419627160085,0.33634185205483375,40.93993878920162,2.139206761905851e-06,equivalent,True,1.0,1.0,8.050805003415436e-07,8.342136304839351e-07,True,753,0.42255187034606934,gaussian4_rho0.50_n400,gaussian4,400,0.5,0.25
True,4,4,0.3114284564051391,0.38795073383555057,0.2918303292280413,0.1426912249496311,-4.962951793440256,0.362814176997189,41.19331598734651,1.918066277947918e-06,equivalent,True,1.0,1.0,9.909184211817056e-07,9.461847755476824e-07,True,754,0.4038238525390625,gaussian4_rho0.50_n400,gaussian4,400,0.5,0.25
True,4,4,0.3078344339392977,0.37904815487491145,0.2980126125631398,0.13540791370565838,-5.184241956218292,0.3608111731016045,42.23099592549613,1.2255476517571584e-06,equivalent,True,1.0,1.0,8.490255749610097e-07,7.146127819884878e-07,True,755,0.3687429428100586,gaussian4_rho0.50_n400,gaussian4,400,0.5,0.25
True,4,4,0.2503599830546221,0.2507204844604426,0.17739976213210656,0.09559715963490427,-8.60486065704767,0.289241722821863,35.253262903983966,2.4042258513946152e-05,equivalent,True,1.0,1.0,9.860250395074268e-07,9.473693542240159e-07,True,756,0.34958672523498535,gaussian4_rho0.50_n400,gaussian4,400,0.5,0.25
True,4,4,0.23572140540163813,0.22225832385809374,0.1417016196757646,0.10068343293783173,-8.52472303814077,0.27717825019176845,26.158079926567652,0.0009868318886787023,equivalent,True,1.0,1.0,7.295173221185974e-07,9.677016435787757e-07,True,757,0.3728761672973633,gaussian4_rho0.50_n400,gaussian4,400,0.5,0.25
True,4,4,0.2878576781908106,0.3314481715736171,0.24706142763762287,0.11914439662673727,-6.3195466482677185,0.33280494308230174,38.560908107548805,5.928523979027998e-06,equivalent,True,1.0,1.0,6.425123070346577e-07,9.234472428451576e-07,True,758,0.3865089416503906,gaussian4_rho0.50_n400,gaussian4,400,0.5,0.25
True,4,4,0.40017793233623034,0.6405695101156021,0.574031162771516,0.15906498640960984,-2.6779547582619307,0.45707487969378424,81.0872011197898,2.953013981137949e-14,equivalent,True,1.0,1.0,9.873533195789574e-07,9.950592758370794e-07,True,759,0.3530008792877197,gaussian4_rho0.50_n400,gaussian4,400,0.5,0.25
True,4,4,0.2763421343596974,0.3054599008898922,0.22385151189029487,0.11791953625190309,-6.5820178129913485,0.32319185044748316,40.47005260715657,2.618284144019297e-06,equivalent,True,1.0,1.0,7.43965019878051e-07,7.946408632859643e-07,True,760,0.37240123748779297,gaussian4_rho0.50_n400,gaussian4,400,0.5,0.25
True,4,4,0.3572049764402673,0.5103815807747676,0.44390652774526207,0.14144961360518754,-3.9313891221145316,0.41126950948089963,59.76831915223735,5.175159130946367e-10,equivalent,True,1.0,1.0,9.454005227713606e-07,7.301720475364485e-07,True,761,0.3428201675415039,gaussian4_rho0.50_n400,gaussian4,400,0.5,0.25
True,4,4,0.25776369130204585,0.2657684822146255,0.1897404105024741,0.09309970928575019,-8.703137697354164,0.2927779896906818,46.80842212878932,1.667880593215082e-07,equivalent,True,1.0,1.0,9.242694996049048e-07,9.713517401392842e-07,True,762,0.37995481491088867,gaussian4_rho0.50_n400,gaussian4,400,0.5,0.25
True,4,4,0.3122088268457551,0.38989740624161084,0.3222487138512682,0.1291091057749254,-5.24944605634748,0.36558661585102353,42.26110509249967,1.2096923127732552e-06,equivalent,True,1.0,1.0,8.798789216579745e-07,7.633409213898858e-07,True,763,0.3596489429473877,gaussian4_rho0.50_n400,gaussian4,400,0.5,0.25
True,4,4,0.3066669362848967,0.3761784392414596,0.2962636522161814,0.14370309717132795,-4.897155048403716,0.3649089656347868,34.15482902335512,3.80842290335935e-05,equivalent,True,1.0,1.0,8.561327272072213e-07,8.454510976748831e-07,True,764,0.3741581439971924,gaussian4_rho0.50_n400,gaussian4,400,0.5,0.25
True,4,4,0.28657335303247133,0.3284971466730938,0.2505440171076102,0.12233507113495092,-6.126256158102413,0.3360681860007358,37.445387098401554,9.528704717428023e-06,equivalent,True,1.0,1.0,9.79515449336939e-07,9.10792365833997e-07,True,765,0.3821449279785156,gaussian4_rho0.50_n400,gaussian4,400,0.5,0.25
True,4,4,0.2529124941820205,0.25585891885348216,0.18047014944259343,0.10487061402430126,-7.814675809636245,0.2970551124291136,30.368416881663222,0.00018190877766387182,equivalent,True,1.0,1.0,8.596158168401143e-07,8.650333847566513e-07,True,766,0.365354061126709,gaussian4_rho0.50_n400,gaussian4,400,0.5,0.25
True,4,4,0.33432465888365376,0.44709191015068583,0.36587783734427304,0.1625077133158833,-3.902105012228664,0.3978628026718173,39.66986029518713,3.6907158574839005e-06,equivalent,True,1.0,1.0,7.672559929070116e-07,9.876112996828048e-07,True,767,0.37850069999694824,gaussian4_rho0.50_n400,gaussian4,400,0.5,0.25
True,4,4,0.33551303574692154,0.4502759886244603,0.3745426482899491,0.14568151142091007,-4.293320034983363,0.3918441688766101,51.052689016645,2.563447444645923e-08,equivalent,True,1.0,1.0,9.99620858160994e-07,8.175201546728753e-07,True,768,0.365494966506958,gaussian4_rho0.50_n400,gaussian4,400,0.5,0.25
True,4,4,0.27093765339002346,0.29362884809796996,0.2120555086110792,0.1175599471290967,-6.702491032287139,0.31836473345464833,39.597803871728885,3.8063907526568177e-06,equivalent,True,1.0,1.0,6.298569823363634e-07,9.018074789358306e-07,True,769,0.5240850448608398,gaussian4_rho0.50_n400,gaussian4,400,0.5,0.25
True,4,4,0.30329253375827675,0.36794544413406177,0.2927318420709654,0.1378811700517802,-5.129548564633049,0.36039082421690094,37.74857791378116,8.377605111861781e-06,equivalent,True,1.0,1.0,9.014293109182746e-07,8.996612454663747e-07,True,770,0.49961018562316895,gaussian4_rho0.50_n400,gaussian4,400,0.5,0.25
True,4,4,0.24519831543785459,0.24048885557424657,0.17570655894871792,0.09920332722575607,-8.309130994925658,0.29106765173308785,29.1074705466798,0.0003036172177580709,equivalent,True,1.0,1.0,8.756862445522406e-07,7.911128031167725e-07,True,771,0.47376418113708496,gaussian4_rho0.50_n400,gaussian4,400,0.5,0.25
True,4,4,0.28210636775946035,0.3183360109217436,0.24951066534986538,0.12091476652845079,-6.206763294486016,0.33481254368160185,34.903896884433095,2.783796460577639e-05,equivalent,True,1.0,1.0,8.20167945296463e-07,7.94201522809689e-07,True,772,0.4779698848724365,gaussian4_rho0.50_n400,gaussian4,400,0.5,0.25
True,4,4,0.26470823981543246,0.28028180890473803,0.19998992846446056,0.10422767645347404,-7.6756011335689145,0.3047249579980617,40.05759289241182,3.1255420103621423e-06,equivalent,True,1.0,1.0,9.25300069710426e-07,9.104167226558388e-07,True,773,0.37848806381225586,gaussian4_rho0.50_n400,gaussian4,400,0.5,0.25
True,4,4,0.3279149238984492,0.4301127892613028,0.35896566820712666,0.13486649528746902,-4.753102914304279,0.38105160809756256,45.17576630274793,3.4081904521346393e-07,equivalent,True,1.0,1.0,9.537785821234075e-07,7.147399604130314e-07,True,774,0.37525296211242676,gaussian4_rho0.50_n400,gaussian4,400,0.5,0.25
True,4,4,0.3337431189315835,0.44553787773672426,0.3782213890184488,0.1356412875513444,-4.583992250487808,0.3877278210328881,53.077544000768505,1.0418284967864367e-08,equivalent,True,1.0,1.0,9.638305245572492e-07,9.269279343383432e-07,True,775,0.3483138084411621,gaussian4_rho0.50_n400,gaussian4,400,0.5,0.25
True,4,4,0.3412589950140031,0.4658308067118695,0.3887749683954341,0.14781230634454448,-4.1351430521612,0.39746212920048124,55.328299984856784,3.811516856508342e-09,equivalent,True,1.0,1.0,8.998828163376211e-07,9.247063278844457e-07,True,776,0.47493886947631836,gaussian4_rho0.50_n400,gaussian4,400,0.5,0.25
True,4,4,0.2506112585203858,0.25122401158868657,0.18284074850461063,0.10318092396868664,-7.919673715495908,0.29688308537482766,29.779584690492467,0.00023120247735474925,equivalent,True,1.0,1.0,8.95730007414657e-07,9.78401482526476e-07,True,777,0.46347618103027344,gaussian4_rho0.50_n400,gaussian4,400,0.5,0.25
True,4,4,0.27889844110331996,0.3111373617994482,0.2382129152319874,0.11053357187221538,-6.891906882812873,0.32404647113720514,40.86498825534137,2.209338259920367e-06,equivalent,True,1.0,1.0,7.536457530744689e-07,9.683946173458734e-07,True,778,0.47711706161499023,gaussian4_rho0.50_n400,gaussian4,400,0.5,0.25
True,4,4,0.25134280183030633,0.2526928161276345,0.1794125296551065,0.09714754088217546,-8.446816696473416,0.2912069773479721,36.78260996219791,1.2618185648187407e-05,equivalent,True,1.0,1.0,9.190448858885684e-07,9.955289853528356e-07,True,779,0.4585433006286621,gaussian4_rho0.50_n400,gaussian4,400,0.5,0.25
True,4,4,0.2660089367379937,0.28304301769791174,0.20389855610686378,0.11195084351704507,-7.111169678430568,0.3114648082473171,31.561347504731813,0.00011158392480165554,equivalent,True,1.0,1.0,9.476413444512716e-07,8.533687013163554e-07,True,780,0.3762209415435791,gaussian4_rho0.50_n400,gaussian4,400,0.5,0.25
True,4,4,0.3441962637779594,0.4738842719948265,0.3947482657448334,0.1357909593824493,-4.457231446097244,0.393098116820812,60.044692327197,4.5678738062552183e-10,equivalent,True,1.0,1.0,8.719592807701074e-07,8.639866652023033e-07,True,781,0.3750770092010498,gaussian4_rho0.50_n400,gaussian4,400,0.5,0.25
True,4,4,0.26851421664908903,0.28839953817069575,0.20627012016176702,0.12073698265317723,-6.5740410468784045,0.3181449292327408,29.847738537150178,0.00022488528859343986,equivalent,True,1.0,1.0,8.046639921092193e-07,9.78938781814228e-07,True,782,0.39116477966308594,gaussian4_rho0.50_n400,gaussian4,400,0.5,0.25
True,4,4,0.3771001059809522,0.5688179597233816,0.4844931421778633,0.15458393128462092,-3.3348023532470665,0.42975605935803546,73.16174845621029,1.1503114118279862e-12,equivalent,True,1.0,1.0,8.375226091524568e-07,9.334663010212499e-07,True,783,0.39870500564575195,gaussian4_rho0.50_n400,gaussian4,400,0.5,0.25
True,4,4,0.20510226397444978,0.1682677547497795,0.07890768205196845,0.09917978225748955,-9.287097601774331,0.24598978973651395,17.92155813448801,0.021822326614227044,equivalent,True,1.0,1.0,8.89097045954835e-07,8.169012894845758e-07,True,784,0.3837740421295166,gaussian4_rho0.50_n400,gaussian4,400,0.5,0.25
True,4,4,0.27225726078311874,0.29649606419650854,0.232575527183307,0.10178495475850023,-7.539665116888055,0.31622653240474524,41.68199318506849,1.5536093154512037e-06,equivalent,True,1.0,1.0,9.525943612165225e-07,9.25011158617966e-07,True,785,0.3549191951751709,gaussian4_rho0.50_n400,gaussian4,400,0.5,0.25
True,4,4,0.42840147646834154,0.7341113001610199,0.641293786910462,0.21222532713643721,-1.6902139717703435,0.4975875264669004,58.95448056123762,7.471432190607572e-10,equivalent,True,1.0,1.0,9.381234841330758e-07,8.905752300671686e-07,True,786,0.401104211807251,gaussian4_rho0.50_n400,gaussian4,400,0.5,0.25
True,4,4,0.326679585497596,0.4268782063235246,0.3624611442983832,0.12394932727533167,-5.143544299239609,0.3762777049020469,62.54083119558709,1.4755997393302572e-10,equivalent,True,1.0,1.0,8.14279739808294e-07,8.739687845424385e-07,True,787,0.34514379501342773,gaussian4_rho0.50_n400,gaussian4,400,0.5,0.25
True,4,4,0.21660448859696496,0.18767001792141091,0.09178096527905183,0.1088304496427502,-8.345265848871275,0.260187972962188,24.41916933679734,0.001948652996591798,equivalent,True,1.0,1.0,8.290969170925592e-07,9.576004720062991e-07,True,788,0.3968930244445801,gaussian4_rho0.50_n400,gaussian4,400,0.5,0.25
True,4,4,0.27755189923563667,0.308140227077236,0.24786296101554026,0.11573723502585567,-6.498660857211877,0.33099613737215794,35.05014474925415,2.618193293042901e-05,equivalent,True,1.0,1.0,8.711330043847071e-07,8.258488114711423e-07,True,789,0.34277892112731934,gaussian4_rho0.50_n400,gaussian4,400,0.5,0.25
True,4,4,0.35182316967834115,0.4951181708900594,0.41843595875387235,0.15193954933133305,-3.827601462591657,0.4087646870599537,49.42013751978174,5.28116124142991e-08,equivalent,True,1.0,1.0,9.279442952411088e-07,9.883986175686343e-07,True,790,0.38775181770324707,gaussian4_rho0.50_n400,gaussian4,400,0.5,0.25
True,4,4,0.20427839263287803,0.1669186467866891,0.08788055823537329,0.08896441251131867,-10.252632665320872,0.24197830213896385,20.72970893486533,0.00790116619283611,equivalent,True,1.0,1.0,9.282438023920827e-07,9.014480730887306e-07,True,791,0.41076183319091797,gaussian4_rho0.50_n400,gaussian4,400,0.5,0.25
True,4,4,0.31049014347670334,0.38561651678473524,0.3274234095061662,0.10711933316492445,-6.278760057797529,0.3548306050706151,60.16204972736132,4.3319863598312306e-10,equivalent,True,1.0,1.0,8.625648362670347e-07,9.772432158493135e-07,True,792,0.3648381233215332,gaussian4_rho0.50_n400,gaussian4,400,0.5,0.25
True,4,4,0.32251205643530617,0.4160561061845205,0.3428553750903295,0.1288395637314532,-5.100487815058038,0.3724169702057277,53.547433501804925,8.44888598278474e-09,equivalent,True,1.0,1.0,8.391499398044832e-07,9.413936505207287e-07,True,793,0.3904252052307129,gaussian4_rho0.50_n400,gaussian4,400,0.5,0.25
True,4,4,0.27660325382472234,0.30603744010569506,0.22790644644676425,0.1279453099067255,-6.03455925126217,0.331042955482469,29.11933147174915,0.0003021643307350185,equivalent,True,1.0,1.0,9.32603686928963e-07,6.918209392454338e-07,True,794,0.40367889404296875,gaussian4_rho0.50_n400,gaussian4,400,0.5,0.25
True,4,4,0.30784285768005354,0.37906890009848676,0.28313614850842583,0.1545054058846886,-4.639733136758905,0.36649519975078293,41.209773534156554,1.9045133390067156e-06,equivalent,True,1.0,1.0,9.374285131383359e-07,9.478451826762136e-07,True,795,0.4250349998474121,gaussian4_rho0.50_n400,gaussian4,400,0.5,0.25
True,4,4,0.32572914154225757,0.42439789459942434,0.35635791422787466,0.13501433058319587,-4.76721310243073,0.3802751390697496,53.66970809997079,8.00027746192207e-09,equivalent,True,1.0,1.0,9.261648466656852e-07,9.857804357200786e-07,True,796,0.35764217376708984,gaussian4_rho0.50_n400,gaussian4,400,0.5,0.25
True,4,4,0.30050692424934283,0.3612176460872011,0.28616885462176295,0.12187703620371082,-5.8569782102766865,0.3487974841019974,46.397781563562674,1.9969403632448664e-07,equivalent,True,1.0,1.0,8.17696234315739e-07,9.394818136609889e-07,True,797,0.3870561122894287,gaussian4_rho0.50_n400,gaussian4,400,0.5,0.25
True,4,4,0.2355618887687519,0.22195761376120737,0.13957189513030158,0.10200383804147486,-8.435252255114632,0.27719725742501133,25.299492886733283,0.0013828676097009088,equivalent,True,1.0,1.0,9.082794939795823e-07,9.03385693379339e-07,True,798,0.3929448127746582,gaussian4_rho0.50_n400,gaussian4,400,0.5,0.25
True,4,4,0.3462828052003945,0.4796471247098174,0.39760149462891703,0.1456854220454717,-4.134926452579867,0.3991342786188525,54.91616245848658,4.583695697032078e-09,equivalent,True,1.0,1.0,8.137193793639308e-07,8.96583760665183e-07,True,799,0.3845360279083252,gaussian4_rho0.50_n400,gaussian4,400,0.5,0.25
True,4,4,0.3472571172392384,0.48235002189322473,0.38977074089600794,0.1625933090405405,-3.753101912403046,0.4053433529087971,46.09443977525224,2.280721939717805e-07,equivalent,True,1.0,1.0,9.868303283537766e-07,8.271746512441005e-07,True,800,0.4400911331176758,gaussian4_rho0.50_n400,gaussian4,400,0.5,0.25
True,4,4,0.2060080686234072,0.16975729735178582,0.09417872265818368,0.0858251968071293,-10.554258085506328,0.24256370756474174,21.92511999934787,0.0050564872192346635,equivalent,True,1.0,1.0,9.622382554862827e-07,9.88136835552479e-07,True,801,0.45103001594543457,gaussian4_rho0.50_n400,gaussian4,400,0.5,0.25
True,4,4,0.296499076500694,0.35164680946305754,0.27395189205026826,0.12709227709703494,-5.712763391558356,0.3474910376509183,40.9991462861373,2.0853702235393042e-06,equivalent,True,1.0,1.0,9.245410489276614e-07,9.572745683953242e-07,True,802,0.45697903633117676,gaussian4_rho0.50_n400,gaussian4,400,0.5,0.25
True,4,4,0.32019012399915664,0.4100868620263812,0.3308148889784025,0.143571227517099,-4.660997350196084,0.376486567916366,47.13917607727712,1.442485850072311e-07,equivalent,True,1.0,1.0,9.088448654944532e-07,7.888414414870453e-07,True,803,0.4694700241088867,gaussian4_rho0.50_n400,gaussian4,400,0.5,0.25
True,4,4,0.21889027405622868,0.1916518083056436,0.11267850361645987,0.09886161964905753,-8.975389028961748,0.26234109345588097,20.90077389160093,0.007415737629239615,equivalent,True,1.0,1.0,6.292531223843991e-07,6.933408203295268e-07,True,804,0.46422290802001953,gaussian4_rho0.50_n400,gaussian4,400,0.5,0.25
True,4,4,0.2508336253570386,0.25167003043902086,0.13654880509709116,0.14635783662594,-5.899589764432699,0.30711806504341277,23.32600140396938,0.002969966810421098,equivalent,True,1.0,1.0,7.334155999392243e-07,9.832581542086774e-07,True,805,0.463392972946167,gaussian4_rho0.50_n400,gaussian4,400,0.5,0.25
True,4,4,0.2606312059641004,0.2717145020892052,0.19891517984903434,0.10824473552920133,-7.400681578041788,0.3069861257787736,35.02441055358216,2.6466106894776024e-05,equivalent,True,1.0,1.0,7.99492700365902e-07,9.630009769283698e-07,True,806,0.37885117530822754,gaussian4_rho0.50_n400,gaussian4,400,0.5,0.25
True,4,4,0.2643536890583422,0.2795314916750188,0.21145881985466874,0.09729985543924007,-8.104237941419596,0.30475516401521263,47.67639022525516,1.1391355499151189e-07,equivalent,True,1.0,1.0,8.698045751843998e-07,9.31237140634944e-07,True,807,0.36763501167297363,gaussian4_rho0.50_n400,gaussian4,400,0.5,0.25
True,4,4,0.2750200457792311,0.30254410232164153,0.1844585656712711,0.1450757870210452,-5.621485508194579,0.325225690919274,35.108098372931835,2.5552960916184884e-05,equivalent,True,1.0,1.0,7.330025841753254e-07,9.897934887069489e-07,True,808,0.4503800868988037,gaussian4_rho0.50_n400,gaussian4,400,0.5,0.25
True,4,4,0.2338409162230181,0.21872629640008232,0.13168006516362177,0.1059038224046657,-8.199136868907987,0.27653044658498305,23.519563946271127,0.0027574648277406016,equivalent,True,1.0,1.0,8.205767399414872e-07,9.353406987431588e-07,True,809,0.39031100273132324,gaussian4_rho0.50_n400,gaussian4,400,0.5,0.25
True,4,4,0.24197267934481873,0.23420311019724183,0.15044658049833232,0.11845087920277743,-7.172200199943703,0.2938030542602525,20.819806410810415,0.007641816621706279,equivalent,True,1.0,1.0,7.092102582190014e-07,8.873582210566321e-07,True,810,0.38343214988708496,gaussian4_rho0.50_n400,gaussian4,400,0.5,0.25
True,4,4,0.27406662390490194,0.3004500573545239,0.2268020178341541,0.11752514059145393,-6.579000699549646,0.32408088172321614,33.353817333049705,5.317208867427781e-05,equivalent,True,1.0,1.0,9.100870009278941e-07,8.547357562657469e-07,True,811,0.36204075813293457,gaussian4_rho0.50_n400,gaussian4,400,0.5,0.25
True,4,4,0.24411181646436184,0.2383623157501211,0.1760909758718826,0.08730780392709682,-9.43683138355069,0.2827098927445482,35.77114803558885,1.933743014221635e-05,equivalent,True,1.0,1.0,9.56608172062174e-07,7.838414730185805e-07,True,812,0.34061503410339355,gaussian4_rho0.50_n400,gaussian4,400,0.5,0.25
True,4,4,0.2915188453907231,0.3399329488717613,0.2597272191098338,0.14074381313944717,-5.259718096146175,0.35043907837997806,30.090227446740585,0.0002037542286732332,equivalent,True,1.0,1.0,9.09739248600112e-07,8.178661479648143e-07,True,813,0.3753359317779541,gaussian4_rho0.50_n400,gaussian4,400,0.5,0.25
True,4,4,0.2550788416870652,0.26026086190565945,0.18917198421120635,0.09832232609644137,-8.246631746623622,0.29618314389126,39.21451314984711,4.4847865726110045e-06,equivalent,True,1.0,1.0,7.251919616535164e-07,9.165255256425961e-07,True,814,0.3477499485015869,gaussian4_rho0.50_n400,gaussian4,400,0.5,0.25
True,4,4,0.2668718977470535,0.28488243922845513,0.21109462831527465,0.10562236376752801,-7.469113013046035,0.31017251508051163,35.97983924203471,1.7710020447250574e-05,equivalent,True,1.0,1.0,7.037750950366777e-07,9.087922531792596e-07,True,815,0.3581078052520752,gaussian4_rho0.50_n400,gaussian4,400,0.5,0.25
True,4,4,0.27561898158382636,0.30386329203722245,0.23587330562200032,0.10469843655015798,-7.298358213896812,0.31940840186103286,40.490914221753314,2.5949178475043734e-06,equivalent,True,1.0,1.0,9.384667453712519e-07,7.244021315305711e-07,True,816,0.3520798683166504,gaussian4_rho0.50_n400,gaussian4,400,0.5,0.25
True,4,4,0.21661091183073147,0.1876811484965637,0.10631918037722501,0.09561937508008397,-9.346231544331802,0.25670949353526756,24.948306306309696,0.0015862226567108625,equivalent,True,1.0,1.0,8.862537249969765e-07,9.929430711800656e-07,True,817,0.3939359188079834,gaussian4_rho0.50_n400,gaussian4,400,0.5,0.25
True,4,4,0.3121753204424747,0.38981372277344706,0.3136856493672032,0.12840975602208043,-5.344721241544786,0.36225022508484234,51.927441336257345,1.738281309318584e-08,equivalent,True,1.0,1.0,7.060294115455186e-07,9.170664771946596e-07,True,818,0.39993715286254883,gaussian4_rho0.50_n400,gaussian4,400,0.5,0.25
True,4,4,0.37079950283086893,0.5499690851984783,0.4762085956957213,0.15283591289757248,-3.427148726852654,0.4264977436498735,62.039278266566654,1.8524020554537438e-10,equivalent,True,1.0,1.0,8.630909556815065e-07,9.843116140407133e-07,True,819,0.3847801685333252,gaussian4_rho0.50_n400,gaussian4,400,0.5,0.25
True,4,4,0.2791665032122232,0.31173574606296084,0.2280969392154711,0.12311850131402731,-6.269594354594238,0.3281039670008115,33.37523579903184,5.270072239118213e-05,equivalent,True,1.0,1.0,9.679240662162665e-07,9.245517556885822e-07,True,820,0.4106018543243408,gaussian4_rho0.50_n400,gaussian4,400,0.5,0.25
True,4,4,0.30394192616099963,0.3695227779138342,0.2915702080898712,0.12071770609999963,-5.868482882894433,0.35004755562841655,46.96914038647499,1.5542959665769657e-07,equivalent,True,1.0,1.0,8.752316719671942e-07,8.283239063192128e-07,True,821,0.3789801597595215,gaussian4_rho0.50_n400,gaussian4,400,0.5,0.25
True,4,4,0.2627289312836924,0.2761059653338847,0.19315939183134595,0.12275005808911069,-6.573036467183798,0.3142710892238274,28.65612569190613,0.0003643009365146709,equivalent,True,1.0,1.0,9.51468836705963e-07,8.56554324499544e-07,True,822,0.38779687881469727,gaussian4_rho0.50_n400,gaussian4,400,0.5,0.25
True,4,4,0.3078322478496533,0.37904277126468144,0.3038404768439117,0.13358092334017763,-5.211519023440541,0.3617877634371875,48.378032258625225,8.364285149099085e-08,equivalent,True,1.0,1.0,9.850989445698004e-07,9.403451471925413e-07,True,823,0.36748385429382324,gaussian4_rho0.50_n400,gaussian4,400,0.5,0.25
True,4,4,0.3399770563668818,0.4623375954235597,0.3900772528895622,0.14194923109991578,-4.296766825606283,0.3948300142172677,52.78965145588696,1.1844095581842953e-08,equivalent,True,1.0,1.0,7.90428307607612e-07,9.010550916057312e-07,True,824,0.37259888648986816,gaussian4_rho0.50_n400,gaussian4,400,0.5,0.25
True,4,4,0.3056931489635742,0.3737932052930638,0.2807690771944925,0.14249982319268428,-5.047240808383204,0.35887338582462575,36.88800048514651,1.2067792507898106e-05,equivalent,True,1.0,1.0,9.677873688155115e-07,8.223373944489808e-07,True,825,0.45538997650146484,gaussian4_rho0.50_n400,gaussian4,400,0.5,0.25
True,4,4,0.3353439782369157,0.4498223349590439,0.3746750704270718,0.14196601309714368,-4.40475093954378,0.3899321678105529,52.4855919984915,1.3561166365435682e-08,equivalent,True,1.0,1.0,8.904774498114039e-07,7.832017033794977e-07,True,826,0.4321300983428955,gaussian4_rho0.50_n400,gaussian4,400,0.5,0.25
True,4,4,0.24782994323211635,0.24567872304973606,0.16062019883506834,0.1129978081397092,-7.4282839196945485,0.29431490507245617,28.744361039401582,0.0003515696889172177,equivalent,True,1.0,1.0,8.703860032072967e-07,8.668961989099825e-07,True,827,0.43976926803588867,gaussian4_rho0.50_n400,gaussian4,400,0.5,0.25
True,4,4,0.2711127589616066,0.29400851228709673,0.21905666443141147,0.11691443449814995,-6.679614360029652,0.32068824271349333,32.985049735416105,6.197144045651792e-05,equivalent,True,1.0,1.0,9.171004279051829e-07,7.814417006228287e-07,True,828,0.41936707496643066,gaussian4_rho0.50_n400,gaussian4,400,0.5,0.25
True,4,4,0.3055323135835022,0.37339997857475005,0.30056401007511585,0.11987601943906862,-5.834661454373684,0.35275434633536873,50.32476725704109,3.5395164852423604e-08,equivalent,True,1.0,1.0,9.88152882080512e-07,8.150278017897172e-07,True,829,0.3527488708496094,gaussian4_rho0.50_n400,gaussian4,400,0.5,0.25
True,4,4,0.2580228033630767,0.26630306822136374,0.1965212509444733,0.11563508386322793,-6.948399414885828,0.3109356999605149,24.77303915827889,0.001698326036583216,equivalent,True,1.0,1.0,9.723702375330225e-07,9.309272112060413e-07,True,830,0.3599679470062256,gaussian4_rho0.50_n400,gaussian4,400,0.5,0.25
True,4,4,0.30784703511834777,0.37907918812462904,0.2792728681668747,0.13644806848454696,-5.282061811778224,0.35486263839132337,39.16787507488202,4.575106209156731e-06,equivalent,True,1.0,1.0,9.29394526745075e-07,8.029849477907858e-07,True,831,0.38785481452941895,gaussian4_rho0.50_n400,gaussian4,400,0.5,0.25
True,4,4,0.2961912846130356,0.3509171083228811,0.27671905969003885,0.11803566908449102,-6.127647226638161,0.34310000659184914,46.403796750481014,1.991683208332304e-07,equivalent,True,1.0,1.0,8.241599062932381e-07,9.82538763300162e-07,True,832,0.3558011054992676,gaussian4_rho0.50_n400,gaussian4,400,0.5,0.25
True,4,4,0.3446378557418142,0.4751010064412622,0.3930372062600663,0.14231414785210245,-4.264950483845848,0.39595553680972345,57.620913058603,1.3621616895886572e-09,equivalent,True,1.0,1.0,8.527998076518699e-07,9.492974760877633e-07,True,833,0.3746368885040283,gaussian4_rho0.50_n400,gaussian4,400,0.5,0.25
True,4,4,0.28866392783042283,0.3333074529219503,0.2541408199580606,0.1229063137733028,-6.068518021113671,0.3377512827301006,35.02507203302402,2.645876439417087e-05,equivalent,True,1.0,1.0,9.525534760482975e-07,9.457686680829155e-07,True,834,0.3656151294708252,gaussian4_rho0.50_n400,gaussian4,400,0.5,0.25
True,4,4,0.2707504448028133,0.29322321344368496,0.20294008104069183,0.12656332060426975,-6.297716551318254,0.3205925053614194,29.02131892391808,0.00031437799446771056,equivalent,True,1.0,1.0,9.614417663891343e-07,9.475884081339644e-07,True,835,0.38201189041137695,gaussian4_rho0.50_n400,gaussian4,400,0.5,0.25
True,4,4,0.2613577615196572,0.27323151802626394,0.20053830419161844,0.09970754230099646,-8.01806641061287,0.3018868234868118,40.68221376078587,2.3900620924481773e-06,equivalent,True,1.0,1.0,8.860160123055472e-07,9.269042607567127e-07,True,836,0.3531379699707031,gaussian4_rho0.50_n400,gaussian4,400,0.5,0.25
True,4,4,0.3127398069245675,0.39122474734086293,0.30324255838054515,0.1376484711275658,-5.0618611010487315,0.36388670811086476,45.41014106059702,3.0765426203300854e-07,equivalent,True,1.0,1.0,8.843899261340131e-07,9.486048935951124e-07,True,837,0.381742000579834,gaussian4_rho0.50_n400,gaussian4,400,0.5,0.25
True,4,4,0.22398113385797858,0.20067019329722285,0.12161885927877926,0.1015334304608375,-8.651152007121649,0.2686198478468749,21.42230739017527,0.006106311241575235,equivalent,True,1.0,1.0,8.483755253374567e-07,9.515891551411401e-07,True,838,0.36119771003723145,gaussian4_rho0.50_n400,gaussian4,400,0.5,0.25
True,4,4,0.2883183614348919,0.33250991016200393,0.2538445841684803,0.1112036837314844,-6.709808441536954,0.33043848394390174,48.068833356724795,9.584636774009555e-08,equivalent,True,1.0,1.0,9.087927702212286e-07,9.005531389417012e-07,True,839,0.36276912689208984,gaussian4_rho0.50_n400,gaussian4,400,0.5,0.25
True,4,4,0.19411072724400952,0.15071589772479302,0.0586604768029583,0.08807986012268021,-10.68734125923811,0.22557645831686823,20.220605528697657,0.009532883272232014,equivalent,True,1.0,1.0,9.81239732465763e-07,9.663060154122455e-07,True,840,0.39405012130737305,gaussian4_rho0.50_n400,gaussian4,400,0.5,0.25
True,4,4,0.31373743866608506,0.39372472168302186,0.31656634812630685,0.12902113068627508,-5.297067606200998,0.3635887865738595,51.08681697131681,2.5249281415627063e-08,equivalent,True,1.0,1.0,9.161041091499504e-07,8.53042770048841e-07,True,841,0.37389111518859863,gaussian4_rho0.50_n400,gaussian4,400,0.5,0.25
True,4,4,0.3131299259367474,0.39220140206861154,0.29988458829141806,0.1425560462652591,-4.9111590146506465,0.3655025369387644,43.17594513513449,8.138871176368927e-07,equivalent,True,1.0,1.0,7.687384234661972e-07,7.713748248821937e-07,True,842,0.39611005783081055,gaussian4_rho0.50_n400,gaussian4,400,0.5,0.25
True,4,4,0.2476817180985921,0.24538493392108177,0.1787509936721995,0.10036600350095332,-8.182541674283165,0.2931886673088537,31.898831325394553,9.710864878794212e-05,equivalent,True,1.0,1.0,8.602509084232517e-07,7.285894625560695e-07,True,843,0.34354209899902344,gaussian4_rho0.50_n400,gaussian4,400,0.5,0.25
True,4,4,0.33872403112432997,0.45893587704446426,0.39406608898633466,0.12218629962880381,-4.959098629342765,0.38569569193035846,71.02388163146156,3.0726110768055697e-12,equivalent,True,1.0,1.0,9.466499640869892e-07,9.231575257204494e-07,True,844,0.34174013137817383,gaussian4_rho0.50_n400,gaussian4,400,0.5,0.25
True,4,4,0.3028501789521552,0.3668729235654098,0.2772899262387347,0.14450102335839232,-5.001418377285781,0.35880808192123603,35.47023082768886,2.1947353015915933e-05,equivalent,True,1.0,1.0,9.992421467221431e-07,9.699785958580327e-07,True,845,0.3828747272491455,gaussian4_rho0.50_n400,gaussian4,400,0.5,0.25
True,4,4,0.2986236109400527,0.3567042440435038,0.27082798790092066,0.12843433080675576,-5.677391765260976,0.34716122434450325,43.54818769388994,6.924384111423726e-07,equivalent,True,1.0,1.0,7.856600525881554e-07,9.319784429162055e-07,True,846,0.3778190612792969,gaussian4_rho0.50_n400,gaussian4,400,0.5,0.25
True,4,4,0.3284973398416826,0.43164200913224765,0.35377726183754854,0.12436882065219758,-5.196018863679985,0.3736126896824413,56.34491021049993,2.4165123054119577e-09,equivalent,True,1.0,1.0,9.056229775521454e-07,7.073572373095759e-07,True,847,0.3656649589538574,gaussian4_rho0.50_n400,gaussian4,400,0.5,0.25
True,4,4,0.3272947301910354,0.42848736164329065,0.3609979829927597,0.1275780094912992,-5.008715997021573,0.37777147014556717,53.021329911949024,1.0682579752778994e-08,equivalent,True,1.0,1.0,7.471983743111212e-07,9.667599725311607e-07,True,848,0.3532569408416748,gaussian4_rho0.50_n400,gaussian4,400,0.5,0.25
True,4,4,0.2874064696636855,0.3304099152181719,0.2573751764967646,0.11579390265236861,-6.413332710036651,0.3346039439596382,42.20717813566881,1.2382358614024959e-06,equivalent,True,1.0,1.0,8.350460576214472e-07,9.382020315061743e-07,True,849,0.3550269603729248,gaussian4_rho0.50_n400,gaussian4,400,0.5,0.25
True,4,4,0.2942943817464024,0.34643673250998885,0.26950366011009835,0.12649194975279002,-5.775042137602825,0.34553017322700574,39.313211335023276,4.299429604590442e-06,equivalent,True,1.0,1.0,8.403168395169626e-07,8.429295194121055e-07,True,850,0.36055660247802734,gaussian4_rho0.50_n400,gaussian4,400,0.5,0.25
True,4,4,0.27615403410118683,0.3050442022014378,0.23256270349860697,0.1146676063974417,-6.6927122716892695,0.32448964997950347,42.61517832220907,1.03783033401618e-06,equivalent,True,1.0,1.0,9.971570131819145e-07,9.273317698307996e-07,True,851,0.34768104553222656,gaussian4_rho0.50_n400,gaussian4,400,0.5,0.25
True,4,4,0.23657894657739956,0.22387839185468827,0.151751025755862,0.0929821147651037,-9.122711140599773,0.2759950155658888,29.548432405274635,0.00025395394282804785,equivalent,True,1.0,1.0,9.199494287070065e-07,7.684012686237767e-07,True,852,0.36182212829589844,gaussian4_rho0.50_n400,gaussian4,400,0.5,0.25
True,4,4,0.2562007685511623,0.262555335224825,0.18161498565016942,0.11284831479072942,-7.252080067544452,0.30299915244479736,32.16430665047638,8.703637416129416e-05,equivalent,True,1.0,1.0,8.812463408582956e-07,7.940281863050625e-07,True,853,0.3771932125091553,gaussian4_rho0.50_n400,gaussian4,400,0.5,0.25
True,4,4,0.32029886894996046,0.4103654618024958,0.3290299778549501,0.1494227942031759,-4.490412762812522,0.3790806651786884,40.81238278635911,2.2599179383918665e-06,equivalent,True,1.0,1.0,8.484372123650247e-07,9.6727203599182e-07,True,854,0.36893391609191895,gaussian4_rho0.50_n400,gaussian4,400,0.5,0.25
True,4,4,0.22550478792219747,0.203409637503341,0.142534877938779,0.08463390423255053,-10.131461260550433,0.2653984091317963,30.943821888680453,0.00014377485430962757,equivalent,True,1.0,1.0,9.606218748288881e-07,9.852999706638987e-07,True,855,0.3285250663757324,gaussian4_rho0.50_n400,gaussian4,400,0.5,0.25
True,4,4,0.22788603496439816,0.20772817972717958,0.13290501171593308,0.0881191800329502,-9.840025610313624,0.26355652363256016,33.09374547631141,5.9238319620401954e-05,equivalent,True,1.0,1.0,7.693065183791435e-07,9.733842877175933e-07,True,856,0.37337803840637207,gaussian4_rho0.50_n400,gaussian4,400,0.5,0.25
True,4,4,0.23759546347053195,0.22580641704710752,0.1555009146870715,0.10293751361179315,-8.20399731528174,0.28496405795327767,24.782170645111265,0.0016922996095561007,equivalent,True,1.0,1.0,9.366390977670768e-07,7.848970048604086e-07,True,857,0.3497350215911865,gaussian4_rho0.50_n400,gaussian4,400,0.5,0.25
True,4,4,0.27713304206721584,0.3072108920217169,0.2370270714583198,0.10866212750206865,-7.021516567740266,0.32239741236258423,40.78061686352705,2.2910146786395436e-06,equivalent,True,1.0,1.0,8.56902678573836e-07,7.544805876080758e-07,True,858,0.3520619869232178,gaussian4_rho0.50_n400,gaussian4,400,0.5,0.25
True,4,4,0.31541391192499024,0.39794374334330196,0.32043904968977477,0.13080911265902828,-5.195058176731106,0.3659237943497529,51.323787271556505,2.2728853863306482e-08,equivalent,True,1.0,1.0,8.249159507941186e-07,8.615023739197376e-07,True,859,0.3645658493041992,gaussian4_rho0.50_n400,gaussian4,400,0.5,0.25
True,4,4,0.26685448045196514,0.2848452549491529,0.208320038048596,0.11134127034023018,-7.11039095864664,0.3128338738040959,31.51192246768526,0.0001138749805736685,equivalent,True,1.0,1.0,9.622612162859827e-07,7.92624166879593e-07,True,860,0.36696887016296387,gaussian4_rho0.50_n400,gaussian4,400,0.5,0.25
True,4,4,0.2687205257072701,0.28884288374556644,0.21149136546123143,0.11219420251630485,-7.028069337398936,0.3146563229910943,33.621911851182,4.756035259986645e-05,equivalent,True,1.0,1.0,7.361242383233506e-07,9.379017974358219e-07,True,861,0.36650705337524414,gaussian4_rho0.50_n400,gaussian4,400,0.5,0.25
True,4,4,0.23819298767475536,0.2269435975097046,0.14179697043577177,0.11631405169850834,-7.378326324567664,0.28858125382528066,20.129747627359208,0.009856161834807345,equivalent,True,1.0,1.0,8.652603833337781e-07,9.169056546826843e-07,True,862,0.38361382484436035,gaussian4_rho0.50_n400,gaussian4,400,0.5,0.25
True,4,4,0.2609017939110601,0.2722789842640372,0.20735502978007223,0.09615408523866913,-8.243487193003416,0.3022889452291872,45.3927383223709,3.100025907455466e-07,equivalent,True,1.0,1.0,9.357024209033036e-07,8.782458778711038e-07,True,863,0.3432340621948242,gaussian4_rho0.50_n400,gaussian4,400,0.5,0.25
True,4,4,0.312507317902599,0.39064329497070427,0.30809613390645213,0.1305213232115339,-5.3010791575579574,0.3615192269387097,48.34229109259651,8.497051934676407e-08,equivalent,True,1.0,1.0,9.375445542938228e-07,9.744607022147763e-07,True,864,0.3683640956878662,gaussian4_rho0.50_n400,gaussian4,400,0.5,0.25
True,4,4,0.32955382891347873,0.43442290460613764,0.3498185026793582,0.1533543966101273,-4.2397317044231695,0.38796392814038805,43.53884494553023,6.952543276324839e-07,equivalent,True,1.0,1.0,9.37921645017868e-07,8.740275125390438e-07,True,865,0.3841090202331543,gaussian4_rho0.50_n400,gaussian4,400,0.5,0.25
True,4,4,0.24402867800880162,0.2381999827628935,0.1461004486943935,0.11790157479953439,-7.242477912254134,0.2915610063205889,30.624004198714665,0.00016387758039432807,equivalent,True,1.0,1.0,9.258810734292926e-07,8.885977082742901e-07,True,866,0.3939218521118164,gaussian4_rho0.50_n400,gaussian4,400,0.5,0.25
True,4,4,0.2181905654288988,0.1904284913687303,0.09867447628334035,0.11378527186581738,-7.921284617393702,0.26731750476048577,19.130978902886056,0.014174649422046607,equivalent,True,1.0,1.0,9.393398446756863e-07,8.627986763967386e-07,True,867,0.3968489170074463,gaussian4_rho0.50_n400,gaussian4,400,0.5,0.25
True,4,4,0.22508582567536342,0.20265451567984039,0.13162404721412146,0.10134279071990832,-8.568699821834393,0.273092522826581,19.643687950150433,0.01177152154095154,equivalent,True,1.0,1.0,9.592672131375154e-07,8.654750374181427e-07,True,868,0.3512918949127197,gaussian4_rho0.50_n400,gaussian4,400,0.5,0.25
True,4,4,0.2423890261204578,0.23500975993449585,0.15256479817069052,0.11859816165428264,-7.14543286345036,0.2948056200776684,25.827127531699915,0.0011242695531456007,equivalent,True,1.0,1.0,9.622339360209602e-07,8.576301861980462e-07,True,869,0.3884401321411133,gaussian4_rho0.50_n400,gaussian4,400,0.5,0.25
True,4,4,0.2848170924883437,0.3244831046940549,0.2434463612051081,0.12443897246033332,-6.079716216204325,0.3347126590041829,36.52896599287708,1.4046680593769294e-05,equivalent,True,1.0,1.0,9.29428356547742e-07,8.852669769914052e-07,True,870,0.37383604049682617,gaussian4_rho0.50_n400,gaussian4,400,0.5,0.25
True,4,4,0.2918264203724231,0.3406506385095288,0.2722658571799075,0.12355506725374846,-5.88995788675769,0.3447810383709017,36.60061549899506,1.3627690420070031e-05,equivalent,True,1.0,1.0,8.579690931307063e-07,9.497924409095797e-07,True,871,0.34918785095214844,gaussian4_rho0.50_n400,gaussian4,400,0.5,0.25
True,4,4,0.28414181652648435,0.3229462875958812,0.2379607854861959,0.12340445933088089,-6.175135150266895,0.3320177171472107,36.66068333474846,1.3285969616751551e-05,equivalent,True,1.0,1.0,9.516921636828477e-07,9.892032049657677e-07,True,872,0.3761870861053467,gaussian4_rho0.50_n400,gaussian4,400,0.5,0.25
True,4,4,0.2842639883656128,0.323224060326101,0.22590864641489272,0.14283355519446891,-5.419534314126511,0.3394292775111217,29.925136566536892,0.00021791676760620645,equivalent,True,1.0,1.0,9.975329512771102e-07,9.527127707048778e-07,True,873,0.4703028202056885,gaussian4_rho0.50_n400,gaussian4,400,0.5,0.25
True,4,4,0.37242115032417944,0.5547900528351402,0.47701105821290485,0.16291862922929534,-3.210123632031232,0.43156354004905045,53.411492381333446,8.977073874132539e-09,equivalent,True,1.0,1.0,8.202987425011355e-07,8.969414801435105e-07,True,874,0.43364715576171875,gaussian4_rho0.50_n400,gaussian4,400,0.5,0.25
True,4,4,0.30625974177787413,0.3751801177354006,0.29867498104667334,0.13088818670736269,-5.358199518198963,0.35845742065041014,40.65013388472656,2.423260502922353e-06,equivalent,True,1.0,1.0,6.262403491293157e-07,8.893738412038146e-07,True,875,0.41474008560180664,gaussian4_rho0.50_n400,gaussian4,400,0.5,0.25
True,4,4,0.26080985534725837,0.27208712258503137,0.20247024672436278,0.09931279205299703,-8.030483654613652,0.30241744862665093,37.31631898121797,1.0064993515253583e-05,equivalent,True,1.0,1.0,9.783315402385733e-07,9.693383471908474e-07,True,876,0.42445898056030273,gaussian4_rho0.50_n400,gaussian4,400,0.5,0.25
True,4,4,0.29608294886117903,0.3506604504253262,0.2788496022471143,0.1131518755696074,-6.373296015842505,0.34094276468864415,51.20480080105069,2.396145034191338e-08,equivalent,True,1.0,1.0,6.377477938608946e-07,8.535701921017086e-07,True,877,0.3476109504699707,gaussian4_rho0.50_n400,gaussian4,400,0.5,0.25
True,4,4,0.28903624195478156,0.33416779665337215,0.2544680476722121,0.12773859709298183,-5.836387507724935,0.3408002869725523,35.574644129655574,2.100453650605474e-05,equivalent,True,1.0,1.0,7.078805391031612e-07,7.053551495994488e-07,True,878,0.38051486015319824,gaussian4_rho0.50_n400,gaussian4,400,0.5,0.25
True,4,4,0.28218619584696064,0.31851619650631685,0.2438288263214739,0.11745467600015669,-6.437982713242659,0.3305391717114409,38.22005463088642,6.8552467926112015e-06,equivalent,True,1.0,1.0,9.991089269946709e-07,7.07021236354595e-07,True,879,0.3639371395111084,gaussian4_rho0.50_n400,gaussian4,400,0.5,0.25
True,4,4,0.33527684582870737,0.4496422533953872,0.37251874895675813,0.12706531538609092,-4.9382575342187245,0.38128814360969265,70.71251451763656,3.544552777244891e-12,equivalent,True,1.0,1.0,8.91724914279773e-07,8.61834252622067e-07,True,880,0.36426424980163574,gaussian4_rho0.50_n400,gaussian4,400,0.5,0.25
True,4,4,0.2586202729989424,0.26753778242419,0.19175358898328682,0.11052523318074443,-7.312777252367062,0.30559426518273025,32.08885588645854,8.978936138837652e-05,equivalent,True,1.0,1.0,8.319312896209351e-07,8.67008221340592e-07,True,881,0.3638880252838135,gaussian4_rho0.50_n400,gaussian4,400,0.5,0.25
True,4,4,0.24459308298966473,0.23930310498555607,0.14724283677753444,0.11190802775793274,-7.6201607722643185,0.2877999140549542,26.84786813844546,0.0007510387045512108,equivalent,True,1.0,1.0,8.149638812759596e-07,9.243895645058443e-07,True,882,0.41461181640625,gaussian4_rho0.50_n400,gaussian4,400,0.5,0.25
True,4,4,0.23998516330645,0.23037151442889392,0.15098820673397545,0.10419332450149224,-8.14842790867917,0.28388861127402887,27.318703816354166,0.0006227369715926475,equivalent,True,1.0,1.0,9.86402666515838e-07,9.004276275939202e-07,True,883,0.3889341354370117,gaussian4_rho0.50_n400,gaussian4,400,0.5,0.25
True,4,4,0.33399166913816447,0.44620174021478853,0.37673851686320414,0.12517045556430442,-4.979301867417146,0.3816495757515388,70.97798144587574,3.1380275197792337e-12,equivalent,True,1.0,1.0,8.27689273645349e-07,9.133262425887719e-07,True,884,0.37154412269592285,gaussian4_rho0.50_n400,gaussian4,400,0.5,0.25
True,4,4,0.1671324429444501,0.11173301393831947,0.03517046642208807,0.08087930359706205,-11.929251250538208,0.20506406455607037,14.733673703371052,0.06453563211868772,equivalent,False,1.0,1.0,9.79254488564381e-07,8.796636185705061e-07,True,885,0.3680989742279053,gaussian4_rho0.50_n400,gaussian4,400,0.5,0.25
True,4,4,0.2789438778855114,0.31123874803922835,0.2390207851338792,0.11463177563658791,-6.638466608757939,0.32694543774673174,44.58430412969763,4.4114587886643565e-07,equivalent,True,1.0,1.0,9.308443674473781e-07,6.850839862359878e-07,True,886,0.3532068729400635,gaussian4_rho0.50_n400,gaussian4,400,0.5,0.25
True,4,4,0.24063598622695165,0.23162271146967067,0.15712462168419647,0.10992739939688237,-7.667564073563521,0.29066264951120807,25.488539740536204,0.0012841617094227716,equivalent,True,1.0,1.0,8.73438351708989e-07,9.949617329782696e-07,True,887,0.36452198028564453,gaussian4_rho0.50_n400,gaussian4,400,0.5,0.25
True,4,4,0.29974348749829205,0.359384633190555,0.28959176154397404,0.11135186445858754,-6.379850413014245,0.34378382730521606,60.26904470981117,4.12752089666074e-10,equivalent,True,1.0,1.0,9.516669112891554e-07,8.16061733392943e-07,True,888,0.35463595390319824,gaussian4_rho0.50_n400,gaussian4,400,0.5,0.25
True,4,4,0.29168235150880356,0.34031437672682097,0.26484417573448116,0.12332675842592322,-5.961040682887108,0.3419424811395657,39.21361324509116,4.486512510727409e-06,equivalent,True,1.0,1.0,9.148485796922577e-07,9.154632162308694e-07,True,889,0.3641090393066406,gaussian4_rho0.50_n400,gaussian4,400,0.5,0.25
True,4,4,0.23880038788635877,0.22810250101870164,0.15340035480887107,0.09934307261056856,-8.521979670488507,0.28142724108766914,33.84965654931649,4.325535288159626e-05,equivalent,True,1.0,1.0,9.323887801234249e-07,8.654783417163783e-07,True,890,0.361220121383667,gaussian4_rho0.50_n400,gaussian4,400,0.5,0.25
True,4,4,0.277108845972824,0.30715725006556116,0.22730222789294197,0.14370857683541213,-5.37683824530543,0.3404709245018963,21.999164755479992,0.004917414788877188,equivalent,True,1.0,1.0,7.772020444201563e-07,8.342714197822284e-07,True,891,0.374772310256958,gaussian4_rho0.50_n400,gaussian4,400,0.5,0.25
True,4,4,0.26141304222541056,0.2733471145821772,0.20498492935388263,0.10330190904825562,-7.696034642251776,0.30614598197711046,36.515493169942665,1.4126877644020863e-05,equivalent,True,1.0,1.0,9.078093931461043e-07,8.740446371360127e-07,True,892,0.34360814094543457,gaussian4_rho0.50_n400,gaussian4,400,0.5,0.25
True,4,4,0.36206492301652304,0.524364033915843,0.4450550126429035,0.14238245166908312,-3.897565892789,0.41208412511435016,64.3291593034842,6.549067671457167e-11,equivalent,True,1.0,1.0,7.882668976009953e-07,7.972139577658274e-07,True,893,0.37058496475219727,gaussian4_rho0.50_n400,gaussian4,400,0.5,0.25
True,4,4,0.26690652734781906,0.28495637736348833,0.21658494889964772,0.0986990552221113,-7.937411856044249,0.3077866338303294,42.43588269559227,1.1215933642362655e-06,equivalent,True,1.0,1.0,9.414037497323334e-07,9.654815272562515e-07,True,894,0.3485710620880127,gaussian4_rho0.50_n400,gaussian4,400,0.5,0.25
True,4,4,0.292938814146398,0.34325259533399166,0.26997482596271044,0.13286023666744434,-5.494685184586704,0.34946761943089494,33.54299713494697,4.914855350249664e-05,equivalent,True,1.0,1.0,8.756790765758892e-07,9.374090003873197e-07,True,895,0.3638019561767578,gaussian4_rho0.50_n400,gaussian4,400,0.5,0.25
True,4,4,0.2805937831690368,0.3149314846124498,0.24133872740398332,0.10342295767673075,-7.335520948524456,0.32072353922366004,48.069444899761294,9.582056452099034e-08,equivalent,True,1.0,1.0,9.85299102440286e-07,9.382704250069122e-07,True,896,0.35099005699157715,gaussian4_rho0.50_n400,gaussian4,400,0.5,0.25
True,4,4,0.2895146813636533,0.3352750029003908,0.26131429632180037,0.1157534322765247,-6.381544712329091,0.3360475223959863,42.65526626988507,1.0199682299269056e-06,equivalent,True,1.0,1.0,7.684747295544104e-07,8.738222262799712e-07,True,897,0.34826087951660156,gaussian4_rho0.50_n400,gaussian4,400,0.5,0.25
True,4,4,0.20585955355082314,0.16951262315257687,0.10243716607050699,0.08058658305634758,-11.137869356017998,0.24237899016538456,25.418041718130745,0.001320139822059441,equivalent,True,1.0,1.0,8.871691943231581e-07,8.745480295204326e-07,True,898,0.35449814796447754,gaussian4_rho0.50_n400,gaussian4,400,0.5,0.25
True,4,4,0.26236937262632637,0.27535075076932836,0.18790160193252925,0.12885125284564874,-6.302603817444333,0.3161657209885884,29.92357735284016,0.00021805503422543272,equivalent,True,1.0,1.0,8.672489081690832e-07,8.19198317505901e-07,True,899,0.38553500175476074,gaussian4_rho0.50_n400,gaussian4,400,0.5,0.25
True,4,4,0.3285086047512017,0.431671613582325,0.35148147030407967,0.1261629262833751,-5.140325678870828,0.37383185297273036,60.58336191418513,3.580819011860747e-10,equivalent,True,1.0,1.0,9.445262764761177e-07,8.719897638030644e-07,True,900,0.37003302574157715,gaussian4_rho0.50_n400,gaussian4,400,0.5,0.25
True,4,4,0.25445228254179836,0.25898385636292476,0.18418646311075396,0.09400893433700822,-8.67804259927758,0.2910401173896928,40.25142725036674,2.876057753295267e-06,equivalent,True,1.0,1.0,9.449098429142815e-07,9.957713034805053e-07,True,901,0.36476707458496094,gaussian4_rho0.50_n400,gaussian4,400,0.5,0.25
True,4,4,0.32480512180170745,0.421993468594488,0.335543125099798,0.12990502705901472,-5.114943508678421,0.3705461779647199,59.982344017653205,4.698354124391113e-10,equivalent,True,1.0,1.0,9.598728051855665e-07,9.116920867564171e-07,True,902,0.37195587158203125,gaussian4_rho0.50_n400,gaussian4,400,0.5,0.25
True,4,4,0.30676265041762985,0.37641329476499596,0.30993554758046243,0.11380859228758124,-6.063377452871256,0.3525386586542431,50.177654134330076,3.7777393636825936e-08,equivalent,True,1.0,1.0,9.037889696835701e-07,9.609458247647854e-07,True,903,0.3413879871368408,gaussian4_rho0.50_n400,gaussian4,400,0.5,0.25
True,4,4,0.2643510306594602,0.2795258696428754,0.19126346669019192,0.12423374135268599,-6.5097977771907685,0.31448759385065916,26.536388520638244,0.0008497671561988403,equivalent,True,1.0,1.0,8.67338063303989e-07,9.64058369003979e-07,True,904,0.3808126449584961,gaussian4_rho0.50_n400,gaussian4,400,0.5,0.25
True,4,4,0.29480905901962223,0.3476495251201404,0.2839296753526729,0.11022567285988447,-6.496402390372105,0.3410406035721481,44.65698062134279,4.273896766587848e-07,equivalent,True,1.0,1.0,9.827743894806881e-07,9.311296106629729e-07,True,905,0.3309471607208252,gaussian4_rho0.50_n400,gaussian4,400,0.5,0.25
True,4,4,0.28559230402255975,0.3262518564676568,0.25168472325616087,0.11887881796358472,-6.294773867730289,0.3343736600538636,38.313220286898016,6.588574207803213e-06,equivalent,True,1.0,1.0,7.965928218227102e-07,7.862320435617969e-07,True,906,0.3564319610595703,gaussian4_rho0.50_n400,gaussian4,400,0.5,0.25
True,4,4,0.22017918009346013,0.19391548538651338,0.1296895033344719,0.08483670627063342,-10.258654949299814,0.25943856081081124,27.379962799621886,0.0006077084386947929,equivalent,True,1.0,1.0,9.710254561124694e-07,9.654259373604674e-07,True,907,0.34067463874816895,gaussian4_rho0.50_n400,gaussian4,400,0.5,0.25
True,4,4,0.18630853835994488,0.13884348586327622,0.052468445481557366,0.07654674303803617,-12.378469898420276,0.21117328985870437,26.054678406732243,0.0010279085601617153,equivalent,True,1.0,1.0,6.527778785585783e-07,7.999886623359318e-07,True,908,0.3827352523803711,gaussian4_rho0.50_n400,gaussian4,400,0.5,0.25
True,4,4,0.2881543214396813,0.3321316518574527,0.25974376213678785,0.13235629975978322,-5.592905205167581,0.3454889657595968,32.36444819789848,8.013026665422875e-05,equivalent,True,1.0,1.0,9.299860287550648e-07,9.912589150036883e-07,True,909,0.3534538745880127,gaussian4_rho0.50_n400,gaussian4,400,0.5,0.25
True,4,4,0.27384307255913204,0.29996011355450425,0.17228131677821484,0.21837283723595152,-3.790392127970734,0.3645108606521393,19.972386620935563,0.010441027498596694,equivalent,True,1.0,1.0,9.90297211118152e-07,7.600331079560775e-07,True,910,0.4195749759674072,gaussian4_rho0.50_n400,gaussian4,400,0.5,0.25
True,4,4,0.2833063666528601,0.3210499895441792,0.23494602192458144,0.1343222554447303,-5.695660600266022,0.3375968272115232,30.746882933516538,0.00015584626573436847,equivalent,True,1.0,1.0,7.255778831047861e-07,8.081217770107848e-07,True,911,0.3742249011993408,gaussian4_rho0.50_n400,gaussian4,400,0.5,0.25
True,4,4,0.2766753248414844,0.30619694150456367,0.22875933724867029,0.11239223394864178,-6.8620458518846785,0.32156963122326715,36.49241964612062,1.4265275941088055e-05,equivalent,True,1.0,1.0,9.442572467799564e-07,7.031257954497344e-07,True,912,0.36310386657714844,gaussian4_rho0.50_n400,gaussian4,400,0.5,0.25
True,4,4,0.26193265812244,0.27443486956434815,0.1946215844914731,0.12485785745154933,-6.450362291544617,0.3162255856876717,26.79677068786203,0.0007664284435338264,equivalent,True,1.0,1.0,9.75740598450626e-07,7.937762170367164e-07,True,913,0.35341501235961914,gaussian4_rho0.50_n400,gaussian4,400,0.5,0.25
True,4,4,0.23589468432682711,0.22258520837461365,0.15187111437280926,0.097584380355753,-8.691236061911317,0.27945622928053576,25.253766087453588,0.001407831486336875,equivalent,True,1.0,1.0,9.750246635770911e-07,9.36562559374104e-07,True,914,0.34633708000183105,gaussian4_rho0.50_n400,gaussian4,400,0.5,0.25
True,4,4,0.1855444911278127,0.13770703275151588,0.06595914288980666,0.08221539844912008,-11.360899232133928,0.22427184354043544,15.735183937689449,0.04633113811868534,equivalent,True,1.0,1.0,8.973123003593147e-07,8.18843245304781e-07,True,915,0.34431982040405273,gaussian4_rho0.50_n400,gaussian4,400,0.5,0.25
True,4,4,0.22383230258077433,0.20040359871444524,0.11049072169402904,0.10555960526713856,-8.426606712434168,0.2665149251342444,21.22352868405503,0.0065767610586064465,equivalent,True,1.0,1.0,8.582202475296013e-07,9.419094841334337e-07,True,916,0.39065003395080566,gaussian4_rho0.50_n400,gaussian4,400,0.5,0.25
True,4,4,0.26573834213203157,0.2824674659163226,0.19554708655251976,0.12535361128978456,-6.417468991681435,0.31691301201354405,31.98046026190822,9.389516022444671e-05,equivalent,True,1.0,1.0,9.938950536019932e-07,9.363179997406189e-07,True,917,0.3663632869720459,gaussian4_rho0.50_n400,gaussian4,400,0.5,0.25
True,4,4,0.3084307695756272,0.3805181584840546,0.30891449502278634,0.13039554689200644,-5.299916457649973,0.361730591485716,43.20665205459355,8.031153837775266e-07,equivalent,True,1.0,1.0,9.597156671585087e-07,8.686781661175847e-07,True,918,0.35607385635375977,gaussian4_rho0.50_n400,gaussian4,400,0.5,0.25
True,4,4,0.2650275113610107,0.28095832711284263,0.21084451165054605,0.09794854639123805,-8.056837160168898,0.3049407866442264,44.46549145003484,4.6458757676498516e-07,equivalent,True,1.0,1.0,9.096341087270296e-07,9.792476907860875e-07,True,919,0.34760308265686035,gaussian4_rho0.50_n400,gaussian4,400,0.5,0.25
True,4,4,0.3480845546192303,0.4846514286578717,0.38712941936741935,0.14549760636928866,-4.212238234882359,0.3957435043423649,73.41709057465954,1.0227768829351521e-12,equivalent,True,1.0,1.0,9.722122786427134e-07,8.671436555387843e-07,True,920,0.39586305618286133,gaussian4_rho0.50_n400,gaussian4,400,0.5,0.25
True,4,4,0.28469420239109644,0.3242031555004103,0.24476838534128115,0.13756872926972766,-5.489849464102809,0.3431649780483499,30.981129139000775,0.00014159404888148758,equivalent,True,1.0,1.0,8.958260540655014e-07,9.686196965584222e-07,True,921,0.3638420104980469,gaussian4_rho0.50_n400,gaussian4,400,0.5,0.25
True,4,4,0.20904493808024185,0.1747991445478886,0.1162888956768586,0.07141079750429806,-12.375034801564185,0.2417380839644947,32.64926179682612,7.12243159875191e-05,equivalent,True,1.0,1.0,9.372429450732611e-07,8.15143114443005e-07,True,922,0.3247389793395996,gaussian4_rho0.50_n400,gaussian4,400,0.5,0.25
True,4,4,0.2545735107017331,0.2592306894040217,0.16919665970102588,0.12580297103168173,-6.604004130313805,0.3066447997617759,27.795426039678514,0.0005147515503025669,equivalent,True,1.0,1.0,7.746001265752839e-07,9.945708866249522e-07,True,923,0.3792152404785156,gaussian4_rho0.50_n400,gaussian4,400,0.5,0.25
True,4,4,0.3210800413907122,0.41236957191784596,0.3383499750779521,0.1408377715671458,-4.697958633963472,0.3774942034164017,43.381050920086224,7.445674053485316e-07,equivalent,True,1.0,1.0,8.905982447687724e-07,8.92266435381899e-07,True,924,0.37488722801208496,gaussian4_rho0.50_n400,gaussian4,400,0.5,0.25
True,4,4,0.3490201833114831,0.48726035343512514,0.41530578609822816,0.14600094273205397,-4.0047290309270345,0.40480117535939214,60.85337998571214,3.169174842966125e-10,equivalent,True,1.0,1.0,9.539376159164465e-07,9.768408556991147e-07,True,925,0.349959135055542,gaussian4_rho0.50_n400,gaussian4,400,0.5,0.25
True,4,4,0.25734910716694437,0.2649142518384937,0.1978117229520099,0.10650056457355693,-7.532244361896705,0.30536435731073974,32.71724312482306,6.924721059647508e-05,equivalent,True,1.0,1.0,8.282477653449673e-07,7.91587595385627e-07,True,926,0.3487429618835449,gaussian4_rho0.50_n400,gaussian4,400,0.5,0.25
True,4,4,0.2647719569441918,0.2804167567362279,0.1908929491309391,0.12181282105051196,-6.642215851265357,0.3127527816203496,28.10190342730021,0.0004552551816556768,equivalent,True,1.0,1.0,8.831226390884654e-07,9.080139235289001e-07,True,927,0.36397314071655273,gaussian4_rho0.50_n400,gaussian4,400,0.5,0.25
True,4,4,0.3329826125145438,0.44350968094804327,0.3502866073067597,0.1533718641833517,-4.236196750640825,0.3881239732292551,44.95067567949182,3.76005022789501e-07,equivalent,True,1.0,1.0,9.675947253356778e-07,9.960967077277774e-07,True,928,0.39517688751220703,gaussian4_rho0.50_n400,gaussian4,400,0.5,0.25
True,4,4,0.3126179623607592,0.3909199615623723,0.3224742289012834,0.1206308953511337,-5.616519459020571,0.36086506988138906,50.88866069385227,2.7568942354390272e-08,equivalent,True,1.0,1.0,8.704589346217949e-07,8.418963506160364e-07,True,929,0.34096717834472656,gaussian4_rho0.50_n400,gaussian4,400,0.5,0.25
True,4,4,0.2515833684923298,0.25317676520778964,0.16794826908596983,0.11699792208285577,-7.111679558930854,0.30016359105067225,26.320757484562968,0.0009254315447359082,equivalent,True,1.0,1.0,9.532091517142012e-07,9.892145464976361e-07,True,930,0.37236714363098145,gaussian4_rho0.50_n400,gaussian4,400,0.5,0.25
True,4,4,0.320865472788369,0.41181860651081426,0.3231909898924352,0.13397727794054481,-5.051670107881374,0.3686339652833234,53.55205432341927,8.43148630939207e-09,equivalent,True,1.0,1.0,9.947540486245273e-07,9.196127001532984e-07,True,931,0.38677477836608887,gaussian4_rho0.50_n400,gaussian4,400,0.5,0.25
True,4,4,0.2964971494545291,0.3516422385386455,0.26948789514147886,0.14014730103903492,-5.212459315610032,0.35355681706162706,33.5315581400567,4.9383069857920085e-05,equivalent,True,1.0,1.0,8.69733874710465e-07,9.465821296892043e-07,True,932,0.3680713176727295,gaussian4_rho0.50_n400,gaussian4,400,0.5,0.25
True,4,4,0.2366322282620468,0.22397924580904569,0.14429205172660733,0.1191184219401725,-7.1836743161622305,0.29164379819037634,20.229919788837755,0.009500322114351584,equivalent,True,1.0,1.0,8.499100937425403e-07,8.008648260091575e-07,True,933,0.36614513397216797,gaussian4_rho0.50_n400,gaussian4,400,0.5,0.25
True,4,4,0.24482836467403318,0.2397637125958455,0.1727075283934564,0.08984885667280117,-9.207601545996964,0.2830617186097214,40.61646885691188,2.458590896580206e-06,equivalent,True,1.0,1.0,8.705726374540838e-07,8.06914444944336e-07,True,934,0.3411293029785156,gaussian4_rho0.50_n400,gaussian4,400,0.5,0.25
True,4,4,0.29760438370837117,0.3542734768097576,0.25600669969087,0.1402590170519374,-5.304424028821134,0.34882382824335467,36.183034973275994,1.6255772667437437e-05,equivalent,True,1.0,1.0,9.548246316800697e-07,9.428829573832365e-07,True,935,0.39135003089904785,gaussian4_rho0.50_n400,gaussian4,400,0.5,0.25
True,4,4,0.3562944238668977,0.5077828659145782,0.4346308423800307,0.14144266402300953,-3.9971614047653716,0.40843705797342766,65.11536260472249,4.579115581029563e-11,equivalent,True,1.0,1.0,9.732513944576082e-07,8.748741036883627e-07,True,936,0.3610968589782715,gaussian4_rho0.50_n400,gaussian4,400,0.5,0.25
True,4,4,0.25243600396624916,0.2548957443937926,0.18654096293002526,0.10500717389230521,-7.746699648390252,0.2996925064806874,31.346111008520488,0.0001219045328088037,equivalent,True,1.0,1.0,9.839592286111749e-07,7.91920287706821e-07,True,937,0.3463139533996582,gaussian4_rho0.50_n400,gaussian4,400,0.5,0.25
True,4,4,0.282144023652507,0.31842100033130577,0.24146331794395665,0.12543464505566573,-6.047266141817659,0.33458367742955536,31.862478112284613,9.857440222754171e-05,equivalent,True,1.0,1.0,9.760574192253411e-07,9.424061906429743e-07,True,938,0.3628671169281006,gaussian4_rho0.50_n400,gaussian4,400,0.5,0.25
True,4,4,0.3166050433914655,0.40095501400364697,0.33221057147743316,0.13273962606185244,-5.0308219808559524,0.370994550783921,45.69707283638978,2.7138704192083017e-07,equivalent,True,1.0,1.0,9.704713762905382e-07,9.475826751850204e-07,True,939,0.34096789360046387,gaussian4_rho0.50_n400,gaussian4,400,0.5,0.25
True,4,4,0.2562882208432649,0.2627346085720245,0.1833004374285516,0.11913655322058109,-6.855155202109388,0.3079215115479598,25.401923203741685,0.0013285027807973264,equivalent,True,1.0,1.0,8.357125520670093e-07,9.342475423341576e-07,True,940,0.368394136428833,gaussian4_rho0.50_n400,gaussian4,400,0.5,0.25
True,4,4,0.32487388262985395,0.42217215845998446,0.34449353111771497,0.13638243415147427,-4.806384876180179,0.37710166818254653,48.889895710831006,6.674329699067678e-08,equivalent,True,1.0,1.0,8.34064155067225e-07,9.83729455450434e-07,True,941,0.36628079414367676,gaussian4_rho0.50_n400,gaussian4,400,0.5,0.25
True,4,4,0.32434472934578146,0.4207980138175529,0.3535321057353265,0.13974754443922963,-4.625969614412763,0.38190193802328215,53.9685296011025,7.001211005569631e-09,equivalent,True,1.0,1.0,8.450773777853898e-07,9.81022631452894e-07,True,942,0.3455049991607666,gaussian4_rho0.50_n400,gaussian4,400,0.5,0.25
True,4,4,0.29054016091886825,0.3376543404270474,0.26539281151794425,0.1187680124747909,-6.185227597691591,0.33939240106509516,42.320972925328626,1.1787682345804058e-06,equivalent,True,1.0,1.0,9.86744415367245e-07,8.405743440556822e-07,True,943,0.3617110252380371,gaussian4_rho0.50_n400,gaussian4,400,0.5,0.25
True,4,4,0.31897874256865,0.40698975284270833,0.3101838658344508,0.15118546084226822,-4.562714763195611,0.37378530583852054,40.128751106442024,3.0315567455153438e-06,equivalent,True,1.0,1.0,8.052320014631985e-07,9.960507687156338e-07,True,944,0.40125203132629395,gaussian4_rho0.50_n400,gaussian4,400,0.5,0.25
True,4,4,0.3039963198669267,0.3696550499705392,0.2891988256181288,0.12496479969115101,-5.68801115304956,0.35169149464814425,44.49701518934367,4.5825005526088075e-07,equivalent,True,1.0,1.0,8.344346215789643e-07,9.186339797568768e-07,True,945,0.3705329895019531,gaussian4_rho0.50_n400,gaussian4,400,0.5,0.25
True,4,4,0.2633805681426133,0.2774772947005031,0.20011718788846794,0.11685871597434014,-6.844870794979216,0.31318232337559904,29.248063572398713,0.0002868279307727926,equivalent,True,1.0,1.0,8.214100086665558e-07,9.156096140153836e-07,True,946,0.3605039119720459,gaussian4_rho0.50_n400,gaussian4,400,0.5,0.25
True,4,4,0.21114774561845798,0.17833348191902818,0.11008335996612975,0.07998377958816404,-11.126213897568299,0.2457869859853286,32.1647164934758,8.70216496046533e-05,equivalent,True,1.0,1.0,9.8454318182181e-07,9.902987761817151e-07,True,947,0.34992003440856934,gaussian4_rho0.50_n400,gaussian4,400,0.5,0.25
True,4,4,0.35407042117112103,0.5014634525931801,0.40858209171114596,0.15297284279001863,-3.8661627613253953,0.4062634696226654,68.47484775606294,9.881088045508692e-12,equivalent,True,1.0,1.0,9.898232334582477e-07,9.95884520497428e-07,True,948,0.3982961177825928,gaussian4_rho0.50_n400,gaussian4,400,0.5,0.25
True,4,4,0.2679855081402203,0.2872649302926884,0.19248649066521523,0.1117377811206129,-7.226861865666832,0.3067078354105765,42.48171495119683,1.0995641485979568e-06,equivalent,True,1.0,1.0,7.662255064258232e-07,8.87136914034047e-07,True,949,0.3934481143951416,gaussian4_rho0.50_n400,gaussian4,400,0.5,0.25
True,4,4,0.3279303078072071,0.43015314711411845,0.35549676472996444,0.1333513686137207,-4.833120514398092,0.37909109955694875,51.24699736757768,2.3516902771980633e-08,equivalent,True,1.0,1.0,8.635277862985056e-07,8.436442756036549e-07,True,950,0.35315680503845215,gaussian4_rho0.50_n400,gaussian4,400,0.5,0.25
True,4,4,0.325996313825569,0.4250943865114354,0.3477288738116249,0.14668886870956743,-4.446630013077688,0.3837351272498926,41.533428943048406,1.656467133289316e-06,equivalent,True,1.0,1.0,9.032334647544874e-07,9.279342936169306e-07,True,951,0.36841893196105957,gaussian4_rho0.50_n400,gaussian4,400,0.5,0.25
True,4,4,0.3216092846919696,0.41373012800032144,0.3414454995197563,0.1336653365475631,-4.926890677044796,0.37460159274144333,48.98112143946545,6.410977743303269e-08,equivalent,True,1.0,1.0,8.539573818453558e-07,8.921595699112831e-07,True,952,0.35707807540893555,gaussian4_rho0.50_n400,gaussian4,400,0.5,0.25
True,4,4,0.2062088542054179,0.1700883662108452,0.09715042979015957,0.09754507381594558,-9.255716715263304,0.2537704662916701,17.07940226682468,0.02929280882878857,equivalent,True,1.0,1.0,8.995972824018297e-07,8.440486499646032e-07,True,953,0.3490638732910156,gaussian4_rho0.50_n400,gaussian4,400,0.5,0.25
True,4,4,0.2860791060377462,0.3273650196454242,0.24942856972197164,0.11996604090988695,-6.256532470233169,0.3341987235252432,40.813901762759876,2.258441488674496e-06,equivalent,True,1.0,1.0,8.478941395602569e-07,8.878959037080183e-07,True,954,0.36739492416381836,gaussian4_rho0.50_n400,gaussian4,400,0.5,0.25
True,4,4,0.35462151301598366,0.5030256699749819,0.42818492779897593,0.14527860955284028,-3.935989434102102,0.4083953279729189,58.86168825687474,7.790636477828705e-10,equivalent,True,1.0,1.0,8.956403436761801e-07,9.989006885702796e-07,True,955,0.35474300384521484,gaussian4_rho0.50_n400,gaussian4,400,0.5,0.25
True,4,4,0.26056573773363245,0.2715780147226885,0.19622271917013176,0.10167808393805179,-7.905118288023368,0.3014416545192089,39.05866166019058,4.793719728633979e-06,equivalent,True,1.0,1.0,8.382902311075481e-07,9.491850613516927e-07,True,956,0.3556358814239502,gaussian4_rho0.50_n400,gaussian4,400,0.5,0.25
True,4,4,0.24869006589538675,0.2473869955002072,0.1730576991906509,0.11820945543191763,-6.995568144594185,0.3031068090202689,26.20126813655845,0.0009701537509325893,equivalent,True,1.0,1.0,7.298900940388733e-07,9.734249469217037e-07,True,957,0.35104918479919434,gaussian4_rho0.50_n400,gaussian4,400,0.5,0.25
True,4,4,0.21491130162650274,0.18474747026719057,0.09649833359103316,0.11542195564238543,-7.827814572890338,0.2675586645762209,17.75585220709072,0.023133261763366934,equivalent,True,1.0,1.0,9.069607127931729e-07,9.277947527169744e-07,True,958,0.38250017166137695,gaussian4_rho0.50_n400,gaussian4,400,0.5,0.25
True,4,4,0.27815022229525654,0.30947018465160253,0.22881222266152473,0.11919319272370628,-6.47006561126451,0.32590933479306744,38.04410166768504,7.38836007420848e-06,equivalent,True,1.0,1.0,9.024766533406629e-07,8.583847914542175e-07,True,959,0.38048291206359863,gaussian4_rho0.50_n400,gaussian4,400,0.5,0.25
True,4,4,0.29587239704939855,0.3501619013430277,0.27893590619718306,0.12339951000532355,-5.843330283659228,0.3470987027465941,39.358603475327754,4.216749730691334e-06,equivalent,True,1.0,1.0,9.086079756019084e-07,7.1002741742261e-07,True,960,0.3638756275177002,gaussian4_rho0.50_n400,gaussian4,400,0.5,0.25
True,4,4,0.2436109362570156,0.23738515305607888,0.1593427334632389,0.10736400241329287,-7.829973246532753,0.2898020023381353,25.507308538133792,0.0012747454868046535,equivalent,True,1.0,1.0,8.801913042359196e-07,7.264410621927285e-07,True,961,0.38422298431396484,gaussian4_rho0.50_n400,gaussian4,400,0.5,0.25
True,4,4,0.30504111484830954,0.3722003269915983,0.28858734130068,0.13162187701930408,-5.404972750806326,0.35534703569258985,41.91640236995457,1.4040520989976508e-06,equivalent,True,1.0,1.0,6.858330137254187e-07,8.250366922650063e-07,True,962,0.4000229835510254,gaussian4_rho0.50_n400,gaussian4,400,0.5,0.25
True,4,4,0.2723486701478052,0.2966951925251121,0.18939091344236694,0.12320951863275184,-6.5791108962433285,0.31307049407457493,39.326768496781966,4.274569039027569e-06,equivalent,True,1.0,1.0,9.551230924595983e-07,8.763883752211242e-07,True,963,0.39952683448791504,gaussian4_rho0.50_n400,gaussian4,400,0.5,0.25
True,4,4,0.3051307612227729,0.3724191257775554,0.29980878072018335,0.12501858697061982,-5.600696954320609,0.3554736477346652,41.81100576760279,1.4694429568190394e-06,equivalent,True,1.0,1.0,9.847442430231866e-07,9.648483290543225e-07,True,964,0.35373806953430176,gaussian4_rho0.50_n400,gaussian4,400,0.5,0.25
True,4,4,0.33486089352042464,0.4485272720371887,0.36955661688221186,0.15918085976708918,-3.9605476691119934,0.3972989527457133,45.2369172137638,3.318383485262595e-07,equivalent,True,1.0,1.0,8.184329059623326e-07,8.818321109104863e-07,True,965,0.3662910461425781,gaussian4_rho0.50_n400,gaussian4,400,0.5,0.25
True,4,4,0.3182828025068233,0.40521576948638993,0.3394105311304387,0.11944469423526893,-5.5305049177689325,0.3660189782181487,58.45787378889477,9.345578193052342e-10,equivalent,True,1.0,1.0,9.53096122196992e-07,8.790578569878079e-07,True,966,0.35118794441223145,gaussian4_rho0.50_n400,gaussian4,400,0.5,0.25
True,4,4,0.28296218415555513,0.3202703906483292,0.2457480620914338,0.12303051810739607,-6.130608482443054,0.33470705700138104,37.89106886846038,7.885261285146556e-06,equivalent,True,1.0,1.0,9.740393657464657e-07,8.267723383651112e-07,True,967,0.3718142509460449,gaussian4_rho0.50_n400,gaussian4,400,0.5,0.25
True,4,4,0.2546652379988708,0.25941753378008603,0.1891260832540239,0.10379505878954425,-7.812259332981458,0.29993906137899373,32.6809194111971,7.029678757269543e-05,equivalent,True,1.0,1.0,9.94549880283689e-07,9.501218540154699e-07,True,968,0.3485708236694336,gaussian4_rho0.50_n400,gaussian4,400,0.5,0.25
True,4,4,0.33822572989476923,0.45758657745139764,0.37686374159011915,0.16200507574874837,-3.8463995990859883,0.4010418862226226,42.77455096159608,9.68602377154564e-07,equivalent,True,1.0,1.0,9.686100366647052e-07,9.124898205201897e-07,True,969,0.37336206436157227,gaussian4_rho0.50_n400,gaussian4,400,0.5,0.25
True,4,4,0.2890998944188016,0.33431499581184887,0.2598033613829861,0.11701014115444403,-6.325918688022208,0.33625433694265455,44.56930423393721,4.440393190896668e-07,equivalent,True,1.0,1.0,9.24157754424916e-07,7.522870635977991e-07,True,970,0.3670058250427246,gaussian4_rho0.50_n400,gaussian4,400,0.5,0.25
True,4,4,0.3304834080312061,0.4368771319356828,0.3678637461685179,0.13062988054859423,-4.839139798465388,0.38168402474334406,58.26768896286764,1.018142512770185e-09,equivalent,True,1.0,1.0,9.509547387681905e-07,9.216424662455444e-07,True,971,0.3547048568725586,gaussian4_rho0.50_n400,gaussian4,400,0.5,0.25
True,4,4,0.2214199180051383,0.1961071203576087,0.12729808701607234,0.09167200648537867,-9.519829950739872,0.2636688829637782,22.93602649415797,0.0034473591447886478,equivalent,True,1.0,1.0,8.065539811980299e-07,8.135294580292745e-07,True,972,0.34470081329345703,gaussian4_rho0.50_n400,gaussian4,400,0.5,0.25
True,4,4,0.31751757917327894,0.4032696523362378,0.33048347571260384,0.12673040397816593,-5.282998422404978,0.3670614527368392,48.6881163243413,7.295648026542517e-08,equivalent,True,1.0,1.0,7.240562541948283e-07,8.792246551241428e-07,True,973,0.34969305992126465,gaussian4_rho0.50_n400,gaussian4,400,0.5,0.25
True,4,4,0.30550245787878183,0.3733270070799074,0.3033309719454487,0.12518592166513018,-5.565074880529513,0.35680649140661697,45.933800552408854,2.4468726124902924e-07,equivalent,True,1.0,1.0,8.08401282677128e-07,9.058612681739023e-07,True,974,0.35486888885498047,gaussian4_rho0.50_n400,gaussian4,400,0.5,0.25
True,4,4,0.31950238497786837,0.408327096026184,0.32946031644625107,0.11342139482645164,-5.911932969787183,0.359173324837896,64.21008501593761,6.913523926089966e-11,equivalent,True,1.0,1.0,8.743204172195357e-07,8.322950998670394e-07,True,975,0.3601078987121582,gaussian4_rho0.50_n400,gaussian4,400,0.5,0.25
True,4,4,0.29770264325962725,0.35450745521507554,0.27176806042845114,0.14106130984393664,-5.162520753403107,0.35489197918091064,33.77975978145832,4.453398889416217e-05,equivalent,True,1.0,1.0,7.456273747034271e-07,9.560285557496e-07,True,976,0.3747270107269287,gaussian4_rho0.50_n400,gaussian4,400,0.5,0.25
True,4,4,0.2499412515017059,0.249882516808956,0.16312477064834563,0.09935168413474797,-8.423362287614806,0.28572003282983277,36.72894418193552,1.2907917650575255e-05,equivalent,True,1.0,1.0,7.474311604790606e-07,8.6708767862283e-07,True,977,0.37958288192749023,gaussian4_rho0.50_n400,gaussian4,400,0.5,0.25
True,4,4,0.31510661538834844,0.39716871624600225,0.32506116988516254,0.12473987975162532,-5.410770248125425,0.36408790611613084,47.195984547165416,1.4069412389509182e-07,equivalent,True,1.0,1.0,9.019748939449401e-07,7.071686149295622e-07,True,978,0.3531041145324707,gaussian4_rho0.50_n400,gaussian4,400,0.5,0.25
True,4,4,0.22307223988640668,0.19904489683175425,0.11125326788868616,0.11437317227594444,-7.770587406346161,0.27357832294094453,21.46116787520625,0.006018205114070159,equivalent,True,1.0,1.0,9.747151542137345e-07,9.579338664996635e-07,True,979,0.3831038475036621,gaussian4_rho0.50_n400,gaussian4,400,0.5,0.25
True,4,4,0.26645575065799754,0.2839946682348678,0.22051934905881398,0.10772982953803176,-7.23551363892214,0.31532489193897667,33.679979033077046,4.6424161175332034e-05,equivalent,True,1.0,1.0,9.735450481316546e-07,9.152080377017294e-07,True,980,0.33509111404418945,gaussian4_rho0.50_n400,gaussian4,400,0.5,0.25
True,4,4,0.2689045642132645,0.28923865861890274,0.2109524955644235,0.12580884067928064,-6.271796959381123,0.32322191427032687,29.75454256620966,0.00023356716592893553,equivalent,True,1.0,1.0,9.870958531796095e-07,8.223842884493015e-07,True,981,0.3707611560821533,gaussian4_rho0.50_n400,gaussian4,400,0.5,0.25
True,4,4,0.31487206021879943,0.396577657225725,0.3263882144966656,0.11862619409044858,-5.678440505220352,0.36107857181567465,53.32175552310704,9.343614579009593e-09,equivalent,True,1.0,1.0,8.392539365952834e-07,9.41647116625274e-07,True,982,0.3504049777984619,gaussian4_rho0.50_n400,gaussian4,400,0.5,0.25
True,4,4,0.3204176459990041,0.41066987147017237,0.3397798784767255,0.1423221243415166,-4.638914185534558,0.3787739896347515,43.30753319112914,7.687131806441529e-07,equivalent,True,1.0,1.0,9.613675884109753e-07,8.827734844612346e-07,True,983,0.3606557846069336,gaussian4_rho0.50_n400,gaussian4,400,0.5,0.25
True,4,4,0.24013575662318445,0.2306607264359571,0.13840168413915077,0.10548405225419728,-8.168043390905716,0.2792434019251868,31.85926102580035,9.87051590885462e-05,equivalent,True,1.0,1.0,8.580402571556693e-07,9.208018031205314e-07,True,984,0.39591097831726074,gaussian4_rho0.50_n400,gaussian4,400,0.5,0.25
True,4,4,0.22766101702037214,0.2073181546830007,0.11845227623720077,0.11423876834181791,-7.716712430976923,0.27674822884831124,20.190580778732162,0.009638573800703678,equivalent,True,1.0,1.0,9.576888419713842e-07,8.236015358859186e-07,True,985,0.39034605026245117,gaussian4_rho0.50_n400,gaussian4,400,0.5,0.25
True,4,4,0.20079606499979916,0.16127623887761428,0.09012386997863467,0.08446158692534068,-10.77266202475742,0.23929626907395482,22.45407132901613,0.004140634077872227,equivalent,True,1.0,1.0,7.478134548730972e-07,9.027767244112897e-07,True,986,0.3624730110168457,gaussian4_rho0.50_n400,gaussian4,400,0.5,0.25
True,4,4,0.23881223913899016,0.22812514225031288,0.16501874249546267,0.09555587759526499,-8.738146501476038,0.28381075311489046,28.09608390374827,0.00045631949532696164,equivalent,True,1.0,1.0,9.965013534995197e-07,9.657932108506888e-07,True,987,0.3337399959564209,gaussian4_rho0.50_n400,gaussian4,400,0.5,0.25
True,4,4,0.28446769492471274,0.3236874778231178,0.26037916732430333,0.11142184981683217,-6.638023277225867,0.33303595943875264,39.57963912800959,3.836113701113661e-06,equivalent,True,1.0,1.0,8.824705525577196e-07,8.474489380971332e-07,True,988,0.3404982089996338,gaussian4_rho0.50_n400,gaussian4,400,0.5,0.25
True,4,4,0.27018044191113255,0.29198988476517945,0.22609903089843883,0.10225895885275059,-7.568050543287382,0.3139665787371591,40.331091884021454,2.7793387977943562e-06,equivalent,True,1.0,1.0,9.821039714867562e-07,9.71358416753784e-07,True,989,0.3392658233642578,gaussian4_rho0.50_n400,gaussian4,400,0.5,0.25
True,4,4,0.25821333012792624,0.2666964954230137,0.19272766027304522,0.1098104710003657,-7.351506030096768,0.30551178855129557,33.56309150607115,4.873924648547537e-05,equivalent,True,1.0,1.0,9.928972639546654e-07,9.316953341174821e-07,True,990,0.3662581443786621,gaussian4_rho0.50_n400,gaussian4,400,0.5,0.25
True,4,4,0.24520364987939228,0.24049931965670235,0.15050211206111969,0.10874439769715609,-7.811877263826132,0.28695414660880064,37.94988637018662,7.690482969683577e-06,equivalent,True,1.0,1.0,9.630050006501152e-07,9.62272876771435e-07,True,991,0.39783692359924316,gaussian4_rho0.50_n400,gaussian4,400,0.5,0.25
True,4,4,0.3578745477340057,0.5122967676632765,0.43369943819057766,0.13943429426718992,-4.061415197643222,0.40713893293241554,68.2440086806233,1.0981542551175311e-11,equivalent,True,1.0,1.0,9.632853083333736e-07,9.686060604256543e-07,True,992,0.3688349723815918,gaussian4_rho0.50_n400,gaussian4,400,0.5,0.25
True,4,4,0.2909843500475643,0.3386875678904137,0.27040880811104917,0.11037232673698939,-6.610272823436283,0.3361380408624778,49.476661259106116,5.150891378019377e-08,equivalent,True,1.0,1.0,9.076721770274828e-07,8.876802006777588e-07,True,993,0.34819793701171875,gaussian4_rho0.50_n400,gaussian4,400,0.5,0.25
True,4,4,0.2846850255082936,0.3241822549946311,0.25527381328695486,0.10269303539577392,-7.25196391208914,0.32564890028232457,49.64375799595717,4.784174991158193e-08,equivalent,True,1.0,1.0,9.404696060872834e-07,8.758002003402661e-07,True,994,0.35483407974243164,gaussian4_rho0.50_n400,gaussian4,400,0.5,0.25
True,4,4,0.3230474876195209,0.417438717029138,0.3199278744059125,0.18402049815415666,-3.6956324562515914,0.3945296751285617,35.526802902841816,2.143145201943267e-05,equivalent,True,1.0,1.0,9.88858665583404e-07,9.357354287185147e-07,True,995,0.3905189037322998,gaussian4_rho0.50_n400,gaussian4,400,0.5,0.25
True,4,4,0.21310728290935688,0.1816588561160347,0.11022359818064145,0.08537682549805925,-10.421755513029524,0.2503277747567812,24.202483147774945,0.002119279500838649,equivalent,True,1.0,1.0,6.544229179778479e-07,8.082547293776773e-07,True,996,0.3510739803314209,gaussian4_rho0.50_n400,gaussian4,400,0.5,0.25
True,4,4,0.30030128879103835,0.3607234561982344,0.27897451540239904,0.11279170739876608,-6.392539852672616,0.3407713178978347,52.59897430510628,1.2893692238191916e-08,equivalent,True,1.0,1.0,9.810822216785128e-07,7.448835827721267e-07,True,997,0.36560487747192383,gaussian4_rho0.50_n400,gaussian4,400,0.5,0.25
True,4,4,0.3113526732507358,0.3877619485615178,0.3002034872951066,0.14528599358762,-4.816682568115939,0.36714359615583375,36.819499678859174,1.2422764470163248e-05,equivalent,True,1.0,1.0,8.97894000430998e-07,9.034519225536226e-07,True,998,0.38189697265625,gaussian4_rho0.50_n400,gaussian4,400,0.5,0.25
True,4,4,0.23950355585974734,0.22944781307785245,0.164154933416056,0.09032629086199997,-9.253618836856077,0.2796106491844911,32.39808533489751,7.902382148616243e-05,equivalent,True,1.0,1.0,9.013202997901888e-07,8.949683154343215e-07,True,999,0.3154747486114502,gaussian4_rho0.50_n400,gaussian4,400,0.5,0.25
