applicable,K_x,K_y,D_hat,Q_hat,Q_bc,s_Q,Z,U_D,T0,p_exact,decision,mt_reject,success_x,success_y,max_residual_x,max_residual_y,correct_cardinality,rep,seconds,name,family,n,rho,D_A
True,4,4,0.8266407668134226,2.733339829431533,2.6837317636679145,0.2895824879945615,5.814342487794137,0.8888268348429013,496.1903678085898,4.619515612083393e-102,meaningfully_different,True,1.0,1.0,9.41295189989055e-07,9.97989719370673e-07,True,0,0.6615447998046875,gaussian4_rho1.50_n800,gaussian4,800,1.5,0.75
True,4,4,0.7384476874441005,2.18121994836616,2.13835060600621,0.2271437477055378,5.011586792527228,0.7924595925438429,449.8577638595798,3.96659048251875e-92,meaningfully_different,True,1.0,1.0,7.069108396636517e-07,9.986706723490004e-07,True,1,0.636328935623169,gaussian4_rho1.50_n800,gaussian4,800,1.5,0.75
True,4,4,0.6955960274335524,1.9354153335253577,1.8940225045573866,0.19394135083302425,4.609757025602572,0.7438124156820312,434.8056472636717,6.649733483951517e-89,meaningfully_different,True,1.0,1.0,8.273813157913167e-07,9.470361393908892e-07,True,2,0.6129930019378662,gaussian4_rho1.50_n800,gaussian4,800,1.5,0.75
True,4,4,0.7835070069637423,2.455532919845127,2.413334023139723,0.245808355598675,5.74973954688195,0.8392932723996394,465.1316404066921,2.1137234860301096e-95,meaningfully_different,True,1.0,1.0,7.905778910771406e-07,9.591371115845716e-07,True,3,0.6440041065216064,gaussian4_rho1.50_n800,gaussian4,800,1.5,0.75
True,4,4,0.78210974930099,2.4467826398066292,2.4082071398211844,0.21855830471348273,6.443164635941253,0.8318208280677879,535.5426833830974,1.6534824867905386e-110,meaningfully_different,True,1.0,1.0,9.719254130302193e-07,9.756483102538394e-07,True,4,0.6639859676361084,gaussian4_rho1.50_n800,gaussian4,800,1.5,0.75
True,4,4,0.7711621337853458,2.3787641463374705,2.337833969006282,0.23381842130700653,5.721679076986365,0.8249895525613005,472.7839886150451,4.836502828351955e-97,meaningfully_different,True,1.0,1.0,8.868017492450154e-07,9.110022989313874e-07,True,5,0.6899709701538086,gaussian4_rho1.50_n800,gaussian4,800,1.5,0.75
True,4,4,0.7693589535551633,2.367652797661983,2.318123593159686,0.23930191669453643,5.50820324118942,0.8233681161502329,466.2225206123037,1.2336883872710671e-95,meaningfully_different,True,1.0,1.0,6.901698384472299e-07,9.860322066308175e-07,True,6,0.7267630100250244,gaussian4_rho1.50_n800,gaussian4,800,1.5,0.75
True,4,4,0.8396440359696077,2.820008428557327,2.7781189342344152,0.25624915746266325,6.939023534130042,0.8943728655166893,539.4935104562364,2.3443855799908955e-111,meaningfully_different,True,1.0,1.0,9.91286994641574e-07,7.729979711271368e-07,True,7,0.693903923034668,gaussian4_rho1.50_n800,gaussian4,800,1.5,0.75
True,4,4,0.7224481253540129,2.0877251753101103,2.045451842451234,0.22331910801498495,4.681425838316904,0.7766561477316151,395.127526879668,2.064094634736064e-80,meaningfully_different,True,1.0,1.0,9.701266427805173e-07,9.810616666944858e-07,True,8,0.6790981292724609,gaussian4_rho1.50_n800,gaussian4,800,1.5,0.75
True,4,4,0.7951418255867894,2.5290020911899687,2.4863769397034927,0.26373499789248106,5.635872946636592,0.8544270605998179,434.83907024534767,6.541031125259903e-89,meaningfully_different,True,1.0,1.0,9.631494646004346e-07,8.169870892437944e-07,True,9,0.6803030967712402,gaussian4_rho1.50_n800,gaussian4,800,1.5,0.75
True,4,4,0.8076081202391546,2.608923503504883,2.5669260944801544,0.2272904655894191,6.893936753645765,0.8574359511322696,549.2791350290033,1.85541872296689e-113,meaningfully_different,True,1.0,1.0,8.956966911788592e-07,7.048921421501527e-07,True,10,0.6725351810455322,gaussian4_rho1.50_n800,gaussian4,800,1.5,0.75
True,4,4,0.7567348022566592,2.290590243785701,2.246711369949732,0.22543401658800327,5.530271734581148,0.8089371622339938,459.80559329196086,2.928497637870747e-94,meaningfully_different,True,1.0,1.0,9.828532076951353e-07,7.137344963337228e-07,True,11,0.6758332252502441,gaussian4_rho1.50_n800,gaussian4,800,1.5,0.75
True,4,4,0.7551354880175162,2.2809184210538094,2.2364921302271954,0.2356400254850139,5.247377340424847,0.809951461632294,447.45935680996007,1.295063743080337e-91,meaningfully_different,True,1.0,1.0,9.60308570976587e-07,9.127272783301693e-07,True,12,0.6883740425109863,gaussian4_rho1.50_n800,gaussian4,800,1.5,0.75
True,4,4,0.7262433530222386,2.109717631235936,2.0629082514641186,0.24106534991806286,4.409212073926828,0.7841277744425921,333.7979456299179,2.5926048980250192e-67,meaningfully_different,True,1.0,1.0,9.007775897450501e-07,9.223606545730047e-07,True,13,0.7014651298522949,gaussian4_rho1.50_n800,gaussian4,800,1.5,0.75
True,4,4,0.7392172884177725,2.185768797982897,2.144092038748639,0.2051345054489877,5.577277388046005,0.7876401897518471,526.6732057194827,1.326495711696695e-108,meaningfully_different,True,1.0,1.0,9.607374605880244e-07,8.579906558406329e-07,True,14,0.6658430099487305,gaussian4_rho1.50_n800,gaussian4,800,1.5,0.75
True,4,4,0.7772277269520763,2.4163317581723653,2.3760059109743055,0.21457430026649082,6.41272467982127,0.8259765776065047,594.4025107317202,3.737030272087108e-123,meaningfully_different,True,1.0,1.0,8.560364818861571e-07,9.368786908990905e-07,True,15,0.6542627811431885,gaussian4_rho1.50_n800,gaussian4,800,1.5,0.75
True,4,4,0.8021054193509847,2.5734924150088756,2.526409008995297,0.23551864447898802,6.481053813688525,0.8534932198883092,535.914027365262,1.3761412001816367e-110,meaningfully_different,True,1.0,1.0,9.85369783949016e-07,9.550485240200175e-07,True,16,0.7099447250366211,gaussian4_rho1.50_n800,gaussian4,800,1.5,0.75
True,4,4,0.7708263034143358,2.3766927601416388,2.336822031936386,0.21437328792595478,6.235954324673738,0.8199748032871048,504.9628773532978,6.059153707914636e-104,meaningfully_different,True,1.0,1.0,9.044076914819778e-07,7.993964994065131e-07,True,17,0.6647100448608398,gaussian4_rho1.50_n800,gaussian4,800,1.5,0.75
True,4,4,0.7412772195302036,2.197967664777719,2.148416733349149,0.22997117413123166,4.993742096971736,0.7947775873181745,425.656674532448,6.052024008706148e-87,meaningfully_different,True,1.0,1.0,9.701833703785757e-07,8.920053773780028e-07,True,18,0.727492094039917,gaussian4_rho1.50_n800,gaussian4,800,1.5,0.75
True,4,4,0.7500334884994643,2.250200935482704,2.2086124576251183,0.21053224485779934,5.74074749661961,0.7992038513686144,544.651777210669,1.8292701057820921e-112,meaningfully_different,True,1.0,1.0,9.291916160796359e-07,9.023819457918242e-07,True,19,0.6625890731811523,gaussian4_rho1.50_n800,gaussian4,800,1.5,0.75
True,4,4,0.7672778346698934,2.3548611023028814,2.3129604577364655,0.2240738193109694,5.859499613894386,0.8187687543096314,497.0060477665103,3.0874872012147533e-102,meaningfully_different,True,1.0,1.0,9.594902600912254e-07,9.633005905579416e-07,True,20,0.6682329177856445,gaussian4_rho1.50_n800,gaussian4,800,1.5,0.75
True,4,4,0.801450993973762,2.569294782966124,2.524800527289503,0.2739797934236042,5.5653758557733735,0.8624756785286374,458.03796659393663,7.006220267746168e-94,meaningfully_different,True,1.0,1.0,9.233894432994458e-07,9.672760668027306e-07,True,21,0.6868710517883301,gaussian4_rho1.50_n800,gaussian4,800,1.5,0.75
True,4,4,0.7417265046126778,2.200632830579763,2.15671128400669,0.2282453434113131,5.067841765000307,0.7956351967063129,422.3063725734346,3.156187695544728e-86,meaningfully_different,True,1.0,1.0,9.72996116756414e-07,8.998095145152921e-07,True,22,0.6718449592590332,gaussian4_rho1.50_n800,gaussian4,800,1.5,0.75
True,4,4,0.7505580564033961,2.2533495841281743,2.215585528455326,0.21639726340450235,5.6173793944107455,0.8017991257211177,475.23725136574797,1.4405448487477862e-97,meaningfully_different,True,1.0,1.0,8.847836468437745e-07,8.841581049488503e-07,True,23,0.6438820362091064,gaussian4_rho1.50_n800,gaussian4,800,1.5,0.75
True,4,4,0.7747870657268513,2.4011799888704966,2.3517333250329755,0.22878929480925594,5.90820180708162,0.8258417261206366,492.1760897172852,3.3554085081781704e-101,meaningfully_different,True,1.0,1.0,9.97410401388291e-07,9.64444298436052e-07,True,24,0.7338392734527588,gaussian4_rho1.50_n800,gaussian4,800,1.5,0.75
True,4,4,0.7169335223895151,2.0559747021033496,2.0183141528704236,0.1965712844610172,5.180381029012247,0.7651217457161046,524.9204746312644,3.1548594644805233e-108,meaningfully_different,True,1.0,1.0,9.078256876935591e-07,9.963300105050933e-07,True,25,0.6406819820404053,gaussian4_rho1.50_n800,gaussian4,800,1.5,0.75
True,4,4,0.7245908983566335,2.1001278799250924,2.0543037536887296,0.23603483964942487,4.466729383063338,0.7814324212260768,398.30094138764184,4.325145644217044e-81,meaningfully_different,True,1.0,1.0,9.322725560315785e-07,8.100804113557596e-07,True,26,0.7109522819519043,gaussian4_rho1.50_n800,gaussian4,800,1.5,0.75
True,4,4,0.7416205661543462,2.200004256572372,2.1556083055025685,0.21323292764899746,5.419464611979696,0.7915720529319334,526.182369793603,1.690749838376955e-108,meaningfully_different,True,1.0,1.0,9.353911053201474e-07,8.430677489662867e-07,True,27,0.6883747577667236,gaussian4_rho1.50_n800,gaussian4,800,1.5,0.75
True,4,4,0.7540036478719865,2.2740860040170503,2.2281605793892325,0.2322707356074932,5.287625133562505,0.8078075174953351,448.09340234611955,9.472104833894056e-92,meaningfully_different,True,1.0,1.0,8.793767881569522e-07,9.466476529762171e-07,True,28,0.6939620971679688,gaussian4_rho1.50_n800,gaussian4,800,1.5,0.75
True,4,4,0.7677507090370644,2.3577646049076604,2.3140103346434095,0.2208954847539097,5.948561312184777,0.818130654895366,522.5817443781579,1.0023821029362835e-107,meaningfully_different,True,1.0,1.0,7.898075059269414e-07,8.54522271631129e-07,True,29,0.6880190372467041,gaussian4_rho1.50_n800,gaussian4,800,1.5,0.75
True,4,4,0.8320056061427396,2.76893331461179,2.7281368895767595,0.24614196535443844,7.0208949826507006,0.8850147447973636,556.7370581978469,4.639613497188368e-115,meaningfully_different,True,1.0,1.0,9.397650357596754e-07,9.964236033592865e-07,True,30,0.6534841060638428,gaussian4_rho1.50_n800,gaussian4,800,1.5,0.75
True,4,4,0.8063784900585083,2.600985076916159,2.5564276933376884,0.25048776460844124,6.213587700663436,0.8614585598653092,510.2060407700938,4.5423301459109444e-105,meaningfully_different,True,1.0,1.0,7.405912167414326e-07,9.318339782220045e-07,True,31,0.7062239646911621,gaussian4_rho1.50_n800,gaussian4,800,1.5,0.75
True,4,4,0.7779982878047699,2.4211253433086144,2.381916140986158,0.23549636399894164,5.868099691731836,0.8320566671573068,486.86359540528906,4.626549986435077e-100,meaningfully_different,True,1.0,1.0,9.530150217602626e-07,9.186145007367127e-07,True,32,0.6754050254821777,gaussian4_rho1.50_n800,gaussian4,800,1.5,0.75
True,4,4,0.6973282609750606,1.9450668142180088,1.9052157195322414,0.19066675323036777,4.747632737200595,0.7447876576787295,505.6473627302115,4.3205171136792435e-104,meaningfully_different,True,1.0,1.0,9.580375657235774e-07,9.831656650850784e-07,True,33,0.6463639736175537,gaussian4_rho1.50_n800,gaussian4,800,1.5,0.75
True,4,4,0.7571704650555877,2.2932284526099798,2.2445847970988426,0.21644129442976237,5.750218785088279,0.8063186475060137,496.4638598972494,4.035742168023177e-102,meaningfully_different,True,1.0,1.0,9.70884553944072e-07,9.698488546619143e-07,True,34,0.7208549976348877,gaussian4_rho1.50_n800,gaussian4,800,1.5,0.75
True,4,4,0.8361198802605297,2.7963858166675304,2.746566834951123,0.2511336668503691,6.954729952602355,0.8887695086072057,545.7913715155098,1.0411930819317586e-112,meaningfully_different,True,1.0,1.0,8.429736540109749e-07,8.763568357582468e-07,True,35,0.7432551383972168,gaussian4_rho1.50_n800,gaussian4,800,1.5,0.75
True,4,4,0.7465962998549782,2.2296241398285783,2.1834050449265034,0.2422364688467553,4.885329820734608,0.803406587489953,400.69072636250223,1.3329694204269955e-81,meaningfully_different,True,1.0,1.0,8.519557061922954e-07,7.808926515022256e-07,True,36,0.6975150108337402,gaussian4_rho1.50_n800,gaussian4,800,1.5,0.75
True,4,4,0.7198382830086607,2.0726686147394267,2.034307283576861,0.20103921428744254,5.144803650585431,0.768925770857798,493.71876235839665,1.5660983966941914e-101,meaningfully_different,True,1.0,1.0,9.857960313834466e-07,9.365991614243245e-07,True,37,0.6301770210266113,gaussian4_rho1.50_n800,gaussian4,800,1.5,0.75
True,4,4,0.7786155370026719,2.4249686178478367,2.3844818561678296,0.22828124661219354,6.064807673491468,0.8306580362313513,536.1556014558226,1.221211316198543e-110,meaningfully_different,True,1.0,1.0,9.162054932876933e-07,9.321745689869262e-07,True,38,0.6694619655609131,gaussian4_rho1.50_n800,gaussian4,800,1.5,0.75
True,4,4,0.7954546133951558,2.530992167886547,2.4818774167570767,0.25955745878153247,5.709246128828691,0.8527619017398976,515.0151553616925,4.21859754432069e-106,meaningfully_different,True,1.0,1.0,9.57372531245759e-07,7.678546047261638e-07,True,39,0.7209279537200928,gaussian4_rho1.50_n800,gaussian4,800,1.5,0.75
True,4,4,0.7129116380454104,2.0329720146423607,1.9918486416054493,0.20792270475252275,4.770275775250154,0.7638473434926636,474.61818562499855,1.9555281907738847e-97,meaningfully_different,True,1.0,1.0,9.380248428413447e-07,9.172320982097938e-07,True,40,0.6472792625427246,gaussian4_rho1.50_n800,gaussian4,800,1.5,0.75
True,4,4,0.8059404889044286,2.5981602866220372,2.554370023467757,0.24512737193680728,6.341070812232535,0.8598791586995083,516.4452119966819,2.0808171443327605e-106,meaningfully_different,True,1.0,1.0,9.060383474670205e-07,8.836646050134014e-07,True,41,0.6834077835083008,gaussian4_rho1.50_n800,gaussian4,800,1.5,0.75
True,4,4,0.7825766039535093,2.4497045642216304,2.405396651617697,0.240727480075002,5.83812305591296,0.836862909968824,486.46565504134196,5.631290777244982e-100,meaningfully_different,True,1.0,1.0,9.035735347681689e-07,9.341353000214738e-07,True,42,0.6860918998718262,gaussian4_rho1.50_n800,gaussian4,800,1.5,0.75
True,4,4,0.7805835446684742,2.4372426808287995,2.393262092483736,0.23525750289757819,5.922285475801837,0.8337005231784917,466.7690919604419,9.419741220466921e-96,meaningfully_different,True,1.0,1.0,8.001349559701395e-07,8.54914995407977e-07,True,43,0.6969869136810303,gaussian4_rho1.50_n800,gaussian4,800,1.5,0.75
True,4,4,0.7973317780859039,2.542951857382517,2.5057167378965293,0.21392228340079833,7.0386156783651375,0.8452200278084507,607.1962278288913,6.638330383981448e-126,meaningfully_different,True,1.0,1.0,8.675620921528793e-07,7.754213387346023e-07,True,44,0.6264269351959229,gaussian4_rho1.50_n800,gaussian4,800,1.5,0.75
True,4,4,0.8247493081512446,2.7208456851838263,2.683788572175999,0.23288054406675945,7.230267255358654,0.8756202058727631,604.486219650245,2.539340761536265e-125,meaningfully_different,True,1.0,1.0,8.516629391582579e-07,7.875272586629335e-07,True,45,0.635685920715332,gaussian4_rho1.50_n800,gaussian4,800,1.5,0.75
True,4,4,0.7530445857399551,2.2683045924490424,2.227489149932984,0.22625126327243053,5.425336116046154,0.8061698581764568,480.91470340900037,8.731552682051767e-99,meaningfully_different,True,1.0,1.0,8.239957903244623e-07,9.317650336573524e-07,True,46,0.6628620624542236,gaussian4_rho1.50_n800,gaussian4,800,1.5,0.75
True,4,4,0.7905253245325549,2.4997211549092047,2.4574814140305743,0.21269467949366644,6.852458263178956,0.8377548909181332,637.9460289157958,1.618011130493888e-132,meaningfully_different,True,1.0,1.0,9.992491123706995e-07,9.190659695161171e-07,True,47,0.6731219291687012,gaussian4_rho1.50_n800,gaussian4,800,1.5,0.75
True,4,4,0.7969107776078144,2.5402671498699654,2.4973189321839024,0.2395951117379311,6.249371789444805,0.8502084774815354,552.739132902232,3.351694852788723e-114,meaningfully_different,True,1.0,1.0,8.683796666595108e-07,8.615249876003571e-07,True,48,0.671088695526123,gaussian4_rho1.50_n800,gaussian4,800,1.5,0.75
True,4,4,0.8099455640597603,2.624047266960333,2.582775713791918,0.24962057058044854,6.340726287546946,0.8650671960421434,495.0052955690169,8.29523656840225e-102,meaningfully_different,True,1.0,1.0,8.605481875264539e-07,7.126275489703058e-07,True,49,0.6708438396453857,gaussian4_rho1.50_n800,gaussian4,800,1.5,0.75
True,4,4,0.74812617537635,2.2387710971329806,2.198840789264497,0.22525613124439342,5.322122788142025,0.8014602538078377,467.13476015782237,7.864136196337212e-96,meaningfully_different,True,1.0,1.0,9.958779378479045e-07,9.183762581613251e-07,True,50,0.6579551696777344,gaussian4_rho1.50_n800,gaussian4,800,1.5,0.75
True,4,4,0.7668390718126301,2.3521686482338247,2.3080985078938006,0.21933464799597446,5.963939212731263,0.8168341170589815,476.63285625380394,7.232349675548551e-98,meaningfully_different,True,1.0,1.0,8.42905157944176e-07,9.359593310605349e-07,True,51,0.6812262535095215,gaussian4_rho1.50_n800,gaussian4,800,1.5,0.75
True,4,4,0.7693296721216598,2.3674725776272822,2.3173186756261077,0.24129514408263453,5.459366704764583,0.8237435687967778,417.2631968083721,3.79050252572119e-85,meaningfully_different,True,1.0,1.0,8.613786448555392e-07,8.318576817258083e-07,True,52,0.6933839321136475,gaussian4_rho1.50_n800,gaussian4,800,1.5,0.75
True,4,4,0.7792507881306456,2.4289271632089298,2.3893723808148932,0.20904836280562708,6.646176808888621,0.8266236051831565,556.9789579235455,4.116402935087913e-115,meaningfully_different,True,1.0,1.0,8.785666253934136e-07,9.926090410027403e-07,True,53,0.6465120315551758,gaussian4_rho1.50_n800,gaussian4,800,1.5,0.75
True,4,4,0.7496578372066915,2.247947491541658,2.2057892695048777,0.2122246574918175,5.681664344546618,0.7991976862937022,503.3242345152063,1.3615098149021857e-103,meaningfully_different,True,1.0,1.0,9.766160126137736e-07,7.891012448727373e-07,True,54,0.6739509105682373,gaussian4_rho1.50_n800,gaussian4,800,1.5,0.75
True,4,4,0.7974256817259061,2.5435508715041046,2.507417664977001,0.22517193315716744,6.694518467915984,0.8482028849158441,589.3848979030108,4.477957305934549e-122,meaningfully_different,True,1.0,1.0,7.718311258545461e-07,9.867615317025297e-07,True,55,0.6286149024963379,gaussian4_rho1.50_n800,gaussian4,800,1.5,0.75
True,4,4,0.7578060886412411,2.297080271926946,2.254759245857503,0.2196698224700481,5.712023762520176,0.8087156407043127,485.14371490623597,1.0817650282499648e-99,meaningfully_different,True,1.0,1.0,9.98770717994169e-07,9.837421192344403e-07,True,56,0.6648130416870117,gaussian4_rho1.50_n800,gaussian4,800,1.5,0.75
True,4,4,0.7596812641764246,2.3084624925627626,2.2648568893711056,0.22172456565134674,5.704631264719868,0.8107961126829241,525.7112556959746,2.134115325430078e-108,meaningfully_different,True,1.0,1.0,9.042961656207803e-07,9.806283081128872e-07,True,57,0.6856160163879395,gaussian4_rho1.50_n800,gaussian4,800,1.5,0.75
True,4,4,0.7532415547598977,2.2694913592684323,2.227255658524495,0.22261096849346157,5.513006240573188,0.8052046506091083,512.2767306148347,1.6326401943402973e-105,meaningfully_different,True,1.0,1.0,8.933166866188736e-07,8.226469910392363e-07,True,58,0.6768999099731445,gaussian4_rho1.50_n800,gaussian4,800,1.5,0.75
True,4,4,0.823082680257108,2.709860394156898,2.6684601311913507,0.22492570000589493,7.417827892266749,0.8715546432439916,671.5927921275235,9.320532210022623e-140,meaningfully_different,True,1.0,1.0,9.939225560239151e-07,8.228601222630737e-07,True,59,0.6730449199676514,gaussian4_rho1.50_n800,gaussian4,800,1.5,0.75
True,4,4,0.772293494633132,2.3857489674106223,2.3424796256671074,0.22581487678229442,5.94504509532991,0.8236977668966428,525.3802888229659,2.5134431130595732e-108,meaningfully_different,True,1.0,1.0,9.136746478648441e-07,9.134742046926503e-07,True,60,0.674659013748169,gaussian4_rho1.50_n800,gaussian4,800,1.5,0.75
True,4,4,0.7517969530927118,2.26079463471794,2.222930921657691,0.20407665505047748,5.992507674898945,0.7997823372477029,543.7213519071331,2.897995657188668e-112,meaningfully_different,True,1.0,1.0,9.494247412779609e-07,9.511597201743539e-07,True,61,0.6609630584716797,gaussian4_rho1.50_n800,gaussian4,800,1.5,0.75
True,4,4,0.7666665950248004,2.3511106717076853,2.30681168043973,0.2371508480361635,5.51046598087835,0.821110545688982,471.9179210354148,7.416805971340958e-97,meaningfully_different,True,1.0,1.0,9.723458511228835e-07,8.12426248286816e-07,True,62,0.7247138023376465,gaussian4_rho1.50_n800,gaussian4,800,1.5,0.75
True,4,4,0.7653447622560768,2.343010420451243,2.295296191252476,0.2532362735451167,5.114970983893054,0.8233821704210075,464.92432648248206,2.3414640296260523e-95,meaningfully_different,True,1.0,1.0,7.437660859439922e-07,9.90928051665183e-07,True,63,0.7397608757019043,gaussian4_rho1.50_n800,gaussian4,800,1.5,0.75
True,4,4,0.7789063407920217,2.4267803509040684,2.382706213346051,0.24416732561880292,5.66294531769066,0.8343149471981759,473.3490938008534,3.659065435812181e-97,meaningfully_different,True,1.0,1.0,8.884516497190034e-07,8.522699760702783e-07,True,64,0.725884199142456,gaussian4_rho1.50_n800,gaussian4,800,1.5,0.75
True,4,4,0.729194988416802,2.1269013245287196,2.080194244374023,0.22134602928374764,4.880115753010873,0.7817090352958546,423.1030786964917,2.1311021368541045e-86,meaningfully_different,True,1.0,1.0,9.714336699607344e-07,9.926901563995557e-07,True,65,0.7216908931732178,gaussian4_rho1.50_n800,gaussian4,800,1.5,0.75
True,4,4,0.7560582345334039,2.28649621602307,2.2449955526578993,0.22987910264649605,5.415870944008473,0.8098013689180728,429.07704427311495,1.120870045563154e-87,meaningfully_different,True,1.0,1.0,9.499870117999624e-07,9.853498048118355e-07,True,66,0.6754491329193115,gaussian4_rho1.50_n800,gaussian4,800,1.5,0.75
True,4,4,0.776211963922984,2.4100200517487034,2.3681406118079633,0.23347853379069772,5.859813275315647,0.8294845726306344,508.28459059374313,1.1738692457090388e-104,meaningfully_different,True,1.0,1.0,9.336195835650648e-07,9.266141452489899e-07,True,67,0.6958520412445068,gaussian4_rho1.50_n800,gaussian4,800,1.5,0.75
True,4,4,0.7670802138677516,2.353648218029582,2.3094009612176447,0.23695349849128336,5.525982817535031,0.8214552304644898,445.952552668686,2.7234189240538016e-91,meaningfully_different,True,1.0,1.0,9.610627165811303e-07,9.057054117779245e-07,True,68,0.6466147899627686,gaussian4_rho1.50_n800,gaussian4,800,1.5,0.75
True,4,4,0.8034756064180726,2.5822922004355577,2.5378894452385246,0.24326638039195653,6.321833057081874,0.8570336973161543,564.0366986687894,1.2539953414009862e-116,meaningfully_different,True,1.0,1.0,7.559756195435501e-07,9.990974523890236e-07,True,69,0.6923120021820068,gaussian4_rho1.50_n800,gaussian4,800,1.5,0.75
True,4,4,0.8115294537154208,2.6343202169905973,2.589152524213623,0.24029699628493345,6.613285013056413,0.8637716582087016,536.4208320128878,1.0711213793139335e-110,meaningfully_different,True,1.0,1.0,9.935351125107414e-07,9.12683199755092e-07,True,70,0.6947100162506104,gaussian4_rho1.50_n800,gaussian4,800,1.5,0.75
True,4,4,0.7534946193877324,2.2710165657850547,2.2249995200757784,0.21720659914106163,5.63978960547244,0.8034725543649186,479.05198777463374,2.1904834091126618e-98,meaningfully_different,True,1.0,1.0,9.881962916649631e-07,8.643896416152991e-07,True,71,0.7024459838867188,gaussian4_rho1.50_n800,gaussian4,800,1.5,0.75
True,4,4,0.7933511467202581,2.5176241680093936,2.4748192291961635,0.24181958044391372,6.098841237292713,0.8474339270936139,527.6240712937329,8.290279899925202e-109,meaningfully_different,True,1.0,1.0,8.622765919581099e-07,8.559152067351407e-07,True,72,0.6683869361877441,gaussian4_rho1.50_n800,gaussian4,800,1.5,0.75
True,4,4,0.6827579621352483,1.8646337394363088,1.8160645677992895,0.22048132107006485,3.7012866388802133,0.7380250789160958,334.92877402005166,1.487852781783086e-67,meaningfully_different,True,1.0,1.0,9.782147763980814e-07,8.121950401068411e-07,True,73,0.7126591205596924,gaussian4_rho1.50_n800,gaussian4,800,1.5,0.75
True,4,4,0.7472442917832096,2.233496126410362,2.1906518662682335,0.22053027669103092,5.399040368213794,0.7989668159154182,457.74975331724306,8.077036118674835e-94,meaningfully_different,True,1.0,1.0,9.750396154991906e-07,9.120912817137952e-07,True,74,0.6765518188476562,gaussian4_rho1.50_n800,gaussian4,800,1.5,0.75
True,4,4,0.7415363394868545,2.199504571118254,2.161562485196481,0.20577269341663124,5.6448815725255015,0.7905739127827329,486.90197849583546,4.5396750262694617e-100,meaningfully_different,True,1.0,1.0,8.157035442073752e-07,9.878291142835104e-07,True,75,0.649730920791626,gaussian4_rho1.50_n800,gaussian4,800,1.5,0.75
True,4,4,0.7336572069173828,2.153011589047262,2.1105070463752824,0.20654403805207186,5.376611481253757,0.7826624043114687,453.87565357501387,5.463578659430544e-93,meaningfully_different,True,1.0,1.0,9.967820086630757e-07,9.909937585867094e-07,True,76,0.6631619930267334,gaussian4_rho1.50_n800,gaussian4,800,1.5,0.75
True,4,4,0.7626362225544726,2.3264560318086205,2.281440498029792,0.23289826083258838,5.502147132609613,0.8161684947164656,446.23365998084375,2.3707736605786154e-91,meaningfully_different,True,1.0,1.0,8.910532893801326e-07,9.397146259814331e-07,True,77,0.6955246925354004,gaussian4_rho1.50_n800,gaussian4,800,1.5,0.75
True,4,4,0.7644454349410016,2.3375072920085485,2.2964786691553165,0.21626266648556963,5.994925939941767,0.8142786839433878,504.28426519017046,8.472773498766478e-104,meaningfully_different,True,1.0,1.0,9.923946730051485e-07,9.557775530872292e-07,True,78,0.6723852157592773,gaussian4_rho1.50_n800,gaussian4,800,1.5,0.75
True,4,4,0.7630806522939153,2.3291683276212294,2.2858070457804827,0.22019282956432615,5.839459206390064,0.8136325983080558,511.20713236485096,2.7697355354105193e-105,meaningfully_different,True,1.0,1.0,8.081650228366078e-07,8.836597962197522e-07,True,79,0.6966190338134766,gaussian4_rho1.50_n800,gaussian4,800,1.5,0.75
True,4,4,0.7615207295197544,2.3196552859531954,2.282947336680701,0.20863129211362316,6.149352399073444,0.8102646595726248,534.8984436061805,2.273694457097796e-110,meaningfully_different,True,1.0,1.0,9.918453862106659e-07,9.931827881459394e-07,True,80,0.6136109828948975,gaussian4_rho1.50_n800,gaussian4,800,1.5,0.75
True,4,4,0.7617633665114758,2.321133706235588,2.277959807219715,0.22723210969754806,5.624028263086204,0.8142056507749689,470.46964695047933,1.5160660656114078e-96,meaningfully_different,True,1.0,1.0,8.599833457414069e-07,8.612138437537146e-07,True,81,0.6808769702911377,gaussian4_rho1.50_n800,gaussian4,800,1.5,0.75
True,4,4,0.8131074492165133,2.644574895885539,2.6044094969927127,0.23228435751955046,6.907092298962387,0.8640722285988073,608.5314482391623,3.4274558912448654e-126,meaningfully_different,True,1.0,1.0,9.51127255703583e-07,9.943152975884953e-07,True,82,0.6730608940124512,gaussian4_rho1.50_n800,gaussian4,800,1.5,0.75
True,4,4,0.7716215500263458,2.381599265860242,2.339102825463866,0.23952745797965794,5.590602583765534,0.8266030536896433,542.7973364880158,4.576540149628223e-112,meaningfully_different,True,1.0,1.0,7.190501919281428e-07,9.861182548344627e-07,True,83,0.6762118339538574,gaussian4_rho1.50_n800,gaussian4,800,1.5,0.75
True,4,4,0.7439577067883009,2.2138922779588297,2.175486910167943,0.20615811025909653,5.701870805328047,0.7928724401745024,487.84331116316133,2.851826178405293e-100,meaningfully_different,True,1.0,1.0,8.410205082548701e-07,9.039966779196279e-07,True,84,0.6320767402648926,gaussian4_rho1.50_n800,gaussian4,800,1.5,0.75
True,4,4,0.7834885964551274,2.4554175231009014,2.414383748251438,0.23351053606336916,6.057044671712836,0.8364320654462402,535.1122077172477,2.0456552114302006e-110,meaningfully_different,True,1.0,1.0,9.309459477887222e-07,9.635609351971815e-07,True,85,0.6999402046203613,gaussian4_rho1.50_n800,gaussian4,800,1.5,0.75
True,4,4,0.7701534629783053,2.3725454261499035,2.328944160405927,0.22691466422266537,5.856581217253854,0.8219162927058103,506.3702050142618,3.0229177369058475e-104,meaningfully_different,True,1.0,1.0,9.765707295073178e-07,9.231950515722116e-07,True,86,0.719069242477417,gaussian4_rho1.50_n800,gaussian4,800,1.5,0.75
True,4,4,0.7214386582400808,2.0818949504129924,2.0349907908132723,0.22428067176248698,4.614712372135779,0.7752257199062915,428.4337872848372,1.5391863433787147e-87,meaningfully_different,True,1.0,1.0,8.82179132486044e-07,9.554859597845249e-07,True,87,0.748089075088501,gaussian4_rho1.50_n800,gaussian4,800,1.5,0.75
True,4,4,0.7310278623264617,2.1376069419903847,2.0968762279032154,0.21608561700442128,5.076118638108026,0.7829919282414386,433.3327274996706,1.3748145136484194e-88,meaningfully_different,True,1.0,1.0,7.320719294544797e-07,7.335326004548357e-07,True,88,0.6785218715667725,gaussian4_rho1.50_n800,gaussian4,800,1.5,0.75
True,4,4,0.7504808786820707,2.2528861970696514,2.2109992803354785,0.2182489723964381,5.5487055312946,0.8015589332918995,483.74753645523185,2.1556084220307693e-99,meaningfully_different,True,1.0,1.0,8.381199613311454e-07,9.854589558836906e-07,True,89,0.6786530017852783,gaussian4_rho1.50_n800,gaussian4,800,1.5,0.75
True,4,4,0.7989741355900191,2.553438677367273,2.506284160858146,0.25263264090163323,5.962349740248501,0.8546677536521906,476.48035112433524,7.797947354754162e-98,meaningfully_different,True,1.0,1.0,8.800993970719311e-07,8.670691436323645e-07,True,90,0.701030969619751,gaussian4_rho1.50_n800,gaussian4,800,1.5,0.75
True,4,4,0.7807522817877025,2.438296502066816,2.3960634538646435,0.24284622383946014,5.748755042563675,0.8359889272500037,473.2965882495257,3.755153518262057e-97,meaningfully_different,True,1.0,1.0,9.995744911951158e-07,8.689875961061942e-07,True,91,0.6705520153045654,gaussian4_rho1.50_n800,gaussian4,800,1.5,0.75
True,4,4,0.8545807930729844,2.921233327557004,2.8731384268475777,0.2861929499564716,6.545019460236431,0.9143144889193516,464.2050787020744,3.339348410145527e-95,meaningfully_different,True,1.0,1.0,8.488785430891208e-07,9.950080338396776e-07,True,92,0.7158157825469971,gaussian4_rho1.50_n800,gaussian4,800,1.5,0.75
True,4,4,0.7604927853986702,2.3133971065737113,2.2708782915785473,0.2284338021773752,5.563442360389951,0.813421548093041,451.9228643050717,1.4319478415664208e-92,meaningfully_different,True,1.0,1.0,9.639952532763674e-07,8.137178897059429e-07,True,93,0.6641662120819092,gaussian4_rho1.50_n800,gaussian4,800,1.5,0.75
True,4,4,0.7424380928167496,2.2048572866614897,2.1505325920576586,0.2568975774233719,4.478565362886081,0.8020429390060015,405.36918949041905,1.330312711214408e-82,meaningfully_different,True,1.0,1.0,9.52956878668374e-07,9.853706496201601e-07,True,94,0.7271459102630615,gaussian4_rho1.50_n800,gaussian4,800,1.5,0.75
True,4,4,0.7122493773736254,2.029196702276468,1.9928486597827113,0.19305148401624567,5.142921665907324,0.7599983706323319,467.19661035879193,7.62767497456292e-96,meaningfully_different,True,1.0,1.0,9.303816756493957e-07,9.747355848020028e-07,True,95,0.6224009990692139,gaussian4_rho1.50_n800,gaussian4,800,1.5,0.75
True,4,4,0.7694647119907134,2.368303771995806,2.3298213675510664,0.22035781950021394,6.03482722132207,0.8204080884204993,510.78911514147575,3.405241877666996e-105,meaningfully_different,True,1.0,1.0,8.175597413851164e-07,7.437109317987109e-07,True,96,0.6459271907806396,gaussian4_rho1.50_n800,gaussian4,800,1.5,0.75
True,4,4,0.8126961945249964,2.6419004183816432,2.596657309048526,0.2565841352470009,6.222743691894678,0.868720417413992,528.1467865801102,6.402479966454709e-109,meaningfully_different,True,1.0,1.0,8.971496500259995e-07,8.439031593764295e-07,True,97,0.7036559581756592,gaussian4_rho1.50_n800,gaussian4,800,1.5,0.75
True,4,4,0.692773550028766,1.9197407664778363,1.875027216945038,0.19867648887951914,4.404281663522197,0.7419267080157748,422.8773077636863,2.3819776889654176e-86,meaningfully_different,True,1.0,1.0,9.385248731921638e-07,8.768886647817127e-07,True,98,0.6837139129638672,gaussian4_rho1.50_n800,gaussian4,800,1.5,0.75
True,4,4,0.7882981590096524,2.4856559499920285,2.443881886102769,0.22018412217042413,6.557611293084948,0.8375638092187242,596.0389482050475,1.6624503013875876e-123,meaningfully_different,True,1.0,1.0,7.827329673035764e-07,9.760665546640574e-07,True,99,0.6817569732666016,gaussian4_rho1.50_n800,gaussian4,800,1.5,0.75
True,4,4,0.7859309280109622,2.470749694416689,2.432368666440956,0.2192816966937032,6.53209405088522,0.8356217685908599,600.6708245791172,1.678809306893206e-124,meaningfully_different,True,1.0,1.0,8.479867185693714e-07,9.582496117627537e-07,True,100,0.6361620426177979,gaussian4_rho1.50_n800,gaussian4,800,1.5,0.75
True,4,4,0.6989331198991039,1.9540300243675808,1.9091137063493162,0.21781043376653184,4.173875836103349,0.7528910924426703,373.69752307951455,7.869093810114444e-76,meaningfully_different,True,1.0,1.0,8.509561709599816e-07,9.525629345161382e-07,True,101,0.6859841346740723,gaussian4_rho1.50_n800,gaussian4,800,1.5,0.75
True,4,4,0.7421245277764418,2.202995258909627,2.161828871570271,0.21703198138953422,5.353261137514072,0.7935387062587607,448.0442869164968,9.70442034652406e-92,meaningfully_different,True,1.0,1.0,8.306303927065959e-07,9.777755777214665e-07,True,102,0.6842300891876221,gaussian4_rho1.50_n800,gaussian4,800,1.5,0.75
True,4,4,0.786473347507759,2.4741613053602407,2.432369059243913,0.23467740558883438,6.103566108760762,0.8394014297388153,473.8601808114236,2.84307997917437e-97,meaningfully_different,True,1.0,1.0,8.014843193185145e-07,9.997526470891102e-07,True,103,0.6668651103973389,gaussian4_rho1.50_n800,gaussian4,800,1.5,0.75
True,4,4,0.7897383645248814,2.494746737609738,2.4456170373333257,0.25282055513803764,5.717956898496771,0.8457939826606731,460.9750181326462,1.6443811231317977e-94,meaningfully_different,True,1.0,0.9970149253731343,9.372542957868132e-07,9.902237805232437e-07,True,104,0.7086341381072998,gaussian4_rho1.50_n800,gaussian4,800,1.5,0.75
True,4,4,0.789790693359764,2.4950773572707874,2.4507609679654,0.23373222089537146,6.206936135753499,0.8419050212524828,564.2527217252186,1.1268970432751767e-116,meaningfully_different,True,1.0,1.0,9.482193355816187e-07,8.084062636638164e-07,True,105,0.6972432136535645,gaussian4_rho1.50_n800,gaussian4,800,1.5,0.75
True,4,4,0.7945437733689117,2.525199231197234,2.4809740323601734,0.23744440841841902,6.2371400624875335,0.8472802559877335,503.36534101679194,1.3341374977454837e-103,meaningfully_different,True,1.0,1.0,9.850121060407825e-07,9.254251754261452e-07,True,106,0.6997890472412109,gaussian4_rho1.50_n800,gaussian4,800,1.5,0.75
True,4,4,0.732245951868305,2.1447365361100803,2.1049579609043363,0.19890942272457077,5.555081030195176,0.779765164377659,525.1049831572748,2.8798550576907114e-108,meaningfully_different,True,1.0,1.0,9.964185907365307e-07,7.844539227608297e-07,True,107,0.6716048717498779,gaussian4_rho1.50_n800,gaussian4,800,1.5,0.75
True,4,4,0.8513802922745134,2.8993936082937437,2.849022644565678,0.27521324348151316,6.718508968446069,0.9085301517136517,550.3146456958043,1.1118049368422752e-113,meaningfully_different,True,1.0,1.0,9.595298103593732e-07,9.720357393374112e-07,True,108,0.7007663249969482,gaussian4_rho1.50_n800,gaussian4,800,1.5,0.75
True,4,4,0.7870557173779337,2.4778268090291755,2.4293991419208893,0.24188096474442478,5.909514803825985,0.8407225945683983,479.34966181670086,1.8910665628923903e-98,meaningfully_different,True,1.0,1.0,9.461920629127895e-07,9.635249786895798e-07,True,109,0.7124130725860596,gaussian4_rho1.50_n800,gaussian4,800,1.5,0.75
True,4,4,0.7568873922957987,2.2915140984653375,2.2450968105389695,0.2518303778442086,4.944188311186316,0.8153712223448556,453.20991743784936,7.588151410478483e-93,meaningfully_different,True,1.0,1.0,7.633274240558632e-07,9.819888225495092e-07,True,110,0.6979780197143555,gaussian4_rho1.50_n800,gaussian4,800,1.5,0.75
True,4,4,0.7280047125631941,2.1199634460568757,2.078881872874462,0.2182413831093027,4.943525638921201,0.7806819140073478,450.85623544122836,2.4236935834789965e-92,meaningfully_different,True,1.0,1.0,8.04614705283924e-07,9.594250256634755e-07,True,111,0.6860988140106201,gaussian4_rho1.50_n800,gaussian4,800,1.5,0.75
True,4,4,0.709915598249814,2.0159206265535654,1.9755706347389428,0.2020521375796589,4.828311377573646,0.7595914734365675,465.2226055235639,2.020919557772315e-95,meaningfully_different,True,1.0,1.0,7.24844527890082e-07,9.108550919906245e-07,True,112,0.6569678783416748,gaussian4_rho1.50_n800,gaussian4,800,1.5,0.75
True,4,4,0.7712613467844965,2.3793762601753414,2.334957977203923,0.2398988478505384,5.564670231495349,0.8260684698002279,451.6300425960329,1.6545195688182475e-92,meaningfully_different,True,1.0,1.0,9.62823482384168e-07,8.433240565094237e-07,True,113,0.6783649921417236,gaussian4_rho1.50_n800,gaussian4,800,1.5,0.75
True,4,4,0.7741080680424223,2.396973204033486,2.3556104390753307,0.22456837871261567,6.036515233563362,0.8253775728870073,555.0825744390771,1.0516828150698087e-114,meaningfully_different,True,1.0,1.0,9.400910296268986e-07,8.820490828826354e-07,True,114,0.6792099475860596,gaussian4_rho1.50_n800,gaussian4,800,1.5,0.75
True,4,4,0.758396890265611,2.300663372658197,2.2538405489867634,0.22662265774449827,5.5327236979119006,0.8103396895017521,472.3471234242135,6.000620752996292e-97,meaningfully_different,True,1.0,1.0,9.65144052260635e-07,9.36766834464667e-07,True,115,0.6960339546203613,gaussian4_rho1.50_n800,gaussian4,800,1.5,0.75
True,4,4,0.8243809549800355,2.7184158357351813,2.67786370806036,0.24102655964422334,6.961322895439557,0.8766865344698178,660.2964617034802,2.5140453245183596e-137,meaningfully_different,True,1.0,1.0,9.859638082245918e-07,9.00956384979496e-07,True,116,0.6516690254211426,gaussian4_rho1.50_n800,gaussian4,800,1.5,0.75
True,4,4,0.7663732562573575,2.3493118716260213,2.3049286056339535,0.23561952792809532,5.5382871577273605,0.8204401624626678,454.2128871429962,4.62606013979432e-93,meaningfully_different,True,1.0,1.0,9.043455942112923e-07,7.925515493983462e-07,True,117,0.6805629730224609,gaussian4_rho1.50_n800,gaussian4,800,1.5,0.75
True,4,4,0.7286534417354097,2.1237433526114327,2.08068487162857,0.2174080630521896,4.970767212847794,0.780751130749815,446.24565633900954,2.3567851091352124e-91,meaningfully_different,True,1.0,1.0,8.288218618469781e-07,9.213444369834523e-07,True,118,0.6864719390869141,gaussian4_rho1.50_n800,gaussian4,800,1.5,0.75
True,4,4,0.7878727460979047,2.4829738561754136,2.439150987348169,0.24583870536459743,5.854045583317725,0.8431369511402317,463.5964550948297,4.509420427848957e-95,meaningfully_different,True,1.0,1.0,8.768770912838759e-07,9.795631200095424e-07,True,119,0.6821951866149902,gaussian4_rho1.50_n800,gaussian4,800,1.5,0.75
True,4,4,0.7200251793146573,2.0737450353884173,2.0362394083079596,0.2034023010104124,5.09453139497627,0.7698711614379401,452.12957326094414,1.2931058399779898e-92,meaningfully_different,True,1.0,1.0,8.486898240204254e-07,9.870609667035916e-07,True,120,0.6356298923492432,gaussian4_rho1.50_n800,gaussian4,800,1.5,0.75
True,4,4,0.7666915841415455,2.35126394077389,2.30799026461336,0.21304573812801741,6.139481015233449,0.8152329911871488,513.1806788766289,1.0444523277250882e-105,meaningfully_different,True,1.0,1.0,9.813610714456191e-07,9.648752790964898e-07,True,121,0.674572229385376,gaussian4_rho1.50_n800,gaussian4,800,1.5,0.75
True,4,4,0.7959803738478881,2.534339022204095,2.4864386572599524,0.24922450778503383,5.964255564071835,0.850937202855675,455.9680046886772,1.9457852868085275e-93,meaningfully_different,True,1.0,1.0,8.495287091449235e-07,8.690902991764973e-07,True,122,0.7114768028259277,gaussian4_rho1.50_n800,gaussian4,800,1.5,0.75
True,4,4,0.8203198483809262,2.6916986145908233,2.655212142163339,0.21921421402496624,7.550660660968031,0.86830113399408,692.4592651228351,3.006706426610657e-144,meaningfully_different,True,1.0,1.0,8.430098642562842e-07,8.287475424931708e-07,True,123,0.6471033096313477,gaussian4_rho1.50_n800,gaussian4,800,1.5,0.75
True,4,4,0.8454100077358426,2.8588723247196697,2.8196774204475146,0.22961238441659776,7.924996837914364,0.8940576300983247,664.1495650077941,3.7259768769689184e-138,meaningfully_different,True,1.0,1.0,9.416750775424356e-07,9.87991663759502e-07,True,124,0.63848876953125,gaussian4_rho1.50_n800,gaussian4,800,1.5,0.75
True,4,4,0.7824112834568951,2.4486696659226634,2.406593040991672,0.22430351110542496,6.270936348965837,0.8329975217207101,509.68195035188694,5.885044210545805e-105,meaningfully_different,True,1.0,1.0,7.730456214619016e-07,8.758637308738674e-07,True,125,0.6632938385009766,gaussian4_rho1.50_n800,gaussian4,800,1.5,0.75
True,4,4,0.7307692479451388,2.136094774969215,2.0907190264358753,0.22064692956752305,4.943277609045949,0.7832066982621384,417.45411055906146,3.450114504759971e-85,meaningfully_different,True,1.0,1.0,8.840277959144798e-07,9.977056645164572e-07,True,126,0.6850709915161133,gaussian4_rho1.50_n800,gaussian4,800,1.5,0.75
True,4,4,0.7703064245525414,2.3734879508276805,2.3323179572526502,0.22361792870030592,5.9580104555848505,0.8216046370254254,537.9524670724024,5.0228392966548435e-111,meaningfully_different,True,1.0,1.0,9.106006020541423e-07,8.337240316396877e-07,True,127,0.6616342067718506,gaussian4_rho1.50_n800,gaussian4,800,1.5,0.75
True,4,4,0.7699017292440568,2.3709946907719557,2.329042969098409,0.2260035990250674,5.880627453861905,0.8217033845401389,491.316865476085,5.1292793671589576e-101,meaningfully_different,True,1.0,1.0,8.850172713596502e-07,9.284564342244956e-07,True,128,0.670536994934082,gaussian4_rho1.50_n800,gaussian4,800,1.5,0.75
True,4,4,0.7808323471643499,2.438796617512751,2.39602136299455,0.234213157336195,5.960473693587883,0.833856660991376,522.0435780773197,1.3078482675321268e-107,meaningfully_different,True,1.0,1.0,9.263006527426532e-07,9.958059210638223e-07,True,129,0.6895129680633545,gaussian4_rho1.50_n800,gaussian4,800,1.5,0.75
True,4,4,0.7429647141596224,2.2079862659451575,2.171000505850743,0.20644188019349544,5.672301108443589,0.7922384712385683,543.2939509547409,3.5800236568290677e-112,meaningfully_different,True,1.0,1.0,9.636311119725756e-07,9.401034284949412e-07,True,130,0.6423790454864502,gaussian4_rho1.50_n800,gaussian4,800,1.5,0.75
True,4,4,0.7588233253447018,2.303251356348764,2.258954679563022,0.22008369764569027,5.72034500069967,0.8094689845615498,482.98409230381617,3.142681680955141e-99,meaningfully_different,True,1.0,1.0,9.335691218667191e-07,9.385376927456936e-07,True,131,0.6819741725921631,gaussian4_rho1.50_n800,gaussian4,800,1.5,0.75
True,4,4,0.7283417773263655,2.1219269783957158,2.080878217747046,0.20822907080383513,5.190813240315043,0.7783611886674896,452.09377559738186,1.3161480193666082e-92,meaningfully_different,True,1.0,1.0,8.378001858860481e-07,9.066083788089457e-07,True,132,0.660527229309082,gaussian4_rho1.50_n800,gaussian4,800,1.5,0.75
True,4,4,0.8018745913616581,2.5720114410857047,2.5305916352464766,0.23678774497283284,6.463981636473985,0.8544110276065467,567.0397212414571,2.8385180870826898e-117,meaningfully_different,True,1.0,1.0,8.892588635124314e-07,7.844903348015461e-07,True,133,0.6614439487457275,gaussian4_rho1.50_n800,gaussian4,800,1.5,0.75
True,4,4,0.7326184814599344,2.1469193575066408,2.1064907060008666,0.21150959129146624,5.231397305647907,0.7833251279595942,503.156923890745,1.4788372457696042e-103,meaningfully_different,True,1.0,1.0,7.633125154276342e-07,8.645839671131467e-07,True,134,0.6656398773193359,gaussian4_rho1.50_n800,gaussian4,800,1.5,0.75
True,4,4,0.7510250378231635,2.2561544297491367,2.2082020300221106,0.2344197911979215,5.154010349757632,0.8052621116449007,390.6421428015069,1.8789702551576945e-79,meaningfully_different,True,1.0,1.0,8.985854800517827e-07,9.099875675178788e-07,True,135,0.7131681442260742,gaussian4_rho1.50_n800,gaussian4,800,1.5,0.75
True,4,4,0.732737236409325,2.1476154304831,2.102883716329597,0.22493875334054245,4.903040049572532,0.7862688854017642,412.20100436240847,4.593163070269266e-84,meaningfully_different,True,1.0,1.0,7.987901403888765e-07,9.151523323288552e-07,True,136,0.6608481407165527,gaussian4_rho1.50_n800,gaussian4,800,1.5,0.75
True,4,4,0.7380806952637571,2.1790524508841242,2.135500059158454,0.23913097154506768,4.748444134282509,0.7951156370335053,407.4800475332373,4.702405909228189e-83,meaningfully_different,True,1.0,1.0,8.891901518431552e-07,9.039436851528305e-07,True,137,0.6880841255187988,gaussian4_rho1.50_n800,gaussian4,800,1.5,0.75
True,4,4,0.7624297028125903,2.3251962069235788,2.2768961069521643,0.2539226635507932,5.028681131082817,0.8207560114094299,408.08346530447693,3.493076199523933e-83,meaningfully_different,True,1.0,1.0,9.659969831799444e-07,9.141220068838668e-07,True,138,0.7232587337493896,gaussian4_rho1.50_n800,gaussian4,800,1.5,0.75
True,4,4,0.8174776115182012,2.6730785813340123,2.63196978342239,0.23989853089562907,6.802750218309587,0.8698516758715814,523.2591915036762,7.171482525722116e-108,meaningfully_different,True,1.0,1.0,9.054757315461264e-07,8.735031452151136e-07,True,139,0.6423118114471436,gaussian4_rho1.50_n800,gaussian4,800,1.5,0.75
True,4,4,0.7286996711450088,2.1240128429073755,2.080466479379315,0.204717213371252,5.277848704495127,0.777366761942588,468.78606102160927,3.480594120079574e-96,meaningfully_different,True,1.0,1.0,8.911772659700653e-07,9.486125994706731e-07,True,140,0.6859312057495117,gaussian4_rho1.50_n800,gaussian4,800,1.5,0.75
True,4,4,0.7765920385418493,2.412380777306341,2.367341114610025,0.24096618533729128,5.674410758904184,0.8312182653393044,454.9574257869542,3.203769411352491e-93,meaningfully_different,True,1.0,1.0,8.111677649282848e-07,9.592114339378609e-07,True,141,0.690871000289917,gaussian4_rho1.50_n800,gaussian4,800,1.5,0.75
True,4,4,0.7461642045811175,2.227044080792687,2.169325452381593,0.23564711717392958,4.962188659063974,0.7995202417302812,424.2217428638283,1.2277595652291573e-86,meaningfully_different,True,1.0,1.0,9.389411137193699e-07,8.418029605646332e-07,True,142,0.7299337387084961,gaussian4_rho1.50_n800,gaussian4,800,1.5,0.75
True,4,4,0.682010118965272,1.8605512094840977,1.816613786687568,0.20521260225257554,3.979354960288844,0.7338525873427965,374.4635426075067,5.3980800864228654e-76,meaningfully_different,True,1.0,1.0,9.479261955769669e-07,9.842073715741441e-07,True,143,0.6867079734802246,gaussian4_rho1.50_n800,gaussian4,800,1.5,0.75
True,4,4,0.7682689101861996,2.360948473434763,2.3174340145809227,0.24216753747502914,5.440175955527353,0.8239787871854819,430.92432039351365,4.5081190127722125e-88,meaningfully_different,True,1.0,1.0,9.958097186203377e-07,9.846783091701597e-07,True,144,0.6784918308258057,gaussian4_rho1.50_n800,gaussian4,800,1.5,0.75
True,4,4,0.7767611697755742,2.413431659484474,2.3733652080953713,0.21557921952348902,6.370582522429684,0.8258270807535846,560.6341287451014,6.749929572164105e-116,meaningfully_different,True,1.0,1.0,8.801032219598924e-07,9.796097652999099e-07,True,145,0.6613388061523438,gaussian4_rho1.50_n800,gaussian4,800,1.5,0.75
True,4,4,0.7775401126110137,2.4182745068765916,2.3766171720762297,0.23561802777853666,5.842579980213343,0.8312903132544773,499.6377631507067,8.413727687580777e-103,meaningfully_different,True,1.0,1.0,7.763228089191362e-07,6.141650206337058e-07,True,146,0.6558499336242676,gaussian4_rho1.50_n800,gaussian4,800,1.5,0.75
True,4,4,0.7770612027473479,2.4152964512606196,2.374778899185191,0.2384120582308062,5.7663983499285525,0.8317048511754482,477.7973791704266,4.069794278200865e-98,meaningfully_different,True,1.0,1.0,7.808110658390343e-07,7.384875021195128e-07,True,147,0.6475620269775391,gaussian4_rho1.50_n800,gaussian4,800,1.5,0.75
True,4,4,0.8060490229591908,2.5988601096538644,2.552549978891902,0.24594459179140704,6.312600604808852,0.8598099837651771,554.954914986369,1.1202297029427228e-114,meaningfully_different,True,1.0,1.0,8.355402662862169e-07,9.665277759612545e-07,True,148,0.7016797065734863,gaussian4_rho1.50_n800,gaussian4,800,1.5,0.75
True,4,4,0.7181042238799747,2.0626947054170435,2.016328396574752,0.22346885166617386,4.547964465727784,0.7719944863385584,365.62714460832524,4.1696010784464465e-74,meaningfully_different,True,1.0,1.0,8.741095287115508e-07,9.319096497864061e-07,True,149,0.7107944488525391,gaussian4_rho1.50_n800,gaussian4,800,1.5,0.75
True,4,4,0.7985910795318267,2.5509908492312334,2.498033135023572,0.2595261823846455,5.772184992122787,0.8551192486150433,502.3116351776084,2.245383851746482e-103,meaningfully_different,True,1.0,1.0,8.76214175433928e-07,9.673594456023181e-07,True,150,0.74627685546875,gaussian4_rho1.50_n800,gaussian4,800,1.5,0.75
True,4,4,0.7109740341770783,2.021936309096117,1.9807285041417784,0.20761923087349873,4.723688167110738,0.7619435262978693,507.47816911657753,1.7485230584725542e-104,meaningfully_different,True,1.0,1.0,9.500488487201576e-07,9.720220966606616e-07,True,151,0.6594328880310059,gaussian4_rho1.50_n800,gaussian4,800,1.5,0.75
True,4,4,0.7759023431513665,2.4080977844311238,2.372176547091031,0.21847242918490212,6.2807767195635575,0.8263673085596859,520.8276371970737,2.3854430787562813e-107,meaningfully_different,True,1.0,1.0,9.240323538164116e-07,6.632298883342802e-07,True,152,0.6370251178741455,gaussian4_rho1.50_n800,gaussian4,800,1.5,0.75
True,4,4,0.7655668763114265,2.34437056842094,2.296781082817647,0.24507771411535734,5.29130560687071,0.8215683248770714,382.54954355146606,1.009422815125937e-77,meaningfully_different,True,1.0,1.0,8.813287616204156e-07,9.22925360333979e-07,True,153,0.7302858829498291,gaussian4_rho1.50_n800,gaussian4,800,1.5,0.75
True,4,4,0.7691713630547165,2.3664983429738013,2.3250869691788614,0.23765023781696154,5.575786421890496,0.8240125643456492,468.22902681058764,4.5821509850021026e-96,meaningfully_different,True,1.0,1.0,9.553678935077345e-07,9.132679366493819e-07,True,154,0.6531527042388916,gaussian4_rho1.50_n800,gaussian4,800,1.5,0.75
True,4,4,0.7535250736169348,2.271200146277628,2.226117713167899,0.23246969843076404,5.274311970310706,0.8075420019708041,468.3179347035842,4.3854039187725376e-96,meaningfully_different,True,1.0,1.0,9.85163790498436e-07,8.768701760568585e-07,True,155,0.7174041271209717,gaussian4_rho1.50_n800,gaussian4,800,1.5,0.75
True,4,4,0.7735845362269397,2.3937321387577972,2.346062835000858,0.26121689003917686,5.153046706891648,0.8330255674351752,410.1684603533733,1.2504441950346962e-83,meaningfully_different,True,1.0,1.0,7.836261979770941e-07,8.956611988760333e-07,True,156,0.7496612071990967,gaussian4_rho1.50_n800,gaussian4,800,1.5,0.75
True,4,4,0.7419741287633255,2.2021024310163835,2.1608500226669407,0.21673328575238113,5.356122473929629,0.7933070896282622,490.683943968908,7.01166092319781e-101,meaningfully_different,True,1.0,1.0,8.571556234896744e-07,8.418687263563205e-07,True,157,0.6829099655151367,gaussian4_rho1.50_n800,gaussian4,800,1.5,0.75
True,4,4,0.8296821523226184,2.7534898955307705,2.711104666475825,0.2468116819507484,6.932834997726235,0.8827618247163992,569.2624092002073,9.451923005006455e-118,meaningfully_different,True,1.0,1.0,9.273366706768905e-07,8.787416111953951e-07,True,158,0.707413911819458,gaussian4_rho1.50_n800,gaussian4,800,1.5,0.75
True,4,4,0.7971152863448702,2.5415711188986574,2.4902673075581077,0.2651092895804317,5.621331903973039,0.8553264411999387,401.04689194396315,1.1184886995409696e-81,meaningfully_different,True,1.0,1.0,9.531632635653449e-07,9.965693396327552e-07,True,159,0.722588062286377,gaussian4_rho1.50_n800,gaussian4,800,1.5,0.75
True,4,4,0.8129448044230289,2.6435170201535865,2.604543149924725,0.2311531040525168,6.941473516012924,0.8638223445110977,633.9814688832937,1.1528645261147181e-131,meaningfully_different,True,1.0,1.0,8.755190643224057e-07,9.955340083690075e-07,True,160,0.6675629615783691,gaussian4_rho1.50_n800,gaussian4,800,1.5,0.75
True,4,4,0.7879446460076077,2.483427060688217,2.439715648199434,0.246006222937426,5.852354590906587,0.8432615069257419,548.2549811620524,3.079012605725332e-113,meaningfully_different,True,1.0,1.0,9.84914439167769e-07,8.676217322244798e-07,True,161,0.669482946395874,gaussian4_rho1.50_n800,gaussian4,800,1.5,0.75
True,4,4,0.7871112945489392,2.4781767600260283,2.427144891432073,0.25323384009034255,5.6356800138675425,0.8431603482985194,446.45427199258586,2.1263065389267346e-91,meaningfully_different,True,1.0,1.0,8.670070452901187e-07,9.937685784725608e-07,True,162,0.7299690246582031,gaussian4_rho1.50_n800,gaussian4,800,1.5,0.75
True,4,4,0.7448336110300199,2.219108432480076,2.1770598153839495,0.21744065363754955,5.413246307408471,0.7960398644487554,461.85812423242373,1.063460018380727e-94,meaningfully_different,True,1.0,1.0,8.963094021654612e-07,9.198393483105918e-07,True,163,0.6863398551940918,gaussian4_rho1.50_n800,gaussian4,800,1.5,0.75
True,4,4,0.8169155685157383,2.669404184333568,2.632616627430714,0.2324861592119833,7.022425046568374,0.8681909826798713,583.4783989847374,8.328794290908174e-121,meaningfully_different,True,1.0,1.0,8.093459035955105e-07,9.281915373963003e-07,True,164,0.6400289535522461,gaussian4_rho1.50_n800,gaussian4,800,1.5,0.75
True,4,4,0.7270166644511193,2.114212921558526,2.074466123888629,0.2225204224329161,4.8286180303857344,0.7811017295778739,425.18370714489583,7.641217226545031e-87,meaningfully_different,True,1.0,1.0,9.89006421677895e-07,7.957975272122288e-07,True,165,0.6482560634613037,gaussian4_rho1.50_n800,gaussian4,800,1.5,0.75
True,4,4,0.7476934208747852,2.2361818064777546,2.1950281557034685,0.21538040098757463,5.5484535743454675,0.7983259656058644,555.601818037944,8.134788250334613e-115,meaningfully_different,True,1.0,1.0,8.726189538425636e-07,8.576992625197263e-07,True,166,0.6741409301757812,gaussian4_rho1.50_n800,gaussian4,800,1.5,0.75
True,4,4,0.8085865134146322,2.6152485987041243,2.5608586196038097,0.2777843720502717,5.6189576399976,0.8685869633319878,435.96318509656686,3.757474404463555e-89,meaningfully_different,True,1.0,1.0,8.692752206807171e-07,9.005187089403243e-07,True,167,0.7545609474182129,gaussian4_rho1.50_n800,gaussian4,800,1.5,0.75
True,4,4,0.7832041071162942,2.453634693615326,2.407520414411465,0.23980359395970566,5.869471725465347,0.8369531387258317,477.8599366086604,3.946009610584912e-98,meaningfully_different,True,1.0,1.0,8.92800981192229e-07,9.466759252345754e-07,True,168,0.6879112720489502,gaussian4_rho1.50_n800,gaussian4,800,1.5,0.75
True,4,4,0.7728419703401938,2.3891388444772517,2.345368623912288,0.23345093646709988,5.762960921349271,0.8260389281800548,454.7632781641475,3.5258693728749297e-93,meaningfully_different,True,1.0,1.0,9.530591271165214e-07,9.35184044765172e-07,True,169,0.6781198978424072,gaussian4_rho1.50_n800,gaussian4,800,1.5,0.75
True,4,4,0.769696657775135,2.369731779960853,2.3283836912338773,0.21727163038434544,6.113930699944654,0.8194149926174813,508.61060471278756,9.992145787654834e-105,meaningfully_different,True,1.0,1.0,7.88829643028896e-07,9.194086474528087e-07,True,170,0.6879558563232422,gaussian4_rho1.50_n800,gaussian4,800,1.5,0.75
True,4,4,0.7321656292713846,2.1442660347454505,2.104073738668827,0.20333723346209376,5.429766697768361,0.7807902606691554,504.865178609453,6.358810496708525e-104,meaningfully_different,True,1.0,1.0,7.662821133326348e-07,9.412635322945061e-07,True,171,0.6676530838012695,gaussian4_rho1.50_n800,gaussian4,800,1.5,0.75
True,4,4,0.7907849435827583,2.5013633079887447,2.4657209676117375,0.2301451046717517,6.368681922225748,0.8432490702272067,519.1634066921881,5.4299818173323504e-107,meaningfully_different,True,1.0,1.0,9.61285302899864e-07,7.262103831908499e-07,True,172,0.6463871002197266,gaussian4_rho1.50_n800,gaussian4,800,1.5,0.75
True,4,4,0.7407370063653926,2.194765250396655,2.1502881643360285,0.22486443393162475,5.115473995704454,0.7937501565450005,436.5825052636598,2.7685564543147216e-89,meaningfully_different,True,1.0,1.0,9.439372399702726e-07,7.673260395960867e-07,True,173,0.6807680130004883,gaussian4_rho1.50_n800,gaussian4,800,1.5,0.75
True,4,4,0.7852949606725041,2.4667527010305195,2.425050992433706,0.22279432632655724,6.396262489848867,0.8353913825501424,549.7891119656579,1.4418050143976755e-113,meaningfully_different,True,1.0,1.0,8.41506014252638e-07,9.546050329171996e-07,True,174,0.6722869873046875,gaussian4_rho1.50_n800,gaussian4,800,1.5,0.75
True,4,4,0.7687367033636082,2.3638244763933924,2.3200566177005366,0.22962747835149663,5.74868751413057,0.821242992103238,518.6877428915321,6.869067955406144e-107,meaningfully_different,True,1.0,1.0,8.701544471321227e-07,9.510151626249575e-07,True,175,0.6901557445526123,gaussian4_rho1.50_n800,gaussian4,800,1.5,0.75
True,4,4,0.7838510110541844,2.4576896301226685,2.413521281186574,0.2463544018758172,5.7377553249448505,0.8394549143086054,457.91732195071677,7.436005909003646e-94,meaningfully_different,True,1.0,1.0,9.66328965808616e-07,9.908850539829697e-07,True,176,0.6894609928131104,gaussian4_rho1.50_n800,gaussian4,800,1.5,0.75
True,4,4,0.7438146952678275,2.2130412035854845,2.1688081561539807,0.23522785376170746,4.968833994200435,0.7993315245525375,419.57765939518697,1.2114063332276728e-85,meaningfully_different,True,1.0,1.0,9.03562179852279e-07,8.336610964835671e-07,True,177,0.6789188385009766,gaussian4_rho1.50_n800,gaussian4,800,1.5,0.75
True,4,4,0.7471168953014582,2.23273462097956,2.1850033628258267,0.2330256463112375,5.085291604526196,0.8012952705360205,460.211736576789,2.3966095307400637e-94,meaningfully_different,True,1.0,1.0,9.682562662053196e-07,8.684308604291455e-07,True,178,0.7156920433044434,gaussian4_rho1.50_n800,gaussian4,800,1.5,0.75
True,4,4,0.7716007706744158,2.3814709972214096,2.330861585207873,0.24833647732407596,5.3591063203780385,0.8275473914886584,403.36343962458307,3.573273804885829e-82,meaningfully_different,True,1.0,1.0,9.67597031392764e-07,8.891855726872585e-07,True,179,0.7156679630279541,gaussian4_rho1.50_n800,gaussian4,800,1.5,0.75
True,4,4,0.7928998482752129,2.5147606775794227,2.474789608788881,0.2344757821820368,6.289731054800016,0.8456458995264046,500.64562712135194,5.113856607115847e-103,meaningfully_different,True,1.0,1.0,9.766386443985371e-07,7.264934546770442e-07,True,180,0.6631650924682617,gaussian4_rho1.50_n800,gaussian4,800,1.5,0.75
True,4,4,0.8713960505101715,3.037324307378902,2.998461456534282,0.24116609107853362,8.286660233189668,0.9212958775744247,669.4219235271123,2.732959356672767e-139,meaningfully_different,True,1.0,1.0,8.634155541500554e-07,9.888201502634056e-07,True,181,0.6408281326293945,gaussian4_rho1.50_n800,gaussian4,800,1.5,0.75
True,4,4,0.8114803664466219,2.6340015405133754,2.591520016512234,0.26320237363227855,6.046754041571658,0.8695472090984371,481.7475815972275,5.787344504257669e-99,meaningfully_different,True,1.0,1.0,9.316070618055288e-07,9.376750114276553e-07,True,182,0.684333086013794,gaussian4_rho1.50_n800,gaussian4,800,1.5,0.75
True,4,4,0.7821398417712286,2.4469709283436902,2.4089297952810753,0.20531298006742907,6.8623512980930546,0.8286494426482771,601.030467592677,1.4050220013617785e-124,meaningfully_different,True,1.0,1.0,9.404862511192891e-07,9.518443030465567e-07,True,183,0.6482129096984863,gaussian4_rho1.50_n800,gaussian4,800,1.5,0.75
True,4,4,0.7946958598728113,2.5261660387959477,2.4860151366776373,0.223059572851388,6.661965311247526,0.8445287863815668,558.5010113784331,1.9388798745024685e-115,meaningfully_different,True,1.0,1.0,9.74836242439221e-07,9.233114677407661e-07,True,184,0.6831011772155762,gaussian4_rho1.50_n800,gaussian4,800,1.5,0.75
True,4,4,0.7919567787956663,2.5087821579216314,2.4640355616520964,0.2512302125167859,5.8274661593667885,0.8481262417691898,564.4528392729774,1.0206800377415255e-116,meaningfully_different,True,1.0,1.0,7.454873714036045e-07,7.274703447487008e-07,True,185,0.6883769035339355,gaussian4_rho1.50_n800,gaussian4,800,1.5,0.75
True,4,4,0.750125326787964,2.250752023554999,2.202503601435204,0.2353547062907563,5.109324646134909,0.804616002155322,416.066129223095,6.837724688002562e-85,meaningfully_different,True,1.0,1.0,9.85204334742766e-07,7.663099710000094e-07,True,186,0.6982347965240479,gaussian4_rho1.50_n800,gaussian4,800,1.5,0.75
True,4,4,0.7041096764139533,1.9830817456790477,1.9437893295799513,0.20666077689161855,4.566852712815037,0.7555984479203784,424.87748582351924,8.88634994222808e-87,meaningfully_different,True,1.0,1.0,9.65609598000779e-07,9.91957843438323e-07,True,187,0.6655030250549316,gaussian4_rho1.50_n800,gaussian4,800,1.5,0.75
True,4,4,0.7732376537441162,2.391585876670823,2.352588632627955,0.21984322014163762,6.152514650015258,0.8237412443599352,521.3933677516418,1.803562607148656e-107,meaningfully_different,True,1.0,1.0,9.727542437637238e-07,9.899396884023256e-07,True,188,0.656440019607544,gaussian4_rho1.50_n800,gaussian4,800,1.5,0.75
True,4,4,0.7476470967624367,2.2359047251892017,2.193242852400343,0.22263018440930257,5.359753240856963,0.7999120137075795,458.89480242772663,4.5903792101214165e-94,meaningfully_different,True,1.0,1.0,9.142993664107857e-07,9.6710178848024e-07,True,189,0.6674947738647461,gaussian4_rho1.50_n800,gaussian4,800,1.5,0.75
True,4,4,0.7404084374084503,2.1928186167424926,2.1505469345391894,0.20861926937002448,5.515055910288344,0.7895718929290797,483.30687086807063,2.6796417052358963e-99,meaningfully_different,True,1.0,1.0,9.83102764326255e-07,9.148732345797138e-07,True,190,0.6856169700622559,gaussian4_rho1.50_n800,gaussian4,800,1.5,0.75
True,4,4,0.789946762405871,2.496063549742071,2.4510332280821627,0.23238793468814148,6.244012754058903,0.8416170989995561,543.6611968539685,2.9854968191697036e-112,meaningfully_different,True,1.0,1.0,9.939231640697297e-07,9.759081552490896e-07,True,191,0.7094838619232178,gaussian4_rho1.50_n800,gaussian4,800,1.5,0.75
True,4,4,0.7985341867230044,2.55062738946148,2.503290553356969,0.273671578970073,5.493045931237746,0.8592788026332648,425.7440491679852,5.796870983601486e-87,meaningfully_different,True,1.0,1.0,9.677452434544937e-07,9.56699486015437e-07,True,192,0.7101130485534668,gaussian4_rho1.50_n800,gaussian4,800,1.5,0.75
True,4,4,0.7964812717458488,2.5375296649675385,2.495394980162507,0.23877692543882437,6.2627281820229035,0.8497276140038758,514.8393993901918,4.601400665707863e-106,meaningfully_different,True,1.0,1.0,9.058743828757567e-07,9.792547569107958e-07,True,193,0.6762287616729736,gaussian4_rho1.50_n800,gaussian4,800,1.5,0.75
True,4,4,0.7790344409359639,2.427578640657639,2.3841765345266706,0.23866751144566173,5.799601823232698,0.8331791008486034,444.8295742330796,4.7391006639608447e-91,meaningfully_different,True,1.0,1.0,8.22345404035111e-07,8.231018059145871e-07,True,194,0.6666738986968994,gaussian4_rho1.50_n800,gaussian4,800,1.5,0.75
True,4,4,0.7549108682310738,2.2795616758935746,2.236345909077108,0.22970953911220585,5.382214051081231,0.8084219933968847,441.80738262862707,2.10433412332602e-90,meaningfully_different,True,1.0,1.0,9.499499594146731e-07,9.707636248097646e-07,True,195,0.66457200050354,gaussian4_rho1.50_n800,gaussian4,800,1.5,0.75
True,4,4,0.7554180704108846,2.282625844413217,2.240200598704761,0.23816362308021957,5.207346876340683,0.8111635004634028,416.8648225032916,4.612795163371788e-85,meaningfully_different,True,1.0,1.0,9.570375962274674e-07,9.928728394354178e-07,True,196,0.6888418197631836,gaussian4_rho1.50_n800,gaussian4,800,1.5,0.75
True,4,4,0.7396775318917176,2.1884914047416917,2.146417541198363,0.23169713695439578,4.947914144593029,0.7949096516699354,399.8715406067032,1.9954971664524614e-81,meaningfully_different,True,1.0,1.0,8.753130538739524e-07,9.436716741172351e-07,True,197,0.6631820201873779,gaussian4_rho1.50_n800,gaussian4,800,1.5,0.75
True,4,4,0.8054777074988191,2.5951773491102124,2.552969118880914,0.23552761423043278,6.593575551449089,0.8573764589424923,562.2722531879119,3.0017381949194003e-116,meaningfully_different,True,1.0,1.0,9.076632356310347e-07,9.193535257410164e-07,True,198,0.6803069114685059,gaussian4_rho1.50_n800,gaussian4,800,1.5,0.75
True,4,4,0.8037205540956556,2.58386691630331,2.5331092945396505,0.26291355924505966,5.831229469266937,0.8610405937060412,440.4645329245801,4.080964277185464e-90,meaningfully_different,True,1.0,1.0,9.919336291311377e-07,7.251192820517154e-07,True,199,0.7176339626312256,gaussian4_rho1.50_n800,gaussian4,800,1.5,0.75
True,4,4,0.8029135741215518,2.578680830034579,2.5320288864863385,0.25084132370064144,6.107561799963587,0.8579956508579526,500.5364633922376,5.397220596822518e-103,meaningfully_different,True,1.0,1.0,9.881031413862008e-07,9.224436334885553e-07,True,200,0.7063610553741455,gaussian4_rho1.50_n800,gaussian4,800,1.5,0.75
True,4,4,0.7582364257845513,2.299689909546126,2.2550996657101074,0.21660179964487558,5.794502482287205,0.8079879209276889,533.2613619722874,5.107886326148476e-110,meaningfully_different,True,1.0,1.0,9.444661879194848e-07,8.002210590900747e-07,True,201,0.6817667484283447,gaussian4_rho1.50_n800,gaussian4,800,1.5,0.75
True,4,4,0.7537853320607338,2.2727693073196433,2.228206467206264,0.2236120226352364,5.492577960397758,0.8056077695857624,455.0982594742,2.9886913981178095e-93,meaningfully_different,True,1.0,1.0,9.412178422829377e-07,9.8768581198686e-07,True,202,0.6961309909820557,gaussian4_rho1.50_n800,gaussian4,800,1.5,0.75
True,4,4,0.7670526041822451,2.3534787903310557,2.3107219728476296,0.22088633400922875,5.93392062359488,0.8176257793891292,518.0774224494475,9.287507916485825e-107,meaningfully_different,True,1.0,1.0,9.512946085533544e-07,6.859545167670943e-07,True,203,0.6891589164733887,gaussian4_rho1.50_n800,gaussian4,800,1.5,0.75
True,4,4,0.720189429133933,2.0746912553450416,2.026428609787196,0.21751539250542004,4.718878043362469,0.7720442979628029,472.1240979936761,6.699044044420961e-97,meaningfully_different,True,1.0,1.0,7.483435168442856e-07,9.255884580510471e-07,True,204,0.70583176612854,gaussian4_rho1.50_n800,gaussian4,800,1.5,0.75
True,4,4,0.7747073993677284,2.400686218540436,2.3588436705114004,0.23943215401425125,5.675276472810418,0.8295592982798977,449.524879270922,4.6745755427078974e-92,meaningfully_different,True,1.0,1.0,9.141953115178208e-07,9.240118980460975e-07,True,205,0.666466236114502,gaussian4_rho1.50_n800,gaussian4,800,1.5,0.75
True,4,4,0.7846044345807275,2.4624164750549724,2.4182703582060103,0.2361318611840034,6.006264258853393,0.8376563595104677,492.2228825990397,3.2787463087633724e-101,meaningfully_different,True,1.0,1.0,9.653743892836822e-07,9.207883875447975e-07,True,206,0.6866822242736816,gaussian4_rho1.50_n800,gaussian4,800,1.5,0.75
True,4,4,0.759386818354608,2.3066733595629376,2.264985708456302,0.23058372059219695,5.486014820159466,0.8130593732299539,567.91636090301,1.839659119532463e-117,meaningfully_different,True,1.0,1.0,9.052388362969514e-07,9.908858494578818e-07,True,207,0.6804378032684326,gaussian4_rho1.50_n800,gaussian4,800,1.5,0.75
True,4,4,0.7948728863399712,2.527291621753747,2.482040948415513,0.220008617337124,6.736285907131306,0.84319673276808,592.1168508602802,1.1583736929867376e-122,meaningfully_different,True,1.0,1.0,9.438453727483195e-07,7.886830449962152e-07,True,208,0.7016210556030273,gaussian4_rho1.50_n800,gaussian4,800,1.5,0.75
True,4,4,0.7966967991910499,2.5389031593650557,2.4953807863082216,0.24119619276738333,6.199852365623411,0.8503107106800046,529.1230369132891,3.9514374379298957e-109,meaningfully_different,True,1.0,1.0,8.531293823880616e-07,9.726169116894203e-07,True,209,0.688499927520752,gaussian4_rho1.50_n800,gaussian4,800,1.5,0.75
True,4,4,0.7393096248194688,2.186314885402815,2.132970018859308,0.2356626329639244,4.807592975644742,0.7938199662749346,399.5955867897949,2.2860135984149623e-81,meaningfully_different,True,1.0,1.0,8.56861996031766e-07,8.906481956201963e-07,True,210,0.7575547695159912,gaussian4_rho1.50_n800,gaussian4,800,1.5,0.75
True,4,4,0.7803015781657049,2.435482211551559,2.3904077859889754,0.2506954710656494,5.546202251196116,0.8370730465185844,482.2449527340082,4.5270512095910936e-99,meaningfully_different,True,1.0,1.0,9.745138931310125e-07,9.814847672288746e-07,True,211,0.6914429664611816,gaussian4_rho1.50_n800,gaussian4,800,1.5,0.75
True,4,4,0.8045419011685634,2.5891506829437057,2.541588958070602,0.23463414159155305,6.570181763036739,0.8555009901914364,515.9578627889641,2.647495170706049e-106,meaningfully_different,True,1.0,1.0,8.339639439646059e-07,9.769831008550133e-07,True,212,0.7107219696044922,gaussian4_rho1.50_n800,gaussian4,800,1.5,0.75
True,4,4,0.7670618192596079,2.3535353382634376,2.312716180274625,0.23986688428666925,5.4726861699915785,0.8226879868575786,446.3123446083729,2.280513395806909e-91,meaningfully_different,True,1.0,1.0,9.531832837824476e-07,8.321620707928436e-07,True,213,0.6602668762207031,gaussian4_rho1.50_n800,gaussian4,800,1.5,0.75
True,4,4,0.7574125483807043,2.2946950737782106,2.2420432694099066,0.26071626596332753,4.763965396714499,0.8171418734046326,386.145852024242,1.7189844505904214e-78,meaningfully_different,True,1.0,1.0,8.074193966879815e-07,9.86852957400977e-07,True,214,0.7437081336975098,gaussian4_rho1.50_n800,gaussian4,800,1.5,0.75
True,4,4,0.7234925621942141,2.093765950201395,2.050003273069832,0.239957356035616,4.375791142297733,0.781776502662158,335.8671942958231,9.384434391541535e-68,meaningfully_different,True,1.0,1.0,8.563933350531038e-07,9.825624308727667e-07,True,215,0.6671142578125,gaussian4_rho1.50_n800,gaussian4,800,1.5,0.75
True,4,4,0.7611156218407686,2.31718795924024,2.277833723731502,0.22332052019607712,5.721971821530571,0.8131978989379998,545.7903250105526,1.041732061090732e-112,meaningfully_different,True,1.0,1.0,8.944215280370517e-07,7.496639556609006e-07,True,216,0.6610641479492188,gaussian4_rho1.50_n800,gaussian4,800,1.5,0.75
True,4,4,0.793813076532851,2.5205568018982,2.4730236567550725,0.24437564640816173,6.027702344344064,0.8477891579113506,503.141389568896,1.490230852055711e-103,meaningfully_different,True,1.0,1.0,9.939406676709678e-07,8.703938568545714e-07,True,217,0.6921563148498535,gaussian4_rho1.50_n800,gaussian4,800,1.5,0.75
True,4,4,0.7915741380707996,2.506358464250117,2.4702940801242153,0.21202199876078043,6.934629843684826,0.8394997370129703,602.1397414596936,8.113378997988337e-125,meaningfully_different,True,1.0,1.0,9.257348917045074e-07,9.1085386810596e-07,True,218,0.6361589431762695,gaussian4_rho1.50_n800,gaussian4,800,1.5,0.75
True,4,4,0.7907108842777508,2.5008948100612103,2.4576880327078374,0.2492156083340274,5.849104084821511,0.8467011323319729,485.4177021689429,9.448653375759129e-100,meaningfully_different,True,1.0,1.0,9.705271224189247e-07,8.314938545916086e-07,True,219,0.6988322734832764,gaussian4_rho1.50_n800,gaussian4,800,1.5,0.75
True,4,4,0.7779643759319471,2.420914280876736,2.3818222660726764,0.22786561577263112,6.064198239770788,0.8301547823499271,493.23424816561254,1.9895549991912628e-101,meaningfully_different,True,1.0,1.0,6.90389403822629e-07,9.191516138882144e-07,True,220,0.6467652320861816,gaussian4_rho1.50_n800,gaussian4,800,1.5,0.75
True,4,4,0.745478820720096,2.2229546885688998,2.182928232869606,0.22061693553190553,5.361910362944603,0.7977798567659784,498.78691736627246,1.2809600742511644e-102,meaningfully_different,True,1.0,1.0,9.533296439675096e-07,7.665409630696125e-07,True,221,0.6613109111785889,gaussian4_rho1.50_n800,gaussian4,800,1.5,0.75
True,4,4,0.7964125436166059,2.5370917585194883,2.4979459627998897,0.2233463242713784,6.7068306034882434,0.8463625071953427,551.8608733196681,5.175017466540085e-114,meaningfully_different,True,1.0,1.0,8.25540261491147e-07,9.555189540836084e-07,True,222,0.6501412391662598,gaussian4_rho1.50_n800,gaussian4,800,1.5,0.75
True,4,4,0.7077687762524401,2.0037465625515063,1.9598140546624034,0.21834784168842702,4.395802803638503,0.7614072980344748,443.3820802386526,9.678051300808524e-91,meaningfully_different,True,1.0,1.0,8.925403703448239e-07,9.640274524818851e-07,True,223,0.7005181312561035,gaussian4_rho1.50_n800,gaussian4,800,1.5,0.75
True,4,4,0.799434819647161,2.5563841234571556,2.514963121965789,0.21985526908041667,6.890729197905461,0.8480260695752673,555.7506203396581,7.557564756994897e-115,meaningfully_different,True,1.0,1.0,9.824815057761893e-07,9.383821388475695e-07,True,224,0.6632668972015381,gaussian4_rho1.50_n800,gaussian4,800,1.5,0.75
True,4,4,0.7541891611247802,2.275205163032399,2.2288654853258065,0.22367257602860738,5.494037343087767,0.805725470190691,445.9754012066562,2.692894908629874e-91,meaningfully_different,True,1.0,1.0,8.608546844036384e-07,9.773070686452716e-07,True,225,0.6959090232849121,gaussian4_rho1.50_n800,gaussian4,800,1.5,0.75
True,4,4,0.703240615565114,1.9781894535216018,1.9318202673062819,0.21528932730952224,4.328223228486382,0.7559662191816663,402.46828517222724,5.553495808526725e-82,meaningfully_different,True,1.0,1.0,7.793387841354362e-07,9.257397941150288e-07,True,226,0.6983392238616943,gaussian4_rho1.50_n800,gaussian4,800,1.5,0.75
True,4,4,0.779723691724871,2.4318761417482464,2.3929391032775715,0.23133713507209422,6.021251637111673,0.8326846385261152,482.77030855779014,3.492597342226643e-99,meaningfully_different,True,1.0,1.0,7.432902926116348e-07,9.897609675033089e-07,True,227,0.6542508602142334,gaussian4_rho1.50_n800,gaussian4,800,1.5,0.75
True,4,4,0.8090455025994163,2.618218501105369,2.5738134875086276,0.2539375295104055,6.197640382431688,0.8647981778922343,538.9933387107108,3.002174787249179e-111,meaningfully_different,True,1.0,1.0,9.784401267049602e-07,8.355653010029617e-07,True,228,0.6908221244812012,gaussian4_rho1.50_n800,gaussian4,800,1.5,0.75
True,4,4,0.7421319064248862,2.2030390661353443,2.1577745948372193,0.21658185718004097,5.34566749916998,0.792783080065363,488.4876746438797,2.0745026378850279e-100,meaningfully_different,True,1.0,1.0,9.97956069689425e-07,9.870972052828793e-07,True,229,0.7005729675292969,gaussian4_rho1.50_n800,gaussian4,800,1.5,0.75
True,4,4,0.7484226834705487,2.2405460525330287,2.1984025017961715,0.21553492996157736,5.560131260440275,0.7988939092705306,472.70014258627964,5.04090230646333e-97,meaningfully_different,True,1.0,1.0,9.591174744121397e-07,8.305466564268838e-07,True,230,0.6757879257202148,gaussian4_rho1.50_n800,gaussian4,800,1.5,0.75
True,4,4,0.7579218007699193,2.297781824329269,2.2557338181747166,0.21834680495693615,5.75109774755981,0.8085298931148741,459.4892672628518,3.4232726134774524e-94,meaningfully_different,True,1.0,1.0,7.847993154540421e-07,9.82215310105329e-07,True,231,0.676912784576416,gaussian4_rho1.50_n800,gaussian4,800,1.5,0.75
True,4,4,0.8494818088098393,2.886477373995345,2.837397578957598,0.2667480066912871,6.888139865592531,0.9050081498591377,537.8583329385085,5.262148445479887e-111,meaningfully_different,True,1.0,1.0,9.641660645324993e-07,9.362468064283281e-07,True,232,0.7304782867431641,gaussian4_rho1.50_n800,gaussian4,800,1.5,0.75
True,4,4,0.7930777457420104,2.5158892431649154,2.461498070829579,0.2559137533910662,5.710900846334111,0.8488873211860393,423.3635549325064,1.8743065075444896e-86,meaningfully_different,True,1.0,1.0,8.581015032501143e-07,8.686355526632686e-07,True,233,0.7359969615936279,gaussian4_rho1.50_n800,gaussian4,800,1.5,0.75
True,4,4,0.7104235842776291,2.0188066763914945,1.9784478695110155,0.21578348256611626,4.534396506513042,0.7637702719807363,402.2269488323887,6.254525626284993e-82,meaningfully_different,True,1.0,1.0,9.365236726910709e-07,9.91448915274012e-07,True,234,0.6545567512512207,gaussian4_rho1.50_n800,gaussian4,800,1.5,0.75
True,4,4,0.7675045001891727,2.356252631242527,2.3156562614327516,0.21782976251423355,6.039837009631699,0.8176115117160269,505.38964563748107,4.90723327847347e-104,meaningfully_different,True,1.0,1.0,9.275828222879036e-07,9.969623627300308e-07,True,235,0.6565392017364502,gaussian4_rho1.50_n800,gaussian4,800,1.5,0.75
True,4,4,0.8190021883132922,2.6830583378478456,2.6389538506694814,0.24378437191789887,6.722965208046414,0.8717716815503822,597.9057267440719,6.598472138144832e-124,meaningfully_different,True,1.0,1.0,8.273342024628626e-07,9.689358585097677e-07,True,236,0.6882131099700928,gaussian4_rho1.50_n800,gaussian4,800,1.5,0.75
True,4,4,0.7775138618234909,2.4181112213107143,2.367383543618425,0.24507758407816446,5.579390496938778,0.8322409952462535,454.6370942134825,3.752379450507328e-93,meaningfully_different,True,1.0,1.0,9.556877361867373e-07,9.475084070278705e-07,True,237,0.709824800491333,gaussian4_rho1.50_n800,gaussian4,800,1.5,0.75
True,4,4,0.7643890598283101,2.337162539140831,2.292703057771941,0.23807067048943073,5.429913122495831,0.819190829965346,422.94469463101166,2.3041536320109816e-86,meaningfully_different,True,1.0,1.0,9.899086950448895e-07,7.775580122751821e-07,True,238,0.6784770488739014,gaussian4_rho1.50_n800,gaussian4,800,1.5,0.75
True,4,4,0.7758465284599075,2.4077513428931603,2.360705004182759,0.239794468998997,5.674463676593184,0.82992948589604,476.0909164895239,9.451138889879198e-98,meaningfully_different,True,1.0,1.0,9.667399040942238e-07,9.959560882712833e-07,True,239,0.715933084487915,gaussian4_rho1.50_n800,gaussian4,800,1.5,0.75
True,4,4,0.719737471862864,2.0720881136141878,2.0281180307416453,0.2252728165044376,4.563879684619616,0.7743802102363126,374.637350033051,4.9556299489821244e-76,meaningfully_different,True,1.0,1.0,9.006970950825095e-07,9.356975137599765e-07,True,240,0.6877799034118652,gaussian4_rho1.50_n800,gaussian4,800,1.5,0.75
True,4,4,0.7332243455569812,2.1504717636698536,2.1043250447409063,0.2316050774751487,4.768138318812984,0.7882387798830823,404.053679130964,2.5433094403757386e-82,meaningfully_different,True,1.0,1.0,8.333345880538946e-07,8.797549320586824e-07,True,241,0.6884849071502686,gaussian4_rho1.50_n800,gaussian4,800,1.5,0.75
True,4,4,0.7494937403767228,2.2469634674555614,2.2036796129755905,0.22521574153569718,5.344562528213884,0.8022042355733275,507.0746170558307,2.1343675223716128e-104,meaningfully_different,True,1.0,1.0,9.444144571784135e-07,9.047941275989371e-07,True,242,0.6749570369720459,gaussian4_rho1.50_n800,gaussian4,800,1.5,0.75
True,4,4,0.7590002816120913,2.3043257099489356,2.2597526871586555,0.22973722986720524,5.483450322295734,0.8120401472451211,452.70689698898894,9.72579308275095e-93,meaningfully_different,True,1.0,1.0,8.830555011025356e-07,9.983990860168891e-07,True,243,0.6962788105010986,gaussian4_rho1.50_n800,gaussian4,800,1.5,0.75
True,4,4,0.7942441526284767,2.523295095938108,2.480975573722242,0.2381668592942913,6.218226910790607,0.8474557799749934,585.0591694775424,3.809211619791815e-121,meaningfully_different,True,1.0,1.0,9.171904173916202e-07,9.02597288030926e-07,True,244,0.6895170211791992,gaussian4_rho1.50_n800,gaussian4,800,1.5,0.75
True,4,4,0.7693721033646257,2.367733733742833,2.3160712723382115,0.25611273937798124,5.138640410994558,0.8272453143736387,434.1412200231805,9.227828912303061e-89,meaningfully_different,True,1.0,1.0,9.66748677429038e-07,9.082472253752925e-07,True,245,0.731665849685669,gaussian4_rho1.50_n800,gaussian4,800,1.5,0.75
True,4,4,0.7784954167674237,2.4242204557115388,2.387228462265704,0.2247653379647451,6.171896764986483,0.8302009611578977,499.1581891198143,1.0663026666929737e-102,meaningfully_different,True,1.0,1.0,7.69055853373686e-07,9.035192125890041e-07,True,246,0.6425096988677979,gaussian4_rho1.50_n800,gaussian4,800,1.5,0.75
True,4,4,0.7988403740913775,2.552583773113808,2.508511545088338,0.23641671400917227,6.3807313768425535,0.8510849597129352,536.6161478043894,9.725208781075313e-111,meaningfully_different,True,1.0,1.0,9.280140612509922e-07,9.86441428994128e-07,True,247,0.698246955871582,gaussian4_rho1.50_n800,gaussian4,800,1.5,0.75
True,4,4,0.8646846157693215,2.9907179389925567,2.938687279934228,0.25737120310295164,7.532650337569931,0.9167913116995304,604.8947251422709,2.0743995068168795e-125,meaningfully_different,True,1.0,1.0,8.229853526361658e-07,9.790516603112883e-07,True,248,0.7523629665374756,gaussian4_rho1.50_n800,gaussian4,800,1.5,0.75
True,4,4,0.7759921770495793,2.4086554353685825,2.3708929158185525,0.22048629009317763,6.2175880198229665,0.826674148285071,523.6834085006042,5.8149125972199785e-108,meaningfully_different,True,1.0,1.0,9.241880695891505e-07,9.407704331193826e-07,True,249,0.6285781860351562,gaussian4_rho1.50_n800,gaussian4,800,1.5,0.75
True,4,4,0.7724710414167761,2.3868460393100746,2.3451874873681398,0.22915964855608997,5.8700888042202015,0.82494265959013,512.844261796909,1.2333593127655061e-105,meaningfully_different,True,1.0,1.0,9.750789644489788e-07,9.15306134704589e-07,True,250,0.6633689403533936,gaussian4_rho1.50_n800,gaussian4,800,1.5,0.75
True,4,4,0.800419898092469,2.562688053049434,2.516063742671067,0.2763642525750869,5.485744731978891,0.8617775939705864,443.41323657168675,9.530452986953456e-91,meaningfully_different,True,1.0,1.0,9.483532594275528e-07,9.512631864406592e-07,True,251,0.7008190155029297,gaussian4_rho1.50_n800,gaussian4,800,1.5,0.75
True,4,4,0.7849297902478553,2.464459102474168,2.424054455798053,0.23632279232276213,6.025887058126518,0.8385658676993489,498.18351801166534,1.7258035385141188e-102,meaningfully_different,True,1.0,1.0,9.796792074382436e-07,9.117821937818216e-07,True,252,0.6824541091918945,gaussian4_rho1.50_n800,gaussian4,800,1.5,0.75
True,4,4,0.7801790801926644,2.434717588681087,2.39187861574282,0.24315982297896938,5.7241307329920295,0.8354401433523911,486.40688820636814,5.797119547161172e-100,meaningfully_different,True,1.0,1.0,9.311527720115998e-07,9.858633511462778e-07,True,253,0.6504707336425781,gaussian4_rho1.50_n800,gaussian4,800,1.5,0.75
True,4,4,0.7617617680554203,2.3211239650836797,2.2658649362321093,0.27363801971376045,4.626056487166037,0.8240084079410396,420.75082170719236,6.794559930378765e-86,meaningfully_different,True,1.0,1.0,9.223328184809366e-07,9.096657475463656e-07,True,254,0.7527008056640625,gaussian4_rho1.50_n800,gaussian4,800,1.5,0.75
True,4,4,0.8057379078267315,2.5968543044359937,2.5582004029997734,0.2235675721227891,6.969706689590784,0.8552684278743542,593.011082722308,7.440947044108496e-123,meaningfully_different,True,1.0,1.0,9.776355486438663e-07,9.78783345879506e-07,True,255,0.6549160480499268,gaussian4_rho1.50_n800,gaussian4,800,1.5,0.75
True,4,4,0.7567826414834944,2.290879865802941,2.245947319589016,0.23859129260795883,5.222098870289845,0.812156861787527,456.0876040421185,1.83427496616746e-93,meaningfully_different,True,1.0,1.0,9.393201917873039e-07,9.964343145006838e-07,True,256,0.6915299892425537,gaussian4_rho1.50_n800,gaussian4,800,1.5,0.75
True,4,4,0.7553865791834362,2.282435536041815,2.2320719996007212,0.2285756088738106,5.3902164175395875,0.8074722005879598,434.2804556170249,8.615505480641951e-89,meaningfully_different,True,1.0,1.0,9.362587853767698e-07,9.699910882038168e-07,True,257,0.7112119197845459,gaussian4_rho1.50_n800,gaussian4,800,1.5,0.75
True,4,4,0.7532237523297243,2.2693840842946793,2.2283442327441274,0.21064717807851693,5.831287387511418,0.8023135309238011,521.5384001483934,1.67879940433369e-107,meaningfully_different,True,1.0,1.0,9.635220103157792e-07,7.3090053292146e-07,True,258,0.6633601188659668,gaussian4_rho1.50_n800,gaussian4,800,1.5,0.75
True,4,4,0.7608453479360171,2.3155425739035156,2.275550564403173,0.2144041590307543,5.949280882280866,0.8105883701081563,503.28855922305354,1.3857203196225494e-103,meaningfully_different,True,1.0,1.0,7.601949182974852e-07,8.412538767758378e-07,True,259,0.6625351905822754,gaussian4_rho1.50_n800,gaussian4,800,1.5,0.75
True,4,4,0.797290795120313,2.5426904479343237,2.5056448205169013,0.23389726618299497,6.437205723212365,0.8500546434100625,586.9845127455492,1.468987232104662e-121,meaningfully_different,True,1.0,1.0,6.87859710523893e-07,9.597432120049623e-07,True,260,0.6529600620269775,gaussian4_rho1.50_n800,gaussian4,800,1.5,0.75
True,4,4,0.7470713173760173,2.2324622129837515,2.189661852383881,0.22032129536372388,5.399668018563038,0.798758119545202,535.3581976330647,1.8113941231041226e-110,meaningfully_different,True,1.0,1.0,9.041510267225683e-07,9.531533769701106e-07,True,261,0.6725480556488037,gaussian4_rho1.50_n800,gaussian4,800,1.5,0.75
True,4,4,0.7541747977171138,2.2751185020465985,2.2297219693919796,0.22952874558729694,5.357594606485914,0.807351094484436,456.24745079049194,1.6951521887024267e-93,meaningfully_different,True,1.0,1.0,8.962475562542208e-07,8.070420442072863e-07,True,262,0.6899032592773438,gaussian4_rho1.50_n800,gaussian4,800,1.5,0.75
True,4,4,0.780385847537728,2.4360082841487123,2.3947489124166474,0.2236731291096353,6.235656996299271,0.831062342740335,552.6240640309996,3.547979352731237e-114,meaningfully_different,True,1.0,1.0,9.835790387712961e-07,8.93300580168662e-07,True,263,0.6633040904998779,gaussian4_rho1.50_n800,gaussian4,800,1.5,0.75
True,4,4,0.7974066561750157,2.5434295012488786,2.495741056709734,0.26125198992111803,5.725281009960366,0.8551991493038003,489.19034539498955,1.466209686762496e-100,meaningfully_different,True,1.0,1.0,9.753308819180623e-07,8.490039452191504e-07,True,264,0.7200689315795898,gaussian4_rho1.50_n800,gaussian4,800,1.5,0.75
True,4,4,0.7276448481065777,2.117868099904178,2.069980696131829,0.22398124881212977,4.777099430449661,0.7807683820457865,431.04457232432486,4.2485900682366136e-88,meaningfully_different,True,1.0,1.0,9.020182645214703e-07,9.371057695670421e-07,True,265,0.7078230381011963,gaussian4_rho1.50_n800,gaussian4,800,1.5,0.75
True,4,4,0.8008623669391222,2.565522123117333,2.5219372255380876,0.24530101589056227,6.204365766740564,0.8551931786474563,513.4353312802834,9.209485923535407e-106,meaningfully_different,True,1.0,1.0,9.481484086873638e-07,9.276713748077184e-07,True,266,0.6837730407714844,gaussian4_rho1.50_n800,gaussian4,800,1.5,0.75
True,4,4,0.8116063967417965,2.634819772928809,2.5922829931734666,0.22621948483173915,7.038664217442623,0.8608688827699091,582.4802928615509,1.3648821889923488e-120,meaningfully_different,True,1.0,1.0,9.403615811893007e-07,9.530725621330331e-07,True,267,0.6877140998840332,gaussian4_rho1.50_n800,gaussian4,800,1.5,0.75
True,4,4,0.8094071862988479,2.6205599729288713,2.579755000199599,0.23066092026342902,6.848819463632683,0.8601102329775621,551.4017793404903,6.494151774679903e-114,meaningfully_different,True,1.0,1.0,8.24089291820068e-07,9.064881825247415e-07,True,268,0.6740760803222656,gaussian4_rho1.50_n800,gaussian4,800,1.5,0.75
True,4,4,0.8187315496621536,2.6812854016487657,2.6368279743114766,0.2559553130350434,6.394975571721674,0.874333603279473,479.7765057012941,1.5316997549989304e-98,meaningfully_different,True,1.0,1.0,9.617238887166247e-07,9.425080944157947e-07,True,269,0.6970529556274414,gaussian4_rho1.50_n800,gaussian4,800,1.5,0.75
True,4,4,0.7744275556153699,2.3989521555855875,2.346814006033533,0.2379551199117967,5.659949685187523,0.8273776870438501,487.4902822504571,3.3950252889744354e-100,meaningfully_different,True,1.0,1.0,9.399411053677508e-07,9.662623446389825e-07,True,270,0.7388958930969238,gaussian4_rho1.50_n800,gaussian4,800,1.5,0.75
True,4,4,0.8088646347131355,2.617047989158457,2.573974640601724,0.23926606231743988,6.5783447320393265,0.8613263450938561,563.3452032638509,1.7654671840485873e-116,meaningfully_different,True,1.0,1.0,9.403449244752802e-07,8.72147350534644e-07,True,271,0.6815102100372314,gaussian4_rho1.50_n800,gaussian4,800,1.5,0.75
True,4,4,0.750777004832806,2.2546644439428767,2.2134853315952734,0.20178911231773353,6.01363134837791,0.7977153133904374,553.371057883156,2.4520368258434993e-114,meaningfully_different,True,1.0,1.0,7.83941938750907e-07,6.890049476272627e-07,True,272,0.6747117042541504,gaussian4_rho1.50_n800,gaussian4,800,1.5,0.75
True,4,4,0.7954505211573399,2.5309661264379346,2.493802067528599,0.2223498361287568,6.718251263578977,0.8455079836904336,579.6401942433092,5.5650428195181735e-120,meaningfully_different,True,1.0,1.0,9.242506459629988e-07,9.627882310961123e-07,True,273,0.6299540996551514,gaussian4_rho1.50_n800,gaussian4,800,1.5,0.75
True,4,4,0.7889989902564479,2.490077626502778,2.44783991605398,0.23324452890086528,6.207390685118054,0.8413520406736938,527.7076261821439,7.954831858292057e-109,meaningfully_different,True,1.0,1.0,9.485548895896868e-07,7.669722956096054e-07,True,274,0.6593620777130127,gaussian4_rho1.50_n800,gaussian4,800,1.5,0.75
True,4,4,0.7326974058812415,2.1473819543404034,2.1094314015582123,0.20385241456041125,5.442326518185216,0.7817830237685389,491.73543504880126,4.1712871866203e-101,meaningfully_different,True,1.0,1.0,9.995788719445483e-07,9.693217974696357e-07,True,275,0.6485271453857422,gaussian4_rho1.50_n800,gaussian4,800,1.5,0.75
True,4,4,0.762591007519985,2.3261801790013834,2.281916206789807,0.2289447247517279,5.599238891308554,0.8152448662317803,528.3686515268004,5.737411381881913e-109,meaningfully_different,True,1.0,1.0,8.887524317686806e-07,9.033440401611999e-07,True,276,0.6807658672332764,gaussian4_rho1.50_n800,gaussian4,800,1.5,0.75
True,4,4,0.7563968746179053,2.2885449277269405,2.239816464626423,0.24993473983976838,4.960560766467525,0.8140826935811003,401.16644599558,1.054525680490508e-81,meaningfully_different,True,1.0,1.0,8.398249328058759e-07,8.893664507918933e-07,True,277,0.7001008987426758,gaussian4_rho1.50_n800,gaussian4,800,1.5,0.75
True,4,4,0.7942763061120579,2.5234994018040617,2.4814470406901625,0.24070958509674295,6.154499581289038,0.8481419507928086,529.1576511410622,3.884397198561485e-109,meaningfully_different,True,1.0,1.0,8.222612440385009e-07,8.995875086762141e-07,True,278,0.6569781303405762,gaussian4_rho1.50_n800,gaussian4,800,1.5,0.75
True,4,4,0.706851313717882,1.998555118818783,1.9542983750304816,0.21747133414951353,4.388157081771489,0.7602642448129934,426.2676709401868,4.478004107980341e-87,meaningfully_different,True,1.0,1.0,9.444673740947499e-07,8.079418087501865e-07,True,279,0.6852858066558838,gaussian4_rho1.50_n800,gaussian4,800,1.5,0.75
True,4,4,0.7488961332507512,2.2433816735917076,2.199801988918265,0.21644844716702133,5.54313049884088,0.7993478595531726,517.9264275068392,1.0007117983629758e-106,meaningfully_different,True,1.0,1.0,9.285548988539405e-07,9.924792098980873e-07,True,280,0.6761488914489746,gaussian4_rho1.50_n800,gaussian4,800,1.5,0.75
True,4,4,0.8095279595791873,2.621342069361769,2.576323623515615,0.2520793113630547,6.253284392884312,0.8647192019798342,495.29370115843983,7.193795703726938e-102,meaningfully_different,True,1.0,1.0,9.319867786403113e-07,9.53797961573696e-07,True,281,0.6647160053253174,gaussian4_rho1.50_n800,gaussian4,800,1.5,0.75
True,4,4,0.803832963567445,2.5845897332704855,2.540289018767084,0.24187826646647548,6.3680339753905475,0.8570506639991011,520.561582115224,2.720689796693256e-107,meaningfully_different,True,1.0,1.0,9.495293650816164e-07,9.481359930012591e-07,True,282,0.6857450008392334,gaussian4_rho1.50_n800,gaussian4,800,1.5,0.75
True,4,4,0.7654774094340908,2.343822657415707,2.304231306397174,0.22418057693328297,5.8177712103279955,0.8174618556021372,478.0569528810892,3.5802338599880096e-98,meaningfully_different,True,1.0,1.0,9.709873136587368e-07,9.581008018939315e-07,True,283,0.6673660278320312,gaussian4_rho1.50_n800,gaussian4,800,1.5,0.75
True,4,4,0.7491906139146856,2.2451463039114534,2.197935388332255,0.24949036194534713,4.801529722397342,0.8075132375180445,365.9105105421289,3.627155610628083e-74,meaningfully_different,True,1.0,1.0,8.244629329456279e-07,9.79540490512206e-07,True,284,0.7028317451477051,gaussian4_rho1.50_n800,gaussian4,800,1.5,0.75
True,4,4,0.76049412475653,2.3134052551568027,2.272348066645242,0.22162128995850114,5.741091331448755,0.8119240495950262,475.6884322698511,1.1528829547856711e-97,meaningfully_different,True,1.0,1.0,8.668016238026758e-07,9.934339929594418e-07,True,285,0.6558070182800293,gaussian4_rho1.50_n800,gaussian4,800,1.5,0.75
True,4,4,0.787548835028081,2.4809326702163506,2.4368682702283966,0.2290250970052455,6.273846355779459,0.8386866267713446,511.51182428019723,2.382585888250912e-105,meaningfully_different,True,1.0,1.0,8.736133010591328e-07,9.362883568150894e-07,True,286,0.6769180297851562,gaussian4_rho1.50_n800,gaussian4,800,1.5,0.75
True,4,4,0.7737179198485536,2.394557677979092,2.3482019793684663,0.22182917583463474,6.077658514917352,0.8235712634319693,496.50290771229925,3.958643048337994e-102,meaningfully_different,True,1.0,1.0,8.677240960406977e-07,9.950438191906587e-07,True,287,0.6975228786468506,gaussian4_rho1.50_n800,gaussian4,800,1.5,0.75
True,4,4,0.7725390779090583,2.387266507586312,2.3447562504421726,0.2366672108679513,5.682055598282606,0.8267465105186128,440.0457925883985,5.017155292733667e-90,meaningfully_different,True,1.0,1.0,9.88887260954777e-07,8.19724858616214e-07,True,288,0.674293041229248,gaussian4_rho1.50_n800,gaussian4,800,1.5,0.75
True,4,4,0.7416809798020485,2.200362703200507,2.157989317593709,0.22209814019819876,5.21386318931049,0.7942462226913473,421.9136126904324,3.830390279105396e-86,meaningfully_different,True,1.0,1.0,7.633139161303596e-07,8.492478735985434e-07,True,289,0.6509430408477783,gaussian4_rho1.50_n800,gaussian4,800,1.5,0.75
True,4,4,0.768442923546006,2.362018106991731,2.308590336695949,0.24770859973265683,5.28278121190893,0.8240198306766167,457.71357556971634,8.222528715931227e-94,meaningfully_different,True,1.0,1.0,8.476064753443306e-07,8.457981229728153e-07,True,290,0.7447018623352051,gaussian4_rho1.50_n800,gaussian4,800,1.5,0.75
True,4,4,0.8024116900614912,2.575458081389354,2.5298100331578253,0.24904862833288297,6.142615775072863,0.8572424646444051,502.66719380719445,1.8836501679690008e-103,meaningfully_different,True,1.0,1.0,9.213601761089086e-07,9.752295721346131e-07,True,291,0.6948738098144531,gaussian4_rho1.50_n800,gaussian4,800,1.5,0.75
True,4,4,0.7425881612748493,2.2057487090622465,2.1618223703575072,0.22696802527911414,5.118881256197894,0.7961079622042275,433.9767509446525,1.0007420544496969e-88,meaningfully_different,True,1.0,1.0,9.356489851162226e-07,7.618004648815953e-07,True,292,0.7007441520690918,gaussian4_rho1.50_n800,gaussian4,800,1.5,0.75
True,4,4,0.7394966247872256,2.1874210322867946,2.1418977150808556,0.23213431094861314,4.91912509794226,0.7943117584400603,406.78687271326373,6.616583656994354e-83,meaningfully_different,True,1.0,1.0,7.247521581904734e-07,9.376703746237511e-07,True,293,0.6809380054473877,gaussian4_rho1.50_n800,gaussian4,800,1.5,0.75
True,4,4,0.7558715539921812,2.2853672245382195,2.237138355014206,0.22676678315561088,5.455553665305833,0.8077958468511445,484.4723877702272,1.5069994942981131e-99,meaningfully_different,True,1.0,1.0,9.89240778283569e-07,9.876284156486415e-07,True,294,0.7147858142852783,gaussian4_rho1.50_n800,gaussian4,800,1.5,0.75
True,4,4,0.7561780434869031,2.287220933806723,2.2396471965627858,0.23043491119240686,5.379598039846116,0.8091166318915117,487.87556217005124,2.806762138719744e-100,meaningfully_different,True,1.0,1.0,9.92217550226272e-07,9.677576729984217e-07,True,295,0.7055890560150146,gaussian4_rho1.50_n800,gaussian4,800,1.5,0.75
True,4,4,0.7703742011924225,2.3739056394514524,2.328276084354892,0.2335732872542336,5.686763670492533,0.8234788936357137,502.8305657875677,1.7375854234101284e-103,meaningfully_different,True,1.0,1.0,9.872697117985456e-07,8.44885648843102e-07,True,296,0.7093358039855957,gaussian4_rho1.50_n800,gaussian4,800,1.5,0.75
True,4,4,0.8080911082641021,2.612044957022019,2.568739157447805,0.24823844399500938,6.319485137762719,0.8627072305251918,517.4513359395601,1.265560182760572e-106,meaningfully_different,True,1.0,1.0,9.793105586024211e-07,9.952580121402945e-07,True,297,0.6639270782470703,gaussian4_rho1.50_n800,gaussian4,800,1.5,0.75
True,4,4,0.7557961874413314,2.2849115078034083,2.2437497989738366,0.22929860707927854,5.424148950646778,0.809461618065228,514.1804144360037,6.372716405295811e-106,meaningfully_different,True,1.0,1.0,7.906896690132086e-07,9.409531477727851e-07,True,298,0.6628270149230957,gaussian4_rho1.50_n800,gaussian4,800,1.5,0.75
True,4,4,0.8030049859406573,2.579268029782221,2.530868471344501,0.2452299536580583,6.242583536426797,0.8564805675051974,512.4089270498084,1.5293935356805886e-105,meaningfully_different,True,1.0,1.0,8.781685418466422e-07,9.622909605927614e-07,True,299,0.730938196182251,gaussian4_rho1.50_n800,gaussian4,800,1.5,0.75
True,4,4,0.7817581387625311,2.444583150085827,2.3987300027093896,0.2501260136897309,5.592101285572182,0.8381752029739751,463.74453907090486,4.191592018823851e-95,meaningfully_different,True,1.0,1.0,9.94934505101687e-07,9.87205217746926e-07,True,300,0.7163829803466797,gaussian4_rho1.50_n800,gaussian4,800,1.5,0.75
True,4,4,0.7450120812936346,2.220172005093893,2.181381576688785,0.20441752641661526,5.7792577642342575,0.7933502515326385,526.9814536103107,1.1390166867181147e-108,meaningfully_different,True,1.0,1.0,9.130963630693372e-07,8.463105041771436e-07,True,301,0.6449148654937744,gaussian4_rho1.50_n800,gaussian4,800,1.5,0.75
True,4,4,0.8580593750123927,2.9450635641866323,2.8992478981607075,0.25194173860473856,7.538440866046266,0.9101723985989099,562.9659245076674,2.1298285048499792e-116,meaningfully_different,True,1.0,1.0,9.93218668935208e-07,9.821643803418234e-07,True,302,0.6926398277282715,gaussian4_rho1.50_n800,gaussian4,800,1.5,0.75
True,4,4,0.8567574859970692,2.936133559248073,2.892446290411764,0.2565770306635092,7.375743204751769,0.9102853879266486,673.0600056783677,4.504785635177899e-140,meaningfully_different,True,1.0,1.0,9.09218873048866e-07,8.578294814880856e-07,True,303,0.6789929866790771,gaussian4_rho1.50_n800,gaussian4,800,1.5,0.75
True,4,4,0.7058215198087131,1.9927360713003266,1.9434812790474425,0.22004852134872852,4.2876056301793195,0.7591819425363736,387.78556213817876,7.668413564647493e-79,meaningfully_different,True,1.0,1.0,9.837616386075e-07,8.587777427072468e-07,True,304,0.709080696105957,gaussian4_rho1.50_n800,gaussian4,800,1.5,0.75
True,4,4,0.8202828186141514,2.691455610054307,2.651092472855855,0.22897649737625547,7.210750848995523,0.8700180019763719,584.9852377150904,3.951164330299226e-121,meaningfully_different,True,1.0,1.0,7.332144452277207e-07,7.758629799974534e-07,True,305,0.6788060665130615,gaussian4_rho1.50_n800,gaussian4,800,1.5,0.75
True,4,4,0.7900156556689587,2.4964989448082187,2.437904947072597,0.24187274071736717,5.944882183944886,0.8419842934850762,470.380472376714,1.5842956042884354e-96,meaningfully_different,True,1.0,1.0,9.626212757445673e-07,8.513427420397835e-07,True,306,0.7604680061340332,gaussian4_rho1.50_n800,gaussian4,800,1.5,0.75
True,4,4,0.7756799362594655,2.406717454061954,2.3642069879349887,0.22481967531988195,6.0680053291329745,0.8267409579630958,507.6189623334368,1.631017021918171e-104,meaningfully_different,True,1.0,1.0,9.82177317428185e-07,8.45116657696894e-07,True,307,0.7122061252593994,gaussian4_rho1.50_n800,gaussian4,800,1.5,0.75
True,4,4,0.8479743877794654,2.8762422493198367,2.828511707627865,0.2748659335169981,6.652376612232258,0.9056249134297683,539.6571368137963,2.162179070964127e-111,meaningfully_different,True,1.0,1.0,9.676750723409368e-07,8.115842989605901e-07,True,308,0.7210512161254883,gaussian4_rho1.50_n800,gaussian4,800,1.5,0.75
True,4,4,0.7722017013399028,2.385181870208962,2.3478546524832877,0.21088035338565184,6.391561047976672,0.82078041622021,531.7919467278889,1.0561829637053333e-109,meaningfully_different,True,1.0,1.0,8.193371619153192e-07,8.004423186000303e-07,True,309,0.6660420894622803,gaussian4_rho1.50_n800,gaussian4,800,1.5,0.75
True,4,4,0.7547210315811398,2.2784153420435995,2.238883110403859,0.20635618011667967,6.003615252537428,0.8028556566582549,522.4291285531474,1.0809219079362726e-107,meaningfully_different,True,1.0,1.0,9.657311277315638e-07,9.186574431253609e-07,True,310,0.6683790683746338,gaussian4_rho1.50_n800,gaussian4,800,1.5,0.75
True,4,4,0.7723850019094076,2.386314364698382,2.3388984989186126,0.24630542083343393,5.435927858948966,0.8282564312630321,438.3615332029744,1.1513738700699689e-89,meaningfully_different,True,1.0,1.0,9.024187198674938e-07,9.862278139742649e-07,True,311,0.7151908874511719,gaussian4_rho1.50_n800,gaussian4,800,1.5,0.75
True,4,4,0.8130712447192074,2.6443393959569654,2.5969536502594517,0.25717449131025677,6.209611389229415,0.8689027628351931,481.18774587526235,7.630227448211226e-99,meaningfully_different,True,1.0,1.0,9.644901224483176e-07,9.243342534796111e-07,True,312,0.7081778049468994,gaussian4_rho1.50_n800,gaussian4,800,1.5,0.75
True,4,4,0.8437757745546886,2.847830230901458,2.8060552420523,0.2740265082952842,6.590804857850247,0.902328756344195,583.266550518515,9.249386732508705e-121,meaningfully_different,True,1.0,1.0,7.682364538754314e-07,6.943191771928651e-07,True,313,0.6657090187072754,gaussian4_rho1.50_n800,gaussian4,800,1.5,0.75
True,4,4,0.7769699126824886,2.414728980855336,2.369641166662745,0.26475933214521374,5.173155391975123,0.837426342195397,407.0628059019381,5.775569192915115e-83,meaningfully_different,True,1.0,1.0,8.120628996066578e-07,7.403205129693628e-07,True,314,0.6866607666015625,gaussian4_rho1.50_n800,gaussian4,800,1.5,0.75
True,4,4,0.8004328633007132,2.5627710746071126,2.522234136971316,0.2317970767375581,6.567098077318714,0.851983919942131,521.6376933425229,1.598396922721552e-107,meaningfully_different,True,1.0,1.0,9.12957376265902e-07,8.802675968464376e-07,True,315,0.6650650501251221,gaussian4_rho1.50_n800,gaussian4,800,1.5,0.75
True,4,4,0.732632434737835,2.1470011377195526,2.105265778815073,0.21552496692672918,5.128249383705156,0.7841831422510783,462.0679043713792,9.588641095680313e-95,meaningfully_different,True,1.0,1.0,9.974347213720383e-07,7.532607291577923e-07,True,316,0.6619689464569092,gaussian4_rho1.50_n800,gaussian4,800,1.5,0.75
True,4,4,0.7769757909498084,2.4147655188883217,2.3686210591169288,0.22827563924887512,5.995475748618117,0.8282664233626924,469.0206901117683,3.099941262169835e-96,meaningfully_different,True,1.0,1.0,8.295764210666886e-07,8.896761190340681e-07,True,317,0.6833550930023193,gaussian4_rho1.50_n800,gaussian4,800,1.5,0.75
True,4,4,0.7633977877407653,2.331104729309978,2.2843351006034367,0.22772112376930786,5.639947139486841,0.8153071533123035,485.7055540174764,8.196583486449166e-100,meaningfully_different,True,1.0,1.0,9.992107060415141e-07,8.612848666114992e-07,True,318,0.7134909629821777,gaussian4_rho1.50_n800,gaussian4,800,1.5,0.75
True,4,4,0.7792028779941854,2.4286285002976857,2.3896366293057385,0.21871164169224497,6.353738733583892,0.8290635178319781,549.1915045077833,1.9375974097229622e-113,meaningfully_different,True,1.0,1.0,7.991475735764946e-07,9.941083620730388e-07,True,319,0.6550629138946533,gaussian4_rho1.50_n800,gaussian4,800,1.5,0.75
True,4,4,0.7575851348307236,2.295740946065943,2.252020839910113,0.24250829105340288,5.162796020175676,0.8140809975080959,435.55957751350496,4.5849765708045296e-89,meaningfully_different,True,1.0,1.0,9.505214113587461e-07,9.602514141307125e-07,True,320,0.6743779182434082,gaussian4_rho1.50_n800,gaussian4,800,1.5,0.75
True,4,4,0.8084268259362778,2.614215731573619,2.577454199594533,0.2160416080145737,7.3016221925552465,0.856272594170474,627.9261808817349,2.313146827204012e-130,meaningfully_different,True,1.0,1.0,7.313016337729293e-07,8.995738860172305e-07,True,321,0.6240370273590088,gaussian4_rho1.50_n800,gaussian4,800,1.5,0.75
True,4,4,0.7853108617929329,2.4668525985998353,2.422689417017697,0.22908043037214457,6.210436285223128,0.8365843044456015,555.0385659690681,1.0748260125745882e-114,meaningfully_different,True,1.0,1.0,8.627977978195175e-07,9.334035031373769e-07,True,322,0.6639330387115479,gaussian4_rho1.50_n800,gaussian4,800,1.5,0.75
True,4,4,0.7110867350680826,2.0225773791591424,1.979019348783179,0.21376353009856625,4.579917576827786,0.7633198979745903,408.74029410566015,2.5273451221849174e-83,meaningfully_different,True,1.0,1.0,8.868453866770363e-07,9.177439238471928e-07,True,323,0.6806788444519043,gaussian4_rho1.50_n800,gaussian4,800,1.5,0.75
True,4,4,0.8196820879959305,2.687514901525473,2.644132496583753,0.2542932881741336,6.465497018772642,0.8749868190359202,538.502294781561,3.827204898101185e-111,meaningfully_different,True,1.0,1.0,9.127281932971765e-07,9.857430499395634e-07,True,324,0.6792452335357666,gaussian4_rho1.50_n800,gaussian4,800,1.5,0.75
True,4,4,0.7506578445710094,2.2539487984639743,2.214159509326189,0.2104490690788121,5.769374579041225,0.800049595945313,509.3655379399333,6.881005646691383e-105,meaningfully_different,True,1.0,1.0,8.579780968848205e-07,9.75422271033076e-07,True,325,0.6629512310028076,gaussian4_rho1.50_n800,gaussian4,800,1.5,0.75
True,4,4,0.777781468555156,2.4197760513112603,2.3793396924925103,0.22513463291864566,6.126732589343313,0.8291039153811078,551.2402515853346,7.034243655172991e-114,meaningfully_different,True,1.0,1.0,9.988567326180582e-07,8.572477699510614e-07,True,326,0.6607749462127686,gaussian4_rho1.50_n800,gaussian4,800,1.5,0.75
True,4,4,0.7315267068363501,2.1405252912593413,2.0976067126196263,0.21273350377502986,5.159538545373503,0.7822279379883588,442.6639900614794,1.3791673579702812e-90,meaningfully_different,True,1.0,1.0,9.181336433424709e-07,9.29281506329582e-07,True,327,0.6786229610443115,gaussian4_rho1.50_n800,gaussian4,800,1.5,0.75
True,4,4,0.7825700213606155,2.4496633533294165,2.4012583805711447,0.24917381956575063,5.623618014979251,0.8383186806676237,530.559621798566,1.9423337475779143e-109,meaningfully_different,True,1.0,1.0,8.176656563031824e-07,8.015911074152898e-07,True,328,0.7051279544830322,gaussian4_rho1.50_n800,gaussian4,800,1.5,0.75
True,4,4,0.8325151159729869,2.7723256732940635,2.716016714854305,0.3097395814151924,5.540191883174463,0.8979828768906892,456.0325945999429,1.8847472893841965e-93,meaningfully_different,True,1.0,1.0,9.491652635860954e-07,8.673835452760967e-07,True,329,0.7680249214172363,gaussian4_rho1.50_n800,gaussian4,800,1.5,0.75
True,4,4,0.683853080373446,1.8706201421450035,1.82248856468319,0.19107605000115954,4.304508935987523,0.7308865675587352,397.9059027781576,5.254071208193846e-81,meaningfully_different,True,1.0,1.0,7.248468690129511e-07,9.944526220078836e-07,True,330,0.6845190525054932,gaussian4_rho1.50_n800,gaussian4,800,1.5,0.75
True,4,4,0.7433963138043409,2.2105523175115285,2.1696596944655084,0.22334947204750874,5.236903780174192,0.7964039307475431,468.37926470936554,4.254630402036805e-96,meaningfully_different,True,1.0,1.0,9.082786038833104e-07,9.909942622399387e-07,True,331,0.6580071449279785,gaussian4_rho1.50_n800,gaussian4,800,1.5,0.75
True,4,4,0.8493912905478633,2.885862257834259,2.8429747644279,0.2535740786380101,7.267993535959328,0.9027827822040733,586.8733847547161,1.5520414500266225e-121,meaningfully_different,True,1.0,1.0,7.084898991856602e-07,8.688145379638981e-07,True,332,0.6611740589141846,gaussian4_rho1.50_n800,gaussian4,800,1.5,0.75
True,4,4,0.8321387689188738,2.7698197229512758,2.726161739607401,0.27222739550631186,6.340881807273427,0.8907771829225183,463.4823926308535,4.770565551195021e-95,meaningfully_different,True,1.0,1.0,8.681551402230689e-07,9.779404317091728e-07,True,333,0.6866300106048584,gaussian4_rho1.50_n800,gaussian4,800,1.5,0.75
True,4,4,0.7725104440811632,2.387089544857904,2.345253010820163,0.22682426616860193,5.93081610509969,0.8243703245065584,502.8045829448176,1.7600346189985984e-103,meaningfully_different,True,1.0,1.0,8.976608107293299e-07,9.956390109837334e-07,True,334,0.6742279529571533,gaussian4_rho1.50_n800,gaussian4,800,1.5,0.75
True,4,4,0.790099796357427,2.4970307528161904,2.4585734316238246,0.2252208284644784,6.476192462163282,0.8409858393856339,538.9755907149137,3.0286365512655747e-111,meaningfully_different,True,1.0,1.0,7.439254818769248e-07,7.292685886728857e-07,True,335,0.6411809921264648,gaussian4_rho1.50_n800,gaussian4,800,1.5,0.75
True,4,4,0.7480070308217638,2.238058072635164,2.196727304925739,0.22525007726745155,5.312882994063528,0.8011290020168733,480.75073531092715,9.467913029107228e-99,meaningfully_different,True,1.0,1.0,9.637445040043072e-07,8.062717561768778e-07,True,336,0.6610870361328125,gaussian4_rho1.50_n800,gaussian4,800,1.5,0.75
True,4,4,0.8355875209178193,2.7928260204543482,2.7480543628137215,0.24612849202094533,7.102202384049725,0.8878203232651398,533.7945885606855,3.924187855409909e-110,meaningfully_different,True,1.0,1.0,9.728225184462017e-07,9.308269736943589e-07,True,337,0.6879379749298096,gaussian4_rho1.50_n800,gaussian4,800,1.5,0.75
True,4,4,0.7868356825392299,2.476441565267903,2.4229403344108955,0.280627179465251,5.070572056214864,0.8491953497834693,465.7528531358942,1.5555535318901987e-95,meaningfully_different,True,1.0,1.0,9.544303401888255e-07,9.030989521790353e-07,True,338,0.7604782581329346,gaussian4_rho1.50_n800,gaussian4,800,1.5,0.75
True,4,4,0.7514599460403724,2.2587682020119972,2.214767306336785,0.23607828242556106,5.145612268336538,0.8067034035859993,448.5431525358233,7.587272314415277e-92,meaningfully_different,True,1.0,1.0,9.753325616229225e-07,8.984595999510418e-07,True,339,0.6827669143676758,gaussian4_rho1.50_n800,gaussian4,800,1.5,0.75
True,4,4,0.7657300061605038,2.3453697693382605,2.3021810767981683,0.23677356828457968,5.499689370872126,0.8203107550430662,420.587352777172,7.364686900319676e-86,meaningfully_different,True,1.0,1.0,9.56946090851979e-07,8.524281934669179e-07,True,340,0.6821391582489014,gaussian4_rho1.50_n800,gaussian4,800,1.5,0.75
True,4,4,0.779713667047507,2.431813610322682,2.3986896448887376,0.20794462403806463,6.726260182772049,0.8277572279875919,664.2850111025421,3.4841214803685e-138,meaningfully_different,True,1.0,1.0,9.802554681192203e-07,9.083802625916602e-07,True,341,0.6153359413146973,gaussian4_rho1.50_n800,gaussian4,800,1.5,0.75
True,4,4,0.7142874859339184,2.040826450247191,1.9935426055939858,0.22268274961277315,4.461695426887237,0.7680857917501928,403.43950621533327,3.44185917445313e-82,meaningfully_different,True,1.0,1.0,9.555503670180796e-07,9.508670507237008e-07,True,342,0.6955041885375977,gaussian4_rho1.50_n800,gaussian4,800,1.5,0.75
True,4,4,0.7867035999918116,2.4756102169603054,2.426943170433163,0.2338454368191916,6.102078320803285,0.8383890334044306,538.5346285696231,3.766504210022253e-111,meaningfully_different,True,1.0,1.0,9.465178492291512e-07,8.982671908576086e-07,True,343,0.7212839126586914,gaussian4_rho1.50_n800,gaussian4,800,1.5,0.75
True,4,4,0.8062916598820855,2.6004249631816343,2.555990061203362,0.2572875822456804,6.047668712272201,0.863016580667739,460.82126435356565,1.7740136163647157e-94,meaningfully_different,True,1.0,1.0,9.864920732238648e-07,9.784887424824836e-07,True,344,0.6845130920410156,gaussian4_rho1.50_n800,gaussian4,800,1.5,0.75
True,4,4,0.7355626881752522,2.164209872942413,2.1244534878391454,0.20374082183854245,5.519038736038063,0.7841519810595305,478.2024807998557,3.3320023680211104e-98,meaningfully_different,True,1.0,1.0,9.677451923999773e-07,9.355946360338085e-07,True,345,0.6598720550537109,gaussian4_rho1.50_n800,gaussian4,800,1.5,0.75
True,4,4,0.8107410951971401,2.6292044937658328,2.5878856021025407,0.2345657538696812,6.7694690120226575,0.8622226993523326,585.30153983062,3.3786470490622564e-121,meaningfully_different,True,1.0,1.0,7.532735302038493e-07,7.12627717941859e-07,True,346,0.6622331142425537,gaussian4_rho1.50_n800,gaussian4,800,1.5,0.75
True,4,4,0.7155302970789128,2.047934424151349,2.006812116018871,0.20854197981377845,4.8278630370629605,0.7664582747754775,457.4376471698935,9.421938613379994e-94,meaningfully_different,True,1.0,1.0,9.842601696783934e-07,9.510288755360596e-07,True,347,0.6693620681762695,gaussian4_rho1.50_n800,gaussian4,800,1.5,0.75
True,4,4,0.7634605710966937,2.331488174477159,2.29144079196425,0.23626064627267518,5.466169725421648,0.8185436721537462,427.97088830910883,1.9337778933412416e-87,meaningfully_different,True,1.0,1.0,9.722441497309743e-07,9.613410361654073e-07,True,348,0.644801139831543,gaussian4_rho1.50_n800,gaussian4,800,1.5,0.75
True,4,4,0.7529131623145526,2.2675129199459994,2.2253617328171806,0.23503246355941806,5.21358502676546,0.8080773064741746,422.0443027034423,3.591415412391768e-86,meaningfully_different,True,1.0,1.0,8.248302476310457e-07,8.992164230332316e-07,True,349,0.6801650524139404,gaussian4_rho1.50_n800,gaussian4,800,1.5,0.75
True,4,4,0.7834992619803279,2.4554843740948744,2.416671049597446,0.22015734445103843,6.4348116713067665,0.8334863010448554,554.0959493693704,1.713240065767496e-114,meaningfully_different,True,1.0,1.0,9.895350459350835e-07,7.559731151330504e-07,True,350,0.6496150493621826,gaussian4_rho1.50_n800,gaussian4,800,1.5,0.75
True,4,4,0.7516644967001007,2.2599980623976625,2.2126111453724864,0.2457074006418042,4.935183646097206,0.8088207240308226,413.59188782309667,2.314477145635329e-84,meaningfully_different,True,1.0,1.0,9.799823299947713e-07,9.780697365142918e-07,True,351,0.73160719871521,gaussian4_rho1.50_n800,gaussian4,800,1.5,0.75
True,4,4,0.7650857646610191,2.341424909147745,2.293073729045467,0.2522260158754572,5.1266469263977665,0.8227922894129679,393.72102051137074,4.125971333613167e-80,meaningfully_different,True,1.0,1.0,9.113169207331608e-07,8.663877818352587e-07,True,352,0.705690860748291,gaussian4_rho1.50_n800,gaussian4,800,1.5,0.75
True,4,4,0.760784468202328,2.3151720282315966,2.267070005268582,0.23355117803333,5.425234913984287,0.8141295209509808,424.7692891064719,9.373197608452956e-87,meaningfully_different,True,1.0,1.0,9.612823980197724e-07,8.37576949763831e-07,True,353,0.7226998805999756,gaussian4_rho1.50_n800,gaussian4,800,1.5,0.75
True,4,4,0.7440959349037432,2.214715041361102,2.170065656278343,0.24420981909770698,4.791231002100723,0.8018346249318449,367.4653039843417,1.6882670846692688e-74,meaningfully_different,True,1.0,1.0,9.863208975530993e-07,9.469856157456854e-07,True,354,0.7014951705932617,gaussian4_rho1.50_n800,gaussian4,800,1.5,0.75
True,4,4,0.7063298171878194,1.9956072425943137,1.954775808052737,0.20971163241391524,4.552803280689086,0.7582415095539612,379.9103709360455,3.69990109674932e-77,meaningfully_different,True,1.0,1.0,8.407439464938426e-07,7.469319819549089e-07,True,355,0.6607332229614258,gaussian4_rho1.50_n800,gaussian4,800,1.5,0.75
True,4,4,0.7637404399362366,2.333197838375985,2.2877006439872725,0.24415609727006057,5.274087595539133,0.8199545240628056,464.8398389529982,2.441169648644357e-95,meaningfully_different,True,1.0,1.0,9.171336880574292e-07,9.019189833231595e-07,True,356,0.6856298446655273,gaussian4_rho1.50_n800,gaussian4,800,1.5,0.75
True,4,4,0.6941565673004223,1.9274133597052228,1.8770014322591133,0.22046472018967975,3.977967229879563,0.7482702765174408,428.80433078514,1.2821822860689821e-87,meaningfully_different,True,1.0,1.0,8.19816699794608e-07,9.773291643586256e-07,True,357,0.7433300018310547,gaussian4_rho1.50_n800,gaussian4,800,1.5,0.75
True,4,4,0.8094690222217283,2.6209603917464035,2.571326328639002,0.28349762732458367,5.542643666784379,0.8714411094812976,414.9702605041756,1.1734293039691518e-84,meaningfully_different,True,1.0,1.0,8.486442249024404e-07,8.574037162697464e-07,True,358,0.7105011940002441,gaussian4_rho1.50_n800,gaussian4,800,1.5,0.75
True,4,4,0.7969220618892164,2.54033909090304,2.4928969414534112,0.24901544453819074,5.9951981862894055,0.8518349163084634,499.4141178174108,9.396615211583236e-103,meaningfully_different,True,1.0,1.0,7.572394555160879e-07,9.542185826493994e-07,True,359,0.7206950187683105,gaussian4_rho1.50_n800,gaussian4,800,1.5,0.75
True,4,4,0.7463890322995457,2.2283863501482086,2.1845720072503774,0.22804671429799803,5.194426987895333,0.7999492909519024,410.5003436315839,1.0618065575378988e-83,meaningfully_different,True,1.0,1.0,9.293870698603434e-07,7.89452197140145e-07,True,360,0.6617019176483154,gaussian4_rho1.50_n800,gaussian4,800,1.5,0.75
True,4,4,0.7132464736959687,2.0348821289589365,1.9887284828687202,0.23054065007158034,4.28873815772503,0.7694046573973135,388.52432689209684,5.3303005833169974e-79,meaningfully_different,True,1.0,1.0,7.129938516017493e-07,9.968884258213886e-07,True,361,0.7097952365875244,gaussian4_rho1.50_n800,gaussian4,800,1.5,0.75
True,4,4,0.7568053616318081,2.291017421578607,2.2476386717732946,0.2380981956948939,5.240017330379335,0.8122923353898894,409.57482431920835,1.6753014610775066e-83,meaningfully_different,True,1.0,1.0,9.009557607560787e-07,6.77275925157046e-07,True,362,0.6957230567932129,gaussian4_rho1.50_n800,gaussian4,800,1.5,0.75
True,4,4,0.7497764018364506,2.2486586110032585,2.2060244264885993,0.22109730713233114,5.454722366956599,0.8015137450528247,499.0928782755392,1.1012673606429573e-102,meaningfully_different,True,1.0,1.0,8.803819157746899e-07,9.53433105995711e-07,True,363,0.6819877624511719,gaussian4_rho1.50_n800,gaussian4,800,1.5,0.75
True,4,4,0.7733635747997138,2.3923648753079703,2.3520416718473602,0.21605765093330748,6.257781967020957,0.8227127206102423,537.0290718156532,7.929248969466808e-111,meaningfully_different,True,1.0,1.0,9.907066656890533e-07,8.080058353853728e-07,True,364,0.643751859664917,gaussian4_rho1.50_n800,gaussian4,800,1.5,0.75
True,4,4,0.7703446878049245,2.3737237521170664,2.3300247371089333,0.23546198275195532,5.648575288308994,0.8242155715356985,453.73415961807734,5.858653165479287e-93,meaningfully_different,True,1.0,1.0,9.318509135700658e-07,9.783400574474824e-07,True,365,0.6886310577392578,gaussian4_rho1.50_n800,gaussian4,800,1.5,0.75
True,4,4,0.7600336314365139,2.310604483658299,2.2636602128472982,0.22921567763126305,5.5129746180806,0.8125094540301087,431.2309912095726,3.875477404147755e-88,meaningfully_different,True,1.0,1.0,9.174682744911523e-07,7.361816273390029e-07,True,366,0.6983780860900879,gaussian4_rho1.50_n800,gaussian4,800,1.5,0.75
True,4,4,0.8294155543111185,2.7517206469328794,2.7107662027900004,0.24601570197359796,6.953890296699831,0.8825284729781081,539.8394221446173,1.9758195563255832e-111,meaningfully_different,True,1.0,1.0,9.978096078372874e-07,9.176933898921509e-07,True,367,0.6543691158294678,gaussian4_rho1.50_n800,gaussian4,800,1.5,0.75
True,4,4,0.7733167218213949,2.3920750089943548,2.3481967119649125,0.2354165617218625,5.726855842698806,0.8269556362583127,458.2308157454182,6.370201394891338e-94,meaningfully_different,True,1.0,1.0,8.835370665410881e-07,9.673218113116322e-07,True,368,0.6947610378265381,gaussian4_rho1.50_n800,gaussian4,800,1.5,0.75
True,4,4,0.7782201345911695,2.4225063115323913,2.376082541472594,0.2609060224824844,5.274245984739489,0.8374417530262017,425.4750781321485,6.618818335021972e-87,meaningfully_different,True,1.0,1.0,9.974004888715197e-07,9.32205463439282e-07,True,369,0.7105998992919922,gaussian4_rho1.50_n800,gaussian4,800,1.5,0.75
True,4,4,0.7969225595763361,2.540342263846796,2.4951061280961953,0.22522784233307588,6.638194073205092,0.8464001656202889,588.9207064652135,5.634492403408659e-122,meaningfully_different,True,1.0,1.0,9.88796023877777e-07,7.99855255777688e-07,True,370,0.6826179027557373,gaussian4_rho1.50_n800,gaussian4,800,1.5,0.75
True,4,4,0.7301177363039404,2.1322876354623608,2.0928588109958133,0.20775613670186854,5.260296173893881,0.7801581964530188,459.10875963333774,4.1304085421099947e-94,meaningfully_different,True,1.0,1.0,7.642282120801405e-07,9.881318430373255e-07,True,371,0.6548068523406982,gaussian4_rho1.50_n800,gaussian4,800,1.5,0.75
True,4,4,0.758354100129477,2.300403764732755,2.256695647374854,0.22859351261649533,5.497512300286385,0.811279624374308,451.21516257298873,2.0303451546517263e-92,meaningfully_different,True,1.0,1.0,9.018038082020377e-07,9.005725464626268e-07,True,372,0.69315505027771,gaussian4_rho1.50_n800,gaussian4,800,1.5,0.75
True,4,4,0.803005845992349,2.579273554791553,2.535169372886355,0.2472374350227224,6.209291779561072,0.8575894653914626,503.3118880786871,1.3698402998019143e-103,meaningfully_different,True,1.0,1.0,8.038089622313253e-07,9.521976219695797e-07,True,373,0.7132229804992676,gaussian4_rho1.50_n800,gaussian4,800,1.5,0.75
True,4,4,0.789195604270016,2.4913188071964627,2.452050819080182,0.23244842785270728,6.246765497593665,0.8417829973800961,500.1860404568938,6.417335471229476e-103,meaningfully_different,True,1.0,1.0,7.404787204007314e-07,9.416340097186123e-07,True,374,0.6523416042327881,gaussian4_rho1.50_n800,gaussian4,800,1.5,0.75
True,4,4,0.7804959080877142,2.4366954501666624,2.3883240978733107,0.24556550711850214,5.653579422306039,0.8355003609980304,434.99992541827146,6.042220983718825e-89,meaningfully_different,True,1.0,1.0,8.920161076785197e-07,8.262966526505263e-07,True,375,0.6910510063171387,gaussian4_rho1.50_n800,gaussian4,800,1.5,0.75
True,4,4,0.7729355661239778,2.389717557517576,2.350843426287701,0.21927224771039222,6.160576362914161,0.8233337989879835,540.6718838726847,1.3091235113707994e-111,meaningfully_different,True,1.0,1.0,9.851616303399508e-07,8.718501595259031e-07,True,376,0.6599299907684326,gaussian4_rho1.50_n800,gaussian4,800,1.5,0.75
True,4,4,0.7922495635033068,2.5106374834847207,2.4676875073806666,0.24157375573676154,6.075525476285506,0.8463215960379021,484.5382362397942,1.45878279415324e-99,meaningfully_different,True,1.0,1.0,9.954784774472237e-07,9.667172660805572e-07,True,377,0.6868770122528076,gaussian4_rho1.50_n800,gaussian4,800,1.5,0.75
True,4,4,0.7842085752093007,2.4599323577272054,2.417307253597995,0.22546004796831512,6.286290038389309,0.8348886200013944,518.0525495700928,9.402383555924058e-107,meaningfully_different,True,1.0,1.0,9.312913455986304e-07,9.682203496881934e-07,True,378,0.6639189720153809,gaussian4_rho1.50_n800,gaussian4,800,1.5,0.75
True,4,4,0.7406147207560155,2.1940406584020433,2.1513765790762225,0.22243601347331848,5.176214773397437,0.7932923897596706,486.62951115142016,5.193546399617415e-100,meaningfully_different,True,1.0,1.0,8.474616242794846e-07,9.163302858815304e-07,True,379,0.6756331920623779,gaussian4_rho1.50_n800,gaussian4,800,1.5,0.75
True,4,4,0.7648915847436216,2.3402365456464356,2.295653502743212,0.22724646444651503,5.701534261045274,0.8169211519479651,463.7341478678811,4.213144533347997e-95,meaningfully_different,True,1.0,1.0,8.666055524247609e-07,9.281663406436647e-07,True,380,0.6928000450134277,gaussian4_rho1.50_n800,gaussian4,800,1.5,0.75
True,4,4,0.7576652798104,2.296226704920687,2.2486991650963093,0.2317878392921357,5.387250551667213,0.8108569900480638,440.7678133597432,3.5139775464138442e-90,meaningfully_different,True,1.0,1.0,9.696617506171107e-07,9.107826729897619e-07,True,381,0.743027925491333,gaussian4_rho1.50_n800,gaussian4,800,1.5,0.75
True,4,4,0.7981183706604925,2.5479717343430375,2.504607655354712,0.2366564666256783,6.357771147384549,0.8505693538485676,537.4562561503076,6.419515645451292e-111,meaningfully_different,True,1.0,1.0,9.258426865045092e-07,9.65533053598345e-07,True,382,0.7056987285614014,gaussian4_rho1.50_n800,gaussian4,800,1.5,0.75
True,4,4,0.7457791710177185,2.2247462876955018,2.1823378801076965,0.22856739424417838,5.172819526675821,0.7997339850745809,453.4405446323908,6.771982515572453e-93,meaningfully_different,True,1.0,1.0,7.973031963313914e-07,8.01741457543244e-07,True,383,0.6872298717498779,gaussian4_rho1.50_n800,gaussian4,800,1.5,0.75
True,4,4,0.7748801307377357,2.401756868048521,2.3530832377533946,0.23904573460467796,5.66035298639006,0.8285949675995471,482.6826531585978,3.647094770607961e-99,meaningfully_different,True,1.0,1.0,7.116689403584026e-07,7.815620306351901e-07,True,384,0.7315988540649414,gaussian4_rho1.50_n800,gaussian4,800,1.5,0.75
True,4,4,0.7935226861455781,2.5187130137107747,2.474349566324579,0.23227111095753525,6.347537411116639,0.8450446061627647,512.5375428755244,1.4352130783272643e-105,meaningfully_different,True,1.0,1.0,9.846553970045758e-07,9.734141626869655e-07,True,385,0.6975159645080566,gaussian4_rho1.50_n800,gaussian4,800,1.5,0.75
True,4,4,0.7599821945136386,2.3102917439110637,2.262989072243911,0.2350900163916618,5.372363708290195,0.813891537363213,446.81852785581003,1.7765871277116584e-91,meaningfully_different,True,1.0,1.0,8.382395946800704e-07,9.410405159532437e-07,True,386,0.7078201770782471,gaussian4_rho1.50_n800,gaussian4,800,1.5,0.75
True,4,4,0.7550507376048553,2.280406465430544,2.2423709209542415,0.21098396756675583,5.888461266902436,0.8045819823416119,500.754958771172,4.844967114224637e-103,meaningfully_different,True,1.0,1.0,8.027277619671728e-07,9.981642968459793e-07,True,387,0.6369287967681885,gaussian4_rho1.50_n800,gaussian4,800,1.5,0.75
True,4,4,0.7634615922488869,2.3314944113568226,2.285976942737108,0.22680611530452444,5.669939459129984,0.8153281247618238,482.4256023180793,4.140700199255546e-99,meaningfully_different,True,1.0,1.0,9.875360309036481e-07,9.755545001997189e-07,True,388,0.7083020210266113,gaussian4_rho1.50_n800,gaussian4,800,1.5,0.75
True,4,4,0.8046467033494462,2.5898252688445265,2.5450047931425113,0.23863591147184124,6.474318067273877,0.8569606084365605,538.2587948544365,4.316880008744703e-111,meaningfully_different,True,1.0,1.0,8.446194451618309e-07,8.246653766544137e-07,True,389,0.6934211254119873,gaussian4_rho1.50_n800,gaussian4,800,1.5,0.75
True,4,4,0.799447421072008,2.5564647162347374,2.5093317685473964,0.24093319209650446,6.264524017690522,0.8522956651626722,553.8401895154327,1.944269323459186e-114,meaningfully_different,True,1.0,1.0,8.364456991718181e-07,9.023096246560556e-07,True,390,0.7321412563323975,gaussian4_rho1.50_n800,gaussian4,800,1.5,0.75
True,4,4,0.7790889624433371,2.4279184456041425,2.386553760610625,0.2388263168459809,5.805699216576762,0.8335748457826384,519.7979415847475,3.9682239057803805e-107,meaningfully_different,True,1.0,1.0,9.693989707534966e-07,9.346127919892483e-07,True,391,0.6717617511749268,gaussian4_rho1.50_n800,gaussian4,800,1.5,0.75
True,4,4,0.7702737084984318,2.373286344015708,2.329882994633549,0.22447493269608618,5.924416497917212,0.8214486292274146,509.8895429789917,5.311290164191579e-105,meaningfully_different,True,1.0,1.0,9.987676839498003e-07,9.358308726702009e-07,True,392,0.6936540603637695,gaussian4_rho1.50_n800,gaussian4,800,1.5,0.75
True,4,4,0.7615002925108306,2.3195307819763222,2.2766042887413316,0.22736454862789024,5.614790416735768,0.8140309716454438,469.3575902238896,2.6249924746959343e-96,meaningfully_different,True,1.0,1.0,8.424629470994844e-07,8.146395718738057e-07,True,393,0.6906030178070068,gaussian4_rho1.50_n800,gaussian4,800,1.5,0.75
True,4,4,0.7635855988760645,2.332251867243672,2.2818633862936415,0.24779023641103434,5.173179560502485,0.8199759227223526,414.6067583971677,1.403634880409964e-84,meaningfully_different,True,1.0,1.0,9.902333326805317e-07,8.899456595621789e-07,True,394,0.7124841213226318,gaussian4_rho1.50_n800,gaussian4,800,1.5,0.75
True,4,4,0.7353979742204204,2.1632407219499923,2.1109405540508117,0.24786496407474556,4.482039477413997,0.793511521529989,417.04539753987325,4.2200182827773254e-85,meaningfully_different,True,1.0,1.0,9.892131752909738e-07,9.380868364358579e-07,True,395,0.7531120777130127,gaussian4_rho1.50_n800,gaussian4,800,1.5,0.75
True,4,4,0.7909209418230694,2.5022237448571647,2.460457230555576,0.2346286708491538,6.224547176054734,0.8435619495313622,524.9873214934976,3.0523173067647837e-108,meaningfully_different,True,1.0,1.0,8.079019940258035e-07,9.259226751087418e-07,True,396,0.678135871887207,gaussian4_rho1.50_n800,gaussian4,800,1.5,0.75
True,4,4,0.7896144859530824,2.4939641457078023,2.4467801460297833,0.25933871547014753,5.5787279712824915,0.847548578663753,456.3537824855017,1.608500998531737e-93,meaningfully_different,True,1.0,1.0,9.363840358345181e-07,9.115919628630629e-07,True,397,0.7172098159790039,gaussian4_rho1.50_n800,gaussian4,800,1.5,0.75
True,4,4,0.7168629201277523,2.0555697850163526,2.0049691379460386,0.2289958541930209,4.388590970293064,0.771627144298378,354.0916841369075,1.21186224449936e-71,meaningfully_different,True,1.0,1.0,9.774980191084383e-07,9.539468362675963e-07,True,398,0.7001700401306152,gaussian4_rho1.50_n800,gaussian4,800,1.5,0.75
True,4,4,0.7448365200083071,2.2191257661523416,2.1767259334717384,0.22077006416499634,5.330097347764921,0.7968469699753903,484.4383097505114,1.5325751725001092e-99,meaningfully_different,True,1.0,1.0,9.120735417564223e-07,9.386834193685723e-07,True,399,0.6675260066986084,gaussian4_rho1.50_n800,gaussian4,800,1.5,0.75
True,4,4,0.8251603710283181,2.723558551662366,2.6743206334774134,0.2518417938883886,6.6483033162455945,0.8787154718070996,549.5745338283625,1.60322632515517e-113,meaningfully_different,True,1.0,1.0,9.85520091972451e-07,8.002776471013089e-07,True,400,0.73406982421875,gaussian4_rho1.50_n800,gaussian4,800,1.5,0.75
True,4,4,0.8090004076822622,2.6179266385202657,2.578780578399983,0.22985857646804528,6.86848671326155,0.8597767575931192,574.6996621374841,6.4147177264014e-119,meaningfully_different,True,1.0,1.0,9.948123025739279e-07,8.71238686747678e-07,True,401,0.6634559631347656,gaussian4_rho1.50_n800,gaussian4,800,1.5,0.75
True,4,4,0.7689749449346629,2.365289863749071,2.3256576461175182,0.22937437280574594,5.77944968263826,0.8220317687225915,459.08634469583507,4.176351257958481e-94,meaningfully_different,True,1.0,1.0,9.614426539629147e-07,8.622840521218749e-07,True,402,0.6448659896850586,gaussian4_rho1.50_n800,gaussian4,800,1.5,0.75
True,4,4,0.7303089086171538,2.1334044080223133,2.0892844869250387,0.23252651561181156,4.684560313730116,0.7860910522152499,385.65437147332636,2.189499705817217e-78,meaningfully_different,True,1.0,1.0,8.208709176587113e-07,9.917505435485775e-07,True,403,0.6878070831298828,gaussian4_rho1.50_n800,gaussian4,800,1.5,0.75
True,4,4,0.7876157460002244,2.48135425338996,2.437622534281555,0.22424802999336754,6.4108591470082255,0.8376272619358905,526.0290587365049,1.8238629728890956e-108,meaningfully_different,True,1.0,1.0,8.71807218964221e-07,9.331323488594072e-07,True,404,0.682682991027832,gaussian4_rho1.50_n800,gaussian4,800,1.5,0.75
True,4,4,0.7716457581486889,2.3817487042754593,2.336041557735228,0.2453986848364102,5.444371303888086,0.8275999145930234,492.6260863019256,2.6866785689001773e-101,meaningfully_different,True,1.0,1.0,9.577331944720441e-07,9.498433735847391e-07,True,405,0.7138910293579102,gaussian4_rho1.50_n800,gaussian4,800,1.5,0.75
True,4,4,0.7658158646673113,2.345895754304567,2.300312007580121,0.23568695070495432,5.517114985326115,0.8197533993940339,461.42573121666226,1.3164340045607363e-94,meaningfully_different,True,1.0,1.0,9.532770227988725e-07,9.119283355289546e-07,True,406,0.6805808544158936,gaussian4_rho1.50_n800,gaussian4,800,1.5,0.75
True,4,4,0.7959343352985274,2.5340458644284345,2.493968530610221,0.22554414393870217,6.623840923204142,0.8463089911204802,552.0066591194052,4.815015873800195e-114,meaningfully_different,True,1.0,1.0,7.742272552786549e-07,9.135179381550343e-07,True,407,0.6488699913024902,gaussian4_rho1.50_n800,gaussian4,800,1.5,0.75
True,4,4,0.7537016443426967,2.2722646747395396,2.2317341786836096,0.21674245058737915,5.682939245844871,0.8044009859278223,494.1661246087353,1.2555984976473058e-101,meaningfully_different,True,1.0,1.0,9.031130886034312e-07,9.708002665366784e-07,True,408,0.6575911045074463,gaussian4_rho1.50_n800,gaussian4,800,1.5,0.75
True,4,4,0.777302216353222,2.416794942190525,2.3719534511367506,0.23925497860608752,5.734273364465918,0.8314885553125747,459.4109927935956,3.5580952887857284e-94,meaningfully_different,True,1.0,1.0,8.800087852764622e-07,9.282436544206058e-07,True,409,0.6981229782104492,gaussian4_rho1.50_n800,gaussian4,800,1.5,0.75
True,4,4,0.7466869139437885,2.2301653898195943,2.1862195226017844,0.20881189915990755,5.68080424235489,0.7952491012704106,541.9447780372648,6.976338675891064e-112,meaningfully_different,True,1.0,1.0,9.931537443029532e-07,8.860438028794245e-07,True,410,0.6888778209686279,gaussian4_rho1.50_n800,gaussian4,800,1.5,0.75
True,4,4,0.8388321729783451,2.814557657694289,2.767452899046531,0.27437034938977467,6.441850961583537,0.897044029489111,485.0986331917614,1.1061186961087576e-99,meaningfully_different,True,1.0,1.0,9.907411981099993e-07,8.123504064756547e-07,True,411,0.7151429653167725,gaussian4_rho1.50_n800,gaussian4,800,1.5,0.75
True,4,4,0.8531553192319746,2.91149599493525,2.86821851064093,0.2804645974985279,6.661156264653815,0.9123515935575315,553.4319391500263,2.3793021840095515e-114,meaningfully_different,True,1.0,1.0,8.740358235978485e-07,7.829070071857658e-07,True,412,0.6821279525756836,gaussian4_rho1.50_n800,gaussian4,800,1.5,0.75
True,4,4,0.7781866776541039,2.422298021113329,2.3784147419236916,0.23851855802738328,5.779067060121342,0.8322774262813855,494.1576005625506,1.2608963214915496e-101,meaningfully_different,True,1.0,1.0,8.89332195909165e-07,9.262452708429471e-07,True,413,0.7052021026611328,gaussian4_rho1.50_n800,gaussian4,800,1.5,0.75
True,4,4,0.7664701574017841,2.3499060087500627,2.3022796731504327,0.2383273582453024,5.464247507036266,0.820715129134644,421.2616190310215,5.282217974042508e-86,meaningfully_different,True,1.0,1.0,9.771069730767229e-07,8.336999499005581e-07,True,414,0.7066869735717773,gaussian4_rho1.50_n800,gaussian4,800,1.5,0.75
True,4,4,0.7248488467135759,2.101623402328004,2.0590585424265857,0.21561231703648046,4.911864762565483,0.7768058386944983,443.5699078981519,8.821673480666074e-91,meaningfully_different,True,1.0,1.0,9.292825093883457e-07,8.124483605777194e-07,True,415,0.6658420562744141,gaussian4_rho1.50_n800,gaussian4,800,1.5,0.75
True,4,4,0.7186878253801678,2.066048761398698,2.02253408283461,0.19825418403835468,5.157692322078754,0.7662625523455394,484.5434415257693,1.455037737863664e-99,meaningfully_different,True,1.0,1.0,9.387948193063196e-07,8.987976839655955e-07,True,416,0.6870551109313965,gaussian4_rho1.50_n800,gaussian4,800,1.5,0.75
True,4,4,0.8321017674712112,2.7695734057148544,2.7271766467205687,0.23515440315625924,7.344862029110576,0.8823223928425695,611.3160506079744,8.634394740052543e-127,meaningfully_different,True,1.0,1.0,8.66644712880216e-07,8.923779664989455e-07,True,417,0.6890861988067627,gaussian4_rho1.50_n800,gaussian4,800,1.5,0.75
True,4,4,0.8093035522808526,2.6198889589376266,2.569102299256463,0.2652090546287995,5.916473332528789,0.8667947240643276,420.1789929475842,9.006767002558972e-86,meaningfully_different,True,1.0,1.0,9.357080605706205e-07,8.947449312198897e-07,True,418,0.7203800678253174,gaussian4_rho1.50_n800,gaussian4,800,1.5,0.75
True,4,4,0.7732162793448275,2.3914536585754336,2.349649687534114,0.23770690606932596,5.6777891305374855,0.8277443376631546,458.69387411387197,5.068873991509488e-94,meaningfully_different,True,1.0,1.0,8.630925934364512e-07,8.961229222761008e-07,True,419,0.6602659225463867,gaussian4_rho1.50_n800,gaussian4,800,1.5,0.75
True,4,4,0.761630269831113,2.320322671692056,2.27535507111465,0.21665386140975657,5.886602079538181,0.8111286828930921,524.4390235878782,4.002532067054117e-108,meaningfully_different,True,1.0,1.0,7.72562586036377e-07,9.907481287587899e-07,True,420,0.7023329734802246,gaussian4_rho1.50_n800,gaussian4,800,1.5,0.75
True,4,4,0.7928882486622174,2.5146870994665536,2.4714158643229585,0.23963716240460517,6.140182305441462,0.8464017840329338,512.488077680162,1.4707279931588788e-105,meaningfully_different,True,1.0,1.0,9.795014396195368e-07,9.82630986537055e-07,True,421,0.6843042373657227,gaussian4_rho1.50_n800,gaussian4,800,1.5,0.75
True,4,4,0.7563533788375371,2.2882817347158353,2.2497313548844744,0.21775109742190418,5.739265471820123,0.8074496946020162,477.02869592164757,5.948410799813295e-98,meaningfully_different,True,1.0,1.0,9.772847964430491e-07,9.426965969010874e-07,True,422,0.6396989822387695,gaussian4_rho1.50_n800,gaussian4,800,1.5,0.75
True,4,4,0.7536814756936586,2.272143067215084,2.229440732763555,0.22719313358794532,5.411434374567683,0.8067124925529785,469.6332827926278,2.2909941271006905e-96,meaningfully_different,True,1.0,1.0,8.764458182415728e-07,9.167044394645248e-07,True,423,0.6692321300506592,gaussian4_rho1.50_n800,gaussian4,800,1.5,0.75
True,4,4,0.7417154692940118,2.2005673495601448,2.158379580528375,0.22244258222471647,5.207544207332363,0.7943967945380241,446.3736750598745,2.212550073743642e-91,meaningfully_different,True,1.0,1.0,9.515961988954676e-07,9.489660671936948e-07,True,424,0.6795310974121094,gaussian4_rho1.50_n800,gaussian4,800,1.5,0.75
True,4,4,0.785295383853979,2.466755359609473,2.4274255617044886,0.2159291015468776,6.61062150251479,0.8340559524918342,619.9116907140306,1.2241796499481735e-128,meaningfully_different,True,1.0,1.0,9.969532723987127e-07,9.156393724506419e-07,True,425,0.6585688591003418,gaussian4_rho1.50_n800,gaussian4,800,1.5,0.75
True,4,4,0.7708509311711443,2.3768446323496812,2.328853129606826,0.23526566989869188,5.648308697903291,0.8239888834257499,475.9695826303762,1.0034616313018145e-97,meaningfully_different,True,1.0,1.0,9.638594283784401e-07,8.850528392811341e-07,True,426,0.7228929996490479,gaussian4_rho1.50_n800,gaussian4,800,1.5,0.75
True,4,4,0.7808052681845201,2.4386274672988013,2.3954465958653,0.23258839258689848,5.999639880326102,0.833369734421444,491.21067856286226,5.405477712971401e-101,meaningfully_different,True,1.0,1.0,9.967728216484862e-07,7.692859973083394e-07,True,427,0.668337345123291,gaussian4_rho1.50_n800,gaussian4,800,1.5,0.75
True,4,4,0.7726102544994276,2.387706421430681,2.3502348067956524,0.21633604162312284,6.241377057031879,0.8225077400091397,531.6217325481043,1.148907813278988e-109,meaningfully_different,True,1.0,1.0,7.13714857406268e-07,9.626952551658723e-07,True,428,0.6539666652679443,gaussian4_rho1.50_n800,gaussian4,800,1.5,0.75
True,4,4,0.7813042415034931,2.4417452711653946,2.4008206847763,0.221806453367006,6.315509145527296,0.8315136550409533,570.2194284112056,5.886903228593956e-118,meaningfully_different,True,1.0,1.0,9.346830550583978e-07,9.980859800988263e-07,True,429,0.6873550415039062,gaussian4_rho1.50_n800,gaussian4,800,1.5,0.75
True,4,4,0.7333271913683461,2.1510750784007477,2.1091379908220014,0.21586459007738565,5.138119181216265,0.7848891075720795,478.2012888084724,3.3339639923389354e-98,meaningfully_different,True,1.0,1.0,7.881003956018032e-07,9.96944515528481e-07,True,430,0.666856050491333,gaussian4_rho1.50_n800,gaussian4,800,1.5,0.75
True,4,4,0.7827378330074706,2.4507140608849234,2.399046941334805,0.25140909675619705,5.564822273282837,0.8385371348340557,458.8179441701003,4.7678309161081533e-94,meaningfully_different,True,1.0,1.0,9.367557905099119e-07,8.974078170753185e-07,True,431,0.7308440208435059,gaussian4_rho1.50_n800,gaussian4,800,1.5,0.75
True,4,4,0.7234839053863361,2.0937158454122597,2.0490415738169605,0.21599491598423587,4.856788267616093,0.775293749938807,444.4941467571551,5.591839582796053e-91,meaningfully_different,True,1.0,1.0,9.634436751400985e-07,9.863556519359286e-07,True,432,0.703944206237793,gaussian4_rho1.50_n800,gaussian4,800,1.5,0.75
True,4,4,0.7729440473987109,2.3897700016364025,2.3447198503751157,0.24004410329936546,5.601969937574677,0.8275803985588637,464.5928093976873,2.757719986974352e-95,meaningfully_different,True,1.0,1.0,9.087425510333244e-07,9.382871310305586e-07,True,433,0.6962900161743164,gaussian4_rho1.50_n800,gaussian4,800,1.5,0.75
True,4,4,0.7410764930980994,2.1967774744903097,2.1480398733613555,0.24077285572026352,4.76814493862705,0.7975079902992029,414.9072340283429,1.2104476563801711e-84,meaningfully_different,True,1.0,1.0,8.436813495507732e-07,8.369354573581012e-07,True,434,0.7001590728759766,gaussian4_rho1.50_n800,gaussian4,800,1.5,0.75
True,4,4,0.8037499737710142,2.584056081347624,2.5385977207126458,0.2561032650308504,6.007723956691083,0.8602107452643152,511.2956968215715,2.65113344597808e-105,meaningfully_different,True,1.0,1.0,8.070378199608548e-07,8.922832950892464e-07,True,435,0.7025871276855469,gaussian4_rho1.50_n800,gaussian4,800,1.5,0.75
True,4,4,0.7880430576075861,2.484047442574053,2.4386798837474806,0.2473377299625101,5.8166616309025985,0.8434326063708735,447.2814957897929,1.4138310439753252e-91,meaningfully_different,True,1.0,1.0,8.649637394570885e-07,9.608567163053665e-07,True,436,0.723046064376831,gaussian4_rho1.50_n800,gaussian4,800,1.5,0.75
True,4,4,0.755794207176811,2.2848995344080976,2.2436531754502433,0.21513656700476658,5.780761461266085,0.8058413829622306,469.6263416005747,2.2988575571502317e-96,meaningfully_different,True,1.0,0.9970149253731343,9.594278407791387e-07,9.972972914816877e-07,True,437,0.6891000270843506,gaussian4_rho1.50_n800,gaussian4,800,1.5,0.75
True,4,4,0.7287527472678833,2.1243222666019497,2.0846676725536444,0.20485731675729935,5.294747045030776,0.7780790404948322,502.5272965239561,2.0184470016500431e-103,meaningfully_different,True,1.0,1.0,8.336374669291074e-07,9.714454588416525e-07,True,438,0.6709311008453369,gaussian4_rho1.50_n800,gaussian4,800,1.5,0.75
True,4,4,0.8233118407724953,2.711369548624779,2.669275043898504,0.2667575474192939,6.257648790250383,0.8814834319611187,476.56763244699954,7.46904427936992e-98,meaningfully_different,True,1.0,1.0,8.600264319692063e-07,9.763063357524061e-07,True,439,0.7124199867248535,gaussian4_rho1.50_n800,gaussian4,800,1.5,0.75
True,4,4,0.7310142241454968,2.1375271836121703,2.0957066249367386,0.21695190661213457,5.050458611067369,0.783032686961685,415.5144827214902,8.973872398171414e-85,meaningfully_different,True,1.0,1.0,8.954372446548391e-07,9.128347389449283e-07,True,440,0.6845378875732422,gaussian4_rho1.50_n800,gaussian4,800,1.5,0.75
True,4,4,0.7252928958501519,2.104199139082797,2.062067899240078,0.1938532468865429,5.478721230094627,0.7715128183442137,521.7410351403444,1.5188026435201156e-107,meaningfully_different,True,1.0,1.0,8.413245686285239e-07,8.376934988144985e-07,True,441,0.684704065322876,gaussian4_rho1.50_n800,gaussian4,800,1.5,0.75
True,4,4,0.7456343449918982,2.223882305725988,2.186000556609711,0.19887695897603597,5.963488996996482,0.7926417923467263,544.6577719100703,1.823855351978451e-112,meaningfully_different,True,1.0,1.0,9.14170744596867e-07,7.787551690779711e-07,True,442,0.6330921649932861,gaussian4_rho1.50_n800,gaussian4,800,1.5,0.75
True,4,4,0.7594949934195946,2.30733058011772,2.2636437777798197,0.22522234164481572,5.610650207041336,0.8114957737574483,451.2898022805665,1.95693595107849e-92,meaningfully_different,True,1.0,1.0,9.901796529268772e-07,9.717312740546297e-07,True,443,0.6832277774810791,gaussian4_rho1.50_n800,gaussian4,800,1.5,0.75
True,4,4,0.7192757715614384,2.06943054222121,2.0271758550873846,0.2239968257571561,4.58567147822437,0.773889179139956,442.985534541962,1.1768909752517098e-90,meaningfully_different,True,1.0,1.0,8.976182677981944e-07,9.076244393120837e-07,True,444,0.6746821403503418,gaussian4_rho1.50_n800,gaussian4,800,1.5,0.75
True,4,4,0.7644171847257533,2.337334529216186,2.2885098672813426,0.24214096854335854,5.321321191670289,0.8195724979560118,427.82101916796546,2.0820735821141785e-87,meaningfully_different,True,1.0,1.0,9.378647497678207e-07,9.25367508924284e-07,True,445,0.7247369289398193,gaussian4_rho1.50_n800,gaussian4,800,1.5,0.75
True,4,4,0.803916341951659,2.585125939427747,2.543945871875347,0.23935393811307562,6.450471983234952,0.8569784222933734,496.56323239359267,3.842418410341918e-102,meaningfully_different,True,1.0,1.0,8.237148922941954e-07,9.070758690198766e-07,True,446,0.665269136428833,gaussian4_rho1.50_n800,gaussian4,800,1.5,0.75
True,4,4,0.8200490439655244,2.689921738035082,2.6502761739524963,0.23431641555053698,7.042938797416724,0.871161922366483,569.7373508147766,7.472581167935373e-118,meaningfully_different,True,1.0,1.0,9.862725492788166e-07,7.776195470288506e-07,True,447,0.6385929584503174,gaussian4_rho1.50_n800,gaussian4,800,1.5,0.75
True,4,4,0.7621605859127313,2.3235550348753513,2.2818051151517937,0.22044211876785094,5.814701484073791,0.8130805823748284,492.04394358616014,3.5817241398367713e-101,meaningfully_different,True,1.0,1.0,7.66262723289118e-07,9.69137497744383e-07,True,448,0.6780328750610352,gaussian4_rho1.50_n800,gaussian4,800,1.5,0.75
True,4,4,0.7492116315053042,2.2452722751313594,2.2050611889924103,0.2227125820986467,5.410835695212986,0.8017778350991465,458.873380400772,4.639164174104876e-94,meaningfully_different,True,1.0,1.0,7.613269281795219e-07,9.808934487530785e-07,True,449,0.6703739166259766,gaussian4_rho1.50_n800,gaussian4,800,1.5,0.75
True,4,4,0.7345899214140851,2.1584894105726065,2.116941572917753,0.23087105022283874,4.837945562424008,0.7900459887302265,427.6752106279598,2.237257444863726e-87,meaningfully_different,True,1.0,1.0,9.99590598222024e-07,9.109104544127983e-07,True,450,0.6639471054077148,gaussian4_rho1.50_n800,gaussian4,800,1.5,0.75
True,4,4,0.6776545217854592,1.8368626035851174,1.7962234647709878,0.19426004818007903,4.098750475099691,0.7272813777335012,421.253828576376,5.302540749282311e-86,meaningfully_different,True,1.0,1.0,9.880733605957353e-07,7.545804564282696e-07,True,451,0.6655728816986084,gaussian4_rho1.50_n800,gaussian4,800,1.5,0.75
True,4,4,0.8026695382786178,2.5771135507216374,2.5369363362252098,0.23208317394739997,6.62235141860627,0.854207115787354,527.4619066245755,8.982222872635944e-109,meaningfully_different,True,1.0,1.0,9.638229668310768e-07,9.511380736071249e-07,True,452,0.6565079689025879,gaussian4_rho1.50_n800,gaussian4,800,1.5,0.75
True,4,4,0.7257209137467482,2.10668337859766,2.07002668713019,0.19717622355785075,5.426753123792577,0.7736848055891228,486.46193685650644,5.641640775179589e-100,meaningfully_different,True,1.0,1.0,7.312519882581631e-07,8.301793136758961e-07,True,453,0.6464939117431641,gaussian4_rho1.50_n800,gaussian4,800,1.5,0.75
True,4,4,0.8051936376403458,2.59334717638597,2.54847578378253,0.22600417097622374,6.851536310564081,0.8544324964733803,587.3677623740643,1.2151892162082011e-121,meaningfully_different,True,1.0,1.0,7.110014717093236e-07,8.218823679198576e-07,True,454,0.6689908504486084,gaussian4_rho1.50_n800,gaussian4,800,1.5,0.75
True,4,4,0.8047179818819594,2.590284121456694,2.5476072684738593,0.25481525055571663,6.073448371315073,0.8612115096700952,594.1471563928011,4.240510662908993e-123,meaningfully_different,True,1.0,1.0,8.980884191496348e-07,8.143254679350702e-07,True,455,0.6661169528961182,gaussian4_rho1.50_n800,gaussian4,800,1.5,0.75
True,4,4,0.7962008559066827,2.5357432117861363,2.4988143649663472,0.20855087122912913,7.1868046205361615,0.8428893791464378,617.797896256645,3.486695438578719e-128,meaningfully_different,True,1.0,1.0,7.250205002325973e-07,9.942017648610935e-07,True,456,0.6517500877380371,gaussian4_rho1.50_n800,gaussian4,800,1.5,0.75
True,4,4,0.7596564565492234,2.308311727907689,2.2642210317872506,0.22917249934226927,5.516460462819912,0.8125848030402606,458.67087243001106,5.12673887085131e-94,meaningfully_different,True,1.0,1.0,8.784749075576738e-07,8.757446544780435e-07,True,457,0.6859650611877441,gaussian4_rho1.50_n800,gaussian4,800,1.5,0.75
True,4,4,0.8439260062512304,2.848844416108607,2.808560451385075,0.2460573689541849,7.350157644422441,0.8962824341617298,632.3617173615512,2.5714638914997954e-131,meaningfully_different,True,1.0,1.0,8.442280584604314e-07,8.228917846083676e-07,True,458,0.662445068359375,gaussian4_rho1.50_n800,gaussian4,800,1.5,0.75
True,4,4,0.7999814560350792,2.5598813200000214,2.518131745823065,0.23581994980824267,6.437673093635785,0.8523527798940804,574.6881830374728,6.451255941003634e-119,meaningfully_different,True,1.0,1.0,8.713871989982456e-07,9.611441087156585e-07,True,459,0.6712191104888916,gaussian4_rho1.50_n800,gaussian4,800,1.5,0.75
True,4,4,0.7857332138026648,2.4695067330906566,2.426375300276955,0.23075062755472645,6.181457946148666,0.8375449699764895,491.9137025928403,3.819707463163262e-101,meaningfully_different,True,1.0,1.0,9.175398006369316e-07,9.836401704785698e-07,True,460,0.6795852184295654,gaussian4_rho1.50_n800,gaussian4,800,1.5,0.75
True,4,4,0.8530809547371505,2.910988461340993,2.8709256454709156,0.2531091098647343,7.3917752169045565,0.9065391721881607,602.4971439482831,6.797720847316212e-125,meaningfully_different,True,1.0,1.0,9.815674977182577e-07,8.707956507828363e-07,True,461,0.6708550453186035,gaussian4_rho1.50_n800,gaussian4,800,1.5,0.75
True,4,4,0.7927585450339684,2.513864442897498,2.467239831022014,0.2572010977710668,5.704640624543506,0.8500438208625855,488.2434090410741,2.340489030166762e-100,meaningfully_different,True,1.0,1.0,8.173338972021897e-07,9.241212552060746e-07,True,462,0.6886610984802246,gaussian4_rho1.50_n800,gaussian4,800,1.5,0.75
True,4,4,0.8077525479865519,2.6098567151150673,2.5642257091651905,0.2381104634503349,6.569327893024142,0.8596340163968864,576.3813026475589,2.791306367750086e-119,meaningfully_different,True,1.0,1.0,8.577739755606234e-07,8.446679259828275e-07,True,463,0.6980278491973877,gaussian4_rho1.50_n800,gaussian4,800,1.5,0.75
True,4,4,0.7451168732306163,2.220796619091881,2.1769956633040675,0.22725141485174255,5.1792666024628815,0.7985597938246093,422.6111404110211,2.7159312722797462e-86,meaningfully_different,True,1.0,1.0,7.290426615817388e-07,9.742074507226371e-07,True,464,0.6870999336242676,gaussian4_rho1.50_n800,gaussian4,800,1.5,0.75
True,4,4,0.7820394242926851,2.4463426445921375,2.401425788123616,0.25151950278660085,5.5718374622927005,0.8389187318404547,424.9543378781735,8.555979407498924e-87,meaningfully_different,True,1.0,1.0,7.265775770304297e-07,9.250293686080618e-07,True,465,0.6942169666290283,gaussian4_rho1.50_n800,gaussian4,800,1.5,0.75
True,4,4,0.76193065946172,2.322153319311086,2.283046469833639,0.2291947692175821,5.598061745534867,0.8154811949486457,442.4139933450398,1.5601644948623852e-90,meaningfully_different,True,1.0,1.0,9.63517065366834e-07,7.621078180130234e-07,True,466,0.6325099468231201,gaussian4_rho1.50_n800,gaussian4,800,1.5,0.75
True,4,4,0.7238433170216793,2.0957965903877893,2.057040304594553,0.20154872321708775,5.24458943585575,0.772748091713208,473.3202222363859,3.7115936504738494e-97,meaningfully_different,True,1.0,1.0,8.201670983066997e-07,9.421787865214125e-07,True,467,0.6394791603088379,gaussian4_rho1.50_n800,gaussian4,800,1.5,0.75
True,4,4,0.8313882601196452,2.764825756259083,2.71716902757939,0.27764311545278203,6.1848067969523415,0.890765304812385,504.32363697740766,8.30954864945226e-104,meaningfully_different,True,1.0,1.0,8.967752169559697e-07,8.916353388734277e-07,True,468,0.7040491104125977,gaussian4_rho1.50_n800,gaussian4,800,1.5,0.75
True,4,4,0.7696663455108592,2.369545133648165,2.3229006204543134,0.2299138051336723,5.753898160596214,0.821747402903509,456.0717126807698,1.8487151799616168e-93,meaningfully_different,True,1.0,1.0,9.940778164378819e-07,7.182564511936265e-07,True,469,0.6802570819854736,gaussian4_rho1.50_n800,gaussian4,800,1.5,0.75
True,4,4,0.7597239318742317,2.3087218106497693,2.265699545936101,0.23412489836747616,5.406086899606435,0.8140639922904539,414.3679398405724,1.5789409525880817e-84,meaningfully_different,True,1.0,1.0,7.726548814182356e-07,9.483487936291835e-07,True,470,0.6873660087585449,gaussian4_rho1.50_n800,gaussian4,800,1.5,0.75
True,4,4,0.774530060111776,2.3995872560670057,2.355965674109109,0.24169731667114588,5.61018091878132,0.8296870467320918,476.07975797951474,9.50335115125988e-98,meaningfully_different,True,1.0,1.0,8.849680620831564e-07,7.463839460595551e-07,True,471,0.6846399307250977,gaussian4_rho1.50_n800,gaussian4,800,1.5,0.75
True,4,4,0.7880124619511066,2.483854560760977,2.442086237711378,0.2318272043333209,6.22052205589275,0.8401499948796436,513.7132793595775,8.027532973214048e-106,meaningfully_different,True,1.0,1.0,7.085494439593072e-07,9.862012591151133e-07,True,472,0.6666078567504883,gaussian4_rho1.50_n800,gaussian4,800,1.5,0.75
True,4,4,0.7859961915215367,2.4711600523454407,2.427483526889399,0.22443280006931146,6.360405103213745,0.8361582733086901,564.1704396781506,1.1737138468962264e-116,meaningfully_different,True,1.0,1.0,9.247532157290815e-07,9.970912470265306e-07,True,473,0.6839759349822998,gaussian4_rho1.50_n800,gaussian4,800,1.5,0.75
True,4,4,0.8248781352818676,2.721695752264364,2.6833826858616274,0.23500087043781107,7.163304045323124,0.876060032180731,610.5410374724797,1.2672913682899174e-126,meaningfully_different,True,1.0,1.0,9.58921374387445e-07,9.989164243133888e-07,True,474,0.6645476818084717,gaussian4_rho1.50_n800,gaussian4,800,1.5,0.75
True,4,4,0.812748630107752,2.6422413429681098,2.601285012685123,0.228064029747346,7.021208098703944,0.8626147690586183,595.4141263655929,2.2649837789436222e-123,meaningfully_different,True,1.0,1.0,9.64194249622381e-07,9.963570112252133e-07,True,475,0.6530861854553223,gaussian4_rho1.50_n800,gaussian4,800,1.5,0.75
True,4,4,0.8201534527412765,2.6906067441737487,2.651525136852042,0.23565160173513514,7.008334018065804,0.8716561146264912,584.5956881720149,4.79126048505354e-121,meaningfully_different,True,1.0,1.0,8.907006422412243e-07,9.910950107023252e-07,True,476,0.6549229621887207,gaussian4_rho1.50_n800,gaussian4,800,1.5,0.75
True,4,4,0.8218133923069441,2.7015090071001886,2.6619857128027173,0.24422274819933765,6.80520436796569,0.8751708955916059,550.909652186886,8.283757547832928e-114,meaningfully_different,True,1.0,1.0,9.227818246801475e-07,7.264023470088074e-07,True,477,0.6419551372528076,gaussian4_rho1.50_n800,gaussian4,800,1.5,0.75
True,4,4,0.8217642104390004,2.701185670233735,2.65847665530959,0.2488315816057615,6.665056921662027,0.8757522744495012,516.2887060886463,2.2481505316812634e-106,meaningfully_different,True,1.0,1.0,8.133988202333334e-07,9.802854364104614e-07,True,478,0.6788101196289062,gaussian4_rho1.50_n800,gaussian4,800,1.5,0.75
True,4,4,0.7326097480617206,2.146868171820231,2.1059354948064537,0.21684788523784126,5.100052018461932,0.7846366237527843,451.14033886314417,2.106699180019039e-92,meaningfully_different,True,1.0,1.0,9.266552034666143e-07,9.624878991786112e-07,True,479,0.6641740798950195,gaussian4_rho1.50_n800,gaussian4,800,1.5,0.75
True,4,4,0.7730088402280967,2.3901706682831483,2.3379811981631184,0.25999093026361714,5.146261051516205,0.8315089029562035,420.5231906287651,7.601321412577806e-86,meaningfully_different,True,1.0,1.0,9.642925553502244e-07,9.681030082149077e-07,True,480,0.7395410537719727,gaussian4_rho1.50_n800,gaussian4,800,1.5,0.75
True,4,4,0.8325198056707065,2.7723569073359635,2.7362606996364014,0.23306390358236317,7.449719467274,0.8831218356992595,634.158836031246,1.0559097231330924e-131,meaningfully_different,True,1.0,1.0,9.473609260419971e-07,9.427665588819153e-07,True,481,0.6158201694488525,gaussian4_rho1.50_n800,gaussian4,800,1.5,0.75
True,4,4,0.7738325872560079,2.3952674923973083,2.352286861956476,0.22606888648313966,5.981746904642405,0.8252480066363609,497.6049033345238,2.296825124053137e-102,meaningfully_different,True,1.0,1.0,9.911049558983216e-07,9.447377842996633e-07,True,482,0.6898128986358643,gaussian4_rho1.50_n800,gaussian4,800,1.5,0.75
True,4,4,0.6782740734190248,1.8402228746897467,1.8006689929202424,0.18485918770908438,4.331237212727922,0.7253852938781625,433.76663057269855,1.1099953414345153e-88,meaningfully_different,True,1.0,1.0,9.980898642057397e-07,9.72981761149975e-07,True,483,0.6636290550231934,gaussian4_rho1.50_n800,gaussian4,800,1.5,0.75
True,4,4,0.8009352232964024,2.565988927667432,2.527947690570594,0.2368443645302888,6.451273154000643,0.8540377630104035,519.1905603028638,5.357595518254726e-107,meaningfully_different,True,1.0,1.0,9.183466747693849e-07,9.977246393799467e-07,True,484,0.6428148746490479,gaussian4_rho1.50_n800,gaussian4,800,1.5,0.75
True,4,4,0.7914404231913109,2.5055117738449653,2.4600325241253738,0.22825459692040476,6.396508739907242,0.8419438707150032,570.3309133895577,5.5709857800068125e-118,meaningfully_different,True,1.0,1.0,9.397384758872229e-07,9.391723110870064e-07,True,485,0.6875829696655273,gaussian4_rho1.50_n800,gaussian4,800,1.5,0.75
True,4,4,0.7581716277499618,2.2992968685001065,2.2606988925249,0.2215473758873954,5.6904257496855575,0.8101098532444324,498.7248284454735,1.3208590969223524e-102,meaningfully_different,True,1.0,1.0,9.058902460572178e-07,9.881745236365564e-07,True,486,0.6499550342559814,gaussian4_rho1.50_n800,gaussian4,800,1.5,0.75
True,4,4,0.7295624207730067,2.129045303216679,2.0892519473368063,0.2059634380010765,5.288569456347457,0.7791071260347116,521.53688089498,1.6800605239466267e-107,meaningfully_different,True,1.0,1.0,9.551500714564921e-07,9.146199863087353e-07,True,487,0.6561417579650879,gaussian4_rho1.50_n800,gaussian4,800,1.5,0.75
True,4,4,0.8004219136837486,2.562700959620617,2.5190107767028165,0.25609042016782485,5.931540803858874,0.8573566983967917,459.78186159668365,2.962996900855586e-94,meaningfully_different,True,1.0,1.0,8.016226754699737e-07,7.033987947615961e-07,True,488,0.6730527877807617,gaussian4_rho1.50_n800,gaussian4,800,1.5,0.75
True,4,4,0.7585545630737055,2.3016201006397607,2.2573702533998663,0.2440249584316869,5.152629720667931,0.8152845502250899,437.22097635556327,2.0207210971241876e-89,meaningfully_different,True,1.0,1.0,8.291564543308615e-07,9.339331038607866e-07,True,489,0.6821372509002686,gaussian4_rho1.50_n800,gaussian4,800,1.5,0.75
True,4,4,0.7700278501542657,2.371771560052801,2.3291454787021775,0.23860399950931113,5.570507960619117,0.8248657667615069,422.2424843690915,3.257165209239778e-86,meaningfully_different,True,1.0,1.0,7.707017021916225e-07,7.938691806089453e-07,True,490,0.6904909610748291,gaussian4_rho1.50_n800,gaussian4,800,1.5,0.75
True,4,4,0.766922685030283,2.352681619256235,2.3074478343783493,0.24868167938537267,5.257515702844545,0.8240893150429391,451.8596069147161,1.4773445530630745e-92,meaningfully_different,True,1.0,1.0,7.783898354190219e-07,8.89025282293147e-07,True,491,0.692432165145874,gaussian4_rho1.50_n800,gaussian4,800,1.5,0.75
True,4,4,0.7725817501814969,2.3875302428540195,2.34895134626215,0.21912013630439311,6.156218086630978,0.8230084898104837,523.9927089010768,4.990520025474065e-108,meaningfully_different,True,1.0,1.0,9.200266974600937e-07,8.692172538189163e-07,True,492,0.6431989669799805,gaussian4_rho1.50_n800,gaussian4,800,1.5,0.75
True,4,4,0.754965379797314,2.2798908987700104,2.2323823619514673,0.23769169668967008,5.184793491379145,0.8098380102445982,423.61712937708415,1.654070635013295e-86,meaningfully_different,True,1.0,1.0,9.450013970832262e-07,9.57034178420808e-07,True,493,0.6881401538848877,gaussian4_rho1.50_n800,gaussian4,800,1.5,0.75
True,4,4,0.7141144082488078,2.0398375522741796,1.9987812986252564,0.2082992729241941,4.794934157013312,0.7650822036202991,454.57684042013494,3.865616552200156e-93,meaningfully_different,True,1.0,1.0,9.431345356915919e-07,8.196882498840078e-07,True,494,0.6824591159820557,gaussian4_rho1.50_n800,gaussian4,800,1.5,0.75
True,4,4,0.761087082556998,2.3170141889404903,2.264186751617031,0.26219656556814724,4.821522924519228,0.8208930690817802,452.1596341661169,1.274068176357483e-92,meaningfully_different,True,1.0,1.0,7.630581608006956e-07,7.976373332248885e-07,True,495,0.7468259334564209,gaussian4_rho1.50_n800,gaussian4,800,1.5,0.75
True,4,4,0.7213610923197066,2.081447302050721,2.0381168176330533,0.2051407772464152,5.060509332018699,0.7706398914412722,465.57145186950754,1.7012588186422332e-95,meaningfully_different,True,1.0,1.0,7.186146794441828e-07,8.174322715552376e-07,True,496,0.6825642585754395,gaussian4_rho1.50_n800,gaussian4,800,1.5,0.75
True,4,4,0.7925254743231115,2.5123865098042915,2.465927816404512,0.24105044401383294,6.0814151262064815,0.8459344704997734,501.88091422379387,2.777840200687087e-103,meaningfully_different,True,1.0,1.0,7.97611252079199e-07,9.472104992198979e-07,True,497,0.6911938190460205,gaussian4_rho1.50_n800,gaussian4,800,1.5,0.75
True,4,4,0.7774282692928062,2.417578855582432,2.367494739917285,0.2670503133774054,5.120738195819642,0.8376684034351894,429.773744832449,7.950099605178209e-88,meaningfully_different,True,1.0,1.0,9.655817585497509e-07,8.690754030942606e-07,True,498,0.7284462451934814,gaussian4_rho1.50_n800,gaussian4,800,1.5,0.75
True,4,4,0.7874514793409607,2.4803193292650696,2.4377804971245243,0.2413043304629568,5.958370056459644,0.8418270012724728,505.8177715158972,3.971633830693734e-104,meaningfully_different,True,1.0,1.0,9.441097685110015e-07,7.382892969666582e-07,True,499,0.6764922142028809,gaussian4_rho1.50_n800,gaussian4,800,1.5,0.75
True,4,4,0.8119451110096377,2.6370194531698115,2.5941160943008597,0.23425556907788195,6.805029654474813,0.8630515941605396,607.8143194348556,4.888360041327611e-126,meaningfully_different,True,1.0,1.0,9.196818743322215e-07,7.093932774530451e-07,True,500,0.6828041076660156,gaussian4_rho1.50_n800,gaussian4,800,1.5,0.75
True,4,4,0.7367380285852975,2.1711316910550025,2.1291323155259643,0.2171770419468779,5.199132953482962,0.7884092783356368,479.687516636371,1.600503775551752e-98,meaningfully_different,True,1.0,1.0,9.237601572801189e-07,9.259137987978747e-07,True,501,0.664125919342041,gaussian4_rho1.50_n800,gaussian4,800,1.5,0.75
True,4,4,0.7860057311294297,2.4712200374732376,2.42755355075748,0.21981827930752545,6.494244042190571,0.8350332994477967,530.3823333321125,2.1202534036593873e-109,meaningfully_different,True,1.0,1.0,8.628890332036632e-07,9.260008757958451e-07,True,502,0.686790943145752,gaussian4_rho1.50_n800,gaussian4,800,1.5,0.75
True,4,4,0.8056245617042336,2.596123737684554,2.552231358392031,0.25487185020390085,6.09024243811243,0.8618959110019826,490.70819035091245,6.928193134683655e-101,meaningfully_different,True,1.0,1.0,7.729509786773215e-07,7.784794627879726e-07,True,503,0.6825671195983887,gaussian4_rho1.50_n800,gaussian4,800,1.5,0.75
True,4,4,0.763954531415646,2.3345061042819966,2.2911631616072055,0.22769153099556635,5.6706683641753335,0.8163458829122917,442.6252474679002,1.4057765657334934e-90,meaningfully_different,True,1.0,1.0,9.030685605580313e-07,8.08719938791919e-07,True,504,0.6775729656219482,gaussian4_rho1.50_n800,gaussian4,800,1.5,0.75
True,4,4,0.7576231422096321,2.295971302446386,2.2526628792469805,0.2154318226171843,5.8146603599642,0.8073129340657844,489.93413817397163,1.0154414537180339e-100,meaningfully_different,True,1.0,1.0,9.317571958739331e-07,8.985530053337117e-07,True,505,0.6637899875640869,gaussian4_rho1.50_n800,gaussian4,800,1.5,0.75
True,4,4,0.8050402648241758,2.592359311952716,2.5526947281167045,0.2311456995577692,6.717385316219766,0.85628493657026,533.6239913439476,4.2695254950006664e-110,meaningfully_different,True,1.0,1.0,9.273597010710249e-07,8.887980445360371e-07,True,506,0.6546542644500732,gaussian4_rho1.50_n800,gaussian4,800,1.5,0.75
True,4,4,0.7451959049519675,2.221267747028727,2.1780339323664504,0.2247085089185475,5.242498105817012,0.7980674373553873,467.97780773838315,5.187100945156084e-96,meaningfully_different,True,1.0,1.0,9.152334264686009e-07,7.389079275359925e-07,True,507,0.6581177711486816,gaussian4_rho1.50_n800,gaussian4,800,1.5,0.75
True,4,4,0.8107189041495692,2.629060566181913,2.58596949381918,0.24054665293525487,6.593188782577062,0.8633703620623613,564.7112844251797,8.981797549784538e-117,meaningfully_different,True,1.0,1.0,8.595547780685827e-07,8.782894969605871e-07,True,508,0.6776580810546875,gaussian4_rho1.50_n800,gaussian4,800,1.5,0.75
True,4,4,0.7310839239724629,2.137934815563896,2.0914593216544173,0.22591216051027294,4.831343824914574,0.7847056387974701,402.9227825374286,4.43952743513791e-82,meaningfully_different,True,1.0,1.0,8.846736694890524e-07,8.591655714168774e-07,True,509,0.6875178813934326,gaussian4_rho1.50_n800,gaussian4,800,1.5,0.75
True,4,4,0.789372448338438,2.49243544878328,2.4473920532659714,0.2329375703274222,6.213647936790467,0.8412104761402308,544.0308727766945,2.4867084164430134e-112,meaningfully_different,True,1.0,1.0,8.963858084863086e-07,8.945326409536849e-07,True,510,0.7010130882263184,gaussian4_rho1.50_n800,gaussian4,800,1.5,0.75
True,4,4,0.7577359668000048,2.2966551815293514,2.249533682925788,0.23268422210515075,5.370083418724969,0.8112128527072637,410.4798906359144,1.0725612816512442e-83,meaningfully_different,True,1.0,1.0,9.693463467855813e-07,9.684059748855143e-07,True,511,0.7086050510406494,gaussian4_rho1.50_n800,gaussian4,800,1.5,0.75
True,4,4,0.7269327009125612,2.1137246066241246,2.076905069087436,0.199069365718993,5.409697595598908,0.7752975295499869,488.01006524270014,2.626372392513674e-100,meaningfully_different,True,1.0,1.0,8.374989964300885e-07,9.00447999196738e-07,True,512,0.6345868110656738,gaussian4_rho1.50_n800,gaussian4,800,1.5,0.75
True,4,4,0.8398610888720046,2.8214665944050767,2.775285206268389,0.24155764709765576,7.34932314335172,0.8905914015718476,607.7676180391339,5.002700279010511e-126,meaningfully_different,True,1.0,1.0,8.288322512941751e-07,9.055418716819265e-07,True,513,0.6892428398132324,gaussian4_rho1.50_n800,gaussian4,800,1.5,0.75
True,4,4,0.7820437634001123,2.4463697914920433,2.405128651310542,0.22980340300340443,6.114481478282223,0.8341345233573663,531.6281129793908,1.1452894698773316e-109,meaningfully_different,True,1.0,1.0,8.469203621500975e-07,8.883322360308114e-07,True,514,0.6787021160125732,gaussian4_rho1.50_n800,gaussian4,800,1.5,0.75
True,4,4,0.7498191148605334,2.2489148200409352,2.202860414678937,0.20989287618491292,5.730830109828179,0.7981390031415215,474.9660673573082,1.6469223062238085e-97,meaningfully_different,True,1.0,1.0,8.031849834972038e-07,9.864401179163934e-07,True,515,0.7111690044403076,gaussian4_rho1.50_n800,gaussian4,800,1.5,0.75
True,4,4,0.7991012739967404,2.5542513844128543,2.513595205218351,0.23628007037346513,6.405936830922544,0.8517982941912501,555.7447080029038,7.579698205384054e-115,meaningfully_different,True,1.0,1.0,9.298053320946688e-07,8.097238009839583e-07,True,516,0.6579101085662842,gaussian4_rho1.50_n800,gaussian4,800,1.5,0.75
True,4,4,0.7719880938268866,2.383862468041879,2.342997392648828,0.22256535229138594,6.034170992125295,0.8229648867963697,534.1991487057094,3.2128025369502004e-110,meaningfully_different,True,1.0,1.0,9.428801507604118e-07,7.570516982999129e-07,True,517,0.6615550518035889,gaussian4_rho1.50_n800,gaussian4,800,1.5,0.75
True,4,4,0.8133698871344827,2.6462822931886443,2.598174683881306,0.2718670972156349,5.878514539821982,0.8725474578475964,456.7580012059637,1.3176340454166877e-93,meaningfully_different,True,1.0,1.0,9.364831492283125e-07,9.190968719555365e-07,True,518,0.7274107933044434,gaussian4_rho1.50_n800,gaussian4,800,1.5,0.75
True,4,4,0.7948851700230413,2.527369734090237,2.4803906547104497,0.24469541157524155,6.049932220552666,0.8489521173096821,532.1457019533442,8.867175925420571e-110,meaningfully_different,True,1.0,1.0,9.963644081626932e-07,8.862520784835725e-07,True,519,0.6847269535064697,gaussian4_rho1.50_n800,gaussian4,800,1.5,0.75
True,4,4,0.8265604915211248,2.7328089845745738,2.688969939505948,0.24727357739709077,6.830369654876918,0.8797298989088665,556.482758970054,5.2614939448830795e-115,meaningfully_different,True,1.0,1.0,8.855566739047331e-07,9.30851425095569e-07,True,520,0.6794512271881104,gaussian4_rho1.50_n800,gaussian4,800,1.5,0.75
True,4,4,0.7454766729537636,2.2229418796728506,2.18272309665047,0.21669215915292891,5.4580797998130235,0.7967355239609175,525.9775518296003,1.8708962145025255e-108,meaningfully_different,True,1.0,1.0,8.109006435185915e-07,7.901470343542995e-07,True,521,0.649277925491333,gaussian4_rho1.50_n800,gaussian4,800,1.5,0.75
True,4,4,0.8208117225627496,2.694927535585713,2.651353319638617,0.2596500966268978,6.359917986133148,0.8772741479739486,507.8508720448473,1.4544295274786556e-104,meaningfully_different,True,1.0,1.0,9.142939392249783e-07,9.415874078100852e-07,True,522,0.6945719718933105,gaussian4_rho1.50_n800,gaussian4,800,1.5,0.75
True,4,4,0.7946895974987614,2.526126225490974,2.4767729962057996,0.27007002827237053,5.468111384490423,0.8545464676862948,407.53047003637414,4.58702834461209e-83,meaningfully_different,True,1.0,1.0,7.604755372945106e-07,9.958749856484595e-07,True,523,0.7276132106781006,gaussian4_rho1.50_n800,gaussian4,800,1.5,0.75
True,4,4,0.6952994525547287,1.9337653148916216,1.8916754271905432,0.1931216451263181,4.6171697978614,0.7431911371947668,430.0980938027257,6.775157630823183e-88,meaningfully_different,True,1.0,1.0,9.842924255889869e-07,7.820288589931003e-07,True,524,0.6894679069519043,gaussian4_rho1.50_n800,gaussian4,800,1.5,0.75
True,4,4,0.7946412555958272,2.5258189003796514,2.483205631096624,0.23423602153513992,6.33209880092723,0.8468307978400086,501.1648298504384,3.956855304175013e-103,meaningfully_different,True,1.0,1.0,8.075678268989607e-07,8.849192981301954e-07,True,525,0.6715941429138184,gaussian4_rho1.50_n800,gaussian4,800,1.5,0.75
True,4,4,0.8134595523973057,2.6468657735456995,2.601611239767933,0.24929471446032944,6.424569583174213,0.8677074038850651,507.01807192926395,2.1948411885024806e-104,meaningfully_different,True,1.0,1.0,9.522701249955949e-07,9.61261075231965e-07,True,526,0.7021141052246094,gaussian4_rho1.50_n800,gaussian4,800,1.5,0.75
True,4,4,0.78349925135326,2.455484307484476,2.416852580417183,0.22310881023136236,6.35050036324391,0.834241259488385,515.3204873534335,3.62773274787783e-106,meaningfully_different,True,1.0,1.0,7.368920571725115e-07,8.527075699852962e-07,True,527,0.6573410034179688,gaussian4_rho1.50_n800,gaussian4,800,1.5,0.75
True,4,4,0.8294306322988191,2.7518206951824755,2.7083921801447346,0.23560107181851675,7.251207165393149,0.8797615383783091,601.0488614236169,1.392286765068322e-124,meaningfully_different,True,1.0,1.0,9.805722441253472e-07,9.649512663045652e-07,True,528,0.6840310096740723,gaussian4_rho1.50_n800,gaussian4,800,1.5,0.75
True,4,4,0.794356463203645,2.524008762533615,2.481529533555931,0.23484847769348538,6.308448528627734,0.8467320862991571,515.1053377587292,4.034711356608869e-106,meaningfully_different,True,1.0,1.0,8.914195800968331e-07,9.59970798734609e-07,True,529,0.6769988536834717,gaussian4_rho1.50_n800,gaussian4,800,1.5,0.75
True,4,4,0.8056827491954082,2.596498769404284,2.551228832311194,0.24406105829407074,6.355904719720211,0.8591672638729625,499.6298862164906,8.446532324790401e-103,meaningfully_different,True,1.0,1.0,9.175824598844128e-07,9.955470039415288e-07,True,530,0.7121598720550537,gaussian4_rho1.50_n800,gaussian4,800,1.5,0.75
True,4,4,0.8027382208367053,2.5775546047683164,2.535126272711196,0.21865856024551614,7.0206548098895,0.8507037672708138,604.7620347240131,2.2152404532338675e-125,meaningfully_different,True,1.0,1.0,9.21812910599495e-07,8.931091317506386e-07,True,531,0.6782879829406738,gaussian4_rho1.50_n800,gaussian4,800,1.5,0.75
True,4,4,0.8099392096713807,2.6240060934524028,2.579802078383271,0.22474897000927715,7.0291849538534485,0.8587026896511735,587.5954597867704,1.0856836347338189e-121,meaningfully_different,True,1.0,1.0,8.447877195913951e-07,6.933846179834489e-07,True,532,0.6794586181640625,gaussian4_rho1.50_n800,gaussian4,800,1.5,0.75
True,4,4,0.808552087518371,2.6150259129212623,2.565136485102651,0.24461165878286611,6.398454157460957,0.8613197517830217,516.0350011243173,2.548465831838611e-106,meaningfully_different,True,1.0,1.0,9.771004363296026e-07,9.505316134565699e-07,True,533,0.6983380317687988,gaussian4_rho1.50_n800,gaussian4,800,1.5,0.75
True,4,4,0.77540519287032,2.4050128525210326,2.363523977254704,0.23309397987882718,5.849674787669444,0.8286931662984416,541.6815029522181,7.94632400589782e-112,meaningfully_different,True,1.0,1.0,8.408488491436891e-07,9.451624141950588e-07,True,534,0.6763021945953369,gaussian4_rho1.50_n800,gaussian4,800,1.5,0.75
True,4,4,0.7629073928146881,2.3281107600452193,2.282977734522766,0.24434694277126376,5.250639602738053,0.8192821079418527,463.6000682003776,4.5013860649759213e-95,meaningfully_different,True,1.0,1.0,8.869800636029237e-07,8.898174136180472e-07,True,535,0.7081809043884277,gaussian4_rho1.50_n800,gaussian4,800,1.5,0.75
True,4,4,0.7964362720267464,2.537242941599446,2.4875292966515707,0.26837699064464027,5.542685656764138,0.855711715927702,453.82408325679046,5.6043875905012195e-93,meaningfully_different,True,1.0,1.0,8.655400534731613e-07,8.899321702147873e-07,True,536,0.7149229049682617,gaussian4_rho1.50_n800,gaussian4,800,1.5,0.75
True,4,4,0.78876470005849,2.4885990082334386,2.4447690981732064,0.23602472710202424,6.121261597937107,0.8415751936988759,480.2671822565153,1.2021282791770607e-98,meaningfully_different,True,1.0,1.0,9.705317412688069e-07,8.267724041277506e-07,True,537,0.6755030155181885,gaussian4_rho1.50_n800,gaussian4,800,1.5,0.75
True,4,4,0.8106434714542021,2.628571351245279,2.5808432492397273,0.2611425818676648,6.0535636813180735,0.8675229928042582,472.0562467530571,6.927237574834342e-97,meaningfully_different,True,1.0,1.0,7.955505123627802e-07,8.290453550597141e-07,True,538,0.7170429229736328,gaussian4_rho1.50_n800,gaussian4,800,1.5,0.75
True,4,4,0.7973639954648141,2.543157365054448,2.4966339443728205,0.23456577130784237,6.380444751287473,0.8488904970706167,519.1105038391947,5.573831383061311e-107,meaningfully_different,True,1.0,1.0,9.83956942603689e-07,9.796830031527257e-07,True,539,0.7188353538513184,gaussian4_rho1.50_n800,gaussian4,800,1.5,0.75
True,4,4,0.7805677822391344,2.437144250678883,2.391979689103273,0.23839175404442792,5.839042942919312,0.8342810123661233,450.17701700848545,3.3885398395105535e-92,meaningfully_different,True,1.0,1.0,7.286404099323275e-07,8.078078580187521e-07,True,540,0.6825211048126221,gaussian4_rho1.50_n800,gaussian4,800,1.5,0.75
True,4,4,0.8074686592234767,2.608022542512636,2.5596749260450045,0.2692315051906995,5.7930624610231645,0.8663892519888983,437.1501381199931,2.092563105324317e-89,meaningfully_different,True,1.0,1.0,9.809802073505157e-07,9.270776460149447e-07,True,541,0.6889879703521729,gaussian4_rho1.50_n800,gaussian4,800,1.5,0.75
True,4,4,0.7683908584051431,2.3616980451223704,2.320679794323251,0.22357518988616962,5.907094588606445,0.8198213610756738,466.50496173450335,1.0731485071464716e-95,meaningfully_different,True,1.0,1.0,8.154964027018765e-07,8.374829653085755e-07,True,542,0.6556880474090576,gaussian4_rho1.50_n800,gaussian4,800,1.5,0.75
True,4,4,0.7250237183078888,2.1026375684359877,2.057029627873039,0.2072775955176034,5.099584570312467,0.7742691606679729,505.3550642898361,4.991799684352666e-104,meaningfully_different,True,1.0,1.0,9.284297833594951e-07,8.634397723528089e-07,True,543,0.7028601169586182,gaussian4_rho1.50_n800,gaussian4,800,1.5,0.75
True,4,4,0.7900820394035547,2.496918515952321,2.4565541399453337,0.2323282884003398,6.269379204634141,0.842422128116905,493.58124344256134,1.6761752463911253e-101,meaningfully_different,True,1.0,1.0,7.43885911368447e-07,7.574451991190207e-07,True,544,0.6645660400390625,gaussian4_rho1.50_n800,gaussian4,800,1.5,0.75
True,4,4,0.7869399510104036,2.477097945985026,2.429980732572439,0.24493314718710318,5.838249126322148,0.8415550944655651,433.5594553753002,1.2293884584910174e-88,meaningfully_different,True,1.0,1.0,9.43251216885753e-07,9.984183775093073e-07,True,545,0.7135889530181885,gaussian4_rho1.50_n800,gaussian4,800,1.5,0.75
True,4,4,0.7443162453100042,2.216026692129529,2.174504957228493,0.21667186495254992,5.420662057280506,0.795439887759288,466.1419318566875,1.2837511452055114e-95,meaningfully_different,True,1.0,1.0,9.348585558962081e-07,8.249445205921619e-07,True,546,0.6649768352508545,gaussian4_rho1.50_n800,gaussian4,800,1.5,0.75
True,4,4,0.8395285783304977,2.8192329353345063,2.7767782065824234,0.24389148912700218,7.28511770928258,0.8913394425043089,591.0217558533872,1.9917822970371548e-122,meaningfully_different,True,1.0,1.0,9.219289431485267e-07,9.90059868694403e-07,True,547,0.6905078887939453,gaussian4_rho1.50_n800,gaussian4,800,1.5,0.75
True,4,4,0.8018275138658196,2.5717094479689644,2.5289035321983606,0.24796429022069785,6.1658214206472115,0.8568501173370876,491.5645575808734,4.5386289862387406e-101,meaningfully_different,True,1.0,1.0,8.198239387935313e-07,7.98407316847444e-07,True,548,0.6795556545257568,gaussian4_rho1.50_n800,gaussian4,800,1.5,0.75
True,4,4,0.7933734956240731,2.5177660142350446,2.4754788533881635,0.24844959049580004,5.938745362565233,0.8491381017581575,549.5039913894379,1.660146047065432e-113,meaningfully_different,True,1.0,1.0,9.611088959484435e-07,8.409167157474391e-07,True,549,0.673224925994873,gaussian4_rho1.50_n800,gaussian4,800,1.5,0.75
True,4,4,0.8131639848262545,2.644942664874052,2.594439233777063,0.25807253994126567,6.178259934745243,0.8687535305131187,495.47501583782946,6.577502937890139e-102,meaningfully_different,True,1.0,1.0,9.80677852889644e-07,9.344856834871813e-07,True,550,0.7363567352294922,gaussian4_rho1.50_n800,gaussian4,800,1.5,0.75
True,4,4,0.7375410941046013,2.1758674619720497,2.1241233150173424,0.21029950647676565,5.345344522439657,0.7858172849002106,515.9342756050947,2.678537538222844e-106,meaningfully_different,True,1.0,1.0,8.805905082302792e-07,8.513939156699825e-07,True,551,0.7287118434906006,gaussian4_rho1.50_n800,gaussian4,800,1.5,0.75
True,4,4,0.8056787708680918,2.5964731273100767,2.55232812665756,0.25293893830618464,6.137165503472045,0.8614487298626283,484.8509228267836,1.250053607111541e-99,meaningfully_different,True,1.0,1.0,9.966357430795204e-07,8.681120036750188e-07,True,552,0.7060010433197021,gaussian4_rho1.50_n800,gaussian4,800,1.5,0.75
True,4,4,0.7921077385461189,2.5097386778585866,2.4720753592205784,0.2269631320102194,6.485966888905533,0.8434151543118984,536.363595379637,1.1018664474462256e-110,meaningfully_different,True,1.0,1.0,9.48009944121262e-07,8.775899127471985e-07,True,553,0.635631799697876,gaussian4_rho1.50_n800,gaussian4,800,1.5,0.75
True,4,4,0.7092811258808399,2.0123188621231676,1.9735121881234985,0.20117626910362957,4.839100518471314,0.759015431993179,433.6569959163688,1.1716562108514685e-88,meaningfully_different,True,1.0,1.0,9.003517755994036e-07,9.687249935033799e-07,True,554,0.6439049243927002,gaussian4_rho1.50_n800,gaussian4,800,1.5,0.75
True,4,4,0.7506636936322452,2.253983923750421,2.2170174029867735,0.20007806456829635,6.082712793192512,0.7978277591631803,541.2785776561641,9.698274669533711e-112,meaningfully_different,True,1.0,1.0,9.391648145772179e-07,7.482404556551979e-07,True,555,0.6399481296539307,gaussian4_rho1.50_n800,gaussian4,800,1.5,0.75
True,4,4,0.78506221822272,2.465290745923111,2.426236749808957,0.2228893051390557,6.398856817823356,0.8355921600541178,535.223004646517,1.9366088677999816e-110,meaningfully_different,True,1.0,1.0,9.095306775000322e-07,9.459064136832593e-07,True,556,0.6387050151824951,gaussian4_rho1.50_n800,gaussian4,800,1.5,0.75
True,4,4,0.8356809462377834,2.7934505756195085,2.7497915834075775,0.2608735100788024,6.707432973470613,0.8914721423909242,565.0165891679555,7.722694872650259e-117,meaningfully_different,True,1.0,1.0,9.904258821875009e-07,7.433913075083702e-07,True,557,0.6866459846496582,gaussian4_rho1.50_n800,gaussian4,800,1.5,0.75
True,4,4,0.7135443876750746,2.0365823727303884,1.9941921030578778,0.19124608348997826,5.198496538675395,0.7597308597665743,497.4854150065405,2.4364800439963293e-102,meaningfully_different,True,1.0,1.0,9.364908307251342e-07,9.602351124455186e-07,True,558,0.6781051158905029,gaussian4_rho1.50_n800,gaussian4,800,1.5,0.75
True,4,4,0.7780977103458127,2.421744187381585,2.3768760713787835,0.2520266073152869,5.463217102535141,0.8353776018229133,442.9013507204284,1.226789414797392e-90,meaningfully_different,True,1.0,1.0,8.095677519149695e-07,9.905907291497843e-07,True,559,0.7010290622711182,gaussian4_rho1.50_n800,gaussian4,800,1.5,0.75
True,4,4,0.7923871420203887,2.511509531356959,2.47335371386734,0.2175624405852825,6.772095909127286,0.8413102999714873,569.0193023170355,1.0659960702679701e-117,meaningfully_different,True,1.0,1.0,7.72230919376413e-07,7.492379290715899e-07,True,560,0.6476058959960938,gaussian4_rho1.50_n800,gaussian4,800,1.5,0.75
True,4,4,0.8093201484717253,2.619996410889182,2.575597379271122,0.2439351428200471,6.45908318521146,0.8626753421304567,475.12059264606773,1.5259503058992363e-97,meaningfully_different,True,1.0,1.0,9.26437789137044e-07,7.732164212678458e-07,True,561,0.6772711277008057,gaussian4_rho1.50_n800,gaussian4,800,1.5,0.75
True,4,4,0.7524759527496704,2.264880237866097,2.226568511881741,0.20924227585664826,5.861953598335272,0.8016765913128762,522.6445824311547,9.717269521660474e-108,meaningfully_different,True,1.0,1.0,9.535479691874842e-07,9.27409953221486e-07,True,562,0.6547679901123047,gaussian4_rho1.50_n800,gaussian4,800,1.5,0.75
True,4,4,0.8143789716381113,2.6528524377853913,2.6083073365323077,0.24918056475259343,6.454385148894598,0.8686444744876104,540.4922872024913,1.4306990759334238e-111,meaningfully_different,True,1.0,1.0,9.17491693018675e-07,8.54264667763052e-07,True,563,0.6908488273620605,gaussian4_rho1.50_n800,gaussian4,800,1.5,0.75
True,4,4,0.7839544798124255,2.4583385056718825,2.4134897763056764,0.23801897291689164,5.938559262665251,0.8374061361118764,472.362760925881,5.954475167355348e-97,meaningfully_different,True,1.0,1.0,8.262514181998626e-07,7.617720113125535e-07,True,564,0.6829450130462646,gaussian4_rho1.50_n800,gaussian4,800,1.5,0.75
True,4,4,0.7278077222778332,2.11881632242899,2.076099273950776,0.22858156228057985,4.707725606625625,0.7829563343064256,443.7569710296899,8.044102343435087e-91,meaningfully_different,True,1.0,1.0,9.646248060594385e-07,9.825047228681534e-07,True,565,0.6665489673614502,gaussian4_rho1.50_n800,gaussian4,800,1.5,0.75
True,4,4,0.7573562883096319,2.294354189768569,2.251050287673327,0.22380074481721754,5.590018427754047,0.8091924608058901,459.71418644380344,3.0636258316025913e-94,meaningfully_different,True,1.0,1.0,8.883893837278847e-07,9.747116027969071e-07,True,566,0.6916069984436035,gaussian4_rho1.50_n800,gaussian4,800,1.5,0.75
True,4,4,0.8506016507853198,2.8940926732748444,2.850092620629787,0.257151234516259,7.194570246221434,0.9045812237437422,545.0165790458822,1.5273243517100203e-112,meaningfully_different,True,1.0,1.0,8.062893795313956e-07,9.310250900005497e-07,True,567,0.678156852722168,gaussian4_rho1.50_n800,gaussian4,800,1.5,0.75
True,4,4,0.7733440208446574,2.392243898304727,2.3498487561890187,0.2401479389277074,5.62090502302986,0.8283804929709503,430.2793929007379,6.1957991229238e-88,meaningfully_different,True,1.0,1.0,7.543542741877374e-07,8.735977083541501e-07,True,568,0.6658639907836914,gaussian4_rho1.50_n800,gaussian4,800,1.5,0.75
True,4,4,0.7765785687565886,2.4122970938081263,2.366990691363796,0.24699343389102166,5.534522395307638,0.832655201288721,477.11835938998934,5.690816971222951e-98,meaningfully_different,True,1.0,1.0,8.613729077735942e-07,9.756851171494337e-07,True,569,0.6848199367523193,gaussian4_rho1.50_n800,gaussian4,800,1.5,0.75
True,4,4,0.7345391711987307,2.1581911761012726,2.1185477287367855,0.2170252079177669,5.153999111295011,0.786689651184033,471.6569077333695,8.436794926063564e-97,meaningfully_different,True,1.0,1.0,7.380555696729054e-07,8.164002406231451e-07,True,570,0.6566827297210693,gaussian4_rho1.50_n800,gaussian4,800,1.5,0.75
True,4,4,0.8217197806657509,2.7008935917494794,2.657948598976396,0.24845354970549552,6.673072696854787,0.8755881339617457,533.4294676671534,4.7005280363443386e-110,meaningfully_different,True,1.0,1.0,9.874611275944951e-07,9.293160398860462e-07,True,571,0.6830461025238037,gaussian4_rho1.50_n800,gaussian4,800,1.5,0.75
True,4,4,0.8618103831140399,2.9708685457726727,2.931900257188878,0.24670421103865747,7.830836162282441,0.9134676476892895,623.5860794853071,1.984434094540816e-129,meaningfully_different,True,1.0,1.0,9.232639504994803e-07,8.741723059536907e-07,True,572,0.6559219360351562,gaussian4_rho1.50_n800,gaussian4,800,1.5,0.75
True,4,4,0.8497031314647784,2.887981646484202,2.8369701950703696,0.27476104270425067,6.685701062241423,0.9067678717162713,498.7792654999123,1.2858113887728804e-102,meaningfully_different,True,1.0,1.0,9.844274991001455e-07,9.861883669047192e-07,True,573,0.7141671180725098,gaussian4_rho1.50_n800,gaussian4,800,1.5,0.75
True,4,4,0.8156531615216892,2.6611603196013074,2.6157235725745296,0.23910587844466608,6.757356126434343,0.8673260263533628,574.2273432150498,8.103503499734621e-119,meaningfully_different,True,1.0,1.0,9.935264855139317e-07,9.16491560931939e-07,True,574,0.6948451995849609,gaussian4_rho1.50_n800,gaussian4,800,1.5,0.75
True,4,4,0.8044922085929304,2.5888308547469236,2.5450716191048977,0.24415767255574503,6.328171475963482,0.8582941297067463,483.87380318874284,2.025303060498885e-99,meaningfully_different,True,1.0,1.0,9.339348327342693e-07,9.883125847173774e-07,True,575,0.6868510246276855,gaussian4_rho1.50_n800,gaussian4,800,1.5,0.75
True,4,4,0.7776950523835299,2.419238378007285,2.373811309532749,0.22655309453164815,6.063970621866018,0.8286220472522756,506.2416529525026,3.221154541895506e-104,meaningfully_different,True,1.0,1.0,9.959981774215153e-07,9.347544444016245e-07,True,576,0.695389986038208,gaussian4_rho1.50_n800,gaussian4,800,1.5,0.75
True,4,4,0.7779747351168211,2.4209787539203522,2.380647157922448,0.22965160195766085,6.011920431441135,0.830420138896228,520.1848754687464,3.27748186289365e-107,meaningfully_different,True,1.0,1.0,9.22137346853633e-07,9.744125647841155e-07,True,577,0.64394211769104,gaussian4_rho1.50_n800,gaussian4,800,1.5,0.75
True,4,4,0.7798244649318994,2.4325047844252925,2.392983259612892,0.22291927522034966,6.248823742298489,0.8306101429034679,532.9479198835445,5.964048338741747e-110,meaningfully_different,True,1.0,1.0,9.401225056813406e-07,9.88262148773381e-07,True,578,0.6662051677703857,gaussian4_rho1.50_n800,gaussian4,800,1.5,0.75
True,4,4,0.8223307532772851,2.7049114711423483,2.654601523230119,0.27955941096174014,5.918604269260548,0.8823882130755933,524.2658172897704,4.360309966555845e-108,meaningfully_different,True,1.0,1.0,9.510790670611647e-07,9.647462328714072e-07,True,579,0.7377278804779053,gaussian4_rho1.50_n800,gaussian4,800,1.5,0.75
True,4,4,0.7496587081785535,2.247952714991751,2.206705247354494,0.2367104624010959,5.097811204093645,0.8056145650949181,503.4719626636047,1.2656768544825436e-103,meaningfully_different,True,1.0,1.0,9.330574597278403e-07,9.882303474244425e-07,True,580,0.6804947853088379,gaussian4_rho1.50_n800,gaussian4,800,1.5,0.75
True,4,4,0.711654971088858,2.0258111915019335,1.987638442753002,0.19799294011508997,4.988250804189808,0.760478114151238,480.8793983198167,8.885106331559955e-99,meaningfully_different,True,1.0,1.0,8.742648222194001e-07,7.949167081693738e-07,True,581,0.628014087677002,gaussian4_rho1.50_n800,gaussian4,800,1.5,0.75
True,4,4,0.8400375119293326,2.8226520857936945,2.77429744136678,0.2611869503768522,6.793208614774759,0.8949737068772662,499.78482040661896,7.82415151824941e-103,meaningfully_different,True,1.0,1.0,9.301998358999285e-07,7.0568936641514e-07,True,582,0.7070252895355225,gaussian4_rho1.50_n800,gaussian4,800,1.5,0.75
True,4,4,0.7977811978500043,2.545819358571951,2.5007542627836425,0.26145394244238945,5.74003301982845,0.8559801002784423,466.0244352062871,1.3604039495031336e-95,meaningfully_different,True,1.0,1.0,9.159174611100826e-07,9.662337688588379e-07,True,583,0.6887469291687012,gaussian4_rho1.50_n800,gaussian4,800,1.5,0.75
True,4,4,0.7927927422076226,2.514081328388328,2.468931704586625,0.2521401233168026,5.8258546290190365,0.8490679155586228,482.36620733865743,4.263944011608372e-99,meaningfully_different,True,1.0,1.0,9.214213485309059e-07,9.07489399045907e-07,True,584,0.7116398811340332,gaussian4_rho1.50_n800,gaussian4,800,1.5,0.75
True,4,4,0.7819694217150234,2.445904705989312,2.401379466103629,0.24578017130399843,5.701759660547649,0.8375040107823014,420.8946826440226,6.329444562783772e-86,meaningfully_different,True,1.0,1.0,9.107666495304839e-07,9.960821585502228e-07,True,585,0.6769921779632568,gaussian4_rho1.50_n800,gaussian4,800,1.5,0.75
True,4,4,0.7493558707045026,2.246136883837213,2.2045628766659626,0.206378755537298,5.836661208320286,0.797500113046578,505.84936647698817,3.9101147191397104e-104,meaningfully_different,True,1.0,1.0,9.907555603056006e-07,7.276317501636366e-07,True,586,0.669255256652832,gaussian4_rho1.50_n800,gaussian4,800,1.5,0.75
True,4,4,0.7383436442412099,2.180605347965561,2.1356333004032946,0.22411098244489105,5.067280898126209,0.7912431773351084,418.74600948387763,1.8251883670670573e-85,meaningfully_different,True,1.0,1.0,9.324229482929245e-07,9.280909942429572e-07,True,587,0.6960797309875488,gaussian4_rho1.50_n800,gaussian4,800,1.5,0.75
True,4,4,0.8050950697032256,2.592712285041767,2.544594348129705,0.2528845844931744,6.107902350890017,0.8603128027254707,461.30382560317344,1.3980664042541702e-94,meaningfully_different,True,1.0,1.0,7.37091645670162e-07,9.91440942111738e-07,True,588,0.6839251518249512,gaussian4_rho1.50_n800,gaussian4,800,1.5,0.75
True,4,4,0.7731682752842498,2.391156727624086,2.346174361125881,0.2371881830688937,5.675554084137789,0.8270904128807172,499.0464360482881,1.1268258824691781e-102,meaningfully_different,True,1.0,1.0,8.200943383828025e-07,9.913315912329888e-07,True,589,0.696796178817749,gaussian4_rho1.50_n800,gaussian4,800,1.5,0.75
True,4,4,0.7842143445975666,2.4599685530903637,2.42106676530796,0.21948345323967577,6.474596350350638,0.8339791543295724,574.588094134527,6.778789701779234e-119,meaningfully_different,True,1.0,1.0,9.520538934332481e-07,9.850783399422509e-07,True,590,0.6522669792175293,gaussian4_rho1.50_n800,gaussian4,800,1.5,0.75
True,4,4,0.867448529610108,3.009867806090954,2.967435042138306,0.2592225594249352,7.589752398490722,0.9211159277197488,631.2894226927069,4.3734292773628963e-131,meaningfully_different,True,1.0,1.0,9.8491241516033e-07,9.134877466726176e-07,True,591,0.6865947246551514,gaussian4_rho1.50_n800,gaussian4,800,1.5,0.75
True,4,4,0.737472519965183,2.175462870815189,2.1298858500963584,0.2274433945635851,4.9677672647489555,0.7912011347581641,413.6704707570437,2.226563844908077e-84,meaningfully_different,True,1.0,1.0,7.299249779823185e-07,9.164958412457358e-07,True,592,0.7057878971099854,gaussian4_rho1.50_n800,gaussian4,800,1.5,0.75
True,4,4,0.8153017060643094,2.658867487645494,2.6181189305894885,0.2218595591593924,7.293437960123999,0.8635747551814303,646.7699092562232,2.0452289894210237e-134,meaningfully_different,True,1.0,1.0,9.403736866947296e-07,7.532130238424869e-07,True,593,0.6587398052215576,gaussian4_rho1.50_n800,gaussian4,800,1.5,0.75
True,4,4,0.7883393228008619,2.4859155514964866,2.441347980875054,0.21958446413492896,6.563979772218234,0.8370382731885064,533.3972350840777,4.7760342304387306e-110,meaningfully_different,True,1.0,1.0,8.971832232127307e-07,7.526877437346872e-07,True,594,0.6827270984649658,gaussian4_rho1.50_n800,gaussian4,800,1.5,0.75
True,4,4,0.8014202069718733,2.5690973925713614,2.5232970491852997,0.27227755814894217,5.594647827537886,0.861851753238931,426.997527383343,3.1247593047454984e-87,meaningfully_different,True,1.0,1.0,6.655390662243096e-07,9.371445973673693e-07,True,595,0.6946399211883545,gaussian4_rho1.50_n800,gaussian4,800,1.5,0.75
True,4,4,0.7568291844730309,2.291161657880452,2.246957159875926,0.23037374194842702,5.412757327851531,0.8102296348681308,471.46813611593115,9.260818902449117e-97,meaningfully_different,True,1.0,1.0,9.869016962270434e-07,9.126171833793382e-07,True,596,0.6861069202423096,gaussian4_rho1.50_n800,gaussian4,800,1.5,0.75
True,4,4,0.7282452343851891,2.121364485618956,2.076418297428953,0.2340132878523341,4.599816990341972,0.7844322632814932,370.49506937209156,3.803434490104209e-75,meaningfully_different,True,1.0,1.0,8.740327555703867e-07,8.206675918899784e-07,True,597,0.694072961807251,gaussian4_rho1.50_n800,gaussian4,800,1.5,0.75
True,4,4,0.7545646747151835,2.2774713933121227,2.227536536374299,0.23817702954570938,5.153882969804686,0.8092130262296645,450.07954244442317,3.5554784480109736e-92,meaningfully_different,True,1.0,1.0,9.950818824352002e-07,8.339240291853356e-07,True,598,0.7227342128753662,gaussian4_rho1.50_n800,gaussian4,800,1.5,0.75
True,4,4,0.8085571071680137,2.615058382207627,2.5742670022256244,0.23352629444024517,6.74128369997516,0.8599976125874128,561.4813969124343,4.4389246947176384e-116,meaningfully_different,True,1.0,1.0,8.956931638707531e-07,8.42276894579975e-07,True,599,0.6746249198913574,gaussian4_rho1.50_n800,gaussian4,800,1.5,0.75
True,4,4,0.7674240559944505,2.3557587268758944,2.3061837043148286,0.24748631685694525,5.277801701941539,0.8235991850132315,429.0994517100124,1.1085550618625434e-87,meaningfully_different,True,1.0,1.0,9.05477370839836e-07,7.635856618737877e-07,True,600,0.7174439430236816,gaussian4_rho1.50_n800,gaussian4,800,1.5,0.75
True,4,4,0.7472853837610365,2.233741779131518,2.1873335471887687,0.21494048398682553,5.524010764121777,0.7970067725328944,479.92282326539396,1.4249407451993218e-98,meaningfully_different,True,1.0,1.0,8.322486329192648e-07,8.434165134357103e-07,True,601,0.685344934463501,gaussian4_rho1.50_n800,gaussian4,800,1.5,0.75
True,4,4,0.7016532321495259,1.9692690327435063,1.9224297677536692,0.21771285794461567,4.23690992099478,0.7550721077780984,415.6332521192153,8.463694936843048e-85,meaningfully_different,True,1.0,1.0,9.62727881826383e-07,8.892062895918872e-07,True,602,0.7260630130767822,gaussian4_rho1.50_n800,gaussian4,800,1.5,0.75
True,4,4,0.7601473266548974,2.311295832882349,2.256724028800203,0.2461440922567593,5.105643679188048,0.8157197790450792,470.731540325506,1.3322038208279206e-96,meaningfully_different,True,1.0,1.0,8.796769959098991e-07,9.112792063946708e-07,True,603,0.751924991607666,gaussian4_rho1.50_n800,gaussian4,800,1.5,0.75
True,4,4,0.7837379174415905,2.4569804929427255,2.4130093076938266,0.23552364075004392,5.999437267503105,0.8367214623777663,500.7752174839123,4.796718226676852e-103,meaningfully_different,True,1.0,1.0,8.995633800646349e-07,8.625803822039429e-07,True,604,0.6908881664276123,gaussian4_rho1.50_n800,gaussian4,800,1.5,0.75
True,4,4,0.7565476343898591,2.2894572924035677,2.2425470411445874,0.23892460480391772,5.200582175972748,0.8117177840734209,443.16045005603866,1.0796073412467188e-90,meaningfully_different,True,1.0,1.0,9.036622279004007e-07,6.833331658794571e-07,True,605,0.7136058807373047,gaussian4_rho1.50_n800,gaussian4,800,1.5,0.75
True,4,4,0.8396156153791811,2.8198175263542438,2.7727476177495434,0.24846877916621055,7.134689612507343,0.8918299151667443,561.919255707455,3.574455937586453e-116,meaningfully_different,True,1.0,1.0,6.78216326668015e-07,9.950326677040506e-07,True,606,0.7230892181396484,gaussian4_rho1.50_n800,gaussian4,800,1.5,0.75
True,4,4,0.820164918531781,2.690681974360972,2.6362844771329987,0.3004393626428278,5.446305246886932,0.8846557596679968,402.0028966190645,6.984324001976445e-82,meaningfully_different,True,1.0,1.0,9.76795402947591e-07,8.49286507994375e-07,True,607,0.7668018341064453,gaussian4_rho1.50_n800,gaussian4,800,1.5,0.75
True,4,4,0.7541379380682682,2.2748961185354366,2.2345945680745247,0.20147966991885333,6.127638429086975,0.800936816156171,543.336606579026,3.5053005152052794e-112,meaningfully_different,True,1.0,1.0,9.03871663898986e-07,7.188135433163121e-07,True,608,0.6568751335144043,gaussian4_rho1.50_n800,gaussian4,800,1.5,0.75
True,4,4,0.7496670659767621,2.248002839240828,2.2109720267057615,0.19791174030328637,6.118747805713944,0.7963208948909823,547.0290479305646,5.645645217832776e-113,meaningfully_different,True,1.0,1.0,9.437439347718581e-07,6.862016833952546e-07,True,609,0.6359560489654541,gaussian4_rho1.50_n800,gaussian4,800,1.5,0.75
True,4,4,0.7825958634228017,2.4498251417859223,2.4095064690247385,0.25483935174408573,5.530960816601787,0.8409339898337681,476.5864485500893,7.399977387066392e-98,meaningfully_different,True,1.0,1.0,7.677095924775999e-07,9.85763205888024e-07,True,610,0.6623179912567139,gaussian4_rho1.50_n800,gaussian4,800,1.5,0.75
True,4,4,0.764712153045138,2.3391387080597217,2.29646710144743,0.23664750504282708,5.478473568579575,0.8194079582885043,476.4048836354422,8.09398419134601e-98,meaningfully_different,True,1.0,1.0,8.425517518151373e-07,8.544792293935575e-07,True,611,0.6894090175628662,gaussian4_rho1.50_n800,gaussian4,800,1.5,0.75
True,4,4,0.7720458628189599,2.384219257183489,2.341139234565079,0.2410893619807207,5.56283041087614,0.8272992122017407,433.1396409908013,1.5121481038656625e-88,meaningfully_different,True,1.0,1.0,9.03197468298083e-07,9.517904304522882e-07,True,612,0.67759108543396,gaussian4_rho1.50_n800,gaussian4,800,1.5,0.75
True,4,4,0.8240996831995465,2.7165611513983716,2.6657147849413274,0.2904419337106716,5.735104306944382,0.8864887552902356,493.1076538088246,2.1179342962546338e-101,meaningfully_different,True,1.0,1.0,8.71097082997593e-07,7.948105039588694e-07,True,613,0.7398791313171387,gaussian4_rho1.50_n800,gaussian4,800,1.5,0.75
True,4,4,0.6681951462861615,1.7859390140815392,1.7414566389550517,0.19226576970005343,3.8564152116716883,0.717235262585576,404.5223235972902,2.019003749379048e-82,meaningfully_different,True,1.0,1.0,9.507526095031346e-07,9.569785018187123e-07,True,614,0.6980061531066895,gaussian4_rho1.50_n800,gaussian4,800,1.5,0.75
True,4,4,0.826547942058877,2.732726002087059,2.6871748245555844,0.25825402682602216,6.533004907188466,0.8820381081981647,503.93502768353045,1.0068448197990582e-103,meaningfully_different,True,1.0,1.0,8.912546582091355e-07,9.732702515206248e-07,True,615,0.6984081268310547,gaussian4_rho1.50_n800,gaussian4,800,1.5,0.75
True,4,4,0.7985594058507224,2.5507884986906353,2.50502402358787,0.2546057290067981,5.911194651663494,0.8549580662797629,482.87187804120765,3.321742242269094e-99,meaningfully_different,True,1.0,1.0,7.976310083180334e-07,8.334002189258294e-07,True,616,0.6976208686828613,gaussian4_rho1.50_n800,gaussian4,800,1.5,0.75
True,4,4,0.7420887805443118,2.2027830328389753,2.1626178823117,0.2105962275620376,5.520601654505968,0.7919939789921725,481.23735536405417,7.445582455429766e-99,meaningfully_different,True,1.0,1.0,8.814115386302348e-07,9.255305673862676e-07,True,617,0.6680920124053955,gaussian4_rho1.50_n800,gaussian4,800,1.5,0.75
True,4,4,0.8656297890000644,2.997259726417184,2.9574436727982087,0.24194291606283794,8.090518642380161,0.9158881421603,688.2134192457161,2.466463790322383e-143,meaningfully_different,True,1.0,1.0,8.544325357799337e-07,9.334991622082708e-07,True,618,0.6653671264648438,gaussian4_rho1.50_n800,gaussian4,800,1.5,0.75
True,4,4,0.8075308900956956,2.6084245538349857,2.5616752781138548,0.2555509964740516,6.111012281935773,0.8634262072602472,495.467593497808,6.601663030709964e-102,meaningfully_different,True,1.0,1.0,9.250400472463621e-07,9.453720890518403e-07,True,619,0.7104911804199219,gaussian4_rho1.50_n800,gaussian4,800,1.5,0.75
True,4,4,0.7976292525889844,2.544849698342648,2.498318305185074,0.26378688310687937,5.68003339490537,0.8561847225636604,411.3586473273682,6.956249237743009e-84,meaningfully_different,True,1.0,1.0,8.411721833813727e-07,9.261473332938663e-07,True,620,0.6997659206390381,gaussian4_rho1.50_n800,gaussian4,800,1.5,0.75
True,4,4,0.7402910437542881,2.1921233178512534,2.1420932924024316,0.2407626316801674,4.743648482458877,0.7965727494014493,393.39231587137783,4.850883907038374e-80,meaningfully_different,True,1.0,1.0,9.663121303285593e-07,7.443740627768409e-07,True,621,0.7394821643829346,gaussian4_rho1.50_n800,gaussian4,800,1.5,0.75
True,4,4,0.8114040166462279,2.633505912918528,2.592630747295292,0.22459731338125657,7.09104985860531,0.8605318780867459,612.2182270752667,5.5238494936464914e-127,meaningfully_different,True,1.0,1.0,8.84755410319817e-07,9.947330670849932e-07,True,622,0.6714267730712891,gaussian4_rho1.50_n800,gaussian4,800,1.5,0.75
True,4,4,0.7031271369111687,1.9775510826435894,1.934919693109008,0.21780906757767043,4.292381871455452,0.7571630814918701,383.09198244481206,7.728948926052184e-78,meaningfully_different,True,1.0,1.0,8.41733754155785e-07,9.839048763993611e-07,True,623,0.6808440685272217,gaussian4_rho1.50_n800,gaussian4,800,1.5,0.75
True,4,4,0.7760967384156034,2.4093045895173506,2.365190681231051,0.24102764741735,5.664041846897185,0.8309100254060393,465.6104548837256,1.6688206516362547e-95,meaningfully_different,True,1.0,1.0,9.09111207938759e-07,8.117076160279047e-07,True,624,0.6762940883636475,gaussian4_rho1.50_n800,gaussian4,800,1.5,0.75
True,4,4,0.801259875260997,2.5680695508130738,2.5243544604923023,0.24773054142787268,6.153276264227282,0.8561300923438258,504.1601363993676,9.00866331392727e-104,meaningfully_different,True,1.0,1.0,9.291841701733114e-07,9.810194009990773e-07,True,625,0.6824641227722168,gaussian4_rho1.50_n800,gaussian4,800,1.5,0.75
True,4,4,0.7543219223166394,2.276006249949881,2.2273664523156174,0.24114757540892193,5.089690204159554,0.8099411886608706,417.1062521364147,4.095331950896742e-85,meaningfully_different,True,1.0,1.0,9.635193120118105e-07,9.11050910533649e-07,True,626,0.7012209892272949,gaussian4_rho1.50_n800,gaussian4,800,1.5,0.75
True,4,4,0.7569889292124667,2.2921289558009477,2.252963014682202,0.21729041919891234,5.766305846808701,0.8078325861221709,485.79410793934363,7.845852970696867e-100,meaningfully_different,True,1.0,1.0,9.039955080330016e-07,9.90865533558547e-07,True,627,0.6628899574279785,gaussian4_rho1.50_n800,gaussian4,800,1.5,0.75
True,4,4,0.7601276887977536,2.311176413108058,2.2641537986208795,0.2298357639019461,5.500248425915996,0.8127422697999283,478.1203230131931,3.4699460026674885e-98,meaningfully_different,True,1.0,1.0,8.008258500002435e-07,9.303240147051663e-07,True,628,0.7152559757232666,gaussian4_rho1.50_n800,gaussian4,800,1.5,0.75
True,4,4,0.7434512086065427,2.2108787983141163,2.165449134717258,0.2276926041292127,5.1185199412796045,0.7968641886245766,430.44871444102506,5.699540370924394e-88,meaningfully_different,True,1.0,1.0,8.663906828564302e-07,9.58770274374414e-07,True,629,0.696221113204956,gaussian4_rho1.50_n800,gaussian4,800,1.5,0.75
True,4,4,0.7839121685272273,2.4580731518602406,2.4143259484209425,0.23794130111964962,5.94401199693257,0.8375118746276303,488.5273989298022,2.0341992236376108e-100,meaningfully_different,True,1.0,1.0,9.601420770787558e-07,8.384548779023232e-07,True,630,0.6871240139007568,gaussian4_rho1.50_n800,gaussian4,800,1.5,0.75
True,4,4,0.7174984140818058,2.059215896839626,2.0119338022290063,0.23663473674367008,4.276353574095775,0.7747843743946664,354.26699578038784,1.1117984258138231e-71,meaningfully_different,True,1.0,1.0,9.965979574631608e-07,8.806117811891537e-07,True,631,0.698939323425293,gaussian4_rho1.50_n800,gaussian4,800,1.5,0.75
True,4,4,0.8151370982869154,2.6577939560144497,2.6106332953980362,0.24581950724024262,6.552097160555868,0.8681835064457244,560.9644073538975,5.732508802841408e-116,meaningfully_different,True,1.0,1.0,8.542825754129096e-07,7.674745628526673e-07,True,632,0.7021708488464355,gaussian4_rho1.50_n800,gaussian4,800,1.5,0.75
True,4,4,0.7340332422299218,2.1552192027942847,2.1169472810069623,0.20259523341840824,5.513196249292774,0.7826536247757228,555.2546682952535,9.658673496483097e-115,meaningfully_different,True,1.0,1.0,8.766391064852059e-07,9.548820163260517e-07,True,633,0.6575398445129395,gaussian4_rho1.50_n800,gaussian4,800,1.5,0.75
True,4,4,0.7216961719495781,2.0833814584267003,2.0466281368613903,0.18960266290321398,5.520113066110575,0.7678699050974389,533.2161322081308,5.2233923239550847e-110,meaningfully_different,True,1.0,1.0,9.883873469226529e-07,9.9661310587691e-07,True,634,0.6610300540924072,gaussian4_rho1.50_n800,gaussian4,800,1.5,0.75
True,4,4,0.7594760978202219,2.307215772640925,2.2639736594439372,0.21926692294481379,5.764543244682923,0.8100363653750681,527.0872996105884,1.0809524376219165e-108,meaningfully_different,True,1.0,1.0,8.947694140843668e-07,9.670796912154512e-07,True,635,0.6771187782287598,gaussian4_rho1.50_n800,gaussian4,800,1.5,0.75
True,4,4,0.7707178637865263,2.3760241022386657,2.335788184743931,0.214479667278531,6.228041108480593,0.8198438636981995,592.3569480948784,1.0285813437184595e-122,meaningfully_different,True,1.0,1.0,7.219579902392285e-07,8.367917617710704e-07,True,636,0.6617300510406494,gaussian4_rho1.50_n800,gaussian4,800,1.5,0.75
True,4,4,0.7691438854288369,2.366329265970271,2.3269116664219602,0.2257083530555931,5.878877092754894,0.8213051913842223,479.6759983757309,1.609632407214337e-98,meaningfully_different,True,1.0,1.0,9.893589516003137e-07,9.938023866315538e-07,True,637,0.6629397869110107,gaussian4_rho1.50_n800,gaussian4,800,1.5,0.75
True,4,4,0.7500415619330367,2.2502493785077973,2.205931987051896,0.2235959446085984,5.3933535742916225,0.8021400419367227,453.3894761106299,6.944790065663506e-93,meaningfully_different,True,1.0,1.0,8.698725540327531e-07,9.354847673239124e-07,True,638,0.6944060325622559,gaussian4_rho1.50_n800,gaussian4,800,1.5,0.75
True,4,4,0.7214512586403291,2.08196767437486,2.043757320614156,0.19637338504311408,5.315166922365765,0.7692143386662557,490.2438580720192,8.714050504959304e-101,meaningfully_different,True,1.0,1.0,8.565972249086269e-07,8.355885015376398e-07,True,639,0.6518430709838867,gaussian4_rho1.50_n800,gaussian4,800,1.5,0.75
True,4,4,0.7162836534096564,2.052249088567539,2.013066804921349,0.1962702040449036,5.161592457964606,0.7641829888690133,493.490256695712,1.7532252850320408e-101,meaningfully_different,True,1.0,1.0,9.250590465451938e-07,9.878575151076075e-07,True,640,0.6493282318115234,gaussian4_rho1.50_n800,gaussian4,800,1.5,0.75
True,4,4,0.778167040934709,2.4221757743883243,2.382783617800414,0.22713125991507638,6.088037456039437,0.8301176564899979,548.8812421663984,2.2589290180353523e-113,meaningfully_different,True,1.0,1.0,9.46762199313116e-07,7.879976191314431e-07,True,641,0.6533041000366211,gaussian4_rho1.50_n800,gaussian4,800,1.5,0.75
True,4,4,0.8405793109271602,2.826294311835118,2.7773957475590456,0.2713686160000128,6.549746885833556,0.8977412488890476,542.1701471876615,6.240637487198653e-112,meaningfully_different,True,1.0,1.0,8.236657745002328e-07,9.691576037805013e-07,True,642,0.7234878540039062,gaussian4_rho1.50_n800,gaussian4,800,1.5,0.75
True,4,4,0.8201837566448827,2.690805578656449,2.646131184263078,0.28148146002662755,5.848098074052045,0.8816358353520279,524.0221591589649,4.918398399311533e-108,meaningfully_different,True,1.0,1.0,9.950378506990259e-07,9.865012373907883e-07,True,643,0.6938579082489014,gaussian4_rho1.50_n800,gaussian4,800,1.5,0.75
True,4,4,0.7593445156149109,2.3064163735777745,2.2631710066304387,0.2208385376606802,5.719884853481999,0.8103113716763864,534.8232277847098,2.3598395656448876e-110,meaningfully_different,True,1.0,1.0,9.272696923922982e-07,8.85520682747277e-07,True,644,0.6725780963897705,gaussian4_rho1.50_n800,gaussian4,800,1.5,0.75
True,4,4,0.841214989386181,2.8305706334719707,2.788103547181107,0.26189139115624577,6.827653017866155,0.8970613902894027,545.3454361126069,1.2980872568799352e-112,meaningfully_different,True,1.0,1.0,8.287920006171914e-07,9.116390940610501e-07,True,645,0.6926469802856445,gaussian4_rho1.50_n800,gaussian4,800,1.5,0.75
True,4,4,0.8057133263241001,2.5966958568649834,2.5567549574223225,0.22449854205973482,6.934365555960267,0.8552809770149508,603.5217087663079,4.093438290952376e-125,meaningfully_different,True,1.0,1.0,9.759714331044033e-07,9.189878337669898e-07,True,646,0.6578469276428223,gaussian4_rho1.50_n800,gaussian4,800,1.5,0.75
True,4,4,0.7560171099429652,2.286247482106054,2.2416877095009387,0.22980908993611598,5.403127047089878,0.8092728255336356,455.5238112927409,2.422624054057151e-93,meaningfully_different,True,1.0,1.0,8.195528402211688e-07,7.218145239545173e-07,True,647,0.6917462348937988,gaussian4_rho1.50_n800,gaussian4,800,1.5,0.75
True,4,4,0.8790724186261469,3.0910732687568947,3.047804532955457,0.26310788210241776,7.783136394820454,0.9328154274977364,674.8130026438257,1.8897073849343826e-140,meaningfully_different,True,1.0,1.0,9.192258126631053e-07,8.634589329677119e-07,True,648,0.6675889492034912,gaussian4_rho1.50_n800,gaussian4,800,1.5,0.75
True,4,4,0.7712650503154752,2.3793991113525297,2.327347966975235,0.260271999940303,5.099849262616343,0.8299785102746571,404.48741050624534,2.054028725027836e-82,meaningfully_different,True,1.0,1.0,9.230571452392026e-07,7.748798026704962e-07,True,649,0.7455511093139648,gaussian4_rho1.50_n800,gaussian4,800,1.5,0.75
True,4,4,0.7122825422400684,2.029385679919899,1.9868563493239462,0.2052254538646401,4.808644984042008,0.7623027911296077,450.2268207738603,3.306292977775771e-92,meaningfully_different,True,1.0,1.0,9.87844111751272e-07,7.002259749795896e-07,True,650,0.6921987533569336,gaussian4_rho1.50_n800,gaussian4,800,1.5,0.75
True,4,4,0.7778226907767235,2.4200325531485696,2.3760252812073412,0.22991011816350804,5.985057518124262,0.8297881917907468,507.8552703520291,1.451272085054614e-104,meaningfully_different,True,1.0,1.0,9.65645225243853e-07,9.558566271386999e-07,True,651,0.6745929718017578,gaussian4_rho1.50_n800,gaussian4,800,1.5,0.75
True,4,4,0.6824720919434737,1.8630726251268048,1.8137439732452503,0.212017506256047,3.838098030747125,0.7352689537488503,347.4428586298317,3.181793357450103e-70,meaningfully_different,True,1.0,1.0,8.715755769480455e-07,9.742918658203196e-07,True,652,0.7263939380645752,gaussian4_rho1.50_n800,gaussian4,800,1.5,0.75
True,4,4,0.7035560411597762,1.9799644122096667,1.936875123129268,0.22564564582040775,4.151975189784653,0.7596099627543687,376.51119272221763,1.9709007577015406e-76,meaningfully_different,True,1.0,1.0,8.169119463060846e-07,8.266614237375479e-07,True,653,0.6828658580780029,gaussian4_rho1.50_n800,gaussian4,800,1.5,0.75
True,4,4,0.7936685252665469,2.5196389119951013,2.4800793093508195,0.230296603897233,6.426839494390836,0.8454116620832998,506.18843740654154,3.30697376026853e-104,meaningfully_different,True,1.0,1.0,9.536778692177003e-07,8.547981979226847e-07,True,654,0.6627359390258789,gaussian4_rho1.50_n800,gaussian4,800,1.5,0.75
True,4,4,0.8077550260352874,2.609872728341071,2.563431333810561,0.2547016945487644,6.138283989748766,0.8634781902109314,458.14793342137955,6.636149848994282e-94,meaningfully_different,True,1.0,1.0,8.88452953605176e-07,9.150211404427622e-07,True,655,0.6839761734008789,gaussian4_rho1.50_n800,gaussian4,800,1.5,0.75
True,4,4,0.8104404586783864,2.627254948251333,2.5879585621336867,0.23870310521228869,6.652441997859427,0.8632192986875784,521.4203730370613,1.7796488567953396e-107,meaningfully_different,True,1.0,1.0,8.09857663301541e-07,9.672894101199216e-07,True,656,0.655709981918335,gaussian4_rho1.50_n800,gaussian4,800,1.5,0.75
True,4,4,0.7926577414191353,2.5132251801267387,2.464137736427183,0.2484051009846045,5.894153262649491,0.8474561592989569,456.7277697405553,1.3374379106136278e-93,meaningfully_different,True,1.0,1.0,7.991645476464012e-07,8.598459036960508e-07,True,657,0.7297632694244385,gaussian4_rho1.50_n800,gaussian4,800,1.5,0.75
True,4,4,0.825745886046151,2.727425073288572,2.6855409546720255,0.2588414541117398,6.511866348673775,0.88194348731553,510.5641463577001,3.805639206711012e-105,meaningfully_different,True,1.0,1.0,9.794777401819391e-07,8.705413557158608e-07,True,658,0.672950029373169,gaussian4_rho1.50_n800,gaussian4,800,1.5,0.75
True,4,4,0.7713320476825631,2.379812511128703,2.3387617318079337,0.22410919014347894,5.973702956807943,0.8227071997449323,540.3653751257486,1.5233583472400605e-111,meaningfully_different,True,1.0,1.0,9.84001029179207e-07,8.3050094868597e-07,True,659,0.6467099189758301,gaussian4_rho1.50_n800,gaussian4,800,1.5,0.75
True,4,4,0.7779944562211828,2.4211014956435757,2.3768632775235217,0.2349120799138756,5.861185504075877,0.8311527032057007,484.8459618252692,1.2531199076441115e-99,meaningfully_different,True,1.0,1.0,9.704533354523561e-07,9.494860275466046e-07,True,660,0.6935760974884033,gaussian4_rho1.50_n800,gaussian4,800,1.5,0.75
True,4,4,0.75411807929363,2.274776310070054,2.230706415099597,0.22048858422531722,5.58172396735941,0.8051984014148322,451.04475562376206,2.208428386216338e-92,meaningfully_different,True,1.0,1.0,8.323807862467559e-07,7.638317225433927e-07,True,661,0.6862568855285645,gaussian4_rho1.50_n800,gaussian4,800,1.5,0.75
True,4,4,0.8130213941072095,2.6440151491041224,2.597904044826311,0.2730851503048708,5.851303313425938,0.8727956726479379,556.7397728345281,4.633387868440028e-115,meaningfully_different,True,1.0,1.0,9.97664565763426e-07,9.123001088424186e-07,True,662,0.7263100147247314,gaussian4_rho1.50_n800,gaussian4,800,1.5,0.75
True,4,4,0.763773397080967,2.333399208354402,2.295091689419018,0.2047132007764297,6.326371159783715,0.8111434737765221,555.0813209736596,1.0523350424020965e-114,meaningfully_different,True,1.0,1.0,9.225524542744934e-07,9.78730784110865e-07,True,663,0.6538040637969971,gaussian4_rho1.50_n800,gaussian4,800,1.5,0.75
True,4,4,0.856981926108507,2.937672086706586,2.8991638337785757,0.24269353732123414,7.825358082217095,0.90806926757807,620.3121284643629,1.0039909982770268e-128,meaningfully_different,True,1.0,1.0,9.035268767804794e-07,8.989831070802167e-07,True,664,0.6535968780517578,gaussian4_rho1.50_n800,gaussian4,800,1.5,0.75
True,4,4,0.7697264560462975,2.369915268550371,2.3213084791538097,0.22682447238403353,5.825246567384139,0.8207316149686268,467.50408449437396,6.553578624398729e-96,meaningfully_different,True,1.0,1.0,9.072964467358692e-07,9.279128344536557e-07,True,665,0.7034308910369873,gaussian4_rho1.50_n800,gaussian4,800,1.5,0.75
True,4,4,0.7383966684496643,2.1809185599102543,2.1394829700827374,0.20331053264684779,5.604643080946669,0.7864316621780212,518.1509672385579,8.955985314352092e-107,meaningfully_different,True,1.0,1.0,9.960569124085749e-07,8.866991150610554e-07,True,666,0.688086986541748,gaussian4_rho1.50_n800,gaussian4,800,1.5,0.75
True,4,4,0.8104653741931557,2.6274164910642073,2.579319231596894,0.27367986060182226,5.770681219012498,0.870270438273554,446.1956697334726,2.415622934313819e-91,meaningfully_different,True,1.0,1.0,9.518170621924533e-07,9.476456938074376e-07,True,667,0.6923179626464844,gaussian4_rho1.50_n800,gaussian4,800,1.5,0.75
True,4,4,0.7995194576560046,2.556925452682207,2.510485836225218,0.2510180952787096,6.0174380438513815,0.8548938326884301,459.55094869561333,3.3206389253663713e-94,meaningfully_different,True,1.0,1.0,9.966413628425596e-07,8.825029809646024e-07,True,668,0.7058560848236084,gaussian4_rho1.50_n800,gaussian4,800,1.5,0.75
True,4,4,0.7832236472689809,2.4537571265653,2.410399510684195,0.2439496289418214,5.781519393171759,0.838400402946381,434.3487879163288,8.330031274272313e-89,meaningfully_different,True,1.0,1.0,8.236334603098172e-07,9.062608330149581e-07,True,669,0.6982452869415283,gaussian4_rho1.50_n800,gaussian4,800,1.5,0.75
True,4,4,0.7193324041983145,2.069756430918909,2.025627992027724,0.22212062795676038,4.61743693713751,0.7731403353439691,422.24231473323664,3.2574375796132666e-86,meaningfully_different,True,1.0,1.0,9.811264847736428e-07,9.715449649004295e-07,True,670,0.6869008541107178,gaussian4_rho1.50_n800,gaussian4,800,1.5,0.75
True,4,4,0.7965927710944363,2.5382401718396514,2.494055740549168,0.23390425571880713,6.387467111095568,0.848350458821063,551.3497861720546,6.663312727986983e-114,meaningfully_different,True,1.0,1.0,9.58106008750395e-07,9.726936907476239e-07,True,671,0.6881449222564697,gaussian4_rho1.50_n800,gaussian4,800,1.5,0.75
True,4,4,0.7897005429521498,2.4945077901556805,2.450687462925885,0.23655763815023098,6.132490475765551,0.8425838462759012,496.16206805009824,4.684547463172667e-102,meaningfully_different,True,1.0,1.0,9.745923592825976e-07,6.852127976510234e-07,True,672,0.6946749687194824,gaussian4_rho1.50_n800,gaussian4,800,1.5,0.75
True,4,4,0.7699887054098002,2.3715304258346404,2.3214781326461376,0.25850257921894915,5.112050087232818,0.8286550907420313,416.1659645426399,6.509441478863058e-85,meaningfully_different,True,1.0,1.0,9.73171303749385e-07,9.669160324592042e-07,True,673,0.7288908958435059,gaussian4_rho1.50_n800,gaussian4,800,1.5,0.75
True,4,4,0.7543090504859558,2.275928574580097,2.238288675315866,0.20738486158951816,5.970969461439479,0.8030265277492727,513.2523049834842,1.0081295244008295e-105,meaningfully_different,True,1.0,1.0,9.866789577480989e-07,7.686844500818546e-07,True,674,0.651029109954834,gaussian4_rho1.50_n800,gaussian4,800,1.5,0.75
True,4,4,0.76540111552961,2.3433554706158857,2.301757346864766,0.22526702327557224,5.778730184010593,0.8173568111804282,472.720171170801,4.991304866665039e-97,meaningfully_different,True,1.0,1.0,8.295388316097278e-07,8.459008823661599e-07,True,675,0.6690537929534912,gaussian4_rho1.50_n800,gaussian4,800,1.5,0.75
True,4,4,0.7528028663387004,2.266848622271053,2.225850538913392,0.23346294201577314,5.2507285667229,0.8077535060039662,435.2721431578707,5.28319431507422e-89,meaningfully_different,True,1.0,1.0,9.48952586328935e-07,7.426768499815502e-07,True,676,0.6605639457702637,gaussian4_rho1.50_n800,gaussian4,800,1.5,0.75
True,4,4,0.8104857883392286,2.6275488523994435,2.5862939612546354,0.2329226863474901,6.810388400244074,0.8615999197267524,562.3149906776448,2.9389429543975447e-116,meaningfully_different,True,1.0,1.0,6.157415083038067e-07,8.717588453337218e-07,True,677,0.6626229286193848,gaussian4_rho1.50_n800,gaussian4,800,1.5,0.75
True,4,4,0.7707506514167419,2.376226266637328,2.335821725679986,0.22903369117598324,5.832424560863306,0.8234908353019003,464.48602651836535,2.9069634926041203e-95,meaningfully_different,True,1.0,1.0,8.434478985983963e-07,9.988929956901878e-07,True,678,0.6584780216217041,gaussian4_rho1.50_n800,gaussian4,800,1.5,0.75
True,4,4,0.7654215765001386,2.3434807590878304,2.300004116432239,0.24466586070900456,5.31338582614274,0.8219555408917578,444.99809520390306,4.361072811348752e-91,meaningfully_different,True,1.0,1.0,9.998765836966395e-07,8.656096862162249e-07,True,679,0.6637470722198486,gaussian4_rho1.50_n800,gaussian4,800,1.5,0.75
True,4,4,0.7697882743980625,2.370295949602987,2.325688564629593,0.21764774263468017,6.090982376301276,0.8190981692538519,545.407968230653,1.2585603531227745e-112,meaningfully_different,True,1.0,1.0,9.721745202121266e-07,9.703989755812398e-07,True,680,0.6875660419464111,gaussian4_rho1.50_n800,gaussian4,800,1.5,0.75
True,4,4,0.7153595517519257,2.046957153130864,2.0024850059951373,0.21917189968969436,4.573966860781264,0.7686011156844581,369.53106936672236,6.11124796149254e-75,meaningfully_different,True,1.0,1.0,7.891939179560565e-07,9.48312317565723e-07,True,681,0.6920621395111084,gaussian4_rho1.50_n800,gaussian4,800,1.5,0.75
True,4,4,0.8032987951905655,2.5811558174184563,2.5383269225137712,0.24234107604842373,6.347776231737075,0.8568755044362255,586.2669890143652,2.0952611757268777e-121,meaningfully_different,True,1.0,1.0,9.780786955650499e-07,8.252594160777192e-07,True,682,0.6833250522613525,gaussian4_rho1.50_n800,gaussian4,800,1.5,0.75
True,4,4,0.6705517624893317,1.798558664710196,1.7581309315316256,0.19298505698702856,3.928443701123363,0.7203407357744278,396.0552055782289,1.307153319766774e-80,meaningfully_different,True,1.0,1.0,7.309799472038116e-07,7.278171145287003e-07,True,683,0.6624729633331299,gaussian4_rho1.50_n800,gaussian4,800,1.5,0.75
True,4,4,0.8059099505057296,2.59796339329659,2.557182965277232,0.23651387824872536,6.583896796278694,0.8582269041079705,549.4500413134754,1.7050375592779564e-113,meaningfully_different,True,1.0,1.0,8.30024539516159e-07,9.199404555047376e-07,True,684,0.6687817573547363,gaussian4_rho1.50_n800,gaussian4,800,1.5,0.75
True,4,4,0.7158419854728695,2.0497189926629593,2.0120431142319286,0.19476008140625525,5.19635803663935,0.7636090198063358,512.8207173362532,1.2477933019920544e-105,meaningfully_different,True,1.0,1.0,8.819841489434419e-07,8.616832028324062e-07,True,685,0.6564731597900391,gaussian4_rho1.50_n800,gaussian4,800,1.5,0.75
True,4,4,0.7883169247656394,2.4857742954878193,2.4464580602958486,0.21263181926482225,6.802641605085256,0.8360930389942978,572.9614347660948,1.5159887530383021e-118,meaningfully_different,True,1.0,1.0,8.813438410552139e-07,8.808959879023898e-07,True,686,0.6762280464172363,gaussian4_rho1.50_n800,gaussian4,800,1.5,0.75
True,4,4,0.7971416368715522,2.54173915693703,2.5016997171333952,0.23800671833624212,6.309484570985433,0.8504683902161767,528.4557010574996,5.495753486949337e-109,meaningfully_different,True,1.0,1.0,8.875725914024758e-07,9.216766449838368e-07,True,687,0.6565089225769043,gaussian4_rho1.50_n800,gaussian4,800,1.5,0.75
True,4,4,0.8479789662671272,2.876273308925863,2.834342498236148,0.25164736626692763,7.289337160359637,0.9011472661769953,598.8538472872739,4.126853927616291e-124,meaningfully_different,True,1.0,1.0,9.685174740118356e-07,9.583507816872299e-07,True,688,0.7166540622711182,gaussian4_rho1.50_n800,gaussian4,800,1.5,0.75
True,4,4,0.770813649551835,2.376614729341676,2.3304800251159663,0.24295776447375914,5.476178248502389,0.8261522234441196,447.30461707584334,1.3977961358596087e-91,meaningfully_different,True,1.0,1.0,9.215464798865055e-07,9.212701229715797e-07,True,689,0.7336111068725586,gaussian4_rho1.50_n800,gaussian4,800,1.5,0.75
True,4,4,0.7751968340489773,2.4037205260782306,2.359243287945762,0.2436476944245997,5.578724195013467,0.8306636024616748,504.2828141273516,8.478850090715388e-104,meaningfully_different,True,1.0,1.0,9.915069933169555e-07,9.409420430266929e-07,True,690,0.7193067073822021,gaussian4_rho1.50_n800,gaussian4,800,1.5,0.75
True,4,4,0.8401878739624745,2.823662654214332,2.7821804494364715,0.24709722904861306,7.2124663489684515,0.8928352623590117,579.2751482247035,6.66682875291426e-120,meaningfully_different,True,1.0,1.0,8.231911805732275e-07,9.215207583566069e-07,True,691,0.685999870300293,gaussian4_rho1.50_n800,gaussian4,800,1.5,0.75
True,4,4,0.7786004320853243,2.4248745313738147,2.375124463195257,0.2565422288287198,5.3602265384283285,0.8362264763134434,445.48314667455156,3.4330389033950015e-91,meaningfully_different,True,1.0,1.0,8.986447603893621e-07,9.646546278695324e-07,True,692,0.7562730312347412,gaussian4_rho1.50_n800,gaussian4,800,1.5,0.75
True,4,4,0.7026741472867296,1.9750038290605305,1.9287440496894472,0.20558187209561501,4.517635919073125,0.7528107560405526,417.27083413213336,3.7762618288534217e-85,meaningfully_different,True,1.0,1.0,7.600107823929209e-07,9.556223120965684e-07,True,693,0.7133071422576904,gaussian4_rho1.50_n800,gaussian4,800,1.5,0.75
True,4,4,0.7505676875635633,2.253407414458059,2.200859981999936,0.24644997795558735,4.872631728197365,0.807191755734394,401.177475603022,1.0488122541152015e-81,meaningfully_different,True,1.0,1.0,8.641990990875497e-07,8.582804789462904e-07,True,694,0.7535839080810547,gaussian4_rho1.50_n800,gaussian4,800,1.5,0.75
True,4,4,0.8051413609020276,2.5930104441406763,2.5442652759115707,0.25847141570375637,5.974607566205735,0.861599228396703,520.8601636867616,2.347399843800965e-107,meaningfully_different,True,1.0,1.0,8.443470752820207e-07,9.688340716738592e-07,True,695,0.7141299247741699,gaussian4_rho1.50_n800,gaussian4,800,1.5,0.75
True,4,4,0.7704503401202486,2.374374906365627,2.340775364284155,0.21162173075155424,6.335716844969182,0.8198875129633023,550.1113163618353,1.2294228547239052e-113,meaningfully_different,True,1.0,1.0,8.488439825598398e-07,9.171854128638755e-07,True,696,0.6302740573883057,gaussian4_rho1.50_n800,gaussian4,800,1.5,0.75
True,4,4,0.75127898184218,2.2576804342312906,2.214428975151588,0.23101458335366992,5.256936412937914,0.8053592599671832,424.62977975158105,1.004051260680267e-86,meaningfully_different,True,1.0,1.0,6.548088269776802e-07,9.488738829447034e-07,True,697,0.672868013381958,gaussian4_rho1.50_n800,gaussian4,800,1.5,0.75
True,4,4,0.7487776036003199,2.242671598613751,2.200247849374466,0.21448321428659237,5.5959989846603815,0.7989119698555619,479.0178619848243,2.227705939319448e-98,meaningfully_different,True,1.0,1.0,9.962541583133995e-07,9.972055331128932e-07,True,698,0.6951091289520264,gaussian4_rho1.50_n800,gaussian4,800,1.5,0.75
True,4,4,0.7158377832816193,2.04969492789417,2.0106459135914894,0.2028946606685187,4.98113607455961,0.7655680786320036,461.61455137077314,1.1993005721332577e-94,meaningfully_different,True,1.0,1.0,8.675748454104462e-07,9.015866746748888e-07,True,699,0.6428990364074707,gaussian4_rho1.50_n800,gaussian4,800,1.5,0.75
True,4,4,0.8478242486147447,2.8752238261566254,2.83502004156873,0.23788117822658356,7.714019474970231,0.8980951731801892,625.5203508072663,7.614425336575412e-130,meaningfully_different,True,1.0,1.0,9.729078687241073e-07,9.058817435747433e-07,True,700,0.6670432090759277,gaussian4_rho1.50_n800,gaussian4,800,1.5,0.75
True,4,4,0.7549696708946834,2.2799168158833063,2.234265665394175,0.23067133963412292,5.350754312832679,0.808344953442699,493.9728585797927,1.3813711848353571e-101,meaningfully_different,True,1.0,1.0,9.872961072264623e-07,8.997116595457506e-07,True,701,0.6989169120788574,gaussian4_rho1.50_n800,gaussian4,800,1.5,0.75
True,4,4,0.7625762661654295,2.326090246875232,2.277292090997633,0.22633076049034093,5.643475452609296,0.8138754608785141,452.10309483060405,1.310110194714149e-92,meaningfully_different,True,1.0,1.0,9.98324118338487e-07,8.756236096587291e-07,True,702,0.7124049663543701,gaussian4_rho1.50_n800,gaussian4,800,1.5,0.75
True,4,4,0.817852529578549,2.6755310405521255,2.6321599924488255,0.252365668722057,6.467440681269548,0.8728207974670881,553.5606670236571,2.2325367487965432e-114,meaningfully_different,True,1.0,1.0,9.497297456013631e-07,8.881334314382748e-07,True,703,0.7053892612457275,gaussian4_rho1.50_n800,gaussian4,800,1.5,0.75
True,4,4,0.8741585093367219,3.0566123977831987,3.0191484329527305,0.25637721377183675,7.875693799955539,0.9274766065638864,636.7446318611119,2.9336841401896126e-132,meaningfully_different,True,1.0,1.0,7.59248868208489e-07,9.049422749226523e-07,True,704,0.6363260746002197,gaussian4_rho1.50_n800,gaussian4,800,1.5,0.75
True,4,4,0.7575167549472386,2.295326536103179,2.247714043677012,0.24611210156202012,5.069698059372301,0.8143298512531562,409.9329980474139,1.4042674206877389e-83,meaningfully_different,True,1.0,1.0,9.49697945994804e-07,9.86038604390638e-07,True,705,0.7077960968017578,gaussian4_rho1.50_n800,gaussian4,800,1.5,0.75
True,4,4,0.7953677892608169,2.5304396807745566,2.4918808134757073,0.24405578656485616,6.112868022816784,0.8504876335352275,487.8398300684854,2.8567333358278704e-100,meaningfully_different,True,1.0,1.0,8.406990749821885e-07,9.486926295254598e-07,True,706,0.6579341888427734,gaussian4_rho1.50_n800,gaussian4,800,1.5,0.75
True,4,4,0.7950722742971987,2.5285596854244803,2.491178675925969,0.22461010950611723,6.638965090239435,0.8456697684671413,543.1646213543188,3.8164574422020868e-112,meaningfully_different,True,1.0,1.0,9.742389936337804e-07,9.54518059292722e-07,True,707,0.6690669059753418,gaussian4_rho1.50_n800,gaussian4,800,1.5,0.75
True,4,4,0.7096475313272335,2.0143984748753474,1.96787416483372,0.23286343334509446,4.1564025357273175,0.7666323153500266,377.95071282500044,9.705597423615817e-77,meaningfully_different,True,1.0,1.0,7.835614086075939e-07,9.884791599615063e-07,True,708,0.7138679027557373,gaussian4_rho1.50_n800,gaussian4,800,1.5,0.75
True,4,4,0.7924825784622873,2.5121145486649414,2.4692035759085336,0.2309892806821424,6.360483792017439,0.8439708425096016,507.05624641594375,2.153829504579982e-104,meaningfully_different,True,1.0,1.0,7.057901841686555e-07,9.360883603733161e-07,True,709,0.6762111186981201,gaussian4_rho1.50_n800,gaussian4,800,1.5,0.75
True,4,4,0.7186529580464248,2.065848296435506,2.0228794421597804,0.23314668437502908,4.38727852768613,0.7756242021052716,363.45207650434287,1.2152722898834104e-73,meaningfully_different,True,1.0,1.0,9.9946025331618e-07,9.717457396751678e-07,True,710,0.6823248863220215,gaussian4_rho1.50_n800,gaussian4,800,1.5,0.75
True,4,4,0.775128935494121,2.403299466560997,2.3608042517016226,0.24621432144165348,5.5269094166973485,0.8315333383774102,444.7844929041529,4.845669265449431e-91,meaningfully_different,True,1.0,1.0,8.977030916689455e-07,7.992800733835055e-07,True,711,0.6949708461761475,gaussian4_rho1.50_n800,gaussian4,800,1.5,0.75
True,4,4,0.7532972258562397,2.2698268419308265,2.225967071297835,0.2272449932334935,5.394913453772588,0.8061872956429711,458.41649308974445,5.812451663936546e-94,meaningfully_different,True,1.0,1.0,7.938506316852243e-07,9.648771127241065e-07,True,712,0.6958608627319336,gaussian4_rho1.50_n800,gaussian4,800,1.5,0.75
True,4,4,0.7786851611107977,2.4254023205365955,2.383471866833968,0.22439256265352603,6.165408739371284,0.8295427637222139,555.262615725235,9.620780442403552e-115,meaningfully_different,True,1.0,1.0,9.947279256988741e-07,9.823655200121528e-07,True,713,0.6656031608581543,gaussian4_rho1.50_n800,gaussian4,800,1.5,0.75
True,4,4,0.75207682295821,2.262478190523659,2.221148269125198,0.2277696955318827,5.36132897870193,0.8055737208552747,462.01270939030394,9.853432281512802e-95,meaningfully_different,True,1.0,1.0,9.44851193490387e-07,9.306044441004243e-07,True,714,0.663142204284668,gaussian4_rho1.50_n800,gaussian4,800,1.5,0.75
True,4,4,0.7717682929137002,2.3825051917877076,2.3400115434550934,0.23831938391849708,5.622755150765934,0.8264399624997381,489.4524252397017,1.288193573013155e-100,meaningfully_different,True,1.0,1.0,9.024224301265629e-07,8.110056935165074e-07,True,715,0.6851382255554199,gaussian4_rho1.50_n800,gaussian4,800,1.5,0.75
True,4,4,0.7600951875381959,2.3109787764749012,2.2615057897152444,0.23557645530235302,5.3549739853932,0.8137866084920068,423.0899995833165,2.1448862904899186e-86,meaningfully_different,True,1.0,1.0,9.249775085679255e-07,9.402352997335601e-07,True,716,0.7175192832946777,gaussian4_rho1.50_n800,gaussian4,800,1.5,0.75
True,4,4,0.7871555360813568,2.478455351934113,2.4346231669686342,0.2382149545560931,6.022389188965967,0.8406027449045571,492.28560291400345,3.178729704733875e-101,meaningfully_different,True,1.0,1.0,7.851588604654598e-07,9.947298085016651e-07,True,717,0.6874260902404785,gaussian4_rho1.50_n800,gaussian4,800,1.5,0.75
True,4,4,0.7119176905507235,2.027307192476303,1.9853209681217177,0.2121481483551627,4.6444947823544815,0.7639164907558198,397.47148735267456,6.507468175809282e-81,meaningfully_different,True,1.0,1.0,9.379057809936744e-07,8.562903044434885e-07,True,718,0.6514198780059814,gaussian4_rho1.50_n800,gaussian4,800,1.5,0.75
True,4,4,0.8309602611419153,2.7619798223881604,2.719308983861065,0.25457940418731695,6.753527408666629,0.8857277855224084,535.9375835255813,1.3602066531138637e-110,meaningfully_different,True,1.0,1.0,9.769601996440907e-07,9.093079123765364e-07,True,719,0.6759121417999268,gaussian4_rho1.50_n800,gaussian4,800,1.5,0.75
True,4,4,0.8241220593641194,2.7167086749222285,2.663837125830952,0.3061496600863517,5.434718187704846,0.8898607341339919,419.1693171403292,1.4814865053518693e-85,meaningfully_different,True,1.0,1.0,9.917333667236455e-07,9.887182412664494e-07,True,720,0.7366981506347656,gaussian4_rho1.50_n800,gaussian4,800,1.5,0.75
True,4,4,0.7283935343817489,2.1222285637165443,2.0784544246014414,0.20566650328176259,5.243704771525004,0.7772943005173258,458.1973827685053,6.476172305517959e-94,meaningfully_different,True,1.0,1.0,8.863912549467511e-07,9.736654574072234e-07,True,721,0.6957828998565674,gaussian4_rho1.50_n800,gaussian4,800,1.5,0.75
True,4,4,0.7982982127062568,2.5491201456400163,2.512027554757699,0.2262045039238898,6.684338855014334,0.8491320352968771,613.1722467602497,3.444301446283178e-127,meaningfully_different,True,1.0,1.0,8.157333726357609e-07,9.040085482890123e-07,True,722,0.6498868465423584,gaussian4_rho1.50_n800,gaussian4,800,1.5,0.75
True,4,4,0.7467677793404152,2.2306484650440597,2.1965962735131246,0.2002328042956049,5.976025145942532,0.7946618664396534,531.6155561530804,1.152421335882363e-109,meaningfully_different,True,1.0,1.0,8.245762080637502e-07,9.880065000092752e-07,True,723,0.6406421661376953,gaussian4_rho1.50_n800,gaussian4,800,1.5,0.75
True,4,4,0.7240412279511693,2.0969427990921483,2.058742707950515,0.20522291118223268,5.158988837315434,0.7740000577748929,468.0569532446774,4.988360757329477e-96,meaningfully_different,True,1.0,1.0,9.268689125239385e-07,8.556681496239854e-07,True,724,0.6475489139556885,gaussian4_rho1.50_n800,gaussian4,800,1.5,0.75
True,4,4,0.8338792258630241,2.7814182533036655,2.7343547715601617,0.26835279199427464,6.462965258051664,0.8910325239258242,515.8328911308424,2.816164646579645e-106,meaningfully_different,True,1.0,1.0,8.990837589414591e-07,9.569601779864257e-07,True,725,0.6967017650604248,gaussian4_rho1.50_n800,gaussian4,800,1.5,0.75
True,4,4,0.8128663497387387,2.643006810150326,2.6012587478549665,0.24249438833955142,6.60328166280208,0.866043665474013,564.6382361785513,9.312312482145811e-117,meaningfully_different,True,1.0,1.0,6.95621186421852e-07,8.386240510672573e-07,True,726,0.6689119338989258,gaussian4_rho1.50_n800,gaussian4,800,1.5,0.75
True,4,4,0.7978557013282165,2.5462948805677605,2.500967561370796,0.25280719873784424,5.937202614737516,0.8539318472709313,438.95395095327524,8.596585876659888e-90,meaningfully_different,True,1.0,1.0,7.984281348284143e-07,9.6054630593007e-07,True,727,0.6953117847442627,gaussian4_rho1.50_n800,gaussian4,800,1.5,0.75
True,4,4,0.8301800040908468,2.7567953567691137,2.708799738129667,0.28779656345080423,5.937526555704576,0.8919337082073269,469.68103083144615,2.237626069573614e-96,meaningfully_different,True,1.0,1.0,9.981208545807168e-07,9.458156398772017e-07,True,728,0.724327802658081,gaussian4_rho1.50_n800,gaussian4,800,1.5,0.75
True,4,4,0.8493202096031419,2.8853792737612993,2.8468574360973657,0.2360006950889788,7.825644053298442,0.8993114081587008,629.229267562552,1.2132041125085896e-130,meaningfully_different,True,1.0,1.0,8.01985372972929e-07,9.456954774112036e-07,True,729,0.6394388675689697,gaussian4_rho1.50_n800,gaussian4,800,1.5,0.75
True,4,4,0.6868123812881248,1.8868449883626583,1.8393495939916675,0.21423882563631808,3.917822045087703,0.7402265030673701,350.13936152750625,8.455676527030305e-71,meaningfully_different,True,1.0,1.0,8.658630510555132e-07,9.000093168442935e-07,True,730,0.7006471157073975,gaussian4_rho1.50_n800,gaussian4,800,1.5,0.75
True,4,4,0.822698079520548,2.7073285201871915,2.6634834928339886,0.2634045134921038,6.3153188636756425,0.8798785942115628,525.0561968992013,2.9501482537053152e-108,meaningfully_different,True,1.0,1.0,9.952333790621776e-07,8.816739291229766e-07,True,731,0.7048218250274658,gaussian4_rho1.50_n800,gaussian4,800,1.5,0.75
True,4,4,0.7096774574721085,2.0145683745763057,1.9734257629949088,0.1949780517211837,4.992488920685781,0.7573202952754583,472.76471110433164,4.882751302867612e-97,meaningfully_different,True,1.0,1.0,8.983609542993339e-07,8.298810169674432e-07,True,732,0.6834521293640137,gaussian4_rho1.50_n800,gaussian4,800,1.5,0.75
True,4,4,0.7461225683474835,2.2267955479897807,2.180521992936856,0.2208344141746745,5.345733803985336,0.7974588202609231,472.2656117404594,6.247011688042557e-97,meaningfully_different,True,1.0,1.0,9.546162606194941e-07,7.126890139983199e-07,True,733,0.712723970413208,gaussian4_rho1.50_n800,gaussian4,800,1.5,0.75
True,4,4,0.774359123697671,2.3985282098152996,2.3528081378790735,0.24602745871814108,5.498606313813552,0.8302841826268373,449.49092893627306,4.753532197198172e-92,meaningfully_different,True,1.0,1.0,9.59319543688951e-07,9.034075941154272e-07,True,734,0.6824781894683838,gaussian4_rho1.50_n800,gaussian4,800,1.5,0.75
True,4,4,0.7600405857311208,2.3106467678340206,2.2679069424083864,0.2233277102165309,5.677338209302676,0.8116723995179358,494.5953426495119,1.0157196035349889e-101,meaningfully_different,True,1.0,1.0,8.166412809901583e-07,8.999832965772764e-07,True,735,0.6952080726623535,gaussian4_rho1.50_n800,gaussian4,800,1.5,0.75
True,4,4,0.7344076589191737,2.1574184379165655,2.112008927162989,0.21944795206233214,5.067301456735095,0.7862837730488574,425.8819961002854,5.415754024446871e-87,meaningfully_different,True,1.0,1.0,9.438825732805284e-07,8.953727859176008e-07,True,736,0.6943140029907227,gaussian4_rho1.50_n800,gaussian4,800,1.5,0.75
True,4,4,0.8067161155388274,2.603163564280219,2.552481349518381,0.2702972152908791,5.743608375127674,0.86560393720865,493.17462255568324,2.0490219748684593e-101,meaningfully_different,True,1.0,1.0,9.695421422574298e-07,8.131488742011266e-07,True,737,0.7368619441986084,gaussian4_rho1.50_n800,gaussian4,800,1.5,0.75
True,4,4,0.746436197981723,2.22866799062964,2.1907966709396707,0.19546569173247091,6.092100666798779,0.7925132684899358,595.284312819472,2.4152974253166946e-123,meaningfully_different,True,1.0,1.0,9.433346927186112e-07,8.743531591095621e-07,True,738,0.6362860202789307,gaussian4_rho1.50_n800,gaussian4,800,1.5,0.75
True,4,4,0.7830082520391795,2.4524076910458046,2.404660055370183,0.2369099287370726,5.929089012259604,0.8358143051710367,500.5924255000914,5.250047433511386e-103,meaningfully_different,True,1.0,1.0,8.903471545620116e-07,7.474720948414377e-07,True,739,0.7153747081756592,gaussian4_rho1.50_n800,gaussian4,800,1.5,0.75
True,4,4,0.7862111192156477,2.4725116959132856,2.4265868281336926,0.24806808489861354,5.750787444974006,0.8418168621069079,459.6010007591119,3.239621427999933e-94,meaningfully_different,True,1.0,1.0,9.253395782256435e-07,9.56006714837568e-07,True,740,0.7045497894287109,gaussian4_rho1.50_n800,gaussian4,800,1.5,0.75
True,4,4,0.7457069744198811,2.224315566793813,2.1823269332613053,0.21086354129619367,5.607071407382494,0.7951676857673137,509.9925167754509,5.047793864830056e-105,meaningfully_different,True,1.0,1.0,9.008617290395735e-07,7.51648509946392e-07,True,741,0.6765069961547852,gaussian4_rho1.50_n800,gaussian4,800,1.5,0.75
True,4,4,0.7206319396833492,2.0772415699671445,2.034418091318313,0.20864491470622926,4.957792011249194,0.7709747784489832,439.364547298817,7.020672489247021e-90,meaningfully_different,True,1.0,1.0,9.533662914744296e-07,8.414666838905704e-07,True,742,0.6775610446929932,gaussian4_rho1.50_n800,gaussian4,800,1.5,0.75
True,4,4,0.7596556729617885,2.3083069658521107,2.2614008798046514,0.22307610477353051,5.654576410526984,0.8106060109306493,532.3161336897057,8.150648815669254e-110,meaningfully_different,True,1.0,1.0,9.127435550027049e-07,9.718179798727978e-07,True,743,0.7232110500335693,gaussian4_rho1.50_n800,gaussian4,800,1.5,0.75
True,4,4,0.7911372975304727,2.503592894175279,2.460978521859001,0.22347319734040877,6.537600657467411,0.8409160512546443,573.6816026275148,1.0615595970534298e-118,meaningfully_different,True,1.0,1.0,9.546397557853025e-07,8.940948895077328e-07,True,744,0.6828172206878662,gaussian4_rho1.50_n800,gaussian4,800,1.5,0.75
True,4,4,0.7401424103733049,2.1912431505328223,2.1488689184478766,0.2260440643739271,5.082499828650189,0.79383221111016,451.4834357873694,1.778631776615017e-92,meaningfully_different,True,1.0,1.0,8.679348854705422e-07,8.892179717304193e-07,True,745,0.6875669956207275,gaussian4_rho1.50_n800,gaussian4,800,1.5,0.75
True,4,4,0.8191703906868966,2.684160515912491,2.636294137195984,0.2517886540610985,6.4986809802753225,0.873276820093951,503.58220419433445,1.1985835365138852e-103,meaningfully_different,True,1.0,1.0,8.986691839352653e-07,9.302558987839367e-07,True,746,0.6919460296630859,gaussian4_rho1.50_n800,gaussian4,800,1.5,0.75
True,4,4,0.7731190307914682,2.3908521430877565,2.3489516968070805,0.21798323414744708,6.188327749530634,0.8227244693864891,542.9049734629773,4.339319082047796e-112,meaningfully_different,True,1.0,1.0,9.96991259579603e-07,8.423946720924254e-07,True,747,0.6942510604858398,gaussian4_rho1.50_n800,gaussian4,800,1.5,0.75
True,4,4,0.8066817641903401,2.602941874708958,2.5563769618073904,0.24571011115603264,6.33419990119596,0.8603101372936739,507.68796103222707,1.5763476367367726e-104,meaningfully_different,True,1.0,1.0,9.723447871607505e-07,9.34457069411577e-07,True,748,0.710453987121582,gaussian4_rho1.50_n800,gaussian4,800,1.5,0.75
True,4,4,0.8242442195476438,2.717514133830818,2.6730144045071653,0.23836372619766108,7.01874581000564,0.8753696139455972,573.2046649191083,1.3440959147375669e-118,meaningfully_different,True,1.0,1.0,9.696743867417712e-07,9.911693582670527e-07,True,749,0.6918599605560303,gaussian4_rho1.50_n800,gaussian4,800,1.5,0.75
True,4,4,0.788833178870016,2.489031136344699,2.440835649880016,0.2299313638051689,6.266372825505007,0.8394997152448663,543.4627522373618,3.293323636933057e-112,meaningfully_different,True,1.0,1.0,9.384769124921401e-07,9.54842397494015e-07,True,750,0.6982898712158203,gaussian4_rho1.50_n800,gaussian4,800,1.5,0.75
True,4,4,0.8184482964210373,2.679430455657993,2.6326764401716725,0.270387282941751,6.038288570411045,0.8771294008297701,457.6797274138265,8.361024632361391e-94,meaningfully_different,True,1.0,1.0,8.331623034941647e-07,8.874134467346716e-07,True,751,0.7110421657562256,gaussian4_rho1.50_n800,gaussian4,800,1.5,0.75
True,4,4,0.8088636518484662,2.617041629126547,2.5730773143001886,0.23686581216534824,6.641217235698307,0.8606228710273113,560.7233165474914,6.45860709785852e-116,meaningfully_different,True,1.0,1.0,7.868698810821127e-07,8.887174886896279e-07,True,752,0.7098698616027832,gaussian4_rho1.50_n800,gaussian4,800,1.5,0.75
True,4,4,0.7755480585933141,2.4058991647514345,2.3566410115585685,0.24138838653306718,5.620158579471369,0.8297122354544749,468.79218434211214,3.4700894135522156e-96,meaningfully_different,True,1.0,1.0,9.351308553123516e-07,9.966567841160775e-07,True,753,0.7446210384368896,gaussian4_rho1.50_n800,gaussian4,800,1.5,0.75
True,4,4,0.77791600026143,2.420613213850965,2.377935938974046,0.23027890720821506,5.9837696629684585,0.8301673076413423,474.78326540000086,1.802472433228043e-97,meaningfully_different,True,1.0,1.0,8.57265354014833e-07,9.724472430928799e-07,True,754,0.6692543029785156,gaussian4_rho1.50_n800,gaussian4,800,1.5,0.75
True,4,4,0.7869915942300315,2.4774230775549064,2.4374933947889903,0.2225008409994273,6.460620051286415,0.8371789996928153,562.4894390315067,2.6959564317642466e-116,meaningfully_different,True,1.0,1.0,9.816283016486831e-07,9.661865479646282e-07,True,755,0.6721100807189941,gaussian4_rho1.50_n800,gaussian4,800,1.5,0.75
True,4,4,0.7673438579954972,2.355266385613655,2.316556200959756,0.21886350549166006,6.015421337615028,0.8180089595742559,556.6679757128616,4.800890264982679e-115,meaningfully_different,True,1.0,1.0,8.700305721461978e-07,9.531480034112214e-07,True,756,0.6660158634185791,gaussian4_rho1.50_n800,gaussian4,800,1.5,0.75
True,4,4,0.7399315884270647,2.1899950222087963,2.1463046764988603,0.2207605016624023,5.192526144245881,0.7920579821493324,424.3722233242564,1.1399788652952143e-86,meaningfully_different,True,1.0,1.0,9.261901412845419e-07,8.165025676705856e-07,True,757,0.6743419170379639,gaussian4_rho1.50_n800,gaussian4,800,1.5,0.75
True,4,4,0.8145284629996818,2.6538264681464963,2.6128724099996554,0.23889757451496577,6.751313458390164,0.8668656112556471,545.702281580967,1.088090457513194e-112,meaningfully_different,True,1.0,1.0,9.195469573404524e-07,8.119124423941178e-07,True,758,0.6720499992370605,gaussian4_rho1.50_n800,gaussian4,800,1.5,0.75
True,4,4,0.7969643763314913,2.540608868565772,2.499871399096155,0.23460488919367467,6.3931804842223805,0.8493765510636198,497.7588632328247,2.128616327433757e-102,meaningfully_different,True,1.0,1.0,9.305914923193526e-07,9.750716323497469e-07,True,759,0.6664741039276123,gaussian4_rho1.50_n800,gaussian4,800,1.5,0.75
True,4,4,0.7502927051552478,2.2517565736367184,2.2100157598244095,0.21736395021667793,5.566772956684918,0.8011784510498912,496.34861635451824,4.272154808052041e-102,meaningfully_different,True,1.0,1.0,9.79662298839738e-07,9.076190965199005e-07,True,760,0.6876828670501709,gaussian4_rho1.50_n800,gaussian4,800,1.5,0.75
True,4,4,0.7930535552462732,2.515735765955015,2.4739302182807155,0.2338944827801457,6.30168869637754,0.8453774906226178,495.79299310620485,5.621415040745114e-102,meaningfully_different,True,1.0,1.0,8.878737473329412e-07,8.37273050491778e-07,True,761,0.6710309982299805,gaussian4_rho1.50_n800,gaussian4,800,1.5,0.75
True,4,4,0.7888942612300317,2.48941662160671,2.447071506667166,0.2372753360796311,6.098701746992869,0.842222462269304,529.040158961885,4.1166933040702385e-109,meaningfully_different,True,1.0,1.0,6.887446073985364e-07,9.82678463711675e-07,True,762,0.6876258850097656,gaussian4_rho1.50_n800,gaussian4,800,1.5,0.75
True,4,4,0.7467351146103597,2.230453325568588,2.1900925698085776,0.19838934689317386,5.998772557325889,0.7931604513896209,547.643803137508,4.1656155606589636e-113,meaningfully_different,True,1.0,1.0,9.523873182673046e-07,8.624883238444923e-07,True,763,0.6595032215118408,gaussian4_rho1.50_n800,gaussian4,800,1.5,0.75
True,4,4,0.780876106882996,2.4390699772029767,2.3967083532454354,0.2283174285404547,6.1173970036981125,0.8325048203578818,482.1263752039623,4.800042959471451e-99,meaningfully_different,True,1.0,1.0,9.347151673668777e-07,8.004374510352261e-07,True,764,0.6679410934448242,gaussian4_rho1.50_n800,gaussian4,800,1.5,0.75
True,4,4,0.7634420059799085,2.3313747859785066,2.2844106176720635,0.23657054884604273,5.4292921242193275,0.817547329359496,429.961003186541,7.248945638037756e-88,meaningfully_different,True,1.0,1.0,9.678601594342726e-07,9.826071041595688e-07,True,765,0.6930861473083496,gaussian4_rho1.50_n800,gaussian4,800,1.5,0.75
True,4,4,0.7621049221691153,2.3232156495775733,2.2737233193995223,0.23102796910551576,5.513286223876139,0.814513737193849,495.93563960772184,5.238942634605724e-102,meaningfully_different,True,1.0,1.0,7.919937882515948e-07,9.251668569091966e-07,True,766,0.736752986907959,gaussian4_rho1.50_n800,gaussian4,800,1.5,0.75
True,4,4,0.8121513642168177,2.638359353596952,2.5959846895334353,0.2545786110055711,6.2691232512793835,0.8681487835028937,536.6941560828126,9.357252095670228e-111,meaningfully_different,True,1.0,1.0,9.787399592613506e-07,9.548118500742909e-07,True,767,0.6724319458007812,gaussian4_rho1.50_n800,gaussian4,800,1.5,0.75
True,4,4,0.7681660531417885,2.3603163407977323,2.318949636718764,0.22652379726260077,5.822565455185945,0.8202969167071416,478.75476406124335,2.5367405695616887e-98,meaningfully_different,True,1.0,1.0,6.751709043755356e-07,9.84590841144814e-07,True,768,0.6684529781341553,gaussian4_rho1.50_n800,gaussian4,800,1.5,0.75
True,4,4,0.7947198224823872,2.5263183849857476,2.4859384332579735,0.22161868412897354,6.704933020869371,0.8441665608231186,561.7466826574162,3.893004847400931e-116,meaningfully_different,True,1.0,1.0,9.164881516652461e-07,8.402751775702331e-07,True,769,0.6702420711517334,gaussian4_rho1.50_n800,gaussian4,800,1.5,0.75
True,4,4,0.764886296078751,2.340204183716283,2.303967510965981,0.21806066673323332,5.979838228052392,0.8158807188458366,557.9856837415748,2.5018108914324615e-115,meaningfully_different,True,1.0,1.0,7.849019780059251e-07,9.113635617105408e-07,True,770,0.6292479038238525,gaussian4_rho1.50_n800,gaussian4,800,1.5,0.75
True,4,4,0.7869773332861476,2.477333292424705,2.4394335659669593,0.21732477904351527,6.623421278982363,0.8361968992114107,546.0227643122189,9.28613914909499e-113,meaningfully_different,True,1.0,1.0,9.55584345275349e-07,9.88308268198371e-07,True,771,0.6556198596954346,gaussian4_rho1.50_n800,gaussian4,800,1.5,0.75
True,4,4,0.7838207210495289,2.4574996909864137,2.414135702253174,0.2296749537414712,6.157117609980958,0.8354515819206318,489.47771237942084,1.272205093191939e-100,meaningfully_different,True,1.0,1.0,9.7634535104265e-07,9.96810161454248e-07,True,772,0.6790580749511719,gaussian4_rho1.50_n800,gaussian4,800,1.5,0.75
True,4,4,0.7983559502162462,2.5494888929827413,2.505244666021725,0.24643029444580478,6.108196516206981,0.8530220439167481,479.35308128419337,1.887876336949255e-98,meaningfully_different,True,1.0,1.0,7.50732854007325e-07,8.893204283729492e-07,True,773,0.6754701137542725,gaussian4_rho1.50_n800,gaussian4,800,1.5,0.75
True,4,4,0.7426359423071911,2.206032571225959,2.1613857179232325,0.20301186904072868,5.720777427502196,0.7898275962241811,502.6978273422393,1.855356379127918e-103,meaningfully_different,True,1.0,1.0,9.330922413435741e-07,9.640392651697308e-07,True,774,0.6946699619293213,gaussian4_rho1.50_n800,gaussian4,800,1.5,0.75
True,4,4,0.7696154856871965,2.369231983238157,2.320090602687344,0.26585177623377865,4.965513570714355,0.8302677069862717,362.2615272216926,2.1824633274560945e-73,meaningfully_different,True,1.0,1.0,8.947820680711127e-07,7.865681330944635e-07,True,775,0.726876974105835,gaussian4_rho1.50_n800,gaussian4,800,1.5,0.75
True,4,4,0.8268768423162378,2.73490124943549,2.691922598074841,0.2498967267933987,6.770487232006174,0.8807619053274648,546.5377511998962,7.1983165458739e-113,meaningfully_different,True,1.0,1.0,9.831985327416525e-07,7.677503200077425e-07,True,776,0.674591064453125,gaussian4_rho1.50_n800,gaussian4,800,1.5,0.75
True,4,4,0.7741275173788539,2.3970936526525906,2.3537889208835225,0.22283532474007645,6.075288657499134,0.824669693422031,485.69874477507216,8.224192836116607e-100,meaningfully_different,True,1.0,1.0,9.761666337831525e-07,8.693081579070916e-07,True,777,0.6662781238555908,gaussian4_rho1.50_n800,gaussian4,800,1.5,0.75
True,4,4,0.7156091246321243,2.0483856770270212,2.0050190351718435,0.2265786050033475,4.43563078321978,0.7709908682016287,377.9738863471306,9.595545389103329e-77,meaningfully_different,True,1.0,1.0,9.60941968644593e-07,9.989637438620764e-07,True,778,0.6842789649963379,gaussian4_rho1.50_n800,gaussian4,800,1.5,0.75
True,4,4,0.7760329370932793,2.408908477814486,2.3647083376000997,0.24150750046397534,5.65079069999181,0.830956200060246,463.7183994963558,4.2460198339986874e-95,meaningfully_different,True,1.0,1.0,9.798649950732848e-07,8.786329217106162e-07,True,779,0.6952240467071533,gaussian4_rho1.50_n800,gaussian4,800,1.5,0.75
True,4,4,0.7425865236892039,2.205738980659266,2.1588222855304093,0.2375409053647184,4.878411504541346,0.7983643130283478,400.5320629344735,1.4413189268231466e-81,meaningfully_different,True,1.0,1.0,6.692539057098349e-07,7.878026490520721e-07,True,780,0.7229130268096924,gaussian4_rho1.50_n800,gaussian4,800,1.5,0.75
True,4,4,0.7897591118032984,2.494877818705339,2.4439690483967276,0.258097730120788,5.594660006195946,0.8468326333895393,430.3783638896889,5.900710416737625e-88,meaningfully_different,True,1.0,1.0,7.64060441253358e-07,9.276526163630116e-07,True,781,0.7271370887756348,gaussian4_rho1.50_n800,gaussian4,800,1.5,0.75
True,4,4,0.723161240511773,2.0918487191141053,2.0499178972297116,0.2053302542512807,5.113313189321018,0.7726021147165271,486.90595855274915,4.5307605734927586e-100,meaningfully_different,True,1.0,1.0,9.931891153577131e-07,7.928403809110103e-07,True,782,0.6815643310546875,gaussian4_rho1.50_n800,gaussian4,800,1.5,0.75
True,4,4,0.7845612531282946,2.4621454396409597,2.4223453729150517,0.2218868315807805,6.410228866588823,0.8347629502759255,518.9076959792612,6.161491428787317e-107,meaningfully_different,True,1.0,1.0,8.229301009660468e-07,8.940170735803348e-07,True,783,0.6618649959564209,gaussian4_rho1.50_n800,gaussian4,800,1.5,0.75
True,4,4,0.7631914895638846,2.329844998970964,2.2890159120111404,0.24176103840781935,5.331776867357505,0.819554365629852,446.3061984332692,2.2874383143158752e-91,meaningfully_different,True,1.0,1.0,9.330575677465591e-07,8.708826032162967e-07,True,784,0.6861560344696045,gaussian4_rho1.50_n800,gaussian4,800,1.5,0.75
True,4,4,0.823224250863268,2.710792668837555,2.6651847564667923,0.25623095742530627,6.498764915836563,0.878442823427492,522.0157331097168,1.3259727255978365e-107,meaningfully_different,True,1.0,1.0,9.59800665038255e-07,9.405775987239713e-07,True,785,0.7008860111236572,gaussian4_rho1.50_n800,gaussian4,800,1.5,0.75
True,4,4,0.7770585183616585,2.415279763833664,2.3728878044240087,0.23100170380640084,5.9431934128702615,0.8295860104235632,479.64015623577245,1.6383729896424627e-98,meaningfully_different,True,1.0,1.0,9.469914480000384e-07,9.922866730573836e-07,True,786,0.6866421699523926,gaussian4_rho1.50_n800,gaussian4,800,1.5,0.75
True,4,4,0.7478510538699957,2.237124795097853,2.1887829548129356,0.23704053483521176,5.015104086055855,0.8029134352891273,406.4118277011602,7.959356639904342e-83,meaningfully_different,True,1.0,1.0,9.127429326121504e-07,9.869382107289556e-07,True,787,0.736093282699585,gaussian4_rho1.50_n800,gaussian4,800,1.5,0.75
True,4,4,0.7963697124696474,2.536818875755955,2.493669062817149,0.25238506343396744,5.918214978708294,0.8527610377173208,483.3668497822222,2.6014380021314225e-99,meaningfully_different,True,1.0,1.0,9.507676903446808e-07,9.993966042234993e-07,True,788,0.712705135345459,gaussian4_rho1.50_n800,gaussian4,800,1.5,0.75
True,4,4,0.7716175643960852,2.3815746627381866,2.3281556625367203,0.24754974744880937,5.365207099681524,0.82694297906186,426.0755793448292,4.922799611918934e-87,meaningfully_different,True,1.0,1.0,9.705418416303032e-07,9.803023772408358e-07,True,789,0.752161979675293,gaussian4_rho1.50_n800,gaussian4,800,1.5,0.75
True,4,4,0.714124741390795,2.039896585065879,1.9979875025989373,0.21076800109068625,4.735004827272322,0.7656157674771112,448.42195619025097,8.054760173369113e-92,meaningfully_different,True,1.0,1.0,9.865054238751713e-07,8.408829558464912e-07,True,790,0.6965398788452148,gaussian4_rho1.50_n800,gaussian4,800,1.5,0.75
True,4,4,0.8321958440440824,2.770199691376971,2.7175444591672,0.266098978448407,6.454532329218274,0.888149526965497,480.5564439783447,1.0421245606595346e-98,meaningfully_different,True,1.0,1.0,8.028726773626783e-07,9.521361846605344e-07,True,791,0.7440590858459473,gaussian4_rho1.50_n800,gaussian4,800,1.5,0.75
True,4,4,0.8977681424012409,3.223950550042299,3.178012205272321,0.27397297699451,7.949733689669566,0.9524517901406393,630.3619174330947,6.923373699788975e-131,meaningfully_different,True,1.0,1.0,8.080306888122175e-07,9.107876920914665e-07,True,792,0.7018749713897705,gaussian4_rho1.50_n800,gaussian4,800,1.5,0.75
True,4,4,0.801386715963871,2.5688826740934325,2.5084622057327417,0.26080066200141294,5.78396616847763,0.8569482365547394,445.1910415598507,3.965133494844992e-91,meaningfully_different,True,1.0,1.0,9.597007000244529e-07,9.920624967290395e-07,True,793,0.7762207984924316,gaussian4_rho1.50_n800,gaussian4,800,1.5,0.75
True,4,4,0.7558366150062412,2.2851559543363713,2.2385794418147746,0.24431862865532858,5.0695251877911245,0.8124727417412694,414.3188187384135,1.6176281315623388e-84,meaningfully_different,True,1.0,1.0,9.324049591789172e-07,9.539269454135375e-07,True,794,0.6841549873352051,gaussian4_rho1.50_n800,gaussian4,800,1.5,0.75
True,4,4,0.8149327379875838,2.65646146977576,2.6185572694872556,0.23501566503273913,6.887018655806543,0.8667646218130343,613.0185336781041,3.7166694719962515e-127,meaningfully_different,True,1.0,1.0,9.183030897283316e-07,8.760324047083431e-07,True,795,0.6620111465454102,gaussian4_rho1.50_n800,gaussian4,800,1.5,0.75
True,4,4,0.7448894459652576,2.2194411468417137,2.17416020623492,0.2258448631913418,5.198967953679513,0.7977533999588402,414.7602860815563,1.3013558420024813e-84,meaningfully_different,True,1.0,1.0,9.676417018516146e-07,9.88716748923452e-07,True,796,0.697667121887207,gaussian4_rho1.50_n800,gaussian4,800,1.5,0.75
True,4,4,0.7904742737481111,2.499398309830415,2.4487692442714186,0.27466154754585637,5.274743615247191,0.8515496589947535,379.17616265164634,5.310243080123553e-77,meaningfully_different,True,1.0,1.0,8.9070593405682e-07,9.814176718278702e-07,True,797,0.725944995880127,gaussian4_rho1.50_n800,gaussian4,800,1.5,0.75
True,4,4,0.7370315476800602,2.1728620091026594,2.1245500464052722,0.2417912950357072,4.650912044783089,0.7940814402518875,423.7157635222063,1.5755703738062825e-86,meaningfully_different,True,1.0,1.0,8.598865918284102e-07,9.122694901049745e-07,True,798,0.7236728668212891,gaussian4_rho1.50_n800,gaussian4,800,1.5,0.75
True,4,4,0.7496165030405618,2.247699606523043,2.21006475778431,0.20525407244522392,5.895448228474198,0.7980723124022655,519.6386594178623,4.29324912094704e-107,meaningfully_different,True,1.0,1.0,9.746951075313678e-07,7.794435743220647e-07,True,799,0.6378018856048584,gaussian4_rho1.50_n800,gaussian4,800,1.5,0.75
True,4,4,0.7337812042625118,2.1537394229157685,2.1075757109818087,0.20972880758569024,5.280989882752657,0.7830307945437617,464.1213945524206,3.480163395448646e-95,meaningfully_different,True,1.0,1.0,8.605308436964873e-07,8.461879619059848e-07,True,800,0.6884820461273193,gaussian4_rho1.50_n800,gaussian4,800,1.5,0.75
True,4,4,0.7490902874075224,2.2445450347531377,2.199860508840642,0.23789824608891055,5.0435870317102465,0.8048553133584602,430.62924933043115,5.214119262214014e-88,meaningfully_different,True,1.0,1.0,8.108786520708504e-07,9.781177760762354e-07,True,801,0.6913650035858154,gaussian4_rho1.50_n800,gaussian4,800,1.5,0.75
True,4,4,0.7052746703266646,1.9896494424175417,1.950679126934925,0.19726949363182203,4.819189776546214,0.7541814385514449,447.1662018375915,1.4965764378343547e-91,meaningfully_different,True,1.0,1.0,8.179876160333018e-07,9.625344100808457e-07,True,802,0.6625950336456299,gaussian4_rho1.50_n800,gaussian4,800,1.5,0.75
True,4,4,0.7338807789110422,2.1543239906203118,2.1040417990830558,0.22168000472978527,4.980340019519654,0.7856005599039283,433.4074243566472,1.3250962328818068e-88,meaningfully_different,True,1.0,1.0,9.290888400561502e-07,9.100126296180424e-07,True,803,0.7264220714569092,gaussian4_rho1.50_n800,gaussian4,800,1.5,0.75
True,4,4,0.802137180327397,2.5736962242543484,2.532330971610118,0.24236110833330543,6.3225118177904625,0.8560051868540479,509.0289945415339,8.125941026535759e-105,meaningfully_different,True,1.0,1.0,8.771344673023405e-07,9.302640822375478e-07,True,804,0.6671559810638428,gaussian4_rho1.50_n800,gaussian4,800,1.5,0.75
True,4,4,0.787643480473161,2.481529009327499,2.439477010288633,0.24628675572564415,5.844719526421332,0.8432945324312957,448.34777514494493,8.354995864471985e-92,meaningfully_different,True,1.0,1.0,7.938640377778918e-07,9.148133132968008e-07,True,805,0.6487610340118408,gaussian4_rho1.50_n800,gaussian4,800,1.5,0.75
True,4,4,0.7444317370312247,2.2167144443973057,2.1724775031169634,0.2213899543192942,5.295983310182117,0.7963403123743132,452.42898356712067,1.115518130998541e-92,meaningfully_different,True,1.0,1.0,9.713655547677493e-07,9.590041380113854e-07,True,806,0.7093169689178467,gaussian4_rho1.50_n800,gaussian4,800,1.5,0.75
True,4,4,0.7961148460282607,2.5351953922664046,2.4914971966291244,0.2357967934206326,6.325349785263942,0.8484321433548146,544.5656167475026,1.9088947322104057e-112,meaningfully_different,True,1.0,1.0,9.42658851487782e-07,8.054665427373467e-07,True,807,0.6931273937225342,gaussian4_rho1.50_n800,gaussian4,800,1.5,0.75
True,4,4,0.7277404218899751,2.1184244866103956,2.0785558026303357,0.20647915075340992,5.223557917081968,0.7775255273360712,462.09637579784476,9.454846890994014e-95,meaningfully_different,True,1.0,1.0,8.528479548808811e-07,9.279497244745953e-07,True,808,0.6562240123748779,gaussian4_rho1.50_n800,gaussian4,800,1.5,0.75
True,4,4,0.813696011798471,2.6484047984669497,2.60682925950672,0.24226681553944146,6.632477732985785,0.8667933302893996,526.2819952821885,1.6095025665996895e-108,meaningfully_different,True,1.0,1.0,8.732460070567946e-07,9.084582657360645e-07,True,809,0.6560211181640625,gaussian4_rho1.50_n800,gaussian4,800,1.5,0.75
True,4,4,0.8303133019606336,2.7576807176510814,2.7214445753285017,0.23582588807925287,7.299642076403352,0.8816665529927843,618.6954304901078,2.235641912156569e-128,meaningfully_different,True,1.0,1.0,8.256425182792381e-07,9.265444204977675e-07,True,810,0.6310422420501709,gaussian4_rho1.50_n800,gaussian4,800,1.5,0.75
True,4,4,0.7164365683498898,2.053125425875865,2.012796069164671,0.20108393443662498,5.036683174129314,0.7654328363815511,487.11856790969597,4.079153206012738e-100,meaningfully_different,True,1.0,1.0,9.514982653984109e-07,9.430262398889631e-07,True,811,0.6742970943450928,gaussian4_rho1.50_n800,gaussian4,800,1.5,0.75
True,4,4,0.7020304435393963,1.9713869746244859,1.9264284759154462,0.20642201093908122,4.488031444422134,0.7526557096859111,403.97298991966136,2.6464380157960666e-82,meaningfully_different,True,1.0,1.0,7.341912255178626e-07,6.889241810307611e-07,True,812,0.6969101428985596,gaussian4_rho1.50_n800,gaussian4,800,1.5,0.75
True,4,4,0.7374750126328297,2.1754775770311694,2.136397948748969,0.2108649263283604,5.38922223119914,0.787914952202493,494.4230340787349,1.1059564536104043e-101,meaningfully_different,True,1.0,1.0,7.780046766666128e-07,9.652509367597758e-07,True,813,0.6593070030212402,gaussian4_rho1.50_n800,gaussian4,800,1.5,0.75
True,4,4,0.7249622329548001,2.1022809568432392,2.0625890704613434,0.2076416666821675,5.117417363480447,0.7752627327251316,452.6335786506454,1.0084069050679e-92,meaningfully_different,True,1.0,1.0,8.746745881864386e-07,9.718749336010147e-07,True,814,0.6633071899414062,gaussian4_rho1.50_n800,gaussian4,800,1.5,0.75
True,4,4,0.7672343018201077,2.354593895557552,2.3123010027918687,0.2236492117943093,5.867675509622609,0.8185614240813844,539.4740134906772,2.3670958424964155e-111,meaningfully_different,True,1.0,1.0,8.923352957146722e-07,7.292332564082863e-07,True,815,0.6946330070495605,gaussian4_rho1.50_n800,gaussian4,800,1.5,0.75
True,4,4,0.7949678233056545,2.5278953603653216,2.4837400302459134,0.24841741868829625,5.972769695782276,0.8503455653987502,468.5862435593416,3.841405093153226e-96,meaningfully_different,True,1.0,1.0,9.916608465508584e-07,9.403372741387993e-07,True,816,0.6874260902404785,gaussian4_rho1.50_n800,gaussian4,800,1.5,0.75
True,4,4,0.7384206112991475,2.181059996765627,2.141604058473754,0.2109325587025518,5.412175652235821,0.788758081210234,472.3465721184607,6.002254141863167e-97,meaningfully_different,True,1.0,1.0,7.427350801713961e-07,9.49298212240535e-07,True,817,0.6609928607940674,gaussian4_rho1.50_n800,gaussian4,800,1.5,0.75
True,4,4,0.8224369064293371,2.7056098602282326,2.664133691471909,0.24596116021032832,6.76583933027825,0.8758858084723515,562.8816987443128,2.22044378375008e-116,meaningfully_different,True,1.0,1.0,9.714039737701624e-07,8.28901869064395e-07,True,818,0.6699461936950684,gaussian4_rho1.50_n800,gaussian4,800,1.5,0.75
True,4,4,0.7747173789224643,2.4007480688179728,2.3576229413956775,0.24897130496072262,5.452929371157268,0.8317367815852506,469.1303634726601,2.936577836948724e-96,meaningfully_different,True,1.0,1.0,9.534127226393776e-07,9.110091598334568e-07,True,819,0.6916158199310303,gaussian4_rho1.50_n800,gaussian4,800,1.5,0.75
True,4,4,0.7327677029893412,2.1477940261771016,2.0989608496673458,0.24455888379382387,4.4936451811492075,0.7907629886190332,414.3960795064059,1.5571967363618223e-84,meaningfully_different,True,1.0,1.0,9.264026083943343e-07,9.464620726350225e-07,True,820,0.7159438133239746,gaussian4_rho1.50_n800,gaussian4,800,1.5,0.75
True,4,4,0.744313412439806,2.216009823751155,2.174331387914551,0.2251628156708289,5.215476562663594,0.797604422932402,437.70300275948387,1.593179420479388e-89,meaningfully_different,True,1.0,1.0,7.134871401921037e-07,8.313062172905569e-07,True,821,0.6802098751068115,gaussian4_rho1.50_n800,gaussian4,800,1.5,0.75
True,4,4,0.8286209434718852,2.746450671840949,2.7028506736119455,0.23508484048719683,7.243557985631515,0.8788530631067715,568.2460483163343,1.5627881374709625e-117,meaningfully_different,True,1.0,1.0,8.248328259260782e-07,8.048028417343327e-07,True,822,0.685870885848999,gaussian4_rho1.50_n800,gaussian4,800,1.5,0.75
True,4,4,0.7411085557968863,2.196967565901386,2.150897831047822,0.24067919133718932,4.781875095447803,0.7979316812626481,395.4261079405318,1.7818564307808575e-80,meaningfully_different,True,1.0,1.0,8.167138864312963e-07,9.799377096170652e-07,True,823,0.6982219219207764,gaussian4_rho1.50_n800,gaussian4,800,1.5,0.75
True,4,4,0.838003118859139,2.808996908870577,2.770859573342337,0.23909926659823671,7.406378106202842,0.8894018873951026,571.119476843599,3.7713037974198264e-118,meaningfully_different,True,1.0,1.0,9.809388837680322e-07,9.630784686248494e-07,True,824,0.6439633369445801,gaussian4_rho1.50_n800,gaussian4,800,1.5,0.75
True,4,4,0.7570582792447459,2.2925489526920626,2.2477115853486795,0.2314543831442571,5.390745115295684,0.8106201587268427,507.0234174305526,2.189051719864594e-104,meaningfully_different,True,1.0,1.0,7.438035273148324e-07,9.300485645914323e-07,True,825,0.6883471012115479,gaussian4_rho1.50_n800,gaussian4,800,1.5,0.75
True,4,4,0.7630563305390761,2.329019854303039,2.27642380046773,0.2567101486749502,4.972237393247569,0.8213821308609918,365.22435372251147,5.083130194084692e-74,meaningfully_different,True,1.0,1.0,8.925252553366423e-07,8.222653095081974e-07,True,826,0.7499020099639893,gaussian4_rho1.50_n800,gaussian4,800,1.5,0.75
True,4,4,0.81766375753031,2.674296081514342,2.623176500121094,0.2699202439215698,6.013541172527752,0.875664860594953,474.3575707711157,2.22404357087206e-97,meaningfully_different,True,1.0,1.0,9.736367237291766e-07,9.965117151784723e-07,True,827,0.7411282062530518,gaussian4_rho1.50_n800,gaussian4,800,1.5,0.75
True,4,4,0.773765181581966,2.3948502249142916,2.3531214152364743,0.2207688025620649,6.129133281212006,0.8240530597067794,553.4667672978389,2.3386673856912533e-114,meaningfully_different,True,1.0,1.0,8.672512131607011e-07,7.968988471482543e-07,True,828,0.6655030250549316,gaussian4_rho1.50_n800,gaussian4,800,1.5,0.75
True,4,4,0.7807731148168274,2.4384266272830835,2.397213736658814,0.2343057162806399,5.963208063542505,0.8340582029898285,505.9255553427132,3.7656568213231117e-104,meaningfully_different,True,1.0,1.0,9.448550377811004e-07,9.940117625514687e-07,True,829,0.6611740589141846,gaussian4_rho1.50_n800,gaussian4,800,1.5,0.75
True,4,4,0.7695325584045687,2.368721433778724,2.3232672345877723,0.21945131620322494,6.029889715322319,0.8191813791804476,489.64139925201573,1.1734019791648202e-100,meaningfully_different,True,1.0,1.0,8.623772048347114e-07,9.739982313594524e-07,True,830,0.696375846862793,gaussian4_rho1.50_n800,gaussian4,800,1.5,0.75
True,4,4,0.7629824854497252,2.328569092412161,2.285101493159912,0.22257684688242077,5.77374291692965,0.8141264992355126,475.42610820986965,1.3122981312185993e-97,meaningfully_different,True,1.0,1.0,9.663918450231438e-07,7.249091923326316e-07,True,831,0.7001321315765381,gaussian4_rho1.50_n800,gaussian4,800,1.5,0.75
True,4,4,0.8526250249756803,2.9078777328591174,2.860474341691924,0.2927345383651272,6.35549994231073,0.9140541298052004,515.0036094217687,4.2427375641249114e-106,meaningfully_different,True,1.0,1.0,8.253792374440412e-07,9.625335051224608e-07,True,832,0.7057609558105469,gaussian4_rho1.50_n800,gaussian4,800,1.5,0.75
True,4,4,0.8012049422126111,2.567717437703654,2.520953964928779,0.274133027119968,5.548233209649593,0.8619545621513707,435.89924105289816,3.877850593006293e-89,meaningfully_different,True,1.0,1.0,9.762129879920192e-07,9.434505443500447e-07,True,833,0.6854898929595947,gaussian4_rho1.50_n800,gaussian4,800,1.5,0.75
True,4,4,0.7426687315069852,2.2062273790327778,2.163513604760749,0.22263355906122248,5.2261375583579115,0.7952536107845904,420.08705202450653,9.424317081351364e-86,meaningfully_different,True,1.0,1.0,8.801555868052974e-07,9.88386141729113e-07,True,834,0.6804180145263672,gaussian4_rho1.50_n800,gaussian4,800,1.5,0.75
True,4,4,0.8003811770916353,2.562440114570366,2.5143078900400493,0.26423502121421577,5.730912893686402,0.8586232909506722,470.58098757472044,1.4349864610258155e-96,meaningfully_different,True,1.0,1.0,9.69121961479587e-07,8.576384087511998e-07,True,835,0.7406220436096191,gaussian4_rho1.50_n800,gaussian4,800,1.5,0.75
True,4,4,0.7848968427831022,2.4642522152435276,2.4260073647928104,0.22209908351711638,6.420590946215738,0.8353633712131711,518.2497840673427,8.52909709327914e-107,meaningfully_different,True,1.0,1.0,8.525856469021767e-07,7.813861839055608e-07,True,836,0.653162956237793,gaussian4_rho1.50_n800,gaussian4,800,1.5,0.75
True,4,4,0.7840644550745534,2.459028278845425,2.4180349032897004,0.2457664441170054,5.769847500477311,0.8399828465924948,519.2113781914936,5.3027531910668434e-107,meaningfully_different,True,1.0,1.0,8.286923560281051e-07,8.868328530625557e-07,True,837,0.6422848701477051,gaussian4_rho1.50_n800,gaussian4,800,1.5,0.75
True,4,4,0.7832428531489811,2.4538774680358255,2.41589522335329,0.22618705518585042,6.259841979859969,0.8348562483214115,523.8942562623893,5.239388935703536e-108,meaningfully_different,True,1.0,1.0,8.774758691822814e-07,8.168085389846379e-07,True,838,0.6572849750518799,gaussian4_rho1.50_n800,gaussian4,800,1.5,0.75
True,4,4,0.7367764978371051,2.1713584310604386,2.1303480904958905,0.20842919185013245,5.423175518085051,0.7863179386662155,500.74227286696794,4.875427110238536e-103,meaningfully_different,True,1.0,1.0,9.138539115388817e-07,9.831844664743962e-07,True,839,0.6749272346496582,gaussian4_rho1.50_n800,gaussian4,800,1.5,0.75
True,4,4,0.8543876707832557,2.919913167945748,2.8748259591711287,0.27878851236371227,6.7249039182977475,0.9128789973053638,523.9200058569652,5.173125034858772e-108,meaningfully_different,True,1.0,1.0,9.646147471437752e-07,9.615979031910952e-07,True,840,0.7116999626159668,gaussian4_rho1.50_n800,gaussian4,800,1.5,0.75
True,4,4,0.7297760259393302,2.130292192143208,2.095635524603626,0.19796384269258469,5.534523424588314,0.7780194517590442,488.8192632389781,1.7611279733320714e-100,meaningfully_different,True,1.0,1.0,8.104210534386355e-07,8.950631994018046e-07,True,841,0.6020679473876953,gaussian4_rho1.50_n800,gaussian4,800,1.5,0.75
True,4,4,0.7206389547779251,2.0772820125736815,2.0363665119496424,0.22444840511248035,4.617393077176362,0.7754919866063058,389.92538061528614,2.6741292442058303e-79,meaningfully_different,True,1.0,1.0,9.9222436809075e-07,9.218732601721954e-07,True,842,0.6825308799743652,gaussian4_rho1.50_n800,gaussian4,800,1.5,0.75
True,4,4,0.7824603455901169,2.4489767696840206,2.4067757725668435,0.2250817718833542,6.250065302026711,0.8332170097594388,517.5611224515434,1.1987214941131678e-106,meaningfully_different,True,1.0,1.0,9.611987607518541e-07,9.350660425692632e-07,True,843,0.6784110069274902,gaussian4_rho1.50_n800,gaussian4,800,1.5,0.75
True,4,4,0.8122381439718577,2.638923210091393,2.592995938553578,0.24933823192110047,6.388895622945056,0.8664757402355052,507.1870456492184,2.0190326626076892e-104,meaningfully_different,True,1.0,1.0,8.846218461545498e-07,9.10416172088888e-07,True,844,0.7062740325927734,gaussian4_rho1.50_n800,gaussian4,800,1.5,0.75
True,4,4,0.8085805273963704,2.61520987713837,2.5704744963404993,0.24612971292807542,6.3806782109213565,0.8624560637143739,493.5386432530736,1.7118193817119793e-101,meaningfully_different,True,1.0,1.0,8.636604503811824e-07,7.450268092993276e-07,True,845,0.6868400573730469,gaussian4_rho1.50_n800,gaussian4,800,1.5,0.75
True,4,4,0.8683767614747441,3.0163127994774586,2.9674250715960264,0.2800820080516754,7.024460747343095,0.9257590099998589,502.5619282804915,1.9842052155960526e-103,meaningfully_different,True,1.0,1.0,9.63851365768243e-07,9.165852450379477e-07,True,846,0.7290019989013672,gaussian4_rho1.50_n800,gaussian4,800,1.5,0.75
True,4,4,0.8346199174702008,2.7863616265518596,2.747709521819352,0.23735469026165074,7.363282014325245,0.8857374392236916,612.9059610831661,3.9297079291462175e-127,meaningfully_different,True,1.0,1.0,9.151088322106761e-07,7.782580771944347e-07,True,847,0.65755295753479,gaussian4_rho1.50_n800,gaussian4,800,1.5,0.75
True,4,4,0.7666725860665629,2.351147416903965,2.3109848147597787,0.2081272070921889,6.298959338742698,0.8144512886312855,591.0076522841665,2.0057344487674316e-122,meaningfully_different,True,1.0,1.0,8.940614615320791e-07,9.804195455462217e-07,True,848,0.6772849559783936,gaussian4_rho1.50_n800,gaussian4,800,1.5,0.75
True,4,4,0.7503881536830526,2.252329524751442,2.2130563729352213,0.20437272005095497,5.935510241448944,0.7983137827259674,531.1229842799934,1.4701739436478027e-109,meaningfully_different,True,1.0,1.0,8.876248176920083e-07,8.625385435586439e-07,True,849,0.6424911022186279,gaussian4_rho1.50_n800,gaussian4,800,1.5,0.75
True,4,4,0.7596840974722755,2.3084797118090634,2.26676274951987,0.22464575618090918,5.638934699036714,0.8118300524668471,499.1137463735673,1.089972582800451e-102,meaningfully_different,True,1.0,1.0,9.512150642017261e-07,8.06446474108111e-07,True,850,0.6634509563446045,gaussian4_rho1.50_n800,gaussian4,800,1.5,0.75
True,4,4,0.748961970797027,2.243776134800667,2.2006734301125324,0.23576491477509534,5.0926722123090205,0.8044364806012114,407.3029221651864,5.131197454549645e-83,meaningfully_different,True,1.0,1.0,9.73977928845568e-07,9.580692068943856e-07,True,851,0.6759529113769531,gaussian4_rho1.50_n800,gaussian4,800,1.5,0.75
True,4,4,0.7659861698133222,2.346939249381135,2.3017758265585493,0.24041537557044768,5.4146945613180915,0.8211613618894432,408.08130716375035,3.4967923034084904e-83,meaningfully_different,True,1.0,1.0,9.204586464094858e-07,9.214508248624138e-07,True,852,0.6937508583068848,gaussian4_rho1.50_n800,gaussian4,800,1.5,0.75
True,4,4,0.7340620265284847,2.1553882351644233,2.115986532586644,0.21155542313076897,5.275149727061443,0.7848509791075855,469.77321732023995,2.1380806156041146e-96,meaningfully_different,True,1.0,1.0,8.08110711781026e-07,9.930421585391675e-07,True,853,0.6462759971618652,gaussian4_rho1.50_n800,gaussian4,800,1.5,0.75
True,4,4,0.8410747432805482,2.8296268951377606,2.7853158015542236,0.25807007936177817,6.91794959713815,0.8957961971899773,514.8259072961698,4.632184092102278e-106,meaningfully_different,True,1.0,1.0,8.226794264779049e-07,9.73389343133279e-07,True,854,0.6839392185211182,gaussian4_rho1.50_n800,gaussian4,800,1.5,0.75
True,4,4,0.7648499442982271,2.339981749172004,2.2951474006644608,0.23929861894422916,5.412264418317881,0.8198717280708236,443.14484472797386,1.0879496850670156e-90,meaningfully_different,True,1.0,1.0,8.767870333598739e-07,9.847619057359275e-07,True,855,0.6998639106750488,gaussian4_rho1.50_n800,gaussian4,800,1.5,0.75
True,4,4,0.7367676618445664,2.1713063501596377,2.1315889185781853,0.2282390134668023,4.957911889777672,0.7916768102721717,417.45037514529236,3.456471987289155e-85,meaningfully_different,True,1.0,1.0,7.48332580925788e-07,9.835459460020047e-07,True,856,0.6475379467010498,gaussian4_rho1.50_n800,gaussian4,800,1.5,0.75
True,4,4,0.7949881041310227,2.528024342839351,2.489915938391349,0.21292127726785104,6.9974967157324635,0.8426357863217824,591.4982528481271,1.573324449834139e-122,meaningfully_different,True,1.0,1.0,9.75618211257353e-07,6.829826957474905e-07,True,857,0.6476819515228271,gaussian4_rho1.50_n800,gaussian4,800,1.5,0.75
True,4,4,0.7812836493852788,2.441616563187117,2.400746334132649,0.22579050654240193,6.203743264421076,0.832487037098796,539.960634827852,1.8608771456157108e-111,meaningfully_different,True,1.0,1.0,9.357776895148207e-07,8.231789831361639e-07,True,858,0.6715199947357178,gaussian4_rho1.50_n800,gaussian4,800,1.5,0.75
True,4,4,0.778411480470273,2.4236977317116883,2.3845961294561615,0.21712193838024108,6.377043885041904,0.8279084999702012,551.291961323918,6.856627374730264e-114,meaningfully_different,True,1.0,1.0,8.422364037829659e-07,9.319958659217155e-07,True,859,0.6591141223907471,gaussian4_rho1.50_n800,gaussian4,800,1.5,0.75
True,4,4,0.8341231338742042,2.783045609856494,2.7423672320306265,0.2376924163217535,7.330344228029819,0.8850616454683146,629.6312995836163,9.941759652518266e-131,meaningfully_different,True,1.0,1.0,7.853524852738331e-07,8.4560127409458e-07,True,860,0.6528599262237549,gaussian4_rho1.50_n800,gaussian4,800,1.5,0.75
True,4,4,0.8529751410096851,2.9102663647219686,2.866926437432307,0.2589896174772397,7.2084991499567534,0.907321118607205,539.6778260926551,2.1401726136344714e-111,meaningfully_different,True,1.0,1.0,9.249504831862351e-07,7.458896403658665e-07,True,861,0.6973869800567627,gaussian4_rho1.50_n800,gaussian4,800,1.5,0.75
True,4,4,0.8229959027807866,2.7092890239758476,2.664438985991784,0.23635641174065017,7.042072494390989,0.8736719474574864,608.2133222312832,4.012111660229018e-126,meaningfully_different,True,1.0,1.0,9.71979066375289e-07,9.412188207557541e-07,True,862,0.6968228816986084,gaussian4_rho1.50_n800,gaussian4,800,1.5,0.75
True,4,4,0.8129298264109008,2.6434196106738295,2.5995830915437392,0.24407392753151771,6.55368276210978,0.8661767972660441,609.6413454904869,1.9784591385476817e-126,meaningfully_different,True,1.0,1.0,7.135360380152916e-07,9.806380330151358e-07,True,863,0.679102897644043,gaussian4_rho1.50_n800,gaussian4,800,1.5,0.75
True,4,4,0.8097223823378569,2.622601345835578,2.5733759425339993,0.26249602344109585,5.993903914841838,0.8667674830586668,497.7490879550132,2.1389201895185963e-102,meaningfully_different,True,1.0,1.0,9.251507243133428e-07,9.85520936081347e-07,True,864,0.6949472427368164,gaussian4_rho1.50_n800,gaussian4,800,1.5,0.75
True,4,4,0.7514497544869332,2.2587069340738886,2.213468207079665,0.23591607471833664,5.143643596683444,0.8064607272267317,481.28789134260546,7.262082365693692e-99,meaningfully_different,True,1.0,1.0,9.675215769782635e-07,9.913589298516911e-07,True,865,0.7040557861328125,gaussian4_rho1.50_n800,gaussian4,800,1.5,0.75
True,4,4,0.7636779418090963,2.3328159952231102,2.2833820659272424,0.23353654289445008,5.495422900506341,0.8166265204383345,563.6783694449707,1.4972044017104116e-116,meaningfully_different,True,1.0,1.0,8.575656454270025e-07,8.950588136759982e-07,True,866,0.7384099960327148,gaussian4_rho1.50_n800,gaussian4,800,1.5,0.75
True,4,4,0.7782946447719286,2.42297021632265,2.3828692293796223,0.22626431638242442,6.1117424589493945,0.8299157955526194,507.66608734859716,1.5934773556558977e-104,meaningfully_different,True,1.0,1.0,9.423156413233012e-07,9.013779468527553e-07,True,867,0.6616792678833008,gaussian4_rho1.50_n800,gaussian4,800,1.5,0.75
True,4,4,0.7834794483862966,2.4553601841747823,2.4084859943239736,0.24047674742308797,5.857056906404025,0.8372626595818562,510.9706477004689,3.1130766189793182e-105,meaningfully_different,True,1.0,1.0,9.835989642047457e-07,9.486720859668166e-07,True,868,0.6889209747314453,gaussian4_rho1.50_n800,gaussian4,800,1.5,0.75
True,4,4,0.8107030583345881,2.628957795172218,2.5821057069187625,0.2682131169625358,5.898688792091224,0.8693786610491641,452.98249055174244,8.489263997524348e-93,meaningfully_different,True,1.0,1.0,9.695574464958355e-07,9.636811450895078e-07,True,869,0.7080318927764893,gaussian4_rho1.50_n800,gaussian4,800,1.5,0.75
True,4,4,0.8160135636630323,2.6635125443281673,2.6219020628962713,0.24611690947660952,6.589965989518545,0.8698747545053482,554.6870521144438,1.2789277827999035e-114,meaningfully_different,True,1.0,1.0,9.369925744605602e-07,9.778621258154066e-07,True,870,0.6877179145812988,gaussian4_rho1.50_n800,gaussian4,800,1.5,0.75
True,4,4,0.7511172888402191,2.2567087263787244,2.209335613451912,0.24265558766929993,4.983753413912891,0.8075376983351615,449.65814310212727,4.377123220664023e-92,meaningfully_different,True,1.0,1.0,8.282808484361531e-07,8.488288223399397e-07,True,871,0.7098269462585449,gaussian4_rho1.50_n800,gaussian4,800,1.5,0.75
True,4,4,0.8238046673527017,2.7146165198083825,2.6682974563222004,0.26545231462005475,6.284735014309653,0.8810402457901201,524.3916422678875,4.0973803192750624e-108,meaningfully_different,True,1.0,1.0,9.794599868911054e-07,9.743950364777178e-07,True,872,0.6869637966156006,gaussian4_rho1.50_n800,gaussian4,800,1.5,0.75
True,4,4,0.8246193149243909,2.7199880581854874,2.6755308015959995,0.2558295317901272,6.54940338541737,0.8798200007447954,510.26269746299437,4.41692429363232e-105,meaningfully_different,True,1.0,1.0,7.703833918751809e-07,8.354934811135739e-07,True,873,0.7016870975494385,gaussian4_rho1.50_n800,gaussian4,800,1.5,0.75
True,4,4,0.7828564085571849,2.4514566256762156,2.4063579076737254,0.23211550039661438,6.058871145057913,0.8348883054595915,545.7946116283257,1.039526101281126e-112,meaningfully_different,True,1.0,1.0,8.002876323869135e-07,7.997779467323987e-07,True,874,0.7098009586334229,gaussian4_rho1.50_n800,gaussian4,800,1.5,0.75
True,4,4,0.7861774685446283,2.4723000481889605,2.4232668958317563,0.25621372167494744,5.554998719535493,0.8433120663792747,454.72129922614005,3.5996650076285675e-93,meaningfully_different,True,1.0,1.0,9.975326975177276e-07,9.427751505359868e-07,True,875,0.7143139839172363,gaussian4_rho1.50_n800,gaussian4,800,1.5,0.75
True,4,4,0.7378650153490394,2.1777791235041524,2.138194124080441,0.21192042047195184,5.370856293818479,0.7884751417005504,464.3163558431721,3.1608882505345605e-95,meaningfully_different,True,1.0,1.0,7.472416358404149e-07,8.340233274113386e-07,True,876,0.6497769355773926,gaussian4_rho1.50_n800,gaussian4,800,1.5,0.75
True,4,4,0.7718737907258924,2.3831565952382348,2.3373543608866236,0.24428116760946167,5.4746519102311035,0.827520562497541,456.32974535465786,1.627693413446351e-93,meaningfully_different,True,1.0,1.0,9.620933027169671e-07,7.763514052886536e-07,True,877,0.6942830085754395,gaussian4_rho1.50_n800,gaussian4,800,1.5,0.75
True,4,4,0.8053132051614984,2.5941174336299424,2.5513518808147233,0.2495682888834947,6.216141833383875,0.8605020607117703,490.8377838004853,6.49862919647285e-101,meaningfully_different,True,1.0,1.0,7.408488811492007e-07,7.770991282709233e-07,True,878,0.699822187423706,gaussian4_rho1.50_n800,gaussian4,800,1.5,0.75
True,4,4,0.7839175335155585,2.458106797412467,2.415936813335963,0.21835617926300036,6.484528251570704,0.8329316848883789,582.5137307959077,1.3424828456718764e-120,meaningfully_different,True,1.0,1.0,8.355621953997795e-07,9.217402939276033e-07,True,879,0.671220064163208,gaussian4_rho1.50_n800,gaussian4,800,1.5,0.75
True,4,4,0.7689491935028128,2.3651314487545045,2.3271243753419912,0.21607029792153826,6.142095364833119,0.8189213009433077,562.8343925289071,2.2730190957371448e-116,meaningfully_different,True,1.0,1.0,9.491920043162779e-07,9.235068301991774e-07,True,880,0.6674199104309082,gaussian4_rho1.50_n800,gaussian4,800,1.5,0.75
True,4,4,0.877609872608888,3.0807963540023544,3.027039102228022,0.31270230003508115,6.482328726077852,0.9409288781035462,467.6948558206766,5.96461360066984e-96,meaningfully_different,True,1.0,1.0,9.677578743383574e-07,9.846651194649462e-07,True,881,0.7521810531616211,gaussian4_rho1.50_n800,gaussian4,800,1.5,0.75
True,4,4,0.7104755289008332,2.019101908667675,1.9722027025972968,0.21897075375465436,4.439874667859073,0.7636061715810935,375.1525293389335,3.846005672549552e-76,meaningfully_different,True,1.0,1.0,9.904004974900103e-07,9.622633372926388e-07,True,882,0.7166869640350342,gaussian4_rho1.50_n800,gaussian4,800,1.5,0.75
True,4,4,0.7691629710667984,2.366446704241218,2.3254766011660126,0.21732165244637278,6.099146524265882,0.8189839603752195,557.6863106028335,2.901120907545609e-115,meaningfully_different,True,1.0,1.0,9.596184877816366e-07,9.571934356821018e-07,True,883,0.6711690425872803,gaussian4_rho1.50_n800,gaussian4,800,1.5,0.75
True,4,4,0.7575026744891318,2.29524120743275,2.248337381488687,0.22552460394079799,5.53526027615322,0.8092113976346822,546.9287337270557,5.932783052086093e-113,meaningfully_different,True,1.0,1.0,7.770617748554645e-07,9.80967462228839e-07,True,884,0.713158130645752,gaussian4_rho1.50_n800,gaussian4,800,1.5,0.75
True,4,4,0.8280025302354158,2.7423527603050024,2.7010209066817104,0.2408711707364647,7.061953082557913,0.8799458400230709,557.8777504846421,2.6390082537229135e-115,meaningfully_different,True,1.0,1.0,7.633964218757032e-07,9.605462881622224e-07,True,885,0.6787519454956055,gaussian4_rho1.50_n800,gaussian4,800,1.5,0.75
True,4,4,0.7593782641076104,2.306621391996351,2.259680365980742,0.24586450257640133,5.123473916651721,0.8161022431016465,485.76552595412835,7.957384126460386e-100,meaningfully_different,True,1.0,1.0,9.268329245267555e-07,9.139515541692181e-07,True,886,0.7085170745849609,gaussian4_rho1.50_n800,gaussian4,800,1.5,0.75
True,4,4,0.7850312561326833,2.465096292421035,2.4280940290447393,0.20968099546331553,6.8107938246343815,0.8326146429974927,579.9742461733663,4.7171328171018294e-120,meaningfully_different,True,1.0,1.0,8.93986733801429e-07,8.141566988893535e-07,True,887,0.6245341300964355,gaussian4_rho1.50_n800,gaussian4,800,1.5,0.75
True,4,4,0.7379684215953002,2.1783895650874348,2.133038187619286,0.23161076286520274,4.891992814162583,0.7927805482854495,403.8927224618476,2.75317596397118e-82,meaningfully_different,True,1.0,1.0,9.95838579947194e-07,9.004490803458259e-07,True,888,0.6944680213928223,gaussian4_rho1.50_n800,gaussian4,800,1.5,0.75
True,4,4,0.7854268149397159,2.467581126505387,2.4205352947807466,0.2533978618357595,5.605948228961262,0.8422199366678284,486.74457749078533,4.90664282172855e-100,meaningfully_different,True,1.0,1.0,8.199892791246326e-07,9.854194368931356e-07,True,889,0.7123892307281494,gaussian4_rho1.50_n800,gaussian4,800,1.5,0.75
True,4,4,0.8051031136514655,2.592764094445138,2.548235762202537,0.247101104901855,6.265596274114088,0.8594592647159127,497.035186772951,3.0433632158195016e-102,meaningfully_different,True,1.0,1.0,8.779172850263129e-07,9.986855870468367e-07,True,890,0.6782810688018799,gaussian4_rho1.50_n800,gaussian4,800,1.5,0.75
True,4,4,0.7888782883990159,2.489315815629443,2.4473758852497145,0.23615241798211392,6.12899032589765,0.841993474808587,502.03531680311687,2.573820935595066e-103,meaningfully_different,True,1.0,1.0,8.926930874921732e-07,9.357606013440943e-07,True,891,0.6833579540252686,gaussian4_rho1.50_n800,gaussian4,800,1.5,0.75
True,4,4,0.71492028003177,2.0444440272028177,2.0011030999526533,0.20784531396218958,4.816577679181019,0.7653395028463231,404.52490146815603,2.0164414184188842e-82,meaningfully_different,True,1.0,1.0,8.757286571392411e-07,7.006008616675745e-07,True,892,0.6931781768798828,gaussian4_rho1.50_n800,gaussian4,800,1.5,0.75
True,4,4,0.7828381335416078,2.4513421733076326,2.404267348585014,0.25965421913053954,5.408220799520409,0.8413323559502414,431.1401640848244,4.0529841134913014e-88,meaningfully_different,True,1.0,1.0,7.80964279866139e-07,9.497430142439198e-07,True,893,0.7342941761016846,gaussian4_rho1.50_n800,gaussian4,800,1.5,0.75
True,4,4,0.8480110028067291,2.8764906435250976,2.826075299208852,0.2723348149200521,6.705258377431189,0.9047135191975493,511.45202861134106,2.454038160556809e-105,meaningfully_different,True,1.0,1.0,7.601704091847448e-07,7.738913246022103e-07,True,894,0.7176806926727295,gaussian4_rho1.50_n800,gaussian4,800,1.5,0.75
True,4,4,0.7838786132426876,2.457862721197116,2.412255300896008,0.24623159587249452,5.735475562719062,0.8392362948593397,475.18146856702606,1.4807698769400066e-97,meaningfully_different,True,1.0,1.0,9.542751184909147e-07,7.908483064798593e-07,True,895,0.7073681354522705,gaussian4_rho1.50_n800,gaussian4,800,1.5,0.75
True,4,4,0.7786744752400101,2.4253357535612206,2.3849720148535787,0.22111687927328158,6.263529131766877,0.8289567111294815,542.8498261448218,4.45928071352871e-112,meaningfully_different,True,1.0,1.0,9.453831004334923e-07,9.329917235264969e-07,True,896,0.6588931083679199,gaussian4_rho1.50_n800,gaussian4,800,1.5,0.75
True,4,4,0.8164223312641563,2.666181691947199,2.620874095332243,0.23926999267691826,6.774247272707024,0.8681068785880464,557.8399116237331,2.68886685524482e-115,meaningfully_different,True,1.0,1.0,9.753491248235887e-07,6.700699570857556e-07,True,897,0.6998488903045654,gaussian4_rho1.50_n800,gaussian4,800,1.5,0.75
True,4,4,0.7391005677975712,2.185078597274768,2.143899682495438,0.20565852345635577,5.562131164178046,0.7877464456784475,504.418772062234,7.92800447676674e-104,meaningfully_different,True,1.0,1.0,9.613126470023343e-07,9.78884224785149e-07,True,898,0.6633100509643555,gaussian4_rho1.50_n800,gaussian4,800,1.5,0.75
True,4,4,0.8030770590859552,2.5797310513205867,2.5372369084634205,0.24324076125087282,6.319816220596146,0.8569323714315727,531.7942739087093,1.054968511643037e-109,meaningfully_different,True,1.0,1.0,9.160820194182042e-07,8.589166141059973e-07,True,899,0.6904029846191406,gaussian4_rho1.50_n800,gaussian4,800,1.5,0.75
True,4,4,0.6829260719043637,1.8655520787468967,1.816783996727633,0.22713625140911398,3.5960089666904618,0.7399982911585127,355.0937593565415,7.404852990794706e-72,meaningfully_different,True,1.0,1.0,9.865437517597375e-07,9.01841436310323e-07,True,900,0.7088468074798584,gaussian4_rho1.50_n800,gaussian4,800,1.5,0.75
True,4,4,0.8252215542385465,2.7239624543195293,2.670218934696896,0.2744774815484986,6.085085469577139,0.8834158442854715,487.4436574120936,3.474108396591269e-100,meaningfully_different,True,1.0,0.9970149253731343,8.813035207707307e-07,9.60764106514057e-07,True,901,0.7722742557525635,gaussian4_rho1.50_n800,gaussian4,800,1.5,0.75
True,4,4,0.7353845733533675,2.163161882904457,2.119624407903161,0.2193617863571437,5.104008435089494,0.787471021340986,475.29589187202544,1.3994366255284403e-97,meaningfully_different,True,1.0,1.0,9.323665504752189e-07,9.847213001830866e-07,True,902,0.685258150100708,gaussian4_rho1.50_n800,gaussian4,800,1.5,0.75
True,4,4,0.7659615096018744,2.346788136766329,2.305877202943454,0.20912616991155844,6.244446610846087,0.813919397424117,622.1840549989327,3.973372403344044e-129,meaningfully_different,True,1.0,1.0,9.259995058803188e-07,8.550822701421488e-07,True,903,0.6845788955688477,gaussian4_rho1.50_n800,gaussian4,800,1.5,0.75
True,4,4,0.695030367008219,1.932268844254318,1.880672718677818,0.20880478650660214,4.217684534017961,0.745675202264369,381.32188216479113,1.8471006531955856e-77,meaningfully_different,True,1.0,1.0,9.991702931319036e-07,9.821702144809125e-07,True,904,0.7428240776062012,gaussian4_rho1.50_n800,gaussian4,800,1.5,0.75
True,4,4,0.7607962752296431,2.3152438896131957,2.262412994527543,0.2597063401218866,4.860924819683113,0.8199987667703105,405.23739198470196,1.4195530644253857e-82,meaningfully_different,True,1.0,1.0,9.758992694709713e-07,8.137636124993962e-07,True,905,0.7468979358673096,gaussian4_rho1.50_n800,gaussian4,800,1.5,0.75
True,4,4,0.8264188165190338,2.731872241186882,2.6864270359435762,0.2547721768166629,6.619353247341247,0.8811200223333349,518.6527010833977,6.989069539124006e-107,meaningfully_different,True,1.0,1.0,9.551460555921057e-07,9.75336530885487e-07,True,906,0.7008068561553955,gaussian4_rho1.50_n800,gaussian4,800,1.5,0.75
True,4,4,0.7453863993000235,2.222403537045816,2.181084842519607,0.22038280644988303,5.359242227402146,0.7974306084272226,479.2726955200949,1.964316651750107e-98,meaningfully_different,True,1.0,1.0,9.708486641795854e-07,7.718264867749331e-07,True,907,0.6936860084533691,gaussian4_rho1.50_n800,gaussian4,800,1.5,0.75
True,4,4,0.7529136584972298,2.267515908606733,2.2261091101604786,0.2213433192293992,5.539399673001853,0.8047028134032517,467.00980421992546,8.36445793877602e-96,meaningfully_different,True,1.0,1.0,8.591168904192921e-07,9.949133988494033e-07,True,908,0.6744141578674316,gaussian4_rho1.50_n800,gaussian4,800,1.5,0.75
True,4,4,0.7525003400500873,2.265027047101988,2.2241291551479816,0.22022544305700817,5.558527380649202,0.8041094101406998,456.1585882678107,1.771137501218731e-93,meaningfully_different,True,1.0,1.0,8.663101352406664e-07,8.644432484141996e-07,True,909,0.6549599170684814,gaussian4_rho1.50_n800,gaussian4,800,1.5,0.75
True,4,4,0.7862979846891252,2.473058082904719,2.4291702510827395,0.2496955186694224,5.723651985019606,0.8425975953264506,500.50229536522977,5.489099169789886e-103,meaningfully_different,True,1.0,1.0,9.918251178003395e-07,9.648469429808742e-07,True,910,0.6773099899291992,gaussian4_rho1.50_n800,gaussian4,800,1.5,0.75
True,4,4,0.7562578253949406,2.2877035938843377,2.2466605621432842,0.22717810607251074,5.4875911402544,0.8093724874680106,470.2312250666225,1.7054271249458305e-96,meaningfully_different,True,1.0,1.0,9.177837203661348e-07,8.941711895052458e-07,True,911,0.6770930290222168,gaussian4_rho1.50_n800,gaussian4,800,1.5,0.75
True,4,4,0.822046973497708,2.7030449065469657,2.655771215226329,0.2921305587171881,5.6679151352641695,0.8854777275961908,412.5378033461727,3.8907724046059897e-84,meaningfully_different,True,1.0,1.0,8.130733412456289e-07,9.270983432821328e-07,True,912,0.7011182308197021,gaussian4_rho1.50_n800,gaussian4,800,1.5,0.75
True,4,4,0.7850720319861069,2.465352381627179,2.428143899798741,0.21416340771925818,6.668477659222071,0.8337282767403973,568.878959650621,1.1426425119741372e-117,meaningfully_different,True,1.0,1.0,9.908806203330336e-07,7.470892004954805e-07,True,913,0.657710075378418,gaussian4_rho1.50_n800,gaussian4,800,1.5,0.75
True,4,4,0.8259919534083456,2.7290508283813386,2.684161325755562,0.2705954517376355,6.223908476438454,0.8844844877077811,582.7833747733703,1.1747817305191217e-120,meaningfully_different,True,1.0,1.0,9.556990940540902e-07,9.674374348035229e-07,True,914,0.6990830898284912,gaussian4_rho1.50_n800,gaussian4,800,1.5,0.75
True,4,4,0.7793316118551953,2.429431044947267,2.380953178013759,0.2518177011916466,5.48394005456662,0.8359360677033593,548.3317864937892,2.964252820562722e-113,meaningfully_different,True,1.0,1.0,9.902859503507317e-07,9.491982895374621e-07,True,915,0.7214007377624512,gaussian4_rho1.50_n800,gaussian4,800,1.5,0.75
True,4,4,0.7595749394177386,2.307816354365845,2.2693239533566305,0.2095351322961746,6.057809683019939,0.808390155755213,533.4843264449418,4.5747534652120215e-110,meaningfully_different,True,1.0,1.0,9.655340723557556e-07,8.883046188328484e-07,True,916,0.661862850189209,gaussian4_rho1.50_n800,gaussian4,800,1.5,0.75
True,4,4,0.7771689360706425,2.415966220772698,2.3746034681854407,0.21715177754979184,6.33015066095994,0.8264058260151569,571.397539741848,3.286569981379421e-118,meaningfully_different,True,1.0,1.0,8.757197730391421e-07,9.223650455897817e-07,True,917,0.6915881633758545,gaussian4_rho1.50_n800,gaussian4,800,1.5,0.75
True,4,4,0.7623193375625376,2.324523089687144,2.2852761507469994,0.21539559792264645,5.9670492950769205,0.8123377347537546,493.1614366553844,2.0624109431506936e-101,meaningfully_different,True,1.0,1.0,7.8529345991645e-07,9.457651090995901e-07,True,918,0.6503150463104248,gaussian4_rho1.50_n800,gaussian4,800,1.5,0.75
True,4,4,0.7813309662970895,2.4419123155789744,2.400964872441867,0.23196911276638743,6.039445750920974,0.8340443796520024,524.8481247767024,3.269728458526054e-108,meaningfully_different,True,1.0,1.0,9.418009220900302e-07,9.93614661999639e-07,True,919,0.6976537704467773,gaussian4_rho1.50_n800,gaussian4,800,1.5,0.75
True,4,4,0.7989909157477099,2.553545933789456,2.508121646135572,0.22188710623653835,6.7967971267689125,0.8475100969313741,555.4473493980396,8.780671343683168e-115,meaningfully_different,True,1.0,1.0,8.274648001332432e-07,9.116466074876725e-07,True,920,0.7118899822235107,gaussian4_rho1.50_n800,gaussian4,800,1.5,0.75
True,4,4,0.7670631028092139,2.3535432147651942,2.3184286455669145,0.21103736906480378,6.2473705553164915,0.8163262563913177,562.2013319615899,3.1089189448607834e-116,meaningfully_different,True,1.0,1.0,9.192614853021546e-07,9.985068401435872e-07,True,921,0.6376769542694092,gaussian4_rho1.50_n800,gaussian4,800,1.5,0.75
True,4,4,0.7462845237735332,2.2277623616955564,2.185741590584852,0.21346242807872334,5.554802319345676,0.796375545774104,473.3964209915469,3.5745626665363113e-97,meaningfully_different,True,1.0,1.0,9.249306500511153e-07,7.467226103332669e-07,True,922,0.6752791404724121,gaussian4_rho1.50_n800,gaussian4,800,1.5,0.75
True,4,4,0.777906287060923,2.420552765795645,2.3836984304990723,0.21187137618525664,6.53084175603405,0.8264677598165265,602.293189608079,7.51989535954769e-125,meaningfully_different,True,1.0,1.0,9.191659545480909e-07,9.163970340507489e-07,True,923,0.653026819229126,gaussian4_rho1.50_n800,gaussian4,800,1.5,0.75
True,4,4,0.7827079990318478,2.4505272469937562,2.4091019122704824,0.24385699203479924,5.778394543919408,0.8381841936705199,474.3411077463159,2.2421938884047015e-97,meaningfully_different,True,1.0,1.0,7.669301962828591e-07,8.934633575146886e-07,True,924,0.6634349822998047,gaussian4_rho1.50_n800,gaussian4,800,1.5,0.75
True,4,4,0.8296278424926583,2.7531294281560923,2.7113337619417903,0.24413946762868924,7.009656318840472,0.8821716741588398,579.2310750326462,6.813823563293338e-120,meaningfully_different,True,1.0,1.0,7.867038329470296e-07,8.075179686010722e-07,True,925,0.6850566864013672,gaussian4_rho1.50_n800,gaussian4,800,1.5,0.75
True,4,4,0.7354396535402382,2.1634859359975422,2.116170735497188,0.21684229393673063,5.1473848354641545,0.786264041075817,460.0373964761617,2.611940319292222e-94,meaningfully_different,True,1.0,1.0,9.559985825891588e-07,9.8087507176754e-07,True,926,0.7189838886260986,gaussian4_rho1.50_n800,gaussian4,800,1.5,0.75
True,4,4,0.8001777589313736,2.5611377835537414,2.5138007032173904,0.24673152832865913,6.135416553659611,0.854347404817277,501.54621826382885,3.277327788766708e-103,meaningfully_different,True,1.0,1.0,7.492089285019492e-07,9.578862911065124e-07,True,927,0.719080924987793,gaussian4_rho1.50_n800,gaussian4,800,1.5,0.75
True,4,4,0.7623520578532714,2.324722640452471,2.283901966750008,0.21337365522441526,6.017153173852071,0.8116141936662056,569.3513613796217,9.044973695062172e-118,meaningfully_different,True,1.0,1.0,8.897735189697163e-07,8.982633161276564e-07,True,928,0.6800251007080078,gaussian4_rho1.50_n800,gaussian4,800,1.5,0.75
True,4,4,0.7556563957624506,2.2840663538267894,2.2471417910289504,0.21320587736252314,5.849471911641448,0.8058899198550735,558.7498512967691,1.7143294496643376e-115,meaningfully_different,True,1.0,1.0,8.794916820505886e-07,6.878239603009296e-07,True,929,0.664027214050293,gaussian4_rho1.50_n800,gaussian4,800,1.5,0.75
True,4,4,0.7518082609975191,2.260862645216455,2.2199946882050074,0.219047785189786,5.569536743537431,0.8031650254073123,507.33670700194955,1.875113985889039e-104,meaningfully_different,True,1.0,1.0,9.137053685422042e-07,9.76814986551108e-07,True,930,0.6668949127197266,gaussian4_rho1.50_n800,gaussian4,800,1.5,0.75
True,4,4,0.7361056738641873,2.1674062523801974,2.118970225802341,0.2476444830360427,4.518454084194088,0.7947183702291488,394.3531628530592,3.022301297425904e-80,meaningfully_different,True,1.0,1.0,8.795574723485531e-07,8.414372534871297e-07,True,931,0.7309210300445557,gaussian4_rho1.50_n800,gaussian4,800,1.5,0.75
True,4,4,0.7787101793349157,2.4255581735992666,2.3841443615912796,0.2109332678707504,6.562001222298494,0.8263018081024043,546.6552420501257,6.791991802574848e-113,meaningfully_different,True,1.0,1.0,9.841760235317338e-07,9.645714432693341e-07,True,932,0.6879639625549316,gaussian4_rho1.50_n800,gaussian4,800,1.5,0.75
True,4,4,0.790046835868933,2.4966960114660512,2.4513051506601347,0.23993715765946563,6.0486886017042885,0.8434996524416495,504.0826156968126,9.360395761205913e-104,meaningfully_different,True,1.0,1.0,8.544515947746269e-07,9.656001091675708e-07,True,933,0.7194762229919434,gaussian4_rho1.50_n800,gaussian4,800,1.5,0.75
True,4,4,0.8328335744591203,2.77444705098542,2.733775207053526,0.24066681619470479,7.204047630940791,0.8845389890443283,665.6340463676315,1.7856208673364738e-138,meaningfully_different,True,1.0,1.0,7.490657443020877e-07,7.397875169358978e-07,True,934,0.6702389717102051,gaussian4_rho1.50_n800,gaussian4,800,1.5,0.75
True,4,4,0.8314638783499838,2.765328724003187,2.727483286647118,0.23193854351189774,7.448021620255209,0.8816161638111714,601.3827510026151,1.1801756364999076e-124,meaningfully_different,True,1.0,1.0,9.773044368599529e-07,9.906195401736558e-07,True,935,0.6568789482116699,gaussian4_rho1.50_n800,gaussian4,800,1.5,0.75
True,4,4,0.787101418050766,2.478114569190107,2.435464079885568,0.22333275493502702,6.427467750098635,0.8370803085513229,551.9916244257117,4.8509534610026905e-114,meaningfully_different,True,1.0,1.0,9.802443658146001e-07,8.945943843387657e-07,True,936,0.6845500469207764,gaussian4_rho1.50_n800,gaussian4,800,1.5,0.75
True,4,4,0.8352489487884815,2.7905632258090542,2.746179489720949,0.24951517660940034,6.998289697041068,0.8883405080466552,562.3923539627348,2.8285934484490355e-116,meaningfully_different,True,1.0,1.0,8.851317776559127e-07,9.117151431056925e-07,True,937,0.7143747806549072,gaussian4_rho1.50_n800,gaussian4,800,1.5,0.75
True,4,4,0.7846916981390814,2.462964244513581,2.4137259080620352,0.265094390071681,5.332915221931956,0.8440627016187732,428.8843307912898,1.232593585887557e-87,meaningfully_different,True,1.0,1.0,9.199792421030372e-07,8.568011033261746e-07,True,938,0.7151978015899658,gaussian4_rho1.50_n800,gaussian4,800,1.5,0.75
True,4,4,0.754754997546431,2.2786204252852524,2.2320521795416988,0.23074777194616233,5.339389278389908,0.8080220431922502,451.83639714013424,1.4943595623736638e-92,meaningfully_different,True,1.0,1.0,9.962522972598656e-07,9.881322419549774e-07,True,939,0.7089638710021973,gaussian4_rho1.50_n800,gaussian4,800,1.5,0.75
True,4,4,0.7778217580568924,2.4200267492268592,2.3775783416861063,0.22175000969231906,6.212303411384349,0.8279982864422246,516.6543650474491,1.8764733541535393e-106,meaningfully_different,True,1.0,1.0,8.822864079328584e-07,6.686288629517033e-07,True,940,0.673349142074585,gaussian4_rho1.50_n800,gaussian4,800,1.5,0.75
True,4,4,0.7503128571382507,2.2518775343478596,2.2120370549941084,0.2053468626523739,5.9023889595329875,0.7984050643017884,524.0251402779894,4.911156190286718e-108,meaningfully_different,True,1.0,1.0,7.276944967756365e-07,8.656762904093747e-07,True,941,0.6859679222106934,gaussian4_rho1.50_n800,gaussian4,800,1.5,0.75
True,4,4,0.8101612907964698,2.6254452684200085,2.5845807723077328,0.22083017823068182,7.175562620125501,0.8584599716805102,613.9692567446515,2.3212371214595273e-127,meaningfully_different,True,1.0,1.0,9.96470227768395e-07,8.921655317369889e-07,True,942,0.6706318855285645,gaussian4_rho1.50_n800,gaussian4,800,1.5,0.75
True,4,4,0.7305394258420775,2.134751410838689,2.0912739137279117,0.2039365254850155,5.3510469060535915,0.7788965989365695,480.24525578684285,1.2152142420028664e-98,meaningfully_different,True,1.0,1.0,9.98803575864318e-07,9.596977631893554e-07,True,943,0.6863107681274414,gaussian4_rho1.50_n800,gaussian4,800,1.5,0.75
True,4,4,0.7758137614427032,2.4075479697755027,2.368124119794822,0.2159999114236553,6.33391055939568,0.8251382244086772,547.9758810295402,3.5347303794512877e-113,meaningfully_different,True,1.0,1.0,8.722928916112732e-07,9.808449914753452e-07,True,944,0.6659591197967529,gaussian4_rho1.50_n800,gaussian4,800,1.5,0.75
True,4,4,0.7254883816056177,2.1053335673789535,2.064269079860029,0.1969215214197175,5.404534111798028,0.7726862491645708,528.2823748944429,5.987406827299528e-109,meaningfully_different,True,1.0,1.0,9.352098411608795e-07,9.250694856673532e-07,True,945,0.6817388534545898,gaussian4_rho1.50_n800,gaussian4,800,1.5,0.75
True,4,4,0.8052811861682245,2.5939111551860106,2.545891840144885,0.2414370766526706,6.402876731185708,0.8577616935019876,498.9314321971388,1.1926980542589144e-102,meaningfully_different,True,1.0,1.0,8.45342166814391e-07,8.311340019692174e-07,True,946,0.7049620151519775,gaussian4_rho1.50_n800,gaussian4,800,1.5,0.75
True,4,4,0.8014629128706964,2.569371202828726,2.5231964311283166,0.25501555203113857,5.9729550570403145,0.8577091125223876,500.7857583000224,4.771804171427587e-103,meaningfully_different,True,1.0,1.0,8.347266764784465e-07,8.632498501837826e-07,True,947,0.7156708240509033,gaussian4_rho1.50_n800,gaussian4,800,1.5,0.75
True,4,4,0.8061541702895211,2.599538185100745,2.5506228044277712,0.2693827573502189,5.756206594959747,0.8651182014461184,473.0929824913656,4.1522347731921025e-97,meaningfully_different,True,1.0,1.0,9.425811242901077e-07,8.471738576268562e-07,True,948,0.7237749099731445,gaussian4_rho1.50_n800,gaussian4,800,1.5,0.75
True,4,4,0.7812697665459257,2.441529792474901,2.3931988086198954,0.253323518818928,5.4996820473496335,0.8381346725528838,471.8456570915822,7.686173073255055e-97,meaningfully_different,True,1.0,1.0,9.378982461480928e-07,9.139506382675147e-07,True,949,0.7342138290405273,gaussian4_rho1.50_n800,gaussian4,800,1.5,0.75
True,4,4,0.7963908995902345,2.5369538598005716,2.4958435250545823,0.22818071854567318,6.5555211438917915,0.8472259745125301,548.8328072506282,2.313691961875216e-113,meaningfully_different,True,1.0,1.0,8.514452282336795e-07,9.517405397733521e-07,True,950,0.6719920635223389,gaussian4_rho1.50_n800,gaussian4,800,1.5,0.75
True,4,4,0.7792915177381682,2.429181078474631,2.3898883927936185,0.21415102934864022,6.490225132333429,0.8279697292372953,546.5653315228967,7.100802852314311e-113,meaningfully_different,True,1.0,1.0,9.303911616478076e-07,9.832175036396145e-07,True,951,0.6661570072174072,gaussian4_rho1.50_n800,gaussian4,800,1.5,0.75
True,4,4,0.7327998757427351,2.147982631554272,2.103774804629819,0.20720829424931195,5.326885241870495,0.781761171803804,472.86716725632607,4.641920102497901e-97,meaningfully_different,True,1.0,1.0,9.680189710385307e-07,8.938330967808595e-07,True,952,0.683617115020752,gaussian4_rho1.50_n800,gaussian4,800,1.5,0.75
True,4,4,0.8349224809045934,2.7883821964795246,2.746844193958869,0.24427339368408985,7.151184857316064,0.8872201208730403,567.0473278977485,2.8278561738870266e-117,meaningfully_different,True,1.0,1.0,9.95830477090353e-07,9.111121537881956e-07,True,953,0.6832268238067627,gaussian4_rho1.50_n800,gaussian4,800,1.5,0.75
True,4,4,0.7498116823100371,2.2488702357144326,2.203142296735447,0.22802161937730558,5.27643957630446,0.8028394117741661,424.21358576420414,1.2327064945180041e-86,meaningfully_different,True,1.0,1.0,9.663467967329445e-07,7.099634164699701e-07,True,954,0.6878752708435059,gaussian4_rho1.50_n800,gaussian4,800,1.5,0.75
True,4,4,0.7913989411650176,2.505249136308444,2.4618065968530063,0.22137883077619444,6.6031905206457475,0.8405269730332136,624.2883238204133,1.4015479049911479e-129,meaningfully_different,True,1.0,1.0,8.453139007553536e-07,9.733980421524972e-07,True,955,0.7041411399841309,gaussian4_rho1.50_n800,gaussian4,800,1.5,0.75
True,4,4,0.8009323710389259,2.5659706519121426,2.5185756531919044,0.24115946657582818,6.296977161020615,0.8537048196629262,570.8651653357653,4.2769710962669265e-118,meaningfully_different,True,1.0,1.0,8.829023866504866e-07,8.203944678414822e-07,True,956,0.7198836803436279,gaussian4_rho1.50_n800,gaussian4,800,1.5,0.75
True,4,4,0.8088455916754091,2.6169247646909706,2.5726498963542803,0.25883857928078385,6.0757940362835,0.8657946454384036,553.5494240946372,2.244985918242878e-114,meaningfully_different,True,1.0,1.0,9.660922682287752e-07,8.871933390976615e-07,True,957,0.7028448581695557,gaussian4_rho1.50_n800,gaussian4,800,1.5,0.75
True,4,4,0.737905759476679,2.178019639475418,2.1374506714678,0.2114701206894998,5.378777236988062,0.7882398217667941,452.62784024688403,1.011266090588098e-92,meaningfully_different,True,1.0,1.0,8.977196223688443e-07,8.995859523918831e-07,True,958,0.6680569648742676,gaussian4_rho1.50_n800,gaussian4,800,1.5,0.75
True,4,4,0.7737231744618941,2.3945902027975627,2.344125986678243,0.25957673348438026,5.1781450850221304,0.8323298201768097,431.25249435216745,3.8346040305286634e-88,meaningfully_different,True,1.0,1.0,9.107239692902522e-07,8.406908711387351e-07,True,959,0.7497873306274414,gaussian4_rho1.50_n800,gaussian4,800,1.5,0.75
True,4,4,0.8593818713101251,2.9541488029459697,2.9120861525619635,0.2565420975034046,7.453303653356883,0.9129704748931063,589.2790250651306,4.718855499826726e-122,meaningfully_different,True,1.0,1.0,8.844667788829273e-07,8.881800378648845e-07,True,960,0.6722311973571777,gaussian4_rho1.50_n800,gaussian4,800,1.5,0.75
True,4,4,0.710684626631796,2.0202905541231013,1.9819146535361805,0.20114604730886154,4.881600541861217,0.7603897781728648,484.8552711720693,1.2473721483973214e-99,meaningfully_different,True,1.0,1.0,9.375382523233653e-07,9.971495171040736e-07,True,961,0.6465299129486084,gaussian4_rho1.50_n800,gaussian4,800,1.5,0.75
True,4,4,0.7966736685946598,2.538755736928296,2.4881989777157325,0.2529625495559593,5.8830802438070755,0.8520981963417925,454.90496578873257,3.2877835402783226e-93,meaningfully_different,True,1.0,1.0,9.390497217922657e-07,9.806674061263364e-07,True,962,0.7192199230194092,gaussian4_rho1.50_n800,gaussian4,800,1.5,0.75
True,4,4,0.7697599133746676,2.3701212969543035,2.325706538594538,0.2376752654718918,5.577806070658708,0.8241127897688874,516.3836364745257,2.1451127524205575e-106,meaningfully_different,True,1.0,1.0,9.336089878317903e-07,9.254286659202646e-07,True,963,0.698530912399292,gaussian4_rho1.50_n800,gaussian4,800,1.5,0.75
True,4,4,0.8297465742534511,2.7539175099413513,2.709401725184416,0.25083193930456893,6.8149284733185445,0.8834567830834748,574.217476273769,8.143162356012488e-119,meaningfully_different,True,1.0,1.0,8.71933336747263e-07,8.297741725531628e-07,True,964,0.7005329132080078,gaussian4_rho1.50_n800,gaussian4,800,1.5,0.75
True,4,4,0.784173950736943,2.4597151400575417,2.4071796804865553,0.2654685165957113,5.300740360973142,0.8431839260876653,506.5544247117222,2.7599140638740786e-104,meaningfully_different,True,1.0,1.0,9.556709353411433e-07,8.85830841121462e-07,True,965,0.7357349395751953,gaussian4_rho1.50_n800,gaussian4,800,1.5,0.75
True,4,4,0.7913913763210096,2.5052012420610477,2.4596945751176937,0.25311013720500763,5.767033241878448,0.8479421711292485,443.09555971072575,1.114722232784624e-90,meaningfully_different,True,1.0,1.0,9.646304226751957e-07,9.29787761646739e-07,True,966,0.6918530464172363,gaussian4_rho1.50_n800,gaussian4,800,1.5,0.75
True,4,4,0.7607402191534413,2.314902724150503,2.2745734164209703,0.2280951215229923,5.587903011299133,0.8139036343984466,475.0258202410832,1.5990466845509882e-97,meaningfully_different,True,1.0,1.0,8.180721905161286e-07,9.717258572552212e-07,True,967,0.67830491065979,gaussian4_rho1.50_n800,gaussian4,800,1.5,0.75
True,4,4,0.7565777831635327,2.2896397679065825,2.2484342329816083,0.22090872482773785,5.6513577449470285,0.8080527133547256,464.95888546766435,2.3018632892843306e-95,meaningfully_different,True,1.0,1.0,9.890009879691392e-07,8.01412866994187e-07,True,968,0.683189868927002,gaussian4_rho1.50_n800,gaussian4,800,1.5,0.75
True,4,4,0.7495676569670924,2.2474066894845466,2.202032970335475,0.2230942734412297,5.388004594623222,0.8014035180789677,457.4761621960741,9.244555875103815e-94,meaningfully_different,True,1.0,1.0,7.384276045304421e-07,8.214056986956024e-07,True,969,0.6874308586120605,gaussian4_rho1.50_n800,gaussian4,800,1.5,0.75
True,4,4,0.7650797211921845,2.3413879191180427,2.2930673977626284,0.23780343202861903,5.437547249557824,0.8191793508500459,470.4478533059692,1.5324646290054549e-96,meaningfully_different,True,1.0,1.0,9.920594674712519e-07,9.543513249036755e-07,True,970,0.7017519474029541,gaussian4_rho1.50_n800,gaussian4,800,1.5,0.75
True,4,4,0.8411848201356682,2.830367606506706,2.7857359154120473,0.2773128577635433,6.439427042126885,0.9002603755726297,476.796741649877,6.670189515608403e-98,meaningfully_different,True,1.0,1.0,9.595715648684494e-07,9.852143937289709e-07,True,971,0.6967101097106934,gaussian4_rho1.50_n800,gaussian4,800,1.5,0.75
True,4,4,0.8326138412859803,2.7729832348039825,2.7317427984391096,0.24892842437395019,6.956790100585768,0.886170641033926,562.371401090894,2.858064467505023e-116,meaningfully_different,True,1.0,1.0,8.993029084877273e-07,7.617168133218618e-07,True,972,0.6729910373687744,gaussian4_rho1.50_n800,gaussian4,800,1.5,0.75
True,4,4,0.7538796872153462,2.273338331183633,2.229544010296627,0.2205351590720118,5.575274325737518,0.8050298234485703,476.2304142717363,8.822114184544791e-98,meaningfully_different,True,1.0,0.9970149253731343,8.760480563420301e-07,9.133175480607455e-07,True,973,0.7023272514343262,gaussian4_rho1.50_n800,gaussian4,800,1.5,0.75
True,4,4,0.8002607042262677,2.5616687789148878,2.5176195891957223,0.23516513658631472,6.453420822600109,0.8521196830613439,526.0845897331619,1.7744787893039026e-108,meaningfully_different,True,1.0,1.0,8.223227136155978e-07,7.996862041408552e-07,True,974,0.6725399494171143,gaussian4_rho1.50_n800,gaussian4,800,1.5,0.75
True,4,4,0.7748475548923289,2.401554933290483,2.360277059590497,0.23153746260224356,5.874976102365372,0.8278167512691046,470.42287231013086,1.5514797926240942e-96,meaningfully_different,True,1.0,1.0,8.534050895990633e-07,7.342150661511895e-07,True,975,0.6860589981079102,gaussian4_rho1.50_n800,gaussian4,800,1.5,0.75
True,4,4,0.790056189130576,2.4967551279341134,2.454073874798174,0.23266553858270228,6.24963148240931,0.8421363651159101,515.3563255515206,3.564046594101254e-106,meaningfully_different,True,1.0,1.0,9.050402285065833e-07,9.89911393551411e-07,True,976,0.7125649452209473,gaussian4_rho1.50_n800,gaussian4,800,1.5,0.75
True,4,4,0.8168958198460455,2.6692751219277713,2.624906187707409,0.23429817797413555,6.935206247684881,0.8675097111180207,574.6187823728947,6.676635014056881e-119,meaningfully_different,True,1.0,1.0,8.944630362173853e-07,9.653135406305157e-07,True,977,0.7248098850250244,gaussian4_rho1.50_n800,gaussian4,800,1.5,0.75
True,4,4,0.8205564637816115,2.693251641015132,2.647180622145323,0.2681295217279515,6.143227390740579,0.8786658122477947,499.65194086985196,8.355003204170106e-103,meaningfully_different,True,1.0,1.0,9.98748962035972e-07,8.594390923167505e-07,True,978,0.7147259712219238,gaussian4_rho1.50_n800,gaussian4,800,1.5,0.75
True,4,4,0.8319241061288756,2.7683908734333147,2.724888353280433,0.25866568637314274,6.668408080970449,0.8874620478757371,565.4097762852496,6.357589796228986e-117,meaningfully_different,True,1.0,1.0,8.089312395247797e-07,9.615034186662792e-07,True,979,0.6856110095977783,gaussian4_rho1.50_n800,gaussian4,800,1.5,0.75
True,4,4,0.8123352156172525,2.6395540101277124,2.5949538836063573,0.2370926458203874,6.727133513937144,0.8638484505408837,599.4873202745655,3.016025755659636e-124,meaningfully_different,True,1.0,1.0,9.499948226032873e-07,9.133341677843591e-07,True,980,0.6941089630126953,gaussian4_rho1.50_n800,gaussian4,800,1.5,0.75
True,4,4,0.754132970806198,2.2748661506279273,2.2195003210909956,0.25078745262395125,4.862684748904093,0.8111733742137716,399.54181227790195,2.3473688358093205e-81,meaningfully_different,True,1.0,1.0,8.740082588561242e-07,9.480667343125602e-07,True,981,0.7641260623931885,gaussian4_rho1.50_n800,gaussian4,800,1.5,0.75
True,4,4,0.7675621361209336,2.3566065312261224,2.3151011733307247,0.21506101579257758,6.115014236699764,0.8168300106468013,520.139809045309,3.3513045912503303e-107,meaningfully_different,True,1.0,1.0,8.935838611397511e-07,8.42851841450348e-07,True,982,0.664330005645752,gaussian4_rho1.50_n800,gaussian4,800,1.5,0.75
True,4,4,0.7851728648120145,2.4659857105484244,2.425816850449182,0.23919744173573199,5.960836537810636,0.8395328507637021,504.98636069288534,5.989257367114524e-104,meaningfully_different,True,1.0,1.0,9.951495419130973e-07,9.170806934489016e-07,True,983,0.6913621425628662,gaussian4_rho1.50_n800,gaussian4,800,1.5,0.75
True,4,4,0.743270588373445,2.2098046701640284,2.17406683367838,0.20816406111239508,5.640103423253547,0.793168683919135,508.711280669653,9.507232374367867e-105,meaningfully_different,True,1.0,1.0,9.498041084062465e-07,8.91594158985294e-07,True,984,0.6303012371063232,gaussian4_rho1.50_n800,gaussian4,800,1.5,0.75
True,4,4,0.7026134186818107,1.9746624644469655,1.9297884583965845,0.20800231572528524,4.470087052418125,0.753644780687763,409.30892478237035,1.9098108355183958e-83,meaningfully_different,True,1.0,1.0,9.304245339597438e-07,6.808227471166919e-07,True,985,0.7038049697875977,gaussian4_rho1.50_n800,gaussian4,800,1.5,0.75
True,4,4,0.7769777912006167,2.4147779520759567,2.3750957989599866,0.2254134277775645,6.100327795542491,0.8285330248703845,523.5015001184804,6.3619928645944734e-108,meaningfully_different,True,1.0,1.0,9.544733351281926e-07,8.449667870960738e-07,True,986,0.671360969543457,gaussian4_rho1.50_n800,gaussian4,800,1.5,0.75
True,4,4,0.7360153817054687,2.1668745684281867,2.126367580334746,0.22152193740755222,5.084677362055003,0.7891037229871741,410.3017250446711,1.1709744592012122e-83,meaningfully_different,True,1.0,1.0,9.075672386626535e-07,9.219929339303226e-07,True,987,0.666287899017334,gaussian4_rho1.50_n800,gaussian4,800,1.5,0.75
True,4,4,0.7341493030779367,2.1559007968392807,2.1187479059476635,0.2059849595264559,5.431211621079431,0.7838308193931595,471.9989854922117,7.125852490812475e-97,meaningfully_different,True,1.0,1.0,8.540497953811196e-07,8.072378274291e-07,True,988,0.653764009475708,gaussian4_rho1.50_n800,gaussian4,800,1.5,0.75
True,4,4,0.797893600509194,2.546536790934101,2.5011233864691547,0.2534526977610239,5.922696423158761,0.8541100596003437,506.44716502537403,2.9101266607659906e-104,meaningfully_different,True,1.0,1.0,9.69310722879138e-07,9.586703834475594e-07,True,989,0.703840970993042,gaussian4_rho1.50_n800,gaussian4,800,1.5,0.75
True,4,4,0.7958596748643014,2.5335704883004464,2.488603217889605,0.2355947562030249,6.318490453186462,0.8479566774194449,536.5097345825955,1.0250589570810105e-110,meaningfully_different,True,1.0,1.0,8.383139855773247e-07,8.316676065159631e-07,True,990,0.7049291133880615,gaussian4_rho1.50_n800,gaussian4,800,1.5,0.75
True,4,4,0.7701458440328174,2.3724984843240824,2.3304819448074947,0.23647518562683945,5.626306799509233,0.8245375994413209,489.10132417900854,1.5321124911723047e-100,meaningfully_different,True,1.0,1.0,9.545996390841269e-07,7.464524597801353e-07,True,991,0.6850249767303467,gaussian4_rho1.50_n800,gaussian4,800,1.5,0.75
True,4,4,0.7815856448393725,2.4435044808759114,2.4009594437225803,0.22773846210325255,6.151615457416281,0.8329999818591632,522.9071665179857,8.534473778258337e-108,meaningfully_different,True,1.0,1.0,7.633243527485965e-07,7.707200862740292e-07,True,992,0.6826343536376953,gaussian4_rho1.50_n800,gaussian4,800,1.5,0.75
True,4,4,0.8049474227691784,2.5917614136909695,2.5420730189464185,0.2427634970694788,6.3521618264754105,0.8575230955479528,533.4404764232127,4.675013974809489e-110,meaningfully_different,True,1.0,1.0,9.459492342250117e-07,9.311326781715191e-07,True,993,0.7263498306274414,gaussian4_rho1.50_n800,gaussian4,800,1.5,0.75
True,4,4,0.7277162785156219,2.118283928066505,2.077290510226401,0.2154590687151642,4.999977567203605,0.7796937124381159,424.7692159981856,9.373535426895234e-87,meaningfully_different,True,1.0,1.0,9.269802436913329e-07,9.93994253040106e-07,True,994,0.6724002361297607,gaussian4_rho1.50_n800,gaussian4,800,1.5,0.75
True,4,4,0.7838614633602355,2.4577551749649995,2.413621841397685,0.23795696716441084,5.940661701327601,0.8374106253649458,474.7653377071497,1.8184970089958115e-97,meaningfully_different,True,1.0,1.0,8.618602026797042e-07,8.646501565570533e-07,True,995,0.7011473178863525,gaussian4_rho1.50_n800,gaussian4,800,1.5,0.75
True,4,4,0.8199774079928478,2.6894517984746766,2.6483563148664997,0.2360872987068878,6.981977954320205,0.8713043906152573,542.1429899122982,6.325007744373744e-112,meaningfully_different,True,1.0,1.0,9.107527094039953e-07,9.807643669313118e-07,True,996,0.6807889938354492,gaussian4_rho1.50_n800,gaussian4,800,1.5,0.75
True,4,4,0.7886049886161439,2.487591312281074,2.437194297485876,0.2583083963518814,5.563869846213026,0.8458832366374933,424.0681138715472,1.3243529948343823e-86,meaningfully_different,True,1.0,1.0,8.690073329709573e-07,9.44842991981504e-07,True,997,0.702099084854126,gaussian4_rho1.50_n800,gaussian4,800,1.5,0.75
True,4,4,0.8100592054905755,2.62478366560009,2.5857228287112064,0.23613992372215548,6.7151831156555435,0.8622845294207762,571.0381802200556,3.926088040070594e-118,meaningfully_different,True,1.0,1.0,8.055102159381055e-07,8.301560771171273e-07,True,998,0.6188011169433594,gaussian4_rho1.50_n800,gaussian4,800,1.5,0.75
True,4,4,0.7426254371247958,2.2059701594591763,2.1654582194722245,0.21659509562794538,5.380815369310955,0.7939970793547908,496.01568258546,5.035840261590105e-102,meaningfully_different,True,1.0,1.0,9.44082804071436e-07,9.349000565878619e-07,True,999,0.6328351497650146,gaussian4_rho1.50_n800,gaussian4,800,1.5,0.75
