applicable,K_x,K_y,D_hat,Q_hat,Q_bc,s_Q,Z,U_D,T0,p_exact,decision,mt_reject,success_x,success_y,max_residual_x,max_residual_y,correct_cardinality,rep,seconds,name,family,n,rho,D_A
True,5,5,0.38950867559464686,0.7585850418174791,0.7149254221883078,0.1145622203660932,-4.670602368754869,0.4250561153233982,192.46945566999028,5.986079020537011e-36,equivalent,True,1.0,1.0,8.118881772037219e-07,8.722644265044735e-07,True,0,0.5526258945465088,t3_rho0.75_n800,t3,800,0.75,0.375
True,5,5,0.4283845156970251,0.9175664664448739,0.8768169540966022,0.12802214204151854,-2.9149882977459614,0.46634636028679166,237.6835749567502,2.0992916677402566e-45,equivalent,True,1.0,1.0,9.695183490029241e-07,9.520526758966515e-07,True,1,0.5459311008453369,t3_rho0.75_n800,t3,800,0.75,0.375
True,5,5,0.3614675661828132,0.6532940070106323,0.6110155987937474,0.10314926668889947,-6.1947546668794455,0.3951407456146147,174.6761900051702,2.980348474421146e-32,equivalent,True,1.0,1.0,9.590907985145343e-07,9.332896121348655e-07,True,2,0.5699820518493652,t3_rho0.75_n800,t3,800,0.75,0.375
True,5,5,0.3561587670828144,0.6342453368497523,0.5888565181346088,0.10615134537774376,-6.228309961712553,0.390758222839896,154.29217514719613,4.872271159199403e-28,equivalent,True,1.0,1.0,9.02121965279903e-07,7.863166743726276e-07,True,3,0.5865199565887451,t3_rho0.75_n800,t3,800,0.75,0.375
True,5,5,0.3990113258817604,0.796050190909602,0.7559781604289325,0.11977773796198543,-4.124487972279608,0.4365764554218991,196.26924318764517,9.67462629823149e-37,equivalent,True,1.0,0.9970149253731343,9.60467890068526e-07,9.23970343263806e-07,True,4,0.5908658504486084,t3_rho0.75_n800,t3,800,0.75,0.375
True,5,5,0.3738997895949336,0.699005263295678,0.6452440835593982,0.12715373900113364,-4.756100144528271,0.41337473854502854,134.24506185071226,6.347158810648914e-24,equivalent,True,1.0,1.0,8.130100938410695e-07,9.84676674499034e-07,True,5,0.6444859504699707,t3_rho0.75_n800,t3,800,0.75,0.375
True,5,5,0.395214638714565,0.7809730532714207,0.7427430506461232,0.10639353195225751,-4.767742362209582,0.42842615176059723,235.61582747729824,5.702037024189051e-45,equivalent,True,1.0,0.9970149253731343,9.201584535023994e-07,9.690607784964263e-07,True,6,0.5898070335388184,t3_rho0.75_n800,t3,800,0.75,0.375
True,5,5,0.3753876408031447,0.7045794043387539,0.6591613936619605,0.11580782138478878,-5.101888622659518,0.41222525606665067,158.8862234047872,5.501085816930344e-29,equivalent,True,1.0,1.0,9.333431317114163e-07,9.173472654252297e-07,True,7,0.635606050491333,t3_rho0.75_n800,t3,800,0.75,0.375
True,5,5,0.378767044720704,0.7173223708322789,0.6706195648762286,0.12100484828157049,-4.788076208116806,0.41705031553779753,152.84897737214294,9.6607419596767e-28,equivalent,True,1.0,1.0,8.328827121401357e-07,7.293344242382121e-07,True,8,0.6223921775817871,t3_rho0.75_n800,t3,800,0.75,0.375
False,6,5,,,,,,,,,not_applicable,False,0.9970149253731343,0.9970149253731343,9.402096677708434e-07,9.916537019436598e-07,False,9,0.5974440574645996,t3_rho0.75_n800,t3,800,0.75,0.375
True,5,5,0.3900056873640721,0.7605221808816116,0.7174512931689071,0.11210273693633402,-4.750541524544051,0.4246984545792044,200.19155501921205,1.4720930846323172e-37,equivalent,True,1.0,0.9940298507462687,9.298897929709745e-07,9.870531606418034e-07,True,10,0.5953075885772705,t3_rho0.75_n800,t3,800,0.75,0.375
True,5,5,0.37481114403971905,0.7024169684818151,0.6635290126986579,0.09966523039373593,-5.884409086142066,0.40680799608482343,215.34284618364595,1.0077866395496425e-40,equivalent,True,1.0,1.0,9.167376637846924e-07,9.723849345502413e-07,True,11,0.5780887603759766,t3_rho0.75_n800,t3,800,0.75,0.375
True,5,5,0.3675967194856677,0.6756367408831232,0.6292758612251137,0.11313117971047824,-5.486764483172756,0.4038217657564269,153.49694181171614,7.104886220216638e-28,equivalent,True,0.9940298507462687,0.9970149253731343,8.699849522563341e-07,8.099283443201539e-07,True,12,0.6160850524902344,t3_rho0.75_n800,t3,800,0.75,0.375
True,5,5,0.39263778159436813,0.7708221376767337,0.7273598518411447,0.11682354638004702,-4.473756912485924,0.42883971033888607,189.64014263796253,2.3231041290496646e-35,equivalent,True,1.0,1.0,9.37032549616687e-07,8.547481057239351e-07,True,13,0.621129035949707,t3_rho0.75_n800,t3,800,0.75,0.375
True,5,5,0.37741024427256503,0.712192462409386,0.6649261055410141,0.1288892350942723,-4.539354229475026,0.41879112487272907,133.7388401416015,8.0545592899741e-24,equivalent,True,1.0,0.9970149253731343,9.74363713778558e-07,8.232096446761434e-07,True,14,0.6154358386993408,t3_rho0.75_n800,t3,800,0.75,0.375
True,5,5,0.4111238054288762,0.8451139169516022,0.7999074772443729,0.12958959269924875,-3.4732150428175266,0.4501251801023569,187.60074746328175,6.170753749256886e-35,equivalent,True,1.0,1.0,9.480768898330377e-07,9.067365014126564e-07,True,15,0.627465009689331,t3_rho0.75_n800,t3,800,0.75,0.375
True,5,5,0.40974524186262873,0.8394558161453206,0.79664903586711,0.1166461864654626,-3.8865476692383876,0.44463804127512163,222.42439181920105,3.321355616676358e-42,equivalent,True,1.0,1.0,7.397282744157678e-07,6.41781560562874e-07,True,16,0.5944290161132812,t3_rho0.75_n800,t3,800,0.75,0.375
True,5,5,0.3918534814056208,0.7677457544485261,0.7254565043607292,0.11774326149559575,-4.454976777239109,0.4287486291711859,187.84796467327192,5.481740996192905e-35,equivalent,True,1.0,1.0,9.756976991479496e-07,8.429030390184987e-07,True,17,0.6095290184020996,t3_rho0.75_n800,t3,800,0.75,0.375
True,5,5,0.4208899497860797,0.8857417491546433,0.8384002235926883,0.14078510346555867,-2.923603181553967,0.46259509544497995,185.2246271590137,1.9248879860089379e-34,equivalent,True,0.9970149253731343,1.0,8.999870684366427e-07,7.697690946698589e-07,True,18,0.6236648559570312,t3_rho0.75_n800,t3,800,0.75,0.375
True,5,5,0.37496501896503026,0.7029938272372275,0.6568224831533922,0.11480578484119308,-5.166791182753813,0.41125690139970633,162.5871078049115,9.468933620488813e-30,equivalent,True,1.0,0.9970149253731343,8.982695852094979e-07,8.444299652821671e-07,True,19,0.6240448951721191,t3_rho0.75_n800,t3,800,0.75,0.375
True,5,5,0.36861402281140254,0.6793814890660259,0.6339392466737462,0.11211991708207067,-5.4946593732789095,0.4045639872602821,159.48908038348344,4.130796809914843e-29,equivalent,True,1.0,1.0,8.544117324451304e-07,7.012919080818395e-07,True,20,0.6077980995178223,t3_rho0.75_n800,t3,800,0.75,0.375
True,5,5,0.3914714516596992,0.766249487322761,0.7276206306479377,0.10852658328529832,-4.813377087333652,0.4257067006250692,211.25427048607418,7.214558746668667e-40,equivalent,True,1.0,0.9970149253731343,9.498865424842453e-07,8.010572028984381e-07,True,21,0.583308219909668,t3_rho0.75_n800,t3,800,0.75,0.375
True,5,5,0.42928143963460114,0.9214127720737786,0.8774330456196512,0.1261813764676036,-2.9526302914915767,0.46582892575625184,231.37347147548968,4.425448633430797e-44,equivalent,True,1.0,0.9970149253731343,9.849197150381859e-07,9.409015424888713e-07,True,22,0.6070940494537354,t3_rho0.75_n800,t3,800,0.75,0.375
True,5,5,0.34542725698632176,0.5965999493454719,0.548516483347367,0.11022325017722794,-6.36420642219058,0.38205172324588715,130.87029647238913,3.103549049352094e-23,equivalent,True,1.0,1.0,9.898567742481778e-07,8.027302652035061e-07,True,23,0.6321959495544434,t3_rho0.75_n800,t3,800,0.75,0.375
True,5,5,0.4272141777465589,0.912559768338342,0.8689221057965082,0.12703665642984552,-2.9997475131434803,0.4643013699917172,236.55814136037822,3.616456133963372e-45,equivalent,True,0.9940298507462687,1.0,9.489456145790398e-07,9.816350622846475e-07,True,24,0.5995569229125977,t3_rho0.75_n800,t3,800,0.75,0.375
True,5,5,0.3978608639921104,0.7914663354827429,0.7497195470239447,0.10607479052066755,-4.71629923114089,0.4299295409575812,244.11640554400117,9.358387327236337e-47,equivalent,True,1.0,1.0,8.637740996458878e-07,9.216138698156788e-07,True,25,0.6146879196166992,t3_rho0.75_n800,t3,800,0.75,0.375
True,5,5,0.3880394586329613,0.7528731072808084,0.7094088502929087,0.12218660995932384,-4.424307621653921,0.42670550473351226,162.1954987977915,1.140778962117783e-29,equivalent,True,0.9970149253731343,1.0,9.96357490782295e-07,8.452619490630114e-07,True,26,0.6032571792602539,t3_rho0.75_n800,t3,800,0.75,0.375
True,5,5,0.39997956861290507,0.7999182765388282,0.761059819675055,0.11439719716856274,-4.274057340797417,0.43571239696635855,205.45160780964312,1.1757946559754616e-38,equivalent,True,1.0,1.0,9.835521924241005e-07,9.627520278934284e-07,True,27,0.5772087574005127,t3_rho0.75_n800,t3,800,0.75,0.375
True,5,5,0.43047192586938865,0.9265303948085021,0.8840721126039301,0.12628608191951013,-2.897610582528787,0.4672888255635324,230.0146386727989,8.528683279854105e-44,equivalent,True,1.0,1.0,9.881019267420715e-07,9.299853651589747e-07,True,28,0.5839757919311523,t3_rho0.75_n800,t3,800,0.75,0.375
True,5,5,0.4375057749864079,0.9570565157322869,0.9140160492703121,0.12644081943266036,-2.657242749906613,0.4737072280868933,252.15374703697208,1.9130548354517466e-48,equivalent,True,0.9970149253731343,1.0,8.287796495716476e-07,8.34724789877334e-07,True,29,0.6127047538757324,t3_rho0.75_n800,t3,800,0.75,0.375
True,5,5,0.3826120480213762,0.7319598964555596,0.6895505315526073,0.11630102217490917,-4.818955654615943,0.41972578898494434,174.0029547501404,4.109874645002825e-32,equivalent,True,1.0,1.0,9.975403883118135e-07,8.633392711681951e-07,True,30,0.5942802429199219,t3_rho0.75_n800,t3,800,0.75,0.375
True,5,5,0.34626476807415185,0.5994964480472309,0.547326627714698,0.12953579078809152,-5.424549987383874,0.3899728305952909,102.97551258267652,1.3808345721761506e-17,equivalent,True,1.0,0.9970149253731343,8.976733369534857e-07,6.837820740189141e-07,True,31,0.6424179077148438,t3_rho0.75_n800,t3,800,0.75,0.375
True,5,5,0.41027316172121225,0.8416203361435999,0.803014402962909,0.1174114932661543,-3.8070003591883586,0.44634944236719537,214.01635814632598,1.9088848952879744e-40,equivalent,True,0.9970149253731343,1.0,7.203209403680504e-07,8.330919811805194e-07,True,32,0.5761880874633789,t3_rho0.75_n800,t3,800,0.75,0.375
True,5,5,0.4162155457597164,0.866176902660293,0.8254168306277664,0.1262518449010242,-3.3629858613558308,0.45455090707698087,207.0182408750448,5.5361427749227274e-39,equivalent,True,0.9940298507462687,0.9970149253731343,9.465398259148666e-07,9.891249311455367e-07,True,33,0.5931808948516846,t3_rho0.75_n800,t3,800,0.75,0.375
True,5,5,0.4172712614675746,0.870576528233705,0.8252359696973904,0.1270773213220108,-3.3425636131113277,0.4548097541999682,202.80037718657272,4.204371823915247e-38,equivalent,True,1.0,1.0,8.309112637878803e-07,8.459886462595906e-07,True,34,0.5952730178833008,t3_rho0.75_n800,t3,800,0.75,0.375
True,5,5,0.3627224828981734,0.6578379979990784,0.6094691856366843,0.11974821949521955,-5.348979860104611,0.4016061450711075,138.98591137544395,6.7998382042109615e-25,equivalent,True,1.0,0.9970149253731343,7.33694692984247e-07,9.033817241571969e-07,True,35,0.6322770118713379,t3_rho0.75_n800,t3,800,0.75,0.375
True,5,5,0.3645601103666012,0.6645203703525422,0.6249112434899831,0.09998009816517991,-6.252131854054498,0.3973320703341082,197.40741493305973,5.603044668810683e-37,equivalent,True,1.0,0.9970149253731343,9.646613521722787e-07,9.237923487664376e-07,True,36,0.5826408863067627,t3_rho0.75_n800,t3,800,0.75,0.375
True,5,5,0.3780461121637345,0.7145943146105747,0.6766251052659491,0.1076124530371555,-5.32814631161768,0.4131904739824623,189.94798157319133,2.0045164745613862e-35,equivalent,True,1.0,0.991044776119403,8.049693486324073e-07,8.759943042628723e-07,True,37,0.5825510025024414,t3_rho0.75_n800,t3,800,0.75,0.375
True,5,5,0.37839341066749327,0.715907866182891,0.6756439413642189,0.10354823179321845,-5.546749072284947,0.41133091933228316,210.09212828404463,1.2620471064829112e-39,equivalent,True,1.0,1.0,9.921563102854246e-07,9.398213122518364e-07,True,38,0.577251672744751,t3_rho0.75_n800,t3,800,0.75,0.375
True,5,5,0.4031044417457195,0.8124659547756409,0.7717076654103039,0.1182174932577296,-4.045867674989151,0.4395811956770652,210.54482493132437,1.0150248464628307e-39,equivalent,True,1.0,1.0,9.492844102525928e-07,9.491841104734744e-07,True,39,0.5944609642028809,t3_rho0.75_n800,t3,800,0.75,0.375
True,5,5,0.3891564431531024,0.7572136862378691,0.7166153911680304,0.11237408552805081,-4.746509004505547,0.4246067152846737,195.28675767033997,1.550069832942078e-36,equivalent,True,0.9970149253731343,0.9970149253731343,7.493583664054643e-07,9.074135660245378e-07,True,40,0.5836501121520996,t3_rho0.75_n800,t3,800,0.75,0.375
True,5,5,0.40439780114837437,0.8176879078682007,0.7757052838929903,0.11576248843211011,-4.097136494998238,0.439571981103317,214.86392087418102,1.269213612830312e-40,equivalent,True,1.0,0.9970149253731343,7.756125469641616e-07,8.50160824358881e-07,True,41,0.6030511856079102,t3_rho0.75_n800,t3,800,0.75,0.375
True,5,5,0.41178066721879003,0.8478165894757594,0.8038950554208658,0.12515225651799908,-3.564497812430386,0.449388962587124,197.4323333014687,5.536434048780251e-37,equivalent,True,1.0,1.0,9.956779067627472e-07,7.391034370875945e-07,True,42,0.5978927612304688,t3_rho0.75_n800,t3,800,0.75,0.375
True,5,5,0.3953670381564048,0.7815754743028401,0.736349822865141,0.12311308783998921,-4.172181740762226,0.43332501241537913,172.64655075881836,7.851154797996643e-32,equivalent,True,1.0,0.991044776119403,7.546417575062968e-07,7.544246184968598e-07,True,43,0.6183450222015381,t3_rho0.75_n800,t3,800,0.75,0.375
True,5,5,0.38914781218005035,0.7571800986225988,0.7106510492860358,0.12254684203590308,-4.401165642081162,0.42713526355950526,183.64466258394552,4.0999029118707105e-34,equivalent,True,0.9970149253731343,1.0,8.425843916595594e-07,9.558215969546296e-07,True,44,0.6136472225189209,t3_rho0.75_n800,t3,800,0.75,0.375
True,5,5,0.42904677749883435,0.9204056864106714,0.8749809684181886,0.12700538644371157,-2.952780524375781,0.46559343615487125,225.77724117034424,6.5918653123146215e-43,equivalent,True,0.9970149253731343,1.0,9.591653956600993e-07,9.894994896803262e-07,True,45,0.6148557662963867,t3_rho0.75_n800,t3,800,0.75,0.375
True,5,5,0.35314732755156464,0.6235651747840605,0.5764759853759488,0.10399456673451776,-6.476530801300948,0.3866605295740612,167.5850868043603,8.768962826071686e-31,equivalent,True,0.9970149253731343,0.9970149253731343,9.162703767344012e-07,8.211344788354249e-07,True,46,0.6067368984222412,t3_rho0.75_n800,t3,800,0.75,0.375
True,5,5,0.3917418993879106,0.7673085786802395,0.7229297454317039,0.12195968869273295,-4.321675958817875,0.429775658156629,168.5702255850247,5.483856140476765e-31,equivalent,True,1.0,0.9970149253731343,9.120482304757204e-07,7.894523519207113e-07,True,47,0.603173017501831,t3_rho0.75_n800,t3,800,0.75,0.375
True,5,5,0.3938339677936613,0.7755259709404932,0.7317139218748556,0.11626012807748619,-4.457986471335315,0.42963817689142836,185.61655653872288,1.5956239887851465e-34,equivalent,True,0.9970149253731343,1.0,7.853015157090065e-07,9.647149850210184e-07,True,48,0.6032540798187256,t3_rho0.75_n800,t3,800,0.75,0.375
True,5,5,0.3913591201704196,0.7658098047028248,0.7232146394208905,0.120746039878813,-4.362754762871053,0.429377270254396,174.85273865128852,2.7394562628936016e-32,equivalent,True,1.0,0.9970149253731343,8.709134790596746e-07,8.37672249283092e-07,True,49,0.6056985855102539,t3_rho0.75_n800,t3,800,0.75,0.375
True,5,5,0.4060503638272684,0.8243844898212851,0.785797962494524,0.1162638905799381,-3.992658728260176,0.44204864994668275,215.41387941970828,9.738934393724006e-41,equivalent,True,0.9940298507462687,0.9970149253731343,9.960470015905459e-07,8.522785090803702e-07,True,50,0.5689988136291504,t3_rho0.75_n800,t3,800,0.75,0.375
True,5,5,0.38933121936309273,0.757893991853763,0.7148233925249204,0.11646346239857935,-4.595231813077264,0.42576724652292125,182.71623052759134,6.39254073777025e-34,equivalent,True,1.0,1.0,9.183754544274607e-07,9.924292465233342e-07,True,51,0.616811990737915,t3_rho0.75_n800,t3,800,0.75,0.375
True,5,5,0.41142754702263495,0.8463631322453126,0.8020829884456169,0.12516538307119074,-3.5786013717516436,0.44899036131280934,203.19911290227537,3.4713202373568696e-38,equivalent,True,1.0,0.9970149253731343,9.460614897194712e-07,7.584111951332874e-07,True,52,0.613224983215332,t3_rho0.75_n800,t3,800,0.75,0.375
True,5,5,0.41811818264388406,0.8741140732871219,0.8320583545470108,0.12356024168035112,-3.382492942464448,0.45503777122826555,210.9912511276079,8.188048195661075e-40,equivalent,True,1.0,1.0,9.992258931043933e-07,9.319555569779329e-07,True,53,0.5860280990600586,t3_rho0.75_n800,t3,800,0.75,0.375
True,5,5,0.4158474456366795,0.8646454902127556,0.8187942165129689,0.13589117867589787,-3.1731697943062382,0.4565775541195012,184.99124499753913,2.1523738538460846e-34,equivalent,True,0.991044776119403,0.9970149253731343,7.949696549460729e-07,7.282199664044795e-07,True,54,0.6166121959686279,t3_rho0.75_n800,t3,800,0.75,0.375
True,5,5,0.41084354352758684,0.8439620862915208,0.8012123044617646,0.12594392291943526,-3.5633930175838593,0.4490816457768664,188.87448851971905,3.3525579063051105e-35,equivalent,True,0.9970149253731343,1.0,7.551712731205194e-07,9.786326520949544e-07,True,55,0.6003339290618896,t3_rho0.75_n800,t3,800,0.75,0.375
True,5,5,0.3631694784816681,0.6594603505032339,0.6207177258388086,0.1022523248123775,-6.154209944036575,0.39721727887156866,187.5549747021375,6.307515891031986e-35,equivalent,True,0.9970149253731343,0.9970149253731343,9.741816557585076e-07,7.316703318599274e-07,True,56,0.5847749710083008,t3_rho0.75_n800,t3,800,0.75,0.375
True,5,5,0.3899649339152226,0.7603632484175195,0.7146670214766355,0.12307320037472984,-4.349712016047341,0.42827664458700876,179.44584745309683,3.053566761822226e-33,equivalent,True,1.0,0.9970149253731343,9.624276690831462e-07,7.84683678278056e-07,True,57,0.607058048248291,t3_rho0.75_n800,t3,800,0.75,0.375
True,5,5,0.3882044817116379,0.753513598105007,0.7097392847455074,0.11673845147265918,-4.627958555549495,0.42467798390192285,172.40654182033123,8.803650918249308e-32,equivalent,True,1.0,1.0,6.83517244551114e-07,9.82260545327556e-07,True,58,0.6141469478607178,t3_rho0.75_n800,t3,800,0.75,0.375
True,5,5,0.3755372424270787,0.7051411022486724,0.6630017711878796,0.10982936529124564,-5.344638269150676,0.41076879166581365,177.72645219843915,6.944411476444e-33,equivalent,True,1.0,0.9970149253731343,9.981831952404383e-07,9.78718595496652e-07,True,59,0.6015539169311523,t3_rho0.75_n800,t3,800,0.75,0.375
True,5,5,0.40844096983459566,0.8341201291971254,0.7911388571047739,0.1277050414287274,-3.593132563613927,0.44748071638424913,196.46182227325335,8.820681899383022e-37,equivalent,True,0.9970149253731343,1.0,8.410844471578566e-07,8.63780311218987e-07,True,60,0.592731237411499,t3_rho0.75_n800,t3,800,0.75,0.375
True,5,5,0.40697835529206133,0.8281569083811566,0.790164343664402,0.11307409331068881,-4.066675600680055,0.44184944860455305,231.05777461103503,5.154172742446045e-44,equivalent,True,1.0,1.0,9.9790075346127e-07,8.995186183676575e-07,True,61,0.5725493431091309,t3_rho0.75_n800,t3,800,0.75,0.375
True,5,5,0.3717304375331548,0.6909175909429537,0.6449384268440637,0.11973574525763392,-5.053307780847172,0.410337958689376,146.86208105384205,1.6465998235382247e-26,equivalent,True,1.0,1.0,9.279034376909704e-07,9.377636593965588e-07,True,62,0.6269338130950928,t3_rho0.75_n800,t3,800,0.75,0.375
True,5,5,0.35395013288558197,0.6264034828486056,0.5831167287829998,0.10114351173876457,-6.593435997550088,0.3871648230170493,167.11160979363123,1.098772034400598e-30,equivalent,True,0.9940298507462687,1.0,8.849874595816737e-07,6.884523374151017e-07,True,63,0.6045660972595215,t3_rho0.75_n800,t3,800,0.75,0.375
True,5,5,0.3363339684992852,0.5656026918323909,0.519222164661002,0.10726647624777541,-6.812732746538353,0.3730039724098014,126.52227191162405,2.389262932162986e-22,equivalent,True,1.0,0.9970149253731343,8.423533092489012e-07,9.593400536434579e-07,True,64,0.6274418830871582,t3_rho0.75_n800,t3,800,0.75,0.375
True,5,5,0.36793406070099116,0.6768773651196033,0.633415798318054,0.10339830886958981,-5.963194257457415,0.4008717704410844,193.04769031068926,4.5366615148765103e-36,equivalent,True,1.0,1.0,7.420565603579465e-07,9.049408662319655e-07,True,65,0.6018600463867188,t3_rho0.75_n800,t3,800,0.75,0.375
True,5,5,0.3848361274728979,0.7404942250416827,0.7004707703004804,0.10816720972441225,-5.080367988594757,0.41913959429595776,199.21332023020148,2.354689525247965e-37,equivalent,True,0.991044776119403,0.991044776119403,9.864742724586665e-07,9.914814604156404e-07,True,66,0.5941848754882812,t3_rho0.75_n800,t3,800,0.75,0.375
True,5,5,0.42279655301703994,0.8937846262154534,0.8508915928848158,0.12258677664435455,-3.255721522665261,0.45880908819781946,246.0301240337078,3.7076190546884296e-47,equivalent,True,1.0,1.0,9.212271523267546e-07,9.25851956538227e-07,True,67,0.6117370128631592,t3_rho0.75_n800,t3,800,0.75,0.375
True,5,5,0.35002213694152745,0.6125774817455669,0.5657771619329242,0.10826999866789479,-6.319597732386117,0.38571115149340496,136.77986155575587,1.923784490238085e-24,equivalent,True,1.0,1.0,7.363678187776704e-07,9.022600113455698e-07,True,68,0.6288998126983643,t3_rho0.75_n800,t3,800,0.75,0.375
True,5,5,0.4127410298109056,0.8517757884468342,0.805077017725867,0.122102850796496,-3.643837792253258,0.4485350230962122,208.06251432088555,3.350435471924341e-39,equivalent,True,0.9970149253731343,1.0,8.97471602986467e-07,9.134739779910901e-07,True,69,0.6138370037078857,t3_rho0.75_n800,t3,800,0.75,0.375
True,5,5,0.4449587682190985,0.9899415270752874,0.9477550968348091,0.13055165250945086,-2.3151365559567383,0.4821811808790317,245.46062293297678,4.883915900915612e-47,equivalent,True,0.9970149253731343,1.0,9.826567965078042e-07,6.811874464742264e-07,True,70,0.5920372009277344,t3_rho0.75_n800,t3,800,0.75,0.375
True,5,5,0.37879312013825145,0.717421139320359,0.6720575562883613,0.12025380111477146,-4.806022249226405,0.41709889887332335,154.01979562201586,5.544333149841052e-28,equivalent,True,1.0,0.9970149253731343,9.964258491212328e-07,8.204958784243703e-07,True,71,0.6293649673461914,t3_rho0.75_n800,t3,800,0.75,0.375
True,5,5,0.38308469962494196,0.73376943543366,0.6916991873693233,0.11662631799311904,-4.787091132068634,0.42036470106760887,170.58871459538145,2.0951006618277434e-31,equivalent,True,1.0,1.0,9.045581613107292e-07,8.945478368560554e-07,True,72,0.5893056392669678,t3_rho0.75_n800,t3,800,0.75,0.375
True,5,5,0.38430073102917367,0.7384352593477865,0.6866741203421227,0.1294781604486944,-4.350740524160402,0.4241807968701936,140.29455494340377,3.6675043337619186e-25,equivalent,True,1.0,0.9970149253731343,9.096339668388461e-07,9.173180019840959e-07,True,73,0.6518969535827637,t3_rho0.75_n800,t3,800,0.75,0.375
True,5,5,0.42615539210749553,0.9080420911114664,0.8598246916578446,0.1340677601290547,-2.9102843813200843,0.4648325576298158,200.551990564371,1.2381144061370739e-37,equivalent,True,1.0,1.0,9.51595070727239e-07,7.24223213756858e-07,True,74,0.6435668468475342,t3_rho0.75_n800,t3,800,0.75,0.375
True,5,5,0.44582025876409703,0.9937785156224322,0.945985642302311,0.13834208671363846,-2.1975550963531747,0.4844663301805966,217.38543950443074,3.7676515488297403e-41,equivalent,True,0.9970149253731343,1.0,8.636304401868004e-07,9.755181354744304e-07,True,75,0.6229350566864014,t3_rho0.75_n800,t3,800,0.75,0.375
True,5,5,0.40082874743043884,0.8033184238332727,0.7617161332435773,0.11466117510050923,-4.258493481585242,0.4359626091715132,207.25175194460752,4.948118741163283e-39,equivalent,True,0.9970149253731343,0.9970149253731343,7.140732820312273e-07,8.033735592559699e-07,True,76,0.5694217681884766,t3_rho0.75_n800,t3,800,0.75,0.375
True,5,5,0.3506867665915322,0.614906041312119,0.5734395662950511,0.10409875169665643,-6.499217547549895,0.3859188452471367,149.1407137758725,5.5996946352173285e-27,equivalent,True,1.0,1.0,9.100052888806829e-07,9.99836904823055e-07,True,77,0.5938661098480225,t3_rho0.75_n800,t3,800,0.75,0.375
True,5,5,0.3855960531246668,0.7434215809266044,0.6981104694381292,0.11594355612741511,-4.75998450448921,0.4216208363579674,182.7853566229632,6.184615579377683e-34,equivalent,True,1.0,1.0,7.942503650001285e-07,8.300219511397227e-07,True,78,0.6380040645599365,t3_rho0.75_n800,t3,800,0.75,0.375
True,5,5,0.36183824985567203,0.6546345952930788,0.6108324930121196,0.1069398732678923,-5.97688670704442,0.39666936645587925,162.44188307881143,1.0146200204347252e-29,equivalent,True,1.0,1.0,9.307694126928469e-07,5.79357080597999e-07,True,79,0.6058869361877441,t3_rho0.75_n800,t3,800,0.75,0.375
True,5,5,0.4340870733253555,0.9421579361408627,0.8948101867302886,0.13692606891540665,-2.5940262222027917,0.4732934666377727,216.3266428450242,6.274561682211641e-41,equivalent,True,1.0,1.0,8.19107964779177e-07,8.657831807689003e-07,True,80,0.6103630065917969,t3_rho0.75_n800,t3,800,0.75,0.375
True,5,5,0.39171778366881155,0.7672141102120291,0.719275536402632,0.12307427051408858,-4.312229204207347,0.42935176642052775,181.03320027267966,1.4296966791053919e-33,equivalent,True,1.0,0.9970149253731343,8.762468343372173e-07,9.275148439241899e-07,True,81,0.6237339973449707,t3_rho0.75_n800,t3,800,0.75,0.375
True,5,5,0.3890247001960174,0.7567010868130061,0.7080850886765279,0.11855808172467999,-4.570881237619273,0.42499312451045057,191.41882577023466,9.905496935199606e-36,equivalent,True,1.0,1.0,9.575157679501976e-07,9.80904861495624e-07,True,82,0.6296660900115967,t3_rho0.75_n800,t3,800,0.75,0.375
True,5,5,0.3738886162630908,0.6989634868556437,0.6585169611068726,0.10718368420877802,-5.51840556013176,0.40861190213396925,184.986187122753,2.157590586880609e-34,equivalent,True,1.0,1.0,8.812235312206457e-07,9.321953103235868e-07,True,83,0.5956771373748779,t3_rho0.75_n800,t3,800,0.75,0.375
True,5,5,0.4137523323388125,0.8559549625790357,0.8124753988885998,0.12732910865648842,-3.43617108238592,0.45208697063258146,198.9937252371165,2.616506156583589e-37,equivalent,True,1.0,1.0,9.047086981138108e-07,7.970841528986658e-07,True,84,0.5998878479003906,t3_rho0.75_n800,t3,800,0.75,0.375
True,5,5,0.37888949858586957,0.7177862606932583,0.6751508253640456,0.1111809705562473,-5.170391765424766,0.4142528812287185,189.78711555093872,2.1651362865660613e-35,equivalent,True,1.0,0.9970149253731343,9.779732208389224e-07,6.674577838738107e-07,True,85,0.5894122123718262,t3_rho0.75_n800,t3,800,0.75,0.375
True,5,5,0.3870752739055892,0.7491363383454346,0.7072521174684124,0.11714445157487816,-4.633150569531377,0.42424935910819994,197.1905414157145,6.217671706475788e-37,equivalent,True,0.9970149253731343,1.0,9.388824333885642e-07,9.903422465772955e-07,True,86,0.6061360836029053,t3_rho0.75_n800,t3,800,0.75,0.375
False,5,6,,,,,,,,,not_applicable,False,1.0,1.0,9.41902645922693e-07,8.366826568478593e-07,False,87,0.612544059753418,t3_rho0.75_n800,t3,800,0.75,0.375
True,5,5,0.3416975681267212,0.5837861403185763,0.5422386692559431,0.09967947079627026,-7.100372073509638,0.37581825616321296,147.22131051032773,1.3892074797080684e-26,equivalent,True,1.0,0.9970149253731343,6.286785313604308e-07,8.608245545607917e-07,True,88,0.5799131393432617,t3_rho0.75_n800,t3,800,0.75,0.375
True,5,5,0.43835920398184747,0.9607939585779949,0.919586646869348,0.1205960811881937,-2.739834909021897,0.47285294720618637,275.4943647184099,2.3226346471648393e-53,equivalent,True,1.0,1.0,9.803640295571122e-07,9.212604534262495e-07,True,89,0.6027798652648926,t3_rho0.75_n800,t3,800,0.75,0.375
True,5,5,0.3544022739575001,0.6280048589312348,0.5812628499026629,0.10121907301641514,-6.606829426198016,0.38671783234559515,173.1469450717285,6.183616079796608e-32,equivalent,True,0.9940298507462687,1.0,9.90812752503542e-07,7.314923648034387e-07,True,90,0.6236121654510498,t3_rho0.75_n800,t3,800,0.75,0.375
True,5,5,0.3879104015095309,0.7523723979964273,0.7102630614761315,0.10897315096219141,-4.952935046460499,0.42178381763093337,215.50979649269837,9.29928035453956e-41,equivalent,True,1.0,0.991044776119403,9.144081580173369e-07,9.896549435484125e-07,True,91,0.5961380004882812,t3_rho0.75_n800,t3,800,0.75,0.375
True,5,5,0.39924942620380405,0.7970005216203337,0.7499782599388346,0.12933498946881936,-3.8660979686530443,0.43879730775344383,179.28226170029123,3.30189537737477e-33,equivalent,True,0.9970149253731343,0.9940298507462687,9.84261861599397e-07,9.381920253099668e-07,True,92,0.6143128871917725,t3_rho0.75_n800,t3,800,0.75,0.375
True,5,5,0.4082111193320714,0.8331815897317131,0.7883998859942737,0.13171690228399988,-3.5044865617204737,0.4483424830298649,183.01187887153623,5.54947003354415e-34,equivalent,True,0.9970149253731343,1.0,7.081985472899864e-07,8.62992083091984e-07,True,93,0.6150779724121094,t3_rho0.75_n800,t3,800,0.75,0.375
True,5,5,0.39218549037974,0.7690472943219856,0.7274154879987816,0.11301083642522612,-4.624198249758001,0.42738782672828535,209.52950703010742,1.6543755542634853e-39,equivalent,True,1.0,1.0,9.892372452357895e-07,9.417713862941049e-07,True,94,0.60237717628479,t3_rho0.75_n800,t3,800,0.75,0.375
True,5,5,0.4257496236242627,0.9063137100810069,0.8596573771079126,0.13286729336255906,-2.93783829724707,0.4643715379948567,209.50528278234657,1.6737686723266124e-39,equivalent,True,1.0,1.0,9.956635420395697e-07,9.041095484973713e-07,True,95,0.6341879367828369,t3_rho0.75_n800,t3,800,0.75,0.375
True,5,5,0.3940094625508662,0.7762172828981123,0.7346659586614565,0.1155904066745691,-4.4582769121091905,0.43006865924429255,190.69051970908095,1.404347209096991e-35,equivalent,True,1.0,1.0,8.287134777368531e-07,9.367146597147709e-07,True,96,0.5857071876525879,t3_rho0.75_n800,t3,800,0.75,0.375
True,5,5,0.4055080250279473,0.8221837918103316,0.7707932712958744,0.12716792949908556,-3.7682985843342798,0.4427111702598782,187.55812159593785,6.298017219281481e-35,equivalent,True,1.0,0.991044776119403,8.780030884843884e-07,9.695497727277526e-07,True,97,0.643671989440918,t3_rho0.75_n800,t3,800,0.75,0.375
True,5,5,0.41354185785147984,0.855084340976268,0.8111015476923064,0.11764455402279081,-3.7307162745728766,0.44824315255623975,228.03909688064516,2.2131655475725094e-43,equivalent,True,0.9970149253731343,1.0,9.969783896678272e-07,8.747079388364875e-07,True,98,0.6096000671386719,t3_rho0.75_n800,t3,800,0.75,0.375
True,5,5,0.37511312818505677,0.7035492946838942,0.6604952729534277,0.11691750482631076,-5.04205702920468,0.4129909090575969,158.67346044115192,6.086274887014214e-29,equivalent,True,1.0,1.0,9.493655210337374e-07,9.30030818239319e-07,True,99,0.6137909889221191,t3_rho0.75_n800,t3,800,0.75,0.375
True,5,5,0.3671531027110807,0.6740070041518669,0.6301990873842701,0.11320190929994292,-5.475180731921122,0.40407911563804255,158.4930607550951,6.63092685143009e-29,equivalent,True,1.0,1.0,9.69201550438499e-07,9.252390246193973e-07,True,100,0.6109480857849121,t3_rho0.75_n800,t3,800,0.75,0.375
True,5,5,0.3674197205411674,0.6749862552127477,0.6321813344634647,0.11202931050105629,-5.51479485835727,0.40409235384154446,167.46684825373575,9.277101315330872e-31,equivalent,True,0.9940298507462687,1.0,9.802503057044148e-07,9.304685483473585e-07,True,101,0.6008660793304443,t3_rho0.75_n800,t3,800,0.75,0.375
True,5,5,0.41301546746538864,0.8529088818282675,0.8156881162841744,0.11470240469920734,-3.786423526644921,0.44818674292614263,237.1615366600521,2.701749064319758e-45,equivalent,True,1.0,1.0,9.614842808424774e-07,9.845120169105134e-07,True,102,0.577059268951416,t3_rho0.75_n800,t3,800,0.75,0.375
True,5,5,0.3598062266265756,0.6473026035962735,0.6000794880798386,0.11608979420411118,-5.5984293569980785,0.3977512305772342,140.29655477723384,3.6640448149603595e-25,equivalent,True,0.9940298507462687,0.9970149253731343,8.949258568122594e-07,9.56030826849764e-07,True,103,0.6352899074554443,t3_rho0.75_n800,t3,800,0.75,0.375
True,5,5,0.3740808837998117,0.6996825381222411,0.6602562142143646,0.10435046503384604,-5.651568352803719,0.4078964219258019,197.62093473355299,5.0572847047632885e-37,equivalent,True,1.0,1.0,9.284710624604322e-07,9.75714478790223e-07,True,104,0.575343132019043,t3_rho0.75_n800,t3,800,0.75,0.375
True,5,5,0.35761718322116104,0.6394502486751873,0.5957447555694818,0.1107271300973734,-5.908716715182326,0.39442988657353895,148.96519315433505,6.0850014329625e-27,equivalent,True,1.0,0.9970149253731343,7.828669711492567e-07,9.015914704760783e-07,True,105,0.6124258041381836,t3_rho0.75_n800,t3,800,0.75,0.375
True,5,5,0.3800839915066681,0.7223192029982048,0.6850145097449466,0.107539116966256,-5.253767244828099,0.41518685343494477,194.4824275508402,2.2798941837204688e-36,equivalent,True,1.0,0.9970149253731343,6.050711241772607e-07,8.912598440285425e-07,True,106,0.5678231716156006,t3_rho0.75_n800,t3,800,0.75,0.375
True,5,5,0.4125259364590508,0.850888241257084,0.8101085171020681,0.12149678443838614,-3.6206018532203306,0.44943363106213774,206.08987952496628,8.651026515423264e-39,equivalent,True,0.9940298507462687,1.0,8.237082414868266e-07,9.635932428275038e-07,True,107,0.59161376953125,t3_rho0.75_n800,t3,800,0.75,0.375
True,5,5,0.369215720229518,0.6816012403230085,0.635020611126274,0.11524097090421119,-5.3364648357995845,0.40609731348322775,162.50820295582866,9.831106450535523e-30,equivalent,True,1.0,0.9970149253731343,8.567639976513958e-07,8.965673820058033e-07,True,108,0.6094152927398682,t3_rho0.75_n800,t3,800,0.75,0.375
True,5,5,0.3585984288015138,0.6429641656945719,0.6020691806226945,0.10402357363649889,-6.2286921774235715,0.393235993522247,173.32933575181244,5.66818798882867e-32,equivalent,True,0.9940298507462687,0.9970149253731343,8.904375647012376e-07,9.92972820872975e-07,True,109,0.5766592025756836,t3_rho0.75_n800,t3,800,0.75,0.375
True,5,5,0.3713988841335272,0.6896856556781457,0.651124335662661,0.10378419819265207,-5.770393516223546,0.40542179282325097,186.97794586923544,8.315035988172653e-35,equivalent,True,0.9970149253731343,1.0,9.159934347799989e-07,6.641824117131775e-07,True,110,0.5744810104370117,t3_rho0.75_n800,t3,800,0.75,0.375
True,5,5,0.38169881417309726,0.728469923705743,0.6802607219229275,0.12550789666875783,-4.539469572824857,0.42111823540891324,151.3535129677536,1.962893501629221e-27,equivalent,True,1.0,0.9940298507462687,8.153027881233446e-07,9.378953567067667e-07,True,111,0.6279962062835693,t3_rho0.75_n800,t3,800,0.75,0.375
True,5,5,0.36679263736471046,0.6726841941247999,0.6302810837738261,0.1062383857065349,-5.833286265644508,0.4012549508291927,169.56558723349656,3.4123188619710904e-31,equivalent,True,1.0,1.0,9.560671737101944e-07,8.735523461318737e-07,True,112,0.587087869644165,t3_rho0.75_n800,t3,800,0.75,0.375
True,5,5,0.4191693106083065,0.8785145547792146,0.8429521733421165,0.1085462696923648,-3.7499936921970103,0.45199444658925964,277.71949527562566,7.882646214973794e-54,equivalent,True,1.0,0.9970149253731343,7.50930506402431e-07,9.001557871194116e-07,True,113,0.5547208786010742,t3_rho0.75_n800,t3,800,0.75,0.375
True,5,5,0.4005033763639491,0.8020147723946153,0.754302368619654,0.1244115720980803,-3.98433701158893,0.43793634108621676,189.40246661618198,2.603300298423635e-35,equivalent,True,0.991044776119403,0.9970149253731343,7.886699919892607e-07,9.240210760273357e-07,True,114,0.6172769069671631,t3_rho0.75_n800,t3,800,0.75,0.375
True,5,5,0.38094555123772167,0.7255975650390583,0.6847777663409582,0.11034396582423041,-5.122366496772448,0.4162396998699554,190.0914333011908,1.8713578427185682e-35,equivalent,True,1.0,0.9970149253731343,9.787434665745452e-07,9.297637223580661e-07,True,115,0.5954737663269043,t3_rho0.75_n800,t3,800,0.75,0.375
True,5,5,0.39256478298894437,0.7705355442157851,0.7210163063402677,0.12082811300329105,-4.377985226379594,0.4288964598248471,188.8725116563421,3.355734342476673e-35,equivalent,True,1.0,1.0,8.296630825815921e-07,9.993197149988268e-07,True,116,0.6220259666442871,t3_rho0.75_n800,t3,800,0.75,0.375
True,5,5,0.4128076243789006,0.8520506737267575,0.8110770418262359,0.11904973858448176,-3.686887206915532,0.4487530358949219,227.03045124641937,3.6008628929561344e-43,equivalent,True,1.0,0.9970149253731343,8.841685936328581e-07,8.690740037681832e-07,True,117,0.5854578018188477,t3_rho0.75_n800,t3,800,0.75,0.375
True,5,5,0.30502245875560796,0.4651935017265828,0.42324197669861224,0.09026937612150955,-9.15878738530892,0.33814845479899025,115.26393027189096,4.6116569346904865e-20,equivalent,True,1.0,0.9970149253731343,9.804154222258681e-07,9.837721772298593e-07,True,118,0.5940098762512207,t3_rho0.75_n800,t3,800,0.75,0.375
True,5,5,0.38403532487705555,0.7374156537671281,0.6972458093707783,0.11427935043947256,-4.836868502520803,0.42076563866998523,185.8160875294513,1.4502698721934124e-34,equivalent,True,1.0,1.0,9.193526906970618e-07,7.638570501811051e-07,True,119,0.5973629951477051,t3_rho0.75_n800,t3,800,0.75,0.375
True,5,5,0.37741460760331275,0.7122089301618126,0.6660075231113459,0.1192817701881937,-4.895907194932429,0.41526102042801666,153.55108345183316,6.924762220261101e-28,equivalent,True,1.0,0.9970149253731343,9.835295526779445e-07,8.635136582436382e-07,True,120,0.6035630702972412,t3_rho0.75_n800,t3,800,0.75,0.375
True,5,5,0.37074687488986763,0.6872662262030157,0.6444397367619014,0.1109782096314066,-5.456569044043457,0.40668972138147313,163.62942358564658,5.76669312355371e-30,equivalent,True,0.9970149253731343,0.9970149253731343,7.258875415671021e-07,9.741177858840823e-07,True,121,0.5987720489501953,t3_rho0.75_n800,t3,800,0.75,0.375
True,5,5,0.41317180796022707,0.8535547144656137,0.8084603272263451,0.1329472971184798,-3.321163215376723,0.45324147451112007,179.92225268618625,2.431704579125359e-33,equivalent,True,1.0,1.0,9.18933994896295e-07,9.229637458151137e-07,True,122,0.6279661655426025,t3_rho0.75_n800,t3,800,0.75,0.375
True,5,5,0.3849933385889002,0.7410993537891379,0.696785521778926,0.119666793757531,-4.622957303778003,0.42275758574309574,168.30408678646256,6.225380336591379e-31,equivalent,True,1.0,1.0,8.096313132808412e-07,9.295346735851952e-07,True,123,0.6088030338287354,t3_rho0.75_n800,t3,800,0.75,0.375
True,5,5,0.3766421622058181,0.7092965917553689,0.6699181252845671,0.10798026218511798,-5.3721102632716216,0.41171102758583705,184.8307491910861,2.3242229278573635e-34,equivalent,True,1.0,1.0,9.967337560534814e-07,9.914247523420043e-07,True,124,0.5718820095062256,t3_rho0.75_n800,t3,800,0.75,0.375
True,5,5,0.40075935995965206,0.8030403229763499,0.7648665764175834,0.11216653976326066,-4.325117139267575,0.4357439881787881,220.94330258912635,6.783129658571408e-42,equivalent,True,1.0,0.9940298507462687,9.886507081324525e-07,7.306165718754849e-07,True,125,0.577207088470459,t3_rho0.75_n800,t3,800,0.75,0.375
True,5,5,0.34057496186076397,0.5799565232323042,0.5377481846097965,0.09878527128022756,-7.210101325426687,0.37422867243557484,150.1831788547697,3.4176711240345726e-27,equivalent,True,1.0,0.9970149253731343,8.050917107141917e-07,8.688874286049339e-07,True,126,0.5886740684509277,t3_rho0.75_n800,t3,800,0.75,0.375
True,5,5,0.36889887219885187,0.6804318895479242,0.6368158309994345,0.1088806216894173,-5.6317107625420935,0.40395755135657596,174.5293538596938,3.196747278005256e-32,equivalent,True,1.0,1.0,7.172882577142569e-07,9.82124070289196e-07,True,127,0.5965471267700195,t3_rho0.75_n800,t3,800,0.75,0.375
True,5,5,0.38641517821754995,0.7465834497845044,0.6966993888382672,0.1217929190277502,-4.542962066913469,0.42356367016968516,169.88175489769662,2.934889345880385e-31,equivalent,True,1.0,1.0,9.345356465815384e-07,9.323159457323544e-07,True,128,0.6277129650115967,t3_rho0.75_n800,t3,800,0.75,0.375
True,5,5,0.381212380898989,0.7266143967533795,0.6850095481906207,0.10283639551725172,-5.494070936340793,0.41331836792956306,219.2172248201539,1.5586353624941466e-41,equivalent,True,1.0,1.0,8.4275403827438e-07,9.953971887169274e-07,True,129,0.6011557579040527,t3_rho0.75_n800,t3,800,0.75,0.375
True,5,5,0.4030607278052393,0.8122897514944462,0.7621913889524807,0.125113218330432,-3.8989374388818416,0.4399964363271283,184.20057930559932,3.1423184132826134e-34,equivalent,True,1.0,1.0,8.908283203554427e-07,9.293545710330862e-07,True,130,0.6453371047973633,t3_rho0.75_n800,t3,800,0.75,0.375
True,5,5,0.41036911314032126,0.8420140450978688,0.7973391073253808,0.12179795400829409,-3.7164901197256097,0.44669428331492933,224.79846355600762,1.0569831643908099e-42,equivalent,True,0.9970149253731343,1.0,9.332897931345867e-07,8.664991421865041e-07,True,131,0.6186380386352539,t3_rho0.75_n800,t3,800,0.75,0.375
True,5,5,0.43529636317129816,0.9474146189507936,0.9052582688872942,0.12532047240854027,-2.7508811967198787,0.47146412428937867,252.1503908734317,1.9161665948716137e-48,equivalent,True,0.9970149253731343,1.0,9.942183799956879e-07,9.07385071232581e-07,True,132,0.593491792678833,t3_rho0.75_n800,t3,800,0.75,0.375
True,5,5,0.4278874700376577,0.9154384350761371,0.8669414478452842,0.13593403889394554,-2.8179737413200425,0.46701885288415346,207.250800920352,4.950382219656289e-39,equivalent,True,1.0,1.0,7.697917825635422e-07,9.105942541288945e-07,True,133,0.62837815284729,t3_rho0.75_n800,t3,800,0.75,0.375
True,5,5,0.3702440483331704,0.685403276630675,0.6431783469343075,0.10671304319747037,-5.686480629577596,0.4046493996240933,180.07425303748977,2.2612816890808695e-33,equivalent,True,1.0,0.9970149253731343,9.994437351015773e-07,9.802246849974937e-07,True,134,0.6081910133361816,t3_rho0.75_n800,t3,800,0.75,0.375
True,5,5,0.39041288854032985,0.76211111769202,0.720973053353028,0.10955118992041982,-4.829038799407544,0.4245394505650753,206.49586821848249,7.116940597801077e-39,equivalent,True,1.0,1.0,9.108360164835977e-07,9.91450418652577e-07,True,135,0.5873699188232422,t3_rho0.75_n800,t3,800,0.75,0.375
True,5,5,0.4062404592901382,0.825156553821312,0.7859881244252317,0.10966776321643018,-4.231069021249547,0.4396306500942426,245.11398951895112,5.775692635526475e-47,equivalent,True,0.991044776119403,1.0,8.070039411640666e-07,9.656074559742058e-07,True,136,0.5935471057891846,t3_rho0.75_n800,t3,800,0.75,0.375
True,5,5,0.38802689893860876,0.7528243714995664,0.7047649799398932,0.1182768851138412,-4.609818896864924,0.4241021441596157,181.81121341828162,9.855220167095431e-34,equivalent,True,1.0,1.0,9.754508738637354e-07,9.76748484832999e-07,True,137,0.6161220073699951,t3_rho0.75_n800,t3,800,0.75,0.375
True,5,5,0.39156576234703294,0.7666187312120654,0.7241500670075135,0.11431584634710486,-4.599974105040636,0.4271259536693073,188.06131853771114,4.9492548335116e-35,equivalent,True,0.9940298507462687,0.9970149253731343,9.873810668024671e-07,9.56311538757961e-07,True,138,0.602557897567749,t3_rho0.75_n800,t3,800,0.75,0.375
True,5,5,0.3850444747333235,0.7412962376133049,0.6922884673367504,0.12610196993554956,-4.422702777349907,0.4241951791218199,152.42820081373412,1.1793873445593565e-27,equivalent,True,1.0,1.0,6.70117290327254e-07,9.68854998777047e-07,True,139,0.6334681510925293,t3_rho0.75_n800,t3,800,0.75,0.375
True,5,5,0.3801405500710537,0.7225341890416164,0.6801739433005798,0.1079342945331302,-5.279379081173438,0.41417630524592963,194.52171112467025,2.237337735391386e-36,equivalent,True,1.0,0.9850746268656716,9.38909629458298e-07,9.4726703339226e-07,True,140,0.575343132019043,t3_rho0.75_n800,t3,800,0.75,0.375
True,5,5,0.37236964208758605,0.6932957517421848,0.6536716636505849,0.09746412901971459,-6.118439084689225,0.4034813229299043,221.42201719291748,5.385224373945392e-42,equivalent,True,1.0,1.0,9.59220488550973e-07,9.305571187527918e-07,True,141,0.5952398777008057,t3_rho0.75_n800,t3,800,0.75,0.375
True,5,5,0.3283535489485775,0.5390802655356294,0.5010104185808039,0.09640611705178542,-7.769108479048788,0.3632036260484582,135.96105210926027,2.8293420046069313e-24,equivalent,True,1.0,1.0,7.793719469447401e-07,8.819554941441485e-07,True,142,0.6055631637573242,t3_rho0.75_n800,t3,800,0.75,0.375
True,5,5,0.39100193048477,0.7644125482140846,0.7211073463279577,0.12355174696487084,-4.280737963360575,0.4299609018130174,190.81964756107476,1.3200734662417145e-35,equivalent,True,1.0,0.9970149253731343,9.83693569501564e-07,8.669809821778182e-07,True,143,0.6301620006561279,t3_rho0.75_n800,t3,800,0.75,0.375
True,5,5,0.3779842189836157,0.7143603490032697,0.6697616866374861,0.11089787501338624,-5.232186038663722,0.41283712492324753,175.13769510741494,2.391016468708168e-32,equivalent,True,1.0,1.0,9.965258789252774e-07,9.887494045201788e-07,True,144,0.6116969585418701,t3_rho0.75_n800,t3,800,0.75,0.375
True,5,5,0.39530920352888554,0.7813468319732093,0.7366708018544013,0.12482185019989644,-4.112494706043258,0.43404711147028596,167.91506150631636,7.493255999183226e-31,equivalent,True,1.0,1.0,9.55136820864017e-07,9.127613791291089e-07,True,145,0.6144287586212158,t3_rho0.75_n800,t3,800,0.75,0.375
True,5,5,0.4307588074814002,0.9277657511139901,0.8797323351542743,0.13851774600909256,-2.6730702419993224,0.47065353543226957,203.3906914407832,3.166026682894123e-38,equivalent,True,0.9970149253731343,1.0,9.759534684959766e-07,9.783749549931049e-07,True,146,0.6335020065307617,t3_rho0.75_n800,t3,800,0.75,0.375
True,5,5,0.46003765557542675,1.058173222736675,1.0146641915159376,0.13693579369973527,-1.7185850545409107,0.4979766115878186,254.3980564557955,6.4513679447619294e-49,equivalent,True,1.0,1.0,9.532772633452964e-07,8.372114633743645e-07,True,147,0.6218879222869873,t3_rho0.75_n800,t3,800,0.75,0.375
True,5,5,0.3469512994228687,0.6018760208560854,0.553240009932156,0.11672341647507559,-5.969324845941482,0.3860655241979919,117.79432327915717,1.4172405793635956e-20,equivalent,True,1.0,1.0,8.687886776638601e-07,9.466925796544515e-07,True,148,0.6196768283843994,t3_rho0.75_n800,t3,800,0.75,0.375
True,5,5,0.38293638559436644,0.7332013770603866,0.684964490318695,0.11951573151665172,-4.727708248203129,0.4198929327296705,169.0907196639563,4.279104482669073e-31,equivalent,True,0.9940298507462687,1.0,9.680980133682319e-07,9.449079949008355e-07,True,149,0.624147891998291,t3_rho0.75_n800,t3,800,0.75,0.375
True,5,5,0.37206158101388537,0.6921491003327598,0.6463401685291119,0.11692603672512918,-5.162749447242254,0.40955253243546225,152.0908765573144,1.383912764963009e-27,equivalent,True,1.0,1.0,6.779606135989238e-07,7.949633123818676e-07,True,150,0.6272671222686768,t3_rho0.75_n800,t3,800,0.75,0.375
True,5,5,0.3364819660007353,0.5661005672185999,0.5199593943591736,0.10392592916086485,-7.024624283231678,0.37172633371170355,130.60027544605606,3.523396354899875e-23,equivalent,True,1.0,0.9970149253731343,9.292749168585253e-07,9.942978648761483e-07,True,151,0.6212310791015625,t3_rho0.75_n800,t3,800,0.75,0.375
True,5,5,0.374889050301078,0.7027090001782209,0.661895081654754,0.10706129842585196,-5.493160712529122,0.4093886287323209,186.68029963603652,9.588702959487338e-35,equivalent,True,1.0,1.0,7.508215050766752e-07,8.970147486661828e-07,True,152,0.5826609134674072,t3_rho0.75_n800,t3,800,0.75,0.375
True,5,5,0.42139236340583125,0.8878576196837608,0.8428765951113306,0.1299617993092222,-3.132639029719709,0.45970528212546,204.99377422770263,1.4652501923127746e-38,equivalent,True,1.0,1.0,9.498042351085309e-07,7.501574178379671e-07,True,153,0.6119091510772705,t3_rho0.75_n800,t3,800,0.75,0.375
True,5,5,0.395933026730362,0.7838148082793278,0.742061988874219,0.10749137343213284,-4.725383953220017,0.4286885966129862,223.77835619562813,1.728829763050532e-42,equivalent,True,1.0,1.0,8.393620051987858e-07,8.793918558392135e-07,True,154,0.5958657264709473,t3_rho0.75_n800,t3,800,0.75,0.375
True,5,5,0.4008572346567962,0.8034326128834688,0.7614665612169511,0.11638427652904641,-4.197589686104411,0.4365550734067527,202.91041719584956,3.9878526430010515e-38,equivalent,True,1.0,1.0,8.87893515515888e-07,9.092401694736229e-07,True,155,0.5935111045837402,t3_rho0.75_n800,t3,800,0.75,0.375
True,5,5,0.35585121272753584,0.6331504279982898,0.5934327627698824,0.10393792088928375,-6.316917171447974,0.3909975521464082,155.65126066858517,2.5564842496809797e-28,equivalent,True,1.0,1.0,9.119153078661996e-07,9.258021726646677e-07,True,156,0.5765941143035889,t3_rho0.75_n800,t3,800,0.75,0.375
True,5,5,0.36250689159327926,0.6570562322631077,0.6168906708354998,0.10160854453230347,-6.230867020865766,0.395985316353705,191.17342448105626,1.1141912648365668e-35,equivalent,True,1.0,1.0,9.089703512931322e-07,9.405867544405485e-07,True,157,0.5801739692687988,t3_rho0.75_n800,t3,800,0.75,0.375
True,5,5,0.3698259655099738,0.6838562238269217,0.6434730141925787,0.10816420012956464,-5.607465178690288,0.4053115569736442,180.33914754925104,1.9923156837607835e-33,equivalent,True,1.0,1.0,7.702949169141019e-07,9.244505379407312e-07,True,158,0.5904600620269775,t3_rho0.75_n800,t3,800,0.75,0.375
True,5,5,0.4063531862756369,0.8256145599818122,0.7775794739146936,0.13155474930922043,-3.59105641237534,0.44586270991386046,182.02253902511904,8.907850120531972e-34,equivalent,True,1.0,1.0,8.623431374046426e-07,9.426077862930982e-07,True,159,0.6350111961364746,t3_rho0.75_n800,t3,800,0.75,0.375
True,5,5,0.37556138002620376,0.7052317508359331,0.6659281418381363,0.10689941267448698,-5.4637517975929955,0.4103076963681642,185.61240488455206,1.598798194526627e-34,equivalent,True,1.0,1.0,7.669091254669781e-07,7.093317208906693e-07,True,160,0.5695090293884277,t3_rho0.75_n800,t3,800,0.75,0.375
True,5,5,0.38110302494724485,0.7261975781197016,0.6794819003916287,0.1086360667138076,-5.2516453961036005,0.4142879020062201,202.08290183531113,5.934773772164697e-38,equivalent,True,1.0,1.0,7.221907183670441e-07,6.883146065077385e-07,True,161,0.6248807907104492,t3_rho0.75_n800,t3,800,0.75,0.375
True,5,5,0.3563717671005724,0.635004181931923,0.5912682712411621,0.10424854751912042,-6.3188576189804335,0.39057441614432714,161.74626876298652,1.4125160857437801e-29,equivalent,True,1.0,0.9970149253731343,9.603245610537781e-07,8.926954925448103e-07,True,162,0.6083378791809082,t3_rho0.75_n800,t3,800,0.75,0.375
True,5,5,0.3493830057080734,0.6103424233880383,0.5634778128080846,0.10521422529606916,-6.524993984986971,0.3838071945373649,151.96412025292406,1.4696185828811685e-27,equivalent,True,1.0,0.9880597014925373,7.99727892390008e-07,8.742239239380066e-07,True,163,0.6164669990539551,t3_rho0.75_n800,t3,800,0.75,0.375
True,5,5,0.4192577678835017,0.8788853796532812,0.8345441782330382,0.13030543181253437,-3.1883231265805008,0.458012563225369,191.32868480931594,1.0342859150517774e-35,equivalent,True,1.0,0.9970149253731343,9.867673380001172e-07,8.395307478152293e-07,True,164,0.6059889793395996,t3_rho0.75_n800,t3,800,0.75,0.375
True,5,5,0.3594231927107046,0.6459251572917815,0.5986811922859984,0.11244445055813514,-5.792360623232908,0.3958878261874473,146.3705364909968,2.0777014273546014e-26,equivalent,True,1.0,0.9970149253731343,9.658111341055387e-07,9.243735690291858e-07,True,165,0.6189010143280029,t3_rho0.75_n800,t3,800,0.75,0.375
True,5,5,0.39150022373996995,0.7663621259422326,0.72840818104516,0.10668547791842276,-4.889061089960867,0.4251800033732369,218.82122043360084,1.8863576064481117e-41,equivalent,True,1.0,1.0,8.786065461832731e-07,9.153354529971766e-07,True,166,0.5675997734069824,t3_rho0.75_n800,t3,800,0.75,0.375
True,5,5,0.4034786753199762,0.8139752071898139,0.7716738662810808,0.12011532669847667,-3.9822239747942625,0.44028309008035527,198.05685794641263,4.102476993200337e-37,equivalent,True,0.9970149253731343,1.0,9.53841313087951e-07,9.437515184196237e-07,True,167,0.5816659927368164,t3_rho0.75_n800,t3,800,0.75,0.375
True,5,5,0.3915739319577858,0.7666507209444031,0.7252760066761254,0.11361828702812375,-4.618305794330366,0.42712093326886896,198.61770792084718,3.1341583118333214e-37,equivalent,True,1.0,1.0,8.708510255749495e-07,9.647188387180048e-07,True,168,0.5929880142211914,t3_rho0.75_n800,t3,800,0.75,0.375
True,5,5,0.41002854778977654,0.8406170500129654,0.801422238077153,0.11794858879292842,-3.8031634503942566,0.4461906323864294,217.01796400905798,4.4973378003750813e-41,equivalent,True,1.0,1.0,9.358831264494059e-07,9.309146564223505e-07,True,169,0.5876719951629639,t3_rho0.75_n800,t3,800,0.75,0.375
True,5,5,0.3462127021317165,0.5993161755867233,0.5576021567411339,0.10147933023240338,-6.8230430933389865,0.3806627907044524,152.72122497072053,1.0264044216569607e-27,equivalent,True,0.9970149253731343,1.0,8.814257367299218e-07,9.802244815913445e-07,True,170,0.5921139717102051,t3_rho0.75_n800,t3,800,0.75,0.375
True,5,5,0.3892487071946911,0.7575727802636919,0.7146825136050504,0.11876228924721098,-4.5074702566624785,0.4266214002645402,182.0004960650858,9.002257801032808e-34,equivalent,True,0.9970149253731343,0.9970149253731343,9.634186945699577e-07,7.860449377772067e-07,True,171,0.5923500061035156,t3_rho0.75_n800,t3,800,0.75,0.375
True,5,5,0.3419032009427706,0.5844889940745629,0.544507910049557,0.09824634473651137,-7.180848222318244,0.37579482873614223,156.9691017484607,1.367513305084134e-28,equivalent,True,1.0,1.0,8.615734033757862e-07,9.139505937654704e-07,True,172,0.5897510051727295,t3_rho0.75_n800,t3,800,0.75,0.375
True,5,5,0.40696322043446576,0.8280953139319577,0.7860632890075042,0.12040020006828259,-3.8532885388012916,0.44364490186984046,202.65762243531248,4.502865347840974e-38,equivalent,True,0.9970149253731343,0.9970149253731343,9.772377551751349e-07,9.043605894324104e-07,True,173,0.5947599411010742,t3_rho0.75_n800,t3,800,0.75,0.375
True,5,5,0.4107718312367255,0.8436674866878645,0.7975452878274368,0.13161971837926395,-3.43759064176698,0.45034219411063414,182.9594806431964,5.6903339170123715e-34,equivalent,True,1.0,0.9970149253731343,8.090888348600977e-07,7.369397721990878e-07,True,174,0.632239818572998,t3_rho0.75_n800,t3,800,0.75,0.375
True,5,5,0.3845394472094704,0.7393529323008253,0.6985444862606958,0.11218134657579357,-4.915750528691702,0.42025382355243124,197.17774139297634,6.255984681161874e-37,equivalent,True,1.0,1.0,9.972499390664673e-07,8.873362656519512e-07,True,175,0.5820877552032471,t3_rho0.75_n800,t3,800,0.75,0.375
True,5,5,0.3373366831477173,0.568980188985517,0.5242364940909621,0.10335645741487229,-7.021946417879117,0.37262386878423936,129.923776391524,4.8415260506896947e-23,equivalent,True,0.9970149253731343,0.9970149253731343,8.375157985582291e-07,9.94751985509755e-07,True,176,0.612220048904419,t3_rho0.75_n800,t3,800,0.75,0.375
True,5,5,0.31243549647419355,0.4880796972853791,0.4487242313484425,0.08756769834324171,-9.150357766750624,0.3443138909693061,141.16743716761647,2.429092852481839e-25,equivalent,True,0.9970149253731343,0.9970149253731343,8.060480013210365e-07,6.698655887552332e-07,True,177,0.5761477947235107,t3_rho0.75_n800,t3,800,0.75,0.375
True,5,5,0.37108273557479304,0.6885119832083588,0.6457875916575172,0.11059025324301332,-5.463523146246658,0.40686419621533904,165.87543968989678,1.979698232757935e-30,equivalent,True,1.0,1.0,9.126708714872282e-07,9.811651131093467e-07,True,178,0.6086997985839844,t3_rho0.75_n800,t3,800,0.75,0.375
True,5,5,0.3764147292452156,0.7084402419637448,0.6662270977004169,0.11448927239887938,-5.09893101832043,0.41341146395637085,166.03356680162798,1.8361026155400756e-30,equivalent,True,1.0,1.0,9.53586613404913e-07,8.953248963555562e-07,True,179,0.5956130027770996,t3_rho0.75_n800,t3,800,0.75,0.375
True,5,5,0.37558427772021385,0.7053177483530737,0.6630915754599624,0.11518671693877312,-5.095278693045879,0.4129302276640294,177.87798537737342,6.459426082871846e-33,equivalent,True,1.0,1.0,9.07135643566319e-07,8.348583141808542e-07,True,180,0.6016659736633301,t3_rho0.75_n800,t3,800,0.75,0.375
True,5,5,0.36169590032955884,0.6541196215760507,0.6107135690740917,0.10844392621133067,-5.895087472949804,0.3972626220584204,156.65427905323867,1.588006945683153e-28,equivalent,True,1.0,0.9940298507462687,9.76339212377519e-07,9.536721812812448e-07,True,181,0.5974788665771484,t3_rho0.75_n800,t3,800,0.75,0.375
True,5,5,0.36842290399007993,0.6786771809224184,0.6295320374068188,0.11174296624447118,-5.552635512070816,0.4033194418126538,169.26812142069673,3.932150743991995e-31,equivalent,True,1.0,1.0,9.87857743042232e-07,9.544700460040525e-07,True,182,0.6317391395568848,t3_rho0.75_n800,t3,800,0.75,0.375
True,5,5,0.3817876242851455,0.7288089502864772,0.6804412303188894,0.11515492308643717,-4.946021884392997,0.4170981235198579,172.12159892806574,1.0085513776615955e-31,equivalent,True,0.9970149253731343,0.9970149253731343,9.920896200219816e-07,9.22437583526778e-07,True,183,0.6022439002990723,t3_rho0.75_n800,t3,800,0.75,0.375
True,5,5,0.38496170466961743,0.7409775703106889,0.695719103965165,0.11493299230804317,-4.8226439154151,0.42065830628181716,189.44124072850892,2.555384987762899e-35,equivalent,True,0.991044776119403,1.0,7.867072322002249e-07,9.341092447441389e-07,True,184,0.6327011585235596,t3_rho0.75_n800,t3,800,0.75,0.375
True,5,5,0.3285842689216335,0.5398381089138219,0.48887882787328485,0.10576697035951636,-7.196208509514459,0.3641016376455355,114.9039223183206,5.453748460039915e-20,equivalent,True,0.9880597014925373,1.0,9.234531899284999e-07,7.525724011237356e-07,True,185,0.6394171714782715,t3_rho0.75_n800,t3,800,0.75,0.375
True,5,5,0.3327669281673223,0.5536691424095792,0.5107707984396965,0.1010814366283859,-7.313204345106346,0.36797689223519525,138.9379418888093,6.955433846330157e-25,equivalent,True,1.0,1.0,9.675952112607652e-07,9.747658945938801e-07,True,186,0.6080148220062256,t3_rho0.75_n800,t3,800,0.75,0.375
True,5,5,0.37158262487023225,0.6903682355272586,0.6504132838272771,0.10835751486662049,-5.533411475067203,0.40709839969301914,172.70012077373127,7.65303174311586e-32,equivalent,True,1.0,0.9970149253731343,9.660840998536485e-07,9.523822719042063e-07,True,187,0.5800549983978271,t3_rho0.75_n800,t3,800,0.75,0.375
True,5,5,0.3633581273141049,0.6601456434260662,0.6155874934938895,0.11057607470006392,-5.737339729475347,0.3993667364762235,159.1184415924701,4.926372804142506e-29,equivalent,True,1.0,0.9940298507462687,8.531351084791305e-07,9.446633082870465e-07,True,188,0.624506950378418,t3_rho0.75_n800,t3,800,0.75,0.375
True,5,5,0.3732233789285995,0.6964784528944049,0.651277927171566,0.11650222578975615,-5.139147074399317,0.4105866621822403,159.776826331903,3.6028131483624784e-29,equivalent,True,0.9940298507462687,0.9970149253731343,8.342130977842104e-07,9.627345928547626e-07,True,189,0.6007411479949951,t3_rho0.75_n800,t3,800,0.75,0.375
True,5,5,0.4390437622208831,0.9637971257253366,0.9230917462765056,0.12386172714261319,-2.6392999780076973,0.47472648070389045,254.6962006210603,5.5837903368723474e-49,equivalent,True,1.0,0.9970149253731343,8.192747593710951e-07,9.782106697578705e-07,True,190,0.5937271118164062,t3_rho0.75_n800,t3,800,0.75,0.375
True,5,5,0.41423572382669455,0.8579561744711277,0.8154125519517628,0.1252906998234985,-3.4686329365264634,0.45199500306524015,199.89654453457462,1.6961343136846244e-37,equivalent,True,0.9970149253731343,1.0,9.023487310179046e-07,7.043351488774641e-07,True,191,0.5841450691223145,t3_rho0.75_n800,t3,800,0.75,0.375
True,5,5,0.3750619016673955,0.7033571504118152,0.6644357573189765,0.10261909285946887,-5.7061919606219975,0.40822276869458024,197.809179024375,4.620378717517548e-37,equivalent,True,1.0,1.0,8.210837498519722e-07,6.995770380441294e-07,True,192,0.5845808982849121,t3_rho0.75_n800,t3,800,0.75,0.375
True,5,5,0.37482015740835,0.7024507519981013,0.6617833112638835,0.11112479290173233,-5.293298402421111,0.41099083442639667,173.72469200072481,4.693588185789791e-32,equivalent,True,1.0,1.0,9.986400643186757e-07,9.931341464608813e-07,True,193,0.6000838279724121,t3_rho0.75_n800,t3,800,0.75,0.375
True,5,5,0.4231105508573688,0.8951126912341303,0.8509841074286217,0.12643697621242825,-3.1558481112438734,0.460207437213353,223.31396548717652,2.162805511506666e-42,equivalent,True,1.0,1.0,9.918813273855695e-07,9.852574972113845e-07,True,194,0.6146581172943115,t3_rho0.75_n800,t3,800,0.75,0.375
True,5,5,0.3999938734592611,0.7999754940247168,0.7577236361022371,0.11355551758687797,-4.335116200066076,0.43462762016819984,213.7010151122487,2.22186911803661e-40,equivalent,True,0.9970149253731343,0.9970149253731343,9.75462909725399e-07,8.187742252378382e-07,True,195,0.5748679637908936,t3_rho0.75_n800,t3,800,0.75,0.375
True,5,5,0.3624120206995219,0.6567123637375534,0.6145466111393743,0.10435561907947567,-6.089306876486201,0.39653406655040774,174.54905810649126,3.1668201402143494e-32,equivalent,True,1.0,0.9940298507462687,7.23181304970135e-07,9.932410409199535e-07,True,196,0.5866608619689941,t3_rho0.75_n800,t3,800,0.75,0.375
True,5,5,0.41461044590896634,0.8595091092841596,0.8150374209327498,0.12618078356897416,-3.447138040868852,0.45223585449138276,214.99912230530583,1.189209882647336e-40,equivalent,True,1.0,1.0,9.618622466076145e-07,9.626033586831325e-07,True,197,0.610609769821167,t3_rho0.75_n800,t3,800,0.75,0.375
True,5,5,0.3730322969701732,0.6957654729142174,0.6527834835702515,0.10269179911509253,-5.815620347252987,0.40538782956642483,206.62770504404244,6.679795095208748e-39,equivalent,True,1.0,1.0,9.243093556033183e-07,9.802398120695246e-07,True,198,0.6052820682525635,t3_rho0.75_n800,t3,800,0.75,0.375
True,5,5,0.3891761012086186,0.7572901887597047,0.715577593068789,0.10435206191628088,-5.121340173996419,0.421241370378468,236.5262328350864,3.672651557212825e-45,equivalent,True,1.0,0.9940298507462687,9.628455981239359e-07,9.162088178291838e-07,True,199,0.5930612087249756,t3_rho0.75_n800,t3,800,0.75,0.375
True,5,5,0.36866052567673885,0.6795529159612472,0.6398532823251225,0.10542076589244646,-5.787727991820588,0.40330013921627034,176.53454556373367,1.227157045258322e-32,equivalent,True,1.0,0.9970149253731343,9.675410717375025e-07,8.406336946794848e-07,True,200,0.5872762203216553,t3_rho0.75_n800,t3,800,0.75,0.375
True,5,5,0.41737725843496803,0.8710188792934505,0.8289107470885559,0.12658696044782838,-3.3264820596193396,0.4554399561096784,202.27284386809598,5.417193684166979e-38,equivalent,True,1.0,1.0,5.950029948632777e-07,8.549865583734957e-07,True,201,0.5914609432220459,t3_rho0.75_n800,t3,800,0.75,0.375
True,5,5,0.4442121800705614,0.9866223046152044,0.9423642778620148,0.14313675765910044,-2.1492433332230516,0.4853459164034782,206.66853179062034,6.549943413935534e-39,equivalent,True,1.0,1.0,9.205224261892113e-07,9.75359096753338e-07,True,202,0.6079690456390381,t3_rho0.75_n800,t3,800,0.75,0.375
True,5,5,0.3524215575651506,0.6210047711832337,0.5726880103529067,0.11248299742755545,-6.021461066445312,0.3892829502153914,133.59431258536034,8.621367207596264e-24,equivalent,True,1.0,1.0,8.379357984961669e-07,9.473307196656523e-07,True,203,0.6151762008666992,t3_rho0.75_n800,t3,800,0.75,0.375
True,5,5,0.44149867714998736,0.9746054096259439,0.9303204886934717,0.1333489445744456,-2.3973156467545844,0.47951224881683663,237.19291599381694,2.6610861701253963e-45,equivalent,True,0.991044776119403,0.9970149253731343,9.93421737648452e-07,9.719181112505078e-07,True,204,0.592810869216919,t3_rho0.75_n800,t3,800,0.75,0.375
True,5,5,0.4100591622356961,0.8407425826672046,0.8027963893841734,0.11216204643897526,-3.987120642089386,0.4443616856290878,235.41100378609192,6.295194771545129e-45,equivalent,True,1.0,0.9970149253731343,8.00181776337399e-07,7.505469147985571e-07,True,205,0.570288896560669,t3_rho0.75_n800,t3,800,0.75,0.375
True,5,5,0.4229121276331991,0.8942733384961963,0.8468335062123279,0.14033952304396774,-2.8727936723952086,0.46425671340236707,191.08109366173738,1.1646056419686505e-35,equivalent,True,1.0,1.0,6.515525051096132e-07,9.404471381946306e-07,True,206,0.6257894039154053,t3_rho0.75_n800,t3,800,0.75,0.375
True,5,5,0.3627297672118013,0.6578644201076378,0.6158044974952163,0.10708239501871566,-5.9225001681550005,0.3979797390130309,164.94564728816414,3.082171687554659e-30,equivalent,True,1.0,1.0,7.917777285626331e-07,7.916713248985274e-07,True,207,0.5860850811004639,t3_rho0.75_n800,t3,800,0.75,0.375
True,5,5,0.3753395019530403,0.7043987086317816,0.6621978730628612,0.10378757265378807,-5.663511650840069,0.40814537566287185,213.86360257118832,2.0545732924876435e-40,equivalent,True,1.0,0.9970149253731343,7.925093309785718e-07,8.789976799380755e-07,True,208,0.6077389717102051,t3_rho0.75_n800,t3,800,0.75,0.375
True,5,5,0.40004683558668463,0.8001873533145993,0.7599486116559884,0.11355002010010837,-4.31573140992816,0.43513716781218864,212.48539744716098,3.989066277137166e-40,equivalent,True,1.0,1.0,9.509077814096586e-07,9.610851884561068e-07,True,209,0.596250057220459,t3_rho0.75_n800,t3,800,0.75,0.375
True,5,5,0.4341663983598741,0.9425023073239245,0.901970031341873,0.12843702538980276,-2.709732396883732,0.4718538202429113,241.34250481004406,3.579806542493588e-46,equivalent,True,0.9970149253731343,0.9970149253731343,9.98202772825017e-07,9.236081262043309e-07,True,210,0.5777139663696289,t3_rho0.75_n800,t3,800,0.75,0.375
True,5,5,0.3702942669899713,0.6855892208282007,0.6406929017190259,0.12357065791811185,-4.930839639008408,0.4108402479262254,146.91131904484106,1.608682545767639e-26,equivalent,True,1.0,0.991044776119403,9.653578590322567e-07,9.911397975131793e-07,True,211,0.6122477054595947,t3_rho0.75_n800,t3,800,0.75,0.375
True,5,5,0.38336693090791996,0.7348510185687893,0.6898025680982404,0.11880881061267524,-4.715116909368288,0.42076731601879197,164.34345079878614,4.105323023230971e-30,equivalent,True,1.0,1.0,9.604552321615431e-07,9.716499756106977e-07,True,212,0.6215012073516846,t3_rho0.75_n800,t3,800,0.75,0.375
True,5,5,0.36239042288477574,0.656634092993033,0.6180436156132048,0.1026641753888676,-6.155568697582131,0.396714294388182,180.1009229489975,2.23263492612132e-33,equivalent,True,1.0,0.9970149253731343,9.161014966036215e-07,7.541154491686442e-07,True,213,0.5765361785888672,t3_rho0.75_n800,t3,800,0.75,0.375
True,5,5,0.4346858429799683,0.9447589104360283,0.8989004299156582,0.1559501182618857,-2.2513581521928905,0.4807110457566441,194.43883524891208,2.328066071629196e-36,equivalent,True,0.9940298507462687,1.0,9.305143912648844e-07,8.279114303227265e-07,True,214,0.6018180847167969,t3_rho0.75_n800,t3,800,0.75,0.375
True,5,5,0.4096348793470861,0.839003671888509,0.798643173871343,0.1238101153217002,-3.6455569478784557,0.44772596331048786,219.32534119657046,1.4795033444956151e-41,equivalent,True,0.9970149253731343,1.0,9.21072177101508e-07,9.593932839683752e-07,True,215,0.5743370056152344,t3_rho0.75_n800,t3,800,0.75,0.375
True,5,5,0.3962794632243012,0.7851870648667014,0.7426993609817785,0.11378049482496073,-4.458590550152291,0.4312427670282594,205.44478872309756,1.1796553475905317e-38,equivalent,True,1.0,0.9970149253731343,9.164508465023905e-07,9.840572658274154e-07,True,216,0.5863959789276123,t3_rho0.75_n800,t3,800,0.75,0.375
True,5,5,0.408989193695361,0.8363608027979078,0.7930127908111506,0.12033862252964296,-3.797510720851736,0.44518585119955867,205.42986626333334,1.1881481046296893e-38,equivalent,True,0.9970149253731343,0.9970149253731343,9.670964016980763e-07,9.141718155555179e-07,True,217,0.5842838287353516,t3_rho0.75_n800,t3,800,0.75,0.375
True,5,5,0.352149302705516,0.6200456569799055,0.5778148446170329,0.10058609375461883,-6.682684755834858,0.3855552478569572,165.34776203245974,2.545166019279802e-30,equivalent,True,1.0,1.0,7.675746945718722e-07,9.27337680951138e-07,True,218,0.5843939781188965,t3_rho0.75_n800,t3,800,0.75,0.375
True,5,5,0.3892120953142658,0.7574302756946056,0.7125736522580981,0.12723825408020106,-4.223779645727851,0.42938606311078376,157.56874538116045,1.0286268829936972e-28,equivalent,True,1.0,1.0,8.66888064128918e-07,6.914198815599802e-07,True,219,0.621147871017456,t3_rho0.75_n800,t3,800,0.75,0.375
True,5,5,0.4157501698403463,0.8642410186113839,0.8203279137279051,0.12564630063977816,-3.419695479168494,0.4532102573967803,204.76184192345823,1.6380540947498332e-38,equivalent,True,1.0,1.0,7.88937256780307e-07,9.119186929374202e-07,True,220,0.6052341461181641,t3_rho0.75_n800,t3,800,0.75,0.375
True,5,5,0.3526537831718203,0.6218234539269862,0.5752892551862616,0.10368450776249448,-6.507343858537367,0.3862214633699372,156.4567656079434,1.7441303679004449e-28,equivalent,True,0.9940298507462687,1.0,7.410515169611043e-07,9.20802466591046e-07,True,221,0.6053030490875244,t3_rho0.75_n800,t3,800,0.75,0.375
True,5,5,0.39636211012478684,0.7855146117128683,0.7397649144616306,0.12215444913871897,-4.176966857416261,0.4337490295495107,183.4571575702517,4.484715739134669e-34,equivalent,True,1.0,1.0,9.266619413721972e-07,8.410740455956663e-07,True,222,0.5964500904083252,t3_rho0.75_n800,t3,800,0.75,0.375
True,5,5,0.38598690261631774,0.7449294449566939,0.6980982797933086,0.12588686135646376,-4.384108986909407,0.4254794331765109,149.60728220937082,4.489539470589866e-27,equivalent,True,1.0,0.9940298507462687,9.4254649476836e-07,8.217580211108371e-07,True,223,0.6123650074005127,t3_rho0.75_n800,t3,800,0.75,0.375
True,5,5,0.359251171243475,0.645307020199043,0.6000956984020287,0.10768656570365595,-6.035147442499479,0.39426497094559015,152.32214356954236,1.2402055177927054e-27,equivalent,True,0.9970149253731343,0.9970149253731343,8.499191855393399e-07,9.529219784848059e-07,True,224,0.6057617664337158,t3_rho0.75_n800,t3,800,0.75,0.375
True,5,5,0.37104200114424335,0.6883608330656235,0.6450299075051301,0.10517991792143844,-5.751764257381694,0.40448373934700177,188.3711643980493,4.2666439046808915e-35,equivalent,True,1.0,1.0,7.780299690128811e-07,9.933773717346957e-07,True,225,0.5990121364593506,t3_rho0.75_n800,t3,800,0.75,0.375
True,5,5,0.4162666164707427,0.866389479940002,0.8267856047289199,0.11898821977047892,-3.556775587427352,0.45221760460709426,222.34340419864935,3.4536216880461044e-42,equivalent,True,1.0,1.0,8.583419445183065e-07,9.134278538637788e-07,True,226,0.569674015045166,t3_rho0.75_n800,t3,800,0.75,0.375
True,5,5,0.3794668240299389,0.7199753526968432,0.6788601852844973,0.10948320624082822,-5.216688790234886,0.41447413288648055,199.76816407457608,1.803985571835025e-37,equivalent,True,0.9970149253731343,0.9970149253731343,9.99975958445013e-07,9.780010617799879e-07,True,227,0.5890798568725586,t3_rho0.75_n800,t3,800,0.75,0.375
True,5,5,0.38871965350641224,0.755514845110726,0.7103884246963359,0.12292083273074525,-4.38991148461928,0.42721779041640984,174.73334390039219,2.9001328520191e-32,equivalent,True,1.0,0.9970149253731343,8.773738562111864e-07,9.312955932566703e-07,True,228,0.6172580718994141,t3_rho0.75_n800,t3,800,0.75,0.375
True,5,5,0.3825942604168727,0.7318918405196692,0.6882238901019075,0.11601291984574885,-4.84235816704753,0.4192965924219795,176.0047764930153,1.580438512178809e-32,equivalent,True,1.0,0.991044776119403,8.282661354805352e-07,6.942667863296793e-07,True,229,0.5903210639953613,t3_rho0.75_n800,t3,800,0.75,0.375
True,5,5,0.4023476913480317,0.8094183236654551,0.7645249544821848,0.12419087173175829,-3.9091040971706836,0.44018195335211835,189.30782719831637,2.7240563029908796e-35,equivalent,True,1.0,1.0,9.885460816227891e-07,9.458272145758357e-07,True,230,0.609827995300293,t3_rho0.75_n800,t3,800,0.75,0.375
True,5,5,0.43241937282522624,0.9349325699728102,0.8957153436560129,0.1259852617304577,-2.812111920694106,0.4696685338312089,230.01044203628982,8.545979760472299e-44,equivalent,True,0.9970149253731343,1.0,9.466092073729083e-07,7.214522079194803e-07,True,231,0.5817992687225342,t3_rho0.75_n800,t3,800,0.75,0.375
True,5,5,0.41129548727560344,0.8458198892663803,0.8037093109250599,0.115505915517516,-3.8637907597664287,0.44580256504385357,235.81361210270265,5.1823496471873976e-45,equivalent,True,1.0,1.0,6.434081779157788e-07,7.738940897671318e-07,True,232,0.6095020771026611,t3_rho0.75_n800,t3,800,0.75,0.375
True,5,5,0.4619942353622091,1.0671933675395615,1.0200913688333761,0.13494030088297745,-1.7037803359131722,0.4984071452462664,281.8545052114896,1.0574366333098565e-54,equivalent,True,0.9970149253731343,1.0,9.752928356204656e-07,9.906866867520374e-07,True,233,0.6186668872833252,t3_rho0.75_n800,t3,800,0.75,0.375
True,5,5,0.3845529504790541,0.7394048586107291,0.6940181890544699,0.12099038732467167,-4.595256063224102,0.42261795193098917,159.92503846277836,3.357746672920002e-29,equivalent,True,1.0,1.0,8.812106153204859e-07,9.214683765036248e-07,True,234,0.6038932800292969,t3_rho0.75_n800,t3,800,0.75,0.375
True,5,5,0.42993741351062525,0.924230897681032,0.8830037691404015,0.12811606289256858,-2.8645606380157216,0.4677041671526962,229.40802144780682,1.143037202597141e-43,equivalent,True,1.0,1.0,8.489424288078648e-07,9.686719774267617e-07,True,235,0.5898990631103516,t3_rho0.75_n800,t3,800,0.75,0.375
True,5,5,0.3938932228136129,0.7757593548924725,0.7337966806727367,0.11062430812202573,-4.666273878593282,0.4279620252116414,223.91976038410274,1.61485706821279e-42,equivalent,True,1.0,0.9970149253731343,8.395895499886228e-07,9.933495351319935e-07,True,236,0.610537052154541,t3_rho0.75_n800,t3,800,0.75,0.375
True,5,5,0.38155707321822446,0.7279290006142874,0.6816944842345868,0.11998568038594203,-4.736444498521992,0.41929783347869654,159.97462972829777,3.279525555452494e-29,equivalent,True,1.0,0.9970149253731343,9.979836871897515e-07,8.174649983035772e-07,True,237,0.6220188140869141,t3_rho0.75_n800,t3,800,0.75,0.375
True,5,5,0.4241555760380831,0.8995397634209906,0.8564768231510154,0.12244426966129554,-3.2138962316288513,0.45997385234441784,236.38939812568623,3.923705216494514e-45,equivalent,True,1.0,0.9970149253731343,9.631448645856388e-07,9.869974372341038e-07,True,238,0.596297025680542,t3_rho0.75_n800,t3,800,0.75,0.375
True,5,5,0.4051116704736513,0.8205773277697612,0.7786971705395117,0.12420249530116075,-3.7946325338930906,0.44339420280649794,187.74944279391292,5.746598137942848e-35,equivalent,True,0.9970149253731343,0.9970149253731343,7.495463081759098e-07,9.246188403434262e-07,True,239,0.6009259223937988,t3_rho0.75_n800,t3,800,0.75,0.375
True,5,5,0.41678568388046916,0.8685515314385518,0.828000281213449,0.11630460004972114,-3.628400928305009,0.45150954019519307,237.10248194631063,2.779967159930494e-45,equivalent,True,1.0,0.991044776119403,8.53418949798934e-07,9.539676115388589e-07,True,240,0.5830447673797607,t3_rho0.75_n800,t3,800,0.75,0.375
True,5,5,0.36892745414390415,0.6805373321055125,0.6390241441843135,0.10977148897654253,-5.565888387887752,0.404865947188262,162.54150880678733,9.676574258421676e-30,equivalent,True,1.0,1.0,7.3020473941178e-07,7.587789722913317e-07,True,241,0.5911378860473633,t3_rho0.75_n800,t3,800,0.75,0.375
True,5,5,0.3651975527168296,0.6668462625518077,0.6245984874616614,0.10979736958550143,-5.695960794865179,0.4012976673378764,155.36309072171179,2.9311748212433753e-28,equivalent,True,0.9970149253731343,1.0,9.714372728600087e-07,8.390839809613537e-07,True,242,0.5896797180175781,t3_rho0.75_n800,t3,800,0.75,0.375
True,5,5,0.3781080392900567,0.7148284468788554,0.6674753523072542,0.11162835642484153,-5.218428957923025,0.4125742743417933,181.86162646361916,9.620452216051106e-34,equivalent,True,0.9970149253731343,1.0,8.433631128379383e-07,9.496035416270641e-07,True,243,0.6392738819122314,t3_rho0.75_n800,t3,800,0.75,0.375
True,5,5,0.4277801923287132,0.9149794647439544,0.8679501285033865,0.1352252276887092,-2.8252854739213222,0.4669851892132123,206.24935710771172,8.01249908484079e-39,equivalent,True,0.9970149253731343,1.0,9.66400010883993e-07,9.591555591229385e-07,True,244,0.626323938369751,t3_rho0.75_n800,t3,800,0.75,0.375
True,5,5,0.39860619852174,0.7944345074997641,0.7421601363324555,0.13163887770665567,-3.857825837737814,0.4378782528913875,158.25906676318436,7.410576546257262e-29,equivalent,True,1.0,1.0,9.907297552485704e-07,9.08047305333359e-07,True,245,0.6422638893127441,t3_rho0.75_n800,t3,800,0.75,0.375
True,5,5,0.37814457492482995,0.7149665977254016,0.6691521219177707,0.11257359907129776,-5.159716690894399,0.4133567985770104,181.8832801986033,9.52133712379277e-34,equivalent,True,1.0,0.9970149253731343,9.959537857261061e-07,7.308644373886313e-07,True,246,0.6004352569580078,t3_rho0.75_n800,t3,800,0.75,0.375
True,5,5,0.3824609866137967,0.7313820314079938,0.6869257102066765,0.11414967532645882,-4.9327717155828665,0.41825475913197574,177.23954582981645,8.763043107959781e-33,equivalent,True,1.0,0.991044776119403,9.602423238558821e-07,7.889493329236529e-07,True,247,0.6109409332275391,t3_rho0.75_n800,t3,800,0.75,0.375
True,5,5,0.36883759344759676,0.6802058517010733,0.6383694269244355,0.10551382074185402,-5.796686811028821,0.40297002808277976,175.26485549916322,2.250174291927734e-32,equivalent,True,1.0,0.9970149253731343,8.785347700140694e-07,9.468520615284396e-07,True,248,0.5939738750457764,t3_rho0.75_n800,t3,800,0.75,0.375
True,5,5,0.38042670079481317,0.7236223733881315,0.6862698504303469,0.10856596557885101,-5.192512649465805,0.4158954129769187,191.253483056016,1.0722469497242907e-35,equivalent,True,1.0,1.0,9.88264685500384e-07,6.348213914193037e-07,True,249,0.5692369937896729,t3_rho0.75_n800,t3,800,0.75,0.375
True,5,5,0.379632947072549,0.720605872514944,0.6749108019699153,0.10818575075269492,-5.315757334297181,0.41300375942113493,196.40088978986662,9.082391327173351e-37,equivalent,True,1.0,0.9970149253731343,8.748823904149082e-07,9.868726261757331e-07,True,250,0.6096951961517334,t3_rho0.75_n800,t3,800,0.75,0.375
True,5,5,0.4033269637114013,0.8133631982832901,0.7692298941225385,0.12202023628273462,-3.9400850262530476,0.440439626358408,193.01061734211518,4.618027952877838e-36,equivalent,True,1.0,0.9940298507462687,8.362093171375693e-07,8.897482223128489e-07,True,251,0.616318941116333,t3_rho0.75_n800,t3,800,0.75,0.375
True,5,5,0.32799167566725945,0.5378926965350835,0.49531790726870734,0.10116543837129098,-7.459880616159704,0.36379121635791617,132.19272708232904,1.6668205143374764e-23,equivalent,True,1.0,1.0,8.337906057814583e-07,9.55863709311674e-07,True,252,0.6153647899627686,t3_rho0.75_n800,t3,800,0.75,0.375
True,5,5,0.35166880133262446,0.6183547291536244,0.578314158585484,0.09982045922059034,-6.728939604757548,0.3853580680298347,165.10833575638907,2.852468024159879e-30,equivalent,True,1.0,1.0,9.97850990909908e-07,8.94402525443635e-07,True,253,0.5754940509796143,t3_rho0.75_n800,t3,800,0.75,0.375
True,5,5,0.3442451126673697,0.5925234879768503,0.5451728159674796,0.10774494478191378,-6.541626481494413,0.38010458539136216,138.86026820421665,7.214957688948332e-25,equivalent,True,0.9970149253731343,0.9970149253731343,9.5716657907522e-07,9.015716730942418e-07,True,254,0.6142902374267578,t3_rho0.75_n800,t3,800,0.75,0.375
True,5,5,0.3514130667650753,0.6174557174661763,0.5757574323423307,0.10219865198757028,-6.59737241680715,0.3857095424626248,158.29079796693662,7.299706787503403e-29,equivalent,True,0.9970149253731343,1.0,8.960949480282467e-07,9.835092926000733e-07,True,255,0.6056010723114014,t3_rho0.75_n800,t3,800,0.75,0.375
True,5,5,0.3299252419098585,0.5442533262463933,0.5000380867543645,0.10087187676669183,-7.434796865931565,0.36495412290079954,127.66381831449682,1.3987192354770113e-22,equivalent,True,0.9940298507462687,1.0,6.604355452559593e-07,8.872432810693883e-07,True,256,0.6159908771514893,t3_rho0.75_n800,t3,800,0.75,0.375
True,5,5,0.3753559584700249,0.7044604777947554,0.6618078403332127,0.11180023691110634,-5.261099402986647,0.41126703381391505,168.23238236843747,6.441767481787463e-31,equivalent,True,0.9970149253731343,1.0,9.343249638013459e-07,8.16506427998954e-07,True,257,0.5941972732543945,t3_rho0.75_n800,t3,800,0.75,0.375
True,5,5,0.383246037223281,0.7343876252367425,0.6877901725882462,0.11947579434482591,-4.705637911802687,0.42054972743998803,163.57559871785463,5.916302754617068e-30,equivalent,True,1.0,0.9940298507462687,9.88141705812431e-07,8.356852440853885e-07,True,258,0.5957932472229004,t3_rho0.75_n800,t3,800,0.75,0.375
True,5,5,0.38161104199155743,0.7281349368494111,0.6863687282908261,0.1164534205966484,-4.839971800067465,0.41902686298855074,173.47125648309935,5.297019644108685e-32,equivalent,True,0.9940298507462687,1.0,9.185888181887602e-07,9.02994073530038e-07,True,259,0.5959830284118652,t3_rho0.75_n800,t3,800,0.75,0.375
True,5,5,0.39210854203337714,0.7687455436777035,0.7290756335309189,0.11607313743397772,-4.487897699546394,0.4289519680875316,203.66307264274946,2.777597609316731e-38,equivalent,True,1.0,0.9940298507462687,8.84678702015591e-07,8.525608748587127e-07,True,260,0.5904500484466553,t3_rho0.75_n800,t3,800,0.75,0.375
True,5,5,0.41418263985502274,0.8577362957863772,0.8158070419102278,0.12239046217668832,-3.547604530351,0.4510258168942927,216.6436057223971,5.386111131237001e-41,equivalent,True,1.0,1.0,7.979559140386129e-07,9.317775826233705e-07,True,261,0.5851669311523438,t3_rho0.75_n800,t3,800,0.75,0.375
True,5,5,0.35900594684013887,0.644426349332923,0.5969364992428536,0.10880690614083027,-6.0020408990572465,0.393930941522995,153.272690308259,7.902179725423049e-28,equivalent,True,1.0,1.0,9.853112507582091e-07,6.595150501449724e-07,True,262,0.6061110496520996,t3_rho0.75_n800,t3,800,0.75,0.375
True,5,5,0.40662777242789705,0.8267307265483682,0.7833980698108876,0.11652743322867959,-4.004223874677032,0.44160358716759235,224.59394958309716,1.1665702373322638e-42,equivalent,True,1.0,1.0,8.022366601057041e-07,9.598895185297994e-07,True,263,0.6021380424499512,t3_rho0.75_n800,t3,800,0.75,0.375
True,5,5,0.3662208669289667,0.6705886168710197,0.621058069915089,0.11173613919709618,-5.628813869928808,0.4012100855499491,155.85152585601463,2.324664823940814e-28,equivalent,True,1.0,0.9940298507462687,8.813650341423965e-07,9.637653330636409e-07,True,264,0.629838228225708,t3_rho0.75_n800,t3,800,0.75,0.375
True,5,5,0.3409494930770718,0.5812327841475611,0.5389025463940814,0.10223618893735284,-6.955437805312334,0.37604949476721333,146.69215275583866,1.784450405251429e-26,equivalent,True,1.0,0.9970149253731343,9.171326384470593e-07,7.784420969834633e-07,True,265,0.579679012298584,t3_rho0.75_n800,t3,800,0.75,0.375
True,5,5,0.33277185827190703,0.5536855482886909,0.5132337992824966,0.0948118903462041,-7.770820706424199,0.36583752705171607,147.60993745523766,1.1558293496749154e-26,equivalent,True,1.0,1.0,8.58995443582754e-07,8.974315539777671e-07,True,266,0.575397253036499,t3_rho0.75_n800,t3,800,0.75,0.375
True,5,5,0.3839691906944857,0.7371616970128916,0.6940626470446217,0.10751268539393065,-5.170900074892579,0.41735003954908667,207.707834675843,3.9736001677944334e-39,equivalent,True,0.9970149253731343,1.0,9.388150147983538e-07,9.856903934871563e-07,True,267,0.5956809520721436,t3_rho0.75_n800,t3,800,0.75,0.375
True,5,5,0.3569454263009958,0.637050186785998,0.5921566055414639,0.10658482653622958,-6.172017310877984,0.39178388023183763,159.75772080866065,3.6356777105523757e-29,equivalent,True,1.0,1.0,9.351248125914672e-07,9.914912092988855e-07,True,268,0.6260778903961182,t3_rho0.75_n800,t3,800,0.75,0.375
True,5,5,0.3730714636371704,0.6959115849019029,0.6524355054625571,0.1109816430035915,-5.384354370371908,0.40865243507950566,167.71886715866728,8.22749211455398e-31,equivalent,True,1.0,1.0,8.861845447789165e-07,9.705729261261077e-07,True,269,0.6056656837463379,t3_rho0.75_n800,t3,800,0.75,0.375
True,5,5,0.39729946444220315,0.7892343222303073,0.7457825962232681,0.1173906949935053,-4.295207586978065,0.4333296912637511,200.59648098528172,1.2119402779241278e-37,equivalent,True,1.0,0.991044776119403,9.423467613914928e-07,7.243656841067212e-07,True,270,0.5959651470184326,t3_rho0.75_n800,t3,800,0.75,0.375
True,5,5,0.3872845411768739,0.7499465791729086,0.7043096190093161,0.1219228218365987,-4.475703340610174,0.42540682051782003,183.05789059821652,5.42865212110683e-34,equivalent,True,1.0,0.9940298507462687,7.034946983302276e-07,8.692260583474933e-07,True,271,0.6200089454650879,t3_rho0.75_n800,t3,800,0.75,0.375
True,5,5,0.3689999482665609,0.6808048091036232,0.6371483419859192,0.10925171283836844,-5.609538213105722,0.4041908999714789,197.00106331811344,6.809569922540531e-37,equivalent,True,0.9970149253731343,1.0,8.337309204362053e-07,9.562203220364147e-07,True,272,0.604384183883667,t3_rho0.75_n800,t3,800,0.75,0.375
True,5,5,0.3641122203427001,0.6628885450144548,0.6161877922684674,0.11566478879839168,-5.479733411663358,0.4016066333202374,144.7277099997551,4.5184263987935956e-26,equivalent,True,1.0,0.9970149253731343,8.54969156942965e-07,7.5239738954857e-07,True,273,0.6280808448791504,t3_rho0.75_n800,t3,800,0.75,0.375
True,5,5,0.41151569425324896,0.8467258330836674,0.8020600714738643,0.12581670888591634,-3.56025787427251,0.4492238064519647,203.66191675085207,2.7791409131435066e-38,equivalent,True,0.9970149253731343,0.9940298507462687,8.576995752539426e-07,8.069550894913509e-07,True,274,0.6034560203552246,t3_rho0.75_n800,t3,800,0.75,0.375
True,5,5,0.40032333717929497,0.8012938714518375,0.7542973091719247,0.12058328409707404,-4.110874028186329,0.4364949395740383,204.22615031148405,2.1190775822932535e-38,equivalent,True,1.0,0.991044776119403,8.298313289413449e-07,9.556275566943623e-07,True,275,0.6169607639312744,t3_rho0.75_n800,t3,800,0.75,0.375
True,5,5,0.41802373281169936,0.873719205969135,0.8303258308731674,0.1262924627060395,-3.3230341711181404,0.4556442573350025,205.68468724848847,1.0511605617973068e-38,equivalent,True,0.991044776119403,1.0,9.974977185610318e-07,9.944962234498826e-07,True,276,0.5858039855957031,t3_rho0.75_n800,t3,800,0.75,0.375
True,5,5,0.40340276710362194,0.8136689625342952,0.7663941140895266,0.12953313753271345,-3.7334530385195004,0.4425962415499287,173.17421303268435,6.103678934142671e-32,equivalent,True,0.9970149253731343,1.0,9.644391740773054e-07,9.462714764996895e-07,True,277,0.6289288997650146,t3_rho0.75_n800,t3,800,0.75,0.375
True,5,5,0.3321417707265862,0.5515907793069608,0.5086949814822211,0.09878906222701984,-7.503917962235946,0.3663846418149837,137.3655299469121,1.4597926076133861e-24,equivalent,True,1.0,1.0,9.717522310457754e-07,9.274558127025505e-07,True,278,0.5879397392272949,t3_rho0.75_n800,t3,800,0.75,0.375
True,5,5,0.4378596650381074,0.9586054313364181,0.9071933525104987,0.14078577855148072,-2.4349522445844785,0.4772348166226116,209.16860112193535,1.968059303587276e-39,equivalent,True,1.0,0.9970149253731343,7.57016084757038e-07,8.471554984308723e-07,True,279,0.659010648727417,t3_rho0.75_n800,t3,800,0.75,0.375
True,5,5,0.38407188560754757,0.7375560665706855,0.6949091206961732,0.11364539649140272,-4.884411480282173,0.41996170380200026,180.1771110852757,2.1527820217146956e-33,equivalent,True,1.0,1.0,8.965415991976451e-07,7.923097191429236e-07,True,280,0.5965571403503418,t3_rho0.75_n800,t3,800,0.75,0.375
True,5,5,0.39553849011207304,0.7822534858006924,0.7409158705738075,0.11538273653132633,-4.412134299553353,0.4314402816717386,198.29650181609207,3.6566820281068984e-37,equivalent,True,0.9940298507462687,1.0,9.792670375308782e-07,7.126789919221227e-07,True,281,0.5961751937866211,t3_rho0.75_n800,t3,800,0.75,0.375
True,5,5,0.38579115174627,0.7441740638285677,0.7050710404958829,0.10943539934313196,-4.979457860755878,0.4207318038899166,200.53719638930602,1.2469425442223237e-37,equivalent,True,1.0,1.0,8.997767565154881e-07,8.912179843337437e-07,True,282,0.5656092166900635,t3_rho0.75_n800,t3,800,0.75,0.375
True,5,5,0.3511558143791628,0.6165520298614653,0.5764639196531408,0.10254396086188328,-6.5682666700776915,0.3860398232303966,153.93388419161323,5.7749523015574305e-28,equivalent,True,1.0,1.0,9.323447178555092e-07,9.186255910758829e-07,True,283,0.5883090496063232,t3_rho0.75_n800,t3,800,0.75,0.375
True,5,5,0.3810074932465597,0.7258335495501361,0.674401837641751,0.12211843034161779,-4.7134421949909875,0.4183942592117587,167.80532331641774,7.895471838130116e-31,equivalent,True,1.0,1.0,8.965857537568699e-07,9.546463468850308e-07,True,284,0.6527910232543945,t3_rho0.75_n800,t3,800,0.75,0.375
True,5,5,0.40390813625036903,0.8157089126462332,0.7796847037730753,0.11210517911774898,-4.195303909491389,0.43910848642333233,222.03806876566006,4.0014016195211223e-42,equivalent,True,0.9970149253731343,1.0,8.434531520331085e-07,9.966737380124708e-07,True,285,0.5743670463562012,t3_rho0.75_n800,t3,800,0.75,0.375
True,5,5,0.3959342828339811,0.7838197816162946,0.7375415268784757,0.11697193940465915,-4.381037672195015,0.4312640132586481,199.33028734225556,2.2260955682770402e-37,equivalent,True,0.9970149253731343,0.9940298507462687,7.584882654242421e-07,8.470474710747504e-07,True,286,0.6061892509460449,t3_rho0.75_n800,t3,800,0.75,0.375
True,5,5,0.34920760121188854,0.6097297437208069,0.5594660168694666,0.11507251526845522,-6.0008593843592575,0.3869737616353889,135.7919271216574,3.0639449672508995e-24,equivalent,True,1.0,0.9970149253731343,8.390087105134963e-07,7.732357016243843e-07,True,287,0.6499941349029541,t3_rho0.75_n800,t3,800,0.75,0.375
True,5,5,0.36680441987180734,0.6727274121874658,0.6298152644840341,0.10881006229751715,-5.699700215410293,0.40219196662860407,178.0007852058052,6.091347542571417e-33,equivalent,True,1.0,0.9940298507462687,8.287091167874274e-07,7.488684447219385e-07,True,288,0.6051383018493652,t3_rho0.75_n800,t3,800,0.75,0.375
True,5,5,0.3937967748945526,0.7753794995867547,0.7301895135414057,0.12416847332528194,-4.1863322672644605,0.43230278214314627,176.78697580728516,1.087775153543061e-32,equivalent,True,1.0,0.9940298507462687,9.179206828004839e-07,6.971605825972111e-07,True,289,0.6130437850952148,t3_rho0.75_n800,t3,800,0.75,0.375
True,5,5,0.39382769099563153,0.7755012509747532,0.7270881618161398,0.13350293870514612,-3.9168563872497257,0.435127786921033,156.00351471698846,2.1628550337292966e-28,equivalent,True,1.0,1.0,9.745525605312225e-07,9.947989177944013e-07,True,290,0.6153450012207031,t3_rho0.75_n800,t3,800,0.75,0.375
True,5,5,0.40250004446085846,0.810031428954965,0.772578366342403,0.11393926543082951,-4.190141404303078,0.4381761701276073,220.92006701511346,6.859534464674906e-42,equivalent,True,0.9970149253731343,0.9970149253731343,9.979586997191517e-07,9.086481711317151e-07,True,291,0.5772502422332764,t3_rho0.75_n800,t3,800,0.75,0.375
True,5,5,0.3896296209763958,0.7590562077110494,0.7157071315322928,0.12311486565122991,-4.3397916704981565,0.4285354279007423,172.54156873152525,8.254408673833756e-32,equivalent,True,1.0,1.0,7.986668186310425e-07,8.449921731405273e-07,True,292,0.6039307117462158,t3_rho0.75_n800,t3,800,0.75,0.375
True,5,5,0.4456706426180609,0.9931116084579766,0.9516436506027234,0.1335130668710915,-2.234660294975797,0.4839944427141809,230.84331767551524,5.716481408487082e-44,equivalent,True,1.0,0.9970149253731343,9.518929173145102e-07,9.620052931226464e-07,True,293,0.5790760517120361,t3_rho0.75_n800,t3,800,0.75,0.375
True,5,5,0.3975280572061337,0.7901427813304156,0.7495975879931528,0.115356914539325,-4.337862311983567,0.4334380756848878,200.85544455168196,1.0702036264060417e-37,equivalent,True,1.0,1.0,8.741378940605291e-07,8.552827104252948e-07,True,294,0.5803520679473877,t3_rho0.75_n800,t3,800,0.75,0.375
True,5,5,0.38379971279899633,0.7365110977229602,0.6947433065342318,0.10897614512644899,-5.095213203049931,0.4180892522169546,196.44807519629228,8.879060238399857e-37,equivalent,True,1.0,1.0,9.189888522692415e-07,9.70572171301632e-07,True,295,0.5971171855926514,t3_rho0.75_n800,t3,800,0.75,0.375
True,5,5,0.4064415357455866,0.8259736098961548,0.787353780724314,0.11387632750889794,-4.062707582833986,0.4415118732381358,231.8039288897613,3.5948868217380697e-44,equivalent,True,1.0,0.9970149253731343,7.354773993456955e-07,9.755221020388108e-07,True,296,0.5707411766052246,t3_rho0.75_n800,t3,800,0.75,0.375
True,5,5,0.33739105545126113,0.5691636214925798,0.5240812536563376,0.10533279596912111,-6.891668826074544,0.373453687930133,128.22677989172763,1.074002932277234e-22,equivalent,True,1.0,0.9970149253731343,9.188680891000989e-07,8.539922889513894e-07,True,297,0.6031770706176758,t3_rho0.75_n800,t3,800,0.75,0.375
True,5,5,0.388355803952914,0.7541011523195709,0.7020548345287453,0.1353654078477053,-4.047896535632855,0.430049094078992,142.83117131108494,1.1072050932125744e-25,equivalent,True,1.0,0.9940298507462687,9.173157629776869e-07,7.692714471452443e-07,True,298,0.6402111053466797,t3_rho0.75_n800,t3,800,0.75,0.375
True,5,5,0.35064975831100553,0.614776265017833,0.5759569058861538,0.10361986259556641,-6.504960315810017,0.386366772044565,158.52871763123636,6.519543209397416e-29,equivalent,True,1.0,0.9940298507462687,8.373948830693368e-07,8.262679457286782e-07,True,299,0.5903198719024658,t3_rho0.75_n800,t3,800,0.75,0.375
True,5,5,0.38186920995269547,0.729120467549479,0.6893496982492882,0.10956627871280301,-5.116996838236132,0.4170300203058811,191.10983431842942,1.1486730055525734e-35,equivalent,True,1.0,0.9970149253731343,7.445407689503943e-07,8.389789115469916e-07,True,300,0.5802111625671387,t3_rho0.75_n800,t3,800,0.75,0.375
True,5,5,0.400210627363517,0.8008427312734993,0.7596388874514806,0.12476829345771072,-3.9301740767555153,0.4392868009567193,182.04361341918877,8.818516140720055e-34,equivalent,True,1.0,1.0,8.993985087701555e-07,8.241062708655921e-07,True,301,0.5791079998016357,t3_rho0.75_n800,t3,800,0.75,0.375
True,5,5,0.42629185510152195,0.9086237286294849,0.8656529396118213,0.12841095856100848,-2.993101715735375,0.4640840808606155,222.3745909065742,3.402076466436308e-42,equivalent,True,1.0,1.0,9.313799269665303e-07,9.712904876333903e-07,True,302,0.5919239521026611,t3_rho0.75_n800,t3,800,0.75,0.375
True,5,5,0.3469022694899234,0.6017059228862972,0.557454655412867,0.10442274148490747,-6.632131418300569,0.3818939068590995,142.59753775008986,1.2363972412173704e-25,equivalent,True,1.0,1.0,9.891099376698971e-07,7.965102813224388e-07,True,303,0.6171400547027588,t3_rho0.75_n800,t3,800,0.75,0.375
True,5,5,0.3184337361071931,0.5070002214559276,0.4622385788560785,0.093739059294317,-8.403769219302163,0.3511198116094718,128.25364093906188,1.0605488646777915e-22,equivalent,True,0.9970149253731343,1.0,9.671337994065433e-07,8.077565400706866e-07,True,304,0.6104409694671631,t3_rho0.75_n800,t3,800,0.75,0.375
True,5,5,0.3940372501182129,0.7763267724036154,0.732745299203061,0.12132168649191084,-4.263497448425489,0.4318105406905093,178.53830061368265,4.7116306582893226e-33,equivalent,True,1.0,1.0,9.218339074154619e-07,8.750460586007801e-07,True,305,0.6033148765563965,t3_rho0.75_n800,t3,800,0.75,0.375
True,5,5,0.3522194990619755,0.6202928775973449,0.5764325882830642,0.11253292317975176,-5.985514218279294,0.39026472429025155,140.11851670100418,3.985177807962004e-25,equivalent,True,1.0,1.0,8.829013141381866e-07,8.575067072121855e-07,True,306,0.6029739379882812,t3_rho0.75_n800,t3,800,0.75,0.375
True,5,5,0.4001558382487397,0.8006234744227575,0.7504219810953255,0.13093613187851627,-3.815432850637343,0.43949806655199275,166.29746588436274,1.6192612760487246e-30,equivalent,True,1.0,1.0,8.105286286795988e-07,9.41270458452588e-07,True,307,0.6342263221740723,t3_rho0.75_n800,t3,800,0.75,0.375
True,5,5,0.3899875260560032,0.7604513523964087,0.7228959902833373,0.10181766856189613,-5.176940477636553,0.42198842441591095,239.06230800456382,1.0780694707484855e-45,equivalent,True,0.991044776119403,1.0,6.04351268662283e-07,8.664395841404661e-07,True,308,0.5732321739196777,t3_rho0.75_n800,t3,800,0.75,0.375
True,5,5,0.37404019935809646,0.6995303536792228,0.6523308646650354,0.11693096965167153,-5.111298889553174,0.4110146455297037,158.7578459049431,5.84708197287465e-29,equivalent,True,1.0,1.0,8.02674840354372e-07,6.896320243492555e-07,True,309,0.6253540515899658,t3_rho0.75_n800,t3,800,0.75,0.375
True,5,5,0.40629939441651736,0.8253959895161436,0.78429453789574,0.11896743954381603,-3.9145623700906786,0.44271403011843113,209.57570810684504,1.6180090533501804e-39,equivalent,True,1.0,1.0,9.805645448153653e-07,9.238917800401439e-07,True,310,0.5755369663238525,t3_rho0.75_n800,t3,800,0.75,0.375
True,5,5,0.3499942071163224,0.6124797250749159,0.5690001912300319,0.10585583337893505,-6.433276155241954,0.38551719616570773,145.48942059232482,3.151908914198847e-26,equivalent,True,0.9970149253731343,1.0,9.269412053742572e-07,8.481888983054119e-07,True,311,0.614922046661377,t3_rho0.75_n800,t3,800,0.75,0.375
True,5,5,0.34320538442521564,0.5889496794923004,0.5417507304689091,0.10577303813711703,-6.695933878848827,0.37834690322042347,143.80877535104094,6.976276940287808e-26,equivalent,True,1.0,1.0,8.471227098556986e-07,9.411258311791719e-07,True,312,0.6145708560943604,t3_rho0.75_n800,t3,800,0.75,0.375
True,5,5,0.3879596455335263,0.7525634328124968,0.7111629734510082,0.11212360448475461,-4.8057412087769364,0.42322331952637704,192.48300382810157,5.947322393630521e-36,equivalent,True,1.0,1.0,7.153986594589121e-07,9.040133865407414e-07,True,313,0.5834379196166992,t3_rho0.75_n800,t3,800,0.75,0.375
True,5,5,0.39619921731751717,0.784869099015066,0.7367069953155594,0.12789534374059522,-4.013383049546599,0.4352185922815069,164.68250929044976,3.49347342929444e-30,equivalent,True,0.9970149253731343,1.0,9.808843819897482e-07,9.237624015343764e-07,True,314,0.6025011539459229,t3_rho0.75_n800,t3,800,0.75,0.375
True,5,5,0.4112770326575219,0.8457439879578817,0.8025521365369223,0.12088566048119419,-3.7014138954279514,0.44752460348585055,208.7239990311217,2.4373726322969682e-39,equivalent,True,0.9970149253731343,1.0,9.498833664790067e-07,9.50464476015927e-07,True,315,0.6068117618560791,t3_rho0.75_n800,t3,800,0.75,0.375
True,5,5,0.37072954056543167,0.6872019612392801,0.6430994910770981,0.1115694560229179,-5.439665393709872,0.4065992905732614,174.71985511466647,2.918867670095821e-32,equivalent,True,1.0,1.0,8.19982895074363e-07,8.736886431459253e-07,True,316,0.603564977645874,t3_rho0.75_n800,t3,800,0.75,0.375
True,5,5,0.4248909474979562,0.9026615863285548,0.8620890418635894,0.11816860567249662,-3.282690490666386,0.45966490000777604,255.4572382991219,3.862011700350413e-49,equivalent,True,1.0,0.9970149253731343,9.630626683348e-07,9.362108214893249e-07,True,317,0.597017765045166,t3_rho0.75_n800,t3,800,0.75,0.375
True,5,5,0.41204547256536384,0.84890735730807,0.7961070387537014,0.13489112639165843,-3.3648837650626,0.45121684304613235,171.16663976680124,1.5904315955585248e-31,equivalent,True,1.0,1.0,9.51348479714613e-07,8.91512707591065e-07,True,318,0.6321609020233154,t3_rho0.75_n800,t3,800,0.75,0.375
True,5,5,0.3864124863731464,0.7465730481253853,0.7067852821809586,0.1089121949595774,-4.98763906117818,0.4209346507664735,214.86913685218005,1.266029592727276e-40,equivalent,True,1.0,1.0,8.665243965549353e-07,8.892196910492249e-07,True,319,0.5877730846405029,t3_rho0.75_n800,t3,800,0.75,0.375
True,5,5,0.41554662852404495,0.8633950023885031,0.8226359720947893,0.11439858094681099,-3.7357458839800755,0.44962315173559575,236.80109852291775,3.2158342531954326e-45,equivalent,True,1.0,1.0,9.967788059692018e-07,6.773427190251787e-07,True,320,0.595444917678833,t3_rho0.75_n800,t3,800,0.75,0.375
True,5,5,0.35301456308018353,0.6230964087334644,0.5798493746070786,0.10978283585669463,-6.104329699295659,0.38998104321696997,144.92102874930663,4.123771157223777e-26,equivalent,True,0.9970149253731343,0.9970149253731343,7.575268346711927e-07,9.935170202028447e-07,True,321,0.5918948650360107,t3_rho0.75_n800,t3,800,0.75,0.375
True,5,5,0.4171649026212511,0.8701327798949896,0.830238175255785,0.1136973254780408,-3.6919234729517596,0.45105512599748215,247.03845958990456,2.2760636045494237e-47,equivalent,True,1.0,0.991044776119403,9.908522938442455e-07,9.747709852902342e-07,True,322,0.5726749897003174,t3_rho0.75_n800,t3,800,0.75,0.375
True,5,5,0.3960220858748827,0.7841674625034647,0.7469129375269984,0.10636183129704103,-4.7299586358945795,0.42938620879230316,226.5126264768794,4.6229544638547375e-43,equivalent,True,0.9940298507462687,1.0,9.7605486577598e-07,9.068408219174381e-07,True,323,0.5726311206817627,t3_rho0.75_n800,t3,800,0.75,0.375
True,5,5,0.3814299297458645,0.7274439565296756,0.6836351086730167,0.1083297765935906,-5.228155260134568,0.41516785391208383,195.61873890703046,1.321850349661564e-36,equivalent,True,1.0,1.0,9.1892181366717e-07,7.987846576899126e-07,True,324,0.6032021045684814,t3_rho0.75_n800,t3,800,0.75,0.375
True,5,5,0.333506926352499,0.5561343496254559,0.508439010859714,0.10241409201032234,-7.240810073925607,0.3679389083948134,128.09899795624875,1.14037793202033e-22,equivalent,True,1.0,1.0,9.664198816121287e-07,8.0695557065904e-07,True,325,0.6304240226745605,t3_rho0.75_n800,t3,800,0.75,0.375
True,5,5,0.41867453967423146,0.876441850857148,0.8313309221037793,0.13047671393133173,-3.2087647311271263,0.45737206260252494,207.12080873893507,5.269712968980697e-39,equivalent,True,1.0,0.9970149253731343,6.974591934761167e-07,8.64446638705446e-07,True,326,0.5972857475280762,t3_rho0.75_n800,t3,800,0.75,0.375
True,5,5,0.4442097674920682,0.9866115876767865,0.9400556892947655,0.13255317902331082,-2.3382638801195985,0.4812663018693925,240.94670704076987,4.334896229185717e-46,equivalent,True,1.0,1.0,6.729056350099756e-07,9.860135573205828e-07,True,327,0.6368718147277832,t3_rho0.75_n800,t3,800,0.75,0.375
True,5,5,0.41595117360467915,0.8650768941155496,0.8158549946363568,0.13401791023323875,-3.2394551191559153,0.4552570351702335,187.59273262492144,6.194484990317803e-35,equivalent,True,1.0,1.0,9.749779505105648e-07,8.342571243590602e-07,True,328,0.61971116065979,t3_rho0.75_n800,t3,800,0.75,0.375
True,5,5,0.40492613220390755,0.8198258627080822,0.7726336728508599,0.1277205304350274,-3.737584909201271,0.4433317607781064,175.32685942473495,2.1845373086715943e-32,equivalent,True,1.0,1.0,9.360098427287022e-07,9.046479871942004e-07,True,329,0.6299941539764404,t3_rho0.75_n800,t3,800,0.75,0.375
True,5,5,0.3694347982060885,0.6824103506278667,0.6395365718032305,0.10462472765036689,-5.834791085304476,0.4028967447244384,198.28909426172285,3.66970792467848e-37,equivalent,True,1.0,1.0,9.486836647838508e-07,9.55261375393712e-07,True,330,0.5921390056610107,t3_rho0.75_n800,t3,800,0.75,0.375
True,5,5,0.387303544632945,0.7500201784262179,0.7002595459681229,0.12644619463982168,-4.347623553225914,0.42620300980533804,152.2159478732509,1.3042430816864192e-27,equivalent,True,0.9970149253731343,1.0,9.79616146649475e-07,9.77990253739164e-07,True,331,0.6383500099182129,t3_rho0.75_n800,t3,800,0.75,0.375
True,5,5,0.3760483362524767,0.7070617559912789,0.6647823834287574,0.10896456268197019,-5.370715048701568,0.4108559697912097,180.54452279649752,1.8059940335225135e-33,equivalent,True,0.9940298507462687,1.0,9.763285598447439e-07,9.376580933193229e-07,True,332,0.5779159069061279,t3_rho0.75_n800,t3,800,0.75,0.375
True,5,5,0.3635919744599891,0.6609956194585669,0.616266325341065,0.1127355129306032,-5.621420067064791,0.40042471019436404,159.4021467825482,4.305030648477774e-29,equivalent,True,0.9970149253731343,1.0,7.798961348637954e-07,6.966357953863233e-07,True,333,0.597862720489502,t3_rho0.75_n800,t3,800,0.75,0.375
True,5,5,0.355950656823023,0.6335043504637076,0.5882452057506729,0.11727116529249018,-5.6429454981437335,0.3952566526496046,132.57931048803977,1.3897515926975296e-23,equivalent,True,1.0,0.9970149253731343,9.602348621572142e-07,9.150853900991444e-07,True,334,0.6016299724578857,t3_rho0.75_n800,t3,800,0.75,0.375
True,5,5,0.40064111069122776,0.8025664978795031,0.7584804950828334,0.1266001612938424,-3.882455597954069,0.43970881946116375,176.17479798057826,1.457188521410892e-32,equivalent,True,0.9970149253731343,1.0,7.637835098901765e-07,9.370542831784321e-07,True,335,0.6133291721343994,t3_rho0.75_n800,t3,800,0.75,0.375
True,5,5,0.4322590530639878,0.9342394447788771,0.8861272820398988,0.1388829605222174,-2.61999540182535,0.4721375696503353,206.422406616403,7.372814562823968e-39,equivalent,True,1.0,0.9970149253731343,9.529417386122027e-07,5.72053376604242e-07,True,336,0.6235499382019043,t3_rho0.75_n800,t3,800,0.75,0.375
True,5,5,0.42218926370598064,0.8912188719429903,0.846647939177161,0.13047667997301446,-3.091372810116424,0.46070879728161485,205.15593695058845,1.3553723308187454e-38,equivalent,True,0.9970149253731343,0.9970149253731343,9.840983999420352e-07,7.696824427432239e-07,True,337,0.6054790019989014,t3_rho0.75_n800,t3,800,0.75,0.375
True,5,5,0.40080942440326567,0.8032409734523857,0.760819681403243,0.11142225615111906,-4.390328606641161,0.4345326186965777,242.9120656111255,1.6757155632236902e-46,equivalent,True,1.0,1.0,9.327402841569338e-07,9.817758824141996e-07,True,338,0.5915336608886719,t3_rho0.75_n800,t3,800,0.75,0.375
True,5,5,0.3711951084506669,0.6889290426885116,0.6452783632910424,0.11239657800247259,-5.3802495365619984,0.40746884108489656,163.16140012150285,7.205154767915903e-30,equivalent,True,1.0,1.0,6.906752912181893e-07,8.578848358703133e-07,True,339,0.6122832298278809,t3_rho0.75_n800,t3,800,0.75,0.375
True,5,5,0.39448847403959225,0.7781057807504302,0.7362623140321325,0.11541996154003425,-4.451029779538385,0.43037454766606664,196.56133854145094,8.409362527063314e-37,equivalent,True,0.9940298507462687,1.0,9.411993927179621e-07,9.657051446691678e-07,True,340,0.5892910957336426,t3_rho0.75_n800,t3,800,0.75,0.375
True,5,5,0.4619784413235198,1.067120401238544,1.0210715748511279,0.15329591545345025,-1.4933758963616248,0.5046228130755845,219.60204115499698,1.29479565654132e-41,inconclusive,True,1.0,0.9970149253731343,9.46864328310833e-07,9.136380849364072e-07,True,341,0.6138899326324463,t3_rho0.75_n800,t3,800,0.75,0.375
True,5,5,0.39964431177540277,0.7985778796721766,0.7603840913966926,0.11140086102594152,-4.39508190595845,0.43442426306566473,220.14377896938973,9.972519787134629e-42,equivalent,True,0.9970149253731343,1.0,8.839437460764617e-07,9.727471775327991e-07,True,342,0.5561783313751221,t3_rho0.75_n800,t3,800,0.75,0.375
True,5,5,0.37594847213460186,0.7066862685017075,0.6632698138950617,0.1077445978648534,-5.445564768276252,0.40999851377230473,186.2666275438222,1.1688965500844423e-34,equivalent,True,0.9970149253731343,0.9970149253731343,8.825980001714028e-07,9.019950924159507e-07,True,343,0.59909987449646,t3_rho0.75_n800,t3,800,0.75,0.375
True,5,5,0.39718262286487294,0.7887701795290993,0.7475055744642691,0.11394121054683233,-4.410120123563148,0.43241697188974154,201.4746654671941,7.948724310714631e-38,equivalent,True,1.0,1.0,8.83293345803828e-07,9.8600375584809e-07,True,344,0.5970029830932617,t3_rho0.75_n800,t3,800,0.75,0.375
True,5,5,0.3889280517597467,0.7563251472281611,0.7106708851279433,0.11548774335610801,-4.670011718984136,0.4244128458601785,201.3751655391202,8.337850919385856e-38,equivalent,True,1.0,1.0,8.64918887140834e-07,8.766075278029783e-07,True,345,0.6188328266143799,t3_rho0.75_n800,t3,800,0.75,0.375
True,5,5,0.39933457750446644,0.7973405239533534,0.7565481294360761,0.1157270696235858,-4.263927810225619,0.4351786345037855,210.11396100280132,1.2488590281343984e-39,equivalent,True,1.0,0.9970149253731343,9.154847350291424e-07,8.540551657879945e-07,True,346,0.5811131000518799,t3_rho0.75_n800,t3,800,0.75,0.375
True,5,5,0.416823122212628,0.8687075760554173,0.830273131112631,0.11097048228378725,-3.7823289603625607,0.4500674019259054,260.6707048785777,3.087049265424269e-50,equivalent,True,1.0,0.9970149253731343,8.341032594755641e-07,8.023992018815367e-07,True,347,0.5857951641082764,t3_rho0.75_n800,t3,800,0.75,0.375
True,5,5,0.3933438403728392,0.7735968837962681,0.7306116346785361,0.11993614181873026,-4.330540881550617,0.4307874261283959,185.7413946443875,1.503063818049122e-34,equivalent,True,1.0,1.0,9.391750567809712e-07,6.940518269029367e-07,True,348,0.60990309715271,t3_rho0.75_n800,t3,800,0.75,0.375
True,5,5,0.41316031590287877,0.853507233184833,0.809427507522714,0.11392011669611102,-3.8673809793624114,0.4464995911875054,239.19226553526693,1.0124250877258252e-45,equivalent,True,0.9880597014925373,1.0,8.960707274754809e-07,9.86070208933613e-07,True,349,0.6071979999542236,t3_rho0.75_n800,t3,800,0.75,0.375
True,5,5,0.41842271553605487,0.8753878443828316,0.8341285653936843,0.12000947171220115,-3.465321767298762,0.4542084499892155,234.95514380676218,7.846208029377759e-45,equivalent,True,0.9970149253731343,0.9940298507462687,7.45671870800815e-07,9.338752430974473e-07,True,350,0.5725767612457275,t3_rho0.75_n800,t3,800,0.75,0.375
True,5,5,0.37758881240899966,0.7128665562821938,0.6691853232738995,0.10807879115852388,-5.373993088747581,0.41157237878835556,190.54764670385765,1.5038719801386215e-35,equivalent,True,0.9970149253731343,0.9970149253731343,9.996952583347164e-07,8.270996130712293e-07,True,351,0.6072859764099121,t3_rho0.75_n800,t3,800,0.75,0.375
True,5,5,0.40012077105820476,0.8004831571610616,0.7584254371210046,0.11476671182446412,-4.283250387367197,0.435247028552469,215.78382861356496,8.149494729527324e-41,equivalent,True,1.0,1.0,9.002339306663478e-07,9.225768674196531e-07,True,352,0.5985298156738281,t3_rho0.75_n800,t3,800,0.75,0.375
True,5,5,0.3651879535097093,0.6668112069430479,0.6247923755444841,0.11099545782691499,-5.6327316152923785,0.40183669740983696,154.92098981905932,3.615411999282286e-28,equivalent,True,1.0,1.0,9.314223254166964e-07,9.822935694288835e-07,True,353,0.6047070026397705,t3_rho0.75_n800,t3,800,0.75,0.375
True,5,5,0.3994207935970967,0.7976848517886725,0.7542906822522445,0.11697414159031513,-4.2377683734915115,0.4351312499250334,198.97398672012048,2.6414194402665283e-37,equivalent,True,1.0,1.0,8.678893390739663e-07,8.729759152381322e-07,True,354,0.6060569286346436,t3_rho0.75_n800,t3,800,0.75,0.375
True,5,5,0.38333062911186633,0.734711856076496,0.6858690295139218,0.1251654737216378,-4.507081335709872,0.4223145540788423,164.54571220275676,3.7285235501851384e-30,equivalent,True,0.9970149253731343,0.9970149253731343,8.762077729408961e-07,9.299767418644638e-07,True,355,0.6388211250305176,t3_rho0.75_n800,t3,800,0.75,0.375
True,5,5,0.3797502344666473,0.7210512028873679,0.6823697344854215,0.10417961242935316,-5.448573403932588,0.413214217529901,211.45302121458857,6.5564604350438445e-40,equivalent,True,1.0,1.0,9.008545999051699e-07,9.110962954951997e-07,True,356,0.5787267684936523,t3_rho0.75_n800,t3,800,0.75,0.375
True,5,5,0.41446685999010136,0.8589138901502713,0.8173750193734594,0.12128924687251251,-3.5668865277172843,0.4509718565502562,220.52201185887608,8.310501596737538e-42,equivalent,True,1.0,0.9970149253731343,9.266620243576509e-07,7.951077375811868e-07,True,357,0.5841789245605469,t3_rho0.75_n800,t3,800,0.75,0.375
True,5,5,0.42031913688598216,0.8833408841628851,0.831314006556056,0.13902949973128081,-3.011490325817105,0.4604339656112051,185.20281186268343,1.9450924020244662e-34,equivalent,True,1.0,1.0,9.737735442227276e-07,9.200260628748632e-07,True,358,0.6542739868164062,t3_rho0.75_n800,t3,800,0.75,0.375
True,5,5,0.3853438801484102,0.7424495298391616,0.6966186200013469,0.12312170531609391,-4.494588330935972,0.424060326733585,160.69695400148157,2.3264107559431077e-29,equivalent,True,1.0,0.9970149253731343,9.363548147918449e-07,9.262216121000766e-07,True,359,0.6273210048675537,t3_rho0.75_n800,t3,800,0.75,0.375
True,5,5,0.37999467398408465,0.7219797612813539,0.6778084826942657,0.11606314085202776,-4.930002006711482,0.41682498986507593,167.08209419352104,1.1143297797460231e-30,equivalent,True,1.0,0.991044776119403,8.243340759440436e-07,9.398683135201805e-07,True,360,0.605158805847168,t3_rho0.75_n800,t3,800,0.75,0.375
True,5,5,0.42016207934526073,0.8826808645986659,0.8395425312488342,0.12474001469518727,-3.2905036106830132,0.45710427625350275,215.73759922353133,8.332984413695987e-41,equivalent,True,0.9940298507462687,0.9940298507462687,9.098629165352317e-07,8.471527132717029e-07,True,361,0.5903549194335938,t3_rho0.75_n800,t3,800,0.75,0.375
True,5,5,0.43221693845652964,0.9340574094436777,0.8877248382203832,0.13635272429795617,-2.6568971294477253,0.4715941287434759,199.55026486287835,2.002962234220178e-37,equivalent,True,1.0,1.0,9.524980543939199e-07,8.965989840009658e-07,True,362,0.6180458068847656,t3_rho0.75_n800,t3,800,0.75,0.375
True,5,5,0.47086480367268974,1.1085683166886033,1.05782810954803,0.14120877342742819,-1.3609061660091075,0.5079558785322804,278.11578570458755,6.502459734761638e-54,inconclusive,True,1.0,1.0,8.616967218817614e-07,9.96897072036308e-07,True,363,0.6548328399658203,t3_rho0.75_n800,t3,800,0.75,0.375
True,5,5,0.42457643420348545,0.901325742404733,0.8620283000218995,0.11401105891186178,-3.40293041465415,0.4581615007365096,265.9154746124678,2.4265820270394933e-51,equivalent,True,1.0,1.0,9.847747428998763e-07,9.183803639986514e-07,True,364,0.5818648338317871,t3_rho0.75_n800,t3,800,0.75,0.375
True,5,5,0.3872838355097717,0.7499438462357995,0.7047380970180495,0.11022280519189304,-4.946906423155114,0.4209604442012813,200.04982537920085,1.5757731855584593e-37,equivalent,True,1.0,0.9940298507462687,9.70009214067992e-07,8.388755171335559e-07,True,365,0.5876131057739258,t3_rho0.75_n800,t3,800,0.75,0.375
True,5,5,0.3504780028638984,0.6141741524573339,0.5710637662340257,0.10966065911768565,-6.191247063701791,0.38766983352271295,137.75290813827058,1.2161634132665362e-24,equivalent,True,1.0,1.0,9.765482040386898e-07,9.364505224800654e-07,True,366,0.6139669418334961,t3_rho0.75_n800,t3,800,0.75,0.375
True,5,5,0.3506345723240023,0.6147230165441799,0.5726967188501864,0.10181444547069465,-6.652329912701459,0.38475097888341003,159.0112039548746,5.183911263359988e-29,equivalent,True,1.0,1.0,9.869989743175233e-07,9.564236784207801e-07,True,367,0.5793740749359131,t3_rho0.75_n800,t3,800,0.75,0.375
True,5,5,0.4268076727674702,0.9108239476659198,0.8649350660633391,0.13310382862457004,-2.892966625496305,0.4655902450304539,203.99405586929842,2.3691355169958297e-38,equivalent,True,1.0,0.9940298507462687,9.149720650421212e-07,9.324400877159823e-07,True,368,0.6291458606719971,t3_rho0.75_n800,t3,800,0.75,0.375
True,5,5,0.3461780253373925,0.5991961261324819,0.5564725810929456,0.10281170807624075,-6.74560740098554,0.3809416732297022,149.32413934997896,5.133810428216663e-27,equivalent,True,1.0,1.0,8.580010842297116e-07,9.703464864392536e-07,True,369,0.5870821475982666,t3_rho0.75_n800,t3,800,0.75,0.375
True,5,5,0.39644735996434455,0.785852546113493,0.7420486464460726,0.12496844634692543,-4.06463686156265,0.43533974058757907,170.63266600525694,2.0516492582445654e-31,equivalent,True,1.0,1.0,9.81965457186988e-07,8.459916858237702e-07,True,370,0.6206190586090088,t3_rho0.75_n800,t3,800,0.75,0.375
True,5,5,0.38168778163024925,0.7284278132291041,0.6859598208647925,0.11350715045654142,-4.969203938840506,0.41777086278919956,186.5177619703628,1.0364726786143881e-34,equivalent,True,1.0,0.9940298507462687,8.837192542154793e-07,9.83071450318116e-07,True,371,0.5902771949768066,t3_rho0.75_n800,t3,800,0.75,0.375
True,5,5,0.34289840203843486,0.5878965706025605,0.5399812634379731,0.11137238989221877,-6.375177341970944,0.3803084387426718,121.39941387306409,2.630706390781752e-21,equivalent,True,1.0,0.9970149253731343,6.753277133841873e-07,7.919741942083256e-07,True,372,0.6289241313934326,t3_rho0.75_n800,t3,800,0.75,0.375
True,5,5,0.3830958664669151,0.7338122145201823,0.6918568765972236,0.10769169065404703,-5.182787269964746,0.4168918191958362,200.55008514796424,1.239247912103111e-37,equivalent,True,0.9970149253731343,1.0,9.894593326142148e-07,9.61820016899267e-07,True,373,0.6129870414733887,t3_rho0.75_n800,t3,800,0.75,0.375
True,5,5,0.3935504040847298,0.7744096027762706,0.7333051214749721,0.11004687170741892,-4.6952255026272995,0.4276250969102687,214.46878315616175,1.5352195514238396e-40,equivalent,True,1.0,0.9940298507462687,8.597941317258937e-07,6.928910232216366e-07,True,374,0.5926051139831543,t3_rho0.75_n800,t3,800,0.75,0.375
True,5,5,0.36203613339023644,0.6553508094007654,0.606696564700141,0.1201296179525259,-5.3550776757992065,0.401071615174559,132.27096793248097,1.6066116867741674e-23,equivalent,True,1.0,1.0,9.150690179613339e-07,9.35097027996307e-07,True,375,0.6303398609161377,t3_rho0.75_n800,t3,800,0.75,0.375
True,5,5,0.3789535058145357,0.7180287978456367,0.6741595853585679,0.11892004258897251,-4.842248641229716,0.4170768870911604,162.07993485651855,1.205239516739085e-29,equivalent,True,1.0,1.0,9.446161213282686e-07,8.584963764301407e-07,True,376,0.586590051651001,t3_rho0.75_n800,t3,800,0.75,0.375
True,5,5,0.40563711340509045,0.822707338858071,0.7701838623973027,0.13224315655108293,-3.6282870896034134,0.44445573414905176,185.39510940557034,1.7740517040750592e-34,equivalent,True,1.0,1.0,9.97646951522058e-07,9.945378181833076e-07,True,377,0.6556460857391357,t3_rho0.75_n800,t3,800,0.75,0.375
True,5,5,0.3710094395425227,0.688240021148284,0.6364907335531284,0.1187406926036352,-5.166798786451489,0.40787296856961425,154.73711675469266,3.9450235543933624e-28,equivalent,True,1.0,1.0,7.896627907126064e-07,7.189171813510393e-07,True,378,0.6482067108154297,t3_rho0.75_n800,t3,800,0.75,0.375
True,5,5,0.363054279659106,0.6590420498939619,0.6116889094153175,0.10823668082701456,-5.89736386692087,0.3974222959127536,158.2676354560797,7.380472487758713e-29,equivalent,True,0.9970149253731343,1.0,8.46043605964797e-07,9.966692997234265e-07,True,379,0.6294040679931641,t3_rho0.75_n800,t3,800,0.75,0.375
True,5,5,0.38267063506814225,0.7321840747172764,0.6895062756544837,0.11395698522687654,-4.9184674658568,0.4187956150967598,174.58220232285132,3.117110450334144e-32,equivalent,True,1.0,1.0,9.37379464463038e-07,9.787116994984027e-07,True,380,0.5901079177856445,t3_rho0.75_n800,t3,800,0.75,0.375
True,5,5,0.37081567589341546,0.6875213274414527,0.6482622018357658,0.10512605362983858,-5.723964492028066,0.40526020590131984,185.94660595123466,1.3624277575218463e-34,equivalent,True,1.0,0.991044776119403,9.779548773691394e-07,8.610056417662732e-07,True,381,0.5850791931152344,t3_rho0.75_n800,t3,800,0.75,0.375
True,5,5,0.34947551330295545,0.610665671991821,0.5711948259552347,0.10190553615648154,-6.661121658811771,0.3843994060111586,153.44712714416758,7.274747442921004e-28,equivalent,True,1.0,1.0,8.99873943620335e-07,8.264255343534495e-07,True,382,0.5716879367828369,t3_rho0.75_n800,t3,800,0.75,0.375
True,5,5,0.396702666301942,0.7868650272553498,0.7395755750057623,0.1308652347507142,-3.9003821447808313,0.4369965059419424,162.33730799690892,1.0663678157067352e-29,equivalent,True,0.9970149253731343,0.9970149253731343,9.829520184894255e-07,9.570065790376603e-07,True,383,0.6249358654022217,t3_rho0.75_n800,t3,800,0.75,0.375
True,5,5,0.375834295427225,0.7062570880963932,0.6662227290731575,0.11843597553821626,-4.929053594348725,0.41497772783577874,158.89464726586783,5.479111183527582e-29,equivalent,True,0.9940298507462687,0.9970149253731343,8.975499956101754e-07,9.989125662699307e-07,True,384,0.5942609310150146,t3_rho0.75_n800,t3,800,0.75,0.375
True,5,5,0.4105400066899735,0.8427154854650174,0.7992561845593333,0.12914794829276902,-3.490135316891471,0.449818998203063,209.09034545876057,2.0435603583390793e-39,equivalent,True,1.0,0.9940298507462687,9.820773159108243e-07,9.74410983695595e-07,True,385,0.6231460571289062,t3_rho0.75_n800,t3,800,0.75,0.375
True,5,5,0.40306848591713856,0.8123210216976726,0.7732878700280656,0.1163570729300603,-4.0969759548564415,0.43924440200383486,208.1797252709523,3.166780760124379e-39,equivalent,True,1.0,0.9970149253731343,8.090604658157029e-07,8.335500842049663e-07,True,386,0.5893340110778809,t3_rho0.75_n800,t3,800,0.75,0.375
True,5,5,0.43220482591744025,0.934005057731624,0.8920958625880359,0.1255842726731343,-2.8499120932403907,0.4687565698702267,236.3261157491182,4.0455433140911216e-45,equivalent,True,1.0,0.9940298507462687,9.460299958071135e-07,9.727005287721934e-07,True,387,0.5895531177520752,t3_rho0.75_n800,t3,800,0.75,0.375
True,5,5,0.37144556167315484,0.6898590264334274,0.6386315464613732,0.12051866623558909,-5.072811313257714,0.4091129701523372,144.24073510468833,5.688014187986081e-26,equivalent,True,1.0,1.0,9.846359186316938e-07,9.88014050803657e-07,True,388,0.6413941383361816,t3_rho0.75_n800,t3,800,0.75,0.375
True,5,5,0.37326433391571684,0.6966313148677188,0.6539907684623429,0.11024421148062216,-5.40626327253852,0.40873618865146977,184.85279532042392,2.2998283796122585e-34,equivalent,True,1.0,1.0,9.997496299735958e-07,9.677999265441429e-07,True,389,0.6017289161682129,t3_rho0.75_n800,t3,800,0.75,0.375
True,5,5,0.38740443794026325,0.7504109926790563,0.7043983566448574,0.1256058258572023,-4.343760646702977,0.4268492836757048,158.63047255725962,6.211859786231881e-29,equivalent,True,1.0,1.0,9.590529945007555e-07,7.70813799859612e-07,True,390,0.6175081729888916,t3_rho0.75_n800,t3,800,0.75,0.375
True,5,5,0.37714957088503603,0.7112089940938341,0.6722792800814454,0.10651999332033382,-5.423589524467912,0.4117011239812792,195.40387480720028,1.4653798921549833e-36,equivalent,True,1.0,0.9940298507462687,9.425852545834092e-07,6.936330506067292e-07,True,391,0.5656681060791016,t3_rho0.75_n800,t3,800,0.75,0.375
True,5,5,0.35833796962971604,0.6420305023917363,0.6052880518062511,0.09960614495876906,-6.472612191352459,0.3922054514175795,178.23259298635335,5.4527029511408804e-33,equivalent,True,1.0,0.9940298507462687,8.348464433147776e-07,8.346654543942337e-07,True,392,0.5620517730712891,t3_rho0.75_n800,t3,800,0.75,0.375
True,5,5,0.4375826372745791,0.9573928222208793,0.9148628366775385,0.12610942784667922,-2.657510774927257,0.47377091224850937,244.59934261025987,7.408619382042457e-47,equivalent,True,1.0,1.0,9.58661447419025e-07,7.825038417860623e-07,True,393,0.6122250556945801,t3_rho0.75_n800,t3,800,0.75,0.375
True,5,5,0.39881710509592794,0.7952754165854821,0.7515660225159864,0.11853116513570015,-4.2050879776081045,0.4350936541472943,212.68747140269772,3.6193193079065167e-40,equivalent,True,1.0,1.0,8.529878213124386e-07,9.482927462066729e-07,True,394,0.6052429676055908,t3_rho0.75_n800,t3,800,0.75,0.375
True,5,5,0.3663883029405514,0.6712019426582863,0.6263582027861123,0.11422365758593893,-5.459830392356992,0.40354414882389433,158.03710517792632,8.234624655170725e-29,equivalent,True,0.9970149253731343,1.0,9.995629769076185e-07,8.504557726161304e-07,True,395,0.5958750247955322,t3_rho0.75_n800,t3,800,0.75,0.375
True,5,5,0.34430952451971525,0.5927452433749619,0.5511994548839689,0.10043730957646667,-6.957579290632115,0.3785245375988373,160.06701656711425,3.138626049537681e-29,equivalent,True,0.9970149253731343,0.9940298507462687,9.761108913787837e-07,7.406153194213375e-07,True,396,0.5903658866882324,t3_rho0.75_n800,t3,800,0.75,0.375
True,5,5,0.37340645660375504,0.69716190916686,0.652017502185758,0.11617977646630007,-5.147044657877243,0.4106376088194463,163.14121800240213,7.274675260484996e-30,equivalent,True,1.0,0.9970149253731343,9.468105563020851e-07,7.826749066147764e-07,True,397,0.599606990814209,t3_rho0.75_n800,t3,800,0.75,0.375
True,5,5,0.4072380903886738,0.8292143113170682,0.7927976716474441,0.1126387208530315,-4.059015628818294,0.4422831401212864,231.9842585271689,3.295081676909879e-44,equivalent,True,1.0,0.9970149253731343,8.178504868873602e-07,7.930874194039441e-07,True,398,0.5802981853485107,t3_rho0.75_n800,t3,800,0.75,0.375
True,5,5,0.3921273286253688,0.76881920927434,0.7231060221956281,0.1255060368428477,-4.198156447758141,0.43117167859238886,164.0991509027152,4.6115225952758395e-30,equivalent,True,1.0,1.0,9.43313305064402e-07,7.233036394381575e-07,True,399,0.6000120639801025,t3_rho0.75_n800,t3,800,0.75,0.375
True,5,5,0.42458677275903833,0.9013696380096763,0.8578536244085473,0.13208443808649475,-2.9689067180999618,0.463705335630067,205.84218724930662,9.745068667469482e-39,equivalent,True,1.0,1.0,8.472103248522313e-07,9.098547900961094e-07,True,400,0.600632905960083,t3_rho0.75_n800,t3,800,0.75,0.375
True,5,5,0.3300078211551945,0.5445258101179942,0.5012182170535197,0.10047821589462191,-7.452180318684966,0.3651000342090922,124.4261312700321,6.381028179051544e-22,equivalent,True,0.9970149253731343,1.0,7.406492289757824e-07,9.921611383744399e-07,True,401,0.6041669845581055,t3_rho0.75_n800,t3,800,0.75,0.375
True,5,5,0.3516249586569765,0.6182005577526022,0.5668787226258346,0.11455137098672742,-5.963449162501213,0.3886641122268988,129.0189676434696,7.404776187425542e-23,equivalent,True,1.0,0.9970149253731343,9.137721964973993e-07,8.322016597846079e-07,True,402,0.6534101963043213,t3_rho0.75_n800,t3,800,0.75,0.375
True,5,5,0.39900212687481,0.7960134862531099,0.7508003951783631,0.11795331716131814,-4.2321794489163,0.43469905376527207,212.98144805832317,3.141717870991631e-40,equivalent,True,1.0,0.9970149253731343,9.303544804305896e-07,9.196709941804221e-07,True,403,0.5985977649688721,t3_rho0.75_n800,t3,800,0.75,0.375
True,5,5,0.38257301534588095,0.7318105603541983,0.690737601014105,0.11080735630798132,-5.047159481284475,0.4178515245706762,186.47239291531204,1.0592333471374146e-34,equivalent,True,0.9970149253731343,1.0,8.553050844026e-07,9.248138935618618e-07,True,404,0.5895297527313232,t3_rho0.75_n800,t3,800,0.75,0.375
True,5,5,0.4197375556332285,0.8808980780447879,0.8302712063234287,0.1326896587354204,-3.163236665741218,0.4579358629226014,191.35842528025012,1.0196466054429936e-35,equivalent,True,1.0,0.9970149253731343,8.191111207315408e-07,9.734955689146587e-07,True,405,0.6485309600830078,t3_rho0.75_n800,t3,800,0.75,0.375
True,5,5,0.4306814548438701,0.9274325777321626,0.8834291277163967,0.1272450777617031,-2.880825559084455,0.4674887496794883,252.98999217723042,1.275981845441104e-48,equivalent,True,1.0,1.0,7.51277250682312e-07,9.714401234794328e-07,True,406,0.6084549427032471,t3_rho0.75_n800,t3,800,0.75,0.375
True,5,5,0.3744517145796513,0.7010704327582031,0.6621330459436326,0.1062131654141594,-5.5347842403913345,0.40910589247897894,209.08069706469297,2.0530674126927507e-39,equivalent,True,0.9940298507462687,0.9970149253731343,7.966416180195652e-07,9.843239422485697e-07,True,407,0.5673007965087891,t3_rho0.75_n800,t3,800,0.75,0.375
True,5,5,0.34741648399035596,0.6034910667411063,0.5630779898794265,0.09788645919699787,-7.0175386438090825,0.380548784604299,164.8035960293153,3.297803336326915e-30,equivalent,True,0.9970149253731343,0.9940298507462687,8.751189765482818e-07,9.201436231006879e-07,True,408,0.5836877822875977,t3_rho0.75_n800,t3,800,0.75,0.375
True,5,5,0.3587422880792094,0.6434801462815323,0.6001367742480913,0.11016890109887813,-5.898790123799523,0.3953096231557838,163.9087842282766,5.048829456684359e-30,equivalent,True,1.0,0.9970149253731343,8.997638729547345e-07,9.999645076831465e-07,True,409,0.6128132343292236,t3_rho0.75_n800,t3,800,0.75,0.375
True,5,5,0.4016051202443516,0.8064333630324004,0.7629115281317542,0.11866026375190532,-4.104899622392965,0.4377420001185845,210.21111366348887,1.1918243424435813e-39,equivalent,True,1.0,1.0,7.87094748974254e-07,8.873726298121929e-07,True,410,0.6090028285980225,t3_rho0.75_n800,t3,800,0.75,0.375
True,5,5,0.4634563398572081,1.0739588947691998,1.0301879493172879,0.13594263701626874,-1.616947085235712,0.5007581629630904,278.18055463222,6.301077810926267e-54,inconclusive,True,1.0,0.991044776119403,8.580049960610474e-07,9.546905192117478e-07,True,411,0.592803955078125,t3_rho0.75_n800,t3,800,0.75,0.375
True,5,5,0.44827626941572646,1.0047580686064048,0.9671133011266617,0.1253232676714665,-2.257256007838245,0.4844072114445621,275.65890202123285,2.1442807754373023e-53,equivalent,True,1.0,0.9970149253731343,9.826424368652045e-07,8.994146372369247e-07,True,412,0.5706040859222412,t3_rho0.75_n800,t3,800,0.75,0.375
True,5,5,0.4267588442006653,0.9106155555174387,0.8620802104706391,0.1358510092904277,-2.8554796284218287,0.46594747253891555,197.82228219739903,4.591410675000223e-37,equivalent,True,1.0,1.0,8.32374459409389e-07,8.490977868206723e-07,True,413,0.6429688930511475,t3_rho0.75_n800,t3,800,0.75,0.375
True,5,5,0.3675635879014356,0.675514955754882,0.6335544293247415,0.10688699644468644,-5.767264411759071,0.40233515707696565,179.61876451963013,2.8113380749672014e-33,equivalent,True,1.0,1.0,8.786818716352814e-07,9.682908022471225e-07,True,414,0.6067390441894531,t3_rho0.75_n800,t3,800,0.75,0.375
True,5,5,0.3346243373058309,0.5598672355868325,0.5180575131584021,0.09979312420336146,-7.334598377239129,0.36937855797247354,146.66789310237868,1.8050494625534058e-26,equivalent,True,1.0,1.0,7.733994502167011e-07,7.937973737876595e-07,True,415,0.5946393013000488,t3_rho0.75_n800,t3,800,0.75,0.375
True,5,5,0.4162070718702314,0.8661416333739599,0.8263739778945205,0.1233348791406016,-3.4347625347939608,0.45370514680319873,210.23615223972072,1.1775519984976007e-39,equivalent,True,1.0,1.0,9.321564815134914e-07,9.296936370341507e-07,True,416,0.5790629386901855,t3_rho0.75_n800,t3,800,0.75,0.375
True,5,5,0.4105468336582388,0.8427435131340281,0.7943897654966499,0.1268076819103652,-3.5929229810020584,0.44787717981880315,204.21672672433584,2.1286967790595076e-38,equivalent,True,0.9940298507462687,1.0,9.881397513447907e-07,9.646230269767104e-07,True,417,0.6541268825531006,t3_rho0.75_n800,t3,800,0.75,0.375
True,5,5,0.41174108090268896,0.8476535885145734,0.8054868987682671,0.11975772364528373,-3.711769794058194,0.4477657478775401,211.32326222848928,6.978951420862069e-40,equivalent,True,1.0,0.9970149253731343,7.839816034657689e-07,9.824569399110304e-07,True,418,0.5957491397857666,t3_rho0.75_n800,t3,800,0.75,0.375
True,5,5,0.40092863481894964,0.8037188510889334,0.7578984531864581,0.12963734012806227,-3.7959861435557016,0.4407114480665196,166.40895516520803,1.5355263054322389e-30,equivalent,True,0.991044776119403,1.0,9.506194959613662e-07,9.732831026826984e-07,True,419,0.6123652458190918,t3_rho0.75_n800,t3,800,0.75,0.375
True,5,5,0.34558803349468614,0.5971554444736216,0.5535970056786376,0.10564774284426061,-6.591745129358388,0.3814110849661441,136.36402636425535,2.3401527118362085e-24,equivalent,True,1.0,1.0,7.792795037085049e-07,9.357930613855173e-07,True,420,0.5991170406341553,t3_rho0.75_n800,t3,800,0.75,0.375
True,5,5,0.4170909903635225,0.86982447121212,0.8299984854652286,0.12212820304595441,-3.439021487745408,0.45406640553963745,229.27548879773715,1.2185531747156403e-43,equivalent,True,0.991044776119403,0.9970149253731343,9.4855272842079e-07,9.496721182885729e-07,True,421,0.5762472152709961,t3_rho0.75_n800,t3,800,0.75,0.375
True,5,5,0.38285241231942124,0.7328798480940006,0.6944061515866745,0.10417919476084722,-5.333059539275011,0.41611673312712094,214.8300976408789,1.2900556736901398e-40,equivalent,True,1.0,0.9940298507462687,9.499988544905587e-07,8.769679573191965e-07,True,422,0.5789408683776855,t3_rho0.75_n800,t3,800,0.75,0.375
True,5,5,0.4266103159210669,0.9099818082513624,0.8641134627566064,0.13080309844314472,-2.9501330001836634,0.46459991684185725,211.35843921004894,6.8617983431765846e-40,equivalent,True,1.0,1.0,8.962850871293443e-07,9.889232292867474e-07,True,423,0.6057353019714355,t3_rho0.75_n800,t3,800,0.75,0.375
True,5,5,0.3717725516982637,0.6910741509811906,0.6513377989740522,0.10499534758972381,-5.701797410731564,0.40596546091263475,189.47379046048314,2.515842758075052e-35,equivalent,True,1.0,0.9970149253731343,9.30993907445881e-07,9.698493355817036e-07,True,424,0.5987968444824219,t3_rho0.75_n800,t3,800,0.75,0.375
True,5,5,0.4160428809888854,0.8654583941076593,0.8263869136275712,0.12146380346829878,-3.4875664541740528,0.4530291582902194,220.12594739716877,1.0058600704549238e-41,equivalent,True,1.0,0.9970149253731343,9.93497085313667e-07,9.984641843754905e-07,True,425,0.5885391235351562,t3_rho0.75_n800,t3,800,0.75,0.375
True,5,5,0.41553537333907625,0.8633482324802275,0.8161831625496808,0.12644913165136218,-3.4307616966988155,0.45258667133959835,203.89960492036488,2.4791522293379637e-38,equivalent,True,0.9940298507462687,1.0,9.94143218757568e-07,9.268736178044043e-07,True,426,0.6153500080108643,t3_rho0.75_n800,t3,800,0.75,0.375
True,5,5,0.36753424386169375,0.6754071020549348,0.6300198577742531,0.10967626871709311,-5.652819424637507,0.40259688676492966,184.0867207293805,3.318272602258875e-34,equivalent,True,0.9940298507462687,1.0,8.511015183474567e-07,9.611419346684963e-07,True,427,0.597383975982666,t3_rho0.75_n800,t3,800,0.75,0.375
True,5,5,0.3483518548683744,0.6067450739511848,0.5681014036791083,0.0973541029583215,-7.004312870232299,0.38163717141513104,173.69156155292592,4.768389751690285e-32,equivalent,True,0.9970149253731343,1.0,9.16221172920181e-07,7.73916742026422e-07,True,428,0.5555450916290283,t3_rho0.75_n800,t3,800,0.75,0.375
True,5,5,0.3249402207125385,0.527930735183566,0.48361877174010126,0.09938776360409338,-7.711021965568553,0.35974910567752344,122.29424249063081,1.731029007416304e-21,equivalent,True,0.9970149253731343,0.9970149253731343,9.344300321351625e-07,7.894000000366035e-07,True,429,0.6106860637664795,t3_rho0.75_n800,t3,800,0.75,0.375
True,5,5,0.44567571852451965,0.9931342304117343,0.9520997019288444,0.12911887453365453,-2.3071785526871875,0.4825932761681245,260.38560934962106,3.5445825273861807e-50,equivalent,True,1.0,0.9970149253731343,9.250412212731249e-07,8.657574584717901e-07,True,430,0.6012210845947266,t3_rho0.75_n800,t3,800,0.75,0.375
True,5,5,0.3466690664316951,0.6008972081031152,0.5540634030850228,0.11606468189459837,-5.996109975530515,0.38599813887124423,130.5256152687649,3.6491864351826196e-23,equivalent,True,1.0,0.9940298507462687,9.930883406536296e-07,9.427637618002641e-07,True,431,0.6271491050720215,t3_rho0.75_n800,t3,800,0.75,0.375
True,5,5,0.3812611742435191,0.7268004149277351,0.6857026325415994,0.10696738043619457,-5.2754154131595365,0.41512608114103644,195.51438077050352,1.3897159800202067e-36,equivalent,True,0.9940298507462687,1.0,9.486304036553855e-07,9.030037206897205e-07,True,432,0.5835893154144287,t3_rho0.75_n800,t3,800,0.75,0.375
True,5,5,0.4148012349138975,0.8603003224304718,0.8160588339749117,0.12548884254674028,-3.4580059646614405,0.4522100422988989,209.12368973882937,2.0110421003703943e-39,equivalent,True,0.9970149253731343,1.0,9.375045315543403e-07,8.047745748031285e-07,True,433,0.6211419105529785,t3_rho0.75_n800,t3,800,0.75,0.375
True,5,5,0.39832419709447925,0.7933108299548078,0.7461686361700468,0.12114097230965594,-4.159050024314471,0.43483969548467216,183.6177845435172,4.152968371892958e-34,equivalent,True,1.0,1.0,9.993332069089859e-07,9.266830777828866e-07,True,434,0.6309559345245361,t3_rho0.75_n800,t3,800,0.75,0.375
True,5,5,0.4116273338468484,0.847185309849324,0.8064808985656988,0.11951118364499494,-3.7111096042004226,0.44789715391938634,212.58143643557145,3.808852169922082e-40,equivalent,True,1.0,1.0,8.928930590593179e-07,7.597569203893902e-07,True,435,0.5836043357849121,t3_rho0.75_n800,t3,800,0.75,0.375
True,5,5,0.40492640406856534,0.8198269635594952,0.7783836902508294,0.12452705272142996,-3.78725987199093,0.4434439005270567,190.1074061791368,1.8570892325282003e-35,equivalent,True,1.0,0.9970149253731343,9.942222973331108e-07,9.392897053840859e-07,True,436,0.5839548110961914,t3_rho0.75_n800,t3,800,0.75,0.375
True,5,5,0.393914851198068,0.7758445499719804,0.7322682639741398,0.11563752719412182,-4.4771948050803525,0.42952882790124586,205.0372478156409,1.4349485291209568e-38,equivalent,True,0.9940298507462687,1.0,9.54399373268754e-07,9.315908059826098e-07,True,437,0.6088411808013916,t3_rho0.75_n800,t3,800,0.75,0.375
True,5,5,0.3265636515485183,0.5332190925635103,0.49298735133782656,0.0921762786123877,-8.212662303774515,0.3590553822273945,154.42477400703302,4.575203711833468e-28,equivalent,True,0.9940298507462687,1.0,9.864251859188664e-07,7.06989330368533e-07,True,438,0.5942559242248535,t3_rho0.75_n800,t3,800,0.75,0.375
True,5,5,0.33515026655471536,0.5616285058584837,0.5154200455488454,0.11032036802187527,-6.658606815973418,0.37333119425417643,117.49323045759371,1.631011763341588e-20,equivalent,True,0.9970149253731343,1.0,9.802294293713685e-07,9.80485382293901e-07,True,439,0.5957109928131104,t3_rho0.75_n800,t3,800,0.75,0.375
True,5,5,0.40852214635932116,0.834451720330133,0.7911096811250125,0.12213201983243098,-3.757330137539686,0.44542091933659683,199.1989672239502,2.3709723194861212e-37,equivalent,True,0.9970149253731343,1.0,9.758833922219353e-07,8.398350002197842e-07,True,440,0.59214186668396,t3_rho0.75_n800,t3,800,0.75,0.375
True,5,5,0.4117961499931284,0.8478803457458155,0.7958574960497118,0.13417798358073213,-3.384627580701718,0.4509014612971473,202.6704169096654,4.4752700041116564e-38,equivalent,True,1.0,0.9970149253731343,9.210347123759511e-07,9.530095617405197e-07,True,441,0.6440730094909668,t3_rho0.75_n800,t3,800,0.75,0.375
True,5,5,0.42483920585630647,0.9024417541630858,0.8621106883861003,0.11762371651340098,-3.2977134468430704,0.459474588004316,245.90418822036764,3.9405752844679697e-47,equivalent,True,1.0,0.9970149253731343,9.81023584840606e-07,9.102554489875935e-07,True,442,0.5937180519104004,t3_rho0.75_n800,t3,800,0.75,0.375
True,5,5,0.4180249360838212,0.873724235939414,0.8246639347335526,0.12803900452517247,-3.321925743204496,0.4550317254253902,194.61566067994653,2.1387532283934393e-36,equivalent,True,1.0,1.0,9.954939630270625e-07,9.962855741646959e-07,True,443,0.6307520866394043,t3_rho0.75_n800,t3,800,0.75,0.375
True,5,5,0.3812909791905341,0.7269140540603817,0.6843893493416382,0.11817463748657246,-4.78622708466213,0.41923008728503786,161.15506791085957,1.8710722123439124e-29,equivalent,True,1.0,0.9970149253731343,7.553816677479679e-07,9.842566486416007e-07,True,444,0.6006011962890625,t3_rho0.75_n800,t3,800,0.75,0.375
True,5,5,0.4380075917073928,0.9592532519665505,0.9105665237228354,0.1477461256419806,-2.2974103368347,0.48033056832832843,181.97506861970805,9.11240368959396e-34,equivalent,True,0.9970149253731343,1.0,9.071584124896789e-07,8.672247173473116e-07,True,445,0.636383056640625,t3_rho0.75_n800,t3,800,0.75,0.375
True,5,5,0.4367702914572517,0.9538414374982632,0.9069658684444113,0.14206148349029055,-2.4146878036722317,0.4776266773984724,216.07701465480557,7.076240775668762e-41,equivalent,True,1.0,1.0,6.906325705331046e-07,9.70064753716578e-07,True,446,0.6518020629882812,t3_rho0.75_n800,t3,800,0.75,0.375
True,5,5,0.3920667556223764,0.7685817043212811,0.7235993179343193,0.11613968312648486,-4.532479062237416,0.42769898221948405,188.86559664932741,3.366869101291748e-35,equivalent,True,1.0,1.0,9.54016521432777e-07,9.005279336013952e-07,True,447,0.6051497459411621,t3_rho0.75_n800,t3,800,0.75,0.375
True,5,5,0.41342078514266534,0.8545837279398893,0.8134878496271759,0.12176331535418851,-3.5849233334611945,0.4502822849096217,212.2149042808001,4.543771640263442e-40,equivalent,True,1.0,0.9970149253731343,7.831438973483278e-07,8.298622079289527e-07,True,448,0.5830950736999512,t3_rho0.75_n800,t3,800,0.75,0.375
True,5,5,0.3515265281443366,0.6178544999460553,0.5763847742871904,0.10209061487771216,-6.598209115692861,0.38582609876640045,171.0873315132253,1.6517377711006863e-31,equivalent,True,1.0,0.9940298507462687,8.576167168259225e-07,8.013412433096031e-07,True,449,0.6005980968475342,t3_rho0.75_n800,t3,800,0.75,0.375
True,5,5,0.3669192410806913,0.6731486473761523,0.6259570906457121,0.11033864762156564,-5.655705619073755,0.40185769007920324,160.18298469322127,2.970294013430064e-29,equivalent,True,1.0,1.0,8.959097410835197e-07,8.842513790575427e-07,True,450,0.6311759948730469,t3_rho0.75_n800,t3,800,0.75,0.375
True,5,5,0.3719682307061865,0.691801823273454,0.6450222293223697,0.11507234955293207,-5.2573687165338265,0.40848485916771443,159.5631730945324,3.987872646609411e-29,equivalent,True,1.0,1.0,8.202542906029993e-07,8.961549045547348e-07,True,451,0.599423885345459,t3_rho0.75_n800,t3,800,0.75,0.375
True,5,5,0.40127387562787786,0.8051036163070879,0.7642805807418748,0.11816450613079418,-4.110535685906316,0.4378684499317212,201.3810001466494,8.314516107698329e-38,equivalent,True,1.0,1.0,9.482593778331979e-07,7.148586329504091e-07,True,452,0.5765900611877441,t3_rho0.75_n800,t3,800,0.75,0.375
True,5,5,0.4031349118537102,0.8125887857764935,0.7673856793299114,0.1247314118345706,-3.8692283970149615,0.4410330133857969,182.67213129323335,6.52882302232704e-34,equivalent,True,0.9970149253731343,1.0,8.752107924372747e-07,9.94400666129975e-07,True,453,0.6152670383453369,t3_rho0.75_n800,t3,800,0.75,0.375
True,5,5,0.40893584596717575,0.8361426305844484,0.7938598594320022,0.12210692135143915,-3.7355797322509576,0.4460286699064972,195.81497404054812,1.2030785729624771e-36,equivalent,True,0.9970149253731343,1.0,8.001502012281195e-07,9.29602482611883e-07,True,454,0.594947099685669,t3_rho0.75_n800,t3,800,0.75,0.375
True,5,5,0.42775355039780427,0.9148654993896345,0.8725617946828353,0.13037601616009462,-2.8949972275091698,0.46626414353481027,230.41253005502287,7.038123820941062e-44,equivalent,True,1.0,1.0,7.647658093085963e-07,7.444720834258912e-07,True,455,0.6007659435272217,t3_rho0.75_n800,t3,800,0.75,0.375
True,5,5,0.3826474530755532,0.7320953667260386,0.687939190472559,0.11471662842948116,-4.899558304862072,0.4187197757012285,182.30411466127816,7.78546612229443e-34,equivalent,True,1.0,1.0,8.330392269299755e-07,8.985977087963036e-07,True,456,0.6029391288757324,t3_rho0.75_n800,t3,800,0.75,0.375
True,5,5,0.37661360799441046,0.7091890486328374,0.6660297117383481,0.11568276116766857,-5.0480320694909375,0.41383835516316,158.66377808168448,6.114337728050029e-29,equivalent,True,1.0,0.9970149253731343,8.038576877297941e-07,9.481239174219028e-07,True,457,0.6041359901428223,t3_rho0.75_n800,t3,800,0.75,0.375
True,5,5,0.4030724478079655,0.8123369909095252,0.7677254749848912,0.12041528748251387,-4.005093830674468,0.43949766719310546,205.01496422822362,1.4504014069235965e-38,equivalent,True,1.0,1.0,8.025864074711139e-07,9.88346133117258e-07,True,458,0.6248350143432617,t3_rho0.75_n800,t3,800,0.75,0.375
True,5,5,0.38930920315958045,0.7578082783237375,0.7146776339871294,0.11648952318420312,-4.595455036470305,0.4257430794971337,184.15735312877783,3.2079932655734027e-34,equivalent,True,1.0,0.9970149253731343,7.98020769219812e-07,9.819153593529362e-07,True,459,0.5967848300933838,t3_rho0.75_n800,t3,800,0.75,0.375
True,5,5,0.39775379441391384,0.7910404048533302,0.750894669131922,0.11661011273792553,-4.280120472825442,0.434212214477695,199.93269090754518,1.66694798362649e-37,equivalent,True,0.9970149253731343,0.9970149253731343,9.898431258372462e-07,9.751491152729424e-07,True,460,0.5545971393585205,t3_rho0.75_n800,t3,800,0.75,0.375
True,5,5,0.3143579779202169,0.4941046914104379,0.45092877571483075,0.09178307783708113,-8.706084423356936,0.34695777961819013,130.50640233053474,3.6822765263444087e-23,equivalent,True,0.9970149253731343,1.0,8.809686274709682e-07,8.644951153814849e-07,True,461,0.6172831058502197,t3_rho0.75_n800,t3,800,0.75,0.375
True,5,5,0.34432421025806315,0.5927958088491944,0.5480513476348063,0.10539871342935792,-6.65993568162163,0.3798464962837237,142.0776011805902,1.580544785944468e-25,equivalent,True,0.9970149253731343,0.9970149253731343,9.839920851764044e-07,7.60464043538729e-07,True,462,0.6082189083099365,t3_rho0.75_n800,t3,800,0.75,0.375
True,5,5,0.3294678109424419,0.5427451922360231,0.49042744358563034,0.10112923579710138,-7.510909683311786,0.36242798839971596,130.99331907178686,2.9292143584872454e-23,equivalent,True,0.9970149253731343,0.9940298507462687,8.686443549947433e-07,9.908700955745936e-07,True,463,0.6546890735626221,t3_rho0.75_n800,t3,800,0.75,0.375
True,5,5,0.3371045501152846,0.5681973885421422,0.5193654699557713,0.11015131675707891,-6.633007680294246,0.3743122394037184,123.96600061549569,7.915487263488549e-22,equivalent,True,0.9940298507462687,0.9970149253731343,9.070427890618906e-07,9.049083919960529e-07,True,464,0.6180860996246338,t3_rho0.75_n800,t3,800,0.75,0.375
True,5,5,0.3612321061033845,0.6524431723994342,0.6146949078235963,0.10055430997679025,-6.318029454163065,0.3949916528977599,177.8537134429008,6.53476813138172e-33,equivalent,True,0.9940298507462687,1.0,8.959522516830378e-07,9.618100447251234e-07,True,465,0.5752520561218262,t3_rho0.75_n800,t3,800,0.75,0.375
True,5,5,0.38489095743872653,0.740705245590498,0.6965912873549054,0.11542375849937421,-4.794582327243269,0.4210573536132511,182.32897395210313,7.693442395940755e-34,equivalent,True,1.0,0.9970149253731343,9.741215741693401e-07,6.634624595699863e-07,True,466,0.6148600578308105,t3_rho0.75_n800,t3,800,0.75,0.375
True,5,5,0.3608330978805821,0.6510026226304888,0.6093912229100886,0.10567653456015386,-6.061977521842941,0.395781165308563,169.38446708135558,3.720019558112732e-31,equivalent,True,0.9970149253731343,1.0,9.83806491400952e-07,8.222753325493068e-07,True,467,0.5858700275421143,t3_rho0.75_n800,t3,800,0.75,0.375
True,5,5,0.3777083356774275,0.7133179342010612,0.6732471530137992,0.1070344180638172,-5.388480242330305,0.4121415057415861,189.35387273637068,2.664620386088071e-35,equivalent,True,1.0,1.0,7.771533379776728e-07,9.71737179776237e-07,True,468,0.5786569118499756,t3_rho0.75_n800,t3,800,0.75,0.375
True,5,5,0.37814329666259067,0.7149617640542604,0.6702178669512386,0.10715730897801787,-5.410570110226426,0.4114549684420133,198.51045388192966,3.2997584842594564e-37,equivalent,True,1.0,0.9940298507462687,9.291863869143229e-07,9.768210708639837e-07,True,469,0.6254758834838867,t3_rho0.75_n800,t3,800,0.75,0.375
True,5,5,0.38250032412828855,0.731532489791229,0.6833997818589639,0.12322321674346817,-4.598161232234432,0.42097124292380944,154.08646771520537,5.3717213206166e-28,equivalent,True,0.9970149253731343,0.9970149253731343,9.667992776773155e-07,9.263149375918027e-07,True,470,0.6403059959411621,t3_rho0.75_n800,t3,800,0.75,0.375
True,5,5,0.3766639290962951,0.7093785774112942,0.6668451423729039,0.10863082466082676,-5.3682263708100795,0.41122425714322697,182.7851029757574,6.185366034837097e-34,equivalent,True,1.0,1.0,9.015319135425496e-07,9.702543510336037e-07,True,471,0.6007480621337891,t3_rho0.75_n800,t3,800,0.75,0.375
True,5,5,0.3498390728184336,0.6119368843523065,0.558893227323945,0.11525579942545025,-5.996286313757918,0.3869036435693229,128.48113846995446,9.531461101542088e-23,equivalent,True,0.9970149253731343,1.0,9.558930027027793e-07,9.108819956109625e-07,True,472,0.6578419208526611,t3_rho0.75_n800,t3,800,0.75,0.375
True,5,5,0.42907924341553355,0.9205449856502335,0.8742283407855416,0.12603755559145505,-2.9814261110593496,0.46508959808455064,234.99718839367358,7.688437666149225e-45,equivalent,True,1.0,1.0,9.57416098236158e-07,9.774607598553153e-07,True,473,0.6261069774627686,t3_rho0.75_n800,t3,800,0.75,0.375
True,5,5,0.3916770980319064,0.7670547456134782,0.7195910396531183,0.12192215449417476,-4.35039031706271,0.4289837147674954,191.20626152893556,1.0967924477603405e-35,equivalent,True,0.9940298507462687,1.0,7.805568243882466e-07,6.940666629387591e-07,True,474,0.6313998699188232,t3_rho0.75_n800,t3,800,0.75,0.375
True,5,5,0.3242084298595161,0.5255555299598638,0.47762574131226065,0.10347571365416221,-7.464304728249355,0.3599522591171505,121.18365915788928,2.909949227682991e-21,equivalent,True,1.0,1.0,9.840056579090503e-07,9.621216334344712e-07,True,475,0.6148111820220947,t3_rho0.75_n800,t3,800,0.75,0.375
True,5,5,0.4150217979383962,0.8612154638200951,0.8168259985377518,0.12837021346860933,-3.3744120988641435,0.45342611520602305,200.76506699207118,1.1176807066470518e-37,equivalent,True,0.9940298507462687,1.0,9.345162607829899e-07,9.7359204610357e-07,True,476,0.6082079410552979,t3_rho0.75_n800,t3,800,0.75,0.375
True,5,5,0.36049879008569224,0.6497968882662399,0.6052601766227128,0.1126848720727742,-5.721618275085772,0.3976456455574933,147.55130250103815,1.1883532144910273e-26,equivalent,True,1.0,0.9940298507462687,8.827376739310926e-07,7.865822798229906e-07,True,477,0.6173639297485352,t3_rho0.75_n800,t3,800,0.75,0.375
True,5,5,0.37355093084081975,0.6977014896602145,0.6489941826884358,0.11284387061457492,-5.325994349877771,0.40855986894164287,172.0602311380539,1.038512572381292e-31,equivalent,True,0.9970149253731343,1.0,7.557657888097826e-07,9.497894024653476e-07,True,478,0.6232938766479492,t3_rho0.75_n800,t3,800,0.75,0.375
True,5,5,0.4128186911732876,0.852096358910131,0.8097073541145982,0.11784570325899267,-3.736179035036677,0.44800586749300486,239.0670313183189,1.0756107237827242e-45,equivalent,True,1.0,1.0,9.211188677344167e-07,9.241705535751827e-07,True,479,0.6014409065246582,t3_rho0.75_n800,t3,800,0.75,0.375
True,5,5,0.3984992121270896,0.7940081103295558,0.7476819779274614,0.12259164193701129,-4.097489960454516,0.4357355355720923,182.47925067293778,7.159846341519422e-34,equivalent,True,0.9940298507462687,0.9970149253731343,6.956988661333355e-07,8.76548149979363e-07,True,480,0.617887020111084,t3_rho0.75_n800,t3,800,0.75,0.375
True,5,5,0.39249463679557656,0.7702601995664577,0.7257535817105893,0.12236290498803384,-4.284357406688555,0.4305862630842919,177.59515300843253,7.393969007637285e-33,equivalent,True,0.9970149253731343,1.0,9.733154114198928e-07,9.516097036222728e-07,True,481,0.6112899780273438,t3_rho0.75_n800,t3,800,0.75,0.375
True,5,5,0.39822522834269247,0.7929166624429478,0.7503080704499467,0.11866066765035053,-4.211099932645433,0.4348534235834206,193.97619312965105,2.9064438080844796e-36,equivalent,True,1.0,0.9970149253731343,9.069096848117984e-07,9.811191641130034e-07,True,482,0.5876779556274414,t3_rho0.75_n800,t3,800,0.75,0.375
True,5,5,0.39299949344355184,0.7722430092344417,0.7334018800407349,0.10793762025398154,-4.786080318833128,0.42683567475083595,216.18857376707183,6.706038784115582e-41,equivalent,True,1.0,1.0,9.114933628289451e-07,9.708882653822765e-07,True,483,0.5861508846282959,t3_rho0.75_n800,t3,800,0.75,0.375
True,5,5,0.3599152034527929,0.6476947683823264,0.5994722674828568,0.11822756698007308,-5.502335446239774,0.39848194685222016,131.40099173029557,2.4184627007802126e-23,equivalent,True,1.0,1.0,9.432338622335968e-07,9.876789479751762e-07,True,484,0.635789155960083,t3_rho0.75_n800,t3,800,0.75,0.375
True,5,5,0.42529531156574374,0.9043805101990151,0.8624890567079293,0.12313565608645259,-3.147024636146026,0.46152555448832516,233.39019243187823,1.6709986630749754e-44,equivalent,True,1.0,1.0,9.556619600074334e-07,6.822368289383863e-07,True,485,0.5982117652893066,t3_rho0.75_n800,t3,800,0.75,0.375
True,5,5,0.41586681243386026,0.8647260284194975,0.8223893269796838,0.11893320697806595,-3.5953850390932245,0.45122434416651896,228.2155515331666,2.0324925780732024e-43,equivalent,True,1.0,1.0,8.369265313655095e-07,7.10928265495066e-07,True,486,0.5915381908416748,t3_rho0.75_n800,t3,800,0.75,0.375
True,5,5,0.4048557244801148,0.8195407882215932,0.7742853749736165,0.11825349316564611,-4.0228378231501045,0.4401806588451634,207.20751867864493,5.054498711286216e-39,equivalent,True,1.0,1.0,9.739163276194718e-07,9.620966063879263e-07,True,487,0.5982391834259033,t3_rho0.75_n800,t3,800,0.75,0.375
True,5,5,0.36833445709773316,0.678351361427409,0.633768277060952,0.11738236253749282,-5.249781224519305,0.4066558942941513,145.4350189027701,3.234046942893188e-26,equivalent,True,1.0,0.9970149253731343,9.851043758908798e-07,9.303499088015001e-07,True,488,0.6054627895355225,t3_rho0.75_n800,t3,800,0.75,0.375
True,5,5,0.3281570376135733,0.5384352066765807,0.4984548134783422,0.09594965434647838,-7.832703428068593,0.3622921336255832,141.66342515145922,1.921967129964737e-25,equivalent,True,0.9970149253731343,1.0,9.355886221015353e-07,8.40416056816606e-07,True,489,0.5872859954833984,t3_rho0.75_n800,t3,800,0.75,0.375
True,5,5,0.3280060163461688,0.5379397337964159,0.49290943148778527,0.09851623131961146,-7.684932303754315,0.3619265704220784,131.47065963100314,2.3405480781562382e-23,equivalent,True,1.0,0.9970149253731343,9.76388691155485e-07,9.864549592425858e-07,True,490,0.6161608695983887,t3_rho0.75_n800,t3,800,0.75,0.375
True,5,5,0.3896182199458474,0.7590117865688536,0.7162552111408225,0.11487930564344764,-4.64613522748621,0.4254914461396643,185.63329471064395,1.582890345382922e-34,equivalent,True,0.9970149253731343,1.0,8.76620211076985e-07,8.384723557960222e-07,True,491,0.5964250564575195,t3_rho0.75_n800,t3,800,0.75,0.375
True,5,5,0.3949533022832568,0.7799405549222481,0.7346655567792768,0.11494444653215731,-4.483334852341485,0.4298214388686598,198.31365379567805,3.626698061633715e-37,equivalent,True,0.9970149253731343,0.9970149253731343,9.473114145197521e-07,7.296674389108212e-07,True,492,0.6078789234161377,t3_rho0.75_n800,t3,800,0.75,0.375
True,5,5,0.3731329885926618,0.6961411358804575,0.648878921152135,0.11571095167466572,-5.1950232034905754,0.4096843906453394,158.09054301619653,8.028226439277833e-29,equivalent,True,0.9940298507462687,1.0,8.991290395042425e-07,7.432149556212428e-07,True,493,0.6343278884887695,t3_rho0.75_n800,t3,800,0.75,0.375
True,5,5,0.4158004044322256,0.8644498816300119,0.8237319922030697,0.12101832598798576,-3.5223426230441213,0.4522807589610692,218.19465760756128,2.5512061006093843e-41,equivalent,True,1.0,1.0,9.888719764822577e-07,7.407215554120135e-07,True,494,0.5960462093353271,t3_rho0.75_n800,t3,800,0.75,0.375
True,5,5,0.4214529377579131,0.8881128937238769,0.8451190510825732,0.1302965136525872,-3.107381291850761,0.4603124469625307,196.54022390879703,8.49499991509532e-37,equivalent,True,0.9940298507462687,0.9970149253731343,9.915659867494234e-07,7.935552828935536e-07,True,495,0.5915420055389404,t3_rho0.75_n800,t3,800,0.75,0.375
True,5,5,0.4073603922892757,0.8297124460303629,0.787554289207096,0.1267342542507299,-3.6489401663894716,0.4463213163115558,184.54040007480268,2.6707020182073247e-34,equivalent,True,1.0,1.0,9.043929523569892e-07,7.835265754707203e-07,True,496,0.5905029773712158,t3_rho0.75_n800,t3,800,0.75,0.375
True,5,5,0.39013386546605733,0.7610221649174387,0.7175392546152713,0.1187873956926154,-4.482468382104869,0.42730015990083353,182.38748102865748,7.481129286001938e-34,equivalent,True,0.9970149253731343,0.9940298507462687,8.998631465601477e-07,9.146561541466314e-07,True,497,0.6179802417755127,t3_rho0.75_n800,t3,800,0.75,0.375
True,5,5,0.4075181178084153,0.8303550817105672,0.7932966394207476,0.10817464606508126,-4.221907602124118,0.4407330480790131,252.81794398307918,1.3868579883864632e-48,equivalent,True,1.0,1.0,9.996631780796448e-07,8.569280693891978e-07,True,498,0.5578997135162354,t3_rho0.75_n800,t3,800,0.75,0.375
True,5,5,0.3963023719007991,0.7852778498709965,0.7432174591758443,0.11800741472760232,-4.294497443181574,0.43297168112884876,194.0344461674863,2.826367115795399e-36,equivalent,True,1.0,1.0,6.844711554270886e-07,9.988474721028702e-07,True,499,0.6038691997528076,t3_rho0.75_n800,t3,800,0.75,0.375
True,5,5,0.43988129942195014,0.9674777879057167,0.9268832647904396,0.1268109403086858,-2.548019393461029,0.47654353419059375,259.23441072259595,6.193092105418302e-50,equivalent,True,0.9970149253731343,1.0,9.097202040780124e-07,9.340538123755236e-07,True,500,0.5812842845916748,t3_rho0.75_n800,t3,800,0.75,0.375
True,5,5,0.4819319168522766,1.1612918624045483,1.1194534170679513,0.14366627122351402,-0.9086794125041785,0.5207232286657745,285.5203501554862,1.780385718645808e-55,inconclusive,True,0.9970149253731343,0.9940298507462687,8.842593298509933e-07,9.879442247265775e-07,True,501,0.5960390567779541,t3_rho0.75_n800,t3,800,0.75,0.375
True,5,5,0.37007001642315773,0.6847590852771812,0.6418970086931185,0.11632996221561584,-5.227397823612903,0.4082261062123788,157.10968749091415,1.2792004919143443e-28,equivalent,True,1.0,0.9940298507462687,9.298639708763089e-07,7.788452489170439e-07,True,502,0.6101701259613037,t3_rho0.75_n800,t3,800,0.75,0.375
True,5,5,0.3970313922997141,0.7881696323572475,0.7427296434117834,0.11922335475485969,-4.2547901594552275,0.4333208074620088,187.9652531750406,5.182295509294777e-35,equivalent,True,1.0,1.0,9.004837858774275e-07,9.272618992694195e-07,True,503,0.604957103729248,t3_rho0.75_n800,t3,800,0.75,0.375
True,5,5,0.39221515056253675,0.7691636216539668,0.7218928147427193,0.1229960512077803,-4.293692196387151,0.42993099810842805,171.13534367327475,1.6143473990663768e-31,equivalent,True,1.0,1.0,9.22419001034776e-07,7.70319795876844e-07,True,504,0.618488073348999,t3_rho0.75_n800,t3,800,0.75,0.375
True,5,5,0.4074187568618617,0.8299502172143238,0.7886254528285451,0.119646472430582,-3.8561483493726985,0.4439428762707962,203.78917537591207,2.6142733108115853e-38,equivalent,True,1.0,1.0,6.965071374818427e-07,9.901598583597816e-07,True,505,0.5896780490875244,t3_rho0.75_n800,t3,800,0.75,0.375
True,5,5,0.37413787268121773,0.6998957388721354,0.6538314009799785,0.11368093923659761,-5.244226543371973,0.4100780184790562,171.49081248159015,1.362603379757208e-31,equivalent,True,0.9970149253731343,0.9970149253731343,9.616175601908289e-07,9.950951636020428e-07,True,506,0.6184077262878418,t3_rho0.75_n800,t3,800,0.75,0.375
True,5,5,0.3965937711510083,0.7864330965788917,0.7427435987077644,0.1243443991514165,-4.07944712229893,0.43526358327870096,188.72719999894065,3.5976509249582076e-35,equivalent,True,1.0,0.9970149253731343,7.572621185463707e-07,6.467398305161793e-07,True,507,0.6033077239990234,t3_rho0.75_n800,t3,800,0.75,0.375
True,5,5,0.37944391785016923,0.71988843396743,0.6816580227069007,0.10792719178621632,-5.26597577391691,0.41453165272706155,195.38937834235688,1.4756065012332402e-36,equivalent,True,0.9970149253731343,1.0,9.805612755479617e-07,6.651483195158461e-07,True,508,0.5972301959991455,t3_rho0.75_n800,t3,800,0.75,0.375
False,5,6,,,,,,,,,not_applicable,False,1.0,0.9970149253731343,9.653138267185233e-07,9.335802417102858e-07,False,509,0.6196370124816895,t3_rho0.75_n800,t3,800,0.75,0.375
True,5,5,0.4202357125539956,0.882990270528822,0.8395068972404478,0.12061046949555465,-3.403461610558458,0.4556080476546767,228.92205544451411,1.4452247758678107e-43,equivalent,True,1.0,1.0,9.334490996622709e-07,9.68234137053199e-07,True,510,0.6056361198425293,t3_rho0.75_n800,t3,800,0.75,0.375
True,5,5,0.38332142650767725,0.7346765800994031,0.6901533402125456,0.11975425192470443,-4.6749626905895445,0.42122002702477385,165.4744600370829,2.3961727648173693e-30,equivalent,True,0.9970149253731343,1.0,8.540646335062829e-07,9.185731354792679e-07,True,511,0.6187152862548828,t3_rho0.75_n800,t3,800,0.75,0.375
True,5,5,0.3291710406184375,0.5417678699091252,0.4957389154637409,0.10504854600239003,-7.180119223345542,0.36565787215968715,122.07480032832541,1.918175596270059e-21,equivalent,True,0.991044776119403,1.0,9.42729084344038e-07,7.510276910906623e-07,True,512,0.6263399124145508,t3_rho0.75_n800,t3,800,0.75,0.375
True,5,5,0.39955254770727455,0.7982111918968696,0.7534478487235184,0.12629976696941694,-3.9315365593407625,0.4384501062849203,179.2725663048348,3.317231345470192e-33,equivalent,True,1.0,1.0,9.655445187282137e-07,7.862782805910413e-07,True,513,0.5869491100311279,t3_rho0.75_n800,t3,800,0.75,0.375
True,5,5,0.40555900133023204,0.8223905177998758,0.7780128109155642,0.12876795469009764,-3.6654087596588347,0.44493083692248037,170.9288403728095,1.7814197110934287e-31,equivalent,True,0.9970149253731343,1.0,9.429536894624558e-07,8.489543965711774e-07,True,514,0.6112000942230225,t3_rho0.75_n800,t3,800,0.75,0.375
True,5,5,0.4465354912459906,0.9969697247114908,0.9453811157346416,0.1469660834048705,-2.0727155355033657,0.48726149264270724,214.38863248447564,1.5956286422710218e-40,equivalent,True,0.9940298507462687,1.0,9.567419939214243e-07,9.529129964506021e-07,True,515,0.6515979766845703,t3_rho0.75_n800,t3,800,0.75,0.375
True,5,5,0.4204588062341033,0.8839280386990362,0.8373018876470895,0.13257430800960587,-3.112956941272572,0.4594272998021061,192.55696642043335,5.740120696953193e-36,equivalent,True,1.0,1.0,9.118929044582626e-07,9.019784892748121e-07,True,516,0.6178820133209229,t3_rho0.75_n800,t3,800,0.75,0.375
True,5,5,0.425721047585941,0.906192051788355,0.8605510081388312,0.13168194969001804,-2.957497157187751,0.46414405968201267,210.76242445712512,9.141187932240974e-40,equivalent,True,1.0,0.991044776119403,9.652205315450298e-07,9.218472669289271e-07,True,517,0.6112420558929443,t3_rho0.75_n800,t3,800,0.75,0.375
True,5,5,0.42289409381162774,0.894197072903789,0.8500888241011496,0.12100863160407543,-3.3048152896010587,0.458067748414478,238.7491875472211,1.2542454814113735e-45,equivalent,True,0.9970149253731343,1.0,9.947859074453468e-07,9.709406388166642e-07,True,518,0.6028680801391602,t3_rho0.75_n800,t3,800,0.75,0.375
True,5,5,0.41442335214055503,0.8587335739970724,0.8155997282250558,0.12938788139467375,-3.35734898116066,0.4535248293579199,189.8961951308347,2.0548793374732632e-35,equivalent,True,1.0,1.0,9.5488979865034e-07,9.525990778099514e-07,True,519,0.6110057830810547,t3_rho0.75_n800,t3,800,0.75,0.375
True,5,5,0.38207003323443833,0.729887551478824,0.6851005499510431,0.11483799344138809,-4.91909892467143,0.4180890431415154,176.78966191921785,1.086380451278121e-32,equivalent,True,1.0,0.9970149253731343,8.820280963170133e-07,9.463934099554632e-07,True,520,0.6024520397186279,t3_rho0.75_n800,t3,800,0.75,0.375
True,5,5,0.35206879785535306,0.6197621921165672,0.572997638475833,0.11680643718942721,-5.795933664394365,0.391184644468093,132.7512040331159,1.2818195280780603e-23,equivalent,True,1.0,1.0,9.857856755085545e-07,9.255057758872579e-07,True,521,0.6256937980651855,t3_rho0.75_n800,t3,800,0.75,0.375
True,5,5,0.37971035682375304,0.7208997753961093,0.6774540721755012,0.11832818909298679,-4.838626638446824,0.41763300232996436,169.45717725808325,3.593295601519148e-31,equivalent,True,1.0,1.0,8.872789478716795e-07,9.399220122074428e-07,True,522,0.6052877902984619,t3_rho0.75_n800,t3,800,0.75,0.375
True,5,5,0.3565824735546728,0.6357553022318446,0.5917009107790828,0.10162499168192944,-6.477728345418141,0.38957904125761633,179.67771119712722,2.7332319471891235e-33,equivalent,True,1.0,0.9940298507462687,8.837346229674244e-07,9.5823674654987e-07,True,523,0.6072969436645508,t3_rho0.75_n800,t3,800,0.75,0.375
True,5,5,0.38200919948557077,0.729655142458033,0.68369804978201,0.11961037881516609,-4.734555277122702,0.41962831534518147,164.9005967394184,3.1489864529187208e-30,equivalent,True,0.9970149253731343,0.9970149253731343,9.966698017368811e-07,9.569078398047675e-07,True,524,0.6193101406097412,t3_rho0.75_n800,t3,800,0.75,0.375
True,5,5,0.42785532936463544,0.9153009143286034,0.8685180910900923,0.13092691936718942,-2.913701099466241,0.46559074502760395,227.75490360084686,2.5385090998989954e-43,equivalent,True,1.0,1.0,9.499890340362371e-07,9.89846794567818e-07,True,525,0.6080591678619385,t3_rho0.75_n800,t3,800,0.75,0.375
True,5,5,0.3897990114354515,0.7597163465802761,0.7146375673137629,0.11579382589853564,-4.62341086436982,0.4254647956815127,187.5338708471458,6.371587417747561e-35,equivalent,True,1.0,1.0,9.272996461853654e-07,9.634916916294768e-07,True,526,0.6193649768829346,t3_rho0.75_n800,t3,800,0.75,0.375
True,5,5,0.39323867552681746,0.7731832796504281,0.73072499772707,0.11739530975053998,-4.423302799544268,0.429842552281027,189.1929727012714,2.8781505839628524e-35,equivalent,True,1.0,1.0,9.376657266811211e-07,8.693506574473141e-07,True,527,0.6023349761962891,t3_rho0.75_n800,t3,800,0.75,0.375
True,5,5,0.4210602617187028,0.8864587199931124,0.8432744561061056,0.1222736187889967,-3.326355659725475,0.45703318510840507,237.46919286305217,2.3284724258317602e-45,equivalent,True,1.0,1.0,9.458141274467996e-07,9.965197426554993e-07,True,528,0.6035478115081787,t3_rho0.75_n800,t3,800,0.75,0.375
True,5,5,0.40912207774244963,0.8369043724814951,0.7948052674473025,0.12139411615529476,-3.74972648567567,0.44597776170923753,202.44966732303376,4.975999065654806e-38,equivalent,True,1.0,0.9970149253731343,9.511135751917613e-07,9.571896331010793e-07,True,529,0.5934188365936279,t3_rho0.75_n800,t3,800,0.75,0.375
True,5,5,0.3628081288991435,0.6581486919764876,0.6219944928686983,0.09597526296443398,-6.543410121877183,0.3949328429627926,207.28490840361906,4.869848390659177e-39,equivalent,True,1.0,1.0,9.903888209395774e-07,8.810537668910536e-07,True,530,0.5654139518737793,t3_rho0.75_n800,t3,800,0.75,0.375
True,5,5,0.3597052354235262,0.6469392819554721,0.6079240242051724,0.10257710739907952,-6.2594470840049174,0.39411885297527677,171.532227971854,1.3359514652146382e-31,equivalent,True,0.9970149253731343,0.9970149253731343,7.58599588782981e-07,8.794226355173581e-07,True,531,0.5731198787689209,t3_rho0.75_n800,t3,800,0.75,0.375
True,5,5,0.3795845053141311,0.7204219833728681,0.6748656602636964,0.11061333638732042,-5.1995026867504475,0.4139585505360612,190.4627794816537,1.5662964272516664e-35,equivalent,True,0.9970149253731343,1.0,8.223089983458838e-07,9.437347743778688e-07,True,532,0.6112151145935059,t3_rho0.75_n800,t3,800,0.75,0.375
True,5,5,0.4087056009101908,0.8352013410768009,0.7909832818044541,0.12247154088844045,-3.747945970677915,0.4455179098606791,199.11679210828274,2.4663865445831073e-37,equivalent,True,0.9970149253731343,1.0,8.767925768823004e-07,9.756110259255037e-07,True,533,0.5978491306304932,t3_rho0.75_n800,t3,800,0.75,0.375
True,5,5,0.40073140896971204,0.8029283106742531,0.755200740518539,0.12527384732531602,-3.949741067635186,0.4384650231554964,179.463397095417,3.0280602650357534e-33,equivalent,True,1.0,0.9970149253731343,9.554193319778372e-07,7.386734717705194e-07,True,534,0.6286959648132324,t3_rho0.75_n800,t3,800,0.75,0.375
True,5,5,0.3818329715147711,0.7289820906789998,0.6888855697086016,0.1115774170788671,-5.028924714172059,0.41771140489018327,186.80222249187312,9.044955774648604e-35,equivalent,True,1.0,0.9970149253731343,9.76720974034085e-07,8.503161502467443e-07,True,535,0.5916318893432617,t3_rho0.75_n800,t3,800,0.75,0.375
True,5,5,0.3868493232737811,0.7482619945869118,0.7011520308653088,0.11731617215128053,-4.678365813256723,0.4228758593555338,175.26580007539127,2.24915973255015e-32,equivalent,True,0.9970149253731343,1.0,8.994471683604981e-07,7.998888921092447e-07,True,536,0.6255810260772705,t3_rho0.75_n800,t3,800,0.75,0.375
True,5,5,0.38473668344591627,0.740111577944816,0.6947424011503008,0.1119044359693701,-4.96189086732613,0.4192395063746922,191.8289417664121,8.13765058881969e-36,equivalent,True,0.9970149253731343,0.9940298507462687,7.776081577996807e-07,9.855518080294393e-07,True,537,0.6243488788604736,t3_rho0.75_n800,t3,800,0.75,0.375
True,5,5,0.3835962235371137,0.7357303135596764,0.6909681810469739,0.1173779821227835,-4.7626633960042835,0.42048490595165944,186.57601766920936,1.0079624386934362e-34,equivalent,True,1.0,1.0,9.696612389128233e-07,8.13000443487165e-07,True,538,0.6437571048736572,t3_rho0.75_n800,t3,800,0.75,0.375
True,5,5,0.41452301850575446,0.8591466643556104,0.814027137711605,0.12711802300728675,-3.4296699395915233,0.4523533306843316,207.95733945443888,3.524276198301501e-39,equivalent,True,0.991044776119403,1.0,9.801580474882752e-07,9.560843456371855e-07,True,539,0.6417820453643799,t3_rho0.75_n800,t3,800,0.75,0.375
True,5,5,0.4016742993066495,0.8067112136174392,0.7655324591801423,0.11398742890802131,-4.250183949765057,0.4365833471506613,217.4540392070332,3.6451673374409454e-41,equivalent,True,1.0,1.0,9.910827725139793e-07,5.475672739938979e-07,True,540,0.6089348793029785,t3_rho0.75_n800,t3,800,0.75,0.375
True,5,5,0.3654342244754638,0.6677108620899185,0.6243313222701385,0.10647196508470776,-5.8763701527635686,0.3998655074417824,170.0056946610279,2.7664971021614343e-31,equivalent,True,0.9970149253731343,0.9880597014925373,8.180702766844277e-07,8.58591725547752e-07,True,541,0.582089900970459,t3_rho0.75_n800,t3,800,0.75,0.375
True,5,5,0.36773884975134596,0.676159308082215,0.6283408033258746,0.11384146479159273,-5.46074488598846,0.40387952401323696,165.33619999093153,2.559215213260976e-30,equivalent,True,0.9970149253731343,1.0,9.646505851257747e-07,8.816679290130164e-07,True,542,0.6383528709411621,t3_rho0.75_n800,t3,800,0.75,0.375
True,5,5,0.3937774985569448,0.7753035918488234,0.7310447090469097,0.11483538284464531,-4.519123619373982,0.4289363833999828,194.12741541098018,2.703111468361305e-36,equivalent,True,0.991044776119403,0.9940298507462687,9.165966945359962e-07,8.737911009219867e-07,True,543,0.6138479709625244,t3_rho0.75_n800,t3,800,0.75,0.375
True,5,5,0.332450546191478,0.5526168283150602,0.5087746893611201,0.09958835339844688,-7.442891516373234,0.36676503477040456,145.7024888039022,2.849789889130869e-26,equivalent,True,1.0,1.0,9.952558182470129e-07,9.447229316261604e-07,True,544,0.6174731254577637,t3_rho0.75_n800,t3,800,0.75,0.375
True,5,5,0.3482388794050323,0.6063515856463632,0.5653195959127674,0.09994654209721818,-6.850466156410322,0.3820253992034128,165.7162211612888,2.1356260058427285e-30,equivalent,True,1.0,1.0,9.554428532143858e-07,9.98743424291727e-07,True,545,0.5837931632995605,t3_rho0.75_n800,t3,800,0.75,0.375
True,5,5,0.37266841000805484,0.6944087190896583,0.6508484252944243,0.11638905195313243,-5.147834479714142,0.4104366892803268,153.44234165884146,7.291277414514159e-28,equivalent,True,1.0,0.9970149253731343,8.112878661907321e-07,9.783412351862653e-07,True,546,0.6166810989379883,t3_rho0.75_n800,t3,800,0.75,0.375
True,5,5,0.3883099479566372,0.7539230784104314,0.7105835837162068,0.11359858821971383,-4.7484429581157706,0.42365944662333915,188.24299600968834,4.536785513598459e-35,equivalent,True,0.9970149253731343,1.0,9.597894048361278e-07,9.203269230381226e-07,True,547,0.6124238967895508,t3_rho0.75_n800,t3,800,0.75,0.375
True,5,5,0.3915962691313408,0.7667381899879276,0.7217488393026033,0.12272993903315915,-4.304175206627243,0.429795678120855,173.1923176361823,6.051175876611056e-32,equivalent,True,0.9970149253731343,1.0,8.12539141703285e-07,8.935796870071e-07,True,548,0.6104471683502197,t3_rho0.75_n800,t3,800,0.75,0.375
False,5,6,,,,,,,,,not_applicable,False,0.9970149253731343,0.9940298507462687,9.97935108982194e-07,9.775230805732599e-07,False,549,0.6231460571289062,t3_rho0.75_n800,t3,800,0.75,0.375
True,5,5,0.4152448754160498,0.8621415327964537,0.8169745266633134,0.1261690299683172,-3.4321059093933384,0.4526597205883574,199.37371822165187,2.18015564220754e-37,equivalent,True,0.9970149253731343,1.0,8.707773270965585e-07,6.349771576175713e-07,True,550,0.6089329719543457,t3_rho0.75_n800,t3,800,0.75,0.375
True,5,5,0.37799695433452607,0.7144084874308888,0.6739442690279545,0.11057941715673847,-5.209429980586057,0.413722424919026,183.00107587156415,5.578224005581162e-34,equivalent,True,1.0,1.0,8.750391706484087e-07,8.828465137398193e-07,True,551,0.5941450595855713,t3_rho0.75_n800,t3,800,0.75,0.375
True,5,5,0.42826701208439616,0.9170631681984818,0.8725448599434669,0.1320818570436005,-2.857736471194029,0.46686190282697493,208.52836691450534,2.6778721441093837e-39,equivalent,True,0.9940298507462687,0.9970149253731343,8.97766200795577e-07,9.991526357750037e-07,True,552,0.6054201126098633,t3_rho0.75_n800,t3,800,0.75,0.375
True,5,5,0.42167060638194787,0.8890305014325981,0.8399332112967707,0.13557271741993485,-3.024699928622456,0.46107059920593885,183.82001499694505,3.769951738021572e-34,equivalent,True,1.0,1.0,8.62445187309123e-07,9.957888638958295e-07,True,553,0.6336798667907715,t3_rho0.75_n800,t3,800,0.75,0.375
True,5,5,0.36153954979585123,0.653554230332934,0.6110840344236214,0.11564409429196226,-5.524847329975465,0.40032527833132736,135.98976081353496,2.7913394507147588e-24,equivalent,True,1.0,0.9940298507462687,8.854749873325637e-07,8.05814842215635e-07,True,554,0.6125991344451904,t3_rho0.75_n800,t3,800,0.75,0.375
True,5,5,0.42750065370466983,0.9137840445896002,0.8688812951370342,0.1254540382609508,-3.037915001749242,0.463731565668387,241.0695480247054,4.08490621120664e-46,equivalent,True,1.0,1.0,9.145584014025351e-07,8.997290935964404e-07,True,555,0.6303088665008545,t3_rho0.75_n800,t3,800,0.75,0.375
True,5,5,0.37834787744284515,0.7157355818275308,0.6758581964836925,0.10772429086851197,-5.329733887198234,0.4130493643693305,190.22745099960025,1.7532756691666176e-35,equivalent,True,0.9970149253731343,0.9970149253731343,9.214262778786731e-07,9.893246494036008e-07,True,556,0.5922932624816895,t3_rho0.75_n800,t3,800,0.75,0.375
True,5,5,0.3785267182047488,0.7164123819742866,0.6736266168195563,0.11115926976410857,-5.185113076071546,0.4138761517314878,181.98153873701202,9.084249501978984e-34,equivalent,True,1.0,1.0,9.570350400191882e-07,9.441616543491156e-07,True,557,0.5984280109405518,t3_rho0.75_n800,t3,800,0.75,0.375
True,5,5,0.3776140102339889,0.7129617036249752,0.6637744907927496,0.11852460206796124,-4.94602385478681,0.414422516856219,167.66089000758578,8.457923888661326e-31,equivalent,True,0.9970149253731343,1.0,9.437961137131007e-07,9.842593704844453e-07,True,558,0.6350600719451904,t3_rho0.75_n800,t3,800,0.75,0.375
True,5,5,0.3728439432330893,0.6950630300279954,0.6489723973113688,0.11881130863938054,-5.058673366799513,0.4109500235429375,150.20999844641932,3.374523259669841e-27,equivalent,True,0.9970149253731343,1.0,8.549910230758585e-07,9.218840570476367e-07,True,559,0.6172919273376465,t3_rho0.75_n800,t3,800,0.75,0.375
True,5,5,0.4348752024761851,0.945582208643515,0.9005700636108037,0.13276265039432145,-2.631989760307935,0.4730634609934683,224.34497069556917,1.3154264922478909e-42,equivalent,True,1.0,0.9970149253731343,9.425549351887921e-07,9.903355112331609e-07,True,560,0.6139051914215088,t3_rho0.75_n800,t3,800,0.75,0.375
True,5,5,0.4309351510810039,0.9285255221860382,0.8831014670104268,0.12282762547060722,-2.987101082381279,0.46586155287930603,249.47575309496278,6.995976231037577e-48,equivalent,True,1.0,0.9940298507462687,9.680201256595335e-07,9.602741308268955e-07,True,561,0.6033420562744141,t3_rho0.75_n800,t3,800,0.75,0.375
True,5,5,0.37411242950152584,0.6998005495376707,0.6508193184562201,0.11386660099835036,-5.262128458128477,0.4094174422510582,171.3709406111265,1.4427766191646234e-31,equivalent,True,0.9970149253731343,0.9970149253731343,9.25886476338977e-07,8.040582825060125e-07,True,562,0.6451578140258789,t3_rho0.75_n800,t3,800,0.75,0.375
True,5,5,0.4128664252668733,0.8522934255632333,0.8023734077693494,0.1298091612473407,-3.448343614036107,0.45075280974355914,189.50500654467044,2.4784953179551283e-35,equivalent,True,1.0,1.0,9.168592363511378e-07,9.076954124781101e-07,True,563,0.6471788883209229,t3_rho0.75_n800,t3,800,0.75,0.375
True,5,5,0.38134789729012014,0.72713109383798,0.67980587418578,0.1255349987420162,-4.542112809400759,0.4210208004780604,150.67911343359037,2.702018767873572e-27,equivalent,True,0.9970149253731343,1.0,9.935740651414284e-07,7.236428255845475e-07,True,564,0.6156971454620361,t3_rho0.75_n800,t3,800,0.75,0.375
True,5,5,0.38956032176090344,0.758786221452293,0.7173973000755488,0.10930656162344853,-4.872559268301025,0.4236013678947396,204.8796332420407,1.5478870894456177e-38,equivalent,True,0.9970149253731343,0.9970149253731343,9.497089638488845e-07,7.268352843969982e-07,True,565,0.5739250183105469,t3_rho0.75_n800,t3,800,0.75,0.375
True,5,5,0.39063156150288614,0.7629650842109157,0.7178344152576271,0.11696287955361916,-4.549867332040272,0.42666643456219655,196.79706311428458,7.509942035589152e-37,equivalent,True,1.0,1.0,9.040329919014209e-07,7.550942867560204e-07,True,566,0.6148350238800049,t3_rho0.75_n800,t3,800,0.75,0.375
True,5,5,0.4302009405501311,0.925364246251087,0.8750930484115003,0.14619374723652567,-2.5644527120707896,0.4723474068503237,175.05654256053643,2.485472087556254e-32,equivalent,True,1.0,0.9940298507462687,9.582473618525841e-07,9.81707918365716e-07,True,567,0.6299209594726562,t3_rho0.75_n800,t3,800,0.75,0.375
True,5,5,0.37186786799938265,0.6914285562520315,0.6464358291870576,0.11376130138757935,-5.305531524790034,0.40830295575249925,178.49215487756726,4.81667944554401e-33,equivalent,True,1.0,1.0,9.68386565025123e-07,9.36407008747321e-07,True,568,0.6195278167724609,t3_rho0.75_n800,t3,800,0.75,0.375
True,5,5,0.3611255355512288,0.6520582621358091,0.6058347877063721,0.1156332443873098,-5.570761381874035,0.39900740572901766,139.62478360172494,5.030585792898211e-25,equivalent,True,0.9970149253731343,1.0,9.858929213806257e-07,9.156859311924448e-07,True,569,0.6081891059875488,t3_rho0.75_n800,t3,800,0.75,0.375
True,5,5,0.39670366180635824,0.7868689764528674,0.7422596540510916,0.11606355171248488,-4.374675240050327,0.43201092764934595,205.54692439292003,1.1231338329481075e-38,equivalent,True,1.0,1.0,7.232642803788614e-07,8.418086563540937e-07,True,570,0.6029801368713379,t3_rho0.75_n800,t3,800,0.75,0.375
True,5,5,0.4212221130918779,0.8871403427879339,0.8382476841818656,0.13518615178449211,-3.04581727035571,0.4605668499269568,188.79368841396732,3.484869547858524e-35,equivalent,True,1.0,0.991044776119403,9.29913840870223e-07,8.564401453902482e-07,True,571,0.623906135559082,t3_rho0.75_n800,t3,800,0.75,0.375
True,5,5,0.37226345938585786,0.6929004159696313,0.6474644649636707,0.11220855087974757,-5.369782697595468,0.40792918671092715,166.58344689240536,1.4130745574520164e-30,equivalent,True,0.9940298507462687,0.9970149253731343,9.594230259032582e-07,8.976853941329424e-07,True,572,0.6060402393341064,t3_rho0.75_n800,t3,800,0.75,0.375
True,5,5,0.3579153572782982,0.6405170148782593,0.599053393392258,0.10640781594992949,-6.117469856857571,0.39346630742504096,158.57402643071146,6.380702528383383e-29,equivalent,True,1.0,1.0,9.672381266522152e-07,9.795444604362042e-07,True,573,0.5943639278411865,t3_rho0.75_n800,t3,800,0.75,0.375
True,5,5,0.3646709540062046,0.6649245234789769,0.6221805993824377,0.10464071114048087,-5.999762365669614,0.398572265123563,178.5767028967811,4.625957366263602e-33,equivalent,True,1.0,1.0,8.884553139111872e-07,7.884403442051359e-07,True,574,0.6086089611053467,t3_rho0.75_n800,t3,800,0.75,0.375
True,5,5,0.43347447623975605,0.9395006077566541,0.8967582929298055,0.12441650229553865,-2.839186929006452,0.4693410759742297,245.36555678959985,5.113805034912308e-47,equivalent,True,0.9970149253731343,1.0,9.861963810474399e-07,8.306609055429867e-07,True,575,0.6057720184326172,t3_rho0.75_n800,t3,800,0.75,0.375
True,5,5,0.35724837283882915,0.6381319994799555,0.5937671829453252,0.10368196107338559,-6.329286312304571,0.3909754040003859,165.86223744411433,1.992183155737501e-30,equivalent,True,1.0,1.0,9.646990690558692e-07,9.730650461763505e-07,True,576,0.6169312000274658,t3_rho0.75_n800,t3,800,0.75,0.375
True,5,5,0.41780676568951836,0.8728124672796804,0.8296968546689859,0.12018606705147135,-3.497103746235522,0.4532957848839169,235.34924943556086,6.485853430123103e-45,equivalent,True,1.0,1.0,8.516032207016395e-07,9.106941425280275e-07,True,577,0.592318058013916,t3_rho0.75_n800,t3,800,0.75,0.375
True,5,5,0.4123304545682627,0.850082018822351,0.8060537201133765,0.12937461729584065,-3.4314789806987602,0.451410241046412,199.3427873805293,2.212775105765923e-37,equivalent,True,0.9970149253731343,0.9970149253731343,7.87442914494338e-07,8.973976525845995e-07,True,578,0.6130120754241943,t3_rho0.75_n800,t3,800,0.75,0.375
True,5,5,0.35705468587006817,0.6374402435088653,0.5957440367139466,0.10232408404482483,-6.393958659815076,0.39090975364643027,172.86021382287316,7.090229800404917e-32,equivalent,True,0.9970149253731343,1.0,9.987987804958326e-07,9.69256235427613e-07,True,579,0.6000699996948242,t3_rho0.75_n800,t3,800,0.75,0.375
True,5,5,0.33974146657003584,0.5771213205357939,0.534213610901141,0.10268798630371496,-6.970497863126993,0.3749987513624944,136.03583974214956,2.731406664638803e-24,equivalent,True,0.9970149253731343,0.9940298507462687,8.502646227085581e-07,9.166094331212132e-07,True,580,0.6041738986968994,t3_rho0.75_n800,t3,800,0.75,0.375
True,5,5,0.347338436019236,0.6032199456814444,0.5563341500111616,0.11099951610840056,-6.249269134753832,0.38442479281958974,127.29519954928932,1.6627735939622468e-22,equivalent,True,1.0,1.0,7.813319586733193e-07,9.974890457271921e-07,True,581,0.6160702705383301,t3_rho0.75_n800,t3,800,0.75,0.375
True,5,5,0.3905332600839521,0.762581136158999,0.717225614795764,0.12016954163100377,-4.433522654519139,0.4277585583472565,174.08044898983147,3.96063959738665e-32,equivalent,True,1.0,1.0,8.979746409900341e-07,8.474490075085454e-07,True,582,0.6292848587036133,t3_rho0.75_n800,t3,800,0.75,0.375
True,5,5,0.4078143410985856,0.8315626840283675,0.7882939192803712,0.13060768998081007,-3.535060460739076,0.4479116993008912,177.43411814490636,7.985243196022972e-33,equivalent,True,0.9970149253731343,1.0,9.774914221397452e-07,8.546380183560271e-07,True,583,0.6143720149993896,t3_rho0.75_n800,t3,800,0.75,0.375
True,5,5,0.43899962800517095,0.9636033669433923,0.9179387671147026,0.13016103156137976,-2.5511570467902143,0.4758223643264749,246.73425857590658,2.637047540860789e-47,equivalent,True,1.0,0.991044776119403,9.775367312574429e-07,9.122390489536691e-07,True,584,0.6101400852203369,t3_rho0.75_n800,t3,800,0.75,0.375
True,5,5,0.37486866017744364,0.7026325619161585,0.657631069921548,0.11172004560245309,-5.302261799877435,0.4102180376662944,179.81778467551416,2.5562202433692736e-33,equivalent,True,0.9970149253731343,1.0,9.560819906443072e-07,8.357434168990691e-07,True,585,0.6170260906219482,t3_rho0.75_n800,t3,800,0.75,0.375
True,5,5,0.40699093630714545,0.8282081111808346,0.7806660448493788,0.12463180839339474,-3.7657638222594785,0.4439971006479153,193.3937629058575,3.8429631304850015e-36,equivalent,True,0.9970149253731343,0.9940298507462687,8.922972493671418e-07,8.489341101285082e-07,True,586,0.6167616844177246,t3_rho0.75_n800,t3,800,0.75,0.375
True,5,5,0.3655112682220943,0.6679924359866187,0.6288638540450454,0.10872529786557311,-5.7128944058899815,0.4019206525125606,160.9883571540045,2.0254251870834915e-29,equivalent,True,1.0,1.0,9.738077614244605e-07,9.966775369846213e-07,True,587,0.5879731178283691,t3_rho0.75_n800,t3,800,0.75,0.375
True,5,5,0.3890966441396144,0.7569809924035487,0.7151975574112233,0.11382351938923767,-4.698523165145988,0.424834223223834,195.0325956560436,1.7510684473315e-36,equivalent,True,1.0,1.0,9.8419139290012e-07,8.436210365317423e-07,True,588,0.6014688014984131,t3_rho0.75_n800,t3,800,0.75,0.375
True,5,5,0.45881497764088464,1.0525559185380273,1.0045648595815437,0.14433543727493695,-1.7004496265940556,0.4983925214288133,229.32746200011576,1.1883623968320603e-43,equivalent,True,0.9970149253731343,0.9970149253731343,8.874811362620909e-07,9.410588703822454e-07,True,589,0.6263129711151123,t3_rho0.75_n800,t3,800,0.75,0.375
True,5,5,0.3832784955510798,0.7345120257594955,0.6894860135693653,0.11804458698091824,-4.748324347318365,0.4203931684998978,172.37811201566913,8.923868933620038e-32,equivalent,True,0.991044776119403,1.0,8.272448818125776e-07,9.573973404238828e-07,True,590,0.6046688556671143,t3_rho0.75_n800,t3,800,0.75,0.375
True,5,5,0.384543454223083,0.7393683409291015,0.6950817452451656,0.1201810558528736,-4.61735213438438,0.4225546096910131,166.54980840544096,1.4358962690489069e-30,equivalent,True,1.0,1.0,9.976425303524831e-07,9.861784395705851e-07,True,591,0.6079716682434082,t3_rho0.75_n800,t3,800,0.75,0.375
True,5,5,0.3846173067061693,0.7396523630895374,0.699983140674105,0.10705326347841079,-5.137786943195951,0.41858573539564403,204.96477463495665,1.485818099402968e-38,equivalent,True,1.0,1.0,9.857968486225565e-07,7.030284201976546e-07,True,592,0.5922789573669434,t3_rho0.75_n800,t3,800,0.75,0.375
True,5,5,0.4070560324003108,0.8284730675674142,0.7814584706071678,0.12480297608112668,-3.754249650971964,0.4442389218581701,188.38853002158527,4.231300848520614e-35,equivalent,True,0.9970149253731343,0.9940298507462687,8.036881813352421e-07,8.392896157530009e-07,True,593,0.6265027523040771,t3_rho0.75_n800,t3,800,0.75,0.375
True,5,5,0.3957489466289007,0.7830861437894224,0.7339230858369242,0.12740809800280492,-4.05058173108992,0.4343940050092373,169.7479598349646,3.128187337380964e-31,equivalent,True,1.0,1.0,8.721566819031259e-07,9.066638269250309e-07,True,594,0.6524949073791504,t3_rho0.75_n800,t3,800,0.75,0.375
True,5,5,0.3435960638234973,0.590291275375004,0.5471163809629749,0.10442744544231042,-6.730832264065332,0.3791791775274682,137.69789420925287,1.2481147394549691e-24,equivalent,True,1.0,1.0,9.458532925523488e-07,8.868398629965787e-07,True,595,0.610435962677002,t3_rho0.75_n800,t3,800,0.75,0.375
True,5,5,0.3567361574845302,0.6363034302841376,0.5948861052354177,0.10370979600891811,-6.316798605102341,0.3912731882843709,164.4595008470752,3.884707954408345e-30,equivalent,True,1.0,0.9970149253731343,9.046743324581798e-07,7.791575570120186e-07,True,596,0.6104447841644287,t3_rho0.75_n800,t3,800,0.75,0.375
True,5,5,0.38572682816845233,0.7439259298444738,0.7057104306660241,0.10867099283791197,-5.008600318447537,0.42058490400390763,200.32590687030472,1.3801132549068677e-37,equivalent,True,1.0,1.0,9.02152249112188e-07,8.420779096549755e-07,True,597,0.5790629386901855,t3_rho0.75_n800,t3,800,0.75,0.375
True,5,5,0.416719488113378,0.8682756588673789,0.8225312021132244,0.13094272023958356,-3.26454801843618,0.4556122936054723,193.3590712294485,3.9074286776888716e-36,equivalent,True,1.0,1.0,9.704575723433195e-07,8.690079415901435e-07,True,598,0.6214380264282227,t3_rho0.75_n800,t3,800,0.75,0.375
True,5,5,0.4189954925877519,0.8777861140442643,0.8341688308465243,0.12289842123056445,-3.3835354839372,0.45526228588676837,217.62187004507007,3.362026681877758e-41,equivalent,True,1.0,0.9970149253731343,8.046107189349465e-07,9.59215958766992e-07,True,599,0.6021990776062012,t3_rho0.75_n800,t3,800,0.75,0.375
True,5,5,0.40756757282006284,0.8305566320721861,0.7892200904972031,0.12446407075879905,-3.702111835918896,0.4458576608537658,203.6691923215069,2.769441104755096e-38,equivalent,True,1.0,1.0,7.907111836521922e-07,9.018728733303672e-07,True,600,0.6005270481109619,t3_rho0.75_n800,t3,800,0.75,0.375
True,5,5,0.36964160141280883,0.6831745674751293,0.6384069194870752,0.10697956790959978,-5.7169148507847325,0.4035771672859806,176.0121737995565,1.5748654719108837e-32,equivalent,True,1.0,0.9970149253731343,9.191992822506954e-07,9.593688412741463e-07,True,601,0.616218090057373,t3_rho0.75_n800,t3,800,0.75,0.375
True,5,5,0.4015243549012661,0.8061090378943895,0.7638384646898819,0.11744520597004952,-4.139475351885349,0.4374971171785662,207.4277616629899,4.5465322277611695e-39,equivalent,True,1.0,1.0,9.375054292443289e-07,9.885298613282953e-07,True,602,0.6154282093048096,t3_rho0.75_n800,t3,800,0.75,0.375
True,5,5,0.4107762943277464,0.8436858199081767,0.8015672746922129,0.11751417592601239,-3.815988341611849,0.4460629760879797,220.52124061804446,8.313591684648414e-42,equivalent,True,1.0,1.0,9.765982972820054e-07,9.994841254624068e-07,True,603,0.602830171585083,t3_rho0.75_n800,t3,800,0.75,0.375
True,5,5,0.42881055367053683,0.9193924546961618,0.8732545247337431,0.13271513603223536,-2.838752884785867,0.4672368773090847,227.1788854516193,3.3519670637915344e-43,equivalent,True,1.0,1.0,9.246338898280706e-07,7.372466294757958e-07,True,604,0.6149952411651611,t3_rho0.75_n800,t3,800,0.75,0.375
True,5,5,0.4017830099695044,0.8071479355007743,0.7565897780758097,0.1359949049411203,-3.6281522615704964,0.4427824501298876,155.97797096713623,2.1892403296976645e-28,equivalent,True,1.0,0.9940298507462687,9.81046667889348e-07,9.606449174491421e-07,True,605,0.6316428184509277,t3_rho0.75_n800,t3,800,0.75,0.375
True,5,5,0.412625700330609,0.8512998428666277,0.8098462837241213,0.11985570435007585,-3.67236351963919,0.44877419126664736,217.4398151919903,3.670232737270444e-41,equivalent,True,1.0,1.0,9.532229018722555e-07,9.062074305581446e-07,True,606,0.5940690040588379,t3_rho0.75_n800,t3,800,0.75,0.375
True,5,5,0.39432076115499554,0.7774443133892752,0.7274530104455695,0.1268454244857222,-4.1195572617067375,0.4326881479710552,167.76044083813025,8.066129011385472e-31,equivalent,True,0.9970149253731343,0.9880597014925373,9.7702524920694e-07,8.438584846650593e-07,True,607,0.6322040557861328,t3_rho0.75_n800,t3,800,0.75,0.375
True,5,5,0.4389815230021067,0.9635238876862456,0.9132033615688163,0.14120306055050746,-2.385193614912572,0.47863592173006964,199.20425031968645,2.364965853735093e-37,equivalent,True,0.9970149253731343,0.991044776119403,7.994162230508569e-07,8.555076849561415e-07,True,608,0.638901948928833,t3_rho0.75_n800,t3,800,0.75,0.375
True,5,5,0.359560244914304,0.6464178486141713,0.607528160651738,0.10150784401668396,-6.3292826832443065,0.39357177389813025,176.04724631284904,1.5487084216818014e-32,equivalent,True,1.0,1.0,7.954288054084132e-07,8.116614324573867e-07,True,609,0.5590980052947998,t3_rho0.75_n800,t3,800,0.75,0.375
True,5,5,0.4130325169832678,0.8529793004276671,0.8099480071062388,0.1312198755730906,-3.3535467929067533,0.4529427105872789,186.83465512648036,8.905577278471977e-35,equivalent,True,1.0,1.0,9.557034826139917e-07,9.642213361116967e-07,True,610,0.6307048797607422,t3_rho0.75_n800,t3,800,0.75,0.375
True,5,5,0.38577027267058567,0.7440935163816902,0.6982543294753192,0.12210737386797052,-4.518528677238279,0.4240526114197553,168.65421592962198,5.268689595089665e-31,equivalent,True,1.0,1.0,8.450900082057539e-07,6.905109299895056e-07,True,611,0.6148920059204102,t3_rho0.75_n800,t3,800,0.75,0.375
True,5,5,0.4177945816374583,0.872761562228094,0.8321121969536204,0.12573104980870373,-3.323664311100434,0.45583360346773094,201.07505707728134,9.63068699295412e-38,equivalent,True,1.0,0.9940298507462687,9.956176549911189e-07,9.16910508095025e-07,True,612,0.5870280265808105,t3_rho0.75_n800,t3,800,0.75,0.375
True,5,5,0.38540832050085044,0.7426978675564313,0.7008675009865422,0.11593067373573109,-4.7367317148973775,0.42226922458443195,183.38143623118108,4.650165680045081e-34,equivalent,True,0.9970149253731343,0.9970149253731343,9.63770640422607e-07,9.410891146433272e-07,True,613,0.5772242546081543,t3_rho0.75_n800,t3,800,0.75,0.375
True,5,5,0.36188337672094556,0.6547978917347691,0.6161668429390964,0.09249186409418361,-6.8528530943594905,0.39199551555034834,217.82897125232114,3.0427526905681797e-41,equivalent,True,1.0,1.0,9.013800961744344e-07,9.660669599039176e-07,True,614,0.5912082195281982,t3_rho0.75_n800,t3,800,0.75,0.375
False,5,6,,,,,,,,,not_applicable,False,0.9970149253731343,1.0,9.788821559571424e-07,8.302600310435746e-07,False,615,0.6139907836914062,t3_rho0.75_n800,t3,800,0.75,0.375
True,5,5,0.3220998732287588,0.5187416416699125,0.47107157114534465,0.09943843254384574,-7.833273402727861,0.3562676627406587,124.8304306884761,5.280078215608796e-22,equivalent,True,1.0,0.9970149253731343,8.11352375340899e-07,7.941609965009947e-07,True,616,0.6298670768737793,t3_rho0.75_n800,t3,800,0.75,0.375
True,5,5,0.39027965430651207,0.7615910428280529,0.7176311973542487,0.11383424462261851,-4.67670167628952,0.4254108290800891,196.33330763067798,9.381749447164038e-37,equivalent,True,0.9970149253731343,1.0,8.858789424839138e-07,9.505882335524214e-07,True,617,0.6044797897338867,t3_rho0.75_n800,t3,800,0.75,0.375
True,5,5,0.4299499491136541,0.9242847937141686,0.8766845503853614,0.1352713639333018,-2.7597522399397785,0.4688680291881129,207.2239512298865,5.014714504930435e-39,equivalent,True,0.9970149253731343,1.0,8.03746867233429e-07,9.821718177393059e-07,True,618,0.6387441158294678,t3_rho0.75_n800,t3,800,0.75,0.375
True,5,5,0.31764649192063527,0.504496469147431,0.46512324484332196,0.09100628167660521,-8.624423948511287,0.3506608781527969,135.18893989403625,4.070092235937569e-24,equivalent,True,0.9880597014925373,1.0,8.535084027051417e-07,6.592433969691474e-07,True,619,0.5853650569915771,t3_rho0.75_n800,t3,800,0.75,0.375
True,5,5,0.35814911385402176,0.6413539387721052,0.5939300249000485,0.10963984932158449,-5.983864253366798,0.39351531830795855,155.25809208242836,3.0809380402115127e-28,equivalent,True,1.0,0.9970149253731343,8.806281663693105e-07,8.703056395733648e-07,True,620,0.6144931316375732,t3_rho0.75_n800,t3,800,0.75,0.375
True,5,5,0.362592802857049,0.6573677034186539,0.6180627576183569,0.10587532442280889,-5.968692382542573,0.3980482807398816,168.90009310053415,4.686095348149038e-31,equivalent,True,1.0,1.0,9.9183017032605e-07,9.276289574129762e-07,True,621,0.569019079208374,t3_rho0.75_n800,t3,800,0.75,0.375
True,5,5,0.38691644387641505,0.7485216727098551,0.7048099456603399,0.11197588719117178,-4.8688165641311665,0.4216619237820384,197.07007915910782,6.587722046701275e-37,equivalent,True,0.9970149253731343,0.991044776119403,9.786703783003905e-07,9.69529447174072e-07,True,622,0.6013939380645752,t3_rho0.75_n800,t3,800,0.75,0.375
True,5,5,0.3949974592570123,0.7801149640974756,0.7361112344433239,0.11883415474561827,-4.324419748318397,0.43164245038743965,184.4762608371454,2.7539490240017045e-34,equivalent,True,0.9970149253731343,0.9970149253731343,9.18328936557236e-07,8.951266377785044e-07,True,623,0.6047811508178711,t3_rho0.75_n800,t3,800,0.75,0.375
True,5,5,0.3753352226770549,0.7043826469101718,0.6584218912527808,0.11815436580379128,-5.00682395206286,0.4129814834554445,166.74273267059817,1.3098347139718817e-30,equivalent,True,0.991044776119403,0.9970149253731343,9.783656124612632e-07,9.953339142707425e-07,True,624,0.632408857345581,t3_rho0.75_n800,t3,800,0.75,0.375
True,5,5,0.4344661670307077,0.943804251471774,0.8961675755823538,0.13298211022548026,-2.660752065204102,0.4722083611937416,220.9370177788535,6.803711469122447e-42,equivalent,True,1.0,0.991044776119403,9.815384582122974e-07,8.661807607852806e-07,True,625,0.6089251041412354,t3_rho0.75_n800,t3,800,0.75,0.375
True,5,5,0.36600950643848085,0.6698147940167017,0.6300402759579926,0.10882640885968661,-5.696776458380993,0.40225459333087843,163.91823824241794,5.02616487604222e-30,equivalent,True,1.0,1.0,8.963135974563795e-07,8.463334444687087e-07,True,626,0.5805137157440186,t3_rho0.75_n800,t3,800,0.75,0.375
True,5,5,0.32097248353322066,0.515116675927418,0.47234326492948336,0.09657800625455974,-8.05211005309815,0.3553026734492827,127.81112075052988,1.3053144735101778e-22,equivalent,True,1.0,0.9970149253731343,7.68151941476034e-07,9.407011387050818e-07,True,627,0.6129720211029053,t3_rho0.75_n800,t3,800,0.75,0.375
True,5,5,0.40769126367052055,0.8310608323663295,0.7820285184873063,0.12966411097949376,-3.6091056960757855,0.44616297509259206,178.67691338730427,4.409654935655949e-33,equivalent,True,0.9970149253731343,0.9970149253731343,8.72943731008154e-07,9.172092868508532e-07,True,628,0.6558399200439453,t3_rho0.75_n800,t3,800,0.75,0.375
True,5,5,0.3647959891722724,0.6653805685808833,0.6194419848188981,0.10820712347733773,-5.827324439625847,0.39935619798184746,174.26038856514091,3.634675021257679e-32,equivalent,True,1.0,0.991044776119403,8.854158889584611e-07,7.529863657067541e-07,True,629,0.599290132522583,t3_rho0.75_n800,t3,800,0.75,0.375
True,5,5,0.35013344299783694,0.6129671395275976,0.5678869907010341,0.10963069685890109,-6.221916204517714,0.38683677179260373,136.8302391779452,1.8786554706477276e-24,equivalent,True,1.0,0.991044776119403,9.848715089588638e-07,9.629676347514117e-07,True,630,0.6129629611968994,t3_rho0.75_n800,t3,800,0.75,0.375
True,5,5,0.3800538309967992,0.722204572276718,0.6787932077119105,0.11263234198377922,-5.071427817512238,0.4157058873617183,185.19773398920086,1.9498256467848855e-34,equivalent,True,0.991044776119403,0.9940298507462687,9.717654572641075e-07,8.182292023928092e-07,True,631,0.6173408031463623,t3_rho0.75_n800,t3,800,0.75,0.375
True,5,5,0.38159220061744437,0.7280630378603196,0.6868526256517109,0.11408214004428441,-4.936332489289617,0.41821072379219015,181.2905728333879,1.2641432674249703e-33,equivalent,True,1.0,1.0,7.502328527794095e-07,9.143161769660482e-07,True,632,0.5967822074890137,t3_rho0.75_n800,t3,800,0.75,0.375
True,5,5,0.3870245144380799,0.7489398738801576,0.7037679013128906,0.11880885801738907,-4.597570482557471,0.42407336212894947,174.98471245739177,2.572183665047603e-32,equivalent,True,1.0,0.9940298507462687,9.108907692980794e-07,9.006750239869032e-07,True,633,0.5974280834197998,t3_rho0.75_n800,t3,800,0.75,0.375
True,5,5,0.3625890236887858,0.6573540004979344,0.6064048894213021,0.11734721908310766,-5.484536537017472,0.39985594614631426,137.05939828561273,1.6863555198720376e-24,equivalent,True,1.0,0.9940298507462687,9.496668986200973e-07,8.235285264902144e-07,True,634,0.6516239643096924,t3_rho0.75_n800,t3,800,0.75,0.375
True,5,5,0.35883104479702754,0.6437985935506318,0.6036025868427994,0.10444025110521338,-6.189159891103844,0.39379982546286946,163.29210067226822,6.770731698740697e-30,equivalent,True,1.0,0.9970149253731343,9.716819717953185e-07,9.381396763002803e-07,True,635,0.6070699691772461,t3_rho0.75_n800,t3,800,0.75,0.375
True,5,5,0.4596159887958497,1.0562342857839333,1.0139350124321607,0.1411876344393626,-1.6719947784749147,0.4992330127346237,250.39281917611228,4.487787149449007e-48,equivalent,True,1.0,1.0,8.806717975567909e-07,9.913725623051262e-07,True,636,0.6089179515838623,t3_rho0.75_n800,t3,800,0.75,0.375
True,5,5,0.36679125939367935,0.672679139838007,0.6303004812648383,0.11137265627083448,-5.564198066967039,0.40335894656624144,159.745259611388,3.657274217833582e-29,equivalent,True,0.9970149253731343,0.9970149253731343,7.989162420736596e-07,9.43909988774731e-07,True,637,0.611821174621582,t3_rho0.75_n800,t3,800,0.75,0.375
True,5,5,0.3877936034019261,0.7519193941972517,0.7100799050582522,0.11551224992335028,-4.674137117924887,0.4242830772731809,179.2165288061499,3.4072754613667755e-33,equivalent,True,1.0,0.9970149253731343,9.951343107630034e-07,9.302343637389798e-07,True,638,0.6033389568328857,t3_rho0.75_n800,t3,800,0.75,0.375
True,5,5,0.3896306134502305,0.7590600746880145,0.7142959901600648,0.11939579906680854,-4.486791110130929,0.42677502347205704,183.0214176228988,5.52420424486006e-34,equivalent,True,0.9940298507462687,1.0,8.444594370232168e-07,9.302622388144492e-07,True,639,0.6204590797424316,t3_rho0.75_n800,t3,800,0.75,0.375
True,5,5,0.3991609375435849,0.7966472703033683,0.7533319525643896,0.12506795104736004,-3.971185609713354,0.4379612826403788,181.39508118941552,1.2025204013974028e-33,equivalent,True,1.0,1.0,9.358461932063737e-07,9.310196461146245e-07,True,640,0.6026890277862549,t3_rho0.75_n800,t3,800,0.75,0.375
True,5,5,0.3540138823391268,0.6266291444441056,0.5786519892269013,0.11037414705371544,-6.082475187295226,0.38992340410133897,154.61458232924545,4.181187720842559e-28,equivalent,True,0.9940298507462687,1.0,8.034400066417009e-07,9.561400642104207e-07,True,641,0.6137192249298096,t3_rho0.75_n800,t3,800,0.75,0.375
True,5,5,0.38952076135349584,0.7586321176270352,0.7126167931299939,0.12125549777082421,-4.431825498631602,0.42709819442983843,175.61374236048528,1.9048935218158552e-32,equivalent,True,1.0,1.0,9.408240629351882e-07,8.452563181767524e-07,True,642,0.6191020011901855,t3_rho0.75_n800,t3,800,0.75,0.375
True,5,5,0.38777987563516697,0.7518661597381278,0.706267646531556,0.12058086975837681,-4.509275431152466,0.425348216757655,168.77550265005692,4.972779681613345e-31,equivalent,True,1.0,1.0,8.699415972161841e-07,8.547681642332503e-07,True,643,0.6368420124053955,t3_rho0.75_n800,t3,800,0.75,0.375
True,5,5,0.3883609512696762,0.754121142355439,0.7115249296582541,0.1209282111529302,-4.452849051581279,0.4267163311554656,165.4686670649612,2.4027909719784062e-30,equivalent,True,0.9970149253731343,1.0,9.129374084709494e-07,8.462896861664703e-07,True,644,0.6074330806732178,t3_rho0.75_n800,t3,800,0.75,0.375
True,5,5,0.41516087106482447,0.861792744316519,0.8193571856932326,0.12233909984904244,-3.52007506053379,0.4517935585636228,215.75693998288074,8.255721556354064e-41,equivalent,True,1.0,0.9970149253731343,7.140597635975436e-07,7.238537300330294e-07,True,645,0.5918078422546387,t3_rho0.75_n800,t3,800,0.75,0.375
True,5,5,0.4301118643531579,0.9249810792867466,0.8809759986143931,0.13279269531934504,-2.778948047542552,0.46891375436066696,214.54239353776632,1.4817559359519788e-40,equivalent,True,1.0,0.9970149253731343,8.59711599058926e-07,8.191936774729396e-07,True,646,0.6055209636688232,t3_rho0.75_n800,t3,800,0.75,0.375
True,5,5,0.44455907237950487,0.9881638441746292,0.9485239056999375,0.12697550246482237,-2.374285499548106,0.48111953222940057,263.899930351037,6.449837800995923e-51,equivalent,True,1.0,1.0,9.58741815938227e-07,8.919717892633922e-07,True,647,0.5773069858551025,t3_rho0.75_n800,t3,800,0.75,0.375
True,5,5,0.36982632181906167,0.6838575415510808,0.6386532781508983,0.11369574237157952,-5.377041471360495,0.4063658775930211,161.21393176589686,1.8194275659015326e-29,equivalent,True,0.991044776119403,0.9940298507462687,9.082311821210118e-07,9.026590441714485e-07,True,648,0.6273119449615479,t3_rho0.75_n800,t3,800,0.75,0.375
True,5,5,0.38444943343299687,0.7390068343347613,0.6940102381451652,0.12256292585640677,-4.536361693145492,0.4232276718906409,153.76504399181357,6.256487175780214e-28,equivalent,True,1.0,1.0,9.542780482071634e-07,8.31279840410721e-07,True,649,0.6102559566497803,t3_rho0.75_n800,t3,800,0.75,0.375
True,5,5,0.40847319809505966,0.8342517678100293,0.7874752530596569,0.12554419708943343,-3.684158707955702,0.4458647958708833,192.45603410690754,6.02472241678042e-36,equivalent,True,1.0,1.0,9.282234446016422e-07,9.072215160960715e-07,True,650,0.6240880489349365,t3_rho0.75_n800,t3,800,0.75,0.375
True,5,5,0.37058003992396926,0.6866478299502533,0.646575362405455,0.1081766518474099,-5.578141191185267,0.40608130233935513,174.50127818429303,3.239878032102205e-32,equivalent,True,1.0,1.0,9.619713279556405e-07,8.991157661119348e-07,True,651,0.5771291255950928,t3_rho0.75_n800,t3,800,0.75,0.375
True,5,5,0.39711504893235966,0.788501810442752,0.7487064062096921,0.1173091147337276,-4.273270622902253,0.4339729782034661,195.60703139653643,1.3292958765299041e-36,equivalent,True,1.0,1.0,8.311600706650261e-07,8.579715256921351e-07,True,652,0.5905778408050537,t3_rho0.75_n800,t3,800,0.75,0.375
True,5,5,0.33808800423520585,0.5715174930387228,0.5253330493722566,0.10393305300701287,-6.972439754837632,0.3731722681472945,132.69573373046472,1.3157014013436856e-23,equivalent,True,1.0,1.0,9.849235382440153e-07,9.63321270899294e-07,True,653,0.615807056427002,t3_rho0.75_n800,t3,800,0.75,0.375
True,5,5,0.3972822531607718,0.789165943382498,0.7445110633563564,0.11654262876921957,-4.337373731672249,0.4327139075606113,208.32589920830316,2.9517810053817147e-39,equivalent,True,1.0,0.9970149253731343,9.852524277650347e-07,8.455422014930789e-07,True,654,0.6214408874511719,t3_rho0.75_n800,t3,800,0.75,0.375
True,5,5,0.3880991241377467,0.7531046507824307,0.7088723715626767,0.1186773105697421,-4.5596553025974025,0.4252244527987926,180.95598054530137,1.4834713942922286e-33,equivalent,True,1.0,0.9970149253731343,9.16213092702051e-07,9.66503085848656e-07,True,655,0.6165530681610107,t3_rho0.75_n800,t3,800,0.75,0.375
True,5,5,0.4280621816501379,0.9161861567953782,0.8747022073465497,0.12493062548530685,-3.004049577079795,0.46479991389701714,230.18614390149236,7.850972504516106e-44,equivalent,True,1.0,1.0,9.240787986343325e-07,9.343804728920145e-07,True,656,0.5968749523162842,t3_rho0.75_n800,t3,800,0.75,0.375
True,5,5,0.4217882712345835,0.8895267287552928,0.840774622313918,0.13924360056638377,-2.938916948581674,0.46256025850375787,177.987274939979,6.1307944204838125e-33,equivalent,True,0.9970149253731343,1.0,8.046820335481427e-07,8.055645714779122e-07,True,657,0.6294920444488525,t3_rho0.75_n800,t3,800,0.75,0.375
True,5,5,0.3424799608021546,0.5864626177552268,0.5385369404980372,0.10097972716861638,-7.045602909126093,0.3754021339789922,152.91092691958295,9.38107906710094e-28,equivalent,True,1.0,1.0,9.044185603902151e-07,9.54888954578868e-07,True,658,0.6213009357452393,t3_rho0.75_n800,t3,800,0.75,0.375
True,5,5,0.40744392442879873,0.8300527577697032,0.7869847901752944,0.12444711729961398,-3.7205780243986557,0.44534976870527726,186.5111663263706,1.0397509503270473e-34,equivalent,True,1.0,0.9970149253731343,7.336083076735322e-07,8.366281743256514e-07,True,659,0.6108541488647461,t3_rho0.75_n800,t3,800,0.75,0.375
True,5,5,0.4342049463127054,0.9426696770120969,0.900488422665291,0.12877792447980294,-2.7140643766900054,0.47165861781953644,239.36945991285987,9.29311107278623e-46,equivalent,True,1.0,1.0,9.674676545195116e-07,8.11555040991068e-07,True,660,0.6035797595977783,t3_rho0.75_n800,t3,800,0.75,0.375
True,5,5,0.39130351662260426,0.7655922106060837,0.718495986472676,0.11748754790466356,-4.52391783645547,0.42702360725498456,191.65487110601953,8.84581218981412e-36,equivalent,True,0.9940298507462687,0.9940298507462687,8.884472819518366e-07,8.744697273445875e-07,True,661,0.6049952507019043,t3_rho0.75_n800,t3,800,0.75,0.375
True,5,5,0.4039632833232732,0.8159316713665954,0.771453396802222,0.1235291980797206,-3.8739553938409275,0.4415067035273773,192.41302548334926,6.15024064781188e-36,equivalent,True,0.9970149253731343,1.0,7.476078463054375e-07,9.88151963265125e-07,True,662,0.5985960960388184,t3_rho0.75_n800,t3,800,0.75,0.375
True,5,5,0.3941516516448779,0.7767776224719259,0.7279216107592564,0.12736501529725516,-4.09907216689193,0.4329938609536344,175.1791015458429,2.3442133653021942e-32,equivalent,True,0.9940298507462687,1.0,6.999459847530207e-07,8.939334737302595e-07,True,663,0.6334741115570068,t3_rho0.75_n800,t3,800,0.75,0.375
True,5,5,0.42977922013114056,0.9235508902826568,0.8826615972634372,0.12499065150082017,-2.9389270183470675,0.46653036851197344,226.76231200277402,4.098243417217268e-43,equivalent,True,1.0,1.0,9.251378245876458e-07,8.854352463721932e-07,True,664,0.5873188972473145,t3_rho0.75_n800,t3,800,0.75,0.375
True,5,5,0.4137039962125567,0.8557549824111956,0.8100189149209533,0.12836145335504212,-3.427672977977885,0.45191917795835057,194.99443451986406,1.7834187407858118e-36,equivalent,True,0.9940298507462687,0.9970149253731343,9.959852517448878e-07,8.236032745848511e-07,True,665,0.6082119941711426,t3_rho0.75_n800,t3,800,0.75,0.375
True,5,5,0.3794297931083319,0.7198348394911578,0.669567852644691,0.12605611547021026,-4.604553656045965,0.4187867503575728,145.59900946193906,2.992721484578478e-26,equivalent,True,1.0,1.0,9.483182727636305e-07,9.03882177674026e-07,True,666,0.6537222862243652,t3_rho0.75_n800,t3,800,0.75,0.375
True,5,5,0.3989883394105859,0.7959584749280846,0.7547544694850011,0.11225885209471659,-4.411639004620709,0.43345215410940213,216.1606195539543,6.796944403372626e-41,equivalent,True,1.0,1.0,9.359195241115667e-07,8.00196460797639e-07,True,667,0.5928177833557129,t3_rho0.75_n800,t3,800,0.75,0.375
True,5,5,0.47048893646121687,1.1067991966620347,1.0676453189919783,0.13538023708270955,-1.3469815457378276,0.508001179718123,276.95016976206483,1.145368593933428e-53,inconclusive,True,0.9940298507462687,1.0,8.186849653988727e-07,8.910412044854722e-07,True,668,0.5838427543640137,t3_rho0.75_n800,t3,800,0.75,0.375
True,5,5,0.3777152304612571,0.7133439766120029,0.6660842005911831,0.12178414674333175,-4.794678248552815,0.41626945505697216,147.36481297448094,1.2980003953175078e-26,equivalent,True,1.0,1.0,8.960042733120835e-07,6.33176593517554e-07,True,669,0.6219749450683594,t3_rho0.75_n800,t3,800,0.75,0.375
True,5,5,0.38611747700086396,0.7454335302275636,0.6991300672681436,0.1191329518951477,-4.623992975652048,0.42310432171801615,185.68485573506484,1.544299871310449e-34,equivalent,True,0.9940298507462687,0.9970149253731343,9.563030048405732e-07,9.177948715836043e-07,True,670,0.6282839775085449,t3_rho0.75_n800,t3,800,0.75,0.375
True,5,5,0.42655157769129975,0.9097312421546846,0.8629793192289523,0.13085705217049562,-2.9575836712781256,0.4643748520546241,214.48619362728937,1.52240266357204e-40,equivalent,True,0.9970149253731343,0.9970149253731343,7.876167327526212e-07,9.905588761183699e-07,True,671,0.6177308559417725,t3_rho0.75_n800,t3,800,0.75,0.375
False,5,6,,,,,,,,,not_applicable,False,0.9970149253731343,1.0,9.193588512978004e-07,9.235883328724252e-07,False,672,0.5886750221252441,t3_rho0.75_n800,t3,800,0.75,0.375
True,5,5,0.377151901222023,0.7112177829769329,0.6629979000642192,0.12025660168955482,-4.8812463655936345,0.4149222595904303,151.3075277164136,2.006141604059682e-27,equivalent,True,1.0,1.0,9.821765109214183e-07,7.590693751057642e-07,True,673,0.6258659362792969,t3_rho0.75_n800,t3,800,0.75,0.375
True,5,5,0.3786034121569908,0.7167027184845811,0.6736807596365567,0.1173357943133514,-4.911708688180458,0.4163366345841078,164.0713848377428,4.672866502173614e-30,equivalent,True,0.9970149253731343,1.0,9.586549820563872e-07,8.739663410435862e-07,True,674,0.6114120483398438,t3_rho0.75_n800,t3,800,0.75,0.375
True,5,5,0.37869726860205316,0.717058106233278,0.6708416892800932,0.12566953036314546,-4.6085818021784695,0.4189390581206773,143.94194705845462,6.550746903714904e-26,equivalent,True,0.9970149253731343,1.0,8.857737563607746e-07,8.614344991506702e-07,True,675,0.6393129825592041,t3_rho0.75_n800,t3,800,0.75,0.375
True,5,5,0.4640863854303344,1.0768808657089646,1.0315422901922742,0.13483491467283487,-1.6201865098353372,0.5006647558260076,268.7137407354636,6.243184690060656e-52,inconclusive,True,1.0,1.0,9.172565635278544e-07,9.203155806711438e-07,True,676,0.5905580520629883,t3_rho0.75_n800,t3,800,0.75,0.375
True,5,5,0.3569507485895853,0.6370691845933267,0.5965671011823948,0.10065377682377953,-6.491886538560879,0.3904171694629611,174.74754302834026,2.8805412551501467e-32,equivalent,True,1.0,0.9970149253731343,8.746972785586373e-07,7.500407991146411e-07,True,677,0.5892009735107422,t3_rho0.75_n800,t3,800,0.75,0.375
True,5,5,0.4109636971442103,0.8444558018521913,0.8004247611786085,0.11941808592131621,-3.7647165029727043,0.4465086859020523,219.5274271910177,1.3422041743415959e-41,equivalent,True,1.0,1.0,9.842260866885054e-07,7.972033999155469e-07,True,678,0.6201062202453613,t3_rho0.75_n800,t3,800,0.75,0.375
True,5,5,0.379817207658328,0.7213055561668472,0.6722128740029184,0.12087040670789662,-4.78021992093896,0.41737920428969666,152.30618298387787,1.249625486933719e-27,equivalent,True,0.991044776119403,0.9970149253731343,9.18749861111424e-07,9.945789740239799e-07,True,679,0.6307377815246582,t3_rho0.75_n800,t3,800,0.75,0.375
True,5,5,0.387619066750574,0.7512427045429297,0.7124350204723195,0.10845507208124276,-4.956568367083793,0.4220966095922674,210.86518233655516,8.700167693840838e-40,equivalent,True,0.9970149253731343,1.0,9.387315604114534e-07,7.812051571403954e-07,True,680,0.5791049003601074,t3_rho0.75_n800,t3,800,0.75,0.375
True,5,5,0.39738743549169503,0.7895838694333305,0.7465911559292189,0.12345675700000434,-4.077612730996679,0.4358117599267699,181.73814899867452,1.0205673218437071e-33,equivalent,True,1.0,1.0,7.947603005794453e-07,8.878034076952813e-07,True,681,0.5964040756225586,t3_rho0.75_n800,t3,800,0.75,0.375
True,5,5,0.43002051695810134,0.9245882250245636,0.8872198843098406,0.11002118143191479,-3.297366115947967,0.4622096112435594,301.2107520583689,8.623384943059319e-59,equivalent,True,1.0,0.9940298507462687,9.102715217669474e-07,9.73289919642277e-07,True,682,0.5757200717926025,t3_rho0.75_n800,t3,800,0.75,0.375
True,5,5,0.3847365587988136,0.7401110983817647,0.69426717292524,0.12184244758256972,-4.561077342919865,0.42300831309752635,174.74133538902748,2.889090072238977e-32,equivalent,True,0.9970149253731343,1.0,8.62965476574192e-07,8.021074420948293e-07,True,683,0.6376140117645264,t3_rho0.75_n800,t3,800,0.75,0.375
True,5,5,0.4160608747357042,0.8655332574291965,0.817112288785814,0.12970579559818504,-3.337458509219023,0.45397342149339864,193.4165237258149,3.801246650430279e-36,equivalent,True,1.0,1.0,9.961092835032085e-07,7.571981580688807e-07,True,684,0.6276988983154297,t3_rho0.75_n800,t3,800,0.75,0.375
True,5,5,0.35310182555512504,0.6234044960518097,0.5799179555638495,0.1039119584095394,-6.448555630096132,0.3875146235272705,163.25477869328063,6.892041072295332e-30,equivalent,True,1.0,0.9970149253731343,9.324180991948276e-07,9.824779613304622e-07,True,685,0.5960948467254639,t3_rho0.75_n800,t3,800,0.75,0.375
True,5,5,0.3450879866539635,0.5954285926644305,0.5582285635580493,0.0964992238511746,-7.16867357926973,0.37867021586273614,163.825667651925,5.2525369920194256e-30,equivalent,True,1.0,0.9970149253731343,8.747365172757859e-07,8.362169777179997e-07,True,686,0.618096113204956,t3_rho0.75_n800,t3,800,0.75,0.375
True,5,5,0.3841734167831912,0.7379460708143577,0.6948831141117967,0.10668323708903248,-5.203412466992641,0.4172197079651477,203.30850836036677,3.293558369489123e-38,equivalent,True,1.0,0.9970149253731343,9.635173921832072e-07,9.011736852846174e-07,True,687,0.654688835144043,t3_rho0.75_n800,t3,800,0.75,0.375
True,5,5,0.3985631294204017,0.7942628406669193,0.7503180777805101,0.12010274527791556,-4.160453793651719,0.43540085299818104,188.95535937377934,3.225158181040142e-35,equivalent,True,1.0,1.0,9.42001732498881e-07,6.38238116100763e-07,True,688,0.6479947566986084,t3_rho0.75_n800,t3,800,0.75,0.375
True,5,5,0.3799776745293352,0.7219151657036069,0.680872211755317,0.10937428314105023,-5.203488168335968,0.414916111539451,196.62831002543885,8.143405170189516e-37,equivalent,True,1.0,0.991044776119403,7.475346094493899e-07,7.386447971741689e-07,True,689,0.6503779888153076,t3_rho0.75_n800,t3,800,0.75,0.375
True,5,5,0.3678385068770012,0.6765258357075083,0.6314429829021891,0.11384673401865048,-5.4332434077246194,0.40464903219193443,160.7576348601981,2.2602537969898264e-29,equivalent,True,1.0,0.9970149253731343,9.105066889539026e-07,8.908831478430226e-07,True,690,0.7014689445495605,t3_rho0.75_n800,t3,800,0.75,0.375
True,5,5,0.37852181038553356,0.7163938046877092,0.6723589426357229,0.11216217421336759,-5.150052247252472,0.41396842915791143,179.8360468339126,2.5340028840030773e-33,equivalent,True,1.0,1.0,9.855200547617025e-07,7.821697979801426e-07,True,691,0.7059500217437744,t3_rho0.75_n800,t3,800,0.75,0.375
True,5,5,0.3215118554944392,0.5168493661173859,0.46839347719640134,0.0972440281084516,-8.037578636005394,0.3544984258159573,139.2061122478133,6.129033675315177e-25,equivalent,True,0.9970149253731343,0.9970149253731343,8.704930581063424e-07,8.951468384871859e-07,True,692,0.7464220523834229,t3_rho0.75_n800,t3,800,0.75,0.375
True,5,5,0.3858585942871434,0.7444342739262517,0.6985915068124591,0.11397524521327304,-4.837967158181875,0.42096653127872163,189.3551358369358,2.6630083635480365e-35,equivalent,True,1.0,1.0,6.959300060621178e-07,7.898398901773776e-07,True,693,0.6854522228240967,t3_rho0.75_n800,t3,800,0.75,0.375
True,5,5,0.37986541851891714,0.7214886809327603,0.6764104353796393,0.12215289047189783,-4.695669192963708,0.4188875888146953,161.68312631791719,1.4555760871048418e-29,equivalent,True,1.0,1.0,8.527903801747503e-07,9.400750703350846e-07,True,694,0.6830370426177979,t3_rho0.75_n800,t3,800,0.75,0.375
True,5,5,0.32811008675451786,0.5382811451502862,0.49396047389385367,0.0938943274544368,-8.05202557601813,0.36011189898626045,154.23617838947615,5.003441118791761e-28,equivalent,True,1.0,1.0,8.600609041593885e-07,7.235620912903438e-07,True,695,0.668726921081543,t3_rho0.75_n800,t3,800,0.75,0.375
True,5,5,0.38871591522154214,0.7555003137326057,0.7137495760611737,0.11523553767504581,-4.653516048590894,0.4250400376810815,196.9552276589351,6.961017510945528e-37,equivalent,True,1.0,1.0,9.193579066070356e-07,9.450913704028816e-07,True,696,0.6602828502655029,t3_rho0.75_n800,t3,800,0.75,0.375
True,5,5,0.39039157712425915,0.7620279174478319,0.7186727513758474,0.11024802460479954,-4.81938112296138,0.4242675133712896,205.13404984978936,1.3697075189305302e-38,equivalent,True,1.0,1.0,9.754443788345738e-07,7.509311367660772e-07,True,697,0.6367731094360352,t3_rho0.75_n800,t3,800,0.75,0.375
True,5,5,0.395815564336673,0.7833498048557945,0.7365332607655599,0.12409746678657446,-4.137608546977928,0.43374080488350336,179.12373885888638,3.561778664498677e-33,equivalent,True,1.0,1.0,9.077192254524079e-07,9.227951744655405e-07,True,698,0.6659128665924072,t3_rho0.75_n800,t3,800,0.75,0.375
True,5,5,0.39495324553152283,0.7799403307794167,0.7386948447953212,0.1172558532759171,-4.360593871604144,0.431639562676431,197.0047911560388,6.79739841230813e-37,equivalent,True,1.0,1.0,8.685168732657668e-07,9.651195408170412e-07,True,699,0.622941255569458,t3_rho0.75_n800,t3,800,0.75,0.375
True,5,5,0.39148255993856396,0.7662929736802566,0.7268104281082896,0.1132821824088286,-4.6184630342267825,0.427350684265845,194.75271032830784,2.0026765321160026e-36,equivalent,True,1.0,0.9970149253731343,9.849726187378653e-07,6.171132143861905e-07,True,700,0.6017529964447021,t3_rho0.75_n800,t3,800,0.75,0.375
True,5,5,0.41344150418646297,0.8546693869198254,0.8196338403342216,0.11083050310326249,-3.8831021029003145,0.4476457964374242,251.90851410287215,2.154281135205875e-48,equivalent,True,0.9940298507462687,1.0,9.145099524167118e-07,9.55656550384177e-07,True,701,0.5628030300140381,t3_rho0.75_n800,t3,800,0.75,0.375
True,5,5,0.43611004151521915,0.9509598415520308,0.9068827815716656,0.13678400673175573,-2.5084600650806674,0.47578828299010234,208.5049764521749,2.708170779024881e-39,equivalent,True,1.0,1.0,8.777611629674925e-07,9.228152501476251e-07,True,702,0.6170117855072021,t3_rho0.75_n800,t3,800,0.75,0.375
True,5,5,0.35363372684375827,0.6252840638070293,0.5795428316685693,0.10615577165491542,-6.315786300446396,0.3883692927348889,169.06356517224947,4.334847194917545e-31,equivalent,True,1.0,0.9940298507462687,9.175117885796548e-07,8.83610393666749e-07,True,703,0.6314220428466797,t3_rho0.75_n800,t3,800,0.75,0.375
True,5,5,0.3510324042005644,0.6161187439941422,0.5766310410775723,0.09953031217936008,-6.765466159786309,0.3847970467811324,166.36532776958217,1.567764908019679e-30,equivalent,True,0.991044776119403,1.0,8.840865886510098e-07,9.906786074774084e-07,True,704,0.5925540924072266,t3_rho0.75_n800,t3,800,0.75,0.375
True,5,5,0.40438734657297953,0.8176456303416754,0.7702950572485253,0.12625143845115946,-3.7995998195066045,0.44225788714114656,189.37902440764674,2.6327036440546344e-35,equivalent,True,1.0,0.9970149253731343,8.300553108686289e-07,9.54038069282673e-07,True,705,0.6245810985565186,t3_rho0.75_n800,t3,800,0.75,0.375
True,5,5,0.3772173705668034,0.7114647232866652,0.664419974593593,0.11851506783718285,-4.940975321474586,0.4145744598438218,173.67887087751433,4.797357190498331e-32,equivalent,True,1.0,1.0,9.103938467979431e-07,8.487365335755277e-07,True,706,0.6436693668365479,t3_rho0.75_n800,t3,800,0.75,0.375
True,5,5,0.37254467473440134,0.6939476733648046,0.6520245746617339,0.1116344469253538,-5.356549360952289,0.40881460335453373,166.258569662649,1.6495359140165885e-30,equivalent,True,1.0,1.0,7.040323057692136e-07,9.30866618334121e-07,True,707,0.6088681221008301,t3_rho0.75_n800,t3,800,0.75,0.375
True,5,5,0.38728009749501385,0.749929369578737,0.7030567323753072,0.13021642162275895,-4.200263383133078,0.4283091607169159,153.86324227659682,5.971746090159981e-28,equivalent,True,0.9970149253731343,1.0,9.411845451813633e-07,8.882039646805817e-07,True,708,0.6240320205688477,t3_rho0.75_n800,t3,800,0.75,0.375
True,5,5,0.3926257757647514,0.7707749989743642,0.7227023738016009,0.12038557647454445,-4.380073108757313,0.4291198028286271,174.19052497683685,3.757922760437082e-32,equivalent,True,1.0,0.9940298507462687,8.783871898893188e-07,9.481058359814841e-07,True,709,0.6391746997833252,t3_rho0.75_n800,t3,800,0.75,0.375
True,5,5,0.34488358034228733,0.5947234199485747,0.5507081146096258,0.10200926389366753,-6.85518019343128,0.3790774122281027,155.06552160495687,3.3757603398297965e-28,equivalent,True,0.9970149253731343,1.0,7.406504801900038e-07,8.812916865116616e-07,True,710,0.6203739643096924,t3_rho0.75_n800,t3,800,0.75,0.375
True,5,5,0.4143974194709089,0.8586261063207422,0.8150843331734257,0.12216014151794753,-3.5602092582929545,0.45078151803687044,219.5654110888298,1.3178568847270968e-41,equivalent,True,0.9940298507462687,1.0,8.548929829783763e-07,8.042905867255179e-07,True,711,0.6059041023254395,t3_rho0.75_n800,t3,800,0.75,0.375
True,5,5,0.39862082874674315,0.7944928255537016,0.7536403028608307,0.11916605477499789,-4.165277587450264,0.43580982555857634,204.76171692877207,1.6381525118253549e-38,equivalent,True,1.0,0.9970149253731343,9.461045359247887e-07,8.393900546888315e-07,True,712,0.5871570110321045,t3_rho0.75_n800,t3,800,0.75,0.375
True,5,5,0.33323616507332665,0.5552317085638871,0.5054184879356381,0.11390188554872485,-6.537042898608078,0.37222853665377936,107.78120300197689,1.4937407960819896e-18,equivalent,True,1.0,0.9970149253731343,9.427179689613161e-07,9.896419447534855e-07,True,713,0.6623399257659912,t3_rho0.75_n800,t3,800,0.75,0.375
True,5,5,0.40185935393483974,0.8074547017246338,0.7579697316576949,0.13174417964039337,-3.7347400825246506,0.4415132214031517,176.6648491183967,1.1531133984053066e-32,equivalent,True,0.9970149253731343,0.9970149253731343,9.552144280077256e-07,9.491161151932686e-07,True,714,0.6296367645263672,t3_rho0.75_n800,t3,800,0.75,0.375
True,5,5,0.42971766719721327,0.9232863675070747,0.8784767417372302,0.13618973853755745,-2.7279827559130947,0.4695719172021053,196.38830093430985,9.137421299929924e-37,equivalent,True,1.0,0.9970149253731343,9.098154160061008e-07,8.273904520868367e-07,True,715,0.6193380355834961,t3_rho0.75_n800,t3,800,0.75,0.375
True,5,5,0.37999976739955743,0.7219991161185888,0.6786381033802074,0.10613166987194028,-5.383519333194367,0.4130881662559422,200.28470155498349,1.4076951905080837e-37,equivalent,True,0.9970149253731343,1.0,9.660824704828838e-07,9.083825076465081e-07,True,716,0.6133120059967041,t3_rho0.75_n800,t3,800,0.75,0.375
False,5,6,,,,,,,,,not_applicable,False,1.0,1.0,9.965489103563255e-07,9.7430991737616e-07,False,717,0.6083390712738037,t3_rho0.75_n800,t3,800,0.75,0.375
True,5,5,0.3920574347625431,0.7685451607629289,0.7282954223995126,0.11434017675979392,-4.562740695219366,0.42810472476933303,191.071941736289,1.169725315213013e-35,equivalent,True,1.0,1.0,9.831714838226807e-07,6.371342991753082e-07,True,718,0.5914082527160645,t3_rho0.75_n800,t3,800,0.75,0.375
True,5,5,0.36608129340628587,0.6700775669100959,0.6264746765729157,0.10754696519832503,-5.797702634167824,0.4008425357536309,172.91042416324035,6.922386212276002e-32,equivalent,True,0.9970149253731343,1.0,8.433163487227418e-07,9.019080656909403e-07,True,719,0.6122891902923584,t3_rho0.75_n800,t3,800,0.75,0.375
True,5,5,0.3560101338408793,0.633716076987004,0.592950413501137,0.10923947370434671,-6.01476338376682,0.39309880641640255,142.14159119230027,1.5334953578380903e-25,equivalent,True,1.0,1.0,9.589223235315575e-07,9.795359789981597e-07,True,720,0.5900688171386719,t3_rho0.75_n800,t3,800,0.75,0.375
True,5,5,0.3668077269034671,0.6727395425804426,0.6254576999928468,0.11518774860703125,-5.4219507504900575,0.4037139299230326,151.6094177856528,1.7386919961784442e-27,equivalent,True,0.9970149253731343,0.9940298507462687,7.815551103884037e-07,9.300038296852105e-07,True,721,0.6293439865112305,t3_rho0.75_n800,t3,800,0.75,0.375
True,5,5,0.41016285849585676,0.8411678524474611,0.7951992145730415,0.12847196874390895,-3.540077963104471,0.44866842953857505,184.8819529073328,2.2679574496133527e-34,equivalent,True,1.0,1.0,9.301174469130263e-07,8.750727815191914e-07,True,722,0.6224029064178467,t3_rho0.75_n800,t3,800,0.75,0.375
True,5,5,0.370682251356028,0.6870266573518675,0.642245338573876,0.11578080040391711,-5.249183451020281,0.4080901390745931,166.83705309059758,1.2522914063786083e-30,equivalent,True,1.0,0.9940298507462687,9.834735152213254e-07,9.891145647476219e-07,True,723,0.6032679080963135,t3_rho0.75_n800,t3,800,0.75,0.375
True,5,5,0.3786545978693577,0.7168965224380248,0.6763106551048411,0.10647861635343883,-5.387836211083814,0.41266266935756846,207.05255047797763,5.4455543217678286e-39,equivalent,True,1.0,1.0,9.562729344436165e-07,9.798534388228508e-07,True,724,0.6067309379577637,t3_rho0.75_n800,t3,800,0.75,0.375
True,5,5,0.46240429151861323,1.0690886440741532,1.0202927969022257,0.1383372519877594,-1.660486960649613,0.49956727826726033,262.9913250172222,1.0020853084529984e-50,equivalent,True,0.9970149253731343,0.9940298507462687,9.119281348992223e-07,9.739213592470518e-07,True,725,0.6416678428649902,t3_rho0.75_n800,t3,800,0.75,0.375
True,5,5,0.415278546085871,0.8622813541959744,0.8244396329373421,0.11327050389823728,-3.757027226125728,0.449611617310091,246.53346480693654,2.9061439640245456e-47,equivalent,True,0.9940298507462687,1.0,9.907124882520248e-07,9.901481643190725e-07,True,726,0.5803802013397217,t3_rho0.75_n800,t3,800,0.75,0.375
True,5,5,0.32816578305261224,0.5384639058326709,0.4895882789484396,0.10613123917260962,-7.164824673486029,0.3644608710504766,113.98404722344341,8.370139557410662e-20,equivalent,True,1.0,1.0,8.26546428871377e-07,9.8795602386033e-07,True,727,0.6172292232513428,t3_rho0.75_n800,t3,800,0.75,0.375
True,5,5,0.4027117605986307,0.8108838106222442,0.771721123292463,0.11567055577996097,-4.134836851803172,0.43863019880045295,213.08494258458296,2.9890247195354827e-40,equivalent,True,1.0,1.0,9.597038059520219e-07,9.577354893961965e-07,True,728,0.5936670303344727,t3_rho0.75_n800,t3,800,0.75,0.375
True,5,5,0.38455398281576614,0.7394088284973428,0.6903726380491907,0.12346072278388691,-4.532837240313381,0.42271679779879046,157.57522894134974,1.025464268311679e-28,equivalent,True,1.0,1.0,9.154709563562926e-07,9.956061988572506e-07,True,729,0.6453330516815186,t3_rho0.75_n800,t3,800,0.75,0.375
True,5,5,0.37556021089563185,0.7052273600398574,0.6652184734905199,0.11056545241771659,-5.2890076757446245,0.411602346668561,177.28317759758144,8.582288183311588e-33,equivalent,True,0.9970149253731343,1.0,6.365912850467632e-07,9.531337008578468e-07,True,730,0.583251953125,t3_rho0.75_n800,t3,800,0.75,0.375
True,5,5,0.4140989722737648,0.8573897941909411,0.8165720977955209,0.11539764757032711,-3.7559509342712896,0.44863890534442974,233.60178517957715,1.5086546274466402e-44,equivalent,True,1.0,0.9880597014925373,8.713146441043512e-07,8.845487085467883e-07,True,731,0.5994899272918701,t3_rho0.75_n800,t3,800,0.75,0.375
True,5,5,0.4005937898041585,0.8023769221482917,0.7568008372287628,0.11531811069663078,-4.276857813502549,0.4350821186537795,207.4013795834194,4.6045827349206446e-39,equivalent,True,0.9970149253731343,1.0,8.513076670038099e-07,9.406636493677753e-07,True,732,0.6058318614959717,t3_rho0.75_n800,t3,800,0.75,0.375
True,5,5,0.38781669125476664,0.752008930078975,0.7077198355251624,0.115694933275259,-4.68715568714367,0.42379737284293795,183.05317028763335,5.4409247467625644e-34,equivalent,True,1.0,0.9970149253731343,9.852741453959058e-07,9.599535905633787e-07,True,733,0.6084039211273193,t3_rho0.75_n800,t3,800,0.75,0.375
True,5,5,0.42749045249546863,0.9137404348739027,0.8709098413486546,0.1260359617361627,-3.007793596599942,0.464374967055008,226.5168496862952,4.6135438723753e-43,equivalent,True,1.0,1.0,8.850614421720005e-07,9.479550587649373e-07,True,734,0.6111617088317871,t3_rho0.75_n800,t3,800,0.75,0.375
True,5,5,0.3830666042566452,0.733700116483586,0.6881886541919989,0.12745923635690506,-4.407772726919881,0.4237547501567668,157.55894486056704,1.0334259891591875e-28,equivalent,True,0.9970149253731343,0.9970149253731343,9.785343230514563e-07,8.874000627158276e-07,True,735,0.6240501403808594,t3_rho0.75_n800,t3,800,0.75,0.375
True,5,5,0.36547778048828367,0.6678700401532103,0.6240285718196292,0.10845279860511894,-5.771832873207433,0.40060393182251636,173.09006338018258,6.353750820914765e-32,equivalent,True,0.991044776119403,1.0,9.979460859244698e-07,8.179673661301438e-07,True,736,0.6002929210662842,t3_rho0.75_n800,t3,800,0.75,0.375
True,5,5,0.34891646389965175,0.6087134939011849,0.5710226164218427,0.09257020638137627,-7.3347290680207164,0.380338548174096,188.59566607126635,3.831626843479579e-35,equivalent,True,0.9970149253731343,0.9970149253731343,9.566539957304865e-07,7.620617397674765e-07,True,737,0.5788650512695312,t3_rho0.75_n800,t3,800,0.75,0.375
True,5,5,0.39015573081247656,0.7611074714290884,0.7187925452332597,0.12012899635919579,-4.421975300437751,0.4281091357578633,180.18214280092627,2.1476098987412842e-33,equivalent,True,1.0,1.0,9.263483494972569e-07,9.081349398242682e-07,True,738,0.6050779819488525,t3_rho0.75_n800,t3,800,0.75,0.375
True,5,5,0.4264279033785331,0.9092037838990579,0.8682141652877458,0.12678978692276302,-3.0111718299899666,0.464061376580309,219.94691282779252,1.0965136436669284e-41,equivalent,True,0.9940298507462687,1.0,9.233259796671564e-07,9.388931750429882e-07,True,739,0.5797669887542725,t3_rho0.75_n800,t3,800,0.75,0.375
True,5,5,0.4093386945543339,0.8377908342972313,0.7952578072946699,0.11864209541647452,-3.832890772107731,0.4450632962286557,211.15513432704847,7.567098371552211e-40,equivalent,True,1.0,1.0,9.473956660806953e-07,9.493342217858238e-07,True,740,0.6139280796051025,t3_rho0.75_n800,t3,800,0.75,0.375
True,5,5,0.3886778053954493,0.7553521820351139,0.7082839327052867,0.12326523985070971,-4.394718802728184,0.4268576365840887,173.50396135742653,5.214989420716731e-32,equivalent,True,0.9970149253731343,0.9970149253731343,8.577887123506878e-07,9.688537720392028e-07,True,741,0.6336050033569336,t3_rho0.75_n800,t3,800,0.75,0.375
True,5,5,0.3980421696188639,0.7921878439744621,0.7491516331781718,0.1225917463991023,-4.085498261777726,0.43607272601644104,178.53186922502243,4.7261329588170723e-33,equivalent,True,1.0,0.9970149253731343,8.948357163059469e-07,7.152131017938744e-07,True,742,0.6157279014587402,t3_rho0.75_n800,t3,800,0.75,0.375
True,5,5,0.40464955674029246,0.8187063188505759,0.7752926390884485,0.12226158450899956,-3.882718867238374,0.4419038469633208,201.035989019878,9.813109694817174e-38,equivalent,True,1.0,0.9940298507462687,9.569080025202338e-07,8.095155523781022e-07,True,743,0.6062731742858887,t3_rho0.75_n800,t3,800,0.75,0.375
True,5,5,0.43575330483938307,0.9494047133922214,0.9046411297970622,0.1339602530652734,-2.57806970575562,0.4743387266329441,240.75652673096667,4.7524297883843815e-46,equivalent,True,1.0,1.0,8.516067687857042e-07,9.212518343486177e-07,True,744,0.6178669929504395,t3_rho0.75_n800,t3,800,0.75,0.375
True,5,5,0.4624126845070064,1.0691274539648812,1.0181618352596302,0.1518789816419359,-1.5264664157871601,0.5035832660188511,212.8465637023856,3.3524858135682143e-40,inconclusive,True,1.0,1.0,8.868452786328315e-07,8.407149525660973e-07,True,745,0.6637599468231201,t3_rho0.75_n800,t3,800,0.75,0.375
True,5,5,0.40646023071465,0.8260495957630325,0.7822043055438679,0.1292165686087061,-3.6202454491166076,0.4460373632515827,196.87364873235396,7.238942597385032e-37,equivalent,True,0.9940298507462687,0.991044776119403,8.921772664490761e-07,9.641930551666774e-07,True,746,0.5983738899230957,t3_rho0.75_n800,t3,800,0.75,0.375
True,5,5,0.3390231824977779,0.5746835913546082,0.5266223732976769,0.1047095182055374,-6.90842283585322,0.3738593864260723,129.9438076045611,4.796187081666601e-23,equivalent,True,0.9970149253731343,0.9970149253731343,9.671862316015007e-07,8.449045971681521e-07,True,747,0.6295311450958252,t3_rho0.75_n800,t3,800,0.75,0.375
True,5,5,0.3981485009143886,0.7926111439018744,0.7461301020606905,0.12224795676994987,-4.12170404522595,0.43524937613766873,184.69417142298002,2.481220322651442e-34,equivalent,True,1.0,0.9970149253731343,8.888092046459401e-07,9.708445105871073e-07,True,748,0.6220359802246094,t3_rho0.75_n800,t3,800,0.75,0.375
True,5,5,0.4149615448955114,0.8609654187103476,0.8184956314793616,0.11653123167694981,-3.7029074721947794,0.44948246919236234,233.82036537207435,1.3574889842771855e-44,equivalent,True,0.9970149253731343,0.9940298507462687,8.362807014538367e-07,7.591425196267921e-07,True,749,0.6034297943115234,t3_rho0.75_n800,t3,800,0.75,0.375
True,5,5,0.3468408335898298,0.6014928192264402,0.5560548067814947,0.10803375904656541,-6.423410601860078,0.3830808079720098,135.9198721012044,2.8847574315439065e-24,equivalent,True,1.0,1.0,9.577591468454613e-07,8.719665372489741e-07,True,750,0.6090600490570068,t3_rho0.75_n800,t3,800,0.75,0.375
True,5,5,0.3860848098623276,0.7453074020321485,0.7050132810501429,0.11355044487353916,-4.799511966305437,0.42232384307361504,182.46181093233076,7.219822504936684e-34,equivalent,True,1.0,0.9970149253731343,9.154048004042039e-07,7.571683790264893e-07,True,751,0.5982027053833008,t3_rho0.75_n800,t3,800,0.75,0.375
True,5,5,0.37220343663589156,0.6926769912178408,0.6474982124904269,0.11504857568787842,-5.236933911673389,0.40908098941071186,161.629563272824,1.4931302012150157e-29,equivalent,True,1.0,0.9970149253731343,8.152036217205156e-07,8.700050738369436e-07,True,752,0.6248340606689453,t3_rho0.75_n800,t3,800,0.75,0.375
True,5,5,0.3948012633468751,0.7793401877014431,0.737439912492414,0.12160044262215033,-4.21511695562052,0.43300227287587356,186.60178274701704,9.956043492199479e-35,equivalent,True,0.9970149253731343,1.0,8.673962285377962e-07,7.021411562992211e-07,True,753,0.5940239429473877,t3_rho0.75_n800,t3,800,0.75,0.375
True,5,5,0.33892160032444113,0.5743392558324011,0.5288448024005565,0.11365786421545301,-6.344965239118004,0.37836367494433243,121.81860916579691,2.1623789441558447e-21,equivalent,True,1.0,1.0,9.785659576270908e-07,8.873765774880638e-07,True,754,0.6056809425354004,t3_rho0.75_n800,t3,800,0.75,0.375
True,5,5,0.4215776611314189,0.8886386218251874,0.8440373179450027,0.12774716207237027,-3.1778606700085805,0.45916504675606534,226.2786014293792,5.175566939321322e-43,equivalent,True,1.0,1.0,9.207991548341698e-07,8.181185695372974e-07,True,755,0.6175699234008789,t3_rho0.75_n800,t3,800,0.75,0.375
True,5,5,0.4121232084527239,0.8492276947268365,0.8120607856886902,0.11490676339942614,-3.8112570692553063,0.44745180572381,238.72160096667722,1.27108287757071e-45,equivalent,True,1.0,1.0,7.325871971558905e-07,7.435315954202583e-07,True,756,0.5833771228790283,t3_rho0.75_n800,t3,800,0.75,0.375
True,5,5,0.39572072045526696,0.7829744429881778,0.740539971031577,0.12068838632814191,-4.221284619575927,0.4333715959807107,185.65472396031186,1.566736088799044e-34,equivalent,True,1.0,0.9970149253731343,7.832297755595376e-07,9.505736100390699e-07,True,757,0.6036951541900635,t3_rho0.75_n800,t3,800,0.75,0.375
True,5,5,0.3913648458105075,0.7658322126814117,0.716803193069985,0.1237448645495912,-4.308839876876947,0.42903272190848074,178.40250189213816,5.027509188360007e-33,equivalent,True,1.0,1.0,7.28179248636203e-07,8.835610333067202e-07,True,758,0.6307830810546875,t3_rho0.75_n800,t3,800,0.75,0.375
True,5,5,0.4064397955227399,0.8259665369228331,0.78025212843381,0.12069569060950891,-3.8920020192434386,0.442442961948831,204.74783057709567,1.6491230945433177e-38,equivalent,True,0.9970149253731343,0.9940298507462687,9.266440782900229e-07,9.527998088917951e-07,True,759,0.6167688369750977,t3_rho0.75_n800,t3,800,0.75,0.375
True,5,5,0.41498371050638094,0.861057399928219,0.8184888300742404,0.1264723303924561,-3.4119017858431,0.4531042488057857,202.41406137331236,5.061853220733046e-38,equivalent,True,0.9970149253731343,1.0,8.269188353487732e-07,9.84011668354494e-07,True,760,0.6116392612457275,t3_rho0.75_n800,t3,800,0.75,0.375
True,5,5,0.4240919854404938,0.8992700605743,0.852528397335157,0.13190041820453716,-3.0134218532081247,0.46249006013433536,203.77252006238726,2.6352819231554485e-38,equivalent,True,1.0,1.0,9.08243372453912e-07,8.193239611911112e-07,True,761,0.6237640380859375,t3_rho0.75_n800,t3,800,0.75,0.375
True,5,5,0.41393780326828805,0.8567225248728797,0.8107287362969666,0.12705964131684538,-3.4572052868277336,0.4516023135804627,196.55022627878435,8.454323867220451e-37,equivalent,True,1.0,0.9970149253731343,8.683454883629312e-07,9.444188162144831e-07,True,762,0.6076390743255615,t3_rho0.75_n800,t3,800,0.75,0.375
True,5,5,0.3675811145773566,0.6755793789696588,0.6351128653448703,0.108881027460232,-5.647330384347381,0.40353592610052347,162.72416645559954,8.871244082022672e-30,equivalent,True,1.0,1.0,9.26434970698946e-07,8.534858478135589e-07,True,763,0.5964412689208984,t3_rho0.75_n800,t3,800,0.75,0.375
True,5,5,0.356610249525423,0.6358543503329223,0.5917042253607951,0.10672438859427044,-6.1681850166583745,0.39172700264961546,153.53549726780454,6.976143044934067e-28,equivalent,True,1.0,1.0,7.844666694939661e-07,8.875687320764824e-07,True,764,0.6243548393249512,t3_rho0.75_n800,t3,800,0.75,0.375
True,5,5,0.41837690523680776,0.8751961741776442,0.8290909213159322,0.12610571072365712,-3.337747959776625,0.45530569005428273,214.54659754519454,1.478759351190018e-40,equivalent,True,0.9940298507462687,1.0,9.824865253014741e-07,8.911052784005028e-07,True,765,0.6230161190032959,t3_rho0.75_n800,t3,800,0.75,0.375
True,5,5,0.3603877747515425,0.6493967409518426,0.608499341012739,0.10723965805020204,-5.981934954389315,0.3962052199327135,156.0949841002423,2.0709516824111177e-28,equivalent,True,1.0,1.0,9.788218810438375e-07,9.66774366812514e-07,True,766,0.6006550788879395,t3_rho0.75_n800,t3,800,0.75,0.375
True,5,5,0.3204259399396733,0.5133639149311156,0.4720222532001408,0.09627324818243706,-8.080933815857104,0.35507116319166826,127.72590994125594,1.3585592619671179e-22,equivalent,True,1.0,1.0,7.225682512423931e-07,9.726901237196867e-07,True,767,0.59718918800354,t3_rho0.75_n800,t3,800,0.75,0.375
True,5,5,0.41196967381934335,0.8485950607340808,0.8051699638911711,0.12754132782460756,-3.4877325153816088,0.4505456202316661,187.80716763811543,5.589902779684714e-35,equivalent,True,1.0,1.0,6.433671344829588e-07,8.050217140916603e-07,True,768,0.6098899841308594,t3_rho0.75_n800,t3,800,0.75,0.375
True,5,5,0.3661402832886503,0.6702935352334655,0.6272782616789534,0.11181968757895705,-5.568981203612613,0.40279157894816553,155.04175837285493,3.4140431955883374e-28,equivalent,True,0.9970149253731343,1.0,9.18766108717581e-07,9.725297774648416e-07,True,769,0.6133460998535156,t3_rho0.75_n800,t3,800,0.75,0.375
True,5,5,0.42654224122447043,0.9096914177439717,0.8683117872549615,0.13415334319567576,-2.8451636288207065,0.4666849901974638,218.5529836262657,2.1466436971473343e-41,equivalent,True,0.9970149253731343,1.0,8.471197443480992e-07,9.99808996044501e-07,True,770,0.5878720283508301,t3_rho0.75_n800,t3,800,0.75,0.375
True,5,5,0.3922155015693384,0.7691649983564384,0.7261837374100444,0.11802724897967352,-4.438096008491788,0.42902710543119876,180.91043360470135,1.5161326570337212e-33,equivalent,True,0.991044776119403,0.9970149253731343,8.885473567713686e-07,9.288976906260948e-07,True,771,0.6097159385681152,t3_rho0.75_n800,t3,800,0.75,0.375
True,5,5,0.3841909817904519,0.7380135524455567,0.6916120428955561,0.12236790762056726,-4.5631895483239555,0.42258474642791094,163.46272713004987,6.242751542994437e-30,equivalent,True,1.0,0.9970149253731343,9.78665806543448e-07,9.916973118005536e-07,True,772,0.6157371997833252,t3_rho0.75_n800,t3,800,0.75,0.375
True,5,5,0.36210500312181504,0.6556001664292483,0.6087340495421285,0.1065985491264036,-6.015709929573846,0.39599824739522727,163.23006724469127,6.97355463147461e-30,equivalent,True,1.0,0.9970149253731343,9.611080351766994e-07,8.8961032193177e-07,True,773,0.6331520080566406,t3_rho0.75_n800,t3,800,0.75,0.375
True,5,5,0.4354260008948751,0.9479790112765187,0.9011130359082326,0.13280647643430468,-2.627032758182928,0.47319345945476543,226.68032249532013,4.263624666899688e-43,equivalent,True,0.9940298507462687,0.9970149253731343,9.791391746312412e-07,9.881729619901527e-07,True,774,0.6262538433074951,t3_rho0.75_n800,t3,800,0.75,0.375
True,5,5,0.3742474171806524,0.7003056463319464,0.6513686381568571,0.11369846428822118,-5.265078693812748,0.40948405818057193,178.30645992106435,5.263606233248404e-33,equivalent,True,0.9940298507462687,1.0,9.233506606256875e-07,9.180576720755923e-07,True,775,0.6732518672943115,t3_rho0.75_n800,t3,800,0.75,0.375
True,5,5,0.3700985723467763,0.68486476626561,0.6445499105688455,0.10736084822558575,-5.639393684362363,0.40525122853984946,175.15610418127034,2.3700938561555507e-32,equivalent,True,1.0,1.0,9.034846904141966e-07,8.528609212158827e-07,True,776,0.6214189529418945,t3_rho0.75_n800,t3,800,0.75,0.375
True,5,5,0.37538381268055554,0.7045650341129519,0.6609695479576727,0.11210026865305803,-5.254496346171414,0.4111831906666151,179.2862583900623,3.29559414461234e-33,equivalent,True,1.0,1.0,9.938768875745315e-07,8.12812545237065e-07,True,777,0.6362788677215576,t3_rho0.75_n800,t3,800,0.75,0.375
True,5,5,0.38222325669736057,0.730473089801682,0.6882414313070235,0.1139210339532152,-4.931122455609716,0.41847935604782976,176.8785666134234,1.0412135563387181e-32,equivalent,True,1.0,1.0,9.39941541222251e-07,9.585326097830955e-07,True,778,0.6036958694458008,t3_rho0.75_n800,t3,800,0.75,0.375
True,5,5,0.41097311415080606,0.8444945027740574,0.7991351117341374,0.12468977654455038,-3.615892984656791,0.4481587984023542,192.7871309904394,5.140373300831979e-36,equivalent,True,1.0,1.0,9.076345246915214e-07,9.81514277641342e-07,True,779,0.6327259540557861,t3_rho0.75_n800,t3,800,0.75,0.375
True,5,5,0.3489332613993577,0.6087721045539625,0.5616221080574935,0.10496823305380931,-6.55796398506229,0.3832178197607045,147.0568895225996,1.501607936542403e-26,equivalent,True,0.991044776119403,0.9940298507462687,8.644801656878106e-07,9.833317920287488e-07,True,780,0.6280570030212402,t3_rho0.75_n800,t3,800,0.75,0.375
True,5,5,0.4324891616566025,0.9352343747521543,0.8923866540898923,0.13097358189796682,-2.730423500127694,0.47070564587852326,216.52597741301025,5.700111802946142e-41,equivalent,True,0.9970149253731343,1.0,9.869541617362104e-07,6.725527926600704e-07,True,781,0.6083531379699707,t3_rho0.75_n800,t3,800,0.75,0.375
True,5,5,0.4278563966884831,0.915305480936263,0.8665103076729856,0.1362832873768198,-2.8139157757963025,0.4670495406715689,197.24967272393616,6.043702063577491e-37,equivalent,True,1.0,1.0,9.661492505937645e-07,8.766186062689655e-07,True,782,0.6324000358581543,t3_rho0.75_n800,t3,800,0.75,0.375
True,5,5,0.4392230639194805,0.9645844993940803,0.9202864668932556,0.13665644779242386,-2.4127184515111004,0.4785533033405847,219.45391928843213,1.390606437840929e-41,equivalent,True,1.0,1.0,9.203229272962368e-07,9.039104146465004e-07,True,783,0.6086380481719971,t3_rho0.75_n800,t3,800,0.75,0.375
True,5,5,0.3942485289722176,0.7771595129837877,0.7318357692398898,0.11827017659943367,-4.381190978644327,0.4304353373457294,184.3605182060059,2.9107901660125046e-34,equivalent,True,0.9940298507462687,1.0,9.416971528323862e-07,8.800849924983064e-07,True,784,0.6186089515686035,t3_rho0.75_n800,t3,800,0.75,0.375
True,5,5,0.4714039267865946,1.1111083109491053,1.0668393798542644,0.14271533556458646,-1.2833983076951494,0.5102127433099395,271.0578513109639,2.0015389492351565e-52,inconclusive,True,0.9970149253731343,0.9970149253731343,9.72276555221384e-07,8.499664663215507e-07,True,785,0.6145868301391602,t3_rho0.75_n800,t3,800,0.75,0.375
True,5,5,0.39810237701866813,0.7924275129395689,0.7491522073250199,0.11815679354613542,-4.23884042248844,0.4343967858394758,199.30987440515764,2.248020820806185e-37,equivalent,True,1.0,0.9970149253731343,8.639985763680861e-07,9.971624894909595e-07,True,786,0.604578971862793,t3_rho0.75_n800,t3,800,0.75,0.375
True,5,5,0.3464255219908224,0.6000532114330689,0.5570137800723195,0.09978035216646666,-6.945116998299927,0.37977305176429443,172.0213171478466,1.0579705135459754e-31,equivalent,True,0.9970149253731343,1.0,9.129182321266513e-07,9.414293073671895e-07,True,787,0.6043052673339844,t3_rho0.75_n800,t3,800,0.75,0.375
True,5,5,0.3803234960598366,0.7232298082758828,0.6747030786012722,0.11263243844513501,-5.107737427517062,0.41472085876891723,181.7285815630546,1.0252476307960381e-33,equivalent,True,0.9970149253731343,0.9940298507462687,9.745273914923801e-07,8.937534514514245e-07,True,788,0.6302089691162109,t3_rho0.75_n800,t3,800,0.75,0.375
True,5,5,0.33662745532543425,0.5665902183943863,0.5213046107056658,0.10125137087831271,-7.196894056576328,0.370903840726587,136.53195015655126,2.1621493074589848e-24,equivalent,True,1.0,0.9970149253731343,8.84208814500668e-07,9.89673577205733e-07,True,789,0.6279680728912354,t3_rho0.75_n800,t3,800,0.75,0.375
True,5,5,0.3741721471908418,0.7000239786670249,0.6559596687626899,0.11593224300425298,-5.124030346031671,0.41149756722217806,164.505470778077,3.8006300375078635e-30,equivalent,True,1.0,1.0,9.246643091191819e-07,9.675468467532644e-07,True,790,0.5954570770263672,t3_rho0.75_n800,t3,800,0.75,0.375
True,5,5,0.4461866602199864,0.995412678791328,0.9517548139625044,0.13921437528413025,-2.1423447501652806,0.48595104363966324,230.79192442378042,5.86010384057923e-44,equivalent,True,1.0,1.0,9.73793412610095e-07,9.515110071668162e-07,True,791,0.6169247627258301,t3_rho0.75_n800,t3,800,0.75,0.375
True,5,5,0.42302243454895166,0.8947399006586105,0.8462173513304985,0.14088848664074263,-2.865973354509255,0.4643184875873947,177.79976606787267,6.705385586051414e-33,equivalent,True,1.0,0.9970149253731343,9.459002932158773e-07,9.784833272422855e-07,True,792,0.6497809886932373,t3_rho0.75_n800,t3,800,0.75,0.375
True,5,5,0.37472549396070626,0.7020959791204764,0.6584371970180808,0.10826616467040902,-5.463967480355415,0.4090279185220315,180.4458165998239,1.8932625638873724e-33,equivalent,True,0.9940298507462687,1.0,9.110386128392242e-07,8.879449473713303e-07,True,793,0.6168649196624756,t3_rho0.75_n800,t3,800,0.75,0.375
True,5,5,0.38338095699194963,0.7349047909203157,0.6879752704089299,0.11410881171161313,-4.925340305983323,0.41848956097372353,180.78876174704678,1.6069500618731955e-33,equivalent,True,1.0,1.0,8.968162216732494e-07,9.037967477400597e-07,True,794,0.620898962020874,t3_rho0.75_n800,t3,800,0.75,0.375
True,5,5,0.3550633447465141,0.6303498939129096,0.5808248575555427,0.11729073782040803,-5.705268419993041,0.3933830075301309,128.0803744376076,1.1503879899387224e-22,equivalent,True,1.0,1.0,9.137415203175796e-07,9.481274779560178e-07,True,795,0.6416318416595459,t3_rho0.75_n800,t3,800,0.75,0.375
True,5,5,0.40014820915842864,0.8005929464634878,0.7553968695006258,0.11458963849618416,-4.316298899187508,0.43448361349816916,224.55768434707292,1.187156036628833e-42,equivalent,True,1.0,1.0,9.69436799664016e-07,9.219023849923699e-07,True,796,0.627709150314331,t3_rho0.75_n800,t3,800,0.75,0.375
True,5,5,0.409883219091813,0.8400212664653359,0.7994054702013389,0.11928657826037747,-3.777411812543639,0.44623187494833927,216.53337999300757,5.679822387701145e-41,equivalent,True,1.0,0.9970149253731343,9.472621731875332e-07,9.600872506778092e-07,True,797,0.6037912368774414,t3_rho0.75_n800,t3,800,0.75,0.375
True,5,5,0.39583801710043154,0.7834386789100076,0.7410759059982077,0.11202570597459419,-4.5429224442219445,0.43019572168544823,211.31198281151302,7.016937995475784e-40,equivalent,True,1.0,0.9940298507462687,6.076626668800542e-07,8.878430943488674e-07,True,798,0.5973320007324219,t3_rho0.75_n800,t3,800,0.75,0.375
True,5,5,0.3601758734346185,0.6486332990219514,0.6066835676132881,0.10468370957729826,-6.145334694236148,0.3946828972717824,165.3003892788675,2.6032229561291048e-30,equivalent,True,1.0,0.9880597014925373,9.318749300344867e-07,8.605549598112325e-07,True,799,0.6044416427612305,t3_rho0.75_n800,t3,800,0.75,0.375
True,5,5,0.44518008555924826,0.9909265428926979,0.9485771777942866,0.12894208850550226,-2.3376604621449957,0.4818024573908397,268.22032510933116,7.931976167536688e-52,equivalent,True,1.0,1.0,9.170313292862474e-07,8.642305202647399e-07,True,800,0.6156129837036133,t3_rho0.75_n800,t3,800,0.75,0.375
True,5,5,0.3444239512697051,0.5931392910411809,0.5511949098585462,0.10485163060023862,-6.6647040789069365,0.380436721346172,144.3709758038219,5.348411317682311e-26,equivalent,True,0.9940298507462687,1.0,8.184886190813671e-07,8.632435042763787e-07,True,801,0.6121370792388916,t3_rho0.75_n800,t3,800,0.75,0.375
True,5,5,0.3845362152694907,0.7393405042689205,0.6964374088070648,0.11438996272025984,-4.839258428177567,0.42061672669410755,181.48666655606092,1.1509910256563332e-33,equivalent,True,1.0,1.0,7.905554741874241e-07,9.387445171511371e-07,True,802,0.600830078125,t3_rho0.75_n800,t3,800,0.75,0.375
True,5,5,0.4124041595915887,0.850385954242223,0.8061009045531717,0.12473620699782832,-3.558702850845518,0.4497274078918738,195.73310489625734,1.251274995056507e-36,equivalent,True,0.9970149253731343,1.0,7.105514533005887e-07,8.824982527412934e-07,True,803,0.6123239994049072,t3_rho0.75_n800,t3,800,0.75,0.375
True,5,5,0.42686382871595857,0.911063641330236,0.8706906357412901,0.12660280646281022,-2.996058103736686,0.46452851820612234,226.20978573253225,5.350291344740308e-43,equivalent,True,0.9970149253731343,1.0,9.125044124295908e-07,9.521236197028294e-07,True,804,0.5993428230285645,t3_rho0.75_n800,t3,800,0.75,0.375
True,5,5,0.3898021718299037,0.7597286658165487,0.7150653832571392,0.12013673976540214,-4.452714613260341,0.4272406196490184,174.09969836550283,3.9244174816995074e-32,equivalent,True,0.9970149253731343,1.0,7.281361378354046e-07,8.705932779242944e-07,True,805,0.6199660301208496,t3_rho0.75_n800,t3,800,0.75,0.375
True,5,5,0.36188290037192694,0.65479616790799,0.6157149487374259,0.1043408360422663,-6.078972292359613,0.39682246693973783,173.38594643555734,5.517114291784307e-32,equivalent,True,0.9940298507462687,1.0,7.82528514758163e-07,6.607480067369395e-07,True,806,0.5803251266479492,t3_rho0.75_n800,t3,800,0.75,0.375
True,5,5,0.39599977952027915,0.7840791269005485,0.7405991415956203,0.12016367106985998,-4.239225165717744,0.4331860551270512,179.35767828928732,3.184997389247061e-33,equivalent,True,1.0,1.0,7.827172787362183e-07,9.733105082425433e-07,True,807,0.6081268787384033,t3_rho0.75_n800,t3,800,0.75,0.375
True,5,5,0.43141591191994727,0.9305984452885985,0.887704585681533,0.12665551183035537,-2.86047886177849,0.46819533609148395,236.2957983327891,4.1052465617445274e-45,equivalent,True,0.9970149253731343,1.0,9.57267786399245e-07,9.97807236514885e-07,True,808,0.6028478145599365,t3_rho0.75_n800,t3,800,0.75,0.375
True,5,5,0.3815953317797692,0.7280749861805607,0.6804848320501914,0.12135947313934989,-4.69279532299772,0.4195481859353871,165.9528419647527,1.908058701520461e-30,equivalent,True,1.0,1.0,8.264958339901301e-07,9.748983813462022e-07,True,809,0.6297757625579834,t3_rho0.75_n800,t3,800,0.75,0.375
True,5,5,0.3925371258975905,0.770426976039704,0.7279249647371905,0.11755582964332106,-4.441081627741047,0.42925216306858527,182.79429979668834,6.158213872393443e-34,equivalent,True,1.0,1.0,9.104301469887117e-07,7.785441842267583e-07,True,810,0.5952920913696289,t3_rho0.75_n800,t3,800,0.75,0.375
True,5,5,0.3994682801722369,0.7978745343188238,0.7505483129363943,0.12870913778626983,-3.880467973400449,0.4386926042335195,167.64519324180378,8.52141315230406e-31,equivalent,True,1.0,1.0,8.835754901039943e-07,9.78398884827643e-07,True,811,0.6369049549102783,t3_rho0.75_n800,t3,800,0.75,0.375
True,5,5,0.3579197865934112,0.6405328681753651,0.5955235400808156,0.10994227735578811,-5.952909796485385,0.3940463154870981,149.86471568433356,3.9741707760988645e-27,equivalent,True,1.0,1.0,9.495373079361165e-07,9.60721895244121e-07,True,812,0.6217730045318604,t3_rho0.75_n800,t3,800,0.75,0.375
True,5,5,0.4018366913502581,0.8073636325766131,0.770452908139894,0.11069909341788152,-4.3319875263101615,0.43647146835699036,225.64525122736757,7.025267749515549e-43,equivalent,True,1.0,0.9970149253731343,7.958919668181371e-07,7.09730965278654e-07,True,813,0.5794200897216797,t3_rho0.75_n800,t3,800,0.75,0.375
True,5,5,0.4129451416638403,0.8526184501188455,0.8117627332585068,0.11539225106825918,-3.797804988501855,0.4475636481999466,239.22476980549888,9.966409595523204e-46,equivalent,True,1.0,1.0,7.383076335000899e-07,7.273404856056769e-07,True,814,0.5984911918640137,t3_rho0.75_n800,t3,800,0.75,0.375
True,5,5,0.4074390704677288,0.8300329807180344,0.7811302602257433,0.13142654331385054,-3.567542202297611,0.4466111701857053,179.8635763448019,2.5008752834798792e-33,equivalent,True,1.0,0.9970149253731343,9.553475875013807e-07,9.591689267594502e-07,True,815,0.6214783191680908,t3_rho0.75_n800,t3,800,0.75,0.375
True,5,5,0.34983020777483403,0.6119058713589177,0.5677777425104042,0.10164314296667308,-6.711935872676467,0.38339687919279763,168.6847325841413,5.192619401982895e-31,equivalent,True,1.0,1.0,9.314003313260007e-07,9.77282783220491e-07,True,816,0.624243974685669,t3_rho0.75_n800,t3,800,0.75,0.375
True,5,5,0.4320505080353147,0.9333382074678677,0.8905330259598498,0.1365722020009669,-2.632065447971654,0.47226566840325995,228.06422387213854,2.1864892200905083e-43,equivalent,True,0.9970149253731343,0.9970149253731343,8.332156563607307e-07,7.803202098354296e-07,True,817,0.6147541999816895,t3_rho0.75_n800,t3,800,0.75,0.375
True,5,5,0.42184189129633937,0.889752906262363,0.8478591153308763,0.12663624154475706,-3.175559221938808,0.4595992159565272,209.32472492407356,1.8256598045489023e-39,equivalent,True,0.991044776119403,0.9970149253731343,8.916552124521021e-07,9.141224695423136e-07,True,818,0.6341660022735596,t3_rho0.75_n800,t3,800,0.75,0.375
True,5,5,0.39035626955379027,0.7618900858997568,0.7171923524434584,0.1145836667180681,-4.649944122206433,0.42559739478386643,208.8316899796526,2.3143255797814702e-39,equivalent,True,1.0,1.0,9.882602720503286e-07,9.248598770081843e-07,True,819,0.6508610248565674,t3_rho0.75_n800,t3,800,0.75,0.375
True,5,5,0.37617992077799095,0.7075566639826777,0.6649843396113789,0.11138070596686599,-5.252396771148623,0.4118711686421845,178.03117350852054,6.0035451760952604e-33,equivalent,True,1.0,1.0,8.733102564058844e-07,9.474095493878823e-07,True,820,0.6558670997619629,t3_rho0.75_n800,t3,800,0.75,0.375
True,5,5,0.4246663679274958,0.9017076202436561,0.8594011329447849,0.12206235922073728,-3.199994408995954,0.4604727673214276,244.06083888970315,9.613355149187034e-47,equivalent,True,1.0,0.9970149253731343,7.376535550944388e-07,9.79028404845025e-07,True,821,0.6431708335876465,t3_rho0.75_n800,t3,800,0.75,0.375
True,5,5,0.3728857662267521,0.6952189732725602,0.6494267003919637,0.1207234164550298,-4.9747871394258745,0.4118249749119139,140.4209090861886,3.4552074853709166e-25,equivalent,True,1.0,0.9970149253731343,9.706145680422282e-07,7.428808084423107e-07,True,822,0.6133139133453369,t3_rho0.75_n800,t3,800,0.75,0.375
True,5,5,0.3925355678605505,0.7704208601780242,0.7282572699944645,0.12123045421548133,-4.303726595614026,0.4307350977823315,181.02856938170186,1.4328659324300854e-33,equivalent,True,1.0,0.9970149253731343,9.433549401037876e-07,9.860047580442495e-07,True,823,0.6002039909362793,t3_rho0.75_n800,t3,800,0.75,0.375
True,5,5,0.40232387365425887,0.8093224965608403,0.7650319861559531,0.12040558139330383,-4.027786820445664,0.43888074540037175,211.35673499235563,6.8674284720767924e-40,equivalent,True,1.0,0.9970149253731343,9.150293159407969e-07,7.149179705930987e-07,True,824,0.6224071979522705,t3_rho0.75_n800,t3,800,0.75,0.375
True,5,5,0.404607435897904,0.8185358859193825,0.7778641789382881,0.11876708393625529,-3.9753086917172844,0.4411844620367511,207.35391099487845,4.7109036639221404e-39,equivalent,True,1.0,1.0,9.692311647416946e-07,7.442719090704603e-07,True,825,0.5906128883361816,t3_rho0.75_n800,t3,800,0.75,0.375
True,5,5,0.39128342645124486,0.7655135990771338,0.7245758141911758,0.11450299914927156,-4.588737323149555,0.4272976685259765,202.74272994634077,4.322451697609648e-38,equivalent,True,1.0,1.0,9.855784441355938e-07,9.099937465616838e-07,True,826,0.5911979675292969,t3_rho0.75_n800,t3,800,0.75,0.375
True,5,5,0.3620920883684968,0.6555534022952966,0.610794911219029,0.11554683099676763,-5.532000170552947,0.4002130770644085,136.70509595539306,1.992764747367239e-24,equivalent,True,1.0,0.9970149253731343,8.235794134651234e-07,9.677595422817321e-07,True,827,0.6196231842041016,t3_rho0.75_n800,t3,800,0.75,0.375
True,5,5,0.3931351737745891,0.7727763242938819,0.7305195188058651,0.11090577271450229,-4.683980540232118,0.4273039389720553,207.19218408227516,5.091909237532781e-39,equivalent,True,1.0,1.0,9.936619033303074e-07,8.525178215384056e-07,True,828,0.6010088920593262,t3_rho0.75_n800,t3,800,0.75,0.375
True,5,5,0.37902023003686014,0.718281673885972,0.6743714105646703,0.11180027266840002,-5.148722589815554,0.41431063094191817,177.59071741906894,7.409653737423414e-33,equivalent,True,0.9970149253731343,1.0,9.554276627379507e-07,8.637642159891938e-07,True,829,0.617318868637085,t3_rho0.75_n800,t3,800,0.75,0.375
True,5,5,0.3991484850968676,0.7965975657756218,0.7532520498447393,0.12123741558128161,-4.09731556692764,0.43650197080559283,196.1755133106193,1.0119666731727608e-36,equivalent,True,0.9970149253731343,1.0,8.591973545603945e-07,8.346391485270734e-07,True,830,0.6100711822509766,t3_rho0.75_n800,t3,800,0.75,0.375
True,5,5,0.3871898956520662,0.7495800764752895,0.7042579718459769,0.11786398985653326,-4.6302694217149165,0.4238223644520112,179.89593171053923,2.4624934015640697e-33,equivalent,True,0.9970149253731343,1.0,8.836070639489121e-07,8.179760188886067e-07,True,831,0.6223812103271484,t3_rho0.75_n800,t3,800,0.75,0.375
True,5,5,0.40508837721888635,0.8204829667891538,0.7749083920691934,0.13121467210832172,-3.620720154973249,0.4451375790462572,171.51509355019115,1.3469141238999577e-31,equivalent,True,1.0,1.0,8.702670787359539e-07,7.145007231276172e-07,True,832,0.6211481094360352,t3_rho0.75_n800,t3,800,0.75,0.375
True,5,5,0.3685060156797547,0.678983417960838,0.6311169568286727,0.11569065814800605,-5.349464278953052,0.4053174448473254,159.46230589073673,4.183694192786303e-29,equivalent,True,1.0,1.0,7.622887081878105e-07,9.773465406878992e-07,True,833,0.6397008895874023,t3_rho0.75_n800,t3,800,0.75,0.375
True,5,5,0.3313968687690392,0.5491194231496188,0.5087788327216718,0.09565480342089876,-7.7489173650466725,0.3649978035725331,147.10586507596827,1.467209135741509e-26,equivalent,True,1.0,1.0,9.087474618137811e-07,9.838027395924327e-07,True,834,0.5972189903259277,t3_rho0.75_n800,t3,800,0.75,0.375
True,5,5,0.3903865641192504,0.762008347224168,0.7168828834711117,0.11883888700052679,-4.486049389931808,0.42716635115065055,184.2326817394034,3.094415350120171e-34,equivalent,True,0.9940298507462687,0.9970149253731343,9.643484033968211e-07,8.21973770473407e-07,True,835,0.6276562213897705,t3_rho0.75_n800,t3,800,0.75,0.375
True,5,5,0.3841032997665173,0.7376767244576351,0.6957571669812332,0.1174029021287084,-4.720861435019317,0.42163200930723177,170.88994512682623,1.8147701960093444e-31,equivalent,True,1.0,1.0,8.359604267674798e-07,9.306830082604755e-07,True,836,0.6052460670471191,t3_rho0.75_n800,t3,800,0.75,0.375
True,5,5,0.3785095042343074,0.716347223978506,0.6697560876054658,0.11419478772607145,-5.081176855343115,0.4141472681005267,175.56847920343813,1.9465111114038925e-32,equivalent,True,0.9940298507462687,1.0,9.913258812741993e-07,7.124527252572834e-07,True,837,0.626126766204834,t3_rho0.75_n800,t3,800,0.75,0.375
True,5,5,0.3701012746688354,0.6848747675574838,0.6337090534929938,0.11595946197204268,-5.314710296392986,0.40606536298902657,153.33075654812367,7.687536073148156e-28,equivalent,True,1.0,0.9970149253731343,9.452721104038265e-07,8.505805042962312e-07,True,838,0.6424329280853271,t3_rho0.75_n800,t3,800,0.75,0.375
True,5,5,0.38764536437450686,0.7513446426052209,0.7024839957207922,0.12109937528290879,-4.521212458777075,0.4246586258105308,167.660952669857,8.457671386080413e-31,equivalent,True,0.9970149253731343,1.0,8.96357752114268e-07,9.520519772757187e-07,True,839,0.6466212272644043,t3_rho0.75_n800,t3,800,0.75,0.375
True,5,5,0.38565423217464156,0.7436459339710617,0.7002460500679555,0.11298215506193408,-4.865847616649574,0.42097153290985634,195.02079489271114,1.7610091461472802e-36,equivalent,True,1.0,1.0,9.466892197262663e-07,8.242442463457807e-07,True,840,0.6163992881774902,t3_rho0.75_n800,t3,800,0.75,0.375
True,5,5,0.3419310554836647,0.5845842335208649,0.5383162601762113,0.10361559717675202,-6.868500102448548,0.37649668019814847,139.66311919501226,4.94042107526817e-25,equivalent,True,1.0,1.0,9.326515427147202e-07,9.895617905954994e-07,True,841,0.6290361881256104,t3_rho0.75_n800,t3,800,0.75,0.375
True,5,5,0.4013290602976592,0.8053250731970107,0.754030587225485,0.13079359932953066,-3.792000643127303,0.4402651277275322,167.95024294179166,7.368693904497577e-31,equivalent,True,1.0,1.0,8.833933996529688e-07,9.284391171280784e-07,True,842,0.6527931690216064,t3_rho0.75_n800,t3,800,0.75,0.375
True,5,5,0.41215364555456757,0.8493531377196006,0.8070240954160437,0.11980479948554836,-3.69748045559219,0.4481261997196865,213.11116439977854,2.9515301842258247e-40,equivalent,True,1.0,1.0,8.99657174269854e-07,6.333242862268147e-07,True,843,0.6089751720428467,t3_rho0.75_n800,t3,800,0.75,0.375
True,5,5,0.34890230323836297,0.6086640860251729,0.5667768286964253,0.10557633287346878,-6.4713667609804615,0.38482059267757135,144.04575294639778,6.237120409227903e-26,equivalent,True,0.9970149253731343,1.0,9.683481863792535e-07,9.502794969461788e-07,True,844,0.6116437911987305,t3_rho0.75_n800,t3,800,0.75,0.375
True,5,5,0.33921935897473315,0.5753488675161444,0.530895950602258,0.10087783351084077,-7.128464444277185,0.37331627902666426,142.8035243292561,1.1217603677568727e-25,equivalent,True,0.9940298507462687,1.0,9.641811931143093e-07,9.465412938204839e-07,True,845,0.6066160202026367,t3_rho0.75_n800,t3,800,0.75,0.375
True,5,5,0.4178858504518415,0.8731429200392942,0.8335628149780717,0.11391788711863335,-3.6555908431504993,0.4518718988341284,248.46029336774035,1.1437340054956696e-47,equivalent,True,1.0,1.0,9.226215487689548e-07,9.876586749494673e-07,True,846,0.5844612121582031,t3_rho0.75_n800,t3,800,0.75,0.375
True,5,5,0.35726176932559417,0.6381798591082704,0.5957684062585525,0.10540857850255686,-6.20662571334816,0.39221170021310736,165.5000263246767,2.367181381269672e-30,equivalent,True,0.9970149253731343,1.0,9.791538176567783e-07,9.71428246404919e-07,True,847,0.6142809391021729,t3_rho0.75_n800,t3,800,0.75,0.375
True,5,5,0.4057575736703153,0.8231960429541068,0.7794362756037228,0.12108231266269119,-3.886312658291924,0.4424022958228455,195.1325141415042,1.669116113793747e-36,equivalent,True,1.0,1.0,9.446919336290478e-07,9.488683725554041e-07,True,848,0.632728099822998,t3_rho0.75_n800,t3,800,0.75,0.375
False,6,5,,,,,,,,,not_applicable,False,1.0,1.0,9.004379686472117e-07,9.995876894909228e-07,False,849,0.6434240341186523,t3_rho0.75_n800,t3,800,0.75,0.375
True,5,5,0.4414616234330658,0.9744418248207898,0.924366294881038,0.1449042581044157,-2.2472335138993325,0.48222662501873503,207.19110207589642,5.09455934753349e-39,equivalent,True,1.0,1.0,9.072109459721528e-07,7.974620102902867e-07,True,850,0.6471800804138184,t3_rho0.75_n800,t3,800,0.75,0.375
True,5,5,0.3556251496562253,0.6323462353400633,0.5837973918501713,0.11722757506161506,-5.682985490399091,0.3941115562550773,133.7808422265747,7.896929175338262e-24,equivalent,True,1.0,1.0,8.887464128314925e-07,9.368091656260734e-07,True,851,0.6223533153533936,t3_rho0.75_n800,t3,800,0.75,0.375
True,5,5,0.38311354064603875,0.7338799251317198,0.690521077084382,0.11461750167853765,-4.88126956810455,0.41929705232267994,175.43839489229816,2.071246235780102e-32,equivalent,True,1.0,0.9940298507462687,8.667947373297277e-07,7.303933726629822e-07,True,852,0.6070537567138672,t3_rho0.75_n800,t3,800,0.75,0.375
True,5,5,0.40567022942292325,0.8228416752002359,0.7747763329615192,0.13120657220526538,-3.6219501740737488,0.4451049177740502,174.84402571603619,2.750874689803482e-32,equivalent,True,1.0,1.0,8.430053843271546e-07,7.899568139030423e-07,True,853,0.6407558917999268,t3_rho0.75_n800,t3,800,0.75,0.375
True,5,5,0.4309104434596483,0.9284190514129538,0.884213829482793,0.13115872253986693,-2.7888817719006282,0.4690310714566392,213.79825798707662,2.1202409963291272e-40,equivalent,True,0.9970149253731343,0.9940298507462687,8.32416321181435e-07,9.404328176225557e-07,True,854,0.6158688068389893,t3_rho0.75_n800,t3,800,0.75,0.375
True,5,5,0.38153532599756884,0.7278460249203555,0.6877205364882888,0.1121609419495687,-5.013148550094478,0.41766227233407865,179.61559852113487,2.8155956826426546e-33,equivalent,True,1.0,1.0,8.716733743838164e-07,9.49806380612436e-07,True,855,0.6141617298126221,t3_rho0.75_n800,t3,800,0.75,0.375
True,5,5,0.41197277715282526,0.8486078455750572,0.8028259141243065,0.1243008377360757,-3.597514658953185,0.44883907982875043,196.84385883120908,7.343173193203604e-37,equivalent,True,1.0,1.0,9.102507903281968e-07,8.864826563644275e-07,True,856,0.6273109912872314,t3_rho0.75_n800,t3,800,0.75,0.375
True,5,5,0.3598932762790067,0.6476158515541871,0.6055273536640846,0.10633566575679772,-6.060738339757996,0.39507820976572544,158.21583997758842,7.564324753888655e-29,equivalent,True,1.0,1.0,6.762898890323055e-07,8.859933164982576e-07,True,857,0.6187822818756104,t3_rho0.75_n800,t3,800,0.75,0.375
True,5,5,0.3952524088382651,0.7811223334622556,0.7353976630024179,0.1259883691330676,-4.084522567746427,0.43419582884331004,179.221006708264,3.3999911842216356e-33,equivalent,True,0.9970149253731343,0.9940298507462687,7.250481998862054e-07,9.500559061323768e-07,True,858,0.6266541481018066,t3_rho0.75_n800,t3,800,0.75,0.375
True,5,5,0.41235747928096067,0.8501934535947395,0.8030634391862632,0.1328600869507358,-3.363964084860638,0.45201744105383124,177.18242018930218,9.005463878291403e-33,equivalent,True,0.9940298507462687,0.9970149253731343,9.676214264367008e-07,8.254985781774237e-07,True,859,0.6378271579742432,t3_rho0.75_n800,t3,800,0.75,0.375
True,5,5,0.37842299911429694,0.7160198312932958,0.6682745087513086,0.12509220830784834,-4.650373505415155,0.41809876376039234,146.8409482353268,1.6631464893040453e-26,equivalent,True,0.9970149253731343,1.0,9.705841596374864e-07,8.52753669568367e-07,True,860,0.6472270488739014,t3_rho0.75_n800,t3,800,0.75,0.375
True,5,5,0.35884572090131917,0.6438512570459373,0.5971352391413272,0.11355007316047919,-5.749575871571528,0.3959566867272092,139.68601335779897,4.88734628586538e-25,equivalent,True,1.0,1.0,7.109188392419467e-07,8.68007826394666e-07,True,861,0.6498110294342041,t3_rho0.75_n800,t3,800,0.75,0.375
True,5,5,0.4181936413453685,0.8744296083084935,0.822854352209523,0.13050767652650186,-3.272954198243945,0.455526152331378,202.98881445937388,3.840428322954074e-38,equivalent,True,1.0,1.0,9.907849392088957e-07,9.619975448264956e-07,True,862,0.6674859523773193,t3_rho0.75_n800,t3,800,0.75,0.375
True,5,5,0.37620727450252384,0.7076595669430867,0.6667742968656678,0.10892949928644442,-5.35415756938957,0.41132648318555515,180.20801852795634,2.121207631154422e-33,equivalent,True,0.9940298507462687,1.0,9.456446261959816e-07,9.706040387187374e-07,True,863,0.6007320880889893,t3_rho0.75_n800,t3,800,0.75,0.375
False,6,5,,,,,,,,,not_applicable,False,1.0,1.0,9.962303895933107e-07,7.086159064465121e-07,False,864,0.6139638423919678,t3_rho0.75_n800,t3,800,0.75,0.375
True,5,5,0.3534710782103784,0.6247090156560371,0.5764599017241728,0.1194150685549709,-5.640327526720577,0.39316159790841104,127.35265882865727,1.6185542538629294e-22,equivalent,True,1.0,1.0,7.772563377130812e-07,9.833902121795496e-07,True,865,0.6388537883758545,t3_rho0.75_n800,t3,800,0.75,0.375
True,5,5,0.42806873225445974,0.9162141976697017,0.871122806484958,0.1314455649268957,-2.8823885669003513,0.4663328255016255,202.93753721019226,3.9362248626375964e-38,equivalent,True,0.9970149253731343,0.991044776119403,9.603843789435088e-07,6.383020617797588e-07,True,866,0.5912981033325195,t3_rho0.75_n800,t3,800,0.75,0.375
True,5,5,0.39695334783949415,0.7878598018049121,0.7449208722195783,0.12470719474713464,-4.05012019398365,0.4359004367527856,173.58166028507162,5.02516040584826e-32,equivalent,True,1.0,0.9940298507462687,7.740119289005577e-07,8.975932041624661e-07,True,867,0.6137678623199463,t3_rho0.75_n800,t3,800,0.75,0.375
True,5,5,0.4037541183410345,0.8150869403867302,0.7688990365933516,0.12108959030370106,-3.9730992746776495,0.44001674704276017,194.96907620052843,1.8052454172900673e-36,equivalent,True,0.9970149253731343,0.9970149253731343,9.625716814326513e-07,8.315742712512972e-07,True,868,0.6388859748840332,t3_rho0.75_n800,t3,800,0.75,0.375
True,5,5,0.42676280790399,0.9106324710504894,0.8661125087488319,0.1343211156247677,-2.8579831954610597,0.46627268480158673,202.97886325593237,3.8588351986383057e-38,equivalent,True,1.0,1.0,9.364896874098582e-07,8.31385709260042e-07,True,869,0.6193468570709229,t3_rho0.75_n800,t3,800,0.75,0.375
True,5,5,0.33394958145401415,0.5576116147665562,0.5128591287837205,0.10171693716054726,-7.24698257530893,0.36882749403878273,131.3914753076752,2.429304839180381e-23,equivalent,True,1.0,1.0,7.709990789973171e-07,9.411867264157784e-07,True,870,0.6087422370910645,t3_rho0.75_n800,t3,800,0.75,0.375
True,5,5,0.4529289235922442,1.025723049132145,0.9745245078887673,0.14436604351859758,-1.9081737325283508,0.49233840357602954,219.34560557065714,1.4651247539946653e-41,equivalent,True,0.9940298507462687,1.0,9.576725119723295e-07,9.578088133254335e-07,True,871,0.646049976348877,t3_rho0.75_n800,t3,800,0.75,0.375
True,5,5,0.4591786150316907,1.054225002512108,1.0102421275719706,0.14014640941087858,-1.7107671429890994,0.4981490655206893,240.2777780498464,5.990265110719414e-46,equivalent,True,1.0,1.0,9.735085675839163e-07,9.986937409745809e-07,True,872,0.6176760196685791,t3_rho0.75_n800,t3,800,0.75,0.375
True,5,5,0.34114890430439715,0.5819128745404536,0.537391080876132,0.10434364478402192,-6.8294424696288685,0.37656901185532154,134.2267278534374,6.40216578168579e-24,equivalent,True,1.0,0.991044776119403,9.771942543841786e-07,7.532433955487748e-07,True,873,0.6163508892059326,t3_rho0.75_n800,t3,800,0.75,0.375
True,5,5,0.38290758474027964,0.7330910922581723,0.6837988421250417,0.12826884980381123,-4.414175060749121,0.423032463281421,145.2478893609623,3.533262868161319e-26,equivalent,True,1.0,1.0,9.570605994651314e-07,8.534580972658044e-07,True,874,0.6303069591522217,t3_rho0.75_n800,t3,800,0.75,0.375
True,5,5,0.37587405055621936,0.7064065094076969,0.6663841636887842,0.10404193881504754,-5.609428687682315,0.40927201812578834,198.33240922913797,3.5941922623220523e-37,equivalent,True,1.0,0.9970149253731343,8.894429464474496e-07,9.926366571520843e-07,True,875,0.5934457778930664,t3_rho0.75_n800,t3,800,0.75,0.375
True,5,5,0.4147132895554433,0.8599355626694847,0.8127862096106979,0.12548127281706611,-3.484295150772799,0.45148300883163617,208.46275345578027,2.763734206251793e-39,equivalent,True,1.0,1.0,9.398226363225611e-07,9.565658886701943e-07,True,876,0.6362991333007812,t3_rho0.75_n800,t3,800,0.75,0.375
True,5,5,0.404578029082488,0.8184169080813526,0.7697568095130363,0.13690951692257278,-3.5077414724833074,0.4460836076314179,164.6209594820411,3.597340142223335e-30,equivalent,True,0.991044776119403,1.0,9.682054867325358e-07,7.252390750824144e-07,True,877,0.640859842300415,t3_rho0.75_n800,t3,800,0.75,0.375
True,5,5,0.33420668462307473,0.5584705402337367,0.5126201812270382,0.10113033062573884,-7.29138146993549,0.36850095586079185,133.83100185205723,7.712717283380012e-24,equivalent,True,1.0,0.9970149253731343,8.985424095992769e-07,8.220150488938708e-07,True,878,0.6010730266571045,t3_rho0.75_n800,t3,800,0.75,0.375
True,5,5,0.3656867954778142,0.6686341619341635,0.6282412676648921,0.10211197129849625,-6.088989610410785,0.39904899799658394,186.7347393329564,9.341990393048537e-35,equivalent,True,0.9940298507462687,1.0,7.682475172290146e-07,9.507481726991553e-07,True,879,0.5929811000823975,t3_rho0.75_n800,t3,800,0.75,0.375
True,5,5,0.38837686013691486,0.7541829274490436,0.7060800182199415,0.13149084645918424,-4.136561566275227,0.4295027855391045,146.08524723267644,2.377887470581842e-26,equivalent,True,1.0,0.9970149253731343,9.983180889956654e-07,8.253595393306879e-07,True,880,0.6338200569152832,t3_rho0.75_n800,t3,800,0.75,0.375
True,5,5,0.3805010054223299,0.7239050756370197,0.6804051525041388,0.11341470336544843,-5.022231074047734,0.41640262695723285,189.3943730876092,2.6134146500994585e-35,equivalent,True,1.0,1.0,9.493532436983083e-07,9.490026322446163e-07,True,881,0.60028076171875,t3_rho0.75_n800,t3,800,0.75,0.375
True,5,5,0.38764442127152215,0.7513409867146666,0.7083571537211104,0.11865637955360482,-4.564801726772679,0.42509517287092025,174.83689519554866,2.7602547233788436e-32,equivalent,True,1.0,1.0,7.60609238319081e-07,9.87822545625372e-07,True,882,0.5894629955291748,t3_rho0.75_n800,t3,800,0.75,0.375
True,5,5,0.40985893803184376,0.8399217454229537,0.7966728214590079,0.12100725137224513,-3.7462810980348378,0.446253747943045,214.82043058633806,1.296075186862936e-40,equivalent,True,1.0,0.9970149253731343,9.001446013186671e-07,9.612602485593795e-07,True,883,0.6125712394714355,t3_rho0.75_n800,t3,800,0.75,0.375
True,5,5,0.3946608319834773,0.7787858615094526,0.7351666807336799,0.1155999436345566,-4.453577597700659,0.430188718423988,193.6254812139344,3.438804397330611e-36,equivalent,True,1.0,1.0,8.894912325160847e-07,9.98732212416787e-07,True,884,0.6121289730072021,t3_rho0.75_n800,t3,800,0.75,0.375
True,5,5,0.37067882467780594,0.6870139553225979,0.6423622783400268,0.11261493504441837,-5.395711691529232,0.40684084423684475,171.06644909224264,1.6682692644983458e-31,equivalent,True,0.9970149253731343,1.0,6.670532634103305e-07,9.401671966224131e-07,True,885,0.6168639659881592,t3_rho0.75_n800,t3,800,0.75,0.375
True,5,5,0.3529131375596007,0.6227384133108083,0.5772658961407845,0.11057315470821966,-6.0840635833754195,0.3896517806211248,146.394613915602,2.054170645531649e-26,equivalent,True,1.0,1.0,9.211732510331781e-07,9.588454464673978e-07,True,886,0.6277251243591309,t3_rho0.75_n800,t3,800,0.75,0.375
True,5,5,0.41252204782670476,0.8508721997156905,0.810971541926424,0.11479711719232447,-3.8243857407852246,0.44716797660471885,233.52390147757393,1.5664907205978715e-44,equivalent,True,0.9940298507462687,1.0,7.223158546402667e-07,8.783754042512648e-07,True,887,0.597693920135498,t3_rho0.75_n800,t3,800,0.75,0.375
True,5,5,0.3797950269294599,0.7212213124017457,0.6776202793017316,0.11278536043063442,-5.0749469480154294,0.415484220752868,176.56522586428355,1.2093065011490623e-32,equivalent,True,0.9940298507462687,0.9940298507462687,9.042392135135802e-07,9.675384573669619e-07,True,888,0.6111867427825928,t3_rho0.75_n800,t3,800,0.75,0.375
True,5,5,0.36497423756328085,0.6660309704244909,0.6216852949400612,0.10715165982399516,-5.863788821302386,0.39948318894177015,178.3471663857362,5.162215064204431e-33,equivalent,True,1.0,0.9940298507462687,9.410468464791262e-07,8.378184361891254e-07,True,889,0.6195728778839111,t3_rho0.75_n800,t3,800,0.75,0.375
True,5,5,0.35266636928821904,0.6218678401346723,0.5836037911024264,0.09844345147675508,-6.769329995047219,0.3861421653519823,177.21199993621514,8.879112759997194e-33,equivalent,True,1.0,0.9940298507462687,7.002555235923898e-07,9.89034107375282e-07,True,890,0.5751268863677979,t3_rho0.75_n800,t3,800,0.75,0.375
True,5,5,0.4307373005328206,0.9276731103515071,0.8858516732434433,0.12781496716588286,-2.849027268331978,0.4682069169854134,226.07779178355912,5.702098755163818e-43,equivalent,True,1.0,1.0,9.60982515555214e-07,9.732437981669323e-07,True,891,0.5982158184051514,t3_rho0.75_n800,t3,800,0.75,0.375
True,5,5,0.45762645558029347,1.0471098642349115,0.9973330886633561,0.1552099732040237,-1.627903839687627,0.5005258786570451,212.94386611249175,3.1990745996897367e-40,inconclusive,True,1.0,0.991044776119403,9.807464380251883e-07,9.50516068879981e-07,True,892,0.6326780319213867,t3_rho0.75_n800,t3,800,0.75,0.375
True,5,5,0.3418546491956477,0.5843230058833966,0.5380380218000684,0.10202365696049544,-6.978400886723853,0.37572649733187363,141.07206987658464,2.5409492737587517e-25,equivalent,True,0.9940298507462687,1.0,5.934952472151554e-07,9.833086091796396e-07,True,893,0.6125109195709229,t3_rho0.75_n800,t3,800,0.75,0.375
True,5,5,0.3594570807745145,0.6460469645946791,0.602562499057578,0.10886235497106087,-5.947303832574004,0.39537959949147755,155.93983753314922,2.229229790991883e-28,equivalent,True,1.0,1.0,9.424360897325943e-07,9.212497003294357e-07,True,894,0.6122350692749023,t3_rho0.75_n800,t3,800,0.75,0.375
True,5,5,0.41783955109598214,0.8729494523004593,0.8280180541970565,0.13048575491376144,-3.23393113740142,0.45665041802947204,192.4821992551005,5.949616979427106e-36,equivalent,True,1.0,1.0,9.817897321263552e-07,9.77084528236913e-07,True,895,0.6165969371795654,t3_rho0.75_n800,t3,800,0.75,0.375
True,5,5,0.360545255941753,0.649964407910521,0.604030190766939,0.11324275429666802,-5.704292634394778,0.39756708764629595,152.04785699643364,1.412425296787246e-27,equivalent,True,0.9970149253731343,1.0,8.747602100643748e-07,5.95855432113075e-07,True,896,0.6221702098846436,t3_rho0.75_n800,t3,800,0.75,0.375
True,5,5,0.39397698288607585,0.7760893152200765,0.7364916075271002,0.1109057270271005,-4.63013413497953,0.42869926402486774,215.2729564975757,1.0422847642394976e-40,equivalent,True,1.0,1.0,8.888632760508678e-07,9.975565454544705e-07,True,897,0.5806519985198975,t3_rho0.75_n800,t3,800,0.75,0.375
True,5,5,0.39139405598490323,0.7659465353015678,0.723126598544227,0.1137298230829054,-4.632675820410792,0.4266604060689703,190.59463926140322,1.470382556159945e-35,equivalent,True,1.0,0.991044776119403,9.97095676374889e-07,8.753607620560942e-07,True,898,0.6134247779846191,t3_rho0.75_n800,t3,800,0.75,0.375
True,5,5,0.37211373049804786,0.692343142125869,0.6525936448122944,0.10797888693974739,-5.532621905253205,0.40748082375231376,175.22590398552927,2.2924124502076463e-32,equivalent,True,1.0,1.0,8.256514389942335e-07,6.677566453757902e-07,True,899,0.5885462760925293,t3_rho0.75_n800,t3,800,0.75,0.375
True,5,5,0.319485546433817,0.5103550719005732,0.46536751758833644,0.09514985305144187,-8.246281599483494,0.35266842741700033,126.1821389347241,2.8023528588361425e-22,equivalent,True,1.0,1.0,7.531202315251127e-07,9.979923736774946e-07,True,900,0.6176810264587402,t3_rho0.75_n800,t3,800,0.75,0.375
True,5,5,0.3847212184290488,0.7400520795476592,0.6964553644473922,0.11113024474187579,-4.981043970868019,0.4193443335911602,205.02566138699618,1.4429626562655069e-38,equivalent,True,1.0,1.0,9.985105655116292e-07,8.994241165805559e-07,True,901,0.6159369945526123,t3_rho0.75_n800,t3,800,0.75,0.375
True,5,5,0.40784813058171393,0.8317004880949938,0.7869860136423842,0.1243220449858391,-3.724311214558572,0.4453038468837577,187.55935477768105,6.294298849572399e-35,equivalent,True,1.0,1.0,9.502304883695851e-07,9.955729441358795e-07,True,902,0.6128270626068115,t3_rho0.75_n800,t3,800,0.75,0.375
True,5,5,0.4240613313794872,0.8991400638567162,0.8467968125491009,0.13121538166077673,-3.0728347724756553,0.46100475246696776,210.34239401090792,1.1188687248780362e-39,equivalent,True,1.0,1.0,8.737749763421942e-07,8.680757705530604e-07,True,903,0.6566810607910156,t3_rho0.75_n800,t3,800,0.75,0.375
True,5,5,0.42927132158071307,0.9213693376582599,0.8791479863017796,0.12465319485574078,-2.975070266970708,0.46565743760222134,233.49318412936668,1.5899061306111599e-44,equivalent,True,1.0,1.0,9.864466054303617e-07,8.632952437997581e-07,True,904,0.6051619052886963,t3_rho0.75_n800,t3,800,0.75,0.375
True,5,5,0.365994546505491,0.6697600403588001,0.6192255293285884,0.11347911245295444,-5.558507262144077,0.4014678216320866,154.94996148331526,3.5660482597473325e-28,equivalent,True,0.9970149253731343,1.0,7.734178273604367e-07,8.544679826465338e-07,True,905,0.6279881000518799,t3_rho0.75_n800,t3,800,0.75,0.375
True,5,5,0.3763255493168359,0.7081045953430913,0.6642775552161911,0.10740365622383331,-5.453468395555743,0.4101075099784963,189.9223593878487,2.0292782058407416e-35,equivalent,True,1.0,0.9970149253731343,8.998849069885301e-07,7.720276338075295e-07,True,906,0.6135470867156982,t3_rho0.75_n800,t3,800,0.75,0.375
True,5,5,0.4073217570737055,0.8295550689280539,0.7842980290958955,0.12697785665788447,-3.667584121842929,0.44568105572531147,184.08946693084573,3.3139149522978277e-34,equivalent,True,1.0,1.0,9.239190888795046e-07,8.714358354842599e-07,True,907,0.6231718063354492,t3_rho0.75_n800,t3,800,0.75,0.375
True,5,5,0.3941595380880547,0.7768087073289431,0.7356293686361867,0.10894637761199243,-4.721319264011888,0.427745301083366,227.1047662527957,3.4740233868266478e-43,equivalent,True,0.9970149253731343,1.0,9.558214083649776e-07,8.189503246673553e-07,True,908,0.6056146621704102,t3_rho0.75_n800,t3,800,0.75,0.375
True,5,5,0.3566618081165181,0.6360382268447199,0.5920926701818753,0.10480531677651725,-6.277423226734007,0.391019711934201,157.01558920320886,1.3376565511616861e-28,equivalent,True,0.9970149253731343,1.0,9.660462908276284e-07,7.885332501261063e-07,True,909,0.5957162380218506,t3_rho0.75_n800,t3,800,0.75,0.375
True,5,5,0.39681148064006583,0.7872967558388067,0.7457180769143048,0.11012921570454665,-4.579002218980445,0.43054953647617583,224.8682507298036,1.021993910653433e-42,equivalent,True,1.0,1.0,8.846834073854408e-07,9.489149369449397e-07,True,910,0.6124579906463623,t3_rho0.75_n800,t3,800,0.75,0.375
True,5,5,0.42747954178843023,0.9136937932382314,0.8694950597513049,0.1300797230874188,-2.9251672068288497,0.46550127047398887,220.30526623449128,9.22572408430016e-42,equivalent,True,1.0,0.9970149253731343,9.045811840778826e-07,8.905881991842554e-07,True,911,0.611840009689331,t3_rho0.75_n800,t3,800,0.75,0.375
True,5,5,0.4237582298711644,0.8978551869177132,0.8523330836322075,0.13127037618136106,-3.029372870984861,0.46222367702345224,204.56031929198292,1.8046576362112677e-38,equivalent,True,0.9970149253731343,1.0,8.130894649926455e-07,8.820497777957367e-07,True,912,0.6289262771606445,t3_rho0.75_n800,t3,800,0.75,0.375
True,5,5,0.3703087343517148,0.6856427936858445,0.6448141478779595,0.10482051025015786,-5.773544229824325,0.40428419319628006,186.16223140883466,1.2288027914744096e-34,equivalent,True,1.0,0.9970149253731343,9.498494150425551e-07,9.923549569457884e-07,True,913,0.5896787643432617,t3_rho0.75_n800,t3,800,0.75,0.375
True,5,5,0.41198572305714676,0.8486611800146,0.8026701524295743,0.12336719142612934,-3.626003335240723,0.44846206633196073,221.0160551238159,6.549358502129959e-42,equivalent,True,1.0,1.0,8.745882290919526e-07,8.545429524238957e-07,True,914,0.6276581287384033,t3_rho0.75_n800,t3,800,0.75,0.375
True,5,5,0.42457960438475545,0.9013392022975772,0.861914014100946,0.12268256423873744,-3.1633344828352916,0.4612393900899489,235.06657304669977,7.434980143770838e-45,equivalent,True,0.9970149253731343,1.0,7.862814050017653e-07,8.221796306909002e-07,True,915,0.5880510807037354,t3_rho0.75_n800,t3,800,0.75,0.375
True,5,5,0.4073058480548301,0.8294902692983218,0.7806474602163396,0.13017197925279933,-3.605634196220974,0.44604065115586905,183.75245700825127,3.893806363726025e-34,equivalent,True,1.0,1.0,7.862990969156476e-07,8.420265762579412e-07,True,916,0.6519708633422852,t3_rho0.75_n800,t3,800,0.75,0.375
True,5,5,0.36526691617991336,0.6670996002779191,0.6211343875183054,0.11569886069072298,-5.435365644288653,0.4028503638224978,141.24591942372027,2.340741055874153e-25,equivalent,True,0.9970149253731343,0.9970149253731343,9.652855059898272e-07,8.772484406786488e-07,True,917,0.5983872413635254,t3_rho0.75_n800,t3,800,0.75,0.375
True,5,5,0.4059188445330677,0.8238505417353039,0.7824509421715135,0.1164269937448169,-4.015813195806243,0.44135162968040165,210.98148102852372,8.226635855722518e-40,equivalent,True,0.9940298507462687,1.0,8.329367554046485e-07,9.605243316734524e-07,True,918,0.5983550548553467,t3_rho0.75_n800,t3,800,0.75,0.375
True,5,5,0.3957560638997291,0.7831143105670324,0.7417564606248817,0.11382776253090544,-4.465022662965239,0.43104210204378235,210.62042300852062,9.787648471522483e-40,equivalent,True,1.0,1.0,7.012597256891816e-07,9.105223915636874e-07,True,919,0.588463306427002,t3_rho0.75_n800,t3,800,0.75,0.375
True,5,5,0.38320366823746116,0.734225256753231,0.6957959488298968,0.10749472816504188,-5.155639356743214,0.41775807408841986,209.4150872292219,1.7479957915183687e-39,equivalent,True,1.0,0.9970149253731343,9.902829416313e-07,9.088802661397261e-07,True,920,0.5919849872589111,t3_rho0.75_n800,t3,800,0.75,0.375
True,5,5,0.38857441916080154,0.7549503961307714,0.7095912750855007,0.12564905533053125,-4.300937428402507,0.42808073525188006,162.44938873964378,1.011003936541487e-29,equivalent,True,0.9970149253731343,1.0,9.825219392889333e-07,9.296211647211652e-07,True,921,0.6234149932861328,t3_rho0.75_n800,t3,800,0.75,0.375
True,5,5,0.40140330681189895,0.8056230735976373,0.7595052008590626,0.12061122314910792,-4.066742599356229,0.43769692909750374,189.56766119461446,2.4051982984158698e-35,equivalent,True,1.0,0.9970149253731343,9.117244655317843e-07,7.623720552120247e-07,True,922,0.6145410537719727,t3_rho0.75_n800,t3,800,0.75,0.375
True,5,5,0.3402329932532677,0.5787924484903906,0.5321261127612787,0.10079188396083101,-7.12233821839957,0.3736078180824174,167.04611589059488,1.1335920681668795e-30,equivalent,True,1.0,1.0,7.419087252099444e-07,8.820679560287048e-07,True,923,0.6219508647918701,t3_rho0.75_n800,t3,800,0.75,0.375
True,5,5,0.4125460840315883,0.8509713572489918,0.8040139931914931,0.12903299721853914,-3.456371753135009,0.4508335361666934,200.89700268936434,1.0490542061718365e-37,equivalent,True,1.0,1.0,9.142595534690824e-07,9.701789448090421e-07,True,924,0.6375870704650879,t3_rho0.75_n800,t3,800,0.75,0.375
True,5,5,0.3275047884883928,0.5362969324141347,0.4939896036926264,0.09893282352002163,-7.6416538961346365,0.36241402215810686,126.2172315553439,2.756625187052162e-22,equivalent,True,1.0,1.0,9.582278855331192e-07,8.396051951624757e-07,True,925,0.5969648361206055,t3_rho0.75_n800,t3,800,0.75,0.375
True,5,5,0.44384594544383094,0.9849961164346408,0.938832383261393,0.1313305679580474,-2.3693464634829517,0.48059378778689676,239.36214383333345,9.326037331079659e-46,equivalent,True,1.0,0.991044776119403,9.635745435483184e-07,8.582332712859368e-07,True,926,0.6280138492584229,t3_rho0.75_n800,t3,800,0.75,0.375
True,5,5,0.3791588901335516,0.7188073198365331,0.6744994275549767,0.11982738147989419,-4.8027467957445635,0.41751597109338906,153.01529366816686,8.928103673174245e-28,equivalent,True,0.9940298507462687,1.0,9.820825414931762e-07,9.215848664787819e-07,True,927,0.613088846206665,t3_rho0.75_n800,t3,800,0.75,0.375
True,5,5,0.3622650946776108,0.6561799941088917,0.6069373564302883,0.11040504474505382,-5.824576631028639,0.39712403470777985,165.41034025259998,2.470453163653962e-30,equivalent,True,0.9970149253731343,0.9970149253731343,9.862234753768067e-07,9.36423244109994e-07,True,928,0.6492741107940674,t3_rho0.75_n800,t3,800,0.75,0.375
True,5,5,0.33760616998689047,0.5698896300660858,0.5295014122134447,0.09692167926654202,-7.433822785974737,0.3711935850429648,149.4849300452924,4.757386696715497e-27,equivalent,True,0.9940298507462687,0.9970149253731343,8.089784509445543e-07,8.278631025288748e-07,True,929,0.5968413352966309,t3_rho0.75_n800,t3,800,0.75,0.375
True,5,5,0.40990275066040593,0.8401013249948346,0.7942945329690358,0.11927746724988833,-3.8205494930258155,0.44508167960242984,215.83960028083857,7.933498011331767e-41,equivalent,True,0.9970149253731343,0.9970149253731343,8.747436372649404e-07,8.546507104744459e-07,True,930,0.6445510387420654,t3_rho0.75_n800,t3,800,0.75,0.375
True,5,5,0.3428555334125159,0.5877495839579041,0.5455262892988257,0.10210925678863358,-6.8992149473718785,0.37775152433125375,144.90816413151316,4.148929386570595e-26,equivalent,True,0.9970149253731343,0.9970149253731343,9.475533735401897e-07,9.1878982269918e-07,True,931,0.6260359287261963,t3_rho0.75_n800,t3,800,0.75,0.375
True,5,5,0.3382495264771698,0.5720637108101481,0.5300062270637657,0.09894325187885647,-7.276835552340405,0.37222396316708994,146.54181279200873,1.915993593252467e-26,equivalent,True,1.0,1.0,5.930372915031967e-07,9.341584849543161e-07,True,932,0.5936770439147949,t3_rho0.75_n800,t3,800,0.75,0.375
True,5,5,0.4122618440698485,0.8497991403793603,0.8084422119483927,0.11435807144786836,-3.861186031393484,0.4464402536825268,248.3550830276922,1.2034870587712976e-47,equivalent,True,1.0,1.0,7.906299362398927e-07,9.515097987436086e-07,True,933,0.6037089824676514,t3_rho0.75_n800,t3,800,0.75,0.375
True,5,5,0.3899490422704531,0.7603012778382179,0.7159577706602687,0.11321916276093216,-4.716889052318712,0.4247791711390748,198.78528044547227,2.8918982397423377e-37,equivalent,True,1.0,1.0,7.976758225245409e-07,6.137099542193687e-07,True,934,0.616304874420166,t3_rho0.75_n800,t3,800,0.75,0.375
True,5,5,0.38786773413462117,0.7522068959136259,0.7050356839517662,0.12265133993999927,-4.44319904140329,0.4258589403317798,172.93705982573056,6.834966327179467e-32,equivalent,True,1.0,1.0,9.58189293348855e-07,9.745674421217762e-07,True,935,0.6374289989471436,t3_rho0.75_n800,t3,800,0.75,0.375
True,5,5,0.38100267828399187,0.725815204297875,0.6762903961134972,0.11411861673424704,-5.027309481173656,0.4156919091710851,184.9509984965701,2.1942359133882826e-34,equivalent,True,1.0,0.9970149253731343,7.954650437484828e-07,6.790081094107213e-07,True,936,0.6437170505523682,t3_rho0.75_n800,t3,800,0.75,0.375
True,5,5,0.3840618630601595,0.7375175732862036,0.6933949159113765,0.11610075925732828,-4.794155418527038,0.42056240223481994,175.71965224334974,1.8109556825017968e-32,equivalent,True,1.0,0.9970149253731343,9.069041489257578e-07,9.583261791242485e-07,True,937,0.6126809120178223,t3_rho0.75_n800,t3,800,0.75,0.375
True,5,5,0.4056721576654905,0.8228494975248728,0.7799244997174198,0.11562194445958039,-4.065625279696893,0.4404783023979597,213.5125541316571,2.432899638183642e-40,equivalent,True,1.0,0.9970149253731343,9.352829555617825e-07,7.941855929397473e-07,True,938,0.6054720878601074,t3_rho0.75_n800,t3,800,0.75,0.375
True,5,5,0.37172491567355015,0.69089706466254,0.646630315712332,0.1148459437373046,-5.253730908144209,0.40878725097764534,157.9497816688472,8.583376857342494e-29,equivalent,True,0.9970149253731343,1.0,8.647130410484916e-07,8.208587783351094e-07,True,939,0.6199607849121094,t3_rho0.75_n800,t3,800,0.75,0.375
True,5,5,0.38761492199001263,0.7512266387466179,0.7079967463350653,0.11335417508090673,-4.781502342353769,0.42295337150730616,187.76207115894198,5.711947198258281e-35,equivalent,True,1.0,1.0,9.043286435837022e-07,8.564841242167817e-07,True,940,0.6117987632751465,t3_rho0.75_n800,t3,800,0.75,0.375
True,5,5,0.37814484167366735,0.7149676064220148,0.6700915266656856,0.11033532134969226,-5.25587333449074,0.4126928591988437,180.63319977261108,1.731026539617775e-33,equivalent,True,0.9970149253731343,1.0,9.857695017584197e-07,7.868692659477066e-07,True,941,0.6145079135894775,t3_rho0.75_n800,t3,800,0.75,0.375
True,5,5,0.3867252180096146,0.7477819712229198,0.7056751500565769,0.10979942266491365,-4.957447286445176,0.42101760739050753,199.33645112405418,2.219517247218117e-37,equivalent,True,1.0,1.0,9.850287131140601e-07,9.71591097951413e-07,True,942,0.601938009262085,t3_rho0.75_n800,t3,800,0.75,0.375
True,5,5,0.413802822495951,0.8561638795280778,0.811956976692731,0.12887350209063025,-3.3990154391801606,0.45253398193383054,200.37229009050105,1.349711108104942e-37,equivalent,True,0.991044776119403,1.0,7.355756198600368e-07,8.930634887305263e-07,True,943,0.6213150024414062,t3_rho0.75_n800,t3,800,0.75,0.375
True,5,5,0.34600230120670866,0.5985879622016897,0.5566781976016566,0.10195391265142068,-6.8003452184204365,0.3806251333289066,153.50863636479554,7.065587272711197e-28,equivalent,True,0.9970149253731343,0.9970149253731343,9.295320311681107e-07,9.246233192331144e-07,True,944,0.6003761291503906,t3_rho0.75_n800,t3,800,0.75,0.375
True,5,5,0.39499184838908746,0.7800928014691393,0.736480489968697,0.11882212088400716,-4.321750076592179,0.4317234036896361,190.55041847001706,1.5018756806267126e-35,equivalent,True,1.0,1.0,9.650905941731357e-07,8.143011090832367e-07,True,945,0.6103091239929199,t3_rho0.75_n800,t3,800,0.75,0.375
True,5,5,0.42318672092413034,0.895435003832589,0.8512394959897627,0.13273428404112092,-3.0042012648872376,0.4625079382055204,199.10501405796435,2.480373065009772e-37,equivalent,True,1.0,1.0,9.03212776812636e-07,9.84831226200848e-07,True,946,0.619373083114624,t3_rho0.75_n800,t3,800,0.75,0.375
True,5,5,0.36335990037289084,0.6601520859949859,0.6211756633211672,0.097633299111152,-6.440674876334342,0.3954157683945807,202.52363013046545,4.802281610539933e-38,equivalent,True,1.0,1.0,6.985668897245153e-07,7.895897450347565e-07,True,947,0.5866477489471436,t3_rho0.75_n800,t3,800,0.75,0.375
True,5,5,0.3852778725396821,0.7421951953435175,0.7021503777147242,0.10884783134791837,-5.033169843633757,0.4198068908184214,202.8549228517307,4.0956152592557744e-38,equivalent,True,0.9970149253731343,1.0,9.853707774583375e-07,9.272663232153297e-07,True,948,0.6038799285888672,t3_rho0.75_n800,t3,800,0.75,0.375
True,5,5,0.3906845136133173,0.7631719458863715,0.7213398422688467,0.1155951815162561,-4.5733753846548355,0.4269606529515277,185.30396091071336,1.8531648231789255e-34,equivalent,True,1.0,0.9970149253731343,8.948134930104619e-07,8.751671087552478e-07,True,949,0.5916438102722168,t3_rho0.75_n800,t3,800,0.75,0.375
True,5,5,0.39540444310231593,0.7817233681252629,0.7391614878212864,0.11638912620861523,-4.389057026367647,0.43141733025070744,204.83750232232222,1.579552919828633e-38,equivalent,True,1.0,0.9970149253731343,9.175169120325821e-07,9.12746311008505e-07,True,950,0.6004478931427002,t3_rho0.75_n800,t3,800,0.75,0.375
True,5,5,0.3968824112870447,0.7875782419450946,0.74648638092145,0.12506216596910166,-4.026106658051564,0.4363932488501933,173.20658558042294,6.01011728765365e-32,equivalent,True,0.9970149253731343,1.0,8.494418005193913e-07,9.496400149048572e-07,True,951,0.5864202976226807,t3_rho0.75_n800,t3,800,0.75,0.375
True,5,5,0.4090624550963241,0.8366604608471608,0.7936754951495555,0.12267166241910528,-3.719885227375667,0.44619556788560494,198.5073617672136,3.304660252557857e-37,equivalent,True,1.0,1.0,9.21671014136984e-07,9.486944316923729e-07,True,952,0.6080880165100098,t3_rho0.75_n800,t3,800,0.75,0.375
True,5,5,0.422268868533397,0.8915549866623766,0.8498678566916279,0.12412461198280467,-3.2236325811338973,0.4591371635808821,249.73266380020067,6.177807182108134e-48,equivalent,True,0.991044776119403,1.0,7.409532798570768e-07,8.401511683662857e-07,True,953,0.5845520496368408,t3_rho0.75_n800,t3,800,0.75,0.375
True,5,5,0.42492435289408337,0.9028035284122775,0.8591749985797859,0.12443633601944748,-3.140762689759157,0.46127097398512434,227.779985739236,2.5079668942134952e-43,equivalent,True,0.9970149253731343,1.0,9.169874900824615e-07,8.380865439669864e-07,True,954,0.6157681941986084,t3_rho0.75_n800,t3,800,0.75,0.375
True,5,5,0.4134216669872554,0.8545873736726056,0.8054764780798765,0.12985919423284556,-3.423119360521099,0.45145893383712504,186.55725658411663,1.0170574578716726e-34,equivalent,True,1.0,0.9970149253731343,9.9384002694129e-07,9.447205230416356e-07,True,955,0.6342027187347412,t3_rho0.75_n800,t3,800,0.75,0.375
True,5,5,0.3865543871533629,0.7471214711375598,0.7026541161599346,0.1195371650241652,-4.578876232587715,0.4240932104161606,171.1675053521927,1.5897751903091996e-31,equivalent,True,1.0,1.0,7.066419167718849e-07,9.229099571813639e-07,True,956,0.6189429759979248,t3_rho0.75_n800,t3,800,0.75,0.375
True,5,5,0.38612877357656944,0.7454771489187281,0.698697501756478,0.11701223547869667,-4.711494451739557,0.42217662220480945,179.79371771788718,2.5857972282905648e-33,equivalent,True,1.0,0.9850746268656716,8.624042457483812e-07,9.182346093262748e-07,True,957,0.6315209865570068,t3_rho0.75_n800,t3,800,0.75,0.375
True,5,5,0.4243270405671733,0.9002671867824775,0.850822396687247,0.12844034579474017,-3.1078832810889234,0.4608878313244182,217.72565040903737,3.198055692189392e-41,equivalent,True,1.0,0.9970149253731343,8.437620842972396e-07,9.264647309261704e-07,True,958,0.6345300674438477,t3_rho0.75_n800,t3,800,0.75,0.375
True,5,5,0.4236978058556518,0.8975991534344681,0.8562287627340913,0.12289105291141661,-3.2042303156906815,0.4600796793676765,239.6115280227154,8.266804644229291e-46,equivalent,True,1.0,0.9970149253731343,7.726547874455669e-07,8.563750939765347e-07,True,959,0.5942959785461426,t3_rho0.75_n800,t3,800,0.75,0.375
True,5,5,0.3526950995370872,0.6219691661873793,0.5798347312421221,0.10497572520579589,-6.384002277136704,0.38794443766826625,161.21503948414315,1.8184694819020596e-29,equivalent,True,1.0,1.0,9.897445132771634e-07,8.637391987223064e-07,True,960,0.5907771587371826,t3_rho0.75_n800,t3,800,0.75,0.375
True,5,5,0.40153300358309213,0.8061437648322974,0.7607567680499968,0.12829230895080357,-3.8135039890630855,0.4408579902276253,175.6450581709297,1.876621579219342e-32,equivalent,True,1.0,0.9940298507462687,9.319696403573214e-07,8.800940859658768e-07,True,961,0.6156299114227295,t3_rho0.75_n800,t3,800,0.75,0.375
False,5,6,,,,,,,,,not_applicable,False,0.9970149253731343,0.9970149253731343,8.35475759066446e-07,9.437900028484089e-07,False,962,0.6217231750488281,t3_rho0.75_n800,t3,800,0.75,0.375
True,5,5,0.3745869652653255,0.7015769727334308,0.6592763694192821,0.10761843594036231,-5.489056084294632,0.40897260155238563,183.78006536253724,3.842707766980935e-34,equivalent,True,0.9970149253731343,1.0,8.09295036327126e-07,9.700904006892605e-07,True,963,0.6035451889038086,t3_rho0.75_n800,t3,800,0.75,0.375
True,5,5,0.3819602741265938,0.7294682550543133,0.6825104050497738,0.11613059417192237,-4.886650231980228,0.41797804585252796,172.2867416366359,9.321459006431874e-32,equivalent,True,1.0,1.0,8.064104650221636e-07,9.531058759490908e-07,True,964,0.616832971572876,t3_rho0.75_n800,t3,800,0.75,0.375
True,5,5,0.4123489635372488,0.8501583386512168,0.8030719378696703,0.1263490627993537,-3.5372487316353545,0.44964378169326585,194.01981917160728,2.8462641406418478e-36,equivalent,True,1.0,1.0,8.911135621607128e-07,8.239028598351167e-07,True,965,0.6211831569671631,t3_rho0.75_n800,t3,800,0.75,0.375
True,5,5,0.42125464372269833,0.8872773742896876,0.8425694629531346,0.1263819336606709,-3.2238036343137124,0.45835559228966094,220.0398276124385,1.0484911333118632e-41,equivalent,True,1.0,1.0,8.951119574004456e-07,8.149950515329313e-07,True,966,0.6185081005096436,t3_rho0.75_n800,t3,800,0.75,0.375
True,5,5,0.39434463837276534,0.7775384690667353,0.7337958018392847,0.12033617260065674,-4.289684365097532,0.4316783969102307,180.94443782198627,1.4916814348014355e-33,equivalent,True,1.0,1.0,9.62229830728779e-07,7.312456985176367e-07,True,967,0.6077332496643066,t3_rho0.75_n800,t3,800,0.75,0.375
True,5,5,0.3872404633483574,0.7497758822712526,0.70810431395003,0.10595074886057736,-5.114599867180373,0.4200899397728004,210.16541034488574,1.2183232468465869e-39,equivalent,True,0.991044776119403,1.0,8.837338567597375e-07,8.921952268080928e-07,True,968,0.5854220390319824,t3_rho0.75_n800,t3,800,0.75,0.375
True,5,5,0.41938486031397443,0.8794183053028592,0.8306422580857943,0.1424351636197923,-2.944200935055711,0.4615034677163837,188.9835502782079,3.1818946675831977e-35,equivalent,True,0.9970149253731343,1.0,8.705989416987386e-07,9.507354343377522e-07,True,969,0.6403210163116455,t3_rho0.75_n800,t3,800,0.75,0.375
True,5,5,0.3584193308689321,0.642322083702665,0.597421992776782,0.1135700045807628,-5.746041920418798,0.39603737872184364,134.43638644182522,5.800559570590628e-24,equivalent,True,1.0,0.991044776119403,7.897747022197218e-07,9.831057976226077e-07,True,970,0.6283972263336182,t3_rho0.75_n800,t3,800,0.75,0.375
True,5,5,0.37202175787520714,0.6920009416627962,0.6486648068830748,0.11524853250153988,-5.217725380658452,0.4094464002941208,162.43589813668117,1.0175127112869463e-29,equivalent,True,0.9970149253731343,1.0,7.22123454317864e-07,9.630384139349211e-07,True,971,0.6096236705780029,t3_rho0.75_n800,t3,800,0.75,0.375
True,5,5,0.41928576635622333,0.8790027693446275,0.8329277891060962,0.14012492953654054,-2.9764311908905787,0.46117519180471844,187.0357622681857,8.087991290075576e-35,equivalent,True,0.9970149253731343,1.0,8.525993010026039e-07,9.796439690076682e-07,True,972,0.6151289939880371,t3_rho0.75_n800,t3,800,0.75,0.375
True,5,5,0.34652172890097344,0.6003865430025986,0.5512410679187294,0.11089638182957938,-6.301007486025037,0.38305336019591535,136.2686517419512,2.4476958664686344e-24,equivalent,True,1.0,1.0,9.4171926387503e-07,9.914931954136464e-07,True,973,0.6499738693237305,t3_rho0.75_n800,t3,800,0.75,0.375
True,5,5,0.378612755236653,0.7167380921394485,0.6753504347289031,0.1106520522183535,-5.193302372170388,0.4140910199822946,184.63899743634633,2.547609869526506e-34,equivalent,True,0.9940298507462687,0.9970149253731343,8.136361544256812e-07,9.992585510033619e-07,True,974,0.5976998805999756,t3_rho0.75_n800,t3,800,0.75,0.375
True,5,5,0.36753116441478756,0.675395784080448,0.6325255356349067,0.10667765281646338,-5.788226944095264,0.4019936964144429,170.61991998972107,2.064156713397597e-31,equivalent,True,1.0,1.0,7.857061225244768e-07,8.890001661559401e-07,True,975,0.6122598648071289,t3_rho0.75_n800,t3,800,0.75,0.375
True,5,5,0.4111113416590557,0.8450626762035441,0.7996044092946776,0.12199421168294486,-3.6919423019501263,0.4472733014273164,212.03425005104646,4.956553741762117e-40,equivalent,True,1.0,1.0,9.128172355810325e-07,8.863045995256191e-07,True,976,0.6036291122436523,t3_rho0.75_n800,t3,800,0.75,0.375
True,5,5,0.4377938637603512,0.9583173357310846,0.9196137494294343,0.11835329185396266,-2.7915256550551435,0.472077872982217,283.6295326678352,4.46313150108714e-55,equivalent,True,1.0,0.9970149253731343,8.762633711795708e-07,8.251252098154699e-07,True,977,0.5944807529449463,t3_rho0.75_n800,t3,800,0.75,0.375
True,5,5,0.3911538532891147,0.7650066847146111,0.7241210985268148,0.116235326604958,-4.524260539658981,0.4278577326805883,187.8347524086414,5.516538565269288e-35,equivalent,True,1.0,0.9940298507462687,8.825504969642515e-07,8.831384219582923e-07,True,978,0.5941131114959717,t3_rho0.75_n800,t3,800,0.75,0.375
True,5,5,0.38567416115977926,0.7437227929314969,0.6984003032472944,0.11253473498213368,-4.901595021664014,0.4203578166849475,192.12181959065424,7.071694466826706e-36,equivalent,True,1.0,0.9970149253731343,8.84774580309138e-07,9.75334599831034e-07,True,979,0.6092560291290283,t3_rho0.75_n800,t3,800,0.75,0.375
True,5,5,0.4337040298689365,0.9404959276227769,0.8970747284254267,0.13689445400564906,-2.578083050464627,0.4737607133577372,211.54047852013508,6.286222706538782e-40,equivalent,True,0.9970149253731343,0.9970149253731343,8.963529917970152e-07,9.763913033564655e-07,True,980,0.5953710079193115,t3_rho0.75_n800,t3,800,0.75,0.375
True,5,5,0.38836564262031664,0.7541393618394576,0.7103621836213334,0.11996720738398839,-4.498211037382956,0.426072923289459,170.66720002751515,2.0181408954975812e-31,equivalent,True,0.9940298507462687,0.9940298507462687,9.178051526871033e-07,9.78717344860528e-07,True,981,0.6125190258026123,t3_rho0.75_n800,t3,800,0.75,0.375
True,5,5,0.3886418457482511,0.755212421333037,0.7133844537635776,0.11598386558715623,-4.626639606464762,0.4252436797278623,188.23126090136935,4.562358092135495e-35,equivalent,True,1.0,0.9940298507462687,8.169599952203567e-07,9.85989619729802e-07,True,982,0.6004700660705566,t3_rho0.75_n800,t3,800,0.75,0.375
True,5,5,0.40190984332110924,0.8076576107919928,0.76111121074854,0.13117537304475088,-3.7269860790460574,0.442012556126613,171.373171227267,1.4412425160580394e-31,equivalent,True,1.0,0.9970149253731343,9.59130569073154e-07,9.667005410386e-07,True,983,0.6225228309631348,t3_rho0.75_n800,t3,800,0.75,0.375
True,5,5,0.44346302189747333,0.9832972589521947,0.9339577309455733,0.1457422409621065,-2.168501506276405,0.4844961061953191,206.46099105959723,7.237295117623891e-39,equivalent,True,1.0,1.0,9.876551781015306e-07,8.703502577974951e-07,True,984,0.6328608989715576,t3_rho0.75_n800,t3,800,0.75,0.375
True,5,5,0.4138190801157076,0.8562311553390523,0.8092828437088133,0.12654936007911025,-3.4825711960588315,0.451096002558951,199.40884263980746,2.143696093168834e-37,equivalent,True,0.9970149253731343,1.0,9.120159311050636e-07,9.072977148333547e-07,True,985,0.6185252666473389,t3_rho0.75_n800,t3,800,0.75,0.375
True,5,5,0.40293785388926556,0.8117945704844355,0.7653092830815942,0.12185871111413497,-3.9774810720296894,0.4394881172530859,199.41401186615983,2.1383820709453134e-37,equivalent,True,1.0,0.991044776119403,9.300414974033451e-07,8.346028699520576e-07,True,986,0.6388909816741943,t3_rho0.75_n800,t3,800,0.75,0.375
True,5,5,0.4293939824615096,0.9218959608707762,0.8794979511110175,0.13042549576411855,-2.840717964829938,0.4677667796809798,218.34130380880907,2.377157646337196e-41,equivalent,True,1.0,1.0,9.366046144407772e-07,7.978977492306942e-07,True,987,0.594663143157959,t3_rho0.75_n800,t3,800,0.75,0.375
True,5,5,0.42993673413296973,0.9242279767846195,0.8806112487643108,0.12955047616210644,-2.8513114129621044,0.46769708559127066,233.4640795282735,1.612414904582403e-44,equivalent,True,1.0,0.9970149253731343,8.942453651624424e-07,9.618427005621647e-07,True,988,0.605370044708252,t3_rho0.75_n800,t3,800,0.75,0.375
True,5,5,0.3939312398006166,0.7759091084542546,0.7293769948762154,0.1218791948603568,-4.271631476728156,0.43124249108644164,189.54460144863353,2.4319194966467e-35,equivalent,True,0.9970149253731343,1.0,8.23672840725331e-07,8.467742954561485e-07,True,989,0.6221070289611816,t3_rho0.75_n800,t3,800,0.75,0.375
True,5,5,0.36876457701713566,0.6799365663131349,0.6348954961881883,0.1103261527334035,-5.5753281390875165,0.404070753373547,162.44874792652715,1.0113121645429744e-29,equivalent,True,1.0,1.0,8.444891452146693e-07,8.266265531030476e-07,True,990,0.6173360347747803,t3_rho0.75_n800,t3,800,0.75,0.375
True,5,5,0.3842625400967707,0.7382884986081115,0.6934714445952275,0.1213933775658568,-4.584505074033809,0.4226454263262094,179.62898627425963,2.7976358226738183e-33,equivalent,True,1.0,0.9970149253731343,9.879895202630116e-07,9.489348456165748e-07,True,991,0.5958542823791504,t3_rho0.75_n800,t3,800,0.75,0.375
True,5,5,0.41314791834646203,0.8534560121700743,0.8073729983339536,0.12806910670939445,-3.4561574843371474,0.4512267574081431,204.75289254334984,1.6451155279727882e-38,equivalent,True,1.0,1.0,8.768885848182435e-07,9.110918591444802e-07,True,992,0.6231198310852051,t3_rho0.75_n800,t3,800,0.75,0.375
True,5,5,0.35386072764298965,0.6260870728401305,0.5768968210237345,0.1127533441660487,-5.9696959230318285,0.3904765212214858,139.0744960712615,6.521584810626031e-25,equivalent,True,1.0,1.0,8.426173022896046e-07,6.535532798638234e-07,True,993,0.6434051990509033,t3_rho0.75_n800,t3,800,0.75,0.375
True,5,5,0.4003287361477153,0.8013154849281352,0.7533608259206769,0.12633112563512489,-3.9312494967688187,0.43844202264802906,184.50596494769934,2.715078119952764e-34,equivalent,True,1.0,1.0,9.73418362207226e-07,8.635493493315664e-07,True,994,0.6266341209411621,t3_rho0.75_n800,t3,800,0.75,0.375
True,5,5,0.34409659831570105,0.5920123448621847,0.5474005722956331,0.10194955461321109,-6.89163802990583,0.37817791235535175,154.55037184645045,4.310531076574461e-28,equivalent,True,0.9970149253731343,0.9970149253731343,7.13457405647233e-07,8.86217444744635e-07,True,995,0.6079897880554199,t3_rho0.75_n800,t3,800,0.75,0.375
True,5,5,0.39628872580730884,0.7852237710099019,0.7437724574271678,0.11453317962409043,-4.419920447806676,0.43177836289886906,201.4899651452558,7.890521908399345e-38,equivalent,True,1.0,1.0,7.865245677463621e-07,9.449748490622628e-07,True,996,0.5976500511169434,t3_rho0.75_n800,t3,800,0.75,0.375
True,5,5,0.41928450865125644,0.8789974959746276,0.8336869401183429,0.12447087961597662,-3.3446623111051004,0.4557243284935581,218.69138235908247,2.0081518058463995e-41,equivalent,True,1.0,0.9940298507462687,8.473222755876005e-07,9.103402094558245e-07,True,997,0.6099991798400879,t3_rho0.75_n800,t3,800,0.75,0.375
True,5,5,0.40959337198680035,0.838833651877587,0.7990818479244994,0.1200395088228539,-3.756414504668915,0.4464368419808661,219.32104714762644,1.4825682536432632e-41,equivalent,True,0.9970149253731343,0.9970149253731343,9.24783935470854e-07,9.381006598830969e-07,True,998,0.578747034072876,t3_rho0.75_n800,t3,800,0.75,0.375
True,5,5,0.47294999462199133,1.1184084870647082,1.0703326856817894,0.14705069119125097,-1.2218053030742926,0.5122908448202914,261.5844605392756,1.982237248570348e-50,inconclusive,True,1.0,1.0,8.797184729869593e-07,8.917224785407706e-07,True,999,0.5906381607055664,t3_rho0.75_n800,t3,800,0.75,0.375
