applicable,K_x,K_y,D_hat,Q_hat,Q_bc,s_Q,Z,U_D,T0,p_exact,decision,mt_reject,success_x,success_y,max_residual_x,max_residual_y,correct_cardinality,rep,seconds,name,family,n,rho,D_A
True,5,5,0.29221945360505885,0.4269610453261958,0.3871874116284396,0.08655385306840004,-9.968505823648478,0.3254399578338905,111.64589843957282,2.4837654673473946e-19,equivalent,True,0.9970149253731343,1.0,6.164939982028508e-07,6.710338511225195e-07,True,0,0.5221219062805176,t5_rho0.50_n800,t5,800,0.5,0.25
True,5,5,0.2909284564017827,0.4231968337216199,0.38039412177917753,0.08297219835702237,-10.480689862874089,0.3215186598575152,113.82230759576878,9.024685324723432e-20,equivalent,True,1.0,1.0,9.951406942428226e-07,9.709717888248875e-07,True,1,0.5337038040161133,t5_rho0.50_n800,t5,800,0.5,0.25
True,5,5,0.2610441312629557,0.3407201923341563,0.29795083126273786,0.0801999928099006,-11.870938330305345,0.2932125782832602,83.60038724598974,9.850170240159552e-14,equivalent,True,1.0,1.0,7.464886484500284e-07,9.521866826750432e-07,True,2,0.5425279140472412,t5_rho0.50_n800,t5,800,0.5,0.25
True,5,5,0.30211353865124196,0.45636295118187736,0.4166030589286097,0.08851619354910274,-9.41519181582383,0.3353205156061257,116.92443791711658,2.126607163534709e-20,equivalent,True,1.0,1.0,5.946417950855139e-07,8.98475765498624e-07,True,3,0.5157220363616943,t5_rho0.50_n800,t5,800,0.5,0.25
True,5,5,0.3082734694221823,0.4751626597479459,0.4389502103833711,0.08864898622730294,-9.149002421043301,0.3419838642114337,127.29659992317404,1.6616816834708654e-22,equivalent,True,1.0,1.0,8.899908268956473e-07,8.904751714268195e-07,True,4,0.5679969787597656,t5_rho0.50_n800,t5,800,0.5,0.25
True,5,5,0.2638440918128992,0.3480685239228679,0.30826580939626796,0.08000384746914056,-11.771111270204623,0.2966008860660926,83.93401992673753,8.467250308111755e-14,equivalent,True,1.0,1.0,9.473508138287555e-07,7.539650196288671e-07,True,5,0.6004810333251953,t5_rho0.50_n800,t5,800,0.5,0.25
True,5,5,0.26564560866726783,0.352837947021016,0.3121664370874076,0.07934924835785467,-11.819060448853737,0.2975514530445778,88.3450621479351,1.1394980656017641e-14,equivalent,True,0.9940298507462687,1.0,9.872598149206138e-07,9.437386243974257e-07,True,6,0.5811789035797119,t5_rho0.50_n800,t5,800,0.5,0.25
True,5,5,0.2758810086385521,0.38055165463712426,0.34205794879524515,0.07543226170206153,-12.036521651583215,0.30533030574937486,115.13931673103083,4.8873237336463366e-20,equivalent,True,1.0,1.0,8.899934210684853e-07,9.384945951016113e-07,True,7,0.5895442962646484,t5_rho0.50_n800,t5,800,0.5,0.25
True,5,5,0.24773622083732913,0.3068661755738096,0.2644584190014073,0.07200439193475025,-13.687242604474486,0.2767291470849128,89.55634740086819,6.5582430138378904e-15,equivalent,True,1.0,1.0,8.768244493021373e-07,9.510917930497905e-07,True,8,0.6174089908599854,t5_rho0.50_n800,t5,800,0.5,0.25
True,5,5,0.29612488789641284,0.43844974615831533,0.39698493812621694,0.09006863342440659,-9.470722819278782,0.33019226413982344,105.76057135430656,3.809003164727703e-18,equivalent,True,1.0,1.0,9.759446790364214e-07,8.614546402105967e-07,True,9,0.6049201488494873,t5_rho0.50_n800,t5,800,0.5,0.25
True,5,5,0.2702261112120875,0.3651107559040374,0.32202092331484705,0.08046945327945029,-11.532066378809779,0.3014569274043484,94.29833972884043,7.493314671376045e-16,equivalent,True,1.0,0.9970149253731343,7.892545859763179e-07,9.818658172914868e-07,True,10,0.6080691814422607,t5_rho0.50_n800,t5,800,0.5,0.25
True,5,5,0.2720157034698814,0.3699627146710722,0.32981886545140143,0.07871301583876954,-11.690330052064526,0.3030809314497005,110.30771053116885,4.625275844375755e-19,equivalent,True,1.0,1.0,9.684229684270168e-07,7.607439620315234e-07,True,11,0.6030857563018799,t5_rho0.50_n800,t5,800,0.5,0.25
True,5,5,0.3009790953510358,0.4529420791916394,0.4133637332888013,0.08586411623818647,-9.743724193123647,0.3330458335749496,121.26188003841042,2.8054453400920505e-21,equivalent,True,1.0,1.0,6.598879626496342e-07,8.849951004274e-07,True,12,0.5830559730529785,t5_rho0.50_n800,t5,800,0.5,0.25
True,5,5,0.2668362634005127,0.35600795732773904,0.3118988447696685,0.08126642818798561,-11.543526350885198,0.2985197561047067,88.61271124719008,1.0086146984994992e-14,equivalent,True,1.0,1.0,8.900511946859766e-07,9.219676388499044e-07,True,13,0.6024031639099121,t5_rho0.50_n800,t5,800,0.5,0.25
True,5,5,0.25403457165019433,0.32266781796748856,0.2801815073741799,0.07402697267657038,-13.100880092220342,0.28352955467586594,86.05880759511942,3.226346766732283e-14,equivalent,True,1.0,1.0,9.96999935709052e-07,9.574135524171226e-07,True,14,0.6083519458770752,t5_rho0.50_n800,t5,800,0.5,0.25
True,5,5,0.26139909416786833,0.3416474321589105,0.30074036745317584,0.07960138790605222,-11.925164340942986,0.2938275000951466,83.79440645317007,9.020679758904649e-14,equivalent,True,1.0,1.0,8.082832091110547e-07,8.557419188663582e-07,True,15,0.6074440479278564,t5_rho0.50_n800,t5,800,0.5,0.25
True,5,5,0.22670792585017385,0.25698241821643963,0.21710692782743696,0.0690208989344325,-14.964932188926955,0.25715217431520554,61.18640260711496,2.1598372353321226e-09,equivalent,True,1.0,1.0,9.267610107054485e-07,9.989722360241103e-07,True,16,0.5840919017791748,t5_rho0.50_n800,t5,800,0.5,0.25
True,5,5,0.2832211146190273,0.40107099883022107,0.36037670889437756,0.08244215503051473,-10.790878656390552,0.3149545956515051,102.81701883183126,1.48571770647852e-17,equivalent,True,1.0,1.0,9.345215143824229e-07,8.111966626825061e-07,True,17,0.5878951549530029,t5_rho0.50_n800,t5,800,0.5,0.25
True,5,5,0.27741895983789244,0.384806396387691,0.34076557213432196,0.0894969296047719,-10.159392415817564,0.3124019594675269,92.99730943220149,1.360164325029381e-15,equivalent,True,0.9970149253731343,1.0,9.55583263996869e-07,9.222553000348781e-07,True,18,0.6196479797363281,t5_rho0.50_n800,t5,800,0.5,0.25
True,5,5,0.24488103877692918,0.29983361576233947,0.2592052494742587,0.07524314470948416,-13.16790724724793,0.27675592458080756,71.2504917565025,2.5414059436073463e-11,equivalent,True,1.0,1.0,9.97663784716273e-07,9.552382461903954e-07,True,19,0.6023571491241455,t5_rho0.50_n800,t5,800,0.5,0.25
True,5,5,0.27170974194855424,0.3691309193487497,0.33046450060727917,0.08091374122978363,-11.36439231973429,0.30448506082870525,91.3216308497263,2.928114007663774e-15,equivalent,True,1.0,1.0,8.617521562128472e-07,8.633015859343237e-07,True,20,0.5821678638458252,t5_rho0.50_n800,t5,800,0.5,0.25
True,5,5,0.2573458607488166,0.3311344602227465,0.28587521668224175,0.08347195983786025,-11.550283295019288,0.29092073579251576,73.12099701329345,1.1030666121415198e-11,equivalent,True,1.0,1.0,9.614759437758814e-07,9.920751575637815e-07,True,21,0.6067831516265869,t5_rho0.50_n800,t5,800,0.5,0.25
True,5,5,0.24309994948793087,0.2954879272051727,0.257635855044391,0.06735172063091036,-14.734057803716658,0.2714478134027114,91.24972213425599,3.0259767772657735e-15,equivalent,True,1.0,1.0,7.614590467970002e-07,7.261745456594788e-07,True,22,0.5783298015594482,t5_rho0.50_n800,t5,800,0.5,0.25
True,5,5,0.1992924974944784,0.1985874977879334,0.15331261723438516,0.0668025014055929,-16.41686104098187,0.22943101532304017,42.45390069830677,6.224892178175603e-06,equivalent,True,1.0,1.0,9.94153826675774e-07,8.979474928958532e-07,True,23,0.6297621726989746,t5_rho0.50_n800,t5,800,0.5,0.25
True,5,5,0.27271552364322127,0.3718687841799818,0.33007180218461346,0.08278864462119177,-11.111767827878033,0.3053676487646251,88.49276627199541,1.0653038100675975e-14,equivalent,True,1.0,1.0,8.525593490104869e-07,6.880800865358615e-07,True,24,0.5980570316314697,t5_rho0.50_n800,t5,800,0.5,0.25
True,5,5,0.2990155463147855,0.44705148468964817,0.40486139504105256,0.08734285730838884,-9.676104389108142,0.33121823943528855,116.69758398711558,2.363926540690733e-20,equivalent,True,1.0,1.0,8.834618365774081e-07,9.372510483970906e-07,True,25,0.5916178226470947,t5_rho0.50_n800,t5,800,0.5,0.25
True,5,5,0.2584690771472814,0.33403131920683654,0.28994113234005264,0.07536800917171652,-12.738280846354506,0.2877187778308056,93.71461400217689,9.792205434863415e-16,equivalent,True,1.0,1.0,9.912706460233715e-07,9.895301488783915e-07,True,26,0.618048906326294,t5_rho0.50_n800,t5,800,0.5,0.25
True,5,5,0.27494249497341494,0.37796687771103155,0.34226798015086896,0.07604117372872443,-11.93737517897145,0.3057268652101769,111.1841507942489,3.078307761785644e-19,equivalent,True,1.0,1.0,9.151422086404048e-07,9.189076650700181e-07,True,27,0.5577640533447266,t5_rho0.50_n800,t5,800,0.5,0.25
True,5,5,0.34084045210928476,0.5808610689703082,0.5386986393532585,0.10374328041723553,-6.856360795475371,0.37665399252348086,136.99342993696985,1.7396032672978588e-24,equivalent,True,0.9970149253731343,1.0,9.972999897345017e-07,9.962308279382878e-07,True,28,0.5971770286560059,t5_rho0.50_n800,t5,800,0.5,0.25
True,5,5,0.27065101040047157,0.3662598471539809,0.3263658730719574,0.07866636977557685,-11.741156094567854,0.3019140727811212,95.86125487016247,3.657818502479859e-16,equivalent,True,1.0,1.0,9.708577303609282e-07,8.541450053066159e-07,True,29,0.5793919563293457,t5_rho0.50_n800,t5,800,0.5,0.25
True,5,5,0.24556345221522163,0.3015070453192872,0.2605240747548912,0.07206450778054102,-13.730419532710508,0.2753396599664446,78.71172528032545,8.97496009500572e-13,equivalent,True,1.0,1.0,7.335036346290975e-07,9.869327881585376e-07,True,30,0.5921149253845215,t5_rho0.50_n800,t5,800,0.5,0.25
True,5,5,0.2722979063297493,0.37073074895782476,0.33425101230682736,0.07487213136314595,-12.230839045459957,0.30245816541699944,108.41628083729702,1.1127051282949598e-18,equivalent,True,1.0,1.0,9.855962323977426e-07,8.033557701926777e-07,True,31,0.5731608867645264,t5_rho0.50_n800,t5,800,0.5,0.25
True,5,5,0.2616995564197855,0.34243328915156246,0.3035082627909715,0.07413583200331958,-12.766994200141268,0.2917021957232056,93.20465685392948,1.236940409727632e-15,equivalent,True,1.0,1.0,9.30757204777889e-07,9.976795320194242e-07,True,32,0.5802550315856934,t5_rho0.50_n800,t5,800,0.5,0.25
True,5,5,0.2655429819438027,0.35256537629803375,0.313813884369246,0.07484378013538923,-12.508535965677215,0.2956081688924376,97.86622910085345,1.4555732353374123e-16,equivalent,True,0.9970149253731343,1.0,9.732498904983143e-07,9.357735926280182e-07,True,33,0.5665569305419922,t5_rho0.50_n800,t5,800,0.5,0.25
True,5,5,0.3214017024244332,0.5164952716066196,0.4780764941051745,0.09079370738794568,-8.501949398282978,0.35423688486847543,139.35614398236993,5.710270284767694e-25,equivalent,True,0.9970149253731343,1.0,9.003178945741593e-07,9.488319531788858e-07,True,34,0.5885250568389893,t5_rho0.50_n800,t5,800,0.5,0.25
True,5,5,0.24762800433138976,0.30659814264573393,0.2609450407111362,0.08086333403292705,-12.231191937821,0.2806967719738097,66.71525940977236,1.9016776005665882e-10,equivalent,True,1.0,0.9970149253731343,9.525960566846433e-07,9.099457993480974e-07,True,35,0.6132779121398926,t5_rho0.50_n800,t5,800,0.5,0.25
True,5,5,0.28485225110698786,0.40570402480359236,0.36525765302294866,0.08522046266385722,-10.381806426782974,0.3179411392462689,105.52891858824653,4.240134905838104e-18,equivalent,True,1.0,1.0,9.903891819008595e-07,9.67364554751244e-07,True,36,0.5787620544433594,t5_rho0.50_n800,t5,800,0.5,0.25
True,5,5,0.2618286708060465,0.3427712642803053,0.2995376193407311,0.07643983413290695,-12.434124059017284,0.2916401747900354,94.95742201405993,5.538463193293549e-16,equivalent,True,1.0,1.0,9.980638529949761e-07,9.953255589043788e-07,True,37,0.5899193286895752,t5_rho0.50_n800,t5,800,0.5,0.25
True,5,5,0.29841823176445004,0.4452672052471051,0.4033362351024102,0.08989095371498933,-9.41878720724273,0.33202219695394986,109.06702841768637,8.2275373190051e-19,equivalent,True,0.9970149253731343,1.0,9.0250878041154e-07,9.269380298865828e-07,True,38,0.5992681980133057,t5_rho0.50_n800,t5,800,0.5,0.25
True,5,5,0.331583524641317,0.5497381690677945,0.5089681534372463,0.10430403482825212,-7.104536730366594,0.36892628624975193,129.71970474776836,5.328543000177347e-23,equivalent,True,1.0,1.0,7.05599226459624e-07,9.03116256853114e-07,True,39,0.5902960300445557,t5_rho0.50_n800,t5,800,0.5,0.25
True,5,5,0.28776016981059516,0.4140295766471128,0.37557523028857176,0.08244931137347145,-10.605604281526839,0.319747487602601,109.90118143197792,5.586257174059827e-19,equivalent,True,1.0,1.0,9.804962042335845e-07,8.979314833347949e-07,True,40,0.5759329795837402,t5_rho0.50_n800,t5,800,0.5,0.25
True,5,5,0.2675142564512244,0.3578193870232572,0.31871308952703487,0.07688497871628876,-12.112728988447568,0.2983882121085245,97.24699460187377,1.9351185032028975e-16,equivalent,True,1.0,1.0,7.739544140101105e-07,9.184814679607204e-07,True,41,0.5693581104278564,t5_rho0.50_n800,t5,800,0.5,0.25
True,5,5,0.2314422786808185,0.26782764180484825,0.22279222185478534,0.07210466266622899,-14.24606592919155,0.261302061898273,67.70779009953745,1.2259090572880853e-10,equivalent,True,1.0,1.0,9.482826863284904e-07,9.902597736397982e-07,True,42,0.6257507801055908,t5_rho0.50_n800,t5,800,0.5,0.25
True,5,5,0.22608722251445068,0.2555771609214937,0.20900382911953164,0.08198674266447668,-12.697128060577437,0.26224416872568707,47.730624025972254,6.950550070327979e-07,equivalent,True,1.0,1.0,9.679206203755265e-07,8.478027530406578e-07,True,43,0.6467111110687256,t5_rho0.50_n800,t5,800,0.5,0.25
True,5,5,0.29303143402251336,0.4293371066264531,0.3899334001332796,0.08608047654404373,-9.991424703912516,0.3260439185712444,108.47354385394404,1.0835410049586688e-18,equivalent,True,1.0,1.0,9.077043629892398e-07,9.354698838298282e-07,True,44,0.5777568817138672,t5_rho0.50_n800,t5,800,0.5,0.25
True,5,5,0.2375056830619802,0.2820447474336889,0.23992299076349963,0.07244232341697256,-13.94318903084559,0.2679850776370574,70.25185620826949,3.964019207135798e-11,equivalent,True,1.0,1.0,8.889626094854044e-07,9.594763929698296e-07,True,45,0.5859389305114746,t5_rho0.50_n800,t5,800,0.5,0.25
True,5,5,0.23706079543857725,0.28098910366985486,0.24365083511987762,0.06293722729974342,-15.989728306385448,0.26350459643586094,89.8484923581008,5.739513734021435e-15,equivalent,True,0.9970149253731343,1.0,9.952890844351414e-07,7.843917498595565e-07,True,46,0.5751512050628662,t5_rho0.50_n800,t5,800,0.5,0.25
True,5,5,0.2441372148745092,0.2980148984334114,0.2509612966821421,0.07791486747765176,-12.822183180949528,0.2753615256517151,67.16257106937385,1.5604366002676186e-10,equivalent,True,1.0,1.0,9.867233592571293e-07,8.430542023684733e-07,True,47,0.6339221000671387,t5_rho0.50_n800,t5,800,0.5,0.25
True,5,5,0.241204677611034,0.2908984825072143,0.2502347957456438,0.0711220345989498,-14.057038861330874,0.2710055838214019,76.97337427398841,1.9622824995242845e-12,equivalent,True,1.0,1.0,8.690842356173872e-07,9.456159695031716e-07,True,48,0.5994281768798828,t5_rho0.50_n800,t5,800,0.5,0.25
True,5,5,0.26088414280328975,0.34030267983103635,0.29919007306024725,0.0778122517583005,-12.219283023618791,0.2922943166009729,86.30658942605854,2.882566181481992e-14,equivalent,True,1.0,1.0,8.866486998261026e-07,7.748250536677262e-07,True,49,0.5790019035339355,t5_rho0.50_n800,t5,800,0.5,0.25
True,5,5,0.28111167063264686,0.3951188568293887,0.35649084767979455,0.07986458124605915,-11.187802382226788,0.3123640164318981,107.04514984297654,2.1010324360608913e-18,equivalent,True,1.0,1.0,9.132768737845855e-07,9.842043302890276e-07,True,50,0.5866951942443848,t5_rho0.50_n800,t5,800,0.5,0.25
True,5,5,0.2779194984270741,0.3861962380297821,0.3436067786149748,0.08488807289625155,-10.677509695535205,0.310881081188063,93.29148121762154,1.1887115157287839e-15,equivalent,True,1.0,1.0,7.539368903584316e-07,9.549915499912944e-07,True,51,0.5987868309020996,t5_rho0.50_n800,t5,800,0.5,0.25
True,5,5,0.2280203243815957,0.25996634165544064,0.21955587790575512,0.07056625643589606,-14.602505136861312,0.25908571583347717,60.998068699171384,2.3450289057460467e-09,equivalent,True,1.0,1.0,7.798761652160277e-07,9.316163963221585e-07,True,52,0.5939791202545166,t5_rho0.50_n800,t5,800,0.5,0.25
True,5,5,0.2495844273016286,0.31146193175740966,0.26562067744222845,0.0810907493631761,-12.139230803615995,0.2824900319106717,68.76322689939913,7.67911867707494e-11,equivalent,True,1.0,1.0,9.684340908782395e-07,9.640429484056339e-07,True,53,0.639315128326416,t5_rho0.50_n800,t5,800,0.5,0.25
True,5,5,0.24851647101641086,0.3088021818322529,0.26984626549798363,0.06817616846864998,-14.376779401334776,0.27640046435391424,91.1187518385124,3.212679052689214e-15,equivalent,True,1.0,1.0,7.855972570896367e-07,8.537679589447297e-07,True,54,0.5775167942047119,t5_rho0.50_n800,t5,800,0.5,0.25
True,5,5,0.2682715319591589,0.35984807429857013,0.3199396709560638,0.07624531688775951,-12.198261703247624,0.2984466642390092,97.00980783416527,2.1580460348106402e-16,equivalent,True,1.0,1.0,9.585511866448915e-07,7.081675325862885e-07,True,55,0.5871078968048096,t5_rho0.50_n800,t5,800,0.5,0.25
True,5,5,0.27381805688975025,0.3748816413943925,0.3358260497021114,0.07866448301926629,-11.621177883721572,0.30503036239319326,103.27109744550037,1.2045790378088487e-17,equivalent,True,1.0,1.0,7.260904594562448e-07,8.561436601919858e-07,True,56,0.5869550704956055,t5_rho0.50_n800,t5,800,0.5,0.25
True,5,5,0.27366303596783226,0.3744572862756552,0.3323487772541084,0.08334949341223657,-11.009679665445583,0.3064136073342023,88.7242674176196,9.58595321382853e-15,equivalent,True,0.9970149253731343,1.0,8.121960405072176e-07,8.532762301654485e-07,True,57,0.5940992832183838,t5_rho0.50_n800,t5,800,0.5,0.25
True,5,5,0.2675283168123565,0.35785700148226296,0.3211226768063044,0.07309320361045478,-12.708121648957729,0.29710277611306946,105.5996784381178,4.1035140198747156e-18,equivalent,True,1.0,0.9970149253731343,8.461843328678575e-07,9.318281596270304e-07,True,58,0.5807681083679199,t5_rho0.50_n800,t5,800,0.5,0.25
True,5,5,0.2519506294581098,0.3173955984216887,0.2718181152604968,0.07926556921501414,-12.340564691916956,0.2836188901593777,77.44491822096131,1.5874060840172028e-12,equivalent,True,1.0,1.0,9.845432513336356e-07,8.813474971743805e-07,True,59,0.638848066329956,t5_rho0.50_n800,t5,800,0.5,0.25
True,5,5,0.2482701770922497,0.30819040416708515,0.2715222629868743,0.06895584573843633,-14.189917135157655,0.27746874993384296,88.1770216660064,1.2301949843406493e-14,equivalent,True,1.0,1.0,7.460096218408891e-07,8.252035337486161e-07,True,60,0.5697011947631836,t5_rho0.50_n800,t5,800,0.5,0.25
True,5,5,0.27673970835976885,0.3829243309152496,0.34154765051582503,0.0806149346089719,-11.269032889385615,0.307943961815733,110.30382377344671,4.633632378445575e-19,equivalent,True,1.0,1.0,9.480757485548323e-07,8.377289225302379e-07,True,61,0.5789990425109863,t5_rho0.50_n800,t5,800,0.5,0.25
True,5,5,0.27616622140379593,0.3813389092222521,0.3420457337822933,0.08181777924721888,-11.0972734113725,0.30874714726656055,98.72919523777314,9.785244447087157e-17,equivalent,True,1.0,1.0,8.974049951364728e-07,9.92380530468114e-07,True,62,0.5863308906555176,t5_rho0.50_n800,t5,800,0.5,0.25
True,5,5,0.23932930360679727,0.2863925778245727,0.24451239909141242,0.06989185626561609,-14.38633418301763,0.2681321585950786,76.21939910765988,2.7533044037026657e-12,equivalent,True,1.0,0.9940298507462687,9.67971674307417e-07,9.12723430746002e-07,True,63,0.5889773368835449,t5_rho0.50_n800,t5,800,0.5,0.25
True,5,5,0.2855929053540085,0.4078165379427182,0.36628715153968844,0.09041463080572426,-9.774002731473441,0.32093799555364655,97.50609305804315,1.717784085279251e-16,equivalent,True,0.9970149253731343,1.0,9.014436422184288e-07,9.508700389376119e-07,True,64,0.5836868286132812,t5_rho0.50_n800,t5,800,0.5,0.25
True,5,5,0.2520464871623273,0.31763715845434615,0.27947845963798,0.06735204576654895,-14.409681685482507,0.2793788525997233,96.41221106308996,2.8400353175469086e-16,equivalent,True,1.0,0.9970149253731343,8.032074073950022e-07,9.596503420771348e-07,True,65,0.5707252025604248,t5_rho0.50_n800,t5,800,0.5,0.25
True,5,5,0.29255919869994734,0.4279544237197764,0.38786189108932634,0.0836112304468457,-10.311271635438521,0.3241574082891507,116.42625321729017,2.6827527563316173e-20,equivalent,True,1.0,1.0,9.782485452805803e-07,9.286251308441972e-07,True,66,0.5973310470581055,t5_rho0.50_n800,t5,800,0.5,0.25
True,5,5,0.24063653418958647,0.2895297079338801,0.24764263295736072,0.07105087901744543,-14.107599805999953,0.27000404775013875,73.65113302378084,8.703089326877844e-12,equivalent,True,1.0,0.9970149253731343,9.858049755132921e-07,9.693462255345278e-07,True,67,0.602003812789917,t5_rho0.50_n800,t5,800,0.5,0.25
True,5,5,0.2727917177174024,0.37207660627605477,0.3305435617351502,0.08453987646870614,-10.876008774453345,0.30646346737147345,87.49003521513845,1.6822360321306782e-14,equivalent,True,1.0,0.9970149253731343,9.321212098466209e-07,8.330274427954517e-07,True,68,0.6097681522369385,t5_rho0.50_n800,t5,800,0.5,0.25
True,5,5,0.26886757736840505,0.3614488707997764,0.322408125012762,0.07847720504813163,-11.819889284007088,0.3004968021025168,94.81872523906591,5.902328867554637e-16,equivalent,True,1.0,1.0,9.500642245470871e-07,9.120857873860764e-07,True,69,0.587651252746582,t5_rho0.50_n800,t5,800,0.5,0.25
True,5,5,0.27819901701000993,0.38697346532667903,0.3436786034151644,0.08869691099772789,-10.218184448475917,0.31291277991452154,84.21883759650053,7.44103663943865e-14,equivalent,True,1.0,1.0,9.570058721729978e-07,8.780557860355452e-07,True,70,0.6232976913452148,t5_rho0.50_n800,t5,800,0.5,0.25
True,5,5,0.23140293751795843,0.2677365974597009,0.22877789114456704,0.06863713032921546,-14.878566512865248,0.26140999365369255,68.46293526405958,8.773038212659237e-11,equivalent,True,1.0,1.0,8.008963468433032e-07,8.284621333602624e-07,True,71,0.5982410907745361,t5_rho0.50_n800,t5,800,0.5,0.25
True,5,5,0.31042130507354854,0.4818069332178255,0.44031510651043326,0.09121740318626947,-8.876429992598657,0.34361443013426063,128.47046836658544,9.579316064748839e-23,equivalent,True,1.0,1.0,9.034007125562804e-07,9.92738710630699e-07,True,72,0.5896799564361572,t5_rho0.50_n800,t5,800,0.5,0.25
True,5,5,0.370226214923394,0.6853372510825158,0.646860998941856,0.100515420897588,-6.000462373556227,0.40303700911201873,195.92779742578819,1.1396852016415107e-36,equivalent,True,1.0,1.0,8.021204432194394e-07,6.90751254889487e-07,True,73,0.5638349056243896,t5_rho0.50_n800,t5,800,0.5,0.25
True,5,5,0.28040223397100666,0.3931270640796558,0.34227424708238535,0.10153191753547679,-8.94029951320915,0.31914867691781273,71.50132916612856,2.2726369301383553e-11,equivalent,True,1.0,1.0,6.380897673299295e-07,8.959557911351615e-07,True,74,0.6442618370056152,t5_rho0.50_n800,t5,800,0.5,0.25
True,5,5,0.2621758338084806,0.3436808391658601,0.30225575781058245,0.07552791561879842,-12.548264233489983,0.29205757095211476,91.9390307275988,2.2078013611257556e-15,equivalent,True,1.0,1.0,9.898787418336834e-07,9.687928557091861e-07,True,75,0.6046621799468994,t5_rho0.50_n800,t5,800,0.5,0.25
True,5,5,0.23841658164439739,0.284212332014998,0.2433062710981902,0.0678120078010059,-14.845360896199228,0.26640086264144724,81.96006733642423,2.070530053584907e-13,equivalent,True,1.0,1.0,9.308914901458661e-07,9.789301998735593e-07,True,76,0.5799820423126221,t5_rho0.50_n800,t5,800,0.5,0.25
True,5,5,0.24544159270608104,0.30120787715048886,0.2559647876053879,0.07596165250575838,-13.08601352925093,0.276011082110379,74.56431798352631,5.783309348114422e-12,equivalent,True,1.0,1.0,8.46584097982021e-07,9.974864615113808e-07,True,77,0.596977949142456,t5_rho0.50_n800,t5,800,0.5,0.25
True,5,5,0.31517628817268417,0.4966804631315543,0.45515614025796325,0.09308244191607913,-8.539138460276414,0.34878736572563107,122.04060175836523,1.9491083842614072e-21,equivalent,True,1.0,0.9970149253731343,9.059856480892571e-07,8.90131447259051e-07,True,78,0.5963258743286133,t5_rho0.50_n800,t5,800,0.5,0.25
True,5,5,0.309326478189895,0.47841435054681797,0.4381664036359145,0.09292381631946241,-8.736550310989015,0.3438058987100584,119.25431308569662,7.168638867957655e-21,equivalent,True,1.0,0.9970149253731343,8.696216933644496e-07,8.154198349728204e-07,True,79,0.5854809284210205,t5_rho0.50_n800,t5,800,0.5,0.25
True,5,5,0.29009524204866305,0.420776247296362,0.379009481528301,0.0854889105372045,-10.188345049649998,0.3223743867274668,110.78809212613677,3.700254025681334e-19,equivalent,True,1.0,1.0,8.677119901584105e-07,8.764654015547261e-07,True,80,0.590062141418457,t5_rho0.50_n800,t5,800,0.5,0.25
True,5,5,0.2533109774950276,0.320832256597432,0.27817126637605893,0.07907899097819317,-12.289341601386045,0.2857427624637946,77.41777113635598,1.6069058317642544e-12,equivalent,True,1.0,0.9970149253731343,9.48405389327496e-07,9.85231721883348e-07,True,81,0.6006908416748047,t5_rho0.50_n800,t5,800,0.5,0.25
True,5,5,0.2722538298342487,0.3706107392970802,0.3290695609248959,0.08099801118010008,-11.36979075976821,0.30407217346884585,97.72928678810517,1.5502078688543822e-16,equivalent,True,1.0,1.0,6.563927557937688e-07,8.340018667178724e-07,True,82,0.6086781024932861,t5_rho0.50_n800,t5,800,0.5,0.25
True,5,5,0.2970058031119245,0.44106223541079626,0.4016539737915487,0.08594177034000973,-9.871172339738367,0.32954987678405956,118.10486229377443,1.226039381609299e-20,equivalent,True,0.9940298507462687,1.0,9.999348876268615e-07,9.315274206769509e-07,True,83,0.5997848510742188,t5_rho0.50_n800,t5,800,0.5,0.25
True,5,5,0.2775425309124037,0.3851492823263129,0.341765771346969,0.08702314166913064,-10.436697770648346,0.31141807961329104,90.86309754694278,3.61087909760892e-15,equivalent,True,1.0,1.0,8.408637542966471e-07,9.928954744768795e-07,True,84,0.6039831638336182,t5_rho0.50_n800,t5,800,0.5,0.25
True,5,5,0.2777522975551303,0.3857316939857683,0.34141107400302334,0.09029756186223455,-10.062164550834664,0.31302950216776526,79.29522295479012,6.899493846690014e-13,equivalent,True,1.0,1.0,9.72845515626749e-07,9.611279905033376e-07,True,85,0.6084330081939697,t5_rho0.50_n800,t5,800,0.5,0.25
True,5,5,0.3047821255321878,0.4644607202195915,0.4204221860992968,0.0959782946834052,-8.643389806384407,0.34008599859974037,104.90541040188954,5.65823930893525e-18,equivalent,True,1.0,1.0,9.927448854955716e-07,9.811468075209715e-07,True,86,0.6085309982299805,t5_rho0.50_n800,t5,800,0.5,0.25
True,5,5,0.23843533541286266,0.28425704586722156,0.24062102511501718,0.07076982840729035,-14.26284332746809,0.2672179013649654,74.14565203765463,6.975637928087922e-12,equivalent,True,1.0,1.0,9.229208158327276e-07,7.400394576218328e-07,True,87,0.6248393058776855,t5_rho0.50_n800,t5,800,0.5,0.25
True,5,5,0.23561513326178057,0.2775724551098331,0.23681017651725006,0.07322713936069199,-13.836261150283658,0.26730435921846285,67.1036293163031,1.6016514097384952e-10,equivalent,True,1.0,1.0,9.409660793121435e-07,9.73575419550995e-07,True,88,0.5876359939575195,t5_rho0.50_n800,t5,800,0.5,0.25
True,5,5,0.3079589083776999,0.4741934462459229,0.4324393611270993,0.09187306149604911,-8.898806957772479,0.3416305312901677,123.22082388220187,1.121996945661378e-21,equivalent,True,1.0,1.0,9.366932793763841e-07,8.940274859251536e-07,True,89,0.5919098854064941,t5_rho0.50_n800,t5,800,0.5,0.25
True,5,5,0.2537886089401922,0.322043290138989,0.2803516103894467,0.0703761630556379,-13.778079785963463,0.2814640642932738,94.99579505878131,5.441807209401512e-16,equivalent,True,1.0,1.0,8.709120179918073e-07,7.310594295328058e-07,True,90,0.603132963180542,t5_rho0.50_n800,t5,800,0.5,0.25
True,5,5,0.23101651301684506,0.2668431464323107,0.22837981973381632,0.0667846327883146,-15.297234372829223,0.26008874070220644,71.10058221684355,2.7169149273489118e-11,equivalent,True,1.0,0.9970149253731343,9.612267902647825e-07,9.115160906548421e-07,True,91,0.5866818428039551,t5_rho0.50_n800,t5,800,0.5,0.25
True,5,5,0.31536065375162775,0.4972617096732702,0.45569830592829846,0.09309850143059248,-8.531841886454806,0.3489503442239756,124.00900719699274,7.757672256667996e-22,equivalent,True,1.0,1.0,9.854937418614587e-07,9.22368966989985e-07,True,92,0.59014892578125,t5_rho0.50_n800,t5,800,0.5,0.25
True,5,5,0.250802403038756,0.31450922685007304,0.2717357149101806,0.07905137864385584,-12.37504395080975,0.2834655752602213,70.43298230374045,3.657157402954834e-11,equivalent,True,1.0,1.0,8.309121114850558e-07,6.684590582694327e-07,True,93,0.5842337608337402,t5_rho0.50_n800,t5,800,0.5,0.25
True,5,5,0.24191323011975976,0.2926100545348792,0.2449875236086638,0.07873776171646489,-12.764046811622505,0.27367850355701373,66.08331071342064,2.5139472501390186e-10,equivalent,True,1.0,1.0,8.79504747179098e-07,9.154100669307135e-07,True,94,0.6389455795288086,t5_rho0.50_n800,t5,800,0.5,0.25
True,5,5,0.28702298538948484,0.41191097070946214,0.3700135131250765,0.08044023687837923,-10.939630724924514,0.31696243578926325,116.07190963988103,3.164640536521964e-20,equivalent,True,1.0,1.0,7.924475036220092e-07,9.190296124614392e-07,True,95,0.5910530090332031,t5_rho0.50_n800,t5,800,0.5,0.25
True,5,5,0.24441628824902875,0.29869660980716156,0.25764466388798235,0.06930644898693959,-14.318369367027033,0.27263295027390844,88.50031229168145,1.0616454812493644e-14,equivalent,True,1.0,0.9970149253731343,9.512484617364412e-07,9.66554918741959e-07,True,96,0.5853497982025146,t5_rho0.50_n800,t5,800,0.5,0.25
True,5,5,0.30909544062728517,0.47769995708287794,0.4387748408084272,0.08513625691763395,-9.528550920160866,0.3402385991578468,142.79731415745982,1.1250560355987043e-25,equivalent,True,1.0,1.0,9.979416547916312e-07,7.035030617628685e-07,True,97,0.5719680786132812,t5_rho0.50_n800,t5,800,0.5,0.25
True,5,5,0.2490458829501638,0.31011925907213345,0.2683759335456114,0.07749566242681748,-12.666825932114316,0.28136984734024684,83.26158294016024,1.1485149187844875e-13,equivalent,True,1.0,1.0,8.673653409429257e-07,8.015997313085843e-07,True,98,0.5980589389801025,t5_rho0.50_n800,t5,800,0.5,0.25
True,5,5,0.25605995896012157,0.32783351291329565,0.2832897863609461,0.07771268924983245,-12.439541379545531,0.2867458055957177,79.8051621520811,5.481855129613711e-13,equivalent,True,1.0,1.0,8.654832016624808e-07,7.176477174275097e-07,True,99,0.6143710613250732,t5_rho0.50_n800,t5,800,0.5,0.25
True,5,5,0.23250825191266591,0.2703004360374186,0.23024115355388192,0.07236772591349443,-14.091348506171082,0.26430114263730425,61.377427441464434,1.986862275377512e-09,equivalent,True,1.0,1.0,9.832435344483802e-07,7.503370881092037e-07,True,100,0.5880258083343506,t5_rho0.50_n800,t5,800,0.5,0.25
True,5,5,0.2992470112155196,0.44774386860710663,0.41237080281987615,0.08102104345181965,-10.338415323893383,0.33034483801052333,130.05451674108807,4.553149271000283e-23,equivalent,True,1.0,1.0,6.113536853115845e-07,7.231142375929585e-07,True,101,0.5590860843658447,t5_rho0.50_n800,t5,800,0.5,0.25
True,5,5,0.2672390075442874,0.35708343576627855,0.31829619021605027,0.07395297939125013,-12.598597344601181,0.29662704414520785,105.24181930500225,4.84264996286854e-18,equivalent,True,0.9940298507462687,1.0,8.721761445400361e-07,8.153871854461138e-07,True,102,0.5871059894561768,t5_rho0.50_n800,t5,800,0.5,0.25
True,5,5,0.2611479569523681,0.3409912771019794,0.3032946999988745,0.07244366241387516,-13.06815901427704,0.2906729849401162,96.95951713125277,2.2085117532576096e-16,equivalent,True,1.0,0.9970149253731343,9.90057738712302e-07,9.89962693655002e-07,True,103,0.5779178142547607,t5_rho0.50_n800,t5,800,0.5,0.25
True,5,5,0.2457004827414992,0.30184363609702874,0.2630095964297293,0.0715618823144308,-13.792124684948922,0.2759414496251316,80.07678622291184,4.849454583151227e-13,equivalent,True,1.0,1.0,7.320774013817696e-07,9.520743176616677e-07,True,104,0.5861859321594238,t5_rho0.50_n800,t5,800,0.5,0.25
True,5,5,0.2640630757837575,0.3486465399618922,0.30387612824442467,0.08076960414734202,-11.7138604521279,0.2955436700637031,84.5997268336969,6.259922797081422e-14,equivalent,True,1.0,1.0,6.891470247896181e-07,7.671217527834867e-07,True,105,0.606215238571167,t5_rho0.50_n800,t5,800,0.5,0.25
True,5,5,0.2702710893714588,0.3652323087501753,0.3250434653763728,0.07653087509499146,-12.086057208617504,0.30030835914111337,101.63679576431115,2.5619444808072517e-17,equivalent,True,1.0,1.0,9.229683160999267e-07,9.814639160424404e-07,True,106,0.5993480682373047,t5_rho0.50_n800,t5,800,0.5,0.25
True,5,5,0.24900694762487321,0.3100222998272818,0.2652663638084615,0.07474228743215694,-13.17505350749901,0.27864187997424017,84.12503833474666,7.76450806094999e-14,equivalent,True,1.0,1.0,8.087084635089388e-07,8.823006112150239e-07,True,107,0.6309220790863037,t5_rho0.50_n800,t5,800,0.5,0.25
True,5,5,0.3262924549461827,0.5323338307740333,0.4968577509764497,0.08897460439731097,-8.464687807550535,0.3586664053757862,154.21539154994343,5.053026455543697e-28,equivalent,True,1.0,1.0,8.597053011697318e-07,9.725143981470747e-07,True,108,0.5681540966033936,t5_rho0.50_n800,t5,800,0.5,0.25
True,5,5,0.2509638100633772,0.3149141698076343,0.2752825408516216,0.07010809597216029,-13.903065625051857,0.27949958740223263,94.31194013430532,7.446731200199665e-16,equivalent,True,1.0,1.0,9.208908264257743e-07,7.206006557363581e-07,True,109,0.5800597667694092,t5_rho0.50_n800,t5,800,0.5,0.25
True,5,5,0.2399361159588405,0.2878466987070708,0.2474264013439464,0.06958222241746098,-14.408473368974594,0.26902749757548994,78.00145287408064,1.2357797889718773e-12,equivalent,True,1.0,1.0,7.625635325257339e-07,9.818834061388632e-07,True,110,0.5908699035644531,t5_rho0.50_n800,t5,800,0.5,0.25
True,5,5,0.28308617246692247,0.4006889052098609,0.3562438834577024,0.09473117174382673,-9.43465704149849,0.32001962280019597,81.28171482640786,2.813952302961444e-13,equivalent,True,0.9970149253731343,0.9970149253731343,9.285746273830478e-07,8.157527291480669e-07,True,111,0.6077640056610107,t5_rho0.50_n800,t5,800,0.5,0.25
True,5,5,0.28768795867007946,0.41382180781878675,0.37366931126377234,0.07496377266523764,-11.690055844035736,0.3152693275985325,135.1628500176925,4.1204003347319946e-24,equivalent,True,1.0,1.0,9.866490791583698e-07,9.497625137084801e-07,True,112,0.585777997970581,t5_rho0.50_n800,t5,800,0.5,0.25
True,5,5,0.30781608572829616,0.4737537131654488,0.4309565622661808,0.1005401866187091,-8.146428460889755,0.3453492298761769,105.26122674795387,4.7993543117732135e-18,equivalent,True,1.0,1.0,8.009582459578858e-07,7.464937716389473e-07,True,113,0.5815467834472656,t5_rho0.50_n800,t5,800,0.5,0.25
True,5,5,0.2487396102592897,0.30935696855971667,0.2662226698822609,0.07957579621882228,-12.362770802977444,0.28182022883758434,72.52532657329614,1.4392997964259728e-11,equivalent,True,1.0,1.0,9.38822285142549e-07,9.304753984660578e-07,True,114,0.618668794631958,t5_rho0.50_n800,t5,800,0.5,0.25
True,5,5,0.2715637199611963,0.36873426999581527,0.3289306961026742,0.07879428200230276,-11.689544983358152,0.3028318862462139,100.01603206517052,5.409587266674987e-17,equivalent,True,1.0,1.0,8.697556573886812e-07,8.953847789626472e-07,True,115,0.586259126663208,t5_rho0.50_n800,t5,800,0.5,0.25
True,5,5,0.2515440890295303,0.3163721436284813,0.27504719429452495,0.0763621169829351,-12.767493152702288,0.2830730292258866,79.09806926735521,7.540820518854176e-13,equivalent,True,1.0,1.0,8.511765521351602e-07,9.75423507888581e-07,True,116,0.5849378108978271,t5_rho0.50_n800,t5,800,0.5,0.25
True,5,5,0.24322903155704312,0.2958018089608854,0.25106376271219655,0.07821888477269022,-12.771036562216208,0.27558025293066823,66.34354169862615,2.2410778269970835e-10,equivalent,True,1.0,1.0,9.50133067507724e-07,8.563422381181259e-07,True,117,0.5979790687561035,t5_rho0.50_n800,t5,800,0.5,0.25
True,5,5,0.2545324196773629,0.323933763334066,0.2817283431957886,0.07670361328964241,-12.623546861448323,0.2856202232740322,80.88726736289841,3.3630828047271657e-13,equivalent,True,1.0,0.9970149253731343,9.912033518711972e-07,8.687456983322645e-07,True,118,0.5930218696594238,t5_rho0.50_n800,t5,800,0.5,0.25
True,5,5,0.2899441698127003,0.42033810804188004,0.3790889377886301,0.08380861964946411,-10.39166455495892,0.3215406194523011,114.54676999562257,6.440791180118849e-20,equivalent,True,1.0,1.0,8.628745324412212e-07,7.76202908175687e-07,True,119,0.6106119155883789,t5_rho0.50_n800,t5,800,0.5,0.25
True,5,5,0.24771973184084584,0.30682532771650284,0.26393729310278147,0.07371194004243503,-13.377245346270287,0.27755455140610114,77.10505538485242,1.849505770886966e-12,equivalent,True,1.0,1.0,8.165509280359572e-07,8.96831702802947e-07,True,120,0.5960788726806641,t5_rho0.50_n800,t5,800,0.5,0.25
True,5,5,0.26720340824714106,0.3569883068944416,0.31529487354742525,0.0805022451164403,-11.610919982425282,0.2992354535829398,90.12420096577559,5.060633089202093e-15,equivalent,True,1.0,1.0,9.436455656994504e-07,9.376204278896272e-07,True,121,0.5866410732269287,t5_rho0.50_n800,t5,800,0.5,0.25
True,5,5,0.2544310337944713,0.32367575478861704,0.2826299762277911,0.0718207833388208,-13.469221286665123,0.2831129287733594,91.66889071154604,2.4981842615295046e-15,equivalent,True,1.0,1.0,9.152583136960635e-07,8.091677722290815e-07,True,122,0.6055541038513184,t5_rho0.50_n800,t5,800,0.5,0.25
True,5,5,0.2597575955956539,0.33737004234817647,0.2958044999288916,0.07725970566782041,-12.35049359589448,0.2908213908961338,85.53801074394336,4.0880187374739364e-14,equivalent,True,1.0,1.0,7.884121504167891e-07,8.407643993770782e-07,True,123,0.6110148429870605,t5_rho0.50_n800,t5,800,0.5,0.25
True,5,5,0.30040302254318485,0.45120987976540616,0.4104881123698602,0.0862126997971631,-9.737682378643761,0.3323538428604376,118.399578840016,1.0684677069050776e-20,equivalent,True,1.0,1.0,8.841085195981809e-07,8.777498114982408e-07,True,124,0.5855789184570312,t5_rho0.50_n800,t5,800,0.5,0.25
True,5,5,0.2988384559494983,0.4465221137714013,0.4070272789843667,0.08296630056993766,-10.160423150421623,0.3296952227107862,126.99339911525283,1.9156298894904697e-22,equivalent,True,1.0,1.0,7.97433703907958e-07,9.619824360788694e-07,True,125,0.5660221576690674,t5_rho0.50_n800,t5,800,0.5,0.25
True,5,5,0.33357879944490687,0.5563740771955271,0.5146534331150955,0.1049374237233585,-7.007476844709505,0.3707452319664827,129.65324182844338,5.497491611184836e-23,equivalent,True,1.0,1.0,9.637735460392277e-07,9.99529437328946e-07,True,126,0.5966079235076904,t5_rho0.50_n800,t5,800,0.5,0.25
True,5,5,0.25646132237895647,0.32886204938181524,0.2829952073855585,0.07665567520126122,-12.614914552321773,0.2860358623553232,85.24367792986737,4.672886191259067e-14,equivalent,True,1.0,1.0,8.827680715948407e-07,9.790194366861097e-07,True,127,0.6055879592895508,t5_rho0.50_n800,t5,800,0.5,0.25
True,5,5,0.2546646220787511,0.3242703486925656,0.2842781769303243,0.07377391330903699,-13.090288690858682,0.28482467091566954,85.57321761667883,4.023140459810046e-14,equivalent,True,1.0,1.0,8.918533249185917e-07,9.077216556476115e-07,True,128,0.5749540328979492,t5_rho0.50_n800,t5,800,0.5,0.25
True,5,5,0.25890891969883534,0.3351691434980899,0.2935219457348262,0.07884690020708719,-12.130826345145277,0.29093420407863163,82.59280905235825,1.55490211860303e-13,equivalent,True,0.9970149253731343,1.0,9.60664948080916e-07,8.538382809681643e-07,True,129,0.5844871997833252,t5_rho0.50_n800,t5,800,0.5,0.25
True,5,5,0.3280644107578069,0.5381312880293353,0.49721948182295045,0.09571640915054969,-7.864696605918656,0.36184498464757064,135.58625366284997,3.375585859069692e-24,equivalent,True,1.0,1.0,8.183899348393119e-07,9.991926303402314e-07,True,130,0.6006090641021729,t5_rho0.50_n800,t5,800,0.5,0.25
True,5,5,0.24771530043217588,0.3068143503410158,0.2666506447689596,0.07352155768432088,-13.374979886215717,0.27841797556376874,78.26517954298606,1.0974370165997823e-12,equivalent,True,1.0,0.9970149253731343,7.761958307909617e-07,9.112701367649216e-07,True,131,0.5927369594573975,t5_rho0.50_n800,t5,800,0.5,0.25
True,5,5,0.21960430968132688,0.2411302641530606,0.19962387428740078,0.0635498604468753,-16.528378163641513,0.24663904505803758,71.69550072814157,2.0841966202454575e-11,equivalent,True,1.0,1.0,8.587563653989017e-07,9.496053908812053e-07,True,132,0.5947580337524414,t5_rho0.50_n800,t5,800,0.5,0.25
True,5,5,0.24709729170979297,0.3052853578515726,0.2657896355595602,0.07220088315432725,-13.631555757243568,0.2773263493017044,80.20469680351883,4.577386523618914e-13,equivalent,True,1.0,1.0,9.652404415494694e-07,9.861137734404693e-07,True,133,0.5767569541931152,t5_rho0.50_n800,t5,800,0.5,0.25
True,5,5,0.2897897538980095,0.4198905073213445,0.379818397264607,0.08495153804438747,-10.243270725489634,0.32235112617517675,111.15658129372346,3.117998439597196e-19,equivalent,True,1.0,1.0,9.030705266106758e-07,9.979638380612391e-07,True,134,0.5887789726257324,t5_rho0.50_n800,t5,800,0.5,0.25
True,5,5,0.2734918820884824,0.37398904784150183,0.3322884855825079,0.0801118895944807,-11.455372218316988,0.3046508879829256,95.36666978294224,4.590178832589932e-16,equivalent,True,1.0,1.0,8.262612854252978e-07,9.233636578359316e-07,True,135,0.5945620536804199,t5_rho0.50_n800,t5,800,0.5,0.25
True,5,5,0.25463647597977757,0.32419867449699924,0.2788078538188075,0.07705945339024363,-12.603153843602966,0.2848014660140104,79.9976840803466,5.02571443922154e-13,equivalent,True,1.0,1.0,9.879242045979744e-07,7.883692399441284e-07,True,136,0.6066281795501709,t5_rho0.50_n800,t5,800,0.5,0.25
True,5,5,0.24431674363310632,0.298453356097425,0.25577071329551604,0.0771077418559717,-12.894026757541269,0.27662308730594015,67.22174894381118,1.5201191896861703e-10,equivalent,True,1.0,1.0,8.145797909950279e-07,9.790019711613404e-07,True,137,0.5935499668121338,t5_rho0.50_n800,t5,800,0.5,0.25
True,5,5,0.2314470346207597,0.26783864917371564,0.22889737027226528,0.06777156426721742,-15.066829883129381,0.26091058758178926,71.84266669803894,1.9518190777352047e-11,equivalent,True,0.9970149253731343,1.0,9.600272449555712e-07,8.034964931489844e-07,True,138,0.5841600894927979,t5_rho0.50_n800,t5,800,0.5,0.25
True,5,5,0.2242661489503703,0.2514765278251484,0.21086019543548218,0.06629734073165607,-15.673928895135047,0.252946483191676,65.55296386928855,3.176668588331934e-10,equivalent,True,1.0,1.0,9.536347495865852e-07,8.196933796639658e-07,True,139,0.5882618427276611,t5_rho0.50_n800,t5,800,0.5,0.25
True,5,5,0.25161131038227175,0.3165412575614194,0.2773050422943484,0.06893309973249324,-14.110709680550588,0.27953171605610244,97.24639922600042,1.9356482612010474e-16,equivalent,True,1.0,1.0,9.815571829786199e-07,9.57092765808429e-07,True,140,0.5815949440002441,t5_rho0.50_n800,t5,800,0.5,0.25
True,5,5,0.3255397393705441,0.5298806095472088,0.4862893791655151,0.10297904087450473,-7.416175314403829,0.3621256213105966,115.26967036225219,4.599339878378125e-20,equivalent,True,1.0,0.9970149253731343,8.402501570941446e-07,9.607618859423236e-07,True,141,0.600783109664917,t5_rho0.50_n800,t5,800,0.5,0.25
True,5,5,0.2753100917129255,0.37897823299489714,0.33730665408737986,0.084462082164989,-10.805953660125931,0.30862093781087996,86.82573125493501,2.276226818491612e-14,equivalent,True,1.0,1.0,9.394487748424944e-07,8.225644567811421e-07,True,142,0.6051526069641113,t5_rho0.50_n800,t5,800,0.5,0.25
True,5,5,0.2567367361624847,0.3295687584768264,0.29242545260433206,0.0710491304382837,-13.477639226386563,0.28610867602975315,96.78933157173222,2.3881894243115113e-16,equivalent,True,1.0,1.0,9.462020048798728e-07,9.515074708887777e-07,True,143,0.5716168880462646,t5_rho0.50_n800,t5,800,0.5,0.25
True,5,5,0.2835002888784937,0.40186206897094684,0.3609189141801016,0.08323343049623606,-10.681778709819055,0.315539450533669,105.85827300982616,3.640560998453454e-18,equivalent,True,1.0,1.0,9.731315529192761e-07,8.301378415092963e-07,True,144,0.5841190814971924,t5_rho0.50_n800,t5,800,0.5,0.25
True,5,5,0.23392054209322297,0.2735941000659365,0.22916994155471823,0.0725026981574623,-14.079890602529439,0.2639796460270329,64.84758951389476,4.334695183270532e-10,equivalent,True,1.0,1.0,8.943375495305212e-07,9.035798018554109e-07,True,145,0.6077530384063721,t5_rho0.50_n800,t5,800,0.5,0.25
True,5,5,0.2823915315706004,0.3987248855139469,0.35884893821479447,0.08410547899893232,-10.595636246201252,0.3153379585120317,103.69730845605704,9.892271328961587e-18,equivalent,True,1.0,1.0,8.485073508423671e-07,8.055880444840072e-07,True,146,0.581557035446167,t5_rho0.50_n800,t5,800,0.5,0.25
True,5,5,0.28154198705319716,0.3963294523693133,0.35585189574313536,0.08313551134897836,-10.75530888964518,0.31387820667066635,99.59833022950394,6.557647517314728e-17,equivalent,True,0.9970149253731343,1.0,9.169871859659565e-07,9.007048280573633e-07,True,147,0.5960588455200195,t5_rho0.50_n800,t5,800,0.5,0.25
True,5,5,0.2672939086071069,0.3572301678923221,0.31748272148085666,0.07973325060904514,-11.695462951730658,0.29954373568271303,91.59587704653283,2.5830123287751776e-15,equivalent,True,1.0,1.0,7.942355222211441e-07,9.760872454209348e-07,True,148,0.5905652046203613,t5_rho0.50_n800,t5,800,0.5,0.25
True,5,5,0.3033576507816069,0.46012932143867685,0.4175667773087952,0.09117492189540376,-9.130067845258761,0.3369083490433169,124.62004668153,5.826971475727854e-22,equivalent,True,1.0,1.0,9.871923935843419e-07,9.077259839886694e-07,True,149,0.5820431709289551,t5_rho0.50_n800,t5,800,0.5,0.25
True,5,5,0.24609923763766864,0.30282417382920845,0.26420673426289526,0.07255242726735538,-13.587323027863158,0.2769638450764784,78.70587416507293,8.998650474484168e-13,equivalent,True,1.0,1.0,9.735792436992378e-07,9.661511493025639e-07,True,150,0.5864152908325195,t5_rho0.50_n800,t5,800,0.5,0.25
True,5,5,0.2995063478156052,0.44852026190921135,0.4066556910710127,0.08645948967169373,-9.754213356236045,0.3313212628980734,117.26612075715263,1.8133071623184732e-20,equivalent,True,1.0,1.0,9.92558807084532e-07,8.208614050328211e-07,True,151,0.589827299118042,t5_rho0.50_n800,t5,800,0.5,0.25
True,5,5,0.18569214224998926,0.17240785846695122,0.13070408847534132,0.05087071064810034,-22.00275752519798,0.20706470553451065,59.95233808877666,3.7003463895040533e-09,equivalent,True,1.0,1.0,8.544766658249486e-07,9.364043079358789e-07,True,152,0.6122190952301025,t5_rho0.50_n800,t5,800,0.5,0.25
True,5,5,0.2309307663230128,0.2666450941726697,0.2279678887081595,0.06724607390430286,-15.198390804885992,0.2602221501978257,74.22854220440581,6.7215661069954315e-12,equivalent,True,1.0,1.0,9.61793824823084e-07,8.689139305208302e-07,True,153,0.5740871429443359,t5_rho0.50_n800,t5,800,0.5,0.25
True,5,5,0.21766711466593092,0.2368948640349576,0.19279807734307253,0.0667008353193964,-15.849905291208493,0.24597202614885885,59.77425202423258,3.998794529179321e-09,equivalent,True,1.0,0.9970149253731343,9.130573465837754e-07,8.093999314573265e-07,True,154,0.6092689037322998,t5_rho0.50_n800,t5,800,0.5,0.25
True,5,5,0.26012355631435763,0.33832132274814386,0.3017095521828054,0.07328863710886177,-12.939119694757307,0.2906057923530248,97.76143330608333,1.527455532253328e-16,equivalent,True,1.0,1.0,9.698114468074308e-07,9.959662365683017e-07,True,155,0.5771389007568359,t5_rho0.50_n800,t5,800,0.5,0.25
True,5,5,0.2610589005159396,0.3407587476929562,0.30251707273180695,0.07242142071706541,-13.08290997175823,0.29039273726016307,99.80628648431905,5.958525029773399e-17,equivalent,True,1.0,0.9970149253731343,8.019624054695728e-07,9.405958856668893e-07,True,156,0.5753040313720703,t5_rho0.50_n800,t5,800,0.5,0.25
True,5,5,0.28878245877290226,0.416976542474615,0.3805878959868464,0.08336308739744748,-10.429221507453123,0.3217787975135747,107.79781701613548,1.4822797116068052e-18,equivalent,True,1.0,1.0,8.609053228362416e-07,9.354437598775281e-07,True,157,0.5619063377380371,t5_rho0.50_n800,t5,800,0.5,0.25
True,5,5,0.25245887288825025,0.31867741250002846,0.27775899240092383,0.07161691716963917,-13.575577475586202,0.28126796417597505,87.13089925007148,1.9810603858063887e-14,equivalent,True,1.0,1.0,9.468089362895552e-07,9.785343488439651e-07,True,158,0.5975339412689209,t5_rho0.50_n800,t5,800,0.5,0.25
True,5,5,0.2739308619218676,0.37519058556628654,0.33208011257888415,0.08150417623201914,-11.262243603420515,0.3053334414916954,92.63085941241413,1.6086450759195958e-15,equivalent,True,1.0,1.0,8.570563097719078e-07,6.118321899374969e-07,True,159,0.6094112396240234,t5_rho0.50_n800,t5,800,0.5,0.25
True,5,5,0.24987352150365724,0.3121838837431933,0.26542521113470896,0.08044822834399475,-12.238613691469652,0.28204636899210345,70.17355970242471,4.1044847896781044e-11,equivalent,True,1.0,1.0,9.03393282514121e-07,9.79268788303571e-07,True,160,0.6213219165802002,t5_rho0.50_n800,t5,800,0.5,0.25
True,5,5,0.2410509832666741,0.29052788266915197,0.2536902703729107,0.06880362549669018,-14.480483004126244,0.2708734624574923,81.42677460823215,2.6353306725830254e-13,equivalent,True,1.0,1.0,9.644887563040634e-07,9.891241991527971e-07,True,161,0.5683887004852295,t5_rho0.50_n800,t5,800,0.5,0.25
True,5,5,0.2280981370224957,0.26014380056566616,0.21312047990255467,0.0688666231683324,-15.056343296562908,0.2554979431607568,71.34227660141599,2.4395710574420535e-11,equivalent,True,1.0,1.0,9.348855722895654e-07,9.396112785548205e-07,True,162,0.6305510997772217,t5_rho0.50_n800,t5,800,0.5,0.25
True,5,5,0.26053284871763605,0.3393868263046331,0.30045563430814315,0.07459675678371842,-12.729030143293114,0.29091455111859194,88.66334711400187,9.855958555481787e-15,equivalent,True,1.0,1.0,7.592203821785586e-07,9.213782604845285e-07,True,163,0.5905640125274658,t5_rho0.50_n800,t5,800,0.5,0.25
True,5,5,0.2596134211769894,0.33699564227610435,0.2963503547982506,0.07484289438814087,-12.742019840334482,0.2896397628379536,94.21449042568571,7.787003895447257e-16,equivalent,True,1.0,1.0,7.600373812852293e-07,9.151053868089488e-07,True,164,0.5773053169250488,t5_rho0.50_n800,t5,800,0.5,0.25
True,5,5,0.21383718843056002,0.22863171577943417,0.18482736532981742,0.07197477617404044,-14.79924900488075,0.24625813162968171,46.35812904260626,1.2350822428089745e-06,equivalent,True,1.0,1.0,9.96852251357801e-07,8.38943582880314e-07,True,165,0.5935840606689453,t5_rho0.50_n800,t5,800,0.5,0.25
True,5,5,0.27224190820985406,0.37057828292871303,0.3287797348654265,0.08076097388199244,-11.406750325728567,0.30384855295734253,91.6798899859997,2.4856483919423475e-15,equivalent,True,1.0,1.0,8.773353082542009e-07,8.601605680428277e-07,True,166,0.6026818752288818,t5_rho0.50_n800,t5,800,0.5,0.25
True,5,5,0.2420371624499187,0.2929099400340417,0.2507966494405251,0.0706880875092128,-14.135385264585754,0.2709495180148202,76.92554170540348,2.0049238087426343e-12,equivalent,True,1.0,1.0,8.397538979979117e-07,8.829076821195164e-07,True,167,0.6125931739807129,t5_rho0.50_n800,t5,800,0.5,0.25
True,5,5,0.26340177507561063,0.3469024755649128,0.30488209375375924,0.07578197318604392,-12.471539952199272,0.29309805431164593,95.38297016331133,4.555965653018408e-16,equivalent,True,1.0,1.0,9.832005773503047e-07,8.480814495189156e-07,True,168,0.5828211307525635,t5_rho0.50_n800,t5,800,0.5,0.25
True,5,5,0.24350108258591113,0.2964638861025536,0.2520460066320595,0.07818762533995853,-12.763579774022457,0.2759178159362723,62.992571368893124,9.795470604592574e-10,equivalent,True,1.0,1.0,6.905804570133911e-07,8.51889664248137e-07,True,169,0.6021461486816406,t5_rho0.50_n800,t5,800,0.5,0.25
True,5,5,0.2286689561427517,0.2614474575170785,0.2234320746710217,0.06419497296383084,-15.991406771171539,0.2565242322988729,78.81964812663276,8.548978072835787e-13,equivalent,True,1.0,1.0,9.203750470648e-07,9.685701811882233e-07,True,170,0.5863678455352783,t5_rho0.50_n800,t5,800,0.5,0.25
True,5,5,0.27702723772420756,0.38372045220552303,0.3425810923374327,0.08081775582009217,-11.227964677496937,0.3083875714487177,99.38896553698072,7.221573811609462e-17,equivalent,True,1.0,1.0,5.565942771037312e-07,8.701018385811306e-07,True,171,0.5779478549957275,t5_rho0.50_n800,t5,800,0.5,0.25
True,5,5,0.2624359528846092,0.3443631468322641,0.30261921079568116,0.07798029487385177,-12.148976747739807,0.2935593233571986,86.4568919741742,2.6920989845529548e-14,equivalent,True,1.0,1.0,9.867901645843506e-07,9.341322395262087e-07,True,172,0.6075277328491211,t5_rho0.50_n800,t5,800,0.5,0.25
True,5,5,0.2876117445473947,0.4136025780079791,0.3727595671734691,0.08893829768728374,-9.863472268279734,0.3221956078841819,107.04364643111384,2.10249655657379e-18,equivalent,True,1.0,1.0,8.940413257752725e-07,7.773062269461734e-07,True,173,0.5971770286560059,t5_rho0.50_n800,t5,800,0.5,0.25
True,5,5,0.2631874690644887,0.346338219362856,0.30743641458152515,0.07771966331520867,-12.127736343834986,0.29505046506351873,87.52389576002689,1.6564958645865015e-14,equivalent,True,1.0,1.0,9.959694803423638e-07,9.985868014088102e-07,True,174,0.5877029895782471,t5_rho0.50_n800,t5,800,0.5,0.25
True,5,5,0.3030811725574343,0.4592909857939463,0.4147143251820731,0.08804177840346208,-9.487378491948782,0.33452359071140725,121.66500121180515,2.323446246228829e-21,equivalent,True,1.0,1.0,6.861222294540578e-07,9.37637869292727e-07,True,175,0.6140410900115967,t5_rho0.50_n800,t5,800,0.5,0.25
True,5,5,0.2554377771505726,0.326242289978128,0.29044242522349356,0.06996111585141074,-13.715584194147144,0.2847870152859005,98.09277685164457,1.3115090148580527e-16,equivalent,True,0.9970149253731343,1.0,7.953098596238575e-07,8.308922256384574e-07,True,176,0.5666990280151367,t5_rho0.50_n800,t5,800,0.5,0.25
True,5,5,0.26462496522621354,0.35013186110487354,0.3094208772966355,0.07740931647413557,-12.150722491105267,0.2955496141966528,89.90523963361012,5.592731308175581e-15,equivalent,True,1.0,1.0,9.243460985042404e-07,9.51923695989126e-07,True,177,0.5890889167785645,t5_rho0.50_n800,t5,800,0.5,0.25
True,5,5,0.2460657828129306,0.3027418473567017,0.2595893991877586,0.07830851278587425,-12.647547061970222,0.2787096842468089,74.59812606241056,5.696398343457169e-12,equivalent,True,0.9970149253731343,1.0,8.738212188795926e-07,9.304044039396599e-07,True,178,0.6092510223388672,t5_rho0.50_n800,t5,800,0.5,0.25
True,5,5,0.2450299944105357,0.30019849080413574,0.2561840981584619,0.07500130579656195,-13.25064798921267,0.27551779181172065,72.45323697726371,1.486373412237267e-11,equivalent,True,1.0,1.0,9.353689102776149e-07,9.5804877317463e-07,True,179,0.594959020614624,t5_rho0.50_n800,t5,800,0.5,0.25
True,5,5,0.2789796996274996,0.38914836402124936,0.3513123198142972,0.076916694448734,-11.683909281679936,0.3091371940260232,117.91851686782582,1.3374383483305821e-20,equivalent,True,1.0,1.0,9.433476956700684e-07,9.86349847230418e-07,True,180,0.5740067958831787,t5_rho0.50_n800,t5,800,0.5,0.25
True,5,5,0.26901138756658777,0.36183563320250445,0.32054978185494043,0.07829864871480481,-11.870578016365153,0.29977978523539117,95.80994894616958,3.745012629877354e-16,equivalent,True,1.0,1.0,8.173884505002123e-07,8.931972818555118e-07,True,181,0.5919690132141113,t5_rho0.50_n800,t5,800,0.5,0.25
True,5,5,0.24356944651429302,0.2966303763763952,0.2570101117950831,0.07073157607352783,-14.038848606634621,0.2732592912380544,79.69182670420136,5.769446512633393e-13,equivalent,True,1.0,1.0,9.520786114976632e-07,9.507105738593357e-07,True,182,0.5814540386199951,t5_rho0.50_n800,t5,800,0.5,0.25
True,5,5,0.30813204041062836,0.47472677163808547,0.4300884239031196,0.08950856591398136,-9.160146492401898,0.33979903272080003,129.24800405524067,6.649810497267667e-23,equivalent,True,1.0,1.0,9.969249972627031e-07,9.751281943216165e-07,True,183,0.6278769969940186,t5_rho0.50_n800,t5,800,0.5,0.25
True,5,5,0.25395183566764135,0.3224576741948235,0.276787955712353,0.07893595807823889,-12.329134503226392,0.28517575375695375,74.80614433306354,5.189564890190443e-12,equivalent,True,0.9970149253731343,1.0,8.774432296125507e-07,9.678622555164979e-07,True,184,0.6070990562438965,t5_rho0.50_n800,t5,800,0.5,0.25
True,5,5,0.23947656159376796,0.2867451177638687,0.24534003757668865,0.07277453946446838,-13.805102303860393,0.2702012223379245,70.75149382816264,3.1738301417055566e-11,equivalent,True,1.0,1.0,9.358078247843619e-07,9.207508483307067e-07,True,185,0.587202787399292,t5_rho0.50_n800,t5,800,0.5,0.25
True,5,5,0.272212030786166,0.370496948523643,0.32704029028746406,0.08237699714275142,-11.204095096027055,0.3041507497327895,89.45499055769,6.8687157033281995e-15,equivalent,True,0.9970149253731343,1.0,8.370475260041886e-07,9.506411450582985e-07,True,186,0.6058897972106934,t5_rho0.50_n800,t5,800,0.5,0.25
True,5,5,0.27605499098887687,0.3810317902493445,0.32969670459317163,0.0928386885495239,-9.912928648447048,0.3106131865118653,78.26103279792727,1.0994879753571476e-12,equivalent,True,1.0,1.0,9.910551214583434e-07,9.727112261328665e-07,True,187,0.6444520950317383,t5_rho0.50_n800,t5,800,0.5,0.25
True,5,5,0.2520312678384168,0.31759879984119893,0.2727722991397734,0.07978420312078571,-12.248385803650837,0.2842553904559879,75.80784180258884,3.3119005916723636e-12,equivalent,True,1.0,1.0,8.463948706389712e-07,9.370994580848825e-07,True,188,0.6280341148376465,t5_rho0.50_n800,t5,800,0.5,0.25
True,5,5,0.2621436160414899,0.34359637715654034,0.30277428549110286,0.07659569213537952,-12.366566423013937,0.2928354444082342,91.27526668433319,2.990844203630738e-15,equivalent,True,1.0,1.0,9.729105287569062e-07,8.656263295655147e-07,True,189,0.5867061614990234,t5_rho0.50_n800,t5,800,0.5,0.25
True,5,5,0.23876941642133898,0.2850541710909339,0.2391650653056113,0.07253906208680275,-13.935042797834756,0.26776153744507325,71.8072382128977,1.9829009349327634e-11,equivalent,True,1.0,1.0,8.282420200537278e-07,8.150160190683038e-07,True,190,0.6176321506500244,t5_rho0.50_n800,t5,800,0.5,0.25
True,5,5,0.2474589453380011,0.3061796481389791,0.27101033868065133,0.06675663027982691,-14.665055099630878,0.2759765294801292,93.25134851774297,1.210766517393253e-15,equivalent,True,1.0,1.0,8.81258187038146e-07,9.225431157392203e-07,True,191,0.5595393180847168,t5_rho0.50_n800,t5,800,0.5,0.25
True,5,5,0.2651073840930831,0.3514096255033875,0.309316870263183,0.08159996044530708,-11.527985119151083,0.2978378287460285,82.38406782391309,1.7090163660224746e-13,equivalent,True,1.0,1.0,9.254744947905978e-07,7.114640388090212e-07,True,192,0.5965361595153809,t5_rho0.50_n800,t5,800,0.5,0.25
True,5,5,0.21165765832102204,0.22399482162969253,0.18359765783364357,0.06345622845688513,-16.805321843086148,0.2399891103211195,57.70329354760076,9.831049773041087e-09,equivalent,True,1.0,1.0,8.794104807099669e-07,9.804158954431214e-07,True,193,0.5923922061920166,t5_rho0.50_n800,t5,800,0.5,0.25
True,5,5,0.2919004602277405,0.4260293934058336,0.3881267343059255,0.08808517507216251,-9.784543937024559,0.32650082817782483,105.22551364762867,4.8793271984728314e-18,equivalent,True,1.0,1.0,8.767293810986781e-07,5.741430178182511e-07,True,194,0.5786929130554199,t5_rho0.50_n800,t5,800,0.5,0.25
True,5,5,0.2859034478889389,0.40870390757391595,0.3687894493860196,0.08036234111699414,-10.965466390919163,0.31653553912400384,114.145140713881,7.765342461439998e-20,equivalent,True,0.9970149253731343,1.0,7.127668181378443e-07,8.706089111662754e-07,True,195,0.5802958011627197,t5_rho0.50_n800,t5,800,0.5,0.25
True,5,5,0.2694158456387978,0.3629244894063425,0.32048637735853336,0.07443606563778761,-12.487409358315109,0.2976315876713512,106.57899063300493,2.6074953390887716e-18,equivalent,True,1.0,1.0,9.891283895418156e-07,8.801826581159945e-07,True,196,0.5986778736114502,t5_rho0.50_n800,t5,800,0.5,0.25
True,5,5,0.28057809305736203,0.3936203315185286,0.35299452854686253,0.08638466375688961,-10.38385093420702,0.3146695587565997,94.35203763072447,7.311066468091754e-16,equivalent,True,1.0,1.0,9.408645221425671e-07,8.263420889215625e-07,True,197,0.5858819484710693,t5_rho0.50_n800,t5,800,0.5,0.25
True,5,5,0.2500804603281021,0.3127011831895773,0.2705382548063552,0.0770064571795823,-12.719215778353481,0.2818519487947083,74.59122551514959,5.714031325747762e-12,equivalent,True,1.0,1.0,9.877427726383994e-07,8.264927708058795e-07,True,198,0.6091649532318115,t5_rho0.50_n800,t5,800,0.5,0.25
True,5,5,0.25474963490981867,0.3244868824334295,0.28139585780727744,0.08030298360163061,-12.061869917533851,0.287569995527852,76.59922546695921,2.321527979366314e-12,equivalent,True,1.0,1.0,8.277507761722519e-07,9.683024796783043e-07,True,199,0.5996689796447754,t5_rho0.50_n800,t5,800,0.5,0.25
True,5,5,0.2947242559094594,0.43431193510692256,0.39450422188111506,0.08427308550058257,-10.151470935675793,0.32653364672607316,120.37241935140476,4.251822315797021e-21,equivalent,True,1.0,1.0,8.660869082858366e-07,8.893618589610081e-07,True,200,0.5859341621398926,t5_rho0.50_n800,t5,800,0.5,0.25
True,5,5,0.21234535878593208,0.22545275698963113,0.18491305735139818,0.06070913188122007,-17.544097727051813,0.23865066231431173,64.81330698815802,4.4006245321098194e-10,equivalent,True,1.0,1.0,8.488722574636566e-07,8.105160008863206e-07,True,201,0.589879035949707,t5_rho0.50_n800,t5,800,0.5,0.25
True,5,5,0.2777383075878487,0.3856928375088122,0.3437226082419602,0.08115207006105482,-11.167643549649458,0.3089355547736473,104.88362530801614,5.715552694791072e-18,equivalent,True,1.0,1.0,9.088555762273015e-07,9.551825074620238e-07,True,202,0.615973949432373,t5_rho0.50_n800,t5,800,0.5,0.25
True,5,5,0.24829380319239483,0.3082490635187185,0.26722003348042694,0.07295475682438324,-13.471088237403382,0.2782875957876586,78.96179195843476,8.018531248677088e-13,equivalent,True,1.0,1.0,9.620815881578888e-07,9.493575668366083e-07,True,203,0.5976603031158447,t5_rho0.50_n800,t5,800,0.5,0.25
True,5,5,0.2599500066737053,0.3378700298482971,0.2960333454467661,0.07568300900419203,-12.60476647407603,0.2900071782925079,91.35252831174824,2.8870407800510633e-15,equivalent,True,1.0,1.0,8.021718148991215e-07,7.404965453119619e-07,True,204,0.583629846572876,t5_rho0.50_n800,t5,800,0.5,0.25
True,5,5,0.2920697698976569,0.4265237524403511,0.3836644432345354,0.09137260365647035,-9.48134913636246,0.3267901472697364,96.84704652464895,2.325677196570141e-16,equivalent,True,1.0,1.0,9.736666493226451e-07,9.114864449878121e-07,True,205,0.6083321571350098,t5_rho0.50_n800,t5,800,0.5,0.25
True,5,5,0.27957885913552044,0.3908216923775959,0.34779859494402465,0.08617863963341127,-10.468967819563884,0.31290568640112154,93.17758431499693,1.2523742482259428e-15,equivalent,True,1.0,1.0,9.571263890251093e-07,9.630259989088028e-07,True,206,0.6139011383056641,t5_rho0.50_n800,t5,800,0.5,0.25
True,5,5,0.27464850346193864,0.37715900226941257,0.3327851099926151,0.0826730714117404,-11.09448184692859,0.30619281877778726,91.84785120682325,2.3018382492843796e-15,equivalent,True,1.0,1.0,9.240270236045441e-07,9.88513959660161e-07,True,207,0.6068620681762695,t5_rho0.50_n800,t5,800,0.5,0.25
True,5,5,0.2553593391277744,0.3260419603988685,0.2871867415679139,0.07649922142308696,-12.585922320792607,0.2874079899323059,84.88737629936345,5.493608924559063e-14,equivalent,True,1.0,0.9940298507462687,7.276138694218299e-07,7.46165323364305e-07,True,208,0.5719668865203857,t5_rho0.50_n800,t5,800,0.5,0.25
True,5,5,0.295318422299848,0.43606485274835677,0.39400451817169097,0.08710780024195082,-9.826852238843067,0.32780607051591587,112.21544895624481,1.9059447130375903e-19,equivalent,True,0.9970149253731343,1.0,8.876037967783331e-07,9.788298200018597e-07,True,209,0.6014091968536377,t5_rho0.50_n800,t5,800,0.5,0.25
True,5,5,0.2668096983426032,0.3559370756483546,0.3065473483083399,0.08477075821159737,-11.129458690657172,0.29865794394662,80.79764312344244,3.502057441551378e-13,equivalent,True,1.0,1.0,8.892459043018575e-07,7.99144694641289e-07,True,210,0.6258387565612793,t5_rho0.50_n800,t5,800,0.5,0.25
True,5,5,0.28623091598983524,0.4096406863419007,0.3718939608116148,0.08027208680790933,-10.939120609754276,0.31746804372741766,115.22909669342565,4.687112342310563e-20,equivalent,True,1.0,1.0,9.6437336235763e-07,9.75086528328301e-07,True,211,0.574009895324707,t5_rho0.50_n800,t5,800,0.5,0.25
True,5,5,0.26277440303403066,0.3452519344494559,0.3057518052845347,0.07831659761143576,-12.056808180052839,0.29481219273164533,87.81113255094382,1.4533620585206015e-14,equivalent,True,1.0,1.0,7.916058990660912e-07,8.768396443470354e-07,True,212,0.5820319652557373,t5_rho0.50_n800,t5,800,0.5,0.25
True,5,5,0.2888831227534528,0.41726729305893234,0.3743354236828302,0.08719098390494859,-10.043063366182185,0.3217924268208785,102.65693492781314,1.5997271702833476e-17,equivalent,True,1.0,1.0,8.876208278198501e-07,8.384640441029881e-07,True,213,0.6014800071716309,t5_rho0.50_n800,t5,800,0.5,0.25
True,5,5,0.25828268813912514,0.3335497349618628,0.2916844518544437,0.07976161070457373,-12.01474668929428,0.29081974709890424,80.39289007547097,4.2045255013205955e-13,equivalent,True,1.0,1.0,7.814804395669834e-07,9.214683944989183e-07,True,214,0.6010279655456543,t5_rho0.50_n800,t5,800,0.5,0.25
True,5,5,0.28099807545348804,0.3947995920428208,0.3522395989928318,0.0833411493848335,-10.772114467268716,0.3128333712482668,100.56499397213297,4.200204117717757e-17,equivalent,True,1.0,1.0,9.646066280380495e-07,8.868413636958661e-07,True,215,0.6144709587097168,t5_rho0.50_n800,t5,800,0.5,0.25
True,5,5,0.27199678440051694,0.36991125362110655,0.3300639437272601,0.07974204748830399,-11.536398741299811,0.3037195876985656,99.78175474203432,6.026256626569423e-17,equivalent,True,1.0,1.0,9.792655431888919e-07,9.516569021394852e-07,True,216,0.5781669616699219,t5_rho0.50_n800,t5,800,0.5,0.25
True,5,5,0.2673979005003638,0.3575081859600123,0.30840442407731883,0.08500424936025128,-11.077041242163823,0.29940740536727395,87.67226476198157,1.5482625684585637e-14,equivalent,True,1.0,1.0,9.75136508233556e-07,9.415847276211645e-07,True,217,0.6418089866638184,t5_rho0.50_n800,t5,800,0.5,0.25
True,5,5,0.296935624402953,0.4408538251978579,0.40063923155356046,0.08418451536470659,-10.089275501163298,0.3283627375279814,116.63154120881113,2.4378613834273082e-20,equivalent,True,1.0,1.0,8.734474346095372e-07,8.472878005551774e-07,True,218,0.5879249572753906,t5_rho0.50_n800,t5,800,0.5,0.25
True,5,5,0.2847138426962738,0.4053098611143928,0.36439941923348357,0.08213714940870395,-10.781973651896307,0.3160705640662683,110.88924976664231,3.530378461342747e-19,equivalent,True,0.9970149253731343,1.0,9.359268131491702e-07,8.232003494658819e-07,True,219,0.5816569328308105,t5_rho0.50_n800,t5,800,0.5,0.25
True,5,5,0.2544479602670443,0.3237188224202968,0.2801401472252593,0.07931253386207153,-12.228330196351758,0.28656505586375985,75.82499752755149,3.2865039872865297e-12,equivalent,True,1.0,1.0,7.857998109184656e-07,9.879344523145706e-07,True,220,0.607478141784668,t5_rho0.50_n800,t5,800,0.5,0.25
True,5,5,0.2661237277587094,0.3541091923809584,0.31155743955415743,0.0772956305789574,-12.140952255861663,0.296208520424196,94.99921857670672,5.433266110363086e-16,equivalent,True,1.0,0.9970149253731343,9.209148000819738e-07,9.72998745627868e-07,True,221,0.6016850471496582,t5_rho0.50_n800,t5,800,0.5,0.25
True,5,5,0.20763823483448016,0.21556818282589363,0.17986723472338478,0.05549469659023025,-19.283514119888178,0.23287244907304794,68.67809458920686,7.974651766787327e-11,equivalent,True,1.0,1.0,9.522112805548471e-07,9.343660502321888e-07,True,222,0.5612199306488037,t5_rho0.50_n800,t5,800,0.5,0.25
True,5,5,0.22712754174912486,0.25793460110500227,0.20612765474853972,0.07608649169301586,-13.71954892417887,0.25740194116276977,61.56026416854862,1.8342301461943592e-09,equivalent,True,1.0,1.0,9.023652513097904e-07,9.122901940840333e-07,True,223,0.6369729042053223,t5_rho0.50_n800,t5,800,0.5,0.25
True,5,5,0.26195932338654637,0.34311343554568596,0.30306247402003483,0.0801531684982497,-11.814099725834835,0.2949246357753226,81.32599918334174,2.7581781889022966e-13,equivalent,True,1.0,1.0,8.338176703291538e-07,9.199222573970052e-07,True,224,0.588191032409668,t5_rho0.50_n800,t5,800,0.5,0.25
True,5,5,0.32312657198056677,0.522053907599562,0.48136445460922356,0.09360762557288371,-8.21124925118745,0.3564646678264472,140.28984520945033,3.6756646158952275e-25,equivalent,True,1.0,1.0,7.082653084502496e-07,9.392953860969456e-07,True,225,0.6010730266571045,t5_rho0.50_n800,t5,800,0.5,0.25
True,5,5,0.3054359248017899,0.4664555207976232,0.4246845021923959,0.09216901424139542,-8.954370453025135,0.339496403385926,110.36959322236567,4.494237100654776e-19,equivalent,True,1.0,1.0,7.57186752957878e-07,9.221817433861857e-07,True,226,0.5991148948669434,t5_rho0.50_n800,t5,800,0.5,0.25
True,5,5,0.30466608548019253,0.4641071182091199,0.4230588126006039,0.08743546435487269,-9.457731979818913,0.33671274204250196,133.88828491335184,7.50758948046089e-24,equivalent,True,1.0,0.9970149253731343,9.819473577807245e-07,8.620167506344436e-07,True,227,0.6024770736694336,t5_rho0.50_n800,t5,800,0.5,0.25
True,5,5,0.26218124372627327,0.3436950228092775,0.30437204901207005,0.07721634157419252,-12.246474408261536,0.2937283195438616,87.65988428291368,1.5570175822599057e-14,equivalent,True,0.9970149253731343,0.9970149253731343,9.348281666480896e-07,9.686222076370985e-07,True,228,0.562269926071167,t5_rho0.50_n800,t5,800,0.5,0.25
True,5,5,0.2761802661392262,0.3813776970236691,0.33686211133521754,0.08777718314138204,-10.402907179124195,0.3102394976107663,87.33026971299122,1.8091738178009238e-14,equivalent,True,1.0,1.0,9.453773659526438e-07,8.553453644004524e-07,True,229,0.6165130138397217,t5_rho0.50_n800,t5,800,0.5,0.25
True,5,5,0.22981321084743492,0.2640705594000379,0.22078922293861122,0.06890976765667917,-14.935629767163077,0.25850945986601076,66.65959813325283,1.9490349594797887e-10,equivalent,True,1.0,1.0,9.519540774087054e-07,9.055681996441037e-07,True,230,0.6046340465545654,t5_rho0.50_n800,t5,800,0.5,0.25
True,5,5,0.27324821343654637,0.37332293073132206,0.33413138844266077,0.07776186193125614,-11.777863708651871,0.3039862724133401,100.43664093520083,4.4562460514271605e-17,equivalent,True,0.9970149253731343,1.0,9.387381451201699e-07,8.411946417913271e-07,True,231,0.5638730525970459,t5_rho0.50_n800,t5,800,0.5,0.25
True,5,5,0.32305477722297177,0.5218219454329196,0.4797305683017315,0.10471611891980119,-7.3557866701323595,0.3611019956486666,106.55610585275346,2.635282128590908e-18,equivalent,True,1.0,1.0,6.728617664217809e-07,9.641255658835116e-07,True,232,0.6208109855651855,t5_rho0.50_n800,t5,800,0.5,0.25
True,5,5,0.26136352263602175,0.3415544548235512,0.2932860956332177,0.08615187464888657,-11.104969082401121,0.29495535903526393,74.5664011526911,5.777916108708464e-12,equivalent,True,0.9970149253731343,1.0,9.91987676676676e-07,9.128902842199572e-07,True,233,0.6348609924316406,t5_rho0.50_n800,t5,800,0.5,0.25
True,5,5,0.2664966895452607,0.3551024276929153,0.31724252089465044,0.07620637441838794,-12.239887886337803,0.29752003369640767,96.08121618524373,3.3063843698965075e-16,equivalent,True,0.9970149253731343,0.9970149253731343,9.334623634914852e-07,9.075251667850774e-07,True,234,0.5695550441741943,t5_rho0.50_n800,t5,800,0.5,0.25
True,5,5,0.31973488694959773,0.5111519896633602,0.4703076856961402,0.09664799948693731,-8.067340435838416,0.35476175052838854,126.98526660465589,1.922950535144136e-22,equivalent,True,1.0,1.0,9.753033111025425e-07,8.263190077910165e-07,True,235,0.5917048454284668,t5_rho0.50_n800,t5,800,0.5,0.25
True,5,5,0.24537757173693903,0.3010507635575833,0.2539301507770072,0.07805821553546169,-12.760602357998824,0.2765228705600573,68.60054349601425,8.253713932839435e-11,equivalent,True,1.0,1.0,8.294379559991787e-07,9.984246223171365e-07,True,236,0.6248772144317627,t5_rho0.50_n800,t5,800,0.5,0.25
True,5,5,0.32059421795792215,0.5139032629402585,0.47159254715333776,0.0963763576284134,-8.076746953312691,0.35499790099402156,129.0617932175578,7.257378991117355e-23,equivalent,True,1.0,0.9970149253731343,8.003966513853046e-07,9.577985062691128e-07,True,237,0.5926079750061035,t5_rho0.50_n800,t5,800,0.5,0.25
True,5,5,0.2829848192977144,0.40040203976480043,0.3610117389950658,0.0824108030372399,-10.787278223744734,0.31513979351102367,104.41521911466518,7.09822821873041e-18,equivalent,True,0.9970149253731343,1.0,9.775096964700512e-07,9.885480572451143e-07,True,238,0.5690970420837402,t5_rho0.50_n800,t5,800,0.5,0.25
True,5,5,0.2635101233026939,0.34718792541500465,0.30854066067192876,0.07413865490914626,-12.698629891273173,0.2934238899941658,99.3011642613245,7.519595231441948e-17,equivalent,True,1.0,1.0,7.796398652807824e-07,9.425994641962627e-07,True,239,0.5620079040527344,t5_rho0.50_n800,t5,800,0.5,0.25
True,5,5,0.27113003353664245,0.36755747542790423,0.3269883219789226,0.07969284193051267,-11.582115227185495,0.30267850338945335,92.05768302469664,2.0911475805332855e-15,equivalent,True,1.0,1.0,9.965309902644082e-07,9.84855377071952e-07,True,240,0.5922901630401611,t5_rho0.50_n800,t5,800,0.5,0.25
True,5,5,0.27313326112771136,0.3730088916712928,0.32868978949189476,0.0816470518175657,-11.284059742496336,0.30429828747592796,93.20754019681118,1.235307864261131e-15,equivalent,True,1.0,1.0,9.077827159349188e-07,7.627965047760395e-07,True,241,0.6167681217193604,t5_rho0.50_n800,t5,800,0.5,0.25
True,5,5,0.3127192697770813,0.48896670844955475,0.44585940532650215,0.09161547592693332,-8.777344510165829,0.34541379624728474,123.69649143874508,8.980137655919504e-22,equivalent,True,1.0,1.0,9.111162536235257e-07,8.513022539941468e-07,True,242,0.6111869812011719,t5_rho0.50_n800,t5,800,0.5,0.25
True,5,5,0.24607991649233463,0.3027766265043719,0.2643971074963276,0.07297648008311,-13.505760916136385,0.277284235196732,77.88609134891091,1.301636298067027e-12,equivalent,True,1.0,1.0,9.983387437729776e-07,7.70476797595913e-07,True,243,0.5799317359924316,t5_rho0.50_n800,t5,800,0.5,0.25
True,5,5,0.27310294785306377,0.3729261006301663,0.3338351031659215,0.07712400477040772,-11.879114674626033,0.30354334192584403,105.34375115440294,4.619526419254077e-18,equivalent,True,1.0,1.0,8.071963341557253e-07,9.226334199790496e-07,True,244,0.5851082801818848,t5_rho0.50_n800,t5,800,0.5,0.25
True,5,5,0.27271118030906766,0.37185693932782404,0.32426876052435716,0.08551896689330893,-10.824864624832983,0.3049376799911612,85.75454251415616,3.704915745055296e-14,equivalent,True,1.0,1.0,7.926319328087881e-07,8.34196757980834e-07,True,245,0.6334848403930664,t5_rho0.50_n800,t5,800,0.5,0.25
True,5,5,0.2607038982688024,0.3398326128627504,0.300757169569322,0.07654977873206767,-12.400334085264026,0.29211995849619593,88.96735554475009,8.580068254509964e-15,equivalent,True,1.0,1.0,9.792754665895002e-07,9.58754087885608e-07,True,246,0.5797691345214844,t5_rho0.50_n800,t5,800,0.5,0.25
True,5,5,0.2682865171712558,0.3598882764794127,0.32180201713986895,0.07347400174288972,-12.633012505677973,0.29754192827005066,105.01629326515997,5.375295237263716e-18,equivalent,True,1.0,1.0,9.741095026004643e-07,9.529434594359584e-07,True,247,0.5728797912597656,t5_rho0.50_n800,t5,800,0.5,0.25
True,5,5,0.28586942959015055,0.40860665387099016,0.3653556319568026,0.08645226354777312,-10.23274963245291,0.31860852192354233,101.02840400135149,3.392065369107406e-17,equivalent,True,1.0,1.0,8.960389778962416e-07,9.537161940508753e-07,True,248,0.6077499389648438,t5_rho0.50_n800,t5,800,0.5,0.25
True,5,5,0.3450543550338065,0.5953125396389809,0.554988388433496,0.09790386665427944,-7.098918922382772,0.37842460770736375,163.31346881307235,6.702240841843076e-30,equivalent,True,0.9970149253731343,1.0,9.125015018048552e-07,9.743649987017046e-07,True,249,0.5895450115203857,t5_rho0.50_n800,t5,800,0.5,0.25
True,5,5,0.29730981362248926,0.4419656263811964,0.40330321739080194,0.08238153140699762,-10.277749978040323,0.32827085710413545,125.86623861740276,3.2496488723073484e-22,equivalent,True,0.9970149253731343,1.0,8.551973468288258e-07,9.211957390953236e-07,True,250,0.5677821636199951,t5_rho0.50_n800,t5,800,0.5,0.25
True,5,5,0.26351456822275593,0.3471996383281274,0.3050900742037601,0.0811347576035261,-11.646179192568072,0.29615701056019206,80.87712442514947,3.3785306876885e-13,equivalent,True,1.0,1.0,8.254956114045912e-07,8.772798016905583e-07,True,251,0.599175214767456,t5_rho0.50_n800,t5,800,0.5,0.25
True,5,5,0.2674108577381105,0.3575428341811599,0.3168602375207562,0.07429025574541206,-12.560728902011776,0.2963298277699191,109.4055606184953,7.031372158987335e-19,equivalent,True,1.0,1.0,8.935229831117358e-07,9.894628487121532e-07,True,252,0.6008901596069336,t5_rho0.50_n800,t5,800,0.5,0.25
True,5,5,0.25297926355674094,0.319992538948555,0.278126131239118,0.07636955865124236,-12.725932765948647,0.284162938039181,83.83339773700395,8.862584598624271e-14,equivalent,True,1.0,1.0,8.318906323975956e-07,8.80971484018539e-07,True,253,0.6062262058258057,t5_rho0.50_n800,t5,800,0.5,0.25
True,5,5,0.23959739242470632,0.2870345522835936,0.2476463507459757,0.0664627986003533,-15.081424050185815,0.2671957806856658,87.53815197622893,1.6457764390046433e-14,equivalent,True,1.0,0.9940298507462687,8.690593892952968e-07,9.341600784492535e-07,True,254,0.5711870193481445,t5_rho0.50_n800,t5,800,0.5,0.25
True,5,5,0.23318247309421566,0.27187032879167305,0.23263001966336547,0.06947585027423717,-14.643505280192198,0.26340372965183384,75.22517948674992,4.301009462799083e-12,equivalent,True,1.0,1.0,9.027472311636671e-07,8.081261319627885e-07,True,255,0.5904760360717773,t5_rho0.50_n800,t5,800,0.5,0.25
True,5,5,0.2276050603896714,0.2590203175749298,0.2160153452178118,0.06798772177579918,-15.208402749424737,0.2560645215444352,67.1437967021374,1.573448573220177e-10,equivalent,True,1.0,1.0,9.214367481433174e-07,9.75880986999743e-07,True,256,0.6003148555755615,t5_rho0.50_n800,t5,800,0.5,0.25
True,5,5,0.2226699293959336,0.24790948728595028,0.2060893579406281,0.0671182888321006,-15.553296429692375,0.2515905875667392,61.92014542098029,1.5670547291933375e-09,equivalent,True,1.0,1.0,9.963456711815624e-07,9.815892634803837e-07,True,257,0.6022241115570068,t5_rho0.50_n800,t5,800,0.5,0.25
True,5,5,0.2725446487358694,0.37140292777279216,0.3306586517701881,0.07956569964225858,-11.554493360371776,0.30381987473096245,97.11080115681284,2.060151266820544e-16,equivalent,True,1.0,1.0,8.104721314748327e-07,9.001921991058776e-07,True,258,0.5851461887359619,t5_rho0.50_n800,t5,800,0.5,0.25
True,5,5,0.3063660281944749,0.46930071615828894,0.4283545639129055,0.0924037278684184,-8.8919078812178,0.3406890578932967,117.80854978742205,1.4078631604488633e-20,equivalent,True,1.0,1.0,9.337603804383305e-07,8.648876999837565e-07,True,259,0.5871961116790771,t5_rho0.50_n800,t5,800,0.5,0.25
True,5,5,0.271066070048622,0.36738407165802217,0.32484038012784905,0.07909121958125773,-11.697374560290463,0.3016401364262044,96.83472222503792,2.338887285430395e-16,equivalent,True,0.9970149253731343,1.0,9.7043477645567e-07,8.940103323996295e-07,True,260,0.6002628803253174,t5_rho0.50_n800,t5,800,0.5,0.25
True,5,5,0.29143048691844814,0.42465864352761884,0.38304378335496375,0.0857294315073572,-10.112702270405642,0.32374562536236007,105.95364675654575,3.483308575026185e-18,equivalent,True,1.0,1.0,9.822276698613313e-07,9.796827780588638e-07,True,261,0.609487771987915,t5_rho0.50_n800,t5,800,0.5,0.25
True,5,5,0.3282688616765177,0.5388022277319835,0.49220725727778514,0.10696818460818214,-7.084281606703553,0.3655555398838782,115.75761725114064,3.663919540357438e-20,equivalent,True,1.0,1.0,9.384966251319686e-07,8.013405877977212e-07,True,262,0.6029219627380371,t5_rho0.50_n800,t5,800,0.5,0.25
True,5,5,0.2815532654229088,0.3963612063515147,0.3549807980870191,0.08519246791883879,-10.505848976762222,0.3146775930797323,95.78264700286209,3.792254629654458e-16,equivalent,True,1.0,1.0,8.98363405101181e-07,6.781073220043197e-07,True,263,0.5857329368591309,t5_rho0.50_n800,t5,800,0.5,0.25
True,5,5,0.20827518234178366,0.21689275789751616,0.17487014237024118,0.06481717786626329,-16.587113062035264,0.2372698516340932,52.57373634704538,8.933548224878296e-08,equivalent,True,1.0,1.0,9.199032758644982e-07,8.120801507667733e-07,True,264,0.6021223068237305,t5_rho0.50_n800,t5,800,0.5,0.25
True,5,5,0.2464707096837688,0.30373905366010323,0.26409376206359086,0.07324216119199085,-13.46091133701035,0.27733243465054763,79.81355189767778,5.461143160172789e-13,equivalent,True,1.0,1.0,8.958071189796721e-07,9.957899129751152e-07,True,265,0.5888519287109375,t5_rho0.50_n800,t5,800,0.5,0.25
True,5,5,0.23782523301379896,0.28280420729033884,0.24105242135348304,0.07077550836769574,-14.255603413044982,0.26738278665292636,78.43371453379959,1.0172305090609586e-12,equivalent,True,1.0,0.9970149253731343,8.741721338036213e-07,9.298374093096499e-07,True,266,0.5843799114227295,t5_rho0.50_n800,t5,800,0.5,0.25
True,5,5,0.3008046593717421,0.45241721549874897,0.40921080218332784,0.09028117016149936,-9.313007311631289,0.3339790749040703,110.33662986287581,4.563569958152566e-19,equivalent,True,1.0,1.0,8.277751826640397e-07,8.179473310070772e-07,True,267,0.6090121269226074,t5_rho0.50_n800,t5,800,0.5,0.25
True,5,5,0.2795861004922948,0.3908419379424379,0.35319124442905997,0.07974092635371412,-11.246530440252016,0.3112405488873315,107.50400540789713,1.6985586677935516e-18,equivalent,True,0.9970149253731343,1.0,9.232516508595253e-07,9.445777645118407e-07,True,268,0.5845119953155518,t5_rho0.50_n800,t5,800,0.5,0.25
True,5,5,0.2889469304189075,0.4174516429925449,0.37438998604939017,0.0860980963804121,-10.16991142384673,0.3212502924992687,106.37415502680956,2.866990075123103e-18,equivalent,True,1.0,0.9970149253731343,9.098462589892459e-07,9.768385384442173e-07,True,269,0.6125409603118896,t5_rho0.50_n800,t5,800,0.5,0.25
True,5,5,0.23250269168457768,0.27028750820286895,0.2311234545688851,0.0678138312417356,-15.024612631000469,0.26178895348899994,77.06119887425285,1.8863295824461343e-12,equivalent,True,1.0,1.0,9.308324096060498e-07,9.358400029488145e-07,True,270,0.581942081451416,t5_rho0.50_n800,t5,800,0.5,0.25
True,5,5,0.270848735430918,0.36679518742263706,0.32696907451141377,0.0771066512027841,-11.97083404726126,0.3012634161010578,98.2027196251946,1.2468155914426065e-16,equivalent,True,1.0,0.9970149253731343,9.602639176303374e-07,9.55234667189853e-07,True,271,0.5834691524505615,t5_rho0.50_n800,t5,800,0.5,0.25
True,5,5,0.3224860211092952,0.5199861690545239,0.47583831782720826,0.10009139548440728,-7.7345477943046,0.35790334245892974,117.86223284861425,1.373032617270871e-20,equivalent,True,1.0,1.0,9.857528609828348e-07,8.140912053386127e-07,True,272,0.611497163772583,t5_rho0.50_n800,t5,800,0.5,0.25
True,5,5,0.2547581667755791,0.324508617694269,0.27942552366526924,0.07825868732012548,-12.402130799415186,0.285709506087648,80.29300878159842,4.3984803779089456e-13,equivalent,True,1.0,1.0,9.54352046960851e-07,9.70712869659626e-07,True,273,0.6380541324615479,t5_rho0.50_n800,t5,800,0.5,0.25
True,5,5,0.2737871397269154,0.3747969893992274,0.3344582815542603,0.08067331729889145,-11.348755066730353,0.3056645481934563,99.39994425855754,7.185148104625473e-17,equivalent,True,1.0,1.0,9.385832654884159e-07,7.176522055727277e-07,True,274,0.5712258815765381,t5_rho0.50_n800,t5,800,0.5,0.25
True,5,5,0.25687147471989524,0.3299147726238689,0.28694642729458236,0.07616593563096065,-12.64415075751983,0.28713350301465007,84.72132889434491,5.92375333552556e-14,equivalent,True,1.0,0.9970149253731343,7.356352840093146e-07,8.27056692502188e-07,True,275,0.603734016418457,t5_rho0.50_n800,t5,800,0.5,0.25
True,5,5,0.2579972875593546,0.3328130019399216,0.29268426452455165,0.07190127378664066,-13.314308426804516,0.28668844953884637,102.96173872507913,1.3896483438714852e-17,equivalent,True,1.0,1.0,7.161297330685551e-07,9.044561786801563e-07,True,276,0.5888607501983643,t5_rho0.50_n800,t5,800,0.5,0.25
True,5,5,0.32823464153874554,0.538689899530344,0.4957350891600882,0.09862368194186104,-7.647908656305828,0.3627551819355491,131.63131009118115,2.1703061082822894e-23,equivalent,True,1.0,1.0,8.445014185798024e-07,9.611821925877991e-07,True,277,0.6035630702972412,t5_rho0.50_n800,t5,800,0.5,0.25
True,5,5,0.2681693440530435,0.35957398544919805,0.31635424240494503,0.08689348470760146,-10.744715334375115,0.30307797870670034,77.65417020690666,1.444807704751919e-12,equivalent,True,1.0,1.0,5.661302062683325e-07,9.307258881775387e-07,True,278,0.5945768356323242,t5_rho0.50_n800,t5,800,0.5,0.25
True,5,5,0.24919261467443396,0.31048479604140455,0.26925124234443976,0.07224176451145527,-13.5759247339542,0.27859589757154757,80.75010490222034,3.5780812721754823e-13,equivalent,True,1.0,1.0,8.5243696950212e-07,8.518352557431877e-07,True,279,0.5928170680999756,t5_rho0.50_n800,t5,800,0.5,0.25
True,5,5,0.3070549210839501,0.47141362280935406,0.4229754364665407,0.09368139855493776,-8.828055262736772,0.3397256612790728,111.09345847349971,3.2108088327846857e-19,equivalent,True,0.9940298507462687,1.0,9.859829238866016e-07,8.227690491612323e-07,True,280,0.6412138938903809,t5_rho0.50_n800,t5,800,0.5,0.25
True,5,5,0.3053404778517097,0.4661640370735522,0.42034416491876747,0.09582514168780522,-8.658018349549858,0.3399889694613908,105.30331061466833,4.7067933157174814e-18,equivalent,True,1.0,1.0,9.238982652408194e-07,9.83151410935131e-07,True,281,0.607231855392456,t5_rho0.50_n800,t5,800,0.5,0.25
True,5,5,0.26669086801966047,0.35562009542539974,0.312474566906378,0.08285202482020211,-11.315661085268031,0.29958438558515055,84.24616475540873,7.349351367032221e-14,equivalent,True,1.0,1.0,9.467313102123795e-07,8.36058630402517e-07,True,282,0.5950970649719238,t5_rho0.50_n800,t5,800,0.5,0.25
True,5,5,0.2401655542605527,0.28839746726639237,0.24840146088419623,0.06751691325806151,-14.83477977269959,0.26812567968670464,80.94543978433902,3.275835784531426e-13,equivalent,True,0.9970149253731343,0.9970149253731343,6.477578094398753e-07,8.679951933293143e-07,True,283,0.585500955581665,t5_rho0.50_n800,t5,800,0.5,0.25
True,5,5,0.3145645778792633,0.4947543682817955,0.45506690251740944,0.0921456381291959,-8.626920531691665,0.34831967776798806,123.21645008735936,1.124296352455791e-21,equivalent,True,1.0,0.9940298507462687,7.913190984070238e-07,7.156014867114104e-07,True,284,0.5859830379486084,t5_rho0.50_n800,t5,800,0.5,0.25
True,5,5,0.27478466353104414,0.3775330565593457,0.3381367472239574,0.07373789753154104,-12.36627681696508,0.30312531910828194,114.38302195476626,6.95114644860833e-20,equivalent,True,1.0,1.0,7.616940502545788e-07,9.068087120175631e-07,True,285,0.5755279064178467,t5_rho0.50_n800,t5,800,0.5,0.25
True,5,5,0.26608189461031123,0.3539978731970639,0.3092586347612277,0.0846789511646187,-11.109506581038536,0.2995139778744215,76.9995501058747,1.939331513486177e-12,equivalent,True,1.0,1.0,9.389595063718557e-07,9.58642231578739e-07,True,286,0.605323076248169,t5_rho0.50_n800,t5,800,0.5,0.25
True,5,5,0.20339492069532555,0.20684746882328886,0.1606348377665646,0.0632993338322208,-17.209741339788376,0.23010996354095797,51.233721384265124,1.5812765204039818e-07,equivalent,True,1.0,1.0,8.816770258882522e-07,9.527301199827137e-07,True,287,0.6169557571411133,t5_rho0.50_n800,t5,800,0.5,0.25
True,5,5,0.2873688377162068,0.41290424445181795,0.3752445628080865,0.07946025692679604,-11.008716445477834,0.31810220200829253,115.2144262508655,4.719258811354911e-20,equivalent,True,1.0,1.0,8.684803112689048e-07,9.984916555492096e-07,True,288,0.5760691165924072,t5_rho0.50_n800,t5,800,0.5,0.25
True,5,5,0.3108744848092602,0.48321472652711484,0.44595232794124595,0.08566888968028077,-9.385526940520503,0.3425974640445435,139.39377087996394,5.609810000237005e-25,equivalent,True,1.0,1.0,9.619908867645093e-07,9.537739119254352e-07,True,289,0.5783748626708984,t5_rho0.50_n800,t5,800,0.5,0.25
True,5,5,0.2352212305684477,0.2766451365506742,0.23412851430086173,0.07333901352727865,-13.851720071490764,0.26636833771987584,63.42852793605693,8.089796287491353e-10,equivalent,True,1.0,1.0,7.370902608763557e-07,8.638816768609508e-07,True,290,0.6084589958190918,t5_rho0.50_n800,t5,800,0.5,0.25
True,5,5,0.27451597495939833,0.3767951025395451,0.3333531425582412,0.08440624414515481,-10.859941307960417,0.307307357340416,87.30117418223823,1.8332989610141227e-14,equivalent,True,0.9970149253731343,1.0,8.432331423850497e-07,8.408148648994742e-07,True,291,0.6153199672698975,t5_rho0.50_n800,t5,800,0.5,0.25
True,5,5,0.2580406343199722,0.33292484480126805,0.28751591232357643,0.08218947119185023,-11.710552139090316,0.29075954399149645,74.26598833871476,6.609832492376342e-12,equivalent,True,1.0,1.0,6.958581997358833e-07,7.897734783105051e-07,True,292,0.6363711357116699,t5_rho0.50_n800,t5,800,0.5,0.25
True,5,5,0.25276546875901706,0.3194519109848281,0.2744935670854102,0.07769357159353518,-12.555819135437467,0.28365053150376796,83.22463179806844,1.1679083082550476e-13,equivalent,True,1.0,1.0,9.720891653301332e-07,9.028570856248658e-07,True,293,0.6185619831085205,t5_rho0.50_n800,t5,800,0.5,0.25
True,5,5,0.2796242419434989,0.39094858341238203,0.3535210333542175,0.0805225953330913,-11.133259713467885,0.31175917511418916,103.34248233453616,1.1654953329296557e-17,equivalent,True,1.0,1.0,9.861316770180818e-07,9.420634822373803e-07,True,294,0.56620192527771,t5_rho0.50_n800,t5,800,0.5,0.25
True,5,5,0.25736859632537556,0.33119297187247065,0.29026045867160366,0.07978011922990662,-12.029808310547441,0.290340171917541,76.41276286920973,2.5243300986506298e-12,equivalent,True,1.0,1.0,9.013495349732867e-07,9.591114610266479e-07,True,295,0.5987441539764404,t5_rho0.50_n800,t5,800,0.5,0.25
True,5,5,0.29145401688098854,0.42472721978031774,0.3801449614211776,0.09401877949768886,-9.251928638365326,0.32704497913268804,95.70851164877467,3.9235566854693416e-16,equivalent,True,1.0,1.0,7.417079023022803e-07,8.080762203283997e-07,True,296,0.615307092666626,t5_rho0.50_n800,t5,800,0.5,0.25
True,5,5,0.2132658363154325,0.22741158469660427,0.188478818026405,0.06294807487836308,-16.863441559170983,0.24166885910257174,65.43922139195703,3.340038511644184e-10,equivalent,True,1.0,1.0,8.157839406384962e-07,9.095891916825575e-07,True,297,0.5834400653839111,t5_rho0.50_n800,t5,800,0.5,0.25
True,5,5,0.3305117239635865,0.5461899983869101,0.5052009924563642,0.09955370928731043,-7.481378774086234,0.36577377496317837,126.70153341350654,2.196631990539096e-22,equivalent,True,1.0,0.9970149253731343,9.708249862495781e-07,8.618962571032886e-07,True,298,0.579578161239624,t5_rho0.50_n800,t5,800,0.5,0.25
True,5,5,0.2831009636106422,0.4007307779863707,0.35976667828026737,0.08718267273208465,-10.211126750557996,0.31722843937168055,97.97162774570171,1.3866830162594483e-16,equivalent,True,1.0,1.0,9.39798496867273e-07,8.372529020765849e-07,True,299,0.5941097736358643,t5_rho0.50_n800,t5,800,0.5,0.25
True,5,5,0.25519865056936636,0.3256317562621278,0.28852831731994005,0.07176796440539922,-13.39694793695064,0.28515824163824727,91.99628857591779,2.1507188423177737e-15,equivalent,True,0.9970149253731343,1.0,9.930997094641285e-07,7.872870754018234e-07,True,300,0.5758540630340576,t5_rho0.50_n800,t5,800,0.5,0.25
True,5,5,0.28757590940021527,0.41349951833680415,0.371697861235146,0.08554239760708794,-10.267448228410176,0.3201257828408357,101.17969906443155,3.1634214882451665e-17,equivalent,True,1.0,1.0,7.996464870647761e-07,7.150238689131216e-07,True,301,0.5957939624786377,t5_rho0.50_n800,t5,800,0.5,0.25
True,5,5,0.29219662104083727,0.42689432673841327,0.3857357517867515,0.08531820972648282,-10.129891977151747,0.32436760581178975,108.46687026835299,1.0869001895951776e-18,equivalent,True,0.9970149253731343,1.0,7.101245799671698e-07,9.499795955680955e-07,True,302,0.5863950252532959,t5_rho0.50_n800,t5,800,0.5,0.25
True,5,5,0.26811711540588673,0.3594339378678679,0.3179059711647723,0.07947719327642323,-11.727817634341797,0.2995444276849163,89.63955926539573,6.313847096384611e-15,equivalent,True,1.0,0.9970149253731343,9.385272306679201e-07,9.41235414512788e-07,True,303,0.5910110473632812,t5_rho0.50_n800,t5,800,0.5,0.25
True,5,5,0.23229048723880052,0.26979435230819676,0.2271543471080686,0.07186842350515199,-14.23219827298156,0.26281833428199114,63.734204901676435,7.073491593188522e-10,equivalent,True,1.0,1.0,9.53827757793861e-07,9.883683249938856e-07,True,304,0.6116547584533691,t5_rho0.50_n800,t5,800,0.5,0.25
True,5,5,0.2050625918038495,0.21025333278656105,0.16957226059207114,0.06431714815720017,-16.79843976861678,0.23467618328821396,50.13245910974887,2.5234664279389645e-07,equivalent,True,1.0,1.0,7.399933865106907e-07,8.909078172986211e-07,True,305,0.5998458862304688,t5_rho0.50_n800,t5,800,0.5,0.25
True,5,5,0.26787204101363826,0.35877715178406155,0.3173095296967098,0.07950879457602927,-11.730657913715657,0.2993626091647489,92.62067254528458,1.6161643781116443e-15,equivalent,True,1.0,0.9970149253731343,9.229079799060673e-07,8.397917588662244e-07,True,306,0.5857598781585693,t5_rho0.50_n800,t5,800,0.5,0.25
True,5,5,0.25694987051003554,0.3301161797756201,0.29032588142445703,0.0722106029566068,-13.289933600917799,0.2860425680216091,91.79616402421065,2.3569092809761953e-15,equivalent,True,1.0,1.0,9.943155096218297e-07,9.06600051071997e-07,True,307,0.5848839282989502,t5_rho0.50_n800,t5,800,0.5,0.25
True,5,5,0.26363698231978155,0.34752229223340414,0.3096029437041407,0.07305092008989518,-12.873171961949598,0.29317606128950807,100.35069826397321,4.636337391091674e-17,equivalent,True,1.0,1.0,8.91880355935699e-07,7.911211860807788e-07,True,308,0.5841412544250488,t5_rho0.50_n800,t5,800,0.5,0.25
True,5,5,0.2227347001254404,0.24805373319984925,0.2030798420871598,0.06680587234055028,-15.671079820289592,0.2501862200474562,62.35076274230609,1.2977903768095662e-09,equivalent,True,1.0,1.0,8.097265563278951e-07,9.967069146563836e-07,True,309,0.6148359775543213,t5_rho0.50_n800,t5,800,0.5,0.25
True,5,5,0.2543847740285973,0.3235580662879026,0.2833596172755888,0.07429794007360718,-13.010325478293986,0.2848047940188805,84.05973718120705,7.997946373210825e-14,equivalent,True,1.0,1.0,7.316260136106955e-07,9.838388632469038e-07,True,310,0.5782339572906494,t5_rho0.50_n800,t5,800,0.5,0.25
True,5,5,0.29380636671703625,0.43161090561732796,0.389878684950447,0.09217032249371646,-9.331868347408573,0.3290852090877143,97.19235273681402,1.9843460710657035e-16,equivalent,True,1.0,1.0,9.86423428501388e-07,9.525163311397127e-07,True,311,0.5979368686676025,t5_rho0.50_n800,t5,800,0.5,0.25
True,5,5,0.34414897710732567,0.5921925922200929,0.54801026886036,0.10047260688625555,-6.98687685026784,0.377696439142994,150.6177323448327,2.7817553491862268e-27,equivalent,True,0.9970149253731343,1.0,7.947742054476636e-07,9.265351474984312e-07,True,312,0.6118032932281494,t5_rho0.50_n800,t5,800,0.5,0.25
True,5,5,0.26058263628100026,0.3395165516557803,0.2996615773100024,0.0727223286190983,-13.068041696899405,0.2895787158267966,95.01998348684344,5.381747075558982e-16,equivalent,True,1.0,1.0,6.92285604143993e-07,9.78915658267545e-07,True,313,0.5786380767822266,t5_rho0.50_n800,t5,800,0.5,0.25
True,5,5,0.2611702704924396,0.34104955094547046,0.3009446861107657,0.07650196961632871,-12.40563241245839,0.29215722763714586,89.66881235209684,6.23010634040763e-15,equivalent,True,0.9970149253731343,1.0,9.969961453969112e-07,8.710705210866621e-07,True,314,0.5668730735778809,t5_rho0.50_n800,t5,800,0.5,0.25
True,5,5,0.25225002512356426,0.318150375874194,0.2776011666367518,0.07545728068411699,-12.886746309265405,0.2834492365309587,80.21195352955274,4.562415862482538e-13,equivalent,True,1.0,1.0,8.810977009376057e-07,9.728124124689267e-07,True,315,0.5799648761749268,t5_rho0.50_n800,t5,800,0.5,0.25
True,5,5,0.23519724249304857,0.2765887143816695,0.23673630145059846,0.06629866788200052,-15.28331912117488,0.2629782902744476,80.63145637979294,3.7750820411050497e-13,equivalent,True,1.0,0.9970149253731343,9.768716889250698e-07,9.041515039306237e-07,True,316,0.5877020359039307,t5_rho0.50_n800,t5,800,0.5,0.25
True,5,5,0.24290763773158167,0.2950206023416866,0.2550301491265058,0.07044798908683517,-14.12346702539771,0.27236254496072854,76.93781745461514,1.9938930286500033e-12,equivalent,True,1.0,1.0,8.676376727783679e-07,9.073259435574417e-07,True,317,0.5928537845611572,t5_rho0.50_n800,t5,800,0.5,0.25
True,5,5,0.28780068049821467,0.41414615847617725,0.373963835780008,0.08632586872080421,-10.148014461960122,0.32123426157406043,105.45916452909194,4.379257829303135e-18,equivalent,True,0.9970149253731343,1.0,9.862942463050442e-07,8.638360263857955e-07,True,318,0.5760271549224854,t5_rho0.50_n800,t5,800,0.5,0.25
True,5,5,0.22861471683518036,0.2613234437681485,0.22031814052348275,0.06836659128360259,-15.061184712356452,0.2579810753363996,64.86188496525412,4.3074946811377705e-10,equivalent,True,1.0,1.0,9.189597123034115e-07,8.602053531667595e-07,True,319,0.5915799140930176,t5_rho0.50_n800,t5,800,0.5,0.25
True,5,5,0.26555929167166,0.35260868696576886,0.31118023583278454,0.08576929470277751,-10.945872499250168,0.3007517818087593,85.71363799267309,3.774435674669435e-14,equivalent,True,1.0,1.0,9.192760289120322e-07,8.237369875084485e-07,True,320,0.5979568958282471,t5_rho0.50_n800,t5,800,0.5,0.25
True,5,5,0.24247302564937664,0.2939658408378163,0.2517419482955766,0.07193248354190053,-13.877708686687289,0.27205159611555263,74.59988222289631,5.691919486581847e-12,equivalent,True,1.0,1.0,9.79141361566556e-07,8.004418438380086e-07,True,321,0.5913326740264893,t5_rho0.50_n800,t5,800,0.5,0.25
True,5,5,0.25922826134601445,0.3359964574023879,0.2996440642719965,0.07450436216494895,-12.755708633864455,0.2905831497532914,90.34897487335631,4.566915496457119e-15,equivalent,True,1.0,1.0,9.31650605490036e-07,9.703611658360877e-07,True,322,0.5526349544525146,t5_rho0.50_n800,t5,800,0.5,0.25
True,5,5,0.3277011269852374,0.5369401431369734,0.49670190339845405,0.09896634035201561,-7.611659620049836,0.3631768294571064,126.36117196664274,2.576731136051703e-22,equivalent,True,1.0,1.0,9.419404830076058e-07,7.623328478173772e-07,True,323,0.5942277908325195,t5_rho0.50_n800,t5,800,0.5,0.25
True,5,5,0.31519611814846293,0.4967429644792991,0.45854510744906635,0.08659461894984904,-9.1397699089051,0.3466931151618694,144.09143690809282,6.103893994834288e-26,equivalent,True,1.0,0.9970149253731343,8.076872099504493e-07,8.279436635928697e-07,True,324,0.5689709186553955,t5_rho0.50_n800,t5,800,0.5,0.25
True,5,5,0.2566026170427561,0.3292245153659567,0.2918206422150847,0.07325274234017512,-13.080457156610866,0.28716221239482864,88.82162102013767,9.169708431181956e-15,equivalent,True,1.0,1.0,9.364212274873418e-07,6.691624689343088e-07,True,325,0.5655670166015625,t5_rho0.50_n800,t5,800,0.5,0.25
True,5,5,0.2825298081524721,0.3991154624733634,0.3539071652453041,0.09164563776299585,-9.777801285775057,0.317695081773089,84.05687428664562,8.008339291751712e-14,equivalent,True,1.0,1.0,9.844739443016729e-07,8.644444822689701e-07,True,326,0.6041369438171387,t5_rho0.50_n800,t5,800,0.5,0.25
True,5,5,0.2353818267388967,0.27702302179469995,0.23619442362890025,0.07026839352857259,-14.427618527508608,0.2652454129987647,70.72830650101655,3.206758873077224e-11,equivalent,True,1.0,1.0,9.141445417198729e-07,9.273731552723959e-07,True,327,0.589698076248169,t5_rho0.50_n800,t5,800,0.5,0.25
True,5,5,0.2636764920173083,0.3476264622127682,0.3067227730128555,0.07872212905735203,-11.9823642765039,0.2953672806910687,94.27139502339601,7.58646494370734e-16,equivalent,True,1.0,0.9970149253731343,7.957188821817544e-07,8.974721197621463e-07,True,328,0.594088077545166,t5_rho0.50_n800,t5,800,0.5,0.25
True,5,5,0.3198844940371893,0.5116304476271432,0.4672896317694386,0.10178024665573314,-7.690199168784117,0.35628731092564514,112.45712205248813,1.703334917517079e-19,equivalent,True,1.0,1.0,8.796120846656261e-07,9.344962416209438e-07,True,329,0.5982658863067627,t5_rho0.50_n800,t5,800,0.5,0.25
True,5,5,0.265779482294948,0.353193666044853,0.31182397893353064,0.08003273829894327,-11.72240311911028,0.29781407582564173,86.78259995770736,2.3213412429527383e-14,equivalent,True,1.0,1.0,8.675651055881912e-07,8.63193011118686e-07,True,330,0.5892059803009033,t5_rho0.50_n800,t5,800,0.5,0.25
True,5,5,0.23700180328361528,0.2808492737984274,0.24036984152488364,0.07054955840327712,-14.310935196841966,0.26698821642324916,70.1109196572194,4.220423752971704e-11,equivalent,True,1.0,1.0,9.579449573266128e-07,8.036463623362234e-07,True,331,0.5856151580810547,t5_rho0.50_n800,t5,800,0.5,0.25
True,5,5,0.2559756684152076,0.3276177141030615,0.2886680652132224,0.07475275771765043,-12.860153446349583,0.2869234775579455,83.99511092961032,8.235862605744898e-14,equivalent,True,1.0,1.0,8.720141965765382e-07,9.545514416041497e-07,True,332,0.5817670822143555,t5_rho0.50_n800,t5,800,0.5,0.25
True,5,5,0.26021645294428447,0.3385630119145251,0.2964993306375149,0.07509420947840142,-12.69739272822002,0.2898338535993051,89.87445022305243,5.671900172401237e-15,equivalent,True,1.0,0.9970149253731343,7.245754834943127e-07,8.713639130259506e-07,True,333,0.5839390754699707,t5_rho0.50_n800,t5,800,0.5,0.25
True,5,5,0.24578056053854824,0.3020404196932149,0.2603371166359881,0.0757461816549069,-13.065515142041496,0.2774629698748237,76.1292698002639,2.8669944027898098e-12,equivalent,True,1.0,1.0,6.747419944246856e-07,9.503161004711664e-07,True,334,0.5991809368133545,t5_rho0.50_n800,t5,800,0.5,0.25
True,5,5,0.2945711165487718,0.43386071352395056,0.39266041100969606,0.08512855189752991,-10.071116797831733,0.32639988307457307,112.40149257586957,1.7479786059919034e-19,equivalent,True,1.0,1.0,8.279283854890094e-07,8.243733846570366e-07,True,335,0.6042790412902832,t5_rho0.50_n800,t5,800,0.5,0.25
True,5,5,0.22755455378275755,0.2589053747363495,0.2225417819894993,0.05964635216884152,-17.225834953025537,0.25323953115137576,85.35463059090081,4.4432052223163515e-14,equivalent,True,1.0,1.0,8.384880790054146e-07,8.614233039785783e-07,True,336,0.5729191303253174,t5_rho0.50_n800,t5,800,0.5,0.25
True,5,5,0.28538038675341887,0.4072098257176547,0.3674258827535419,0.08077469833363078,-10.926368472477424,0.3163189650569581,113.77729419174517,9.215777001830109e-20,equivalent,True,1.0,0.9970149253731343,9.512478709791147e-07,9.545008143671243e-07,True,337,0.5674622058868408,t5_rho0.50_n800,t5,800,0.5,0.25
True,5,5,0.25976942946930304,0.33740078243403593,0.2960940714147187,0.08157765629782504,-11.693225472214426,0.29335213490083784,81.86663945616999,2.1599238677284545e-13,equivalent,True,1.0,0.9970149253731343,9.99956425561351e-07,8.800576377430763e-07,True,338,0.5979950428009033,t5_rho0.50_n800,t5,800,0.5,0.25
True,5,5,0.24174722991808045,0.29220861586532626,0.24742838957740118,0.07436574291429954,-13.48163241746917,0.2719371808087035,68.69650155303954,7.909807647240522e-11,equivalent,True,1.0,1.0,9.063303631822066e-07,9.185138594286758e-07,True,339,0.6202027797698975,t5_rho0.50_n800,t5,800,0.5,0.25
True,5,5,0.29491532321606134,0.4348752393381697,0.39054276316474046,0.08999016250910989,-9.550568782985083,0.3281961024624766,109.86186614601942,5.689161869630684e-19,equivalent,True,1.0,1.0,7.718966903552675e-07,9.634417215279681e-07,True,340,0.617337703704834,t5_rho0.50_n800,t5,800,0.5,0.25
True,5,5,0.28436032908953957,0.4043039837995561,0.3664781950010004,0.07590188474605714,-11.640314439555414,0.3134727054842271,127.86122547008017,1.2749846317430268e-22,equivalent,True,1.0,1.0,8.984173925566125e-07,7.758745835806233e-07,True,341,0.5687358379364014,t5_rho0.50_n800,t5,800,0.5,0.25
True,5,5,0.28887953939629474,0.41725694140907693,0.37229477422045093,0.09328178146729058,-9.409181642691054,0.3242621318610665,103.70667835461734,9.849522849046388e-18,equivalent,True,1.0,1.0,9.521308416062021e-07,7.725195249122955e-07,True,342,0.6322219371795654,t5_rho0.50_n800,t5,800,0.5,0.25
True,5,5,0.280080278121938,0.39222481096431067,0.3486198682341209,0.08531530754758934,-10.565280225510346,0.31271426615626396,99.8333764647636,5.884612748369776e-17,equivalent,True,1.0,1.0,8.374660698843393e-07,9.248201499591025e-07,True,343,0.6070389747619629,t5_rho0.50_n800,t5,800,0.5,0.25
True,5,5,0.26947730904065936,0.36309010043897516,0.32430573849144223,0.0762659125895223,-12.13771959290412,0.29991732241638924,99.59310427482032,6.573453880849556e-17,equivalent,True,1.0,1.0,9.933272430053271e-07,7.14855207445322e-07,True,344,0.5847640037536621,t5_rho0.50_n800,t5,800,0.5,0.25
True,5,5,0.25589877934862104,0.3274209263605712,0.28395473583472625,0.07921728290625632,-12.194880065609757,0.28783869473728607,76.61730132869513,2.302753477987325e-12,equivalent,True,1.0,1.0,9.605757981712818e-07,9.059838229034152e-07,True,345,0.5979809761047363,t5_rho0.50_n800,t5,800,0.5,0.25
True,5,5,0.2599430272820491,0.3378518871627806,0.3003926267796227,0.0722279896397576,-13.147359880243293,0.28955037472121886,95.65624450746387,4.01884536739395e-16,equivalent,True,0.9970149253731343,1.0,9.495248042094983e-07,9.59631479664248e-07,True,346,0.570836067199707,t5_rho0.50_n800,t5,800,0.5,0.25
True,5,5,0.23746743567898262,0.28195391503975875,0.2390463101193433,0.07432589946134344,-13.601634116872669,0.26881277329203107,66.88363751056289,1.7652824670323974e-10,equivalent,True,1.0,1.0,9.605457697594348e-07,8.196787508676129e-07,True,347,0.5962398052215576,t5_rho0.50_n800,t5,800,0.5,0.25
True,5,5,0.2921456518889092,0.42674540958797846,0.383079417046709,0.08446147201900774,-10.26409512207168,0.32311179973341553,115.76165352650165,3.657033607350695e-20,equivalent,True,1.0,1.0,8.421353607828574e-07,9.027814050994211e-07,True,348,0.6321580410003662,t5_rho0.50_n800,t5,800,0.5,0.25
False,5,6,,,,,,,,,not_applicable,False,1.0,1.0,9.249316285735771e-07,8.036176736913294e-07,False,349,0.5891890525817871,t5_rho0.50_n800,t5,800,0.5,0.25
True,5,5,0.2640397099661671,0.3485848421950882,0.3055132145064846,0.08045436740756583,-11.739409753965663,0.295921906097168,84.53561417124162,6.44475555413476e-14,equivalent,True,1.0,1.0,9.578777465609087e-07,9.959831958418385e-07,True,350,0.6047999858856201,t5_rho0.50_n800,t5,800,0.5,0.25
True,5,5,0.28708820457037854,0.41209818601721765,0.3726150985116832,0.08631421955773542,-10.165009959934071,0.3208081531410042,103.15044032858654,1.2736370418886526e-17,equivalent,True,0.9970149253731343,1.0,9.67981853732279e-07,8.664299148501323e-07,True,351,0.5786449909210205,t5_rho0.50_n800,t5,800,0.5,0.25
True,5,5,0.257018057765307,0.3302914100872534,0.28543276051518424,0.07529274559820008,-12.810892096195179,0.2861042838531147,87.44792954905147,1.7148012530144344e-14,equivalent,True,1.0,0.9970149253731343,8.65462206010262e-07,9.329570338954936e-07,True,352,0.6158010959625244,t5_rho0.50_n800,t5,800,0.5,0.25
True,5,5,0.2970984333761167,0.44133739557271423,0.3936170482871451,0.09934274425922758,-8.620488170511846,0.33377277345321266,100.74460414706664,3.866378868245317e-17,equivalent,True,1.0,1.0,7.459117987579179e-07,8.829726430979477e-07,True,353,0.6182470321655273,t5_rho0.50_n800,t5,800,0.5,0.25
True,5,5,0.24363923752571406,0.2968003903105566,0.25684931042116654,0.07141752343050801,-13.906260562860417,0.2736131147674502,77.40037417550994,1.6195274247223817e-12,equivalent,True,1.0,1.0,9.618475131187245e-07,7.923706065053857e-07,True,354,0.5891540050506592,t5_rho0.50_n800,t5,800,0.5,0.25
True,5,5,0.29391564806230763,0.43193204087943143,0.3919346772754541,0.08451688144540949,-10.15259091497337,0.3258688620471626,113.02145703552387,1.3100636162278808e-19,equivalent,True,1.0,1.0,8.059740850874208e-07,7.98826205869827e-07,True,355,0.5920579433441162,t5_rho0.50_n800,t5,800,0.5,0.25
True,5,5,0.24325320591495328,0.2958606109395133,0.2505991450334904,0.07656645085572075,-13.052725362048543,0.27442293979415217,66.85678667468923,1.7863613625404131e-10,equivalent,True,1.0,1.0,6.909843542386553e-07,9.522468245544493e-07,True,356,0.6234400272369385,t5_rho0.50_n800,t5,800,0.5,0.25
True,5,5,0.29893504488822553,0.44681080531162704,0.40217349345799136,0.0866344668060943,-9.78624948935876,0.330052877703862,122.96943348400835,1.2620952818309758e-21,equivalent,True,1.0,1.0,9.18094318817543e-07,9.884001121085012e-07,True,357,0.6209578514099121,t5_rho0.50_n800,t5,800,0.5,0.25
True,5,5,0.24502861667831383,0.30019511495644025,0.2634297975515836,0.06716139548468823,-14.689542933534478,0.27345948968931216,89.91343863195085,5.5718357429351355e-15,equivalent,True,1.0,1.0,9.319112208270821e-07,8.35013824076989e-07,True,358,0.5749161243438721,t5_rho0.50_n800,t5,800,0.5,0.25
True,5,5,0.2915209436973034,0.4249223030708317,0.3840788144307571,0.08718430596916596,-9.932076374794896,0.3248027821055068,113.09132503868602,1.2681617623407735e-19,equivalent,True,0.9970149253731343,1.0,9.642073232409303e-07,7.59396189317081e-07,True,359,0.5784111022949219,t5_rho0.50_n800,t5,800,0.5,0.25
True,5,5,0.23202965370738804,0.2691888009978521,0.23096139995578185,0.06619074730625668,-15.395484135104992,0.2607050021511312,72.72997037781666,1.313609641355523e-11,equivalent,True,1.0,1.0,8.719880864563957e-07,8.53169153645426e-07,True,360,0.5856790542602539,t5_rho0.50_n800,t5,800,0.5,0.25
True,5,5,0.25979950843305644,0.33747892291028875,0.297601879995986,0.07503206644708005,-12.69321458280425,0.29017878855255064,89.6195397654279,6.371801838217819e-15,equivalent,True,1.0,1.0,8.308540130814108e-07,9.33206583309757e-07,True,361,0.573300838470459,t5_rho0.50_n800,t5,800,0.5,0.25
True,5,5,0.2215395962735545,0.24539896358524757,0.2066092152406509,0.06857945047268743,-15.214335745879033,0.25274982614632585,60.85560142440714,2.4955381346679485e-09,equivalent,True,0.9970149253731343,1.0,9.837988214278847e-07,9.423073282546619e-07,True,362,0.5822899341583252,t5_rho0.50_n800,t5,800,0.5,0.25
True,5,5,0.2847007891326867,0.4052726966638726,0.3674991256951801,0.07961755528607319,-11.084249838291484,0.3157398772016252,111.3123548235491,2.9002642954760323e-19,equivalent,True,1.0,1.0,9.754275224229423e-07,9.470281556641949e-07,True,363,0.5972890853881836,t5_rho0.50_n800,t5,800,0.5,0.25
True,5,5,0.23764011680601158,0.28236412557787416,0.24529496252594507,0.06915620764360811,-14.52805281995414,0.267972685732984,73.11391246192784,1.1065643077431386e-11,equivalent,True,1.0,1.0,8.78170771133138e-07,7.49012190404953e-07,True,364,0.5986499786376953,t5_rho0.50_n800,t5,800,0.5,0.25
True,5,5,0.28191515069320383,0.3973807609518591,0.3503073759248601,0.08695699195540951,-10.346409228788541,0.31411427841838246,93.44406202009813,1.1084586596341237e-15,equivalent,True,1.0,0.9970149253731343,9.794141560339501e-07,7.276303003988806e-07,True,365,0.6317958831787109,t5_rho0.50_n800,t5,800,0.5,0.25
True,5,5,0.28652021223677915,0.41046916010104484,0.36442177833561507,0.08724474480256174,-10.15050503807975,0.3187245247095254,110.77564297278803,3.72171636427078e-19,equivalent,True,1.0,1.0,8.938180089536896e-07,7.66396182078113e-07,True,366,0.6476402282714844,t5_rho0.50_n800,t5,800,0.5,0.25
True,5,5,0.26315438807789826,0.3462511598232654,0.3048099305216606,0.07821135298702878,-12.085075035527101,0.2944337474377408,91.79971030518155,2.3530891796996245e-15,equivalent,True,1.0,1.0,9.826009984995446e-07,9.496584536326791e-07,True,367,0.6070511341094971,t5_rho0.50_n800,t5,800,0.5,0.25
True,5,5,0.2518511391061461,0.3171449813453167,0.2734450155084038,0.07688100982180572,-12.702161258743201,0.2828084239754865,75.5863364318854,3.657921705737533e-12,equivalent,True,1.0,0.9970149253731343,9.589878424221326e-07,8.644561163515397e-07,True,368,0.6163938045501709,t5_rho0.50_n800,t5,800,0.5,0.25
True,5,5,0.2581410234101919,0.33318393983630623,0.29128538482254657,0.07394677387933586,-12.964928216366213,0.28737327782496846,93.15295899802928,1.266579777598674e-15,equivalent,True,1.0,1.0,6.545369981284524e-07,9.106411221126299e-07,True,369,0.5978469848632812,t5_rho0.50_n800,t5,800,0.5,0.25
True,5,5,0.27163241099187013,0.3689208335062813,0.3250160166283175,0.08165444117171997,-11.32803029569982,0.30309259982596626,95.21127373254392,4.929494163167816e-16,equivalent,True,1.0,1.0,9.010959517474304e-07,9.457748188307471e-07,True,370,0.6116809844970703,t5_rho0.50_n800,t5,800,0.5,0.25
True,5,5,0.2566518496910732,0.3293508597492461,0.28801307512718355,0.07504026014939567,-12.819610739056902,0.2868600073908174,86.84605984746129,2.255267862606435e-14,equivalent,True,0.9970149253731343,1.0,9.89188298351998e-07,9.212176858010907e-07,True,371,0.5978167057037354,t5_rho0.50_n800,t5,800,0.5,0.25
True,5,5,0.24605461255746122,0.3027143618040118,0.2625776190819401,0.06577072466497559,-15.013098699274098,0.27230895471664235,98.47469046889233,1.1001384650001121e-16,equivalent,True,1.0,1.0,9.91827903977644e-07,9.286334808093875e-07,True,372,0.5977010726928711,t5_rho0.50_n800,t5,800,0.5,0.25
True,5,5,0.28369218934758633,0.4024062914841339,0.36132579274771487,0.0843545496934783,-10.534988456241988,0.3162520133567187,105.71813577682164,3.884566925213299e-18,equivalent,True,1.0,1.0,7.546358454143488e-07,7.060664534366546e-07,True,373,0.6040430068969727,t5_rho0.50_n800,t5,800,0.5,0.25
True,5,5,0.2715044777262543,0.3685734071270307,0.3295504347722863,0.07998261903620536,-11.508119843025622,0.3036807981374741,98.0177105741316,1.3575943531784627e-16,equivalent,True,1.0,1.0,8.563418752250659e-07,8.135792248336355e-07,True,374,0.5989072322845459,t5_rho0.50_n800,t5,800,0.5,0.25
True,5,5,0.29625198747590753,0.4388262004171263,0.39169893890512497,0.09337929238186489,-9.191556706008676,0.33024058098955594,95.67952375753248,3.9761227936192044e-16,equivalent,True,1.0,1.0,9.88863690556972e-07,7.96117482732879e-07,True,375,0.638024091720581,t5_rho0.50_n800,t5,800,0.5,0.25
True,5,5,0.25399444093281376,0.322565880123863,0.28138359393934437,0.07331143767150057,-13.212350443881693,0.28353842000347634,85.61181580555768,3.9531924171408794e-14,equivalent,True,1.0,1.0,9.588736998166226e-07,7.27038109111546e-07,True,376,0.6010191440582275,t5_rho0.50_n800,t5,800,0.5,0.25
True,5,5,0.2830642365111026,0.4006268099580671,0.36220855314908307,0.07888873448194678,-11.253716423275655,0.31367785200339693,109.89437281331257,5.603944187860363e-19,equivalent,True,0.9970149253731343,1.0,7.742481557205913e-07,7.295041483082156e-07,True,377,0.5824730396270752,t5_rho0.50_n800,t5,800,0.5,0.25
True,5,5,0.32773626812353496,0.537055307217708,0.48686937102178895,0.10898762798571561,-7.001993190256698,0.36500357976516645,110.82512843845882,3.6371314332213845e-19,equivalent,True,1.0,0.9970149253731343,9.518623065209667e-07,8.260985121390268e-07,True,378,0.661776065826416,t5_rho0.50_n800,t5,800,0.5,0.25
True,5,5,0.2260776864486249,0.25555560154981377,0.2121298433357074,0.06935995960127105,-14.963534618974506,0.25542780758995903,64.63909896181693,4.751389323034902e-10,equivalent,True,1.0,1.0,9.953051239701927e-07,8.884435011292415e-07,True,379,0.6015300750732422,t5_rho0.50_n800,t5,800,0.5,0.25
True,5,5,0.22765750954598185,0.2591397082633941,0.21863363567689706,0.06642826896404425,-15.526015962893036,0.2560853040744483,70.17633453328902,4.099422959749995e-11,equivalent,True,1.0,1.0,9.156155464870733e-07,8.718647187959464e-07,True,380,0.5985701084136963,t5_rho0.50_n800,t5,800,0.5,0.25
True,5,5,0.2806290847524341,0.39376341604494425,0.3493496293345733,0.08382216366054558,-10.744775979689434,0.3121617591091329,99.05071462661462,8.438863345452934e-17,equivalent,True,1.0,1.0,9.806589722608392e-07,9.830124227800431e-07,True,381,0.6155571937561035,t5_rho0.50_n800,t5,800,0.5,0.25
True,5,5,0.31713744407460465,0.5028807921708649,0.4574647043970596,0.09566566323710718,-8.28442796281716,0.35066243526997115,118.55818632405975,9.922137102434638e-21,equivalent,True,1.0,1.0,7.996302550040119e-07,9.500799112649786e-07,True,382,0.6196560859680176,t5_rho0.50_n800,t5,800,0.5,0.25
True,5,5,0.2929641416106581,0.4291399413483487,0.3884663606064639,0.08894625414493885,-9.686002493029758,0.32703820245974746,102.77889783437033,1.5121085666670343e-17,equivalent,True,1.0,1.0,9.37558597606425e-07,9.613597189997172e-07,True,383,0.5946729183197021,t5_rho0.50_n800,t5,800,0.5,0.25
True,5,5,0.2634002885142869,0.3468985599470479,0.30669088749318363,0.07652142656491737,-12.32738534620176,0.2941283507307613,91.43694318394226,2.7777321261366057e-15,equivalent,True,1.0,0.9970149253731343,9.578763088938122e-07,9.239248726946154e-07,True,384,0.5888941287994385,t5_rho0.50_n800,t5,800,0.5,0.25
True,5,5,0.2674247664493078,0.3575800285523342,0.3186817457252726,0.07629580963844547,-12.206676338951072,0.2980527419535907,99.46216595271535,6.982144241088515e-17,equivalent,True,0.9970149253731343,1.0,9.415794652265509e-07,9.608480832243977e-07,True,385,0.5759286880493164,t5_rho0.50_n800,t5,800,0.5,0.25
True,5,5,0.2759846052135652,0.3808375115744372,0.3430404331647422,0.08084586719695731,-11.21837885201622,0.30855147092428337,98.64737169790226,1.0160836575489381e-16,equivalent,True,0.9970149253731343,1.0,8.769740292466673e-07,9.019051188207679e-07,True,386,0.5795121192932129,t5_rho0.50_n800,t5,800,0.5,0.25
True,5,5,0.2549886057020753,0.32509594518944224,0.28508985920694957,0.07445237289365324,-12.960099232449114,0.28550065316780576,82.36403397334846,1.7245856450569994e-13,equivalent,True,1.0,1.0,8.227474907625758e-07,9.412488388592608e-07,True,387,0.5910108089447021,t5_rho0.50_n800,t5,800,0.5,0.25
True,5,5,0.27868047914000293,0.3883140472685081,0.34776353700544327,0.08518247714399563,-10.591808236210161,0.31237037103043414,92.31305122610483,1.8605255033184624e-15,equivalent,True,1.0,1.0,9.718928627687147e-07,9.311868624827609e-07,True,388,0.588676929473877,t5_rho0.50_n800,t5,800,0.5,0.25
True,5,5,0.21951086118500235,0.24092509089090683,0.19975965652396535,0.066861222164706,-15.707764672456502,0.24889217758057008,57.5774857783437,1.038167366444763e-08,equivalent,True,1.0,1.0,9.612120462020297e-07,9.706668303605697e-07,True,389,0.5896580219268799,t5_rho0.50_n800,t5,800,0.5,0.25
True,5,5,0.26704078075687526,0.35655389293620765,0.31078549958779955,0.08296080622389262,-11.321183377575563,0.29907988317504325,83.2551549270915,1.1518653613518272e-13,equivalent,True,0.9970149253731343,1.0,9.195665733868173e-07,9.912364960797748e-07,True,390,0.629417896270752,t5_rho0.50_n800,t5,800,0.5,0.25
True,5,5,0.2869755446715683,0.41177481619771644,0.37262260490997806,0.08485544819018355,-10.339670743634358,0.3200616805030537,102.53663345373789,1.691115694361429e-17,equivalent,True,1.0,1.0,9.918263602676134e-07,9.537787424571196e-07,True,391,0.5848860740661621,t5_rho0.50_n800,t5,800,0.5,0.25
True,5,5,0.2560202092417007,0.3277317377008211,0.28573942160376475,0.07329039872310693,-13.156710772433335,0.2850583799028496,90.00090128931143,5.3537225274524756e-15,equivalent,True,1.0,1.0,7.98495425425155e-07,9.127287160291277e-07,True,392,0.5998878479003906,t5_rho0.50_n800,t5,800,0.5,0.25
True,5,5,0.25207931115451876,0.3177198955606835,0.2773396819221438,0.070170334353217,-13.861417749297983,0.2802711583047497,93.44393657488789,1.1085223673306634e-15,equivalent,True,1.0,1.0,7.655397373937777e-07,9.189470517513591e-07,True,393,0.5845918655395508,t5_rho0.50_n800,t5,800,0.5,0.25
True,5,5,0.26704075553456447,0.35655382558235515,0.31106252176546534,0.08381535811762157,-11.202451428017342,0.2996419588640655,78.29571188921514,1.0824528463688006e-12,equivalent,True,1.0,0.9970149253731343,7.637587440564529e-07,9.902856592062564e-07,True,394,0.6261239051818848,t5_rho0.50_n800,t5,800,0.5,0.25
True,5,5,0.27233704236531214,0.3708373232214292,0.32407155912054497,0.08850854477718026,-10.461458192657833,0.30648169929491276,83.36154507567483,1.0976455876623702e-13,equivalent,True,1.0,1.0,9.631747885960067e-07,9.230181678281641e-07,True,395,0.6119623184204102,t5_rho0.50_n800,t5,800,0.5,0.25
True,5,5,0.2853480430445368,0.4071175283467341,0.3658533338993803,0.08317558548305713,-10.62988208578009,0.3170693922014545,107.26711807036898,1.8956660191605635e-18,equivalent,True,1.0,1.0,9.214809500663159e-07,8.589284484850995e-07,True,396,0.5886862277984619,t5_rho0.50_n800,t5,800,0.5,0.25
True,5,5,0.2825923329701963,0.39929213326769153,0.35648211253073486,0.08900544255227519,-10.03891292315612,0.3171381520824215,91.53718713259443,2.6532778804556654e-15,equivalent,True,1.0,1.0,9.375529497173807e-07,7.502074896698376e-07,True,397,0.5971391201019287,t5_rho0.50_n800,t5,800,0.5,0.25
True,5,5,0.3115310387194605,0.4852579404281299,0.4410554845283369,0.09626035281281535,-8.403714424823576,0.3462339310304883,112.09161384040868,2.0189150022428402e-19,equivalent,True,1.0,1.0,8.665272623016217e-07,9.881458504023699e-07,True,398,0.6139631271362305,t5_rho0.50_n800,t5,800,0.5,0.25
True,5,5,0.2727603326839589,0.3719909954293197,0.3276327558636599,0.08571639192535807,-10.76068676501851,0.30614495717266976,80.86931271061707,3.3904762885151474e-13,equivalent,True,1.0,1.0,9.075065127484468e-07,9.133622182322641e-07,True,399,0.6157350540161133,t5_rho0.50_n800,t5,800,0.5,0.25
True,5,5,0.28880163309872153,0.41703191640244286,0.3769139731631601,0.08441863965317074,-10.342337076549267,0.3211760510308909,109.35547473613991,7.196738117883553e-19,equivalent,True,1.0,1.0,9.37509741122933e-07,8.503227985044232e-07,True,400,0.5822060108184814,t5_rho0.50_n800,t5,800,0.5,0.25
True,5,5,0.2742105793190101,0.37595720905233565,0.33460248142114946,0.08287605550250371,-11.045379911344792,0.30689459490250853,90.44954073800861,4.3618760893227255e-15,equivalent,True,1.0,1.0,8.959955047051229e-07,9.112805709262204e-07,True,401,0.5787498950958252,t5_rho0.50_n800,t5,800,0.5,0.25
True,5,5,0.27387723852917667,0.3750437089218377,0.33302207668536893,0.07984016058428291,-11.4851713298676,0.3047449603845204,98.08210194284682,1.317966153916108e-16,equivalent,True,1.0,1.0,9.364021930161353e-07,9.381524075660992e-07,True,402,0.5858869552612305,t5_rho0.50_n800,t5,800,0.5,0.25
True,5,5,0.27818805510715505,0.3869429700215077,0.3513956001123971,0.07388572266948168,-12.162084465322138,0.3075473293739436,119.79487908576488,5.568973342157364e-21,equivalent,True,1.0,1.0,8.261967873678405e-07,8.427150366773698e-07,True,403,0.5562229156494141,t5_rho0.50_n800,t5,800,0.5,0.25
True,5,5,0.2761758128049563,0.3813653978923912,0.3398426267711094,0.08095202934002795,-11.243169326934336,0.3075701109796387,103.02180811083198,1.3516174494395253e-17,equivalent,True,1.0,1.0,8.173281242858209e-07,9.564226580661508e-07,True,404,0.5959131717681885,t5_rho0.50_n800,t5,800,0.5,0.25
True,5,5,0.2673983517924816,0.3575093927066788,0.3177313803877795,0.0809381967521112,-11.518277612083113,0.3002874845458603,88.1309094896088,1.2563189644111383e-14,equivalent,True,0.9970149253731343,1.0,9.809011045552631e-07,9.244254332159175e-07,True,405,0.5938150882720947,t5_rho0.50_n800,t5,800,0.5,0.25
True,5,5,0.3126610038696499,0.4887845167038862,0.44489099685676314,0.08908483650093503,-9.0375538056332,0.34392514106465233,131.97125221656967,1.8497541726777142e-23,equivalent,True,0.9970149253731343,1.0,8.509970760073276e-07,9.098611797907134e-07,True,406,0.6221160888671875,t5_rho0.50_n800,t5,800,0.5,0.25
True,5,5,0.2589164041153754,0.335188521600182,0.29362689833013983,0.07684089048358206,-12.446148081459315,0.28983406140074036,83.8614641683532,8.750499047033401e-14,equivalent,True,1.0,0.9970149253731343,6.95982802394163e-07,9.132142320367513e-07,True,407,0.581683874130249,t5_rho0.50_n800,t5,800,0.5,0.25
True,5,5,0.26437799008768564,0.34947860821402205,0.3013196807130148,0.08256677002615495,-11.489856257989366,0.2956788568214521,90.84992212302635,3.6326856894576316e-15,equivalent,True,1.0,1.0,9.846534872717955e-07,8.781109754221823e-07,True,408,0.6281161308288574,t5_rho0.50_n800,t5,800,0.5,0.25
True,5,5,0.28289760012546555,0.4001552607837391,0.35442387192596675,0.08828914084106021,-10.143672478207332,0.31611598677030367,92.38648152952084,1.799038880547309e-15,equivalent,True,1.0,1.0,8.280478464474515e-07,9.101000121897664e-07,True,409,0.6056392192840576,t5_rho0.50_n800,t5,800,0.5,0.25
True,5,5,0.2471375054172491,0.3053847329193042,0.2657197801942162,0.07597793223837533,-12.954817152929024,0.27953259473799513,79.25627006655559,7.021740142402954e-13,equivalent,True,1.0,1.0,9.605422280995717e-07,8.609118565845303e-07,True,410,0.5806851387023926,t5_rho0.50_n800,t5,800,0.5,0.25
True,5,5,0.26179218372222757,0.3426757372902628,0.2983419508402056,0.08346733765809701,-11.40156228605281,0.29517232387847936,74.17397671071792,6.887759552750155e-12,equivalent,True,1.0,1.0,9.595690958945126e-07,9.386243108326427e-07,True,411,0.6229212284088135,t5_rho0.50_n800,t5,800,0.5,0.25
True,5,5,0.251019017470437,0.3150527356591177,0.2710406897613437,0.0741138474056952,-13.208858324138617,0.2803380532407006,84.71641764584803,5.936974870425054e-14,equivalent,True,1.0,1.0,7.660751123836354e-07,8.756296282794329e-07,True,412,0.5984656810760498,t5_rho0.50_n800,t5,800,0.5,0.25
True,5,5,0.2823636972487129,0.3986462876198139,0.3614786765697973,0.07880920024812534,-11.274334984148483,0.3134033424949616,113.53686081114431,1.0307027209021789e-19,equivalent,True,1.0,1.0,9.231731820536015e-07,9.313255201573915e-07,True,413,0.5793328285217285,t5_rho0.50_n800,t5,800,0.5,0.25
True,5,5,0.2848214255430384,0.4056162222418428,0.36761445189997743,0.07795765668285576,-11.318779779255147,0.3149105861172058,118.31153366048473,1.1132954550995128e-20,equivalent,True,1.0,1.0,9.63554962532284e-07,9.111251813490681e-07,True,414,0.5717329978942871,t5_rho0.50_n800,t5,800,0.5,0.25
True,5,5,0.2802122090647875,0.3925944105448409,0.34966243823133947,0.08306549958509366,-10.83888697793649,0.31186311949264434,99.3033448138719,7.512047243515514e-17,equivalent,True,0.9970149253731343,1.0,8.330906544059513e-07,9.88471409131171e-07,True,415,0.6098239421844482,t5_rho0.50_n800,t5,800,0.5,0.25
True,5,5,0.2541960715693297,0.323078214006399,0.28475824619129786,0.07301929396735529,-13.218995985365627,0.28455730414485514,87.91160035065096,1.3883428311866126e-14,equivalent,True,1.0,1.0,6.732747509515871e-07,8.6888466018409e-07,True,416,0.5804791450500488,t5_rho0.50_n800,t5,800,0.5,0.25
True,5,5,0.2408285783922343,0.28999202085212267,0.25119264394962293,0.07091143825220425,-14.08527849199744,0.27123111191421473,76.19339403138724,2.7856381705197846e-12,equivalent,True,1.0,1.0,8.048800647388789e-07,9.238153894931225e-07,True,417,0.573584794998169,t5_rho0.50_n800,t5,800,0.5,0.25
True,5,5,0.2796623541984214,0.39105516177901645,0.3485592326143799,0.08143971972154973,-11.068809795364391,0.31064952952685515,103.30819378727486,1.1841079586200578e-17,equivalent,True,1.0,1.0,8.14577343444264e-07,7.914863866898995e-07,True,418,0.6061789989471436,t5_rho0.50_n800,t5,800,0.5,0.25
True,5,5,0.24246519389526794,0.2939468512533494,0.25190491624693395,0.07157393945553668,-13.944951072213998,0.27189467451775456,74.1951505867948,6.822788242666784e-12,equivalent,True,1.0,1.0,9.686549360506623e-07,7.640006023819323e-07,True,419,0.595160961151123,t5_rho0.50_n800,t5,800,0.5,0.25
True,5,5,0.2536724064286127,0.3217484489164164,0.2776060298356293,0.07697980328761458,-12.631806378242862,0.28433309285950975,81.17304913391358,2.9556237902185615e-13,equivalent,True,1.0,1.0,9.78896456132347e-07,6.867103086295534e-07,True,420,0.620509147644043,t5_rho0.50_n800,t5,800,0.5,0.25
True,5,5,0.25289807268609094,0.31978717584169664,0.28193851679735615,0.07119420865691177,-13.597475152336864,0.28250400674136195,91.56865695940371,2.6153672268184473e-15,equivalent,True,1.0,1.0,9.742940500023566e-07,8.639122619457499e-07,True,421,0.5572497844696045,t5_rho0.50_n800,t5,800,0.5,0.25
True,5,5,0.2874451799779699,0.4131236574628375,0.3737600752874244,0.08284970568145511,-10.57625875077443,0.31938557079787677,109.44698156803155,6.897484967055563e-19,equivalent,True,1.0,1.0,8.927402424875707e-07,9.347015406482863e-07,True,422,0.5809128284454346,t5_rho0.50_n800,t5,800,0.5,0.25
True,5,5,0.2537801969969676,0.3220219419390983,0.2803610499618255,0.0748577625349213,-12.953084853235309,0.2840743255462777,81.11073191141165,3.040055179661869e-13,equivalent,True,1.0,1.0,8.465862438316285e-07,8.995529622981143e-07,True,423,0.6056640148162842,t5_rho0.50_n800,t5,800,0.5,0.25
True,5,5,0.23360711678407892,0.2728614250608514,0.22845957444053333,0.07068129044722637,-14.452769878645492,0.26257187640349605,66.67126147826093,1.939015346160601e-10,equivalent,True,1.0,1.0,7.470780275428506e-07,9.135182953300754e-07,True,424,0.605658769607544,t5_rho0.50_n800,t5,800,0.5,0.25
True,5,5,0.2825776506473333,0.39925064322683185,0.3608116188772243,0.08201417536148435,-10.841886505638852,0.3148691578043159,104.22389670328324,7.754833418443045e-18,equivalent,True,1.0,1.0,8.829433198722984e-07,9.507500049501343e-07,True,425,0.5812599658966064,t5_rho0.50_n800,t5,800,0.5,0.25
True,5,5,0.3041010376543496,0.46238720551226076,0.42432282016525047,0.08409308704551342,-9.818609458205179,0.3354530188844957,132.4118564937369,1.5036195113692558e-23,equivalent,True,1.0,1.0,9.68506039466284e-07,6.708645840351794e-07,True,426,0.5828742980957031,t5_rho0.50_n800,t5,800,0.5,0.25
True,5,5,0.3084582930344659,0.4757325927086823,0.43478544565166144,0.09162751184030886,-8.897050001413534,0.3421985654063244,125.80359732609699,3.3464798815256383e-22,equivalent,True,1.0,1.0,9.94936975802465e-07,8.592126074982105e-07,True,427,0.5923178195953369,t5_rho0.50_n800,t5,800,0.5,0.25
True,5,5,0.22879341997690747,0.26173214512364784,0.21825733380914142,0.06695511399443603,-15.409467696173238,0.2562766848177332,68.74579443829586,7.738733058360578e-11,equivalent,True,1.0,1.0,8.96728512641915e-07,9.874822654346376e-07,True,428,0.600477933883667,t5_rho0.50_n800,t5,800,0.5,0.25
True,5,5,0.3117061258592909,0.4858035444910406,0.44408587087836393,0.09418731375748796,-8.556504023426035,0.34612431741360916,112.49543745665514,1.6732500665326471e-19,equivalent,True,1.0,1.0,9.93148886804535e-07,7.38360729748693e-07,True,429,0.6011991500854492,t5_rho0.50_n800,t5,800,0.5,0.25
True,5,5,0.2792971746170944,0.39003455874545867,0.34899996723626686,0.08169172015096013,-11.029269932114945,0.3109247141732153,101.8829935304934,2.2867869138226944e-17,equivalent,True,1.0,1.0,9.269075303534554e-07,8.922217630126597e-07,True,430,0.5785629749298096,t5_rho0.50_n800,t5,800,0.5,0.25
True,5,5,0.2759129866621022,0.3806398810440068,0.3367981701246901,0.08629363890413391,-10.582493002639652,0.3094312767187556,92.62826481996106,1.610556920375092e-15,equivalent,True,0.991044776119403,1.0,9.326844766670842e-07,9.684871630013206e-07,True,431,0.6068801879882812,t5_rho0.50_n800,t5,800,0.5,0.25
True,5,5,0.2853225231025467,0.40704471094801653,0.3617322923174412,0.08922694492944136,-9.955150973565,0.31890360810327373,98.68248979682491,9.997903876797992e-17,equivalent,True,1.0,1.0,9.506076190874377e-07,9.348987213693022e-07,True,432,0.6095149517059326,t5_rho0.50_n800,t5,800,0.5,0.25
True,5,5,0.27670565434577726,0.38283009573462373,0.3417150913210309,0.08168467447001015,-11.119404154722295,0.30856909255120724,97.23125959213182,1.9491680651080205e-16,equivalent,True,1.0,1.0,9.90289918387104e-07,9.072561568456441e-07,True,433,0.5931668281555176,t5_rho0.50_n800,t5,800,0.5,0.25
True,5,5,0.2736757203390564,0.374491999515507,0.3342596705978059,0.0875295102831541,-10.462075321109584,0.3092678137318328,86.5202105225579,2.615668108020662e-14,equivalent,True,1.0,1.0,8.979482733886785e-07,8.901575326286465e-07,True,434,0.57322096824646,t5_rho0.50_n800,t5,800,0.5,0.25
True,5,5,0.26918027637838,0.3622901059557052,0.31798755582797456,0.08449439729374383,-11.030464433421479,0.3023139003333018,82.62027672764901,1.5356827827341312e-13,equivalent,True,1.0,1.0,7.873489282672956e-07,9.76236173454364e-07,True,435,0.6120932102203369,t5_rho0.50_n800,t5,800,0.5,0.25
True,5,5,0.2878543873770641,0.41430074166112435,0.3729800909598207,0.08147435296919578,-10.764367890982422,0.3184316177595205,114.82085113010167,5.668916203034528e-20,equivalent,True,1.0,1.0,7.716270920195291e-07,8.879412462814872e-07,True,436,0.5881881713867188,t5_rho0.50_n800,t5,800,0.5,0.25
True,5,5,0.18844066233219361,0.17754941610097907,0.1362447410593597,0.0536740260005369,-20.750358076912278,0.21191066863158656,53.15769094627451,6.960343810744939e-08,equivalent,True,1.0,1.0,6.836959010857851e-07,9.115133185791676e-07,True,437,0.5871491432189941,t5_rho0.50_n800,t5,800,0.5,0.25
True,5,5,0.28021274601988017,0.39259591516000936,0.354069342222634,0.07412988012707779,-12.085958539815648,0.30854566741898537,127.54429628943309,1.4793930126264332e-22,equivalent,True,1.0,1.0,8.809076250678046e-07,8.400738702635772e-07,True,438,0.5829219818115234,t5_rho0.50_n800,t5,800,0.5,0.25
True,5,5,0.272088000130169,0.3701593990741742,0.3274188098487442,0.07971183793840982,-11.573954559473309,0.3028310141292353,92.54586248033426,1.6724696181124884e-15,equivalent,True,1.0,1.0,9.520126278338216e-07,9.15370278669615e-07,True,439,0.6022839546203613,t5_rho0.50_n800,t5,800,0.5,0.25
True,5,5,0.3252382623516438,0.5288996364875835,0.4844179570368703,0.10546760773351001,-7.258930579875881,0.3627386756725093,109.57766342187801,6.491533961059824e-19,equivalent,True,1.0,1.0,9.338619540472624e-07,9.21437362489406e-07,True,440,0.608198881149292,t5_rho0.50_n800,t5,800,0.5,0.25
True,5,5,0.2816617922362076,0.3966668260285628,0.3517876434425309,0.09153366095521467,-9.812918517450578,0.3169691207839849,82.37541822737236,1.7157211181791626e-13,equivalent,True,1.0,1.0,9.802920098402417e-07,9.704666822651697e-07,True,441,0.6167130470275879,t5_rho0.50_n800,t5,800,0.5,0.25
True,5,5,0.2985338392837275,0.4456122659874122,0.4063033405878377,0.08360917068529118,-10.090958354172367,0.3297963578440319,122.23283759571845,1.7814781893522266e-21,equivalent,True,1.0,1.0,9.65998207260567e-07,9.81175911440606e-07,True,442,0.5808799266815186,t5_rho0.50_n800,t5,800,0.5,0.25
True,5,5,0.26473781920630785,0.35043056459055866,0.3111642029649634,0.07608909751954873,-12.338637566227302,0.29540468208593357,96.22710865553114,3.0920885484631906e-16,equivalent,True,1.0,1.0,9.732162019607182e-07,9.670352569972193e-07,True,443,0.5867488384246826,t5_rho0.50_n800,t5,800,0.5,0.25
True,5,5,0.26511819714118123,0.3514382922769512,0.30826783199538194,0.08917103284815028,-10.560965124271886,0.301642546334124,69.9679305430067,4.497447115134448e-11,equivalent,True,1.0,1.0,8.47351605386994e-07,9.084770579879853e-07,True,444,0.5991570949554443,t5_rho0.50_n800,t5,800,0.5,0.25
True,5,5,0.2654673904695186,0.3523646770134793,0.308107379853052,0.08282620648358283,-11.371915485875146,0.2981088277774426,87.02339775120352,2.080406423990659e-14,equivalent,True,0.9940298507462687,0.9970149253731343,9.589085487618531e-07,9.775554963369608e-07,True,445,0.612375020980835,t5_rho0.50_n800,t5,800,0.5,0.25
True,5,5,0.26949830069764463,0.3631466703945905,0.32192489616393,0.07934189818820352,-11.697162848746355,0.30080914386634294,98.23200960275634,1.2301245108105938e-16,equivalent,True,1.0,1.0,9.698208106408578e-07,8.604790670079619e-07,True,446,0.6000373363494873,t5_rho0.50_n800,t5,800,0.5,0.25
True,5,5,0.2476231861186989,0.306586211517879,0.26744234525911015,0.07248159819348914,-13.555960122705336,0.2780877433239049,80.00788375969753,5.002633032104338e-13,equivalent,True,1.0,0.9970149253731343,9.521078779051509e-07,9.338699882685945e-07,True,447,0.5887489318847656,t5_rho0.50_n800,t5,800,0.5,0.25
True,5,5,0.2670038519217058,0.356455284705141,0.3144877983257369,0.07808068925051245,-11.981351735674172,0.2976303422819364,91.46854428901781,2.7378828183630948e-15,equivalent,True,1.0,1.0,7.983701229788955e-07,8.32868021345661e-07,True,448,0.5828931331634521,t5_rho0.50_n800,t5,800,0.5,0.25
True,5,5,0.21731318430738725,0.2361251003690823,0.1935554663267302,0.06598594874455826,-16.010143883252002,0.24580182808394685,58.948917476835796,5.726130645918447e-09,equivalent,True,1.0,1.0,8.230502516086218e-07,9.432715020155391e-07,True,449,0.5987520217895508,t5_rho0.50_n800,t5,800,0.5,0.25
True,5,5,0.25045832670455187,0.3136468670782202,0.2743951603139129,0.07330622789817988,-13.308621486310447,0.2810598424358646,81.49057296694153,2.560395399935471e-13,equivalent,True,1.0,0.9940298507462687,9.975417903108306e-07,9.985144571715569e-07,True,450,0.5839962959289551,t5_rho0.50_n800,t5,800,0.5,0.25
True,5,5,0.2451698906355511,0.30054137637124045,0.25738600821445884,0.07205602240418892,-13.775586809629898,0.2741924937009347,79.9757412314722,5.075730672026441e-13,equivalent,True,0.9970149253731343,1.0,8.983367019205214e-07,9.893647580793643e-07,True,451,0.6050510406494141,t5_rho0.50_n800,t5,800,0.5,0.25
True,5,5,0.24476545129734417,0.29955063074396276,0.2623404436014778,0.06903928812485621,-14.305761012662225,0.274189703335408,83.99803010102265,8.224965250955317e-14,equivalent,True,1.0,1.0,8.660544076811867e-07,9.130467826692612e-07,True,452,0.5671947002410889,t5_rho0.50_n800,t5,800,0.5,0.25
True,5,5,0.3266764875104405,0.5335876374607949,0.48993088548711233,0.09996367987274903,-7.603452728835458,0.361761387350618,126.22034050943546,2.7526101645882894e-22,equivalent,True,1.0,1.0,9.315526948645874e-07,9.883971173750308e-07,True,453,0.5962209701538086,t5_rho0.50_n800,t5,800,0.5,0.25
True,5,5,0.30605748993259335,0.4683559357191974,0.42711012690178723,0.08912004623189117,-9.233499172083528,0.3387328027163582,117.97145555807944,1.3048011725967227e-20,equivalent,True,0.9970149253731343,1.0,8.883611967268321e-07,7.39356535774823e-07,True,454,0.5935549736022949,t5_rho0.50_n800,t5,800,0.5,0.25
True,5,5,0.22419503806225666,0.25131707545868354,0.21155087448862436,0.06575182476945123,-15.793464731245706,0.2528647867692668,65.85172016419675,2.7844692553822694e-10,equivalent,True,0.9970149253731343,0.9970149253731343,9.824031012962672e-07,9.600212080546082e-07,True,455,0.5971570014953613,t5_rho0.50_n800,t5,800,0.5,0.25
True,5,5,0.21340263045841043,0.22770341343284442,0.18843822866135984,0.06272190544982938,-16.924896712326014,0.24149806720958203,60.424892239836296,3.0115183254702636e-09,equivalent,True,1.0,1.0,7.814400435706506e-07,9.586442724870322e-07,True,456,0.5860810279846191,t5_rho0.50_n800,t5,800,0.5,0.25
True,5,5,0.2509129217370603,0.31478647147314076,0.2726414211506014,0.07822614024314604,-12.494015118367443,0.28330618477257236,75.37573705421939,4.020254971663741e-12,equivalent,True,1.0,1.0,8.141107840909157e-07,9.104356707130745e-07,True,457,0.580786943435669,t5_rho0.50_n800,t5,800,0.5,0.25
True,5,5,0.25908118690380905,0.33561530703743214,0.29606339449867336,0.07300578053341178,-13.066590049876238,0.2884951359719879,93.45273767524327,1.1040615567934971e-15,equivalent,True,0.9970149253731343,0.9970149253731343,8.449979386824127e-07,8.99962730464971e-07,True,458,0.5841081142425537,t5_rho0.50_n800,t5,800,0.5,0.25
True,5,5,0.24051422373865058,0.28923545910302834,0.24591665924514458,0.07230960161596212,-13.88589230635738,0.27013158635249446,75.71083737666575,3.4592259196536187e-12,equivalent,True,1.0,1.0,9.379873855945134e-07,9.200066041792637e-07,True,459,0.6168177127838135,t5_rho0.50_n800,t5,800,0.5,0.25
True,5,5,0.2823910955041695,0.39872365410022503,0.35869725224627613,0.08231346954739069,-10.828151852359598,0.31435357837259026,104.81076079139555,5.911493038769556e-18,equivalent,True,1.0,1.0,9.871172461356196e-07,9.095157348344974e-07,True,460,0.5826890468597412,t5_rho0.50_n800,t5,800,0.5,0.25
True,5,5,0.2670692534525139,0.35662993069841564,0.3199244297586691,0.07532703330445141,-12.347168465831093,0.2979350176454558,98.73736903876316,9.748494426643874e-17,equivalent,True,1.0,1.0,9.381342145197467e-07,9.336646770325255e-07,True,461,0.5615890026092529,t5_rho0.50_n800,t5,800,0.5,0.25
True,5,5,0.27037082631676923,0.36550191861606296,0.322573406407375,0.07639575525392425,-12.139766018544407,0.2994105013256847,106.26589187872176,3.014399483950176e-18,equivalent,True,1.0,1.0,9.975578287830166e-07,9.904427021435306e-07,True,462,0.6106259822845459,t5_rho0.50_n800,t5,800,0.5,0.25
True,5,5,0.18788251076570206,0.17649918925812078,0.13148356159656413,0.05770835069961177,-19.38222847895323,0.2127934921703237,49.072966305967725,3.949728764795924e-07,equivalent,True,1.0,1.0,7.111952193209852e-07,9.29381978028493e-07,True,463,0.6306912899017334,t5_rho0.50_n800,t5,800,0.5,0.25
True,5,5,0.2814888772913534,0.39617994019373304,0.35569422897784625,0.0849474056599597,-10.527758488611365,0.314776198997875,93.73337630978361,9.708370974374942e-16,equivalent,True,1.0,1.0,9.442470634239162e-07,6.736065645401398e-07,True,464,0.5830461978912354,t5_rho0.50_n800,t5,800,0.5,0.25
True,5,5,0.20693459531028843,0.2141096336811642,0.1770390797048514,0.05780797362529287,-18.56077722512822,0.23329154926363252,66.779743852943,1.8482442413968556e-10,equivalent,True,1.0,0.9970149253731343,9.883615557441378e-07,9.64634834127389e-07,True,465,0.5658941268920898,t5_rho0.50_n800,t5,800,0.5,0.25
True,5,5,0.2773790399058296,0.38469565889539914,0.3449226366252527,0.08189086754541598,-11.052238063942832,0.3097163628617425,97.88659128690385,1.4420030911746253e-16,equivalent,True,1.0,1.0,9.985390797225257e-07,8.616409613633321e-07,True,466,0.5935261249542236,t5_rho0.50_n800,t5,800,0.5,0.25
True,5,5,0.2682329712962533,0.35974463445208316,0.31804764500767363,0.08038130150261381,-11.59414363254645,0.3000876939573923,91.43292963933268,2.782834490108625e-15,equivalent,True,1.0,1.0,8.996582078227439e-07,8.689472391154531e-07,True,467,0.6011340618133545,t5_rho0.50_n800,t5,800,0.5,0.25
True,5,5,0.2295299873064174,0.2634200753644207,0.22458574865697753,0.07059854306941005,-14.524580915711965,0.2610402337886581,64.63856944211223,4.75249684018965e-10,equivalent,True,1.0,1.0,9.405593732415278e-07,9.73101824154252e-07,True,468,0.5777418613433838,t5_rho0.50_n800,t5,800,0.5,0.25
True,5,5,0.2829890539047263,0.4004140231494604,0.3551784780794615,0.09143024813920664,-9.786930913258955,0.317983601257772,83.1420170047113,1.2124572566570593e-13,equivalent,True,1.0,1.0,8.508361990075319e-07,8.796968756930652e-07,True,469,0.6088387966156006,t5_rho0.50_n800,t5,800,0.5,0.25
True,5,5,0.29615559792035184,0.43854069089780545,0.39912561253682327,0.08401170153542449,-10.128046116342446,0.3278147539430557,120.29464497563276,4.409202948270192e-21,equivalent,True,1.0,1.0,8.995940187664202e-07,8.636054860296722e-07,True,470,0.5847508907318115,t5_rho0.50_n800,t5,800,0.5,0.25
True,5,5,0.2949960258139582,0.4351132762301474,0.3927169301745038,0.09395782290454184,-9.124126584930224,0.3308364538437394,101.74845980669133,2.4332724219592114e-17,equivalent,True,1.0,1.0,9.574457006191221e-07,8.227696766025665e-07,True,471,0.6269321441650391,t5_rho0.50_n800,t5,800,0.5,0.25
True,5,5,0.23318044319543646,0.2718655954441008,0.22901599048056143,0.07141923376450247,-14.295644964296697,0.2632451998317152,66.80931674070845,1.8242420329802116e-10,equivalent,True,1.0,1.0,8.900566556108754e-07,9.74516491136711e-07,True,472,0.6200928688049316,t5_rho0.50_n800,t5,800,0.5,0.25
True,5,5,0.24488601702356766,0.2998458066683353,0.25544076135033716,0.08025836954627424,-12.391969140068737,0.27837170531206573,65.91765386909596,2.704629111681785e-10,equivalent,True,1.0,1.0,8.305573180646602e-07,7.686921334341657e-07,True,473,0.6267380714416504,t5_rho0.50_n800,t5,800,0.5,0.25
True,5,5,0.2734422487948607,0.3738533171299524,0.3347566024242797,0.07852918944481631,-11.65481783329594,0.3046065083034652,102.0406533388057,2.126286252794364e-17,equivalent,True,0.9970149253731343,1.0,8.890100897810898e-07,7.462125870707878e-07,True,474,0.5949869155883789,t5_rho0.50_n800,t5,800,0.5,0.25
True,5,5,0.27773139758505444,0.3856736460227379,0.34871327332860047,0.07749105196973935,-11.63084903045782,0.30860159144674265,108.40539463809728,1.1183375091519515e-18,equivalent,True,1.0,1.0,9.33797536958078e-07,8.491125717070885e-07,True,475,0.5762131214141846,t5_rho0.50_n800,t5,800,0.5,0.25
True,5,5,0.3008518946722484,0.45255931263940813,0.4129410590666871,0.08264806931200214,-10.127991469145613,0.33132613408394773,134.61579323806944,5.3308134819623604e-24,equivalent,True,1.0,1.0,9.889528871375538e-07,9.612783017569332e-07,True,476,0.5769410133361816,t5_rho0.50_n800,t5,800,0.5,0.25
True,5,5,0.27232016009193677,0.3707913479624904,0.3326269354953276,0.07897148822689652,-11.616509769562994,0.30414584472949613,96.8227591004947,2.351781865466602e-16,equivalent,True,1.0,1.0,7.149650754427592e-07,8.042402269604662e-07,True,477,0.57464599609375,t5_rho0.50_n800,t5,800,0.5,0.25
True,5,5,0.28324928719250847,0.4011507934753207,0.3573597413774668,0.08995379615757418,-9.923319490139964,0.3179058254405873,91.90053611784964,2.2470254520154223e-15,equivalent,True,0.9970149253731343,1.0,9.676745861723615e-07,8.046694904696134e-07,True,478,0.5938558578491211,t5_rho0.50_n800,t5,800,0.5,0.25
True,5,5,0.2355793939754541,0.27748825432921115,0.23975185687182488,0.06837768317506542,-14.77453017151321,0.26541406784301014,72.84161543487821,1.2497134248812156e-11,equivalent,True,1.0,1.0,9.395473504362769e-07,8.492510272641053e-07,True,479,0.5780091285705566,t5_rho0.50_n800,t5,800,0.5,0.25
True,5,5,0.24786272706475376,0.30717965733988306,0.26245629681304,0.07853507952580129,-12.574555334377937,0.2798696150760123,68.89368545562411,7.247267628795804e-11,equivalent,True,1.0,0.9970149253731343,9.968999493111106e-07,7.835602715528716e-07,True,480,0.6034071445465088,t5_rho0.50_n800,t5,800,0.5,0.25
True,5,5,0.27643965553409855,0.3820944157590553,0.34003607926423085,0.0847587332669682,-10.735931103047717,0.30966168283926115,89.63443946597982,6.328618234699102e-15,equivalent,True,1.0,1.0,9.047434929228608e-07,7.547553705454627e-07,True,481,0.5902976989746094,t5_rho0.50_n800,t5,800,0.5,0.25
True,5,5,0.29043707390814627,0.42176846950163016,0.37992747348497474,0.08635596688357079,-10.075418733810233,0.3231007269636877,102.96766015433164,1.3858524113362926e-17,equivalent,True,1.0,1.0,6.892158810108197e-07,6.136105121986478e-07,True,482,0.5971739292144775,t5_rho0.50_n800,t5,800,0.5,0.25
True,5,5,0.3244278029900809,0.5262669967648537,0.48505100117940125,0.0924694613558096,-8.27245003490592,0.35697331274837724,142.3709292561275,1.3760761306572586e-25,equivalent,True,1.0,0.9970149253731343,9.165119676829407e-07,9.801013280326846e-07,True,483,0.59197998046875,t5_rho0.50_n800,t5,800,0.5,0.25
True,5,5,0.20710720858854587,0.21446697924669725,0.16976521953435564,0.06606037308148349,-16.35223553965109,0.23597663604484287,48.346434939547635,5.364963297969774e-07,equivalent,True,1.0,1.0,8.32655055967943e-07,8.673726997880414e-07,True,484,0.6013438701629639,t5_rho0.50_n800,t5,800,0.5,0.25
True,5,5,0.2884182884717476,0.415925545624861,0.3756325596504588,0.08001657744255743,-10.927328664828673,0.31851157507164246,119.53939784304475,6.274909182397765e-21,equivalent,True,1.0,1.0,6.824869893308643e-07,9.265769286471756e-07,True,485,0.5821061134338379,t5_rho0.50_n800,t5,800,0.5,0.25
True,5,5,0.2754584226328421,0.3793867129968672,0.3402190960738665,0.0795660902700905,-11.43427936245005,0.30695070230803284,100.3455989339036,4.647248423795444e-17,equivalent,True,1.0,1.0,9.374588633401412e-07,9.738689888623848e-07,True,486,0.5868179798126221,t5_rho0.50_n800,t5,800,0.5,0.25
True,5,5,0.2938392180700515,0.4317074303800964,0.3898083264879292,0.0874344481342821,-9.838132359353212,0.32668798435880786,107.40630951605534,1.777239709371105e-18,equivalent,True,1.0,1.0,9.610754966709204e-07,7.81917691426837e-07,True,487,0.5892200469970703,t5_rho0.50_n800,t5,800,0.5,0.25
True,5,5,0.25474969782134593,0.3244870427003354,0.2863135852561979,0.07080046892430397,-13.61129988805757,0.28382036338367417,99.2702527077315,7.627413549713319e-17,equivalent,True,1.0,0.991044776119403,8.745541587992502e-07,7.99501782857697e-07,True,488,0.5637009143829346,t5_rho0.50_n800,t5,800,0.5,0.25
True,5,5,0.2702370079004789,0.3651402021950175,0.32544251172080163,0.07549655384272456,-12.24635352502644,0.2998744044200319,104.58548986231303,6.5607042077808715e-18,equivalent,True,0.9970149253731343,1.0,9.074347064669884e-07,9.994002764253082e-07,True,489,0.5744009017944336,t5_rho0.50_n800,t5,800,0.5,0.25
True,5,5,0.25610478141321635,0.3279482953135566,0.2925607321453397,0.06815748273024212,-14.047456412732735,0.28448895051233913,103.04794817676012,1.3353939095775139e-17,equivalent,True,1.0,1.0,9.589351927270706e-07,9.823103457175407e-07,True,490,0.5581438541412354,t5_rho0.50_n800,t5,800,0.5,0.25
True,5,5,0.30079253592918864,0.4523807483535613,0.4144695716856444,0.08230099532365266,-10.152130299622643,0.331615036554578,130.44272991288796,3.7940960560008185e-23,equivalent,True,0.9970149253731343,0.9940298507462687,9.425583765452087e-07,8.305147274314591e-07,True,491,0.5796921253204346,t5_rho0.50_n800,t5,800,0.5,0.25
True,5,5,0.24675740502919924,0.30444608468372136,0.2650886298896663,0.06995740384150609,-14.078729570092776,0.2757383975185453,84.01269623170074,8.170433386994309e-14,equivalent,True,1.0,1.0,9.16457740169403e-07,7.764141488239911e-07,True,492,0.5738961696624756,t5_rho0.50_n800,t5,800,0.5,0.25
True,5,5,0.22874659767920016,0.26162502974904933,0.2228380483253018,0.06388878121188406,-16.077344600895817,0.2560959749090869,75.667948968867,3.5264279713405093e-12,equivalent,True,1.0,1.0,9.624696488910705e-07,9.423936411771389e-07,True,493,0.5823581218719482,t5_rho0.50_n800,t5,800,0.5,0.25
True,5,5,0.2724822209483346,0.37123280366468514,0.33088365125087904,0.07238620284365305,-12.697396916016167,0.29998278601930034,119.37336338723797,6.780919496048133e-21,equivalent,True,1.0,0.9970149253731343,9.096037024228673e-07,8.783145108501461e-07,True,494,0.5972421169281006,t5_rho0.50_n800,t5,800,0.5,0.25
True,5,5,0.28036188199939704,0.39301392439121907,0.35268921026783584,0.08816572949877746,-10.177546251058997,0.31550243428750985,92.29512103305427,1.8758551106958705e-15,equivalent,True,1.0,0.9970149253731343,9.528204604287106e-07,9.17025823443171e-07,True,495,0.5876750946044922,t5_rho0.50_n800,t5,800,0.5,0.25
True,5,5,0.2734736427382575,0.3739391663626606,0.33252449952247154,0.08241930287015282,-11.13180369801188,0.3059713021769376,88.52473163162705,1.0498926133644448e-14,equivalent,True,1.0,0.9970149253731343,8.652767055541599e-07,8.049282910817439e-07,True,496,0.5724658966064453,t5_rho0.50_n800,t5,800,0.5,0.25
True,5,5,0.30480822097014104,0.4645402578549116,0.42516689008155145,0.08931296742360532,-9.235311889328694,0.33825246443509244,120.37898255328994,4.238800885521589e-21,equivalent,True,1.0,0.9970149253731343,7.644607798637463e-07,7.307520851778028e-07,True,497,0.5806100368499756,t5_rho0.50_n800,t5,800,0.5,0.25
True,5,5,0.2869573014285705,0.41172246421583736,0.3721203287019847,0.0800098508690602,-10.972144826700223,0.31740347260097984,120.76695703673703,3.535814797687424e-21,equivalent,True,1.0,1.0,9.600978949499812e-07,8.398011843856962e-07,True,498,0.5889549255371094,t5_rho0.50_n800,t5,800,0.5,0.25
True,5,5,0.25585605896019364,0.32731161453321045,0.2862642546570353,0.07460540733362266,-12.917773386496005,0.2859997305942565,84.49252113402937,6.572039068505974e-14,equivalent,True,1.0,1.0,7.906335408506042e-07,9.897404273957965e-07,True,499,0.6006200313568115,t5_rho0.50_n800,t5,800,0.5,0.25
True,5,5,0.2688934530685214,0.36151844551556567,0.3210312575228102,0.08087789778963396,-11.486064399120112,0.30135147620089736,85.13204463000643,4.915927739522255e-14,equivalent,True,1.0,1.0,7.156999752919138e-07,9.76001966469713e-07,True,500,0.584557056427002,t5_rho0.50_n800,t5,800,0.5,0.25
True,5,5,0.26543392390350534,0.3522758397940593,0.31138340251900554,0.07642017894499593,-12.282313525548947,0.2956631228371109,97.08479044387737,2.084931913302095e-16,equivalent,True,0.9940298507462687,1.0,8.723970479771077e-07,8.278385081564406e-07,True,501,0.5856859683990479,t5_rho0.50_n800,t5,800,0.5,0.25
True,5,5,0.29115020432206085,0.42384220738388895,0.3878229152713409,0.0804991848024537,-10.710382805048965,0.3225623323825315,121.52371291101338,2.4821540305937e-21,equivalent,True,1.0,1.0,9.962813690540589e-07,7.970788634618737e-07,True,502,0.5670328140258789,t5_rho0.50_n800,t5,800,0.5,0.25
True,5,5,0.28041687287909706,0.3931681129764585,0.35297599807200486,0.08285657103499655,-10.826226462462639,0.3128139796926222,105.03814879732201,5.321215044289915e-18,equivalent,True,1.0,1.0,9.141814769543472e-07,7.66825058536044e-07,True,503,0.5776958465576172,t5_rho0.50_n800,t5,800,0.5,0.25
True,5,5,0.27989956671790983,0.39171883724436835,0.35506674844334246,0.07780338723713827,-11.502497299108267,0.3108188965071008,109.49097743152304,6.758061606179915e-19,equivalent,True,1.0,0.9970149253731343,7.854331715173338e-07,8.925082828820099e-07,True,504,0.568047046661377,t5_rho0.50_n800,t5,800,0.5,0.25
True,5,5,0.33433417981488794,0.5588967189624691,0.5163651476723037,0.09844977826760686,-7.4518690162361265,0.36832068161544906,137.40467806949164,1.4331044762238725e-24,equivalent,True,1.0,1.0,6.76380301818367e-07,9.707444202313745e-07,True,505,0.5968921184539795,t5_rho0.50_n800,t5,800,0.5,0.25
True,5,5,0.3071843724712528,0.4718111934527868,0.4302523659784032,0.0909115981670988,-9.016975287519102,0.340525663630661,124.4643723924078,6.267750215015184e-22,equivalent,True,1.0,1.0,9.253625544285992e-07,8.743869404709942e-07,True,506,0.6031241416931152,t5_rho0.50_n800,t5,800,0.5,0.25
True,5,5,0.24070792454917198,0.28970152470384936,0.24835950571585325,0.06934671650499723,-14.443949833038845,0.2692302746261176,79.7196553003962,5.697466888650686e-13,equivalent,True,1.0,1.0,8.7781993759452e-07,8.924761708904155e-07,True,507,0.5791220664978027,t5_rho0.50_n800,t5,800,0.5,0.25
True,5,5,0.20870279187245747,0.2177842766767915,0.17740258339295456,0.06357341583584085,-16.87179149499697,0.23747486056769526,55.849768841822964,2.190299754225633e-08,equivalent,True,0.9940298507462687,1.0,8.939671253357597e-07,9.63161632559544e-07,True,508,0.5975990295410156,t5_rho0.50_n800,t5,800,0.5,0.25
True,5,5,0.2529304460487335,0.3198690526920564,0.27673354970264874,0.07419704247200619,-13.117321363106287,0.28240992338152726,83.60025515526425,9.850760120331704e-14,equivalent,True,1.0,1.0,6.308413111248082e-07,9.061965679565818e-07,True,509,0.608314037322998,t5_rho0.50_n800,t5,800,0.5,0.25
True,5,5,0.2727033486448651,0.3718355818106142,0.33507383376336536,0.07923390371463705,-11.547154984711655,0.30509080866716054,95.86275689205885,3.655296584185685e-16,equivalent,True,1.0,1.0,6.583297070935003e-07,8.708550461318186e-07,True,510,0.5696060657501221,t5_rho0.50_n800,t5,800,0.5,0.25
True,5,5,0.26700051508715783,0.356446375284038,0.313863575461421,0.08222930299489496,-11.384462599624579,0.29970610361961786,87.11731182089657,1.993350925469306e-14,equivalent,True,1.0,1.0,7.592122347188747e-07,9.949168794621527e-07,True,511,0.5887598991394043,t5_rho0.50_n800,t5,800,0.5,0.25
True,5,5,0.2383959328136182,0.2841631039103758,0.24199729651119695,0.07314703614874855,-13.780499615035305,0.26918895379313634,70.70366448555339,3.2421265397429404e-11,equivalent,True,0.9970149253731343,1.0,9.599616205142312e-07,9.813138973147567e-07,True,512,0.6067759990692139,t5_rho0.50_n800,t5,800,0.5,0.25
True,5,5,0.23910574488953762,0.28585778619590324,0.24671428768770468,0.06676157323012659,-15.027892000896651,0.2670308235227779,81.94174315654564,2.087767249303463e-13,equivalent,True,1.0,1.0,9.581290025466138e-07,8.464155141914863e-07,True,513,0.580873966217041,t5_rho0.50_n800,t5,800,0.5,0.25
True,5,5,0.2909435121724323,0.42324063637615134,0.3775795156659631,0.0931117263909195,-9.369609158262987,0.32580198787968745,100.75483739212294,3.848177498674538e-17,equivalent,True,1.0,1.0,8.806847710817264e-07,9.521440808702203e-07,True,514,0.6179420948028564,t5_rho0.50_n800,t5,800,0.5,0.25
True,5,5,0.29621295543283965,0.4387105748312872,0.39870782047117886,0.08494811166746605,-10.0213196364064,0.32815698378979813,117.05570106723715,2.0003155979463614e-20,equivalent,True,1.0,1.0,8.406553248177534e-07,9.351124192463466e-07,True,515,0.5755910873413086,t5_rho0.50_n800,t5,800,0.5,0.25
True,5,5,0.1997994658772104,0.1995991328240928,0.15831932887094305,0.05962704164282225,-18.30848288044273,0.22644959023214223,51.74629089979942,1.2713840993698717e-07,equivalent,True,1.0,1.0,9.56049475184672e-07,9.62407061021314e-07,True,516,0.6046557426452637,t5_rho0.50_n800,t5,800,0.5,0.25
True,5,5,0.29879916296413817,0.4464046989403479,0.40033821596536506,0.09715451118758463,-8.745469187674871,0.3347067869246039,95.77871721242275,3.7991033443768233e-16,equivalent,True,0.9970149253731343,1.0,8.406092040866635e-07,9.868381933709365e-07,True,517,0.6139657497406006,t5_rho0.50_n800,t5,800,0.5,0.25
True,5,5,0.24711769895026142,0.3053357856723602,0.26699160034847763,0.0711441417341528,-13.817137654492617,0.27713292836335723,84.17701813466721,7.583558527051175e-14,equivalent,True,1.0,1.0,8.537968391085923e-07,9.612040478602062e-07,True,518,0.5728189945220947,t5_rho0.50_n800,t5,800,0.5,0.25
True,5,5,0.28439165569506086,0.40439306914489026,0.3668897770571129,0.0811725514723507,-10.87941929783611,0.31635636322202026,107.37465070097927,1.8035093413994507e-18,equivalent,True,1.0,1.0,7.689039255319449e-07,9.385035907019644e-07,True,519,0.5667300224304199,t5_rho0.50_n800,t5,800,0.5,0.25
True,5,5,0.29755223436696265,0.44268666088385933,0.389385020080508,0.10051123958463165,-8.56237554601885,0.3330799594874113,96.41832012901038,2.8320757764198733e-16,equivalent,True,1.0,1.0,8.932283221136207e-07,9.673810041702557e-07,True,520,0.65773606300354,t5_rho0.50_n800,t5,800,0.5,0.25
True,5,5,0.2542566060065182,0.32323210848976924,0.277732852131372,0.08149217095044177,-11.930804352480651,0.2869757986616138,73.81028273124308,8.10507832176892e-12,equivalent,True,0.9940298507462687,1.0,9.700653091927913e-07,7.758047788162847e-07,True,521,0.6263751983642578,t5_rho0.50_n800,t5,800,0.5,0.25
True,5,5,0.23898683675492416,0.28557354071062385,0.2471745944741012,0.06740522078175606,-14.877562804412978,0.26759907187897247,84.3051604395923,7.155239102996946e-14,equivalent,True,1.0,1.0,9.889916830241821e-07,7.766363892836317e-07,True,522,0.5700809955596924,t5_rho0.50_n800,t5,800,0.5,0.25
True,5,5,0.261411514493558,0.3416798995490784,0.29620102294855627,0.0822246527236665,-11.59991493374729,0.2937510991318686,80.11981666275739,4.756174399100342e-13,equivalent,True,1.0,1.0,9.20558464801149e-07,8.191464834000861e-07,True,523,0.5984368324279785,t5_rho0.50_n800,t5,800,0.5,0.25
True,5,5,0.259429414281421,0.3365181049720059,0.2939846950586701,0.0729665195779335,-13.102109165563759,0.28775126044292476,100.87803256016964,3.6356548663800084e-17,equivalent,True,1.0,1.0,9.816571918336355e-07,8.889132895072284e-07,True,524,0.5888912677764893,t5_rho0.50_n800,t5,800,0.5,0.25
True,5,5,0.2802561393870885,0.39271751832077584,0.3497836980111837,0.08695594337512869,-10.35255632964932,0.3139469690431016,88.48733846288309,1.0679429993625023e-14,equivalent,True,1.0,1.0,8.42924623154256e-07,6.551581483752468e-07,True,525,0.6148099899291992,t5_rho0.50_n800,t5,800,0.5,0.25
True,5,5,0.24864475935048327,0.3091210817622987,0.2714690292178093,0.07539588940807816,-12.978571888527224,0.28124161547250387,74.61178670590823,5.6616510572729504e-12,equivalent,True,1.0,1.0,5.673200672727635e-07,9.770271684002265e-07,True,526,0.568795919418335,t5_rho0.50_n800,t5,800,0.5,0.25
True,5,5,0.2501964329927555,0.3129912754114921,0.2712791117443143,0.076506734142672,-12.792610993308617,0.28182316827581805,81.88104939345487,2.1458891738708686e-13,equivalent,True,1.0,1.0,7.575407128932896e-07,9.994407272848251e-07,True,527,0.5858118534088135,t5_rho0.50_n800,t5,800,0.5,0.25
True,5,5,0.2531254227069139,0.32036239810276923,0.276736937201355,0.07888134128070673,-12.338317870828236,0.28512635707900535,74.90324271441806,4.968626774656287e-12,equivalent,True,1.0,1.0,7.906683175412226e-07,9.61418606896764e-07,True,528,0.6119921207427979,t5_rho0.50_n800,t5,800,0.5,0.25
True,5,5,0.2523463794335453,0.318393476066094,0.27602657123640756,0.07489094683698273,-13.005222525543283,0.2825636978690109,81.59181326891554,2.4458195853795176e-13,equivalent,True,0.9970149253731343,1.0,8.078902439950736e-07,7.2606436235709e-07,True,529,0.5866286754608154,t5_rho0.50_n800,t5,800,0.5,0.25
True,5,5,0.2520627509114132,0.3176781519851457,0.2792307012981823,0.07121147434898634,-13.632203343303427,0.28155395687564905,91.9803154004635,2.166493336226049e-15,equivalent,True,1.0,1.0,6.256316895053054e-07,9.896714748079486e-07,True,530,0.5785641670227051,t5_rho0.50_n800,t5,800,0.5,0.25
True,5,5,0.27956397527218957,0.3907800813499471,0.3517761677199267,0.08183228847629213,-10.976398790806153,0.3118904628942331,99.60844883447652,6.527150662125645e-17,equivalent,True,1.0,1.0,8.891991451214495e-07,9.234799532792669e-07,True,531,0.5687501430511475,t5_rho0.50_n800,t5,800,0.5,0.25
True,5,5,0.28766319530361245,0.4137505696614215,0.373163816898109,0.0835110223216891,-10.499646139215843,0.3195394263168051,109.08742320864778,8.150041664387442e-19,equivalent,True,1.0,0.9970149253731343,8.48242099815644e-07,9.66559012918272e-07,True,532,0.587329626083374,t5_rho0.50_n800,t5,800,0.5,0.25
True,5,5,0.2880469347913486,0.41485518321345716,0.37586683761977835,0.08598337449756269,-10.166304445343677,0.32165102301084664,101.75017644460505,2.4313455190979646e-17,equivalent,True,0.9970149253731343,0.9970149253731343,7.607949419855157e-07,8.343503274392016e-07,True,533,0.5822980403900146,t5_rho0.50_n800,t5,800,0.5,0.25
True,5,5,0.2621206080275378,0.34353606576363055,0.2989339323738881,0.08920929098966512,-10.661065199322039,0.29855323083698426,80.7211472569216,3.6251950048984614e-13,equivalent,True,1.0,1.0,9.92663720647485e-07,8.723257489552123e-07,True,534,0.6097190380096436,t5_rho0.50_n800,t5,800,0.5,0.25
True,5,5,0.26262865360112136,0.344869048461689,0.2996631602353263,0.08134829277859709,-11.682320640104562,0.2944381750583684,81.12274423714426,3.023595080248911e-13,equivalent,True,1.0,1.0,9.410329106931451e-07,8.334905624755775e-07,True,535,0.5999298095703125,t5_rho0.50_n800,t5,800,0.5,0.25
True,5,5,0.3053730353070176,0.4662634534631051,0.41822747791984316,0.10193039144592977,-8.16020139117567,0.3423121534466061,104.7114754495517,6.1893201573993835e-18,equivalent,True,0.9970149253731343,1.0,7.625000139230407e-07,9.70858627575534e-07,True,536,0.6278531551361084,t5_rho0.50_n800,t5,800,0.5,0.25
True,5,5,0.2510829757326454,0.3152133035138009,0.27606111115740833,0.07184811585019359,-13.555524418668073,0.28079912574765215,88.02503237929737,1.3184149465755387e-14,equivalent,True,1.0,1.0,8.941965014328722e-07,9.600382907781987e-07,True,537,0.5915451049804688,t5_rho0.50_n800,t5,800,0.5,0.25
True,5,5,0.22763559903357372,0.2590898297368697,0.21738866269681714,0.0699242250458516,-14.767576424709258,0.2578386231251079,64.6408209464625,4.747789481193967e-10,equivalent,True,0.9970149253731343,0.9970149253731343,9.474263512821336e-07,9.498231205951224e-07,True,538,0.5972819328308105,t5_rho0.50_n800,t5,800,0.5,0.25
True,5,5,0.2209240637885904,0.24403720980432575,0.2083211140806025,0.05801992525877074,-17.953812957763667,0.2464773411808659,79.44642986940566,6.444734703229235e-13,equivalent,True,1.0,1.0,7.609959103455977e-07,6.647037961401415e-07,True,539,0.551724910736084,t5_rho0.50_n800,t5,800,0.5,0.25
True,5,5,0.24244862568962353,0.29390668049393587,0.2551387728243064,0.07188484320115099,-13.839652183588045,0.273268665560674,74.07764268206307,7.191228691554517e-12,equivalent,True,1.0,1.0,8.127503506238322e-07,8.622862237594978e-07,True,540,0.5800378322601318,t5_rho0.50_n800,t5,800,0.5,0.25
True,5,5,0.24843141643928485,0.30859084337014686,0.2705165218544629,0.0758687848838762,-12.910230203959665,0.28117950417592946,73.99022930826877,7.478110150112497e-12,equivalent,True,1.0,1.0,6.201649460318201e-07,8.823104444134314e-07,True,541,0.589730978012085,t5_rho0.50_n800,t5,800,0.5,0.25
True,5,5,0.3148084219138196,0.4955217125393472,0.45516697871973044,0.09042230452246282,-8.790231851288596,0.3475337204562498,129.0172816378242,7.410639876273165e-23,equivalent,True,1.0,1.0,9.65694429548884e-07,9.37037935045941e-07,True,542,0.5944249629974365,t5_rho0.50_n800,t5,800,0.5,0.25
True,5,5,0.29959835232083776,0.4487958635668041,0.40656974831005305,0.08835192452349956,-9.546257834662267,0.33223357199737474,115.06279615709028,5.0646937896565754e-20,equivalent,True,1.0,1.0,7.769346619912412e-07,8.210871711915535e-07,True,543,0.5972490310668945,t5_rho0.50_n800,t5,800,0.5,0.25
True,5,5,0.286520854334924,0.4104709998440737,0.36901952431768187,0.0873023183690905,-10.091146399546595,0.3201933975984991,95.8412213746027,3.6916215646674227e-16,equivalent,True,1.0,1.0,9.29218320677776e-07,9.856156756117485e-07,True,544,0.5894157886505127,t5_rho0.50_n800,t5,800,0.5,0.25
True,5,5,0.28640575933413137,0.4101412948988019,0.3696675240637927,0.08489808876801304,-10.369284971087467,0.31915903662440986,102.6041623494122,1.639193243180716e-17,equivalent,True,1.0,1.0,8.78228343447365e-07,9.677936947318933e-07,True,545,0.5952010154724121,t5_rho0.50_n800,t5,800,0.5,0.25
True,5,5,0.24828141049084065,0.3082182939766066,0.259929237729126,0.08180364674640402,-12.103014983429162,0.2808858354484276,67.9890976446251,1.082309002666431e-10,equivalent,True,1.0,0.9970149253731343,8.415286268670491e-07,7.071678955664631e-07,True,546,0.6297121047973633,t5_rho0.50_n800,t5,800,0.5,0.25
True,5,5,0.2718136467786025,0.36941329287541447,0.32965873517866684,0.07717042794494303,-11.926087354056756,0.3021896071930018,105.0998520315179,5.171448007637154e-18,equivalent,True,1.0,1.0,8.381440607646085e-07,7.77380384060869e-07,True,547,0.5764117240905762,t5_rho0.50_n800,t5,800,0.5,0.25
True,5,5,0.28633966302993935,0.409952013120496,0.3658986120141643,0.08495223983682132,-10.407040352132478,0.31800396595873176,102.0168760194577,2.1497517415805715e-17,equivalent,True,1.0,1.0,8.934473084389881e-07,9.018971639547977e-07,True,548,0.6004691123962402,t5_rho0.50_n800,t5,800,0.5,0.25
True,5,5,0.2630039771748914,0.345855460049054,0.2986453029950181,0.08175962453920162,-11.635996402464299,0.29432224447245386,85.29130340648362,4.5728815615374296e-14,equivalent,True,1.0,1.0,8.264948451574466e-07,8.744162684187978e-07,True,549,0.6353721618652344,t5_rho0.50_n800,t5,800,0.5,0.25
True,5,5,0.2647637907785075,0.3504993245370264,0.307865214099757,0.08297001127262241,-11.355124236449502,0.298106939895647,86.2818200370244,2.9152200326133945e-14,equivalent,True,1.0,1.0,9.788107653859794e-07,9.747190316808396e-07,True,550,0.586806058883667,t5_rho0.50_n800,t5,800,0.5,0.25
True,5,5,0.2175618815833135,0.23666586159035863,0.19700921664170187,0.060840355795791105,-17.30743960296076,0.243755080577791,69.01934037521396,6.85420795312419e-11,equivalent,True,1.0,0.9970149253731343,9.340348934263101e-07,8.670413868664353e-07,True,551,0.5718650817871094,t5_rho0.50_n800,t5,800,0.5,0.25
True,5,5,0.32710482747167746,0.5349878407763793,0.4931845768483189,0.10067912382358667,-7.517103788843041,0.36298402136398283,119.60228776422792,6.093249756489512e-21,equivalent,True,1.0,1.0,7.949894999234102e-07,9.67405330668077e-07,True,552,0.5987529754638672,t5_rho0.50_n800,t5,800,0.5,0.25
True,5,5,0.31559620540896527,0.4980048243426889,0.4566955769115402,0.0947995317694553,-8.368231448839971,0.35003626400012616,123.27604140832645,1.093368597441857e-21,equivalent,True,1.0,1.0,9.106549434717745e-07,8.896595513744065e-07,True,553,0.6016190052032471,t5_rho0.50_n800,t5,800,0.5,0.25
True,5,5,0.2633229594481887,0.3466949048627621,0.303084922121636,0.07625697276544115,-12.41742287345946,0.29275125289406073,92.841542722623,1.4607263401661795e-15,equivalent,True,1.0,1.0,5.56814910872713e-07,6.885732070949856e-07,True,554,0.6049239635467529,t5_rho0.50_n800,t5,800,0.5,0.25
True,5,5,0.2246439486602833,0.25232451834842,0.21173567356621487,0.06864841796682868,-15.124373688196,0.25481454936617476,63.77182457922086,6.957541694813737e-10,equivalent,True,1.0,1.0,7.047742085195904e-07,8.768734493806958e-07,True,555,0.5940959453582764,t5_rho0.50_n800,t5,800,0.5,0.25
True,5,5,0.2688683003098519,0.3614508145575435,0.31538614116387087,0.08681509298995604,-10.765568827349618,0.3027157946796068,80.58249492472268,3.859495172532383e-13,equivalent,True,1.0,1.0,8.602142371903615e-07,9.712337449459674e-07,True,556,0.6143560409545898,t5_rho0.50_n800,t5,800,0.5,0.25
True,5,5,0.28087010419345376,0.39444007714820783,0.35772490992195505,0.080059856164035,-11.145099839423374,0.3128615203909171,105.56509263860137,4.169733136455129e-18,equivalent,True,1.0,0.9970149253731343,9.65685497037046e-07,9.778894779860622e-07,True,557,0.5771856307983398,t5_rho0.50_n800,t5,800,0.5,0.25
True,5,5,0.2784508446311313,0.38767436437895214,0.3483698335079687,0.08002230391539952,-11.267235787727943,0.30983699273657644,108.76323235803139,9.4729449795034e-19,equivalent,True,1.0,1.0,8.121863136875826e-07,9.136966789643362e-07,True,558,0.5804517269134521,t5_rho0.50_n800,t5,800,0.5,0.25
True,5,5,0.3016997030908666,0.45511355422558525,0.4174001573391921,0.08348251020932254,-9.973344603236798,0.33308157170399255,131.72751828650829,2.0743355964870812e-23,equivalent,True,1.0,1.0,7.89404429755967e-07,9.871734982449374e-07,True,559,0.5618088245391846,t5_rho0.50_n800,t5,800,0.5,0.25
True,5,5,0.279469949305078,0.3905172628229144,0.34958415215068506,0.08137247725913456,-11.065361141481505,0.31094371403982385,107.95017469059738,1.3811870860739086e-18,equivalent,True,0.9970149253731343,1.0,9.157668406951214e-07,9.113747891021546e-07,True,560,0.5940349102020264,t5_rho0.50_n800,t5,800,0.5,0.25
True,5,5,0.3092858392029034,0.4782886516572212,0.43410310226980187,0.09480773575474823,-8.605805119539898,0.34352523933156826,113.17495076626552,1.219764973529137e-19,equivalent,True,0.9970149253731343,0.9970149253731343,8.956358812703015e-07,9.751940137727536e-07,True,561,0.6120388507843018,t5_rho0.50_n800,t5,800,0.5,0.25
True,5,5,0.2640903781072556,0.3487186390441662,0.3070620983686956,0.07769957279083259,-12.135689653914767,0.29491236748779337,88.43813486253094,1.0921670624823731e-14,equivalent,True,1.0,1.0,9.745362739841243e-07,8.425149366397082e-07,True,562,0.6074361801147461,t5_rho0.50_n800,t5,800,0.5,0.25
True,5,5,0.24972815089225023,0.3118207467403125,0.27297211466601734,0.07083318829944614,-13.793363094198348,0.27909938779900534,85.51512043867672,4.1307591482709044e-14,equivalent,True,1.0,1.0,9.018030175030289e-07,9.61278409680387e-07,True,563,0.5866110324859619,t5_rho0.50_n800,t5,800,0.5,0.25
True,5,5,0.23302885856011415,0.27151224460914847,0.2249244640704137,0.07448376778038382,-13.762401748418961,0.2636055233309762,61.78165209843226,1.6649507564722048e-09,equivalent,True,1.0,1.0,8.948038370130447e-07,8.017338245121458e-07,True,564,0.636448860168457,t5_rho0.50_n800,t5,800,0.5,0.25
True,5,5,0.32181625242829515,0.5178285016349609,0.4777206893030367,0.09727571279697379,-7.9390763479554645,0.35713442799915796,123.86258690761568,8.30822062332755e-22,equivalent,True,1.0,1.0,6.925181004263917e-07,9.110839668707148e-07,True,565,0.6039712429046631,t5_rho0.50_n800,t5,800,0.5,0.25
True,5,5,0.2688440007818724,0.36138548378201707,0.3185218378442573,0.08075538345860134,-11.534564288624278,0.3004505361026985,89.20930239092262,7.683515188345762e-15,equivalent,True,1.0,1.0,9.807940516263918e-07,7.332360787430278e-07,True,566,0.6269710063934326,t5_rho0.50_n800,t5,800,0.5,0.25
True,5,5,0.23398682175002267,0.27374916376338443,0.23077040554777523,0.07300253694824405,-13.961564036806266,0.26489578827295585,65.22258095764123,3.6746883743799414e-10,equivalent,True,1.0,1.0,6.956051267354938e-07,6.969888050066096e-07,True,567,0.5994250774383545,t5_rho0.50_n800,t5,800,0.5,0.25
True,5,5,0.2685882788617431,0.36069831770956723,0.3210768032214777,0.06987904001467651,-13.29330220597511,0.29530241977928506,124.34976053506665,6.613410319342666e-22,equivalent,True,1.0,1.0,8.833836144095625e-07,7.814878109358068e-07,True,568,0.5874969959259033,t5_rho0.50_n800,t5,800,0.5,0.25
True,5,5,0.3038431650571126,0.46160334475961895,0.42325961656059224,0.08308930753571969,-9.95002134400983,0.33464290383081696,138.8977654881828,7.088485383662728e-25,equivalent,True,1.0,1.0,7.045573653120311e-07,7.452545951448111e-07,True,569,0.5811426639556885,t5_rho0.50_n800,t5,800,0.5,0.25
True,5,5,0.22789757475008626,0.2596865228848558,0.2231286598940232,0.06392023974095175,-16.06488561788187,0.256229622825908,72.96454223630502,1.1829374267955487e-11,equivalent,True,1.0,1.0,8.375399276262171e-07,9.978872558287314e-07,True,570,0.571965217590332,t5_rho0.50_n800,t5,800,0.5,0.25
True,5,5,0.2767127447553978,0.38284971555032965,0.3450457280179286,0.07906599788526289,-11.44555556353442,0.30825240352932876,99.83653295140839,5.876060342364915e-17,equivalent,True,1.0,1.0,6.397671253157284e-07,9.505534266896605e-07,True,571,0.5677061080932617,t5_rho0.50_n800,t5,800,0.5,0.25
True,5,5,0.23290387967773069,0.27122108584469423,0.22862803317117325,0.0697815480022156,-14.636705491205177,0.26207192352364106,70.30583970428961,3.869970961087264e-11,equivalent,True,1.0,1.0,7.501891747632314e-07,9.64813266708636e-07,True,572,0.6120927333831787,t5_rho0.50_n800,t5,800,0.5,0.25
True,5,5,0.24206006820203138,0.2929653830898604,0.2568850765273002,0.06400686742351189,-15.515755784478449,0.2691345405401045,94.19751086120684,7.84786047837734e-16,equivalent,True,1.0,1.0,6.379953713034286e-07,6.560224826639826e-07,True,573,0.5666177272796631,t5_rho0.50_n800,t5,800,0.5,0.25
True,5,5,0.2962840545161008,0.43892120480249885,0.39800451108682994,0.08273026115424541,-10.298474548807208,0.32682829779718675,121.34281072586376,2.7012651850442674e-21,equivalent,True,1.0,1.0,9.579589149821351e-07,8.712011284823008e-07,True,574,0.5938849449157715,t5_rho0.50_n800,t5,800,0.5,0.25
True,5,5,0.2959057448850526,0.43780104927988917,0.39204363867205966,0.09335828593228468,-9.189932663826323,0.33033448318144165,99.92678628013246,5.636701583169781e-17,equivalent,True,1.0,1.0,9.309023608419877e-07,9.078880861766802e-07,True,575,0.6193130016326904,t5_rho0.50_n800,t5,800,0.5,0.25
True,5,5,0.3187686427533732,0.5080672380141383,0.46341645152661837,0.09912876855684473,-7.934967415864957,0.3539685765778023,116.41982247926154,2.690808655409721e-20,equivalent,True,1.0,1.0,8.416713490865811e-07,9.930134785632848e-07,True,576,0.6152782440185547,t5_rho0.50_n800,t5,800,0.5,0.25
True,5,5,0.2590370259329549,0.33550090402095184,0.28915904126610714,0.07810493577228463,-12.30192367784835,0.28900872933320243,84.03858445456643,8.075053929595337e-14,equivalent,True,1.0,1.0,8.353335394291741e-07,9.041922366545289e-07,True,577,0.6313831806182861,t5_rho0.50_n800,t5,800,0.5,0.25
True,5,5,0.2798760153272475,0.3916529197772884,0.34605677642747207,0.08737673934613861,-10.345353126437939,0.31297882453998754,93.2529526858533,1.2098771588569468e-15,equivalent,True,0.9970149253731343,1.0,8.659222353187385e-07,9.923323518218275e-07,True,578,0.6065762042999268,t5_rho0.50_n800,t5,800,0.5,0.25
True,5,5,0.30701297441483505,0.4712848322952209,0.42967142845239953,0.09663993867319055,-8.48850467839931,0.3431122213175639,112.50991746487495,1.6620191854482533e-19,equivalent,True,0.9940298507462687,1.0,9.873011538978442e-07,9.303596145253879e-07,True,579,0.5866081714630127,t5_rho0.50_n800,t5,800,0.5,0.25
True,5,5,0.23365371124400117,0.2729702838904754,0.22823344885768415,0.07365165150960307,-13.872961844027255,0.26434055117375416,70.24691092187192,3.97274772621521e-11,equivalent,True,1.0,1.0,6.280018223133401e-07,9.89852220024406e-07,True,580,0.6086957454681396,t5_rho0.50_n800,t5,800,0.5,0.25
True,5,5,0.3121374621501186,0.4871489763875837,0.44777190895053465,0.08948199582381167,-8.965245842627796,0.3449512122976778,130.61902014979017,3.492500861713352e-23,equivalent,True,1.0,1.0,9.450676287263618e-07,9.85121454901952e-07,True,581,0.5848720073699951,t5_rho0.50_n800,t5,800,0.5,0.25
True,5,5,0.3156868751586852,0.4982910157372764,0.45224967434888735,0.10324228514257845,-7.726972766530815,0.35272315532735177,106.7491400007407,2.4098684534271572e-18,equivalent,True,1.0,1.0,9.811514752690016e-07,8.73513395659701e-07,True,582,0.6184079647064209,t5_rho0.50_n800,t5,800,0.5,0.25
True,5,5,0.2833596302572424,0.40146340029760563,0.3554016159467115,0.09748644038195727,-9.176644265071149,0.3211705282206206,85.30339796501525,4.547826980210568e-14,equivalent,True,1.0,0.9970149253731343,9.058173739535605e-07,9.190296975049106e-07,True,583,0.612156867980957,t5_rho0.50_n800,t5,800,0.5,0.25
True,5,5,0.24400107816127586,0.29768263071932527,0.2530700449616838,0.0728427275673679,-13.68606020575376,0.273088143132545,78.20416523688019,1.128002959851938e-12,equivalent,True,1.0,1.0,9.989128987484068e-07,9.556243542923774e-07,True,584,0.6116490364074707,t5_rho0.50_n800,t5,800,0.5,0.25
True,5,5,0.2776898693304803,0.38555831764389603,0.3425743246440399,0.08413154074040798,-10.785796472643558,0.3101478339669376,96.88497024372646,2.2854930898470886e-16,equivalent,True,1.0,1.0,9.113142229803448e-07,6.833478079898848e-07,True,585,0.6044807434082031,t5_rho0.50_n800,t5,800,0.5,0.25
True,5,5,0.2600071009191044,0.3380184626417867,0.2886989735879909,0.08296151166907467,-11.587313286268753,0.2916019605401326,73.35024336331871,9.956415238751714e-12,equivalent,True,1.0,0.9970149253731343,9.112456007499132e-07,9.95398590403584e-07,True,586,0.629586935043335,t5_rho0.50_n800,t5,800,0.5,0.25
True,5,5,0.2630585558905918,0.34599901913621806,0.30462973873864063,0.07493351264655769,-12.61612098341673,0.29253526241995004,97.10481637038109,2.065826862415056e-16,equivalent,True,1.0,1.0,9.340760219008142e-07,8.760703160521503e-07,True,587,0.5754008293151855,t5_rho0.50_n800,t5,800,0.5,0.25
True,5,5,0.30519808174422064,0.4657293455017598,0.4223024915346453,0.08970598677539564,-9.22678115717884,0.3375961223833638,122.20689408528284,1.803231768905587e-21,equivalent,True,1.0,1.0,8.451696091197143e-07,7.604475956387628e-07,True,588,0.6254150867462158,t5_rho0.50_n800,t5,800,0.5,0.25
True,5,5,0.23216549968179426,0.26950409621248606,0.22649533802764327,0.06954983820977097,-14.716132895742176,0.2611109502341383,67.33408582354431,1.446416850141611e-10,equivalent,True,1.0,0.9940298507462687,8.586227647833344e-07,9.407473740611105e-07,True,589,0.5889339447021484,t5_rho0.50_n800,t5,800,0.5,0.25
True,5,5,0.2574213814554136,0.3313288381520677,0.29119391548739204,0.07519513744299165,-12.750905405811858,0.28805517181248846,87.71846360105887,1.5160238355617265e-14,equivalent,True,1.0,1.0,8.052552191349795e-07,8.441252656191409e-07,True,590,0.5990080833435059,t5_rho0.50_n800,t5,800,0.5,0.25
True,5,5,0.2209516922866845,0.24409825162174853,0.20224789173215607,0.06608811547054273,-15.853865718638257,0.2493804997036721,63.5591861255834,7.638725117812951e-10,equivalent,True,0.9970149253731343,1.0,7.768090358867509e-07,9.409699182819472e-07,True,591,0.5886139869689941,t5_rho0.50_n800,t5,800,0.5,0.25
True,5,5,0.28208428613947834,0.39785772243409545,0.35524203776077506,0.07850252610282343,-11.397823823748826,0.3112449847132823,117.26975938322397,1.810231888391754e-20,equivalent,True,1.0,1.0,9.159389001524328e-07,9.746278752024533e-07,True,592,0.6019659042358398,t5_rho0.50_n800,t5,800,0.5,0.25
True,5,5,0.2820090860894968,0.39764562318516616,0.3535002781146569,0.08451374637167287,-10.6077385085112,0.31385124513417495,97.46955353278109,1.7468910151193416e-16,equivalent,True,1.0,1.0,9.86209212111231e-07,8.906825340342261e-07,True,593,0.6087658405303955,t5_rho0.50_n800,t5,800,0.5,0.25
True,5,5,0.25412327561246734,0.32289319604005023,0.27696505122790893,0.082224245398976,-11.833917648628356,0.28712781108619995,72.43183488383744,1.5006417848935797e-11,equivalent,True,1.0,1.0,8.629172803546471e-07,8.542375160444322e-07,True,594,0.6173970699310303,t5_rho0.50_n800,t5,800,0.5,0.25
True,5,5,0.2879613815518918,0.4146087863263711,0.37503430866727494,0.08671421372682057,-10.090222279927097,0.32176590795921217,97.64439549748185,1.6119306626104763e-16,equivalent,True,1.0,1.0,8.717468132914013e-07,9.22733505293535e-07,True,595,0.5716960430145264,t5_rho0.50_n800,t5,800,0.5,0.25
True,5,5,0.2769152010511859,0.38341014286609354,0.33772262000693076,0.08810550066701638,-10.354374847047366,0.3106906089129338,81.90381621458235,2.1239003331809086e-13,equivalent,True,1.0,1.0,9.142982897071656e-07,7.365380080134528e-07,True,596,0.6068711280822754,t5_rho0.50_n800,t5,800,0.5,0.25
True,5,5,0.29124473657716254,0.42411748291950396,0.38228575633261846,0.08939239305782341,-9.706801820442385,0.32536845522442737,98.61396382539215,1.031829371978946e-16,equivalent,True,1.0,1.0,8.426118945224969e-07,9.062440815056203e-07,True,597,0.6040880680084229,t5_rho0.50_n800,t5,800,0.5,0.25
True,5,5,0.28495071912157505,0.4059845616395138,0.3647058363308718,0.07877784410042597,-11.237857214530464,0.314414967494512,120.02280753698474,5.006409116755128e-21,equivalent,True,0.9970149253731343,1.0,9.591608799692356e-07,9.781760570957629e-07,True,598,0.5933630466461182,t5_rho0.50_n800,t5,800,0.5,0.25
True,5,5,0.28548133001186865,0.40749794892672736,0.3670072613202714,0.08656129169044627,-10.200780527136983,0.31918267995331645,98.15480406587584,1.2746093343464266e-16,equivalent,True,1.0,0.9970149253731343,9.51021834095525e-07,9.637504481802749e-07,True,599,0.5793278217315674,t5_rho0.50_n800,t5,800,0.5,0.25
True,5,5,0.2548228497246516,0.32467342370896185,0.2787386896974368,0.08357549352401135,-11.621364940232372,0.28851625373440093,70.60831434617509,3.382677913243707e-11,equivalent,True,1.0,0.9970149253731343,6.675641609143625e-07,9.062167346606056e-07,True,600,0.6034698486328125,t5_rho0.50_n800,t5,800,0.5,0.25
True,5,5,0.2781988472935294,0.3869729931772425,0.3487834287985339,0.07948610367689869,-11.338039349177329,0.30968578744389336,107.27058151801079,1.892625784012382e-18,equivalent,True,1.0,1.0,7.04288171713547e-07,9.281403290990803e-07,True,601,0.5785551071166992,t5_rho0.50_n800,t5,800,0.5,0.25
True,5,5,0.23834876695262514,0.284050673539184,0.24473799402590576,0.07205137776415575,-13.952016424510257,0.2695373681210559,68.0987366329851,1.0309928233770015e-10,equivalent,True,1.0,1.0,8.569374017684876e-07,9.719146921415107e-07,True,602,0.5828759670257568,t5_rho0.50_n800,t5,800,0.5,0.25
True,5,5,0.28611365880589157,0.40930512877647063,0.36681373804862055,0.08249439688123644,-10.706015139705354,0.31701890983406544,113.48360382190208,1.0565689276189355e-19,equivalent,True,1.0,1.0,8.830029332463424e-07,8.507127974778566e-07,True,603,0.5926849842071533,t5_rho0.50_n800,t5,800,0.5,0.25
True,5,5,0.23896014004720337,0.28550974265689527,0.2501604711851888,0.06630358830138164,-15.079719732061266,0.26803737384275855,82.39752210124271,1.698639151658354e-13,equivalent,True,1.0,1.0,9.359946156151708e-07,8.90001335117808e-07,True,604,0.5651149749755859,t5_rho0.50_n800,t5,800,0.5,0.25
True,5,5,0.24413312054987468,0.29800490274709823,0.25765968642124615,0.07525899398058408,-13.185670723086808,0.27620634157489177,71.48036799132967,2.2939682263858593e-11,equivalent,True,1.0,1.0,8.376688155605317e-07,9.650697373404292e-07,True,605,0.5995669364929199,t5_rho0.50_n800,t5,800,0.5,0.25
True,5,5,0.2888106266121601,0.41705789022054285,0.37659755892877395,0.08455414880407973,-10.329504269447325,0.3211469312520233,103.42708569552478,1.1208105343327492e-17,equivalent,True,1.0,1.0,8.856247373402382e-07,9.917857347793505e-07,True,606,0.5848109722137451,t5_rho0.50_n800,t5,800,0.5,0.25
True,5,5,0.26107602384864076,0.3408034511430802,0.30312668995278147,0.07530559099864058,-12.573745156110807,0.2922305132721837,93.71321382409039,9.798490655447746e-16,equivalent,True,1.0,1.0,9.046116019672508e-07,8.16990887882721e-07,True,607,0.5695281028747559,t5_rho0.50_n800,t5,800,0.5,0.25
True,5,5,0.29926365420288414,0.447793673634317,0.4082690444847691,0.08619750434538773,-9.765142992336186,0.3316779528824445,118.51460229249702,1.0126089829654944e-20,equivalent,True,1.0,1.0,8.85676878114171e-07,9.065825748641193e-07,True,608,0.589073896408081,t5_rho0.50_n800,t5,800,0.5,0.25
True,5,5,0.2719211317874812,0.3697055095629236,0.3327555735418394,0.07617804101839089,-12.04079829562327,0.30267385106909966,101.91433392657049,2.2539466001211904e-17,equivalent,True,1.0,1.0,8.816767333858e-07,9.062577743836777e-07,True,609,0.5767838954925537,t5_rho0.50_n800,t5,800,0.5,0.25
True,5,5,0.31828937540558755,0.5065406324803952,0.466565527656865,0.09364993662332645,-8.365563294444303,0.3523083778667544,126.8513674071063,2.0475805743518705e-22,equivalent,True,1.0,1.0,9.696385606938796e-07,7.137928986336951e-07,True,610,0.5821890830993652,t5_rho0.50_n800,t5,800,0.5,0.25
True,5,5,0.3124128256596041,0.48800886818309086,0.4403561723351324,0.09561244241396037,-8.467975581666048,0.3457237755843309,118.99089884961481,8.107026575141582e-21,equivalent,True,0.9970149253731343,0.9970149253731343,9.174929080294165e-07,8.52049906448172e-07,True,611,0.6124160289764404,t5_rho0.50_n800,t5,800,0.5,0.25
True,5,5,0.28263468322603236,0.39941182081139825,0.35973651624960395,0.08258361942445608,-10.780146110752272,0.3148251839312416,103.03661253937231,1.3424052359267107e-17,equivalent,True,1.0,1.0,8.9603558399966e-07,9.940966157843066e-07,True,612,0.5860817432403564,t5_rho0.50_n800,t5,800,0.5,0.25
True,5,5,0.23212398508840895,0.26940772226661946,0.22657541238564194,0.0675549393096583,-15.149515314093984,0.25988204991019287,75.28684220368677,4.183734641332254e-12,equivalent,True,1.0,1.0,6.956445206338123e-07,8.82878871068668e-07,True,613,0.6001918315887451,t5_rho0.50_n800,t5,800,0.5,0.25
True,5,5,0.27921276542242496,0.38979884187419056,0.3491747465913928,0.08358140112669044,-10.77781948214963,0.3119788189542089,98.51787533946802,1.078488320538804e-16,equivalent,True,1.0,1.0,9.092809947660705e-07,9.084130375733921e-07,True,614,0.5829439163208008,t5_rho0.50_n800,t5,800,0.5,0.25
True,5,5,0.230617004553928,0.26592101394713225,0.22311418607236502,0.06620659302535745,-15.510325588485314,0.25768753976016157,73.62025475844214,8.824110361024235e-12,equivalent,True,1.0,1.0,8.380571016609304e-07,9.978748319811128e-07,True,615,0.5950462818145752,t5_rho0.50_n800,t5,800,0.5,0.25
True,5,5,0.24622747948754625,0.30313985827395007,0.26089620724035095,0.0710271386891249,-13.92571643761137,0.2748546721178824,82.44556107463004,1.6620970461901288e-13,equivalent,True,0.9970149253731343,1.0,7.988259871653782e-07,9.69637969184314e-07,True,616,0.6003170013427734,t5_rho0.50_n800,t5,800,0.5,0.25
True,5,5,0.2583642240919447,0.3337603614531631,0.2954464695684251,0.07261929784020155,-13.14462627457602,0.2880606134158399,94.50657945064609,6.810872394458021e-16,equivalent,True,1.0,1.0,8.294916206725966e-07,9.931150316030763e-07,True,617,0.5827028751373291,t5_rho0.50_n800,t5,800,0.5,0.25
True,5,5,0.2987978999321993,0.44640092501946294,0.405531614664367,0.09155504841095341,-9.223613552637289,0.3335045031506595,113.8501479275396,8.908482839121345e-20,equivalent,True,0.9970149253731343,1.0,9.926025414016203e-07,8.905955562254899e-07,True,618,0.5732119083404541,t5_rho0.50_n800,t5,800,0.5,0.25
True,5,5,0.25532000792712634,0.3259415322395393,0.28798240257839114,0.07349876519858738,-13.088894688534149,0.2859640232937501,87.05415252061147,2.0514879094377714e-14,equivalent,True,1.0,1.0,9.7816333779544e-07,8.584841752930758e-07,True,619,0.5561468601226807,t5_rho0.50_n800,t5,800,0.5,0.25
True,5,5,0.25217928135455076,0.3179719497224884,0.27835500906035887,0.07035608068292921,-13.81039110632829,0.2807420394418212,92.7333107192795,1.534936171102509e-15,equivalent,True,1.0,1.0,7.007726384494353e-07,9.141381732269753e-07,True,620,0.5838360786437988,t5_rho0.50_n800,t5,800,0.5,0.25
True,5,5,0.2168339094555048,0.23508472144879025,0.19859605223447663,0.06367987037350624,-16.510773994963344,0.24630879723718271,61.318163510824945,2.038997649924618e-09,equivalent,True,1.0,1.0,7.113196819768257e-07,9.95140705073979e-07,True,621,0.5715060234069824,t5_rho0.50_n800,t5,800,0.5,0.25
True,5,5,0.2089814764431073,0.21836628748170508,0.17786676174635319,0.06267281275001489,-17.106831354930563,0.23704614112424005,55.31202890357898,2.761286413844756e-08,equivalent,True,1.0,1.0,7.745498308822285e-07,9.075283510246801e-07,True,622,0.5946259498596191,t5_rho0.50_n800,t5,800,0.5,0.25
True,5,5,0.23008389740848134,0.26469299923338285,0.21524026816470337,0.07187562212348707,-14.39653252750301,0.2582499354903751,64.81379628668915,4.399676567639384e-10,equivalent,True,1.0,1.0,7.616594334600674e-07,9.402945706714212e-07,True,623,0.6138210296630859,t5_rho0.50_n800,t5,800,0.5,0.25
True,5,5,0.23773259872123523,0.2825839424737593,0.2441119621960285,0.06848163894754804,-14.688434057111408,0.26711579301811567,75.44272770758954,3.9012786644039235e-12,equivalent,True,0.9970149253731343,1.0,8.858338970494359e-07,8.741971467192839e-07,True,624,0.5824029445648193,t5_rho0.50_n800,t5,800,0.5,0.25
True,5,5,0.2508500462533301,0.31462872852648915,0.2720227302695992,0.07787260131647442,-12.558682427416276,0.2828822231901991,74.9329884363193,4.902838005558815e-12,equivalent,True,1.0,1.0,7.052687117903183e-07,8.450747717529567e-07,True,625,0.595588207244873,t5_rho0.50_n800,t5,800,0.5,0.25
True,5,5,0.24910315100193822,0.31026189919547215,0.27204168022164676,0.06688011338834052,-14.622557741489187,0.2764234712535766,100.31797801325898,4.7067958529270405e-17,equivalent,True,1.0,1.0,6.984447417585293e-07,9.338729463812357e-07,True,626,0.5802047252655029,t5_rho0.50_n800,t5,800,0.5,0.25
True,5,5,0.256343132869183,0.3285590088459379,0.28576154856186636,0.08141366878927178,-11.843692414033494,0.28971541793743943,73.93213615826741,7.675045838839032e-12,equivalent,True,0.9970149253731343,1.0,8.279507656448095e-07,7.225322229124204e-07,True,627,0.5895509719848633,t5_rho0.50_n800,t5,800,0.5,0.25
True,5,5,0.2611594355882758,0.3410212539839339,0.30232523299540953,0.07552631303872828,-12.547610612458243,0.2920804556718693,90.36156236121798,4.540733963068039e-15,equivalent,True,1.0,1.0,9.00193125067708e-07,9.098676065269802e-07,True,628,0.5737848281860352,t5_rho0.50_n800,t5,800,0.5,0.25
True,5,5,0.2606406368884484,0.3396677079880801,0.29415320373394904,0.07999962998542433,-11.948140215651037,0.29180160563994506,81.39860748976415,2.669106913349113e-13,equivalent,True,1.0,1.0,9.192034317767209e-07,9.192290931138027e-07,True,629,0.6068620681762695,t5_rho0.50_n800,t5,800,0.5,0.25
True,5,5,0.26515728200976174,0.3515419210140216,0.3076619168269773,0.08349537875780953,-11.286110646990549,0.29832854151436705,79.16117919884005,7.329312013995494e-13,equivalent,True,1.0,1.0,9.850356705827755e-07,8.346619230446581e-07,True,630,0.604233980178833,t5_rho0.50_n800,t5,800,0.5,0.25
True,5,5,0.26656784938436306,0.35529209162702236,0.3157857729915937,0.0767789076908399,-12.167589447483929,0.29734688085811295,92.94275514628353,1.3945727506250756e-15,equivalent,True,1.0,1.0,9.145633521787181e-07,7.533813868845228e-07,True,631,0.5808038711547852,t5_rho0.50_n800,t5,800,0.5,0.25
True,5,5,0.2770675226818112,0.38383206062517977,0.3421694776209203,0.07849152997458447,-11.565967979895854,0.30701027845483797,108.2291939608609,1.2135636609368928e-18,equivalent,True,1.0,1.0,6.590398580106772e-07,7.76657699947129e-07,True,632,0.604743242263794,t5_rho0.50_n800,t5,800,0.5,0.25
True,5,5,0.24719524513591726,0.30552744608903115,0.2690490467489821,0.0722985493841746,-13.568058579412353,0.2785568444418021,85.65260162575896,3.8805977240516343e-14,equivalent,True,0.9970149253731343,1.0,8.021491597807496e-07,9.235341687340961e-07,True,633,0.5713081359863281,t5_rho0.50_n800,t5,800,0.5,0.25
True,5,5,0.26557195406923206,0.3526423139407516,0.3136236348787466,0.07826422588401281,-11.964296005546114,0.29744136588061,93.11779328957819,1.2871449115335751e-15,equivalent,True,1.0,1.0,9.103679985723253e-07,7.994251044568464e-07,True,634,0.5801479816436768,t5_rho0.50_n800,t5,800,0.5,0.25
True,5,5,0.30006992746836525,0.45020980685434986,0.40930095739967637,0.09083389241004562,-9.255345337456307,0.33427815207711664,105.82017031694389,3.705348559980156e-18,equivalent,True,1.0,1.0,9.096418163090243e-07,8.385027711411135e-07,True,635,0.5857439041137695,t5_rho0.50_n800,t5,800,0.5,0.25
True,5,5,0.2688564021816894,0.3614188249704115,0.32113608309579156,0.07878570165231762,-11.789752422378589,0.30024224559862417,103.2451467176108,1.2191092342528328e-17,equivalent,True,1.0,1.0,9.802707298533846e-07,9.76092807830367e-07,True,636,0.5953469276428223,t5_rho0.50_n800,t5,800,0.5,0.25
True,5,5,0.3500068594119689,0.6125240081771488,0.5716049449005992,0.10730887452347665,-6.321891438261091,0.38681063490152906,145.3785355480878,3.321591720842504e-26,equivalent,True,1.0,1.0,9.866983013940447e-07,7.001744117203886e-07,True,637,0.5975971221923828,t5_rho0.50_n800,t5,800,0.5,0.25
True,5,5,0.2208878639929935,0.24395724229693602,0.19881724129549944,0.0703261551707602,-14.94725193140596,0.2507961214603114,58.0038125595838,8.630464983521218e-09,equivalent,True,1.0,1.0,8.752343854293002e-07,9.327106727158738e-07,True,638,0.6055529117584229,t5_rho0.50_n800,t5,800,0.5,0.25
True,5,5,0.30369207645087093,0.46114438649520817,0.41767660022095565,0.09441783850818397,-8.815319360513639,0.33852034631320477,105.83735739190834,3.6759833777531405e-18,equivalent,True,1.0,1.0,8.227080033075293e-07,9.15426506662252e-07,True,639,0.5997219085693359,t5_rho0.50_n800,t5,800,0.5,0.25
True,5,5,0.29991004070308663,0.4497301625726354,0.41035664211908146,0.08617624963992843,-9.743326744772645,0.33229624099480665,126.55346506320343,2.35457048509842e-22,equivalent,True,0.9970149253731343,1.0,9.745377377582878e-07,8.022230349732589e-07,True,640,0.5889089107513428,t5_rho0.50_n800,t5,800,0.5,0.25
True,5,5,0.29091484981755844,0.423157249221863,0.38491757737351606,0.07719121692413822,-11.207005888722643,0.3199643200420893,133.27805378583992,1.000453920796843e-23,equivalent,True,0.9970149253731343,1.0,6.998551327257587e-07,8.400228390036356e-07,True,641,0.5658648014068604,t5_rho0.50_n800,t5,800,0.5,0.25
True,5,5,0.27853667748962996,0.38791340353481074,0.3485346359177325,0.07875847592645613,-11.44594728983896,0.30921862838403963,106.77601954702604,2.3800462238646147e-18,equivalent,True,1.0,1.0,8.19282667353319e-07,7.625225758306659e-07,True,642,0.5757029056549072,t5_rho0.50_n800,t5,800,0.5,0.25
True,5,5,0.29193233750002523,0.4261224483911431,0.38425398701608504,0.0935452348925903,-9.254838196493647,0.32806164235191826,94.65528809079919,6.36183324242052e-16,equivalent,True,1.0,1.0,9.123095959631351e-07,9.64205041960378e-07,True,643,0.5877189636230469,t5_rho0.50_n800,t5,800,0.5,0.25
True,5,5,0.26176474694945123,0.3426039137275512,0.29989290747652386,0.07788724989778853,-12.198493254933279,0.2925768387839943,91.45422859208752,2.7558638849160726e-15,equivalent,True,1.0,0.9970149253731343,9.495538451152633e-07,9.852784383160933e-07,True,644,0.597937822341919,t5_rho0.50_n800,t5,800,0.5,0.25
True,5,5,0.2861866349375463,0.4095139500843821,0.36424997018314953,0.08754393095433298,-10.117777670720535,0.31882500608671627,99.23894218022504,7.738196633110452e-17,equivalent,True,1.0,1.0,9.612793096362272e-07,7.833310368862543e-07,True,645,0.618384838104248,t5_rho0.50_n800,t5,800,0.5,0.25
True,5,5,0.23212549618733752,0.26941122990108823,0.23010221599702724,0.06423563130031418,-15.877446260857164,0.25913719421220355,82.27129997344574,1.7985167739929502e-13,equivalent,True,1.0,0.9970149253731343,7.241952305259279e-07,7.868609796113855e-07,True,646,0.5905771255493164,t5_rho0.50_n800,t5,800,0.5,0.25
True,5,5,0.2527799588148097,0.3194885378920844,0.2813304153338136,0.074254574118719,-13.045251368857993,0.2840663024333317,83.45834322197726,1.0505291495427828e-13,equivalent,True,1.0,1.0,8.488476218815269e-07,6.334694815929822e-07,True,647,0.5720281600952148,t5_rho0.50_n800,t5,800,0.5,0.25
True,5,5,0.2626510533881068,0.3449278792294107,0.30474592495036834,0.07556866860474483,-12.508544777911844,0.29293184312695564,97.72432253079289,1.5537514465155965e-16,equivalent,True,1.0,1.0,9.99488176531498e-07,9.854628649776394e-07,True,648,0.5986177921295166,t5_rho0.50_n800,t5,800,0.5,0.25
True,5,5,0.27825925964941195,0.3871410779031943,0.34415304997014473,0.0856753165267704,-10.573021340946097,0.31147276128079593,99.5668452887803,6.653454000304142e-17,equivalent,True,1.0,1.0,8.987303062932316e-07,9.293069039703096e-07,True,649,0.6095466613769531,t5_rho0.50_n800,t5,800,0.5,0.25
True,5,5,0.2629324893152631,0.3456674696876047,0.306364245307424,0.0744509686712305,-12.674593380505172,0.2928566854816014,97.89665327578041,1.4353440851044026e-16,equivalent,True,1.0,1.0,6.797253415053609e-07,9.610694083679856e-07,True,650,0.5805108547210693,t5_rho0.50_n800,t5,800,0.5,0.25
True,5,5,0.3018891204242886,0.4556852051527531,0.41520825075768014,0.0877609637785195,-9.512107813094056,0.3345331643749345,120.33949683132215,4.317746120645311e-21,equivalent,True,1.0,1.0,8.113957498397767e-07,7.617404539037359e-07,True,651,0.5758693218231201,t5_rho0.50_n800,t5,800,0.5,0.25
True,5,5,0.260173089398331,0.33845018223535966,0.2938366657363504,0.08245401738608214,-11.596321981335569,0.2930738662148392,76.2278412938557,2.7428883447809408e-12,equivalent,True,1.0,1.0,9.61515663903275e-07,8.860894186765917e-07,True,652,0.6243119239807129,t5_rho0.50_n800,t5,800,0.5,0.25
True,5,5,0.2722265509664518,0.3705364752554509,0.32566722921213453,0.08490898537440077,-10.88615965332855,0.3050672325130928,85.64247278305645,3.8985009835377536e-14,equivalent,True,1.0,1.0,8.718980697617295e-07,9.847812539085914e-07,True,653,0.6089379787445068,t5_rho0.50_n800,t5,800,0.5,0.25
True,5,5,0.24855458462676458,0.30889690769491734,0.2683361058672102,0.07412447473543787,-13.243451608075544,0.2793778863767381,79.61719841939367,5.966982610436084e-13,equivalent,True,1.0,1.0,9.48744568463058e-07,9.318563694460489e-07,True,654,0.5961470603942871,t5_rho0.50_n800,t5,800,0.5,0.25
True,5,5,0.292854737825133,0.4288194873331369,0.38878517038164195,0.0822546179547448,-10.470109168730016,0.32375360293223354,120.38548689842023,4.225935523890331e-21,equivalent,True,1.0,0.9940298507462687,9.481545552312974e-07,6.916218530115129e-07,True,655,0.5867819786071777,t5_rho0.50_n800,t5,800,0.5,0.25
True,5,5,0.2499367719704611,0.31234194991507136,0.270274040952755,0.07283213106826274,-13.451837048801796,0.2793106642786816,85.26131788443716,4.635593721931464e-14,equivalent,True,1.0,0.9970149253731343,9.711442746776463e-07,9.97535765796489e-07,True,656,0.6050710678100586,t5_rho0.50_n800,t5,800,0.5,0.25
True,5,5,0.27271986965595657,0.37188063652580977,0.3323181389993798,0.08261919458928908,-11.107368760522755,0.30601131380240876,91.00769060825267,3.379977677985838e-15,equivalent,True,0.9970149253731343,1.0,9.893597192327976e-07,7.733334893022823e-07,True,657,0.5685839653015137,t5_rho0.50_n800,t5,800,0.5,0.25
True,5,5,0.2384450194067653,0.28428013639946337,0.24024509736809685,0.07925116673794089,-12.741199204938527,0.27225049730611506,65.86932231790772,2.7629277601673803e-10,equivalent,True,0.9940298507462687,1.0,8.734582040817485e-07,7.753106714596238e-07,True,658,0.596325159072876,t5_rho0.50_n800,t5,800,0.5,0.25
True,5,5,0.2306802536824183,0.26606689719492427,0.2268206386613643,0.06903877504351814,-14.820357990037936,0.26091351754632486,69.03112508089276,6.81845180852212e-11,equivalent,True,1.0,0.9970149253731343,9.530093882341285e-07,9.123609115385136e-07,True,659,0.5830128192901611,t5_rho0.50_n800,t5,800,0.5,0.25
True,5,5,0.2904170076803956,0.4217101917501747,0.38043132614249386,0.08482719338258989,-10.251060293077883,0.3224777954656602,106.95138152466154,2.1943272870462167e-18,equivalent,True,1.0,1.0,8.007203144142259e-07,6.686610429781258e-07,True,660,0.5981030464172363,t5_rho0.50_n800,t5,800,0.5,0.25
True,5,5,0.28476324004239845,0.4054505143972232,0.36566707504403495,0.07995857635667786,-11.059888322812899,0.31533703536698404,113.78860605798369,9.167378868360578e-20,equivalent,True,0.9970149253731343,1.0,9.233426214584285e-07,9.431531059049904e-07,True,661,0.5911011695861816,t5_rho0.50_n800,t5,800,0.5,0.25
True,5,5,0.2447325465964338,0.2994700968178782,0.25684626373798725,0.07338917749188527,-13.532700191003325,0.27479473012214045,79.23470952764342,7.090329831636423e-13,equivalent,True,1.0,1.0,7.732006618179361e-07,7.007937722230039e-07,True,662,0.595970869064331,t5_rho0.50_n800,t5,800,0.5,0.25
True,5,5,0.31234852137437047,0.4878079940237778,0.44262489858832366,0.10053080035422128,-8.031121791201125,0.3487071407847275,108.2292583480219,1.213527425089713e-18,equivalent,True,1.0,1.0,9.842912427265565e-07,8.052429740169618e-07,True,663,0.6101691722869873,t5_rho0.50_n800,t5,800,0.5,0.25
True,5,5,0.273821223029191,0.3748903109060097,0.3342607687606792,0.07861520732182373,-11.648372655058939,0.304490156707084,99.39992886358172,7.185199054162879e-17,equivalent,True,1.0,1.0,9.61099690161886e-07,8.571907946937418e-07,True,664,0.5774407386779785,t5_rho0.50_n800,t5,800,0.5,0.25
True,5,5,0.25434952256214294,0.32346839813795036,0.28372896929785923,0.07240440208602585,-13.345473519055997,0.2838392547468766,93.09664245261966,1.2996741867846433e-15,equivalent,True,1.0,1.0,9.884434777098058e-07,7.790892525963063e-07,True,665,0.5859940052032471,t5_rho0.50_n800,t5,800,0.5,0.25
True,5,5,0.24186405515533826,0.29249110588092253,0.252183879794723,0.07048562849343792,-14.156305924095886,0.27133832072529246,77.2977701875756,1.6960032190421728e-12,equivalent,True,1.0,1.0,9.685376236361816e-07,9.775887265922704e-07,True,666,0.5837099552154541,t5_rho0.50_n800,t5,800,0.5,0.25
True,5,5,0.27649788563140926,0.3822554037931994,0.344282332338175,0.07492426980884652,-12.08844170216904,0.3057848228019,117.93393385750994,1.3278503839453646e-20,equivalent,True,1.0,1.0,8.896641492190986e-07,9.775952074403346e-07,True,667,0.5845601558685303,t5_rho0.50_n800,t5,800,0.5,0.25
True,5,5,0.2674242311777647,0.35757859710509265,0.31408643512384854,0.07933674689276149,-11.796722219291576,0.29818912488584765,88.28793506252691,1.1695571948028254e-14,equivalent,True,1.0,1.0,9.016112824223294e-07,7.751679147940651e-07,True,668,0.6047458648681641,t5_rho0.50_n800,t5,800,0.5,0.25
True,5,5,0.2844612935151452,0.404591137541548,0.3655955474732689,0.08338047008884883,-10.606853758252077,0.3170943758933074,111.95236457716774,2.153952520730831e-19,equivalent,True,1.0,0.9970149253731343,7.293726150255768e-07,7.73811094687513e-07,True,669,0.5808889865875244,t5_rho0.50_n800,t5,800,0.5,0.25
True,5,5,0.2627515681074362,0.3451919327145835,0.2998802107287203,0.08221159412280937,-11.557004816765518,0.29499364382951904,78.37007354886012,1.0468066590787403e-12,equivalent,True,1.0,1.0,9.817513376496267e-07,8.346695483169734e-07,True,670,0.6075868606567383,t5_rho0.50_n800,t5,800,0.5,0.25
True,5,5,0.2880797007362029,0.4149495698813012,0.37055372252827745,0.08592994789702144,-10.234456077241571,0.31996746990606534,108.81951855200826,9.228779762093135e-19,equivalent,True,1.0,1.0,9.361691742256639e-07,9.859600878706752e-07,True,671,0.6088478565216064,t5_rho0.50_n800,t5,800,0.5,0.25
True,5,5,0.2486122235988977,0.30904018861394156,0.2692367115824402,0.06998809737763992,-14.013286903994308,0.2772568799497982,86.46547689635302,2.6816071244866685e-14,equivalent,True,1.0,1.0,9.651341846826054e-07,7.69906894330044e-07,True,672,0.5862679481506348,t5_rho0.50_n800,t5,800,0.5,0.25
True,5,5,0.25575616373486454,0.3270560764418742,0.2881388430715695,0.07314188779798411,-13.150619786914232,0.28581341553473705,90.76734439896609,3.772384166491219e-15,equivalent,True,1.0,1.0,7.156720197966742e-07,9.123750208564128e-07,True,673,0.5856978893280029,t5_rho0.50_n800,t5,800,0.5,0.25
True,5,5,0.2854430378654968,0.40738863932941727,0.3689443930824027,0.08150441136417944,-10.809913134405072,0.3171773067945807,111.39572675107357,2.79003757920829e-19,equivalent,True,1.0,1.0,9.888030411270222e-07,8.699705057398465e-07,True,674,0.5747489929199219,t5_rho0.50_n800,t5,800,0.5,0.25
True,5,5,0.3123022319992,0.48766342055841055,0.4484190214453286,0.08929929269729628,-8.976341853813373,0.34505167349910865,131.29913140402203,2.537067659744122e-23,equivalent,True,1.0,1.0,9.989386734080514e-07,9.017867476431355e-07,True,675,0.5918548107147217,t5_rho0.50_n800,t5,800,0.5,0.25
True,5,5,0.29950303407818124,0.44851033711018107,0.39886228377146254,0.09517160464126716,-8.943189719630695,0.3332883564868243,98.48122196579426,1.096836356890463e-16,equivalent,True,1.0,1.0,8.263628735383051e-07,9.438127519313119e-07,True,676,0.6323049068450928,t5_rho0.50_n800,t5,800,0.5,0.25
True,5,5,0.24683913615339906,0.3046477956847814,0.2626021478214555,0.0727359242106607,-13.575105601446724,0.27649307281341723,81.0665028609968,3.101434716540847e-13,equivalent,True,1.0,1.0,9.086471279080345e-07,9.373243829103699e-07,True,677,0.594743013381958,t5_rho0.50_n800,t5,800,0.5,0.25
True,5,5,0.23087231462296473,0.2665101282968261,0.22965081509314084,0.06443072061109746,-15.836377045441822,0.25908682698176744,77.93240324466589,1.2747879811959212e-12,equivalent,True,1.0,1.0,9.566922014628566e-07,9.53883862817205e-07,True,678,0.5595571994781494,t5_rho0.50_n800,t5,800,0.5,0.25
True,5,5,0.2851832854913062,0.4066475316180793,0.3612835794803817,0.08841626494154717,-10.051503771474142,0.3183442770181326,93.09048296677875,1.3033457557999844e-15,equivalent,True,1.0,1.0,9.760232696856449e-07,9.766022513980516e-07,True,679,0.6195790767669678,t5_rho0.50_n800,t5,800,0.5,0.25
True,5,5,0.2731167650911463,0.372963836869262,0.32871525016173203,0.08622795335434214,-10.684293364268692,0.30677275367321133,85.64159373271067,3.9000586310235126e-14,equivalent,True,1.0,1.0,8.35090866961283e-07,8.865216863062889e-07,True,680,0.6024160385131836,t5_rho0.50_n800,t5,800,0.5,0.25
True,5,5,0.30435335073471625,0.46315481051724605,0.4205575432724157,0.09146444558926346,-9.068468642474867,0.3379358425313957,113.06789738629521,1.282060691338446e-19,equivalent,True,1.0,1.0,7.366844109842261e-07,8.80828464611835e-07,True,681,0.5885469913482666,t5_rho0.50_n800,t5,800,0.5,0.25
True,5,5,0.24944882898783216,0.3111235914170037,0.2662216993998969,0.07554478903808796,-13.02245082852908,0.27945726673195664,80.5978123747183,3.832886418930618e-13,equivalent,True,1.0,1.0,9.32265465978834e-07,8.450430131468219e-07,True,682,0.6116759777069092,t5_rho0.50_n800,t5,800,0.5,0.25
True,5,5,0.2368181632169122,0.28041421214716034,0.23924234590919535,0.06975645329875008,-14.489808559531735,0.26607574151767965,78.32161081655167,1.0699025945529725e-12,equivalent,True,1.0,0.9970149253731343,8.827771520993974e-07,8.55296982383738e-07,True,683,0.5914199352264404,t5_rho0.50_n800,t5,800,0.5,0.25
True,5,5,0.2602548182456015,0.33866285210025526,0.29126890882774625,0.08330415120812776,-11.508803310136997,0.29267457835710603,74.70317396489698,5.434569489330568e-12,equivalent,True,1.0,1.0,9.777941244158649e-07,9.398464540790917e-07,True,684,0.6201579570770264,t5_rho0.50_n800,t5,800,0.5,0.25
True,5,5,0.27616839272452953,0.3813449057002499,0.33671016629796746,0.08505479268599185,-10.737664567283666,0.30874353451922737,91.43580076593278,2.779183515285032e-15,equivalent,True,1.0,1.0,9.644569349666745e-07,9.397995954669365e-07,True,685,0.6021859645843506,t5_rho0.50_n800,t5,800,0.5,0.25
True,5,5,0.28282386932298176,0.39994670529411536,0.35672547492259665,0.08316674704670687,-10.740765471754424,0.31417275516636645,104.83770265539573,5.838274127811476e-18,equivalent,True,1.0,0.9970149253731343,9.26494643199852e-07,9.594901661575248e-07,True,686,0.6176221370697021,t5_rho0.50_n800,t5,800,0.5,0.25
True,5,5,0.24471844544200932,0.29943558769776846,0.25797710597308343,0.07336027500606855,-13.522616892382885,0.2751886699669784,75.96174526262187,3.090887450916638e-12,equivalent,True,1.0,1.0,9.016899451091703e-07,9.79315267440534e-07,True,687,0.5822131633758545,t5_rho0.50_n800,t5,800,0.5,0.25
True,5,5,0.22165899339837497,0.24566354677190416,0.20669546984977988,0.06390788403121507,-16.325130239652907,0.24972568337650738,66.42445604339387,2.1624025019229235e-10,equivalent,True,0.9970149253731343,0.9970149253731343,8.165545861518295e-07,9.005946334211364e-07,True,688,0.5672650337219238,t5_rho0.50_n800,t5,800,0.5,0.25
True,5,5,0.2994054398032748,0.44821808691896203,0.41196538275439143,0.0871900089264093,-9.611589992529217,0.33328071806539517,115.09066451706292,4.999364370907519e-20,equivalent,True,1.0,1.0,9.050385540157868e-07,9.903975618956145e-07,True,689,0.5661637783050537,t5_rho0.50_n800,t5,800,0.5,0.25
True,5,5,0.21113653421092704,0.22289318039300982,0.18313883158426386,0.06545322613685424,-16.299596389413523,0.24116376510211623,53.776175918277886,5.340948354732368e-08,equivalent,True,1.0,1.0,8.81887277177142e-07,9.110333939356286e-07,True,690,0.5919780731201172,t5_rho0.50_n800,t5,800,0.5,0.25
True,5,5,0.25601207830191125,0.3277109211823197,0.2903655156811151,0.07485790219892882,-12.819414599259458,0.28757461905356035,88.5537526298196,1.0360936860408407e-14,equivalent,True,1.0,1.0,8.127018893963772e-07,8.829664379341661e-07,True,691,0.5645322799682617,t5_rho0.50_n800,t5,800,0.5,0.25
True,5,5,0.2793661489574888,0.390227225916689,0.3499125808770247,0.08477671892259306,-10.617153277007768,0.31284433013174373,95.51429991778681,4.289440375056557e-16,equivalent,True,1.0,0.9970149253731343,7.773736729750199e-07,9.911642020823685e-07,True,692,0.6046593189239502,t5_rho0.50_n800,t5,800,0.5,0.25
True,5,5,0.26894334010700055,0.3616526009395489,0.3187660095432461,0.08612835360597118,-10.81216523326405,0.30345824897517176,76.60864888044426,2.3117213872721733e-12,equivalent,True,1.0,1.0,8.555471519496462e-07,8.076906649484151e-07,True,693,0.6367790699005127,t5_rho0.50_n800,t5,800,0.5,0.25
True,5,5,0.2682282635733334,0.3597320068978281,0.3168937844191952,0.07758778689151868,-12.026457422808704,0.2981658387860177,96.79402810505998,2.383040433022557e-16,equivalent,True,1.0,1.0,9.259860106349732e-07,9.53460186989554e-07,True,694,0.6090278625488281,t5_rho0.50_n800,t5,800,0.5,0.25
True,5,5,0.33681953491357614,0.5672369954969887,0.5318578760885883,0.0910042078346114,-7.891306797775153,0.3692008877056485,166.17995381610268,1.712464142872766e-30,equivalent,True,1.0,1.0,9.131629315532326e-07,9.304833307600863e-07,True,695,0.5937747955322266,t5_rho0.50_n800,t5,800,0.5,0.25
True,5,5,0.28584541284434284,0.408538000220764,0.372258344503869,0.0835450010686874,-10.50621394779188,0.31927343845843614,113.01889533291506,1.3116259434706116e-19,equivalent,True,1.0,1.0,9.922114788038706e-07,9.501388721352162e-07,True,696,0.5646770000457764,t5_rho0.50_n800,t5,800,0.5,0.25
True,5,5,0.26375210587834735,0.34782586677631466,0.30504290715521487,0.08489481887388345,-11.130915942568626,0.29822221845104374,75.39229204296424,3.990520862359378e-12,equivalent,True,0.9970149253731343,1.0,9.73322246815462e-07,9.164714926170766e-07,True,697,0.6000399589538574,t5_rho0.50_n800,t5,800,0.5,0.25
True,5,5,0.28527668286327956,0.4069139289273809,0.36546233053496247,0.07937684670423285,-11.143522402205335,0.3149684507160649,122.61647438281386,1.4887671541321467e-21,equivalent,True,1.0,1.0,8.370477312085487e-07,9.353036393024876e-07,True,698,0.5922348499298096,t5_rho0.50_n800,t5,800,0.5,0.25
True,5,5,0.29760692570235103,0.4428494111300235,0.4023026235900068,0.08592062904781868,-9.866051794595354,0.32973610112005125,122.37578665260912,1.6662327199737328e-21,equivalent,True,1.0,1.0,9.019784984024478e-07,9.715787018829855e-07,True,699,0.5935192108154297,t5_rho0.50_n800,t5,800,0.5,0.25
True,5,5,0.2624640552462681,0.3444369014815804,0.3027007661512336,0.0811538448568961,-11.672881741083264,0.2953597678104302,80.44674688854214,4.103507053269071e-13,equivalent,True,1.0,1.0,7.216502336300775e-07,7.887919903223759e-07,True,700,0.5905258655548096,t5_rho0.50_n800,t5,800,0.5,0.25
True,5,5,0.28856872020146385,0.41635953139355364,0.3774762219179344,0.07812807802407822,-11.167864360021289,0.3181149083028292,122.67131128332483,1.4510512683693517e-21,equivalent,True,1.0,1.0,6.66009929598777e-07,8.787042327520063e-07,True,701,0.5766150951385498,t5_rho0.50_n800,t5,800,0.5,0.25
True,5,5,0.28007408793710575,0.39220747366900816,0.34752327615794504,0.09123480475327016,-9.891803092938687,0.31546510921513043,87.41817158090194,1.7381951288101384e-14,equivalent,True,1.0,0.9970149253731343,8.737438293338628e-07,9.1214266859235e-07,True,702,0.6044180393218994,t5_rho0.50_n800,t5,800,0.5,0.25
True,5,5,0.27802071049976224,0.386477577333963,0.3473589784427725,0.07878584865238503,-11.456892792255307,0.30885276989241905,105.98684756429601,3.4301735756116713e-18,equivalent,True,1.0,1.0,9.846262662928456e-07,8.242318186237611e-07,True,703,0.5733199119567871,t5_rho0.50_n800,t5,800,0.5,0.25
True,5,5,0.2028618624590751,0.20576467620182348,0.16707176149957798,0.058608137266253045,-18.477438270742983,0.2295532916997027,58.31176118335921,7.551362728691425e-09,equivalent,True,1.0,1.0,9.18329463815028e-07,9.827267351641775e-07,True,704,0.5748276710510254,t5_rho0.50_n800,t5,800,0.5,0.25
True,5,5,0.28494079885605145,0.4059562942636239,0.36504785652133376,0.08603580462157338,-10.285858862727082,0.3182967677501036,100.7719092597278,3.818002780978007e-17,equivalent,True,0.9970149253731343,0.9970149253731343,9.062127743620092e-07,9.985303851680599e-07,True,705,0.5908441543579102,t5_rho0.50_n800,t5,800,0.5,0.25
True,5,5,0.2918759181453115,0.4259577579658429,0.3776062845448473,0.09146103409379633,-9.53841954772219,0.32497578315891795,97.41889823907283,1.7880583753923853e-16,equivalent,True,1.0,1.0,9.901311438645473e-07,6.382825995430917e-07,True,706,0.631810188293457,t5_rho0.50_n800,t5,800,0.5,0.25
True,5,5,0.2401293518088273,0.2883105280006378,0.24604752489027815,0.07638396971831433,-13.143496977337737,0.2726492158515769,69.82673888098367,4.788751710140256e-11,equivalent,True,1.0,1.0,9.536969837478524e-07,9.452780560056986e-07,True,707,0.6011819839477539,t5_rho0.50_n800,t5,800,0.5,0.25
True,5,5,0.24877155766240192,0.3094364395088888,0.2714560257679938,0.06771799931970633,-14.450278863262934,0.2767100368829834,93.7829779195963,9.490172863500837e-16,equivalent,True,1.0,1.0,9.35984901826518e-07,9.876889590296095e-07,True,708,0.563715934753418,t5_rho0.50_n800,t5,800,0.5,0.25
True,5,5,0.26855553614901834,0.3606103799814334,0.3233907436792948,0.0751067547366189,-12.337229315393778,0.2989750362877734,99.67910816962106,6.318097584004888e-17,equivalent,True,1.0,1.0,8.823888699282317e-07,7.761633504833803e-07,True,709,0.5703809261322021,t5_rho0.50_n800,t5,800,0.5,0.25
True,5,5,0.313318529625124,0.49084250503224863,0.4442267435172877,0.09636745353847868,-8.361466728608471,0.34719939486990237,119.5035066194892,6.380996133911807e-21,equivalent,True,1.0,1.0,9.557777239402705e-07,8.539196277911915e-07,True,710,0.6366441249847412,t5_rho0.50_n800,t5,800,0.5,0.25
True,5,5,0.2394017001740887,0.2865658702312213,0.24079358092081718,0.07656831354717833,-13.180470776039101,0.27082734321646734,65.86787715139279,2.764690083958444e-10,equivalent,True,1.0,1.0,9.283223454176811e-07,9.591681092188533e-07,True,711,0.6169369220733643,t5_rho0.50_n800,t5,800,0.5,0.25
True,5,5,0.2889341502760376,0.4174147159786794,0.3741449863060589,0.08965904010911678,-9.76873065591611,0.3229925645021963,99.34425696812242,7.371823513460646e-17,equivalent,True,1.0,1.0,9.76480393343267e-07,9.522471088147459e-07,True,712,0.596668004989624,t5_rho0.50_n800,t5,800,0.5,0.25
True,5,5,0.2292247010318728,0.2627198178157574,0.21770027897309308,0.07007012348297599,-14.73238050276465,0.2580524658766134,67.82033662689113,1.166310792577212e-10,equivalent,True,1.0,1.0,6.93082667602397e-07,9.501621730961587e-07,True,713,0.6193141937255859,t5_rho0.50_n800,t5,800,0.5,0.25
True,5,5,0.24249923988123223,0.2940294067148771,0.25339273276331215,0.06837172703449443,-14.57630676396234,0.27050109646984294,83.8601635056113,8.755661967422648e-14,equivalent,True,1.0,1.0,9.341451236755531e-07,9.982141011190113e-07,True,714,0.587148904800415,t5_rho0.50_n800,t5,800,0.5,0.25
True,5,5,0.26739534416823313,0.3575013504142393,0.3151710524374968,0.07841528434098405,-11.921514477935919,0.29804453267731496,91.28751760898916,2.9741396537484823e-15,equivalent,True,1.0,1.0,8.992384261116444e-07,9.287148111366746e-07,True,715,0.5847549438476562,t5_rho0.50_n800,t5,800,0.5,0.25
True,5,5,0.27603013812292215,0.38096318576079735,0.34192616047273344,0.07758755213101455,-11.703859892291621,0.3064461867936095,103.79244634956224,9.466692631072343e-18,equivalent,True,1.0,0.9970149253731343,9.82183297940421e-07,9.12734631551469e-07,True,716,0.5678191184997559,t5_rho0.50_n800,t5,800,0.5,0.25
True,5,5,0.3044453457312765,0.4634348426871824,0.4207017913020762,0.09517470879651047,-8.713430481526514,0.3397794155801868,104.66741645870441,6.316749095357432e-18,equivalent,True,1.0,0.9970149253731343,9.806129027645406e-07,8.710556838279994e-07,True,717,0.601862907409668,t5_rho0.50_n800,t5,800,0.5,0.25
True,5,5,0.25876986344692127,0.33480921114169143,0.2968840949982421,0.07023889423047662,-13.569631404991586,0.28719916257757516,103.35241494409765,1.1601584431906527e-17,equivalent,True,1.0,1.0,7.443641975085742e-07,9.632094449324472e-07,True,718,0.5789680480957031,t5_rho0.50_n800,t5,800,0.5,0.25
True,5,5,0.2301881308391467,0.2649328778961006,0.22478940683334253,0.06825180969752052,-15.021002339867653,0.2596357616201246,69.1893730125136,6.355927089045805e-11,equivalent,True,1.0,1.0,9.898915140724977e-07,9.883835462958576e-07,True,719,0.5860538482666016,t5_rho0.50_n800,t5,800,0.5,0.25
True,5,5,0.2562495274695999,0.3283191016419662,0.2898851276100445,0.07163995804421404,-13.40194632438787,0.28555993151481224,94.23484121246781,7.714684670877484e-16,equivalent,True,1.0,0.9970149253731343,9.239719831757643e-07,9.754294241699153e-07,True,720,0.5776300430297852,t5_rho0.50_n800,t5,800,0.5,0.25
True,5,5,0.2843041499221223,0.4041442483147029,0.36459615824118435,0.08544149556189339,-10.362691288771199,0.31784742003304756,100.5240198648178,4.2803028840737786e-17,equivalent,True,1.0,1.0,9.410808315518647e-07,9.050494123208445e-07,True,721,0.5715069770812988,t5_rho0.50_n800,t5,800,0.5,0.25
True,5,5,0.32417481291921385,0.5254465466560365,0.4800221106525698,0.10751144043913977,-7.161822836736157,0.36245349864435467,107.05571754839212,2.090769601810131e-18,equivalent,True,1.0,1.0,9.834740880910984e-07,6.968238481140987e-07,True,722,0.6216740608215332,t5_rho0.50_n800,t5,800,0.5,0.25
True,5,5,0.2649009645092423,0.35086260498963423,0.31108036654283266,0.07962207171449533,-11.792203006521815,0.2973371890590918,87.51131987908667,1.6660096306147783e-14,equivalent,True,1.0,1.0,9.1161112134513e-07,8.23269234493073e-07,True,723,0.5754811763763428,t5_rho0.50_n800,t5,800,0.5,0.25
True,5,5,0.2519715067703927,0.31744820112071026,0.27761528226097343,0.0752845611875557,-12.916123869229095,0.2833539714857635,77.91408585949729,1.2853404487279387e-12,equivalent,True,1.0,1.0,8.679352377842545e-07,9.580722860512083e-07,True,724,0.5799529552459717,t5_rho0.50_n800,t5,800,0.5,0.25
True,5,5,0.266960341791384,0.3563391204468628,0.3112821059384241,0.08108336250115299,-11.57719493993885,0.29821212880560927,94.00134780651649,8.586305068935186e-16,equivalent,True,1.0,1.0,9.99688366604448e-07,9.818795225731697e-07,True,725,0.6096470355987549,t5_rho0.50_n800,t5,800,0.5,0.25
True,5,5,0.29235156260614126,0.4273471807912627,0.3865903191736597,0.08663625233871071,-9.965916778703418,0.3252981011498441,109.4716000460713,6.81911857415892e-19,equivalent,True,1.0,1.0,9.776869765834932e-07,9.647727828206494e-07,True,726,0.5912830829620361,t5_rho0.50_n800,t5,800,0.5,0.25
True,5,5,0.2994334008700608,0.44830180778305273,0.4091143503203165,0.08409226778636199,-9.999559671954257,0.3308878426256512,135.03100339161864,4.384297251245662e-24,equivalent,True,0.9970149253731343,1.0,9.712686354649327e-07,8.850284020965033e-07,True,727,0.5823609828948975,t5_rho0.50_n800,t5,800,0.5,0.25
True,5,5,0.30134222289362317,0.4540356764923504,0.41638634438487265,0.08521472441997836,-9.782507205053976,0.3336321605950914,121.86249607304015,2.118444113470761e-21,equivalent,True,1.0,0.9970149253731343,7.396913767852321e-07,9.471129657461937e-07,True,728,0.5636501312255859,t5_rho0.50_n800,t5,800,0.5,0.25
True,5,5,0.283174992988981,0.40094038327154735,0.35879298980083696,0.0892512097070277,-9.985377376111787,0.31799313382437927,93.44723593895822,1.1068479912968855e-15,equivalent,True,1.0,1.0,9.838701375663207e-07,9.537646675900041e-07,True,729,0.59928297996521,t5_rho0.50_n800,t5,800,0.5,0.25
True,5,5,0.28857312064496426,0.4163722297938655,0.37144587038982646,0.0885794354318705,-9.918262916519714,0.3216041280932981,98.68612440478279,9.981190516491952e-17,equivalent,True,0.9970149253731343,1.0,9.624566142707296e-07,8.442625649227296e-07,True,730,0.6220622062683105,t5_rho0.50_n800,t5,800,0.5,0.25
True,5,5,0.2596041351700942,0.3369715349870626,0.2970559915851907,0.07511262921955644,-12.686867951717224,0.29003629848239315,89.5491221210537,6.57990407778969e-15,equivalent,True,1.0,1.0,8.901760038010328e-07,8.981636108138546e-07,True,731,0.584956169128418,t5_rho0.50_n800,t5,800,0.5,0.25
True,5,5,0.2164495646755559,0.2342520702411883,0.19344497445675415,0.06391618425087654,-16.530320730602067,0.2443676500450528,60.226587647211254,3.2835047641392616e-09,equivalent,True,1.0,1.0,6.676245459258401e-07,9.960922274522611e-07,True,732,0.5722570419311523,t5_rho0.50_n800,t5,800,0.5,0.25
True,5,5,0.3049509108600146,0.4649752901717628,0.42577367136995087,0.09088138951395432,-9.069253155548353,0.3391932353495182,114.34292529580557,7.082152336860486e-20,equivalent,True,1.0,1.0,9.21637509607791e-07,8.796889330857446e-07,True,733,0.5859301090240479,t5_rho0.50_n800,t5,800,0.5,0.25
True,5,5,0.21998439717265952,0.24196567499709204,0.19907506346869408,0.07035458430639542,-14.93754738077209,0.25091753889982726,57.934854441093265,8.892375214855993e-09,equivalent,True,1.0,1.0,8.34159464798796e-07,7.419372842644446e-07,True,734,0.602370023727417,t5_rho0.50_n800,t5,800,0.5,0.25
True,5,5,0.2670910676271543,0.3566881920310655,0.31473370624083424,0.0785213319452043,-11.910983558096499,0.2979563068249988,91.62968151310477,2.5433864285582967e-15,equivalent,True,1.0,1.0,9.953666212850145e-07,9.359435014058918e-07,True,735,0.5911197662353516,t5_rho0.50_n800,t5,800,0.5,0.25
True,5,5,0.24464310851351698,0.29925125271578223,0.26252860762220714,0.06724601848974282,-14.684458865448132,0.2731806966215243,89.12180430073525,7.99641155599746e-15,equivalent,True,1.0,1.0,9.955961176588839e-07,9.518975718625804e-07,True,736,0.5598061084747314,t5_rho0.50_n800,t5,800,0.5,0.25
True,5,5,0.2796324251121693,0.39097146587056486,0.34861984487490294,0.07850071643949177,-11.482444950930855,0.30910905293397345,110.23760032130272,4.778352018054453e-19,equivalent,True,1.0,1.0,9.339448652195975e-07,9.212088734450983e-07,True,737,0.598808765411377,t5_rho0.50_n800,t5,800,0.5,0.25
True,5,5,0.2892263549424924,0.41825942196660293,0.37678470859621266,0.08028481721063822,-10.876468574534925,0.3190114359624955,119.59225104948015,6.1218848586628176e-21,equivalent,True,1.0,0.9940298507462687,8.644668925728842e-07,9.085272626609418e-07,True,738,0.5989949703216553,t5_rho0.50_n800,t5,800,0.5,0.25
True,5,5,0.22676774521032023,0.25711805133886356,0.21751931056341212,0.06379996376356384,-16.183092098027767,0.25395311077412797,74.47267334374374,6.025605544445881e-12,equivalent,True,1.0,1.0,8.070145477865627e-07,9.018331094900201e-07,True,739,0.5841619968414307,t5_rho0.50_n800,t5,800,0.5,0.25
True,5,5,0.2649426951674217,0.3509731586128867,0.3079596829655438,0.07781948292156612,-12.105455879010838,0.2952833695610269,92.69791061050746,1.5600157651422583e-15,equivalent,True,1.0,0.9970149253731343,9.586759339574268e-07,9.134405279324228e-07,True,740,0.589385986328125,t5_rho0.50_n800,t5,800,0.5,0.25
True,5,5,0.2590065918559175,0.3354220731240892,0.2881112295828436,0.08153199948257284,-11.797684056831656,0.29059230362979643,76.0478255687238,2.973747881813348e-12,equivalent,True,1.0,1.0,9.011247326971428e-07,8.349939035099894e-07,True,741,0.6294262409210205,t5_rho0.50_n800,t5,800,0.5,0.25
True,5,5,0.25052264467982915,0.31380797748687966,0.26876365353948284,0.0760169962420528,-12.908117854802775,0.28064229386112843,77.29133835202745,1.7009153535408984e-12,equivalent,True,1.0,1.0,9.499175384451955e-07,8.21779989460953e-07,True,742,0.6045539379119873,t5_rho0.50_n800,t5,800,0.5,0.25
True,5,5,0.2537265918152876,0.3218859169710079,0.2789938604534982,0.0743112943602862,-13.066737000148816,0.28327550635572907,88.43122796649016,1.0956110793212462e-14,equivalent,True,1.0,1.0,9.799161788139048e-07,9.280701379705325e-07,True,743,0.6152491569519043,t5_rho0.50_n800,t5,800,0.5,0.25
True,5,5,0.3450635651135578,0.5953443198443926,0.5551044923466839,0.09789710629265058,-7.098223164799345,0.3784523491009678,161.11848160556116,1.9039070907130023e-29,equivalent,True,1.0,1.0,9.79392496271335e-07,8.719053923187176e-07,True,744,0.5709259510040283,t5_rho0.50_n800,t5,800,0.5,0.25
True,5,5,0.2949043960384491,0.43484301401401204,0.395272122363096,0.0854892448589518,-9.99807495138265,0.3273803344230332,113.95918007855545,8.467600915215408e-20,equivalent,True,1.0,1.0,9.424926027691662e-07,9.47459704824004e-07,True,745,0.5853350162506104,t5_rho0.50_n800,t5,800,0.5,0.25
True,5,5,0.22268644673008012,0.24794626778634404,0.2071284383245157,0.06315435523591421,-16.513058486304214,0.24940252949482725,72.11164258143698,1.7311467787894952e-11,equivalent,True,1.0,0.9940298507462687,8.376106119906849e-07,6.552902213841289e-07,True,746,0.5894668102264404,t5_rho0.50_n800,t5,800,0.5,0.25
True,5,5,0.2436027005426797,0.29671137855843244,0.25484184976936175,0.07165097992449922,-13.888967761212285,0.2730191289901868,77.03671035380168,1.907208240817819e-12,equivalent,True,1.0,1.0,9.408849095592145e-07,9.99087437134141e-07,True,747,0.6028461456298828,t5_rho0.50_n800,t5,800,0.5,0.25
True,5,5,0.29758667133913463,0.44278913479353077,0.4059688483060646,0.08437082543092522,-10.003827121318702,0.33007469049444293,120.33598513253372,4.324837897595993e-21,equivalent,True,1.0,1.0,7.334256969296732e-07,9.567502029762572e-07,True,748,0.5616321563720703,t5_rho0.50_n800,t5,800,0.5,0.25
True,5,5,0.27978951535797936,0.3914108645212648,0.35036978817354736,0.08779769671502911,-10.24662656864955,0.3145740447186475,89.28674507408297,7.416783925781085e-15,equivalent,True,1.0,1.0,9.187273279864078e-07,9.589590577408888e-07,True,749,0.5884790420532227,t5_rho0.50_n800,t5,800,0.5,0.25
True,5,5,0.24621313817592239,0.30310454705217926,0.2672517629367364,0.0697446135264546,-14.09066861759153,0.27639516763360894,83.38520958255508,1.0859357998413531e-13,equivalent,True,1.0,1.0,9.124959384560993e-07,8.795866308903293e-07,True,750,0.5503420829772949,t5_rho0.50_n800,t5,800,0.5,0.25
True,5,5,0.2408037074636978,0.28993212764131077,0.24375558395689995,0.07316063961165913,-13.753904030696058,0.2698496349348011,74.25914120402089,6.630124104400985e-12,equivalent,True,1.0,1.0,6.172850581156289e-07,8.428640394856541e-07,True,751,0.6341218948364258,t5_rho0.50_n800,t5,800,0.5,0.25
True,5,5,0.2812048564350333,0.39538085641323845,0.35233804961064435,0.08564532476133362,-10.481155309888253,0.31407389979931816,102.19862881699159,1.976744317621715e-17,equivalent,True,1.0,1.0,8.616985009885127e-07,9.905369679329577e-07,True,752,0.5839316844940186,t5_rho0.50_n800,t5,800,0.5,0.25
True,5,5,0.28051833498297607,0.39345268130810584,0.35510579396975134,0.07916766569384535,-11.303784167275499,0.311552568926515,110.22999688469143,4.795254201111045e-19,equivalent,True,1.0,1.0,9.400005951411957e-07,9.640450306285328e-07,True,753,0.5727190971374512,t5_rho0.50_n800,t5,800,0.5,0.25
True,5,5,0.28149999042763424,0.39621122305379086,0.35417718977426427,0.0831384048731248,-10.775078155430405,0.31334571851831117,104.00426896164271,8.583660030416096e-18,equivalent,True,1.0,1.0,9.953386648684897e-07,7.934596163669026e-07,True,754,0.5875651836395264,t5_rho0.50_n800,t5,800,0.5,0.25
True,5,5,0.28562816987625417,0.4079172571342915,0.36629061114010875,0.08823114332527263,-10.015844242231015,0.3198180505377264,95.03736232832217,5.339004049115549e-16,equivalent,True,1.0,1.0,9.347365971447734e-07,9.978215683530815e-07,True,755,0.5993509292602539,t5_rho0.50_n800,t5,800,0.5,0.25
True,5,5,0.2609973376895651,0.3405980514052045,0.2968694577099283,0.08209154858712216,-11.61058061023825,0.2939040792998693,77.43941693927185,1.5913385026980385e-12,equivalent,True,1.0,1.0,9.696963601608536e-07,9.977065000011901e-07,True,756,0.592041015625,t5_rho0.50_n800,t5,800,0.5,0.25
True,5,5,0.27032439523036556,0.3653763932833145,0.3306096109744255,0.07412122504033651,-12.40387471369025,0.30084154527462104,107.09645334314408,2.0516751789329603e-18,equivalent,True,1.0,1.0,9.039436074159879e-07,9.558556000415348e-07,True,757,0.5523619651794434,t5_rho0.50_n800,t5,800,0.5,0.25
True,5,5,0.25096356185383945,0.3149135468918295,0.2690125259549552,0.07572236425932827,-12.955056060920557,0.28055827610257794,77.97578678518178,1.2501383918242545e-12,equivalent,True,1.0,0.9970149253731343,8.785322431452617e-07,8.657350844308022e-07,True,758,0.6084530353546143,t5_rho0.50_n800,t5,800,0.5,0.25
True,5,5,0.2841425687012617,0.4036849967407561,0.359497071742414,0.08960348697839071,-9.938261983848294,0.31839651137734504,92.46901501865355,1.7323469013526706e-15,equivalent,True,1.0,0.9970149253731343,9.574071303322658e-07,7.968892906794894e-07,True,759,0.6183009147644043,t5_rho0.50_n800,t5,800,0.5,0.25
True,5,5,0.2930717647790165,0.4294552965534359,0.3852007933119999,0.0896512128759562,-9.646263323671475,0.326393601644277,106.40682014185386,2.8239436145383633e-18,equivalent,True,1.0,1.0,9.819257856449441e-07,9.913968096826576e-07,True,760,0.5818502902984619,t5_rho0.50_n800,t5,800,0.5,0.25
True,5,5,0.23631590445763434,0.2792260334981488,0.24067967241263147,0.06896282174843718,-14.635716781850528,0.26612531630431413,72.2288801972227,1.642917100109582e-11,equivalent,True,1.0,1.0,9.827714434190808e-07,9.118422116173196e-07,True,761,0.5878391265869141,t5_rho0.50_n800,t5,800,0.5,0.25
True,5,5,0.28908636671844856,0.4178546371123667,0.37884564802607046,0.081504970414315,-10.688358606175578,0.3202840596179051,113.09438901654687,1.2663551570938725e-19,equivalent,True,1.0,1.0,7.775609852704089e-07,8.704996337380566e-07,True,762,0.5716838836669922,t5_rho0.50_n800,t5,800,0.5,0.25
True,5,5,0.22648032660790485,0.2564666917021163,0.21131094429940672,0.071361316033998,-14.555351742752897,0.256394174583573,60.86144511610776,2.4891796824083853e-09,equivalent,True,1.0,1.0,8.202917766982562e-07,9.85629314749551e-07,True,763,0.6151669025421143,t5_rho0.50_n800,t5,800,0.5,0.25
True,5,5,0.26457409142597227,0.3499972492693937,0.30954281193121386,0.07591903798735375,-12.387633102324655,0.2947604169217364,94.75043445514387,6.090156414145724e-16,equivalent,True,1.0,1.0,7.512468098109637e-07,8.848676036070714e-07,True,764,0.5737133026123047,t5_rho0.50_n800,t5,800,0.5,0.25
True,5,5,0.2722739766080093,0.3706655916896939,0.33046739060265695,0.08320493434523919,-11.051419205283667,0.30572122224035503,92.1727337628778,1.9839117275261776e-15,equivalent,True,1.0,1.0,9.241272458688902e-07,8.723141912888439e-07,True,765,0.588580846786499,t5_rho0.50_n800,t5,800,0.5,0.25
True,5,5,0.26878097493674025,0.36121606243972293,0.3187356699405533,0.07827878509585842,-11.896765246407972,0.29916310384766065,93.3849211089968,1.138902392320284e-15,equivalent,True,1.0,0.9970149253731343,9.891524739209229e-07,9.500076334355411e-07,True,766,0.5893309116363525,t5_rho0.50_n800,t5,800,0.5,0.25
True,5,5,0.27347206711845096,0.3739348574701927,0.3333121090551171,0.08109520671358424,-11.303848008951789,0.305516563854183,96.8569060092953,2.3151627144936423e-16,equivalent,True,1.0,1.0,9.603191977545041e-07,9.322744343645446e-07,True,767,0.5835301876068115,t5_rho0.50_n800,t5,800,0.5,0.25
True,5,5,0.25252322988374293,0.3188399081545884,0.27308951736962683,0.08161721172335817,-11.969417504013917,0.2854252560984955,67.24319878100773,1.5057631531937594e-10,equivalent,True,0.9970149253731343,1.0,8.239971551535784e-07,8.978152061413015e-07,True,768,0.6122841835021973,t5_rho0.50_n800,t5,800,0.5,0.25
True,5,5,0.2555558750297982,0.32654402631122914,0.2844362717860792,0.07648327427196353,-12.624508265434805,0.2864402425894248,81.84074550604376,2.18537394864032e-13,equivalent,True,1.0,1.0,9.16219279480129e-07,8.714057791400197e-07,True,769,0.5938279628753662,t5_rho0.50_n800,t5,800,0.5,0.25
True,5,5,0.2757723038001912,0.3802518177163247,0.33762002978072747,0.08706828086673515,-10.478901858826658,0.31010791907231466,88.32570022242687,1.1495985725351531e-14,equivalent,True,1.0,0.9970149253731343,9.199298262789962e-07,9.816021208935422e-07,True,770,0.6010591983795166,t5_rho0.50_n800,t5,800,0.5,0.25
True,5,5,0.25307066349216895,0.32022380360183306,0.28240336785448183,0.06952955397047006,-13.916335959187466,0.2816981742514948,94.44377345406878,7.009894699414333e-16,equivalent,True,1.0,1.0,8.938180785834287e-07,8.801546588185113e-07,True,771,0.5558512210845947,t5_rho0.50_n800,t5,800,0.5,0.25
True,5,5,0.2642938724484219,0.3492562550689135,0.30728655143572275,0.07911941656599264,-11.915070781367179,0.2957791103971273,87.78015258915457,1.4740174547641054e-14,equivalent,True,1.0,1.0,8.903309326339231e-07,9.004463328216479e-07,True,772,0.5962538719177246,t5_rho0.50_n800,t5,800,0.5,0.25
True,5,5,0.3115825699286962,0.4854184894168543,0.4474740145209871,0.08650988168195087,-9.276697296032127,0.3434443498363852,139.78619284002767,4.661723406167053e-25,equivalent,True,1.0,1.0,8.198366229573127e-07,7.944677113765493e-07,True,773,0.5695040225982666,t5_rho0.50_n800,t5,800,0.5,0.25
True,5,5,0.2944304125537085,0.4334463391827349,0.3894794727564038,0.0888210408504671,-9.68825088069288,0.3272849168381884,115.61388652699364,3.917751855826568e-20,equivalent,True,1.0,1.0,8.926196867813217e-07,9.036017994883437e-07,True,774,0.5968668460845947,t5_rho0.50_n800,t5,800,0.5,0.25
True,5,5,0.26006988806299924,0.3381817333855047,0.2905877169334436,0.08304165053363027,-11.553386486194814,0.2922940563890145,79.26648229879322,6.989483651136693e-13,equivalent,True,1.0,0.9970149253731343,8.641409908087776e-07,9.15412270228364e-07,True,775,0.6366841793060303,t5_rho0.50_n800,t5,800,0.5,0.25
True,5,5,0.2887534472768344,0.41689276657127794,0.3723638167104223,0.09052980597630374,-9.694444540390375,0.3228845293344847,93.1481205431055,1.269389764960087e-15,equivalent,True,1.0,1.0,9.88275414494203e-07,9.917529780495286e-07,True,776,0.601201057434082,t5_rho0.50_n800,t5,800,0.5,0.25
True,5,5,0.2538320086634206,0.3221534431105341,0.28213737218476004,0.07191178489159186,-13.459026629283477,0.2829917781082161,89.25736939032303,7.516855617534368e-15,equivalent,True,1.0,1.0,9.191286265932285e-07,8.991815642994204e-07,True,777,0.5856890678405762,t5_rho0.50_n800,t5,800,0.5,0.25
True,5,5,0.24773606475801105,0.30686578890892724,0.267034111420652,0.07464761165924125,-13.168082229696608,0.2792198081088159,75.01465103696583,4.726654021831143e-12,equivalent,True,1.0,1.0,9.621187909159694e-07,9.340921940853102e-07,True,778,0.5961771011352539,t5_rho0.50_n800,t5,800,0.5,0.25
True,5,5,0.25407415795535265,0.3227683887036075,0.2852109650441058,0.07554383705446255,-12.771247431611656,0.2861711094492138,81.62402341571965,2.410449982519569e-13,equivalent,True,1.0,1.0,9.78577209714283e-07,9.542310603433873e-07,True,779,0.5714139938354492,t5_rho0.50_n800,t5,800,0.5,0.25
True,5,5,0.26332035561308803,0.34668804840101575,0.3045188253191453,0.08142908953343726,-11.611098442806625,0.2961275936408412,85.7286983541479,3.748689531482982e-14,equivalent,True,1.0,1.0,9.016967682961557e-07,9.120618113652683e-07,True,780,0.592987060546875,t5_rho0.50_n800,t5,800,0.5,0.25
True,5,5,0.3167493658615858,0.5016508038685836,0.4629403866325109,0.09199099161682707,-8.555833560810528,0.3505002433209744,131.57952429368814,2.2237874096755908e-23,equivalent,True,1.0,1.0,7.462921830268729e-07,9.119892331532647e-07,True,781,0.5928552150726318,t5_rho0.50_n800,t5,800,0.5,0.25
True,5,5,0.2902034391348236,0.42109018042839635,0.3814378080359761,0.08964205907479,-9.689226250808971,0.32523403082474095,96.44456633849431,2.7981319487765756e-16,equivalent,True,1.0,1.0,9.669384476354494e-07,8.034162795937911e-07,True,782,0.587752103805542,t5_rho0.50_n800,t5,800,0.5,0.25
True,5,5,0.24435939540442753,0.2985575706120868,0.2570387494664863,0.07249440824363779,-13.697073672170534,0.27432879535321647,74.85571854414704,5.075566758964231e-12,equivalent,True,1.0,1.0,7.97880483773529e-07,9.46138237378734e-07,True,783,0.6066303253173828,t5_rho0.50_n800,t5,800,0.5,0.25
True,5,5,0.27142113172430826,0.36834715373252147,0.3263686657296961,0.08493120863564739,-10.875052281813835,0.30530904745697035,88.49119993406309,1.0660647493217367e-14,equivalent,True,1.0,1.0,7.512523538329584e-07,9.936700722152605e-07,True,784,0.588324785232544,t5_rho0.50_n800,t5,800,0.5,0.25
True,5,5,0.2901371851043288,0.4208979309013178,0.3813887486974751,0.0886383909675022,-9.799492542920673,0.32471092607656854,102.15304209300481,2.0187857171251788e-17,equivalent,True,1.0,1.0,9.495779172690291e-07,9.46242227487474e-07,True,785,0.5925469398498535,t5_rho0.50_n800,t5,800,0.5,0.25
True,5,5,0.2956326598567113,0.43699334786976973,0.3976327108711545,0.08970274681867957,-9.50213142136858,0.3302061778111879,108.67250612634237,9.880158267220589e-19,equivalent,True,1.0,1.0,8.358807447411068e-07,9.83086802382662e-07,True,786,0.5837249755859375,t5_rho0.50_n800,t5,800,0.5,0.25
True,5,5,0.3032514556134464,0.4598072266583703,0.41320909602787026,0.0951597217035869,-8.793540890952272,0.33755974564859115,102.41130451225413,1.7918703293911084e-17,equivalent,True,1.0,1.0,8.513839016001638e-07,9.159806055812307e-07,True,787,0.6184031963348389,t5_rho0.50_n800,t5,800,0.5,0.25
True,5,5,0.2908516494551462,0.4229734099538962,0.38274375872878164,0.08231407924344489,-10.535940500607405,0.3219125255474017,112.57399908421232,1.61321350134007e-19,equivalent,True,1.0,1.0,8.124567016362023e-07,9.848012215069994e-07,True,788,0.5824687480926514,t5_rho0.50_n800,t5,800,0.5,0.25
True,5,5,0.25453498804502883,0.3239403006954148,0.2879421087364111,0.07272662020876144,-13.228414691924442,0.28550543033809866,90.62833460285549,4.0197609001547275e-15,equivalent,True,1.0,1.0,9.656914237284742e-07,9.88069482384465e-07,True,789,0.5740880966186523,t5_rho0.50_n800,t5,800,0.5,0.25
True,5,5,0.28801642362675817,0.41476730139374113,0.37870616707102533,0.07822151036736161,-11.138800936430489,0.3185495572448351,119.83940632748812,5.454320123225386e-21,equivalent,True,1.0,1.0,9.490817067828935e-07,9.027018628925268e-07,True,790,0.5632960796356201,t5_rho0.50_n800,t5,800,0.5,0.25
True,5,5,0.26869711811048347,0.36099070640439546,0.31907546774740564,0.07939003376040377,-11.725962166259945,0.2998867962155072,89.80463861797423,5.855573299455377e-15,equivalent,True,1.0,1.0,7.029234993309124e-07,9.267528059090672e-07,True,791,0.5854771137237549,t5_rho0.50_n800,t5,800,0.5,0.25
True,5,5,0.29922951387443447,0.4476915098676519,0.40471845307070187,0.0883154794176789,-9.5711595804358,0.33165780247322063,112.21226717455636,1.9087667682032562e-19,equivalent,True,0.9970149253731343,1.0,9.906179305410975e-07,9.252486844279215e-07,True,792,0.5936539173126221,t5_rho0.50_n800,t5,800,0.5,0.25
True,5,5,0.23211966927883604,0.2693977043305811,0.22475927031616652,0.07729249036419047,-13.264428728496842,0.2652900689538969,58.90100978738394,5.846594215929262e-09,equivalent,True,1.0,1.0,9.513583941134176e-07,9.451455205158651e-07,True,793,0.6073758602142334,t5_rho0.50_n800,t5,800,0.5,0.25
True,5,5,0.2708158820979352,0.3667062099824138,0.3265013365830858,0.07916641049743305,-11.665284021521456,0.3022312009116589,93.39959131894209,1.1312737258487333e-15,equivalent,True,1.0,0.9970149253731343,7.89007855723914e-07,9.160626476943156e-07,True,794,0.5809531211853027,t5_rho0.50_n800,t5,800,0.5,0.25
True,5,5,0.26850320340846007,0.3604698512030244,0.322070632103755,0.07475494635030011,-12.412949419400121,0.2983392621632657,109.16580842709027,7.858919014868885e-19,equivalent,True,1.0,1.0,9.752385847648991e-07,9.816388189501417e-07,True,795,0.5808908939361572,t5_rho0.50_n800,t5,800,0.5,0.25
True,5,5,0.2310068674625996,0.2668208640744153,0.223006907128238,0.0764754916218812,-13.429048589181193,0.26412038804128174,55.69294497216769,2.3434721720406112e-08,equivalent,True,1.0,1.0,8.579476596731165e-07,9.080580365434717e-07,True,796,0.6120538711547852,t5_rho0.50_n800,t5,800,0.5,0.25
True,5,5,0.28937054286547154,0.41867655539128856,0.3765455400144593,0.08239442032299697,-10.600893319735539,0.3200225933034432,113.82083775154105,9.030862187604026e-20,equivalent,True,1.0,1.0,8.178893819782228e-07,8.45372348067181e-07,True,797,0.604381799697876,t5_rho0.50_n800,t5,800,0.5,0.25
True,5,5,0.26486616446835126,0.35077042540087855,0.3080890308129358,0.079857778285106,-11.794855672346406,0.29646024592362424,88.14121525056999,1.2504328182215456e-14,equivalent,True,1.0,1.0,9.512575318699444e-07,8.796898244684669e-07,True,798,0.5965530872344971,t5_rho0.50_n800,t5,800,0.5,0.25
True,5,5,0.248346639424802,0.30838026656796313,0.2691173425079265,0.07348326901199567,-13.348380803961657,0.27927998999661907,79.7277326936902,5.676742596218995e-13,equivalent,True,1.0,1.0,9.357277888326446e-07,9.515093120226921e-07,True,799,0.5741407871246338,t5_rho0.50_n800,t5,800,0.5,0.25
True,5,5,0.28482957511072043,0.40563943428876775,0.3623102965644454,0.08598734608080948,-10.323492279914287,0.31741042662061253,99.51031969767098,6.828976721783335e-17,equivalent,True,0.9940298507462687,1.0,8.306311651496002e-07,9.784596625971356e-07,True,800,0.5983331203460693,t5_rho0.50_n800,t5,800,0.5,0.25
True,5,5,0.2950474069539529,0.4352648617512574,0.39337555462535445,0.09052943811304771,-9.462385531488051,0.32932756618645814,106.29837042407087,2.969399858537812e-18,equivalent,True,1.0,1.0,9.480504516594928e-07,8.610478880054594e-07,True,801,0.5898668766021729,t5_rho0.50_n800,t5,800,0.5,0.25
True,5,5,0.22259624446682666,0.24774544025367626,0.2023250371210465,0.07382388797927023,-14.19154411337887,0.2544619920614504,54.97215491771705,3.196112572057304e-08,equivalent,True,1.0,1.0,8.118748195249678e-07,9.457686692652301e-07,True,802,0.6138110160827637,t5_rho0.50_n800,t5,800,0.5,0.25
True,5,5,0.30640912239776363,0.4694327514428385,0.43132589059201837,0.0825938462893712,-9.912047279402882,0.33680281418805363,139.84099992151232,4.542722998266763e-25,equivalent,True,1.0,1.0,9.392769825219239e-07,9.343844069989038e-07,True,803,0.590034008026123,t5_rho0.50_n800,t5,800,0.5,0.25
True,5,5,0.2059061276574089,0.21198666703434588,0.17175424422609775,0.05997671247641071,-17.97774021372019,0.23255414736166177,58.947982448033024,5.728457987151662e-09,equivalent,True,1.0,1.0,9.964803269218864e-07,9.250904374194414e-07,True,804,0.563399076461792,t5_rho0.50_n800,t5,800,0.5,0.25
True,5,5,0.2491374227298559,0.3103472770223746,0.2720995750695189,0.07114839850496729,-13.744517733061947,0.2789724991472109,82.80501576185227,1.4124325378525464e-13,equivalent,True,1.0,1.0,8.12971219108717e-07,9.990498455389052e-07,True,805,0.5762441158294678,t5_rho0.50_n800,t5,800,0.5,0.25
True,5,5,0.2290822545782101,0.2623933968131793,0.22372390600467146,0.06412319061489445,-16.004757158121613,0.2565919596009513,74.97756766393817,4.805863958082326e-12,equivalent,True,1.0,1.0,9.61123129270706e-07,8.486279464931585e-07,True,806,0.5824489593505859,t5_rho0.50_n800,t5,800,0.5,0.25
True,5,5,0.29504819047695546,0.435267173518629,0.39088226699106826,0.0873831161795275,-9.831621605756027,0.3269907346006262,107.7494213072918,1.5159123177977978e-18,equivalent,True,1.0,1.0,8.920961266580368e-07,9.735507804969469e-07,True,807,0.6032660007476807,t5_rho0.50_n800,t5,800,0.5,0.25
True,5,5,0.3014104749400137,0.4542413720178232,0.41262299339270736,0.08850650379097875,-9.46119178523742,0.3341266936843248,122.85852250889712,1.3293365330625711e-21,equivalent,True,1.0,1.0,9.742914203496573e-07,9.688972452703575e-07,True,808,0.5827467441558838,t5_rho0.50_n800,t5,800,0.5,0.25
True,5,5,0.24496767997896798,0.30004582117139034,0.2601718122990162,0.06961515693202003,-14.218572956282523,0.2737438787149204,85.74400292511032,3.722705364831116e-14,equivalent,True,0.9970149253731343,0.9970149253731343,9.610692355808487e-07,8.968800527369957e-07,True,809,0.5709807872772217,t5_rho0.50_n800,t5,800,0.5,0.25
True,5,5,0.2521638537841336,0.3179330457763296,0.2821894079589958,0.06733535467308328,-14.372993158494166,0.28033772857575934,103.84169454809702,9.253622228825474e-18,equivalent,True,0.9970149253731343,1.0,9.253495832694427e-07,9.313975651434183e-07,True,810,0.5654439926147461,t5_rho0.50_n800,t5,800,0.5,0.25
True,5,5,0.28664274603512413,0.41082031927278345,0.3754495619030003,0.07558382400112976,-11.57060322965305,0.3161562553390713,125.32936786399247,4.179388703252131e-22,equivalent,True,1.0,1.0,9.729132677525146e-07,9.362760896045459e-07,True,811,0.5687532424926758,t5_rho0.50_n800,t5,800,0.5,0.25
True,5,5,0.2782623288503348,0.3871496182860593,0.3473428319912948,0.0809525665879426,-11.150445329341178,0.30999934024268594,102.01692843772253,2.1496997274792885e-17,equivalent,True,1.0,1.0,7.605999526732943e-07,8.542719975975265e-07,True,812,0.566788911819458,t5_rho0.50_n800,t5,800,0.5,0.25
True,5,5,0.3118217727044011,0.48616408966257585,0.44480046800895356,0.09424868035462483,-8.543350728746145,0.3463598567171572,121.39453213526612,2.636718502014933e-21,equivalent,True,0.9970149253731343,0.9970149253731343,9.773933988563564e-07,9.989411624511773e-07,True,813,0.5949139595031738,t5_rho0.50_n800,t5,800,0.5,0.25
True,5,5,0.24631014480730473,0.30334343717497714,0.2625929560625198,0.07547358702742334,-13.082815893972361,0.2781136312457966,77.81686508110099,1.3428233633648988e-12,equivalent,True,1.0,0.9970149253731343,8.832381454663614e-07,7.322459245055269e-07,True,814,0.593836784362793,t5_rho0.50_n800,t5,800,0.5,0.25
True,5,5,0.25814693096004565,0.3331991898204528,0.2914488447355119,0.07790157078563197,-12.304644766434949,0.2896844925043367,82.4471725483364,1.6608849222677231e-13,equivalent,True,1.0,1.0,9.76372696576078e-07,7.113746346441241e-07,True,815,0.5838911533355713,t5_rho0.50_n800,t5,800,0.5,0.25
True,5,5,0.2958887085679385,0.4377506392900122,0.40189521798173944,0.08208403098382921,-10.332153183185406,0.3276923661180675,125.12954337376212,4.589631336730756e-22,equivalent,True,1.0,1.0,7.713336299954346e-07,9.415509127114586e-07,True,816,0.5569131374359131,t5_rho0.50_n800,t5,800,0.5,0.25
True,5,5,0.24840068482970107,0.30851450111932244,0.26479365712112113,0.07338039167719577,-13.426016410662589,0.2776665844204074,84.09885193374842,7.857291617488218e-14,equivalent,True,1.0,1.0,8.873718475425886e-07,9.950906333040211e-07,True,817,0.6013422012329102,t5_rho0.50_n800,t5,800,0.5,0.25
True,5,5,0.29524725215546865,0.4358546995267744,0.39417221915714173,0.08563655538664403,-9.99372028660945,0.3271182715424174,115.61558666189153,3.914649055098142e-20,equivalent,True,1.0,1.0,7.599052697311399e-07,7.966326499609563e-07,True,818,0.5940208435058594,t5_rho0.50_n800,t5,800,0.5,0.25
True,5,5,0.2590318930602873,0.33548760811198053,0.29444479223381104,0.07631641306663574,-12.5209659281529,0.2898186057044625,86.09641825795418,3.1716452053288233e-14,equivalent,True,1.0,1.0,8.352107881567199e-07,9.71581985885425e-07,True,819,0.6034550666809082,t5_rho0.50_n800,t5,800,0.5,0.25
True,5,5,0.21125059644365243,0.22313407248899447,0.17875175185056974,0.06561973625332175,-16.32509225599337,0.2394521300913588,58.097005490507726,8.288654206948515e-09,equivalent,True,1.0,1.0,8.623113035435373e-07,9.033233925604455e-07,True,820,0.5972130298614502,t5_rho0.50_n800,t5,800,0.5,0.25
True,5,5,0.26745628131398747,0.357664312071534,0.32012351383300125,0.0775659480260957,-11.98820500271792,0.2992350730685339,93.41867605274246,1.1214257272366462e-15,equivalent,True,1.0,1.0,8.616150692607372e-07,9.424804741493907e-07,True,821,0.5676779747009277,t5_rho0.50_n800,t5,800,0.5,0.25
True,5,5,0.2996188191520102,0.448857183950225,0.41056969844981417,0.0884799919328486,-9.487233025374447,0.3334985259617191,113.30684261060702,1.1471561316378673e-19,equivalent,True,0.9970149253731343,1.0,8.896623417869782e-07,8.906548730236639e-07,True,822,0.5769369602203369,t5_rho0.50_n800,t5,800,0.5,0.25
True,5,5,0.28816852304742663,0.4152054883766762,0.3738338732630591,0.08710325826028083,-10.058936304297513,0.3215916614378466,103.09412326283051,1.3072094171966114e-17,equivalent,True,1.0,0.9970149253731343,8.613818163493349e-07,6.932883173190152e-07,True,823,0.5898518562316895,t5_rho0.50_n800,t5,800,0.5,0.25
True,5,5,0.2718608308337356,0.369541556708045,0.3303901700568599,0.08343960446910596,-11.02126305360941,0.30582220524326387,85.09713145861377,4.994496633951712e-14,equivalent,True,0.9970149253731343,1.0,9.396630081243948e-07,9.613425236126937e-07,True,824,0.582935094833374,t5_rho0.50_n800,t5,800,0.5,0.25
True,5,5,0.2499954835278854,0.3124887089217061,0.2658194639741738,0.08552573070464724,-11.507420374162889,0.2851304165891067,74.48127945629506,6.002428167950761e-12,equivalent,True,1.0,1.0,7.497123488716575e-07,9.534288036769515e-07,True,825,0.6234509944915771,t5_rho0.50_n800,t5,800,0.5,0.25
True,5,5,0.2826106270889794,0.3993438327181308,0.35936271746134163,0.0836832331891032,-10.642959749488176,0.3152806327979769,97.92542998322008,1.4164686414095758e-16,equivalent,True,1.0,1.0,8.829026901474323e-07,8.846213988045428e-07,True,826,0.5853939056396484,t5_rho0.50_n800,t5,800,0.5,0.25
True,5,5,0.29336018393900876,0.43030098760364527,0.39393309845432206,0.08146176243518606,-10.508818812099674,0.3249386938650726,119.83269672257174,5.4714446237947436e-21,equivalent,True,1.0,0.9970149253731343,9.695623374828529e-07,6.226202022555182e-07,True,827,0.5633699893951416,t5_rho0.50_n800,t5,800,0.5,0.25
True,5,5,0.2631968230395788,0.34636283829063685,0.31255538231760854,0.0690020197879603,-13.585756193269575,0.29190875452196097,113.77678628828498,9.217956056411544e-20,equivalent,True,1.0,1.0,9.995598523947101e-07,9.574404225303451e-07,True,828,0.5380821228027344,t5_rho0.50_n800,t5,800,0.5,0.25
True,5,5,0.29370837189804616,0.431323038615005,0.39160402297488095,0.08653722323746416,-9.91938434018874,0.3267858896841579,111.65635304698836,2.471724386969938e-19,equivalent,True,1.0,1.0,8.673864988644029e-07,8.850405682907815e-07,True,829,0.5886638164520264,t5_rho0.50_n800,t5,800,0.5,0.25
True,5,5,0.2635120484667587,0.3471929984357369,0.3063644535247204,0.0776891614646668,-12.146295939935548,0.2946699009178563,92.84743233570057,1.4567924170830926e-15,equivalent,True,1.0,1.0,8.118086243738644e-07,9.675314088638949e-07,True,830,0.5936810970306396,t5_rho0.50_n800,t5,800,0.5,0.25
True,5,5,0.24363905458934418,0.29679994460594716,0.2565799120232734,0.075306573382962,-13.191678273884738,0.275843507223036,74.14375770582703,6.9815548701704614e-12,equivalent,True,0.9970149253731343,1.0,9.71388778359655e-07,8.609352934292231e-07,True,831,0.5745511054992676,t5_rho0.50_n800,t5,800,0.5,0.25
True,5,5,0.2404232587823524,0.28901671681762997,0.24709263933626108,0.07257478909553908,-13.818949709154362,0.27072773940078493,72.57626414586275,1.4069367086329092e-11,equivalent,True,1.0,1.0,9.310915765975452e-07,7.764409045003261e-07,True,832,0.5895438194274902,t5_rho0.50_n800,t5,800,0.5,0.25
True,5,5,0.27158632021588197,0.36879564664201797,0.3263079766435109,0.08018454413116383,-11.519576913046203,0.3027209325048752,104.58621820591306,6.558494487849644e-18,equivalent,True,1.0,1.0,8.084154829132114e-07,9.752858544113511e-07,True,833,0.6078281402587891,t5_rho0.50_n800,t5,800,0.5,0.25
True,5,5,0.24821345271347045,0.3080495905397112,0.2693461408783326,0.06834343549892499,-14.348910790958007,0.276319050605297,95.12603204821127,5.126139480348766e-16,equivalent,True,1.0,0.9970149253731343,8.904260093918818e-07,9.635134783232815e-07,True,834,0.5860271453857422,t5_rho0.50_n800,t5,800,0.5,0.25
True,5,5,0.2826851965283202,0.39955460168127505,0.35928166346901913,0.08213981867354155,-10.843928692746122,0.31444861015158904,105.3803173049262,4.542011601024354e-18,equivalent,True,1.0,0.9970149253731343,7.880643994428835e-07,7.870964832459302e-07,True,835,0.5774719715118408,t5_rho0.50_n800,t5,800,0.5,0.25
True,5,5,0.28200242182527957,0.39762682957661455,0.35481903350684174,0.08146929643608966,-10.987955041386693,0.31267366414040326,109.84486814391185,5.734236864754642e-19,equivalent,True,0.9970149253731343,1.0,8.049259474805753e-07,9.493573949985212e-07,True,836,0.5909359455108643,t5_rho0.50_n800,t5,800,0.5,0.25
True,5,5,0.34829768959250407,0.6065564028773817,0.5631226654868869,0.10076331242597594,-6.816740319227952,0.3818019291188555,161.26240909155092,1.7779670567909785e-29,equivalent,True,1.0,1.0,7.290945900899661e-07,9.352120350383439e-07,True,837,0.6139309406280518,t5_rho0.50_n800,t5,800,0.5,0.25
True,5,5,0.2115055565900772,0.22367300234239174,0.18161075056552362,0.06357277934102984,-16.80576593486984,0.23923990772444392,60.54541155557783,2.857292936250902e-09,equivalent,True,1.0,1.0,9.900376944602557e-07,9.15999082336014e-07,True,838,0.5934121608734131,t5_rho0.50_n800,t5,800,0.5,0.25
True,5,5,0.3001449665413026,0.45043500470039843,0.4064476898442363,0.09075200182976438,-9.295137221745556,0.3333830977140355,113.7313773774656,9.414867454707718e-20,equivalent,True,1.0,1.0,9.63015343941277e-07,9.091628781054158e-07,True,839,0.5964720249176025,t5_rho0.50_n800,t5,800,0.5,0.25
True,5,5,0.21557661503511608,0.23236638474999316,0.19074457301232173,0.0598839611046375,-17.688466284600004,0.24051815882860306,70.99647507865627,2.845854470717947e-11,equivalent,True,1.0,1.0,9.868292483685932e-07,9.752613314487238e-07,True,840,0.5962440967559814,t5_rho0.50_n800,t5,800,0.5,0.25
False,5,6,,,,,,,,,not_applicable,False,1.0,1.0,9.483338666286791e-07,9.136871397996626e-07,False,841,0.5601708889007568,t5_rho0.50_n800,t5,800,0.5,0.25
True,5,5,0.2671265797738621,0.35678304810840766,0.3187161873954152,0.07556029744690063,-12.325041643186182,0.29765813165592564,99.63460202234577,6.448980792164041e-17,equivalent,True,1.0,1.0,7.726985006747175e-07,9.429550762830632e-07,True,842,0.5804362297058105,t5_rho0.50_n800,t5,800,0.5,0.25
True,5,5,0.28129504130366634,0.39563450131015676,0.3543634680959652,0.08696578075439979,-10.298723522455385,0.3154074976884685,91.13998740841215,3.181644415308456e-15,equivalent,True,0.9970149253731343,1.0,6.443834689396089e-07,9.872795250531683e-07,True,843,0.5849101543426514,t5_rho0.50_n800,t5,800,0.5,0.25
True,5,5,0.22267161110340555,0.24791323195693143,0.20357631128887038,0.06503194061964807,-16.09091899673334,0.2492165061486864,68.70435375567456,7.882305921927499e-11,equivalent,True,1.0,1.0,9.657449259768498e-07,7.988888278330996e-07,True,844,0.6067419052124023,t5_rho0.50_n800,t5,800,0.5,0.25
True,5,5,0.2359863136712705,0.27844770120077633,0.2354695187461649,0.06869266712630898,-14.769123455176988,0.26399200799033457,73.0282813603238,1.149725351383611e-11,equivalent,True,1.0,1.0,8.673288446666978e-07,8.896082239407706e-07,True,845,0.5895030498504639,t5_rho0.50_n800,t5,800,0.5,0.25
True,5,5,0.24967567417227826,0.3116897113669083,0.2685250248735789,0.0759312743900118,-12.92583303798108,0.28050698991399026,73.29192188801983,1.021939609092274e-11,equivalent,True,1.0,1.0,9.93399891034904e-07,9.606542065347917e-07,True,846,0.5948798656463623,t5_rho0.50_n800,t5,800,0.5,0.25
True,5,5,0.26208921562430915,0.34345378473282806,0.30601133699107597,0.07219001581902904,-13.07644349843863,0.2914629809566526,99.43132783436612,7.082030534191273e-17,equivalent,True,1.0,1.0,8.796412905974093e-07,7.76409808594565e-07,True,847,0.5640571117401123,t5_rho0.50_n800,t5,800,0.5,0.25
True,5,5,0.28263094531383626,0.3994012562449636,0.3568348173320512,0.08400176265094829,-10.632695725437445,0.3146443774481852,99.18446997312364,7.93477173232348e-17,equivalent,True,1.0,1.0,6.548017865738043e-07,9.441026542603669e-07,True,848,0.612558126449585,t5_rho0.50_n800,t5,800,0.5,0.25
True,5,5,0.2863196368278723,0.40989467216622344,0.3700746413675688,0.08599820018870905,-10.231904350341964,0.3198528076660468,106.88745071615818,2.260295523823784e-18,equivalent,True,1.0,1.0,7.993448313733633e-07,9.068028529770328e-07,True,849,0.5826382637023926,t5_rho0.50_n800,t5,800,0.5,0.25
True,5,5,0.23137036036838082,0.267661218284972,0.2268280294354344,0.06897862245659904,-14.833174889921,0.260878426384892,68.37036004543252,9.140595057904432e-11,equivalent,True,1.0,1.0,8.292581464877764e-07,8.822426698434951e-07,True,850,0.5825967788696289,t5_rho0.50_n800,t5,800,0.5,0.25
True,5,5,0.2841978106811468,0.4038419779797849,0.36372171842638623,0.08057914306540162,-10.998854639770379,0.3150436840040294,111.18220466442793,3.081092899330983e-19,equivalent,True,1.0,1.0,6.821987963758972e-07,9.884625569047289e-07,True,851,0.5800766944885254,t5_rho0.50_n800,t5,800,0.5,0.25
True,5,5,0.24913328899070974,0.3103369784166425,0.26722412780421356,0.0726089492384114,-13.535189291458318,0.2780845991090301,84.16500287638765,7.625008083649712e-14,equivalent,True,1.0,1.0,8.997442793303171e-07,8.954445611213952e-07,True,852,0.605288028717041,t5_rho0.50_n800,t5,800,0.5,0.25
True,5,5,0.18842390026361558,0.17751783095276474,0.1349034664674782,0.054885646759682834,-20.3167239408689,0.21221796418197958,53.55143561126809,5.880785082564214e-08,equivalent,True,1.0,1.0,9.494181934218649e-07,7.419691589825637e-07,True,853,0.5972681045532227,t5_rho0.50_n800,t5,800,0.5,0.25
True,5,5,0.32031050721332005,0.5129941051562719,0.46977586150699757,0.09497599602162032,-8.21496137103308,0.3538354060962493,130.36273401516868,3.9394026347517767e-23,equivalent,True,1.0,1.0,9.80370681728005e-07,8.781126957462335e-07,True,854,0.609935998916626,t5_rho0.50_n800,t5,800,0.5,0.25
True,5,5,0.25486719881654235,0.3247864451629546,0.2884243542044347,0.07276534707968761,-13.21474691438651,0.28569658705166273,90.41958581946898,4.4219702353205815e-15,equivalent,True,1.0,1.0,7.138640454204697e-07,9.756541959861427e-07,True,855,0.5560078620910645,t5_rho0.50_n800,t5,800,0.5,0.25
True,5,5,0.2850373075070696,0.4062313333543988,0.3671079620254391,0.07816756796265363,-11.294863854487362,0.314859387568097,121.96772918110653,2.016694047175676e-21,equivalent,True,1.0,1.0,9.522864325805438e-07,9.779659553281955e-07,True,856,0.5806820392608643,t5_rho0.50_n800,t5,800,0.5,0.25
True,5,5,0.2875450076444941,0.4134106571063607,0.3716584819792497,0.08362803570153268,-10.50295526676651,0.3191283001608422,111.72343881495335,2.3958335227221723e-19,equivalent,True,0.9970149253731343,1.0,7.442444869714925e-07,8.697834735497788e-07,True,857,0.6038668155670166,t5_rho0.50_n800,t5,800,0.5,0.25
True,5,5,0.26948107625421647,0.3631002522956541,0.3223910820061294,0.07568143458928966,-12.256756535177315,0.29895684109356424,102.9243737264829,1.413841732918984e-17,equivalent,True,1.0,1.0,7.553437281009374e-07,9.886245380685263e-07,True,858,0.5967831611633301,t5_rho0.50_n800,t5,800,0.5,0.25
True,5,5,0.2319551613933288,0.26901598448502606,0.2280626570055222,0.06770155021688772,-15.094740662815164,0.2605462712955252,72.501776752001,1.4545118346246951e-11,equivalent,True,1.0,1.0,9.718257293058877e-07,7.503135240649122e-07,True,859,0.5740890502929688,t5_rho0.50_n800,t5,800,0.5,0.25
True,5,5,0.27481320366118456,0.3776114845326185,0.3370369001319371,0.07820245773043225,-11.67435303651315,0.30517814350518546,102.47137910490973,1.7428484715598815e-17,equivalent,True,1.0,1.0,9.79340730572853e-07,8.793361807461055e-07,True,860,0.5803070068359375,t5_rho0.50_n800,t5,800,0.5,0.25
True,5,5,0.25596763238239395,0.32759714413724184,0.28997146562852505,0.07356149616481066,-13.050693425546724,0.2866947364006499,86.1738387377791,3.061938641067829e-14,equivalent,True,1.0,1.0,8.357190531739039e-07,9.59380193250248e-07,True,861,0.579970121383667,t5_rho0.50_n800,t5,800,0.5,0.25
True,5,5,0.22542634211222945,0.25408517859049956,0.20907844415518745,0.07069815170728379,-14.723462080799631,0.2550947100234258,59.07964752360896,5.409821669021612e-09,equivalent,True,1.0,1.0,9.678478917785315e-07,9.65189168398393e-07,True,862,0.5977559089660645,t5_rho0.50_n800,t5,800,0.5,0.25
False,5,6,,,,,,,,,not_applicable,False,1.0,1.0,5.824458925538246e-07,7.697527201657196e-07,False,863,0.569392204284668,t5_rho0.50_n800,t5,800,0.5,0.25
True,5,5,0.23072675980915106,0.2661741884601484,0.22294796893390778,0.06950815689370189,-14.775992875724677,0.25972243372617054,69.9664202581618,4.5004677339523396e-11,equivalent,True,1.0,1.0,9.444443823654382e-07,7.142832677028645e-07,True,864,0.597200870513916,t5_rho0.50_n800,t5,800,0.5,0.25
True,5,5,0.29624581809348416,0.43880792368938853,0.4002157375493328,0.07899720994598518,-10.75714272734078,0.3256238888189973,135.58373654332152,3.379589743767322e-24,equivalent,True,1.0,1.0,8.059996490614949e-07,9.461877734203193e-07,True,865,0.5760548114776611,t5_rho0.50_n800,t5,800,0.5,0.25
True,5,5,0.3070785454804536,0.4714861654719551,0.4295828555702235,0.0922934005133858,-8.889228697460194,0.3409961847728948,111.25119022273472,2.9838861411513223e-19,equivalent,True,1.0,1.0,9.845966631583834e-07,9.695416511630053e-07,True,866,0.6047658920288086,t5_rho0.50_n800,t5,800,0.5,0.25
True,5,5,0.25345221887100516,0.3211901362531795,0.2784715321107576,0.07725731878170276,-12.575228900117283,0.284797652068056,81.17160157512703,2.9575582533404193e-13,equivalent,True,1.0,1.0,6.499164566569025e-07,9.957964941425453e-07,True,867,0.5852470397949219,t5_rho0.50_n800,t5,800,0.5,0.25
True,5,5,0.27059567415231,0.36611009434971575,0.32295272002280995,0.08509535070149105,-10.894217749089625,0.3042768858329088,85.38702944266184,4.378286478401775e-14,equivalent,True,1.0,1.0,8.816550902390838e-07,6.45777866355215e-07,True,868,0.5955369472503662,t5_rho0.50_n800,t5,800,0.5,0.25
True,5,5,0.30055203391190255,0.45165762544290705,0.41275143912633816,0.08242100253705552,-10.158194332776342,0.3311561335945298,131.4968312245617,2.3119308612674027e-23,equivalent,True,1.0,1.0,9.546884385771728e-07,7.248923747305752e-07,True,869,0.5852649211883545,t5_rho0.50_n800,t5,800,0.5,0.25
True,5,5,0.21038259816776247,0.22130418805909105,0.17863945361189998,0.06347313077723812,-16.87896174757929,0.23792581322118253,57.630856473732926,1.0144437969274256e-08,equivalent,True,1.0,1.0,9.14458004161669e-07,7.713563745144641e-07,True,870,0.58732008934021,t5_rho0.50_n800,t5,800,0.5,0.25
True,5,5,0.2640758120547138,0.3486801725617827,0.30546221947871594,0.08217903792776236,-11.493658289740003,0.29686182242706066,87.75842994929451,1.4886750953192242e-14,equivalent,True,1.0,1.0,9.979873448270526e-07,9.937502618710641e-07,True,871,0.6078181266784668,t5_rho0.50_n800,t5,800,0.5,0.25
True,5,5,0.2746985802817604,0.3772965500440739,0.33522466092697517,0.082686356250621,-11.063195677656369,0.3069956396775728,93.99245126301716,8.621392139359551e-16,equivalent,True,1.0,1.0,8.569239211839621e-07,9.014431862357198e-07,True,872,0.5944399833679199,t5_rho0.50_n800,t5,800,0.5,0.25
True,5,5,0.3000928035556671,0.4502784537295009,0.40896180658026904,0.09162848696760117,-9.178785127349236,0.3345675584096591,102.5843661772484,1.654247260444784e-17,equivalent,True,1.0,1.0,8.405715820381941e-07,9.24778033110834e-07,True,873,0.5853860378265381,t5_rho0.50_n800,t5,800,0.5,0.25
True,5,5,0.2124723410290111,0.22572247851174201,0.18744718463502014,0.06496409270560559,-16.356001771318432,0.24261228663999979,55.98435694047614,2.0668055235051714e-08,equivalent,True,1.0,1.0,8.712905658616525e-07,8.579395290665417e-07,True,874,0.5611999034881592,t5_rho0.50_n800,t5,800,0.5,0.25
True,5,5,0.2981500256033961,0.4444671888365287,0.40105700781977766,0.08872901376208975,-9.567817292058539,0.330757690136504,113.24705126935393,1.1795215089645734e-19,equivalent,True,1.0,0.9970149253731343,7.547989964990195e-07,9.157660933944058e-07,True,875,0.5979909896850586,t5_rho0.50_n800,t5,800,0.5,0.25
True,5,5,0.2659122683241203,0.35354667222639474,0.3104032235810526,0.08183210714004932,-11.482006381809285,0.29833037452175204,85.12691783281838,4.927387432678734e-14,equivalent,True,1.0,1.0,9.106646614167539e-07,7.728515644834842e-07,True,876,0.5994267463684082,t5_rho0.50_n800,t5,800,0.5,0.25
True,5,5,0.2350626303308121,0.2762722008902001,0.2363130632576711,0.07003256212134806,-14.47450880043308,0.2651438768169745,72.25278231993427,1.625486552381669e-11,equivalent,True,1.0,1.0,8.365268050918159e-07,8.498393502340465e-07,True,877,0.6078338623046875,t5_rho0.50_n800,t5,800,0.5,0.25
True,5,5,0.24053389598198766,0.2892827755813683,0.24888761968413067,0.07272720000976288,-13.765308992804346,0.27148230822586367,69.00103820613228,6.910109418836307e-11,equivalent,True,1.0,1.0,7.20673965729131e-07,8.635157256279235e-07,True,878,0.6116831302642822,t5_rho0.50_n800,t5,800,0.5,0.25
True,5,5,0.22359219175364706,0.24996734106599838,0.20446938243121715,0.07417644151108266,-14.09518435058078,0.2555303392104645,53.27243319503148,6.626887312624274e-08,equivalent,True,1.0,0.9970149253731343,7.873061408958403e-07,8.612063538796391e-07,True,879,0.6445660591125488,t5_rho0.50_n800,t5,800,0.5,0.25
True,5,5,0.2792620209532203,0.3899363817343843,0.3484534253623003,0.08864705605752791,-10.170067848081011,0.3144089238673405,87.66417033678357,1.5539810692404347e-14,equivalent,True,0.9970149253731343,1.0,9.879110876771033e-07,7.35247922401718e-07,True,880,0.6141247749328613,t5_rho0.50_n800,t5,800,0.5,0.25
True,5,5,0.25568769885297676,0.32688099672365273,0.2882556344248176,0.07468157636539506,-12.877933385734242,0.28673886941811394,83.80970224005834,8.958328497941997e-14,equivalent,True,1.0,1.0,9.627922721664052e-07,9.861692107294617e-07,True,881,0.6041829586029053,t5_rho0.50_n800,t5,800,0.5,0.25
True,5,5,0.25176952092899224,0.31693945834407133,0.27348243025658475,0.07527426814651116,-12.97279394125435,0.28188564462685617,80.79293583096086,3.509512997230099e-13,equivalent,True,1.0,1.0,9.039947893612222e-07,9.412363564975287e-07,True,882,0.612799882888794,t5_rho0.50_n800,t5,800,0.5,0.25
True,5,5,0.25390513401451337,0.32233908539463996,0.2786177006288117,0.07826743199912073,-12.411066449479279,0.28543166258309294,76.3194284542964,2.6323807623693198e-12,equivalent,True,0.9970149253731343,0.9970149253731343,9.572384069583594e-07,8.857504171332323e-07,True,883,0.6153340339660645,t5_rho0.50_n800,t5,800,0.5,0.25
True,5,5,0.2861453370416496,0.4093957695533961,0.3677761640374833,0.08311864443065496,-10.614030606557199,0.3176457674191601,106.87803173330735,2.2701806246034615e-18,equivalent,True,1.0,1.0,9.385253040865933e-07,9.693087606117846e-07,True,884,0.6240952014923096,t5_rho0.50_n800,t5,800,0.5,0.25
True,5,5,0.22221202361649336,0.246890917198685,0.20788400205176955,0.06222412347383971,-16.747781081823632,0.24909178116974914,76.55842396365614,2.3644692853709606e-12,equivalent,True,0.9970149253731343,1.0,7.894794043399693e-07,9.455479888529893e-07,True,885,0.6137559413909912,t5_rho0.50_n800,t5,800,0.5,0.25
True,5,5,0.2702895241257472,0.3652821342606144,0.3223508386562832,0.08319952645781546,-11.149692802807735,0.30305177165331537,88.27424953130839,1.1768749236032024e-14,equivalent,True,1.0,1.0,8.050048139568159e-07,8.129786657343974e-07,True,886,0.6438751220703125,t5_rho0.50_n800,t5,800,0.5,0.25
True,5,5,0.2846733335155649,0.40519453407432016,0.36166714666247307,0.0880293287408577,-10.091328265748986,0.31826482913447296,96.80734417628024,2.3685016723351836e-16,equivalent,True,1.0,1.0,9.75570720745765e-07,9.87941249151608e-07,True,887,0.6513650417327881,t5_rho0.50_n800,t5,800,0.5,0.25
True,5,5,0.276861543260419,0.3832615706827044,0.34375835095571583,0.07797225213252167,-11.622617331920022,0.3072495053462149,106.87291490788087,2.275568747945443e-18,equivalent,True,1.0,1.0,7.679273154361954e-07,6.570605084891542e-07,True,888,0.6077423095703125,t5_rho0.50_n800,t5,800,0.5,0.25
True,5,5,0.24974229012040325,0.3118560573729183,0.2673912626901897,0.07763509426912243,-12.656759762583558,0.2811012732370578,74.85832480334605,5.069643088877391e-12,equivalent,True,1.0,1.0,9.98908241917176e-07,9.700838023334715e-07,True,889,0.6048150062561035,t5_rho0.50_n800,t5,800,0.5,0.25
True,5,5,0.28579846724109237,0.4084038193867887,0.3693506506368615,0.0888767632620764,-9.908656852931438,0.32110431857581584,91.50025595949458,2.6984675233559278e-15,equivalent,True,1.0,1.0,9.030893066223512e-07,9.968588186289534e-07,True,890,0.5697529315948486,t5_rho0.50_n800,t5,800,0.5,0.25
True,5,5,0.28527911250992116,0.4069208601722413,0.3667122027605683,0.08365991930422795,-10.558076132339668,0.3175910969969388,106.00476386829536,3.4018370630230336e-18,equivalent,True,0.9970149253731343,1.0,9.439031352474947e-07,8.659477994494032e-07,True,891,0.5876481533050537,t5_rho0.50_n800,t5,800,0.5,0.25
True,5,5,0.30665573423908127,0.4701886967085501,0.4315613576485357,0.0829867991767591,-9.862275090381754,0.33706453247516904,140.32706368053505,3.611669847189418e-25,equivalent,True,1.0,1.0,9.860962398555986e-07,9.175769339092351e-07,True,892,0.5900101661682129,t5_rho0.50_n800,t5,800,0.5,0.25
True,5,5,0.2583652783820519,0.33376308536717586,0.2958993767246254,0.07339368973809343,-12.999763694673181,0.28865940257877604,93.3222682287147,1.1720645897252188e-15,equivalent,True,1.0,1.0,9.784511379503455e-07,9.236840689795756e-07,True,893,0.5662310123443604,t5_rho0.50_n800,t5,800,0.5,0.25
True,5,5,0.24635569397798335,0.3034556397768689,0.26648770622784673,0.07234592197918974,-13.59457819965388,0.2776638825596391,75.25819322427262,4.237819676908359e-12,equivalent,True,1.0,1.0,9.89196065651268e-07,9.551397152929122e-07,True,894,0.5679981708526611,t5_rho0.50_n800,t5,800,0.5,0.25
True,5,5,0.31943851089241854,0.510204811205829,0.4675838167649328,0.09663322159692725,-8.096761862071112,0.35398624882688423,120.64611934375192,3.741276162263511e-21,equivalent,True,0.9970149253731343,1.0,8.967579788782202e-07,7.787246894011212e-07,True,895,0.589705228805542,t5_rho0.50_n800,t5,800,0.5,0.25
True,5,5,0.2522017210169534,0.3180285404195659,0.273068949891178,0.07748767666168391,-12.607566676365387,0.2830282091566817,78.77565263833466,8.720142954906771e-13,equivalent,True,1.0,1.0,9.482912260196839e-07,7.406254105047036e-07,True,896,0.6137452125549316,t5_rho0.50_n800,t5,800,0.5,0.25
True,5,5,0.2346024300500763,0.27519150092700473,0.23445871313981212,0.0671713043106186,-15.118677496033802,0.26265782937586085,78.99848712849985,7.887007316591485e-13,equivalent,True,1.0,1.0,8.869028398696183e-07,8.85223613827317e-07,True,897,0.5837876796722412,t5_rho0.50_n800,t5,800,0.5,0.25
True,5,5,0.22797665963023936,0.25986678668081004,0.2182218755175923,0.06529839499520672,-15.800972207022028,0.25519724816681233,71.62938148872328,2.1465481625582202e-11,equivalent,True,1.0,0.9970149253731343,8.665089715690521e-07,9.59097232882787e-07,True,898,0.5769667625427246,t5_rho0.50_n800,t5,800,0.5,0.25
True,5,5,0.2649299506853078,0.350939393850598,0.30968077680786654,0.07917963251348026,-11.875771500101935,0.2966208632339773,89.62991608596806,6.341697327483553e-15,equivalent,True,1.0,1.0,9.293371488320981e-07,9.565860788129036e-07,True,899,0.589231014251709,t5_rho0.50_n800,t5,800,0.5,0.25
True,5,5,0.25897049511259185,0.3353285866943048,0.291858332963682,0.0797476384331755,-12.014671354051346,0.2908716298580201,83.61132976737088,9.801426150200964e-14,equivalent,True,1.0,1.0,7.810543550761572e-07,9.288149576923737e-07,True,900,0.6199760437011719,t5_rho0.50_n800,t5,800,0.5,0.25
True,5,5,0.24622126008039016,0.3031245445778757,0.26053281260996014,0.07426907176171461,-13.32273534486405,0.276656669779543,76.54584900641551,2.377862656568688e-12,equivalent,True,1.0,1.0,9.133540834996425e-07,7.654243848460629e-07,True,901,0.6027379035949707,t5_rho0.50_n800,t5,800,0.5,0.25
True,5,5,0.2744807138311444,0.37669831132627296,0.3361343368059224,0.07813307027935641,-11.696272268920815,0.30484481325414614,103.23565169021302,1.2244692517514987e-17,equivalent,True,1.0,1.0,9.986679472861834e-07,7.380504679603782e-07,True,902,0.5848798751831055,t5_rho0.50_n800,t5,800,0.5,0.25
True,5,5,0.2699633579525639,0.3644010731851207,0.31910555301999943,0.08439739062590992,-11.029896067594972,0.3026307674696238,81.19081710079882,2.9319818869515296e-13,equivalent,True,1.0,1.0,8.398115675363437e-07,9.368525404647749e-07,True,903,0.6179277896881104,t5_rho0.50_n800,t5,800,0.5,0.25
True,5,5,0.2540746700294031,0.32276968975275033,0.2806897686038826,0.07138259666447468,-13.579083371710947,0.282171469723166,99.71221730217809,6.222453584015604e-17,equivalent,True,0.9970149253731343,1.0,8.899429147141971e-07,9.559562798883675e-07,True,904,0.5996830463409424,t5_rho0.50_n800,t5,800,0.5,0.25
True,5,5,0.2552681402265207,0.3258091170735332,0.28033991659413127,0.07820959104795583,-12.398224698698419,0.28600113499486424,82.25039168384691,1.8156175519002587e-13,equivalent,True,1.0,1.0,8.590093641214899e-07,8.292056604151228e-07,True,905,0.6163499355316162,t5_rho0.50_n800,t5,800,0.5,0.25
True,5,5,0.26712939011006614,0.3567905553028795,0.31679643568820376,0.07473637675496647,-12.486604312802491,0.29655584164161125,105.0252393329566,5.353092712634888e-18,equivalent,True,1.0,1.0,9.351954078126237e-07,7.904133344752808e-07,True,906,0.5673878192901611,t5_rho0.50_n800,t5,800,0.5,0.25
True,5,5,0.2827708369987121,0.399796731284761,0.360486580241288,0.08418410072037391,-10.56628760237425,0.31589780108219906,100.04951523227989,5.326755287963658e-17,equivalent,True,1.0,0.9970149253731343,8.963762823253971e-07,9.522943950964993e-07,True,907,0.5672628879547119,t5_rho0.50_n800,t5,800,0.5,0.25
True,5,5,0.29294608506847697,0.4290870437847367,0.3905916795368756,0.08250509116357309,-10.416427742128993,0.32443812290766344,118.96488901347814,8.206092149575989e-21,equivalent,True,1.0,1.0,8.731387803562635e-07,9.693102207897854e-07,True,908,0.5832600593566895,t5_rho0.50_n800,t5,800,0.5,0.25
True,5,5,0.25773131311658976,0.3321271488040081,0.28906948453490494,0.07863212910679478,-12.220583702623651,0.2892776615264762,80.39419787997183,4.2020433397646196e-13,equivalent,True,1.0,1.0,8.640811852482533e-07,7.038059465002183e-07,True,909,0.6023852825164795,t5_rho0.50_n800,t5,800,0.5,0.25
True,5,5,0.2746609867274591,0.37719328815050734,0.32521843051543353,0.09447561384403165,-9.788574340583532,0.31003773531789824,74.70891922328218,5.420600673836285e-12,equivalent,True,1.0,1.0,9.422074857040746e-07,7.517245133564634e-07,True,910,0.6364879608154297,t5_rho0.50_n800,t5,800,0.5,0.25
True,5,5,0.2520225368616553,0.3175767954309221,0.27414201227752766,0.07640104620916224,-12.77283540137497,0.28277572393596845,82.64283543370891,1.5200756133198658e-13,equivalent,True,1.0,1.0,9.873182602636253e-07,9.918936930226461e-07,True,911,0.6014480590820312,t5_rho0.50_n800,t5,800,0.5,0.25
True,5,5,0.2824879022751637,0.3989970746591122,0.35238006705567804,0.08739450229518517,-10.270897017211741,0.31500197813078323,93.7620322854601,9.581709565879507e-16,equivalent,True,1.0,1.0,9.159676482939028e-07,9.095547073275528e-07,True,912,0.6255092620849609,t5_rho0.50_n800,t5,800,0.5,0.25
True,5,5,0.24619385539008692,0.30305707215917516,0.2657431308274657,0.07215282096120534,-13.641280494102137,0.27728107042504163,78.2088061332002,1.1256485112387698e-12,equivalent,True,1.0,1.0,9.836177846599809e-07,8.576400074862457e-07,True,913,0.5737760066986084,t5_rho0.50_n800,t5,800,0.5,0.25
True,5,5,0.2616625766312524,0.34233652004653015,0.29809144173044577,0.07783793993099923,-12.229364743123853,0.291932683864065,93.29848124755355,1.1849059062572854e-15,equivalent,True,1.0,1.0,9.159347288847004e-07,9.518250593984772e-07,True,914,0.611210823059082,t5_rho0.50_n800,t5,800,0.5,0.25
True,5,5,0.28935266398069354,0.4186248207636208,0.3768988318106357,0.086251240580469,-10.122766493715478,0.3221085213739258,103.36130511866597,1.1554023581475749e-17,equivalent,True,1.0,0.9970149253731343,9.755191164545277e-07,9.953579562105353e-07,True,915,0.594249963760376,t5_rho0.50_n800,t5,800,0.5,0.25
True,5,5,0.25155394655722446,0.31639694014257475,0.2720893480030784,0.07864940382633397,-12.433796118229322,0.283357055724538,75.97752607228782,3.0690735993461105e-12,equivalent,True,1.0,0.9940298507462687,8.792610589780531e-07,9.587764075592748e-07,True,916,0.6230220794677734,t5_rho0.50_n800,t5,800,0.5,0.25
True,5,5,0.28464411985169596,0.40511137483073334,0.36197308546347806,0.08386517468253202,-10.588744587942603,0.31620215755587744,111.82111375976893,2.2894794628477256e-19,equivalent,True,1.0,1.0,8.873362322177995e-07,9.233509550530246e-07,True,917,0.6050522327423096,t5_rho0.50_n800,t5,800,0.5,0.25
True,5,5,0.3270068531646781,0.5346674100833266,0.4923899047506289,0.10133099433332245,-7.47658799002067,0.3630604793426002,123.20992231086568,1.1277369156995062e-21,equivalent,True,1.0,1.0,9.73798043297961e-07,8.169052553713192e-07,True,918,0.5846841335296631,t5_rho0.50_n800,t5,800,0.5,0.25
True,5,5,0.2801084647203719,0.39230376004001916,0.35484361073736914,0.07451853226466708,-12.012533822906073,0.30900345914180544,125.35932782475957,4.1211216181977325e-22,equivalent,True,1.0,1.0,8.535762033519651e-07,9.403778097671728e-07,True,919,0.5756089687347412,t5_rho0.50_n800,t5,800,0.5,0.25
True,5,5,0.2917990331277374,0.42573337867141203,0.38512161471620227,0.08439295101264595,-10.24823015318186,0.3237084077618284,115.51090908958345,4.110341397148968e-20,equivalent,True,1.0,0.9970149253731343,6.435083491349158e-07,8.815520657856539e-07,True,920,0.5835490226745605,t5_rho0.50_n800,t5,800,0.5,0.25
True,5,5,0.2590485412418319,0.33553073359760544,0.29044277373130434,0.07965294663365004,-12.046726038673915,0.29033091874584616,82.69875509501401,1.4820664611207176e-13,equivalent,True,1.0,1.0,7.116759809811881e-07,9.88031536800822e-07,True,921,0.6171138286590576,t5_rho0.50_n800,t5,800,0.5,0.25
True,5,5,0.23619626625022658,0.27894338095273963,0.23826445592944603,0.0718466813496677,-14.081868849955358,0.26699877540238776,68.37550571554704,9.11976819200644e-11,equivalent,True,1.0,1.0,9.863083001075093e-07,8.728606257738894e-07,True,922,0.5832831859588623,t5_rho0.50_n800,t5,800,0.5,0.25
True,5,5,0.2744636144313691,0.37665137823365613,0.3368544632446923,0.08250956325250108,-11.067147864555297,0.3074314940336304,96.02668171123867,3.3902399739409706e-16,equivalent,True,1.0,1.0,8.587938337973802e-07,9.420199783723816e-07,True,923,0.5838778018951416,t5_rho0.50_n800,t5,800,0.5,0.25
True,5,5,0.28378104545719757,0.40265840880390025,0.367548478450357,0.07782497896670329,-11.338923996718224,0.3148203225241855,115.11878861733678,4.9342885961967614e-20,equivalent,True,1.0,1.0,8.008625084933746e-07,8.993567074118598e-07,True,924,0.5465316772460938,t5_rho0.50_n800,t5,800,0.5,0.25
True,5,5,0.25253627324123024,0.3188728465128465,0.27506765238456177,0.0818306042478953,-11.914030900492998,0.2862401154895459,66.75819571114245,1.8659311265754046e-10,equivalent,True,1.0,1.0,9.165747934457571e-07,9.822921727656785e-07,True,925,0.6137378215789795,t5_rho0.50_n800,t5,800,0.5,0.25
True,5,5,0.24451716662926018,0.29894322388200695,0.2586789818016632,0.07038465335405596,-14.084334737171954,0.2736608975183719,83.01017036935744,1.287090378525448e-13,equivalent,True,1.0,1.0,9.3811657593587e-07,8.788125948438838e-07,True,926,0.5801689624786377,t5_rho0.50_n800,t5,800,0.5,0.25
True,5,5,0.31001384834639284,0.4805429308327012,0.43743180799583137,0.09477351447833333,-8.573789802740027,0.3444765208325397,110.96450196847539,3.4090780986436626e-19,equivalent,True,1.0,1.0,7.98170969674731e-07,9.436107642846094e-07,True,927,0.6127669811248779,t5_rho0.50_n800,t5,800,0.5,0.25
True,5,5,0.3007462867744753,0.4522416450431747,0.41312334469458173,0.08599031666921236,-9.732219716374766,0.33303598272578333,121.95435354110225,2.0293511677652844e-21,equivalent,True,1.0,1.0,5.58435273515453e-07,8.286149384149572e-07,True,928,0.5776238441467285,t5_rho0.50_n800,t5,800,0.5,0.25
True,5,5,0.2496141291632336,0.3115360673895974,0.2769804210893069,0.06842424290569929,-14.220392328661731,0.27911584878116646,89.61805677783285,6.3761160155085446e-15,equivalent,True,1.0,1.0,9.937940645369467e-07,7.946674159117572e-07,True,929,0.5481460094451904,t5_rho0.50_n800,t5,800,0.5,0.25
True,5,5,0.25495706844220245,0.3250155337432095,0.28577567049473956,0.07828050509608103,-12.317553755200954,0.28793598011419885,77.33729964985045,1.6661227121012126e-12,equivalent,True,1.0,1.0,8.722095356812833e-07,9.335349338996123e-07,True,930,0.5738317966461182,t5_rho0.50_n800,t5,800,0.5,0.25
True,5,5,0.264866823006763,0.3507721696484796,0.3105845450826812,0.07345942905968189,-12.788221565867243,0.29373952863218233,102.82741925779557,1.478597754945499e-17,equivalent,True,1.0,1.0,9.186944244898149e-07,8.784625719988997e-07,True,931,0.5808980464935303,t5_rho0.50_n800,t5,800,0.5,0.25
True,5,5,0.23864910503624326,0.28476697667299933,0.2428600810187741,0.06900585903350565,-14.594991397646556,0.26696989288342526,78.27933617007847,1.0904639163175672e-12,equivalent,True,1.0,1.0,9.174199101885671e-07,9.565372703516548e-07,True,932,0.5968108177185059,t5_rho0.50_n800,t5,800,0.5,0.25
True,5,5,0.24509529035631325,0.3003585067742275,0.25664618184579174,0.07602993807925815,-13.06529826604195,0.2762984984585893,68.35940460550707,9.185094619316986e-11,equivalent,True,1.0,1.0,9.373521338589938e-07,9.841234321506926e-07,True,933,0.6101968288421631,t5_rho0.50_n800,t5,800,0.5,0.25
True,5,5,0.2991064639866168,0.44732338399288635,0.4012007645096973,0.09318961905073822,-9.108302449741355,0.33301172573935894,102.89931849063578,1.430299757951508e-17,equivalent,True,1.0,1.0,9.698955915145274e-07,9.17975351977977e-07,True,934,0.603186845779419,t5_rho0.50_n800,t5,800,0.5,0.25
True,5,5,0.28004423318195115,0.3921238626923352,0.352588452953075,0.07901886128409337,-11.35692836448879,0.31066474326314897,106.4971777915069,2.7082011673739597e-18,equivalent,True,1.0,1.0,8.897948880927933e-07,9.59447751372219e-07,True,935,0.579920768737793,t5_rho0.50_n800,t5,800,0.5,0.25
True,5,5,0.2766051813886165,0.38255213185514725,0.3418740070102337,0.08579760835306757,-10.584514072382037,0.31080492733981513,86.14551858958528,3.101622788894344e-14,equivalent,True,1.0,1.0,9.053978754309404e-07,9.174367408619079e-07,True,936,0.5912032127380371,t5_rho0.50_n800,t5,800,0.5,0.25
True,5,5,0.2864769098981775,0.4103450995240425,0.3689483213221318,0.08805286429260087,-10.005940019737704,0.3205565143675237,101.143005605191,3.217420094155307e-17,equivalent,True,1.0,1.0,9.829792143068658e-07,9.197838341639618e-07,True,937,0.5944969654083252,t5_rho0.50_n800,t5,800,0.5,0.25
True,5,5,0.24492208487923117,0.2999341383079466,0.2611042748545154,0.06986479119167599,-14.154421823611006,0.2742340715674662,82.40918667117488,1.6896932004586832e-13,equivalent,True,1.0,0.9970149253731343,9.638803572451144e-07,6.874577220056574e-07,True,938,0.5639359951019287,t5_rho0.50_n800,t5,800,0.5,0.25
True,5,5,0.20292156274006898,0.20588580312435878,0.16472074073467707,0.0597906608045842,-18.1513173572772,0.22937638327296148,55.965380203220406,2.0837897420734e-08,equivalent,True,1.0,1.0,9.984843872899411e-07,8.877030721726069e-07,True,939,0.5870449542999268,t5_rho0.50_n800,t5,800,0.5,0.25
True,5,5,0.23458716662313864,0.27515569372136106,0.23372109985545164,0.06922335152532386,-14.681157120408493,0.26366015272756604,75.97389598219885,3.0740778527638856e-12,equivalent,True,1.0,1.0,9.347028714514492e-07,9.634937678823027e-07,True,940,0.5987670421600342,t5_rho0.50_n800,t5,800,0.5,0.25
True,5,5,0.2686968603452786,0.36099001379705076,0.31779828926045733,0.08077652463801746,-11.540502824514958,0.30022120137786246,89.82427489404878,5.803318900008514e-15,equivalent,True,0.9970149253731343,1.0,9.295409490460227e-07,8.604491725606706e-07,True,941,0.5993211269378662,t5_rho0.50_n800,t5,800,0.5,0.25
True,5,5,0.25387028436292686,0.32225060641256675,0.2781214093716965,0.07404680418634664,-13.125192927738892,0.28281356537541624,85.73512009098339,3.737764722063138e-14,equivalent,True,1.0,1.0,9.719023478651066e-07,9.210684827857992e-07,True,942,0.6255900859832764,t5_rho0.50_n800,t5,800,0.5,0.25
True,5,5,0.2850808171895952,0.4063553616474371,0.3654350985903304,0.0872971551375884,-10.13280329714655,0.31906931561682267,98.51081448051214,1.0819988790024439e-16,equivalent,True,0.9970149253731343,1.0,7.350473820451836e-07,9.640746939296833e-07,True,943,0.5909311771392822,t5_rho0.50_n800,t5,800,0.5,0.25
True,5,5,0.2711503640941449,0.3676125997419367,0.3285223745551897,0.07843262463055153,-11.748652168473665,0.30250043360302004,101.08782506140088,3.3003616998403634e-17,equivalent,True,1.0,1.0,8.057886944704967e-07,9.805810670722104e-07,True,944,0.5718209743499756,t5_rho0.50_n800,t5,800,0.5,0.25
True,5,5,0.22587856998271316,0.2551056418871772,0.21833361423025416,0.06345512054830453,-16.25820543488529,0.2540503884715691,73.16065030575626,1.0836919123206471e-11,equivalent,True,1.0,1.0,9.199820787894151e-07,7.845041174377851e-07,True,945,0.567497968673706,t5_rho0.50_n800,t5,800,0.5,0.25
True,5,5,0.24413457376704228,0.2980084505420771,0.2573376764219435,0.06815374973983718,-14.56504341092514,0.27182369980259546,83.37503948132792,1.0909528749459609e-13,equivalent,True,1.0,1.0,8.098980008304836e-07,9.282189783260274e-07,True,946,0.5799129009246826,t5_rho0.50_n800,t5,800,0.5,0.25
True,5,5,0.28897098788688197,0.4175211592016025,0.3775682159564019,0.08152022231871808,-10.702029008614181,0.3198928099558462,114.19754152870328,7.578177634516857e-20,equivalent,True,1.0,1.0,8.860655075885038e-07,9.270057617319073e-07,True,947,0.5881860256195068,t5_rho0.50_n800,t5,800,0.5,0.25
True,5,5,0.2757235069958262,0.38011726155038705,0.33941292351168373,0.0864150465989377,-10.537367186925872,0.3103395000102716,87.70037993728086,1.528562534402873e-14,equivalent,True,0.9970149253731343,1.0,8.901135494533609e-07,8.17397519028807e-07,True,948,0.5866198539733887,t5_rho0.50_n800,t5,800,0.5,0.25
True,5,5,0.2535772040931384,0.3215069921784658,0.28524280000152946,0.07556413405395565,-12.767395697403181,0.2861938992947354,83.17674903575295,1.193525633211815e-13,equivalent,True,0.9970149253731343,1.0,9.228515088112272e-07,9.00665641283491e-07,True,949,0.5534651279449463,t5_rho0.50_n800,t5,800,0.5,0.25
True,5,5,0.2748889457389315,0.37781966244730625,0.3386361447516342,0.07938782082642962,-11.479895099286521,0.30633886131986604,105.55457994929881,4.1900717180040775e-18,equivalent,True,1.0,1.0,9.277395452039574e-07,9.028690002801032e-07,True,950,0.5864250659942627,t5_rho0.50_n800,t5,800,0.5,0.25
True,5,5,0.27175562668804365,0.3692556031830568,0.3312752706719734,0.08106577776962295,-11.333077342931409,0.30483326893827706,102.57153204085117,1.664080655298598e-17,equivalent,True,1.0,0.9970149253731343,9.605410011461906e-07,9.381020271607693e-07,True,951,0.5833930969238281,t5_rho0.50_n800,t5,800,0.5,0.25
True,5,5,0.21185100083612288,0.22440423277633467,0.1837318577512132,0.06266556524986262,-17.0152162195828,0.23950262630602356,60.15825367770438,3.382779875183356e-09,equivalent,True,1.0,1.0,8.486939003315057e-07,9.37219647286267e-07,True,952,0.590073823928833,t5_rho0.50_n800,t5,800,0.5,0.25
True,5,5,0.27596710418174736,0.38078921295229695,0.33683690046216097,0.085532449565653,-10.676218256053959,0.3090389167571842,93.08014832343613,1.3095293348007256e-15,equivalent,True,1.0,1.0,9.904368828048944e-07,9.416614707958271e-07,True,953,0.5912020206451416,t5_rho0.50_n800,t5,800,0.5,0.25
True,5,5,0.2497409424255012,0.31185269161788753,0.2669704467726711,0.07650914741440225,-12.848523169430605,0.2802915608405703,80.05200748760039,4.903994570097321e-13,equivalent,True,1.0,1.0,8.679070011096121e-07,7.608819691842668e-07,True,954,0.6035492420196533,t5_rho0.50_n800,t5,800,0.5,0.25
True,5,5,0.24553368543451123,0.3014339534152676,0.26007545195097304,0.07202857880032729,-13.743496880498341,0.275155200217932,77.86531294666085,1.3138646108790702e-12,equivalent,True,1.0,1.0,9.725760641919927e-07,9.462141865485441e-07,True,955,0.5927371978759766,t5_rho0.50_n800,t5,800,0.5,0.25
True,5,5,0.2581982072534955,0.3333315711445951,0.29127737392905445,0.07482025618223476,-12.813677404897522,0.28787002055783495,91.0427850147378,3.326194142440909e-15,equivalent,True,0.9970149253731343,1.0,7.628532751290971e-07,8.770157748392279e-07,True,956,0.601722002029419,t5_rho0.50_n800,t5,800,0.5,0.25
True,5,5,0.213259106844065,0.22739723325964162,0.18361828494105953,0.06868297573075695,-15.526143177593916,0.24355357795836835,51.72798413185864,1.2813355055073522e-07,equivalent,True,0.9970149253731343,1.0,9.738855683904429e-07,9.535912209802349e-07,True,957,0.5845119953155518,t5_rho0.50_n800,t5,800,0.5,0.25
True,5,5,0.25430601503568934,0.32335774641666126,0.2768574091266225,0.08279761284806142,-11.753268692168124,0.28741863646001803,71.24699440489624,2.5453688970243574e-11,equivalent,True,1.0,1.0,9.457149583195135e-07,8.147555486250399e-07,True,958,0.6095292568206787,t5_rho0.50_n800,t5,800,0.5,0.25
True,5,5,0.27940824815105764,0.390344845674215,0.3515466214515511,0.08000354415024581,-11.230169714246196,0.31085068480415323,104.35143394882046,7.310722530416284e-18,equivalent,True,1.0,1.0,6.798602670439766e-07,8.994468178291644e-07,True,959,0.5804319381713867,t5_rho0.50_n800,t5,800,0.5,0.25
True,5,5,0.26695918867233687,0.35633604208296177,0.31093374853130934,0.08478645231282507,-11.07566392805239,0.30013165515633555,85.02574114297131,5.1590745645106394e-14,equivalent,True,1.0,0.9970149253731343,8.8780676264103e-07,8.419170708627632e-07,True,960,0.615426778793335,t5_rho0.50_n800,t5,800,0.5,0.25
True,5,5,0.2647685409970054,0.3505119015084147,0.3096453106120869,0.08158052701054522,-11.526705254874873,0.29793735460797616,84.45471420906847,6.685772144340501e-14,equivalent,True,0.9970149253731343,1.0,9.642375011744799e-07,9.163483662943452e-07,True,961,0.5849108695983887,t5_rho0.50_n800,t5,800,0.5,0.25
True,5,5,0.26409363251248075,0.3487272336681862,0.30676735283847445,0.0804139984040864,-11.72970708932679,0.29632300274231355,84.46756069100707,6.646908069014484e-14,equivalent,True,1.0,0.9940298507462687,9.502207732248011e-07,8.69470246360512e-07,True,962,0.5836448669433594,t5_rho0.50_n800,t5,800,0.5,0.25
True,5,5,0.2852743262530928,0.4069072060957801,0.3643971688282699,0.08883800022923315,-9.968738928010138,0.3195380026589763,94.05624379264832,8.372931472510049e-16,equivalent,True,1.0,1.0,8.975427015020759e-07,9.474210771980684e-07,True,963,0.6035866737365723,t5_rho0.50_n800,t5,800,0.5,0.25
True,5,5,0.2657258713520653,0.35305119352907194,0.31284031882760815,0.07982177811024344,-11.740651528434535,0.2980387424688132,89.35928197571369,7.175335160265163e-15,equivalent,True,1.0,1.0,9.006099462591145e-07,8.520265443516089e-07,True,964,0.5894901752471924,t5_rho0.50_n800,t5,800,0.5,0.25
True,5,5,0.24009978473135152,0.28823953314020667,0.25229105261190526,0.06538340706296047,-15.259360015108392,0.2682674735639266,89.73131684617421,6.0548740516650635e-15,equivalent,True,1.0,1.0,8.158327061562209e-07,8.299381185929914e-07,True,965,0.5527338981628418,t5_rho0.50_n800,t5,800,0.5,0.25
True,5,5,0.3070501175464877,0.4713988734265595,0.4293088917932457,0.09042932182253072,-9.075497766281785,0.34001526135625065,119.52087686866938,6.329431473477231e-21,equivalent,True,1.0,1.0,9.103232582952596e-07,9.359953629790788e-07,True,966,0.6104168891906738,t5_rho0.50_n800,t5,800,0.5,0.25
True,5,5,0.2696467725045445,0.3635469096105879,0.3190168373626679,0.08363982977895652,-11.130859126539784,0.3021893825838983,86.49898403979168,2.6410459849847695e-14,equivalent,True,1.0,1.0,9.605201373515354e-07,9.972890655505884e-07,True,967,0.6116700172424316,t5_rho0.50_n800,t5,800,0.5,0.25
True,5,5,0.25813869660372374,0.33317793342134666,0.2884311630276252,0.08029824147116608,-11.974967562865743,0.2900034540309125,79.26706727197654,6.98764042743399e-13,equivalent,True,1.0,1.0,9.125028314568673e-07,9.292879598588587e-07,True,968,0.6092541217803955,t5_rho0.50_n800,t5,800,0.5,0.25
True,5,5,0.2412016546551023,0.29089119104179617,0.25124215036770886,0.06772251621509717,-14.747795939242451,0.26930866186975544,82.31517080566675,1.7631553892686462e-13,equivalent,True,1.0,1.0,9.668206811393773e-07,8.87943190449177e-07,True,969,0.5813407897949219,t5_rho0.50_n800,t5,800,0.5,0.25
True,5,5,0.2688825227236319,0.36148905513112206,0.32079454862865864,0.0801116630048561,-11.598878571713286,0.30085428635248335,88.77746019968444,9.356239352276029e-15,equivalent,True,1.0,1.0,9.805479833108817e-07,7.834589511665908e-07,True,970,0.5980651378631592,t5_rho0.50_n800,t5,800,0.5,0.25
True,5,5,0.28353590195579803,0.4019630384894396,0.3599479108485808,0.0816467241109066,-10.90125903817522,0.3144025512400024,107.29103295888504,1.874772375566456e-18,equivalent,True,1.0,1.0,9.566695387352431e-07,9.825461255597904e-07,True,971,0.6030199527740479,t5_rho0.50_n800,t5,800,0.5,0.25
True,5,5,0.25115784202280506,0.3154013080477615,0.27458509653726015,0.07291694322463749,-13.377067939583656,0.28089955324511273,85.06666366486294,5.064084350107301e-14,equivalent,True,1.0,1.0,7.119032741401395e-07,6.264650642078051e-07,True,972,0.5928850173950195,t5_rho0.50_n800,t5,800,0.5,0.25
True,5,5,0.2377948249910741,0.2827318939626778,0.23999586182544047,0.07239194241592753,-13.951886141852444,0.2679813466905266,73.02102139992702,1.1534608589514926e-11,equivalent,True,1.0,1.0,9.46700863550978e-07,9.795204428322848e-07,True,973,0.5894207954406738,t5_rho0.50_n800,t5,800,0.5,0.25
True,5,5,0.23364039022297733,0.2729391597177256,0.2311546118410155,0.06822159866118917,-14.934352289498593,0.2620569235243748,77.98551518395044,1.2446764797535787e-12,equivalent,True,1.0,1.0,9.214300957530132e-07,8.925467253337513e-07,True,974,0.5912621021270752,t5_rho0.50_n800,t5,800,0.5,0.25
True,5,5,0.26633742159829005,0.3546781107181265,0.3163276232298373,0.07464296383526764,-12.508511570236136,0.2963458698955276,97.29707381026753,1.8910727627493873e-16,equivalent,True,1.0,1.0,9.926182650165037e-07,8.057903230459497e-07,True,975,0.5797429084777832,t5_rho0.50_n800,t5,800,0.5,0.25
True,5,5,0.27162707039611605,0.36890632685988284,0.3271303898326856,0.07893708422287209,-11.69120470122346,0.3023145180495474,101.88737635803415,2.28216575831144e-17,equivalent,True,1.0,1.0,9.236770249957024e-07,9.179238147946647e-07,True,976,0.586961030960083,t5_rho0.50_n800,t5,800,0.5,0.25
True,5,5,0.27853264704236336,0.3879021773421289,0.34596399488656987,0.08470339411989833,-10.672960800528962,0.3115409057956225,99.17291698880913,7.977099693861672e-17,equivalent,True,1.0,0.9970149253731343,9.957217293232862e-07,9.593929618612087e-07,True,977,0.5796420574188232,t5_rho0.50_n800,t5,800,0.5,0.25
True,5,5,0.33991299019801013,0.5777042045267626,0.5410285625062466,0.09662490174230062,-7.337357396591055,0.37415568486684775,155.0519085186927,3.3976383939272595e-28,equivalent,True,1.0,0.9970149253731343,8.56769294319793e-07,7.952537124900345e-07,True,978,0.5707840919494629,t5_rho0.50_n800,t5,800,0.5,0.25
True,5,5,0.2775224098513677,0.3850934398485526,0.34138043850444033,0.08250214174804646,-11.013284531090061,0.30889622386490223,97.77688296632624,1.51663961926804e-16,equivalent,True,1.0,1.0,8.186259123035915e-07,5.870332138583122e-07,True,979,0.5996780395507812,t5_rho0.50_n800,t5,800,0.5,0.25
True,5,5,0.23255239565931163,0.2704030836344251,0.22986855367467016,0.06964637013970723,-14.647302426228329,0.2624601448612616,71.86110100497362,1.9358389184183052e-11,equivalent,True,1.0,1.0,9.831455269036555e-07,9.309193512277197e-07,True,980,0.594196081161499,t5_rho0.50_n800,t5,800,0.5,0.25
True,5,5,0.25062729376849463,0.3140702019085966,0.27499065961134245,0.06988882825704684,-13.950861170581264,0.279266020938221,91.38559669587305,2.843718360174399e-15,equivalent,True,1.0,1.0,8.935392430099162e-07,9.066341866840663e-07,True,981,0.5698709487915039,t5_rho0.50_n800,t5,800,0.5,0.25
True,5,5,0.2225848067865518,0.24771998106103296,0.20139152334273477,0.07057447204377275,-14.858183792106608,0.2519826183109143,59.90290481702925,3.780894785026177e-09,equivalent,True,1.0,1.0,9.506041073474223e-07,9.858620256922482e-07,True,982,0.6201910972595215,t5_rho0.50_n800,t5,800,0.5,0.25
True,5,5,0.30522406033496857,0.4658086350368226,0.424011009642588,0.09223207308205814,-8.955550523325398,0.3393285338938842,117.02220769765104,2.0318103160388585e-20,equivalent,True,1.0,1.0,9.594857315941541e-07,9.700987353722873e-07,True,983,0.6005251407623291,t5_rho0.50_n800,t5,800,0.5,0.25
True,5,5,0.30708587281182415,0.47150866640299927,0.43145266118052106,0.09055444846778839,-9.039283576561662,0.3407055838049482,118.74643495724084,9.087317267527206e-21,equivalent,True,1.0,1.0,9.98017930793614e-07,9.292772969409487e-07,True,984,0.5843658447265625,t5_rho0.50_n800,t5,800,0.5,0.25
True,5,5,0.315899387302147,0.4989621144893594,0.46144119216008966,0.08920582777926124,-8.839767843320615,0.34876115653209316,137.01379361343362,1.722989489470085e-24,equivalent,True,1.0,1.0,6.691408620089539e-07,9.547170434119594e-07,True,985,0.5531299114227295,t5_rho0.50_n800,t5,800,0.5,0.25
True,5,5,0.24138831371231678,0.2913415899843793,0.25380310699438835,0.06770616098354731,-14.713533872459388,0.2702479718536797,81.16310574581424,2.9689372368241103e-13,equivalent,True,1.0,1.0,9.171447979036092e-07,8.955714448618575e-07,True,986,0.5690929889678955,t5_rho0.50_n800,t5,800,0.5,0.25
True,5,5,0.27898493504627014,0.3891629699138579,0.3500812030741147,0.0820866785190087,-10.963030946824,0.3114809059831776,96.59043653910149,2.616746978622219e-16,equivalent,True,1.0,1.0,9.4301156203522e-07,7.162663545218035e-07,True,987,0.5769069194793701,t5_rho0.50_n800,t5,800,0.5,0.25
True,5,5,0.21841230820486876,0.23851968187689288,0.1944484055555697,0.06516395982884737,-16.198395512133214,0.24561497561287637,64.12186745232329,5.965391554392851e-10,equivalent,True,1.0,0.9970149253731343,9.847228613588096e-07,9.731417318375296e-07,True,988,0.6159729957580566,t5_rho0.50_n800,t5,800,0.5,0.25
True,5,5,0.2504728197844,0.3136831672537426,0.27388231270806424,0.07137263673615339,-13.676357381896878,0.27974268644903516,88.16650317861452,1.2361059118155409e-14,equivalent,True,1.0,1.0,8.375417371280604e-07,8.466221301827088e-07,True,989,0.5703611373901367,t5_rho0.50_n800,t5,800,0.5,0.25
True,5,5,0.24069197111248275,0.2896631247900612,0.24839459619724033,0.06899435652829247,-14.517207699328742,0.26902795905704124,78.20377581033043,1.1282007493007279e-12,equivalent,True,1.0,0.9970149253731343,9.913926379972452e-07,9.354759616613254e-07,True,990,0.5980710983276367,t5_rho0.50_n800,t5,800,0.5,0.25
True,5,5,0.25393792020650985,0.32242233659403885,0.2780050216133629,0.07922464725495126,-12.268845770416362,0.28576842722547935,73.98448881018037,7.497344065114228e-12,equivalent,True,1.0,1.0,9.492756217567142e-07,9.86667117067575e-07,True,991,0.6043891906738281,t5_rho0.50_n800,t5,800,0.5,0.25
True,5,5,0.25490812036401955,0.3248907491375874,0.28009586980300344,0.0780404178570093,-12.428228305672551,0.2858184508263641,84.6044146269594,6.246617485601661e-14,equivalent,True,0.9970149253731343,1.0,9.079215323641737e-07,9.736676109535587e-07,True,992,0.6069796085357666,t5_rho0.50_n800,t5,800,0.5,0.25
True,5,5,0.2658182101112251,0.35329660413367703,0.31224151336262707,0.07949038803819083,-11.797130568627123,0.2976546879976948,95.28289164024724,4.770109931299816e-16,equivalent,True,1.0,1.0,7.198836061000934e-07,8.460560520387645e-07,True,993,0.5994360446929932,t5_rho0.50_n800,t5,800,0.5,0.25
True,5,5,0.26478450464832903,0.35055416950930496,0.31032252527262844,0.08044677434515772,-11.680735273432786,0.29753846602777523,84.43652455858202,6.741188708975634e-14,equivalent,True,0.9970149253731343,1.0,8.723237925740761e-07,8.781071508105642e-07,True,994,0.595836877822876,t5_rho0.50_n800,t5,800,0.5,0.25
True,5,5,0.29342813877999907,0.43050036313947193,0.38316825919172226,0.09101084977215808,-9.524487937189416,0.32645605692999236,101.03256602844874,3.3855601425203055e-17,equivalent,True,0.9970149253731343,1.0,9.97428511954245e-07,9.474337818717075e-07,True,995,0.6287131309509277,t5_rho0.50_n800,t5,800,0.5,0.25
True,5,5,0.2494473560088949,0.3111199170991418,0.26909724813247615,0.07616192177780295,-12.879175432695074,0.28084602949099696,75.97761467597746,3.0689515564760918e-12,equivalent,True,1.0,1.0,8.912713201053059e-07,9.77511929710008e-07,True,996,0.5866348743438721,t5_rho0.50_n800,t5,800,0.5,0.25
True,5,5,0.3021407016524319,0.4564450179751194,0.4144927489522366,0.09237585133928183,-9.04465007828808,0.33658208599697764,113.63031436240776,9.868326490287511e-20,equivalent,True,1.0,1.0,7.381110631335392e-07,9.72845363847251e-07,True,997,0.5979530811309814,t5_rho0.50_n800,t5,800,0.5,0.25
True,5,5,0.22360261157479122,0.2499906395153348,0.20694277125086374,0.07011378182088047,-14.87663625696061,0.2538777972089025,61.97407446874992,1.5305026871194046e-09,equivalent,True,1.0,1.0,9.026559844656154e-07,9.212530367429792e-07,True,998,0.5759940147399902,t5_rho0.50_n800,t5,800,0.5,0.25
True,5,5,0.24485513364417918,0.2997701823595442,0.26069275519737106,0.06977334920068366,-14.178869957312232,0.2740290866658746,81.79046179343439,2.2356530325117096e-13,equivalent,True,0.9970149253731343,1.0,8.841501826899717e-07,9.65367198100344e-07,True,999,0.5295159816741943,t5_rho0.50_n800,t5,800,0.5,0.25
