applicable,K_x,K_y,D_hat,Q_hat,Q_bc,s_Q,Z,U_D,T0,p_exact,decision,mt_reject,success_x,success_y,max_residual_x,max_residual_y,correct_cardinality,rep,seconds,name,family,n,rho,D_A
True,5,5,0.34513392048008606,0.5955871153297718,0.5541051404771118,0.10413097412492935,-6.682880529745168,0.3808898399654398,137.7457221828294,1.2202900626431229e-24,equivalent,True,1.0,1.0,7.412570852195812e-07,9.187460141420177e-07,True,0,0.5311689376831055,t8_rho0.75_n800,t8,800,0.75,0.375
True,5,5,0.38730396363131736,0.7500218012226441,0.7069475301395605,0.11657601695215887,-4.658354986371687,0.4239570767044407,182.83955999994313,6.02631609773135e-34,equivalent,True,0.9970149253731343,1.0,8.685611546217314e-07,9.997530908282547e-07,True,1,0.5488979816436768,t8_rho0.75_n800,t8,800,0.75,0.375
True,5,5,0.3882451253514114,0.7536713867956658,0.7168678037547965,0.10870427120771219,-4.9044273083483,0.4232423463019546,205.53545344832406,1.1293444091229292e-38,equivalent,True,1.0,1.0,8.566655900693495e-07,9.047765834379394e-07,True,2,0.4969773292541504,t8_rho0.75_n800,t8,800,0.75,0.375
True,5,5,0.39149504569442706,0.7663418540164078,0.7260023852656919,0.10737636277587279,-4.880008981381227,0.4248813446190462,220.58738238995946,8.052715181328277e-42,equivalent,True,1.0,1.0,8.159091393286491e-07,7.564712375764281e-07,True,3,0.5397491455078125,t8_rho0.75_n800,t8,800,0.75,0.375
True,5,5,0.4279138819498598,0.9155514518269927,0.8773950178022005,0.11968656411444957,-3.113173019500319,0.463521714029281,257.8493116288192,1.2118375152475156e-49,equivalent,True,1.0,0.9970149253731343,9.853622944790375e-07,9.090966970736964e-07,True,4,0.5513310432434082,t8_rho0.75_n800,t8,800,0.75,0.375
True,5,5,0.3698196377515559,0.6838328223334603,0.6423879517891367,0.10412956274532698,-5.835154130983145,0.4034019932384218,190.85737264838824,1.296420638261664e-35,equivalent,True,1.0,1.0,8.426186747856598e-07,8.942041609305378e-07,True,5,0.5945742130279541,t8_rho0.75_n800,t8,800,0.75,0.375
True,5,5,0.3831210684420421,0.7339087654208596,0.6965933150900755,0.10679518929722386,-5.1819439485211936,0.417673501564699,199.15452717022876,2.422104581912464e-37,equivalent,True,1.0,1.0,7.173670987422411e-07,9.703726489579305e-07,True,6,0.5679183006286621,t8_rho0.75_n800,t8,800,0.75,0.375
True,5,5,0.3601865935788574,0.6486719109697051,0.6042208052003577,0.10907469991718027,-5.920522314432021,0.39588703463684566,153.13364671000278,8.440813923911643e-28,equivalent,True,1.0,1.0,9.198833818247114e-07,8.595161075382032e-07,True,7,0.5924587249755859,t8_rho0.75_n800,t8,800,0.75,0.375
True,5,5,0.36333455780737905,0.6600600044854184,0.6240244550387367,0.10149667708565806,-6.16744865876714,0.39773650384811393,189.4165201175442,2.5858307284630925e-35,equivalent,True,1.0,1.0,8.751871450010685e-07,9.228765263878982e-07,True,8,0.5566918849945068,t8_rho0.75_n800,t8,800,0.75,0.375
True,5,5,0.3767275116055777,0.7096180900026534,0.6713174424131274,0.10938849384748668,-5.290159295855123,0.41261253089670574,185.33915804200961,1.822205630158181e-34,equivalent,True,1.0,1.0,9.247659226949301e-07,6.922933955990862e-07,True,9,0.5809829235076904,t8_rho0.75_n800,t8,800,0.75,0.375
True,5,5,0.38856168232426214,0.7549009048533041,0.7145942019858675,0.11868693974188974,-4.511075937912692,0.4265716458678625,175.83742274695317,1.7119246301328753e-32,equivalent,True,1.0,1.0,7.691550865808299e-07,7.743985178953153e-07,True,10,0.5905439853668213,t8_rho0.75_n800,t8,800,0.75,0.375
True,5,5,0.3957181921239991,0.7829644378894314,0.7459395417901296,0.11603790680243672,-4.343929256394389,0.4328521488124957,194.17768179467123,2.6387228575196433e-36,equivalent,True,1.0,1.0,9.592288556494759e-07,9.527524705294561e-07,True,11,0.5650527477264404,t8_rho0.75_n800,t8,800,0.75,0.375
True,5,5,0.4484716138650585,1.0056339422136507,0.9648437918599452,0.13008623097818992,-2.1920552697684332,0.4855546520631571,256.73414040894636,2.080323003211352e-49,equivalent,True,1.0,1.0,7.472945024550243e-07,8.945574833485164e-07,True,12,0.5732059478759766,t8_rho0.75_n800,t8,800,0.75,0.375
True,5,5,0.37531095379173474,0.7042915601803083,0.6639452086510815,0.10693825793292006,-5.480309878589357,0.40983972234811916,191.22908262994224,1.0848608190980172e-35,equivalent,True,1.0,1.0,8.343608593058727e-07,8.593551151209329e-07,True,13,0.5814399719238281,t8_rho0.75_n800,t8,800,0.75,0.375
True,5,5,0.3820632425701623,0.7298616066161333,0.6865704458486501,0.11150594369363244,-5.052910504030151,0.4171286136816241,184.20313189450857,3.138482480692939e-34,equivalent,True,1.0,1.0,9.814219715062053e-07,9.077378855538863e-07,True,14,0.6134169101715088,t8_rho0.75_n800,t8,800,0.75,0.375
True,5,5,0.4053249183972322,0.8214414473686149,0.7801680736001794,0.11609729507150515,-4.046880903732062,0.4407110460330669,213.88254177282266,2.0359232920535277e-40,equivalent,True,1.0,1.0,8.867623753211182e-07,9.133943590539188e-07,True,15,0.5860259532928467,t8_rho0.75_n800,t8,800,0.75,0.375
True,5,5,0.3826719655843691,0.7321891662210229,0.6899186876532759,0.10826641426699127,-5.173176890901098,0.4166535951692646,202.22327957961346,5.547734638967372e-38,equivalent,True,1.0,1.0,9.63859369027805e-07,8.012422089562994e-07,True,16,0.5867478847503662,t8_rho0.75_n800,t8,800,0.75,0.375
True,5,5,0.4118373664163712,0.848050081883862,0.8083533721681269,0.1149092277819975,-3.843439176788765,0.44662338323369016,245.67338122422484,4.406166754586961e-47,equivalent,True,1.0,1.0,9.992845211086516e-07,9.416377935830681e-07,True,17,0.5971939563751221,t8_rho0.75_n800,t8,800,0.75,0.375
True,5,5,0.4247879384861918,0.9022239634167434,0.8655212573378661,0.12076678292004506,-3.1836464743511645,0.4613382572991673,238.20610759710124,1.630754357692551e-45,equivalent,True,1.0,1.0,9.052785766457086e-07,9.177897944742201e-07,True,18,0.5659151077270508,t8_rho0.75_n800,t8,800,0.75,0.375
True,5,5,0.4226661507418706,0.8932333749147482,0.8571521492150466,0.1098363059608167,-3.5766666344833102,0.45559121928449137,281.3145099130136,1.3746921256217755e-54,equivalent,True,1.0,1.0,9.429948780034122e-07,9.306012083681947e-07,True,19,0.5703821182250977,t8_rho0.75_n800,t8,800,0.75,0.375
True,5,5,0.3997712462011202,0.7990852464459834,0.7596573454167982,0.11131036656079037,-4.405184078837878,0.43422266305931384,223.7542886920051,1.7490139668404817e-42,equivalent,True,1.0,1.0,7.927259090478617e-07,8.347807689938573e-07,True,20,0.5673809051513672,t8_rho0.75_n800,t8,800,0.75,0.375
True,5,5,0.39603854853627024,0.7842326596335785,0.7453205777520557,0.10961988074278618,-4.603904135164424,0.43026253292096334,219.1604477379102,1.6018716167446653e-41,equivalent,True,1.0,1.0,9.197995895311528e-07,9.143226426146587e-07,True,21,0.5723390579223633,t8_rho0.75_n800,t8,800,0.75,0.375
True,5,5,0.3521644429442079,0.6200989743710212,0.5797859254188689,0.1045907172253508,-6.407969008732297,0.3877685768580128,152.08697120733174,1.3864772427955572e-27,equivalent,True,1.0,1.0,7.042340036716236e-07,9.965471646883958e-07,True,22,0.5860738754272461,t8_rho0.75_n800,t8,800,0.75,0.375
True,5,5,0.3821805640351342,0.7303099176310663,0.6877309357072697,0.120272275379971,-4.674968212885122,0.42084705632515035,162.0119287390762,1.2448610418206957e-29,equivalent,True,1.0,1.0,9.668415975882286e-07,9.896185491410582e-07,True,23,0.608342170715332,t8_rho0.75_n800,t8,800,0.75,0.375
True,5,5,0.42431655155213077,0.9002226796054602,0.8607763645338627,0.12148497981215592,-3.203882785081478,0.46056516893877547,254.10365100693468,7.440218283118293e-49,equivalent,True,1.0,1.0,9.83596140626902e-07,9.557389047546048e-07,True,24,0.5745468139648438,t8_rho0.75_n800,t8,800,0.75,0.375
True,5,5,0.3598555193081553,0.6474799738827106,0.6032848511814971,0.11028184082187739,-5.864203426410429,0.39615207611326414,154.75872993561956,3.904772793994422e-28,equivalent,True,1.0,1.0,8.678256675627735e-07,9.244736992499672e-07,True,25,0.5974881649017334,t8_rho0.75_n800,t8,800,0.75,0.375
True,5,5,0.39630366725640614,0.7852829834043813,0.743596461061209,0.11190861217801155,-4.525152524751729,0.4307365198562381,208.94030126595618,2.1965154192272888e-39,equivalent,True,1.0,1.0,8.120628275096163e-07,9.66603099200519e-07,True,26,0.5821139812469482,t8_rho0.75_n800,t8,800,0.75,0.375
True,5,5,0.3834312785959243,0.7350977270285266,0.6929604368061446,0.11168074611468194,-4.987785115814382,0.41872638252527766,188.42812566806077,4.1518049843602234e-35,equivalent,True,1.0,0.9970149253731343,7.054570306453181e-07,8.437747330674002e-07,True,27,0.6099948883056641,t8_rho0.75_n800,t8,800,0.75,0.375
True,5,5,0.37432023824998484,0.7005782038176271,0.6591355223370946,0.10490719839023704,-5.632258669848273,0.40784617396822387,200.38455784254148,1.3417826942511203e-37,equivalent,True,1.0,1.0,9.486133908498907e-07,8.344273347691041e-07,True,28,0.5769329071044922,t8_rho0.75_n800,t8,800,0.75,0.375
True,5,5,0.3862077191623337,0.7457820117028601,0.7046422168548077,0.10952282039049457,-4.979398642226014,0.42066405247134375,205.6826040789965,1.0522137992296605e-38,equivalent,True,1.0,0.9970149253731343,9.24459825696152e-07,9.149336053577239e-07,True,29,0.5916368961334229,t8_rho0.75_n800,t8,800,0.75,0.375
True,5,5,0.3886594672482739,0.7552809074085604,0.7142586445704241,0.11525044278961136,-4.648497155083099,0.4251655567895122,182.98589224671963,5.6188896375436975e-34,equivalent,True,1.0,1.0,8.852154683693353e-07,9.829989356581948e-07,True,30,0.5985617637634277,t8_rho0.75_n800,t8,800,0.75,0.375
True,5,5,0.37718176074363613,0.7113304031883478,0.6742953342352443,0.10124711446307573,-5.686134057427504,0.41008097192583937,215.33304591386363,1.0125544460605313e-40,equivalent,True,1.0,1.0,9.062458199030047e-07,7.04633356576147e-07,True,31,0.5758836269378662,t8_rho0.75_n800,t8,800,0.75,0.375
True,5,5,0.3470662679785959,0.6022749718429528,0.5650758049854371,0.095677446595212,-7.158679703402941,0.3801187183065383,183.28468845103458,4.870464923798863e-34,equivalent,True,1.0,1.0,9.434264507837944e-07,7.374078721613332e-07,True,32,0.5652430057525635,t8_rho0.75_n800,t8,800,0.75,0.375
True,5,5,0.40035662896452173,0.8014271517791784,0.7583868712069968,0.1252654889909025,-3.924569590182233,0.4391879472630214,178.52201680348202,4.748436002151727e-33,equivalent,True,1.0,1.0,8.808757857067019e-07,9.324422612089379e-07,True,33,0.5876610279083252,t8_rho0.75_n800,t8,800,0.75,0.375
True,5,5,0.40492191695909896,0.8198087941691572,0.7777036260057496,0.1199053642487402,-3.938909463754143,0.4415722815760127,210.64687978840504,9.663833413206476e-40,equivalent,True,1.0,1.0,9.618665931251278e-07,8.786056828102568e-07,True,34,0.5965209007263184,t8_rho0.75_n800,t8,800,0.75,0.375
True,5,5,0.3515917572348751,0.6180838187775368,0.5812761305213451,0.09622486832170953,-6.949595059386353,0.38459119963494665,177.51783496402876,7.672188625948499e-33,equivalent,True,1.0,1.0,8.874253119639702e-07,5.912935169589605e-07,True,35,0.5739052295684814,t8_rho0.75_n800,t8,800,0.75,0.375
True,5,5,0.3408623766795884,0.580935799178288,0.5379677351255708,0.1017279323596478,-6.9993781290778445,0.3755782990614904,149.4074543247737,4.9351899983949655e-27,equivalent,True,1.0,1.0,8.825414778147808e-07,9.236008048247167e-07,True,36,0.587554931640625,t8_rho0.75_n800,t8,800,0.75,0.375
True,5,5,0.38333536753850855,0.7347300200294171,0.6951617594025301,0.10615541751983311,-5.226659680310795,0.41707838182542506,209.94270109788766,1.3561235521354933e-39,equivalent,True,1.0,1.0,8.848891099743261e-07,8.525522384473983e-07,True,37,0.5844631195068359,t8_rho0.75_n800,t8,800,0.75,0.375
True,5,5,0.42886787333279797,0.9196382638849842,0.8762188679628495,0.12956871249207427,-2.884810112317931,0.4667634164423922,222.4153159592739,3.3359223949688665e-42,equivalent,True,1.0,1.0,9.010800783363768e-07,9.377453537167704e-07,True,38,0.6028449535369873,t8_rho0.75_n800,t8,800,0.75,0.375
True,5,5,0.36985475341471225,0.6839626931172881,0.6450599518653578,0.10711918723070145,-5.647354724898998,0.40527899908528964,177.01795500159878,9.741473063135387e-33,equivalent,True,1.0,1.0,7.605397901468255e-07,8.484871298974995e-07,True,39,0.5844988822937012,t8_rho0.75_n800,t8,800,0.75,0.375
True,5,5,0.3733544062973251,0.6969675635081405,0.6529550797749946,0.11716290598976346,-5.09585278020647,0.4112592638802028,162.31893271440623,1.0757293225630556e-29,equivalent,True,1.0,1.0,9.770364925039325e-07,8.37066214279127e-07,True,40,0.5946190357208252,t8_rho0.75_n800,t8,800,0.75,0.375
True,5,5,0.4200708579817861,0.8822976286277695,0.8336985060037473,0.13668708454040257,-3.0456534748401958,0.4601149318958147,220.7844787147949,7.32285761486089e-42,equivalent,True,1.0,1.0,8.399070967274712e-07,9.53907448596268e-07,True,41,0.6113030910491943,t8_rho0.75_n800,t8,800,0.75,0.375
True,5,5,0.34843335422084526,0.6070290116679451,0.5719521004909875,0.09241651178587806,-7.336869639486039,0.3805164214832765,185.23709326779212,1.91343672073534e-34,equivalent,True,1.0,1.0,9.964919642043433e-07,9.345592599366891e-07,True,42,0.5526471138000488,t8_rho0.75_n800,t8,800,0.75,0.375
True,5,5,0.3526590195882018,0.6218419204845584,0.5805380223680243,0.10496252934811187,-6.378104470136021,0.3881200895239169,159.95027783721866,3.317705968913728e-29,equivalent,True,1.0,1.0,6.758333250886446e-07,9.28188621000467e-07,True,43,0.5910048484802246,t8_rho0.75_n800,t8,800,0.75,0.375
True,5,5,0.37595161781969777,0.7066980947062405,0.6617362294304467,0.11037651491798299,-5.329609935652271,0.4106797877479617,176.4317686831526,1.2888961250754e-32,equivalent,True,1.0,1.0,6.337441559095406e-07,9.45573026518716e-07,True,44,0.5995690822601318,t8_rho0.75_n800,t8,800,0.75,0.375
True,5,5,0.38293415451891355,0.7331928334855758,0.6960012858038546,0.09954482273620181,-5.565319209661627,0.4146656360311854,227.46415875893345,2.9208816400466307e-43,equivalent,True,1.0,1.0,8.720329584069048e-07,9.564376627082753e-07,True,45,0.572075605392456,t8_rho0.75_n800,t8,800,0.75,0.375
True,5,5,0.4101203429939018,0.8409934786871784,0.8008878750113109,0.1202618075892615,-3.7344534727315337,0.44692302366475767,210.64180723714912,9.687450510648742e-40,equivalent,True,1.0,1.0,8.582510684134846e-07,8.466569747310852e-07,True,46,0.5715470314025879,t8_rho0.75_n800,t8,800,0.75,0.375
True,5,5,0.3759537242341724,0.7067060138277208,0.6683426669542771,0.10506054396802432,-5.536401308018671,0.41015896521948086,199.2278384352197,2.338333030635224e-37,equivalent,True,1.0,1.0,8.257161686281937e-07,9.135592819048062e-07,True,47,0.573336124420166,t8_rho0.75_n800,t8,800,0.75,0.375
True,5,5,0.4025633069675176,0.8102860805831189,0.768238463061664,0.11997227343722834,-4.015607299384906,0.43944858451438956,209.4757946615851,1.69768280748123e-39,equivalent,True,1.0,1.0,8.555052122134293e-07,9.735928775209257e-07,True,48,0.5743598937988281,t8_rho0.75_n800,t8,800,0.75,0.375
True,5,5,0.40900124419287526,0.8364100887566,0.7965555978880029,0.11524166337515525,-3.9347262858907537,0.4440971213296811,239.51172131887222,8.67546616632336e-46,equivalent,True,1.0,1.0,9.722055601811427e-07,9.204494383529287e-07,True,49,0.5834124088287354,t8_rho0.75_n800,t8,800,0.75,0.375
True,5,5,0.3842797082812402,0.7383544709835754,0.7033079761887512,0.10625013232398459,-5.145330286688408,0.4190641697177011,212.8393350435576,3.3641720478211797e-40,equivalent,True,1.0,1.0,9.38132856826723e-07,9.263247507667029e-07,True,50,0.5566787719726562,t8_rho0.75_n800,t8,800,0.75,0.375
True,5,5,0.38147562622906106,0.7276182670342715,0.6864604317848537,0.11043844762625711,-5.102748004230031,0.41668105618513374,189.7881312106926,2.1640828708498188e-35,equivalent,True,1.0,1.0,9.86200745044283e-07,7.299176726202375e-07,True,51,0.5872089862823486,t8_rho0.75_n800,t8,800,0.75,0.375
True,5,5,0.41828899890366855,0.8748284330191662,0.8385020791919404,0.11209780198556578,-3.670883046048003,0.45230223421097226,255.98941775150507,2.984274524484479e-49,equivalent,True,1.0,1.0,8.93100042274634e-07,6.9881169328906e-07,True,52,0.5485990047454834,t8_rho0.75_n800,t8,800,0.75,0.375
True,5,5,0.3860195858724781,0.7450556033857975,0.706367610190747,0.1095497832530941,-4.962423235044591,0.42108454460033234,201.09321089799818,9.547077705559399e-38,equivalent,True,1.0,1.0,9.923493953350836e-07,9.127762579165298e-07,True,53,0.5818037986755371,t8_rho0.75_n800,t8,800,0.75,0.375
True,5,5,0.4062063011738747,0.8250177955668028,0.7840438995350044,0.12431587808095135,-3.748162404174765,0.4446403765930652,208.45758440560382,2.7706142539557632e-39,equivalent,True,1.0,1.0,9.484110537460613e-07,7.092277508090539e-07,True,54,0.5872199535369873,t8_rho0.75_n800,t8,800,0.75,0.375
True,5,5,0.4007879490867611,0.8031549006658609,0.7612745395210331,0.1183048174033841,-4.131069817829641,0.43723418153498045,211.94640582665062,5.170612829497105e-40,equivalent,True,1.0,1.0,6.718076942647056e-07,9.777745232875224e-07,True,55,0.5916030406951904,t8_rho0.75_n800,t8,800,0.75,0.375
True,5,5,0.39569894780756376,0.7828882864800655,0.7460047408391368,0.10920860826539938,-4.614977401195802,0.43026431788815617,219.0083780163076,1.7236720226076284e-41,equivalent,True,1.0,1.0,9.582319265753537e-07,8.699807092228225e-07,True,56,0.5471491813659668,t8_rho0.75_n800,t8,800,0.75,0.375
True,5,5,0.35662827384101353,0.6359186285141047,0.5980954683498548,0.09484597839304547,-6.873296503396561,0.3883563363488271,195.11486813642108,1.6833052288838673e-36,equivalent,True,1.0,1.0,8.545629835684691e-07,9.374205202726011e-07,True,57,0.5557880401611328,t8_rho0.75_n800,t8,800,0.75,0.375
True,5,5,0.349579689259908,0.6110297957152693,0.5709751482597368,0.09904512051634419,-6.855712307687203,0.3831161374760638,163.72131614371352,5.519957417754835e-30,equivalent,True,1.0,1.0,9.654058000530166e-07,9.910164933709864e-07,True,58,0.5831432342529297,t8_rho0.75_n800,t8,800,0.75,0.375
True,5,5,0.3474417347402165,0.6035787951964549,0.5677938440808085,0.09709600375929033,-7.026099216301853,0.3814452930701258,167.86952659631612,7.657604742389639e-31,equivalent,True,1.0,1.0,7.368657897682072e-07,9.687783134050394e-07,True,59,0.5595719814300537,t8_rho0.75_n800,t8,800,0.75,0.375
True,5,5,0.4012104618978821,0.8048491736815596,0.7646643122123502,0.11440446721950967,-4.242279166043652,0.43654161658605045,211.70466282689472,5.8086121971085605e-40,equivalent,True,1.0,1.0,9.925848932185777e-07,9.121398940983605e-07,True,60,0.5691909790039062,t8_rho0.75_n800,t8,800,0.75,0.375
True,5,5,0.40909924348486143,0.8368109550994296,0.7930343265026286,0.12333615663062128,-3.705042268066899,0.44629681851224545,199.85165914687408,1.7330889135974593e-37,equivalent,True,1.0,0.9970149253731343,7.55454386774863e-07,9.36401933534568e-07,True,61,0.5985872745513916,t8_rho0.75_n800,t8,800,0.75,0.375
True,5,5,0.4065035288337135,0.8262255947713086,0.7881350158968404,0.11224321296162673,-4.114858902525003,0.4410801904047513,234.26224667941688,1.0965650035448822e-44,equivalent,True,1.0,1.0,9.408457703429742e-07,9.424637002214842e-07,True,62,0.5760490894317627,t8_rho0.75_n800,t8,800,0.75,0.375
True,5,5,0.39927634170163584,0.7971079852132072,0.7518763411921485,0.1216270342060656,-4.095501152843286,0.43633359016728157,194.7997631694073,1.9579819061810682e-36,equivalent,True,1.0,1.0,8.239278381115278e-07,9.79362879875121e-07,True,63,0.6159107685089111,t8_rho0.75_n800,t8,800,0.75,0.375
True,5,5,0.40120038937177716,0.8048087621603279,0.7636266506152026,0.11503304979781262,-4.228118355895715,0.4365407609363469,219.6708802976224,1.252542377473681e-41,equivalent,True,1.0,1.0,9.231196422530857e-07,7.294087427465282e-07,True,64,0.5689630508422852,t8_rho0.75_n800,t8,800,0.75,0.375
True,5,5,0.41662260724159816,0.8678719843239348,0.8251145884012975,0.12596267855797916,-3.373105561605954,0.45437974362594813,202.31193604984847,5.316403346485311e-38,equivalent,True,1.0,0.9970149253731343,9.96051461040645e-07,8.421836337055881e-07,True,65,0.591759204864502,t8_rho0.75_n800,t8,800,0.75,0.375
True,5,5,0.39209223077029465,0.76868158715213,0.7300510856666668,0.10834031908610303,-4.799218967779723,0.4262053618762962,211.93473936975295,5.199728323195934e-40,equivalent,True,1.0,1.0,7.892518029729912e-07,9.454276104774328e-07,True,66,0.5725460052490234,t8_rho0.75_n800,t8,800,0.75,0.375
True,5,5,0.3696370423511315,0.6831577153904608,0.6444483876310616,0.10806718988277521,-5.603473293104081,0.4055127857082185,170.9380885146018,1.773580510087317e-31,equivalent,True,1.0,1.0,9.142406760948865e-07,7.902520774380915e-07,True,67,0.5748178958892822,t8_rho0.75_n800,t8,800,0.75,0.375
True,5,5,0.35708089869836074,0.6375338410761449,0.5938007878365948,0.11062529899639445,-5.931728258513383,0.393894202070405,148.0964347911069,9.180975165767058e-27,equivalent,True,1.0,1.0,7.036708267041785e-07,7.966843905760148e-07,True,68,0.5847611427307129,t8_rho0.75_n800,t8,800,0.75,0.375
True,5,5,0.3888413155055952,0.7559878432206091,0.717829805318289,0.1076689308312415,-4.942653285150809,0.4230672373762931,213.50062729429052,2.4469097860179364e-40,equivalent,True,1.0,1.0,8.882662175263458e-07,6.930903484824913e-07,True,69,0.5581750869750977,t8_rho0.75_n800,t8,800,0.75,0.375
True,5,5,0.3686109287352187,0.6793700839152026,0.6386396514279948,0.10996846199766176,-5.55941528567531,0.4048510034556229,164.3390777081182,4.1138768751424416e-30,equivalent,True,1.0,1.0,9.738425158251332e-07,9.956931204695689e-07,True,70,0.5808429718017578,t8_rho0.75_n800,t8,800,0.75,0.375
True,5,5,0.38703381277546556,0.7489758611575708,0.7112985407006077,0.11040444371002239,-4.8793458052675245,0.4225867225478334,197.74824145867927,4.757516226187397e-37,equivalent,True,1.0,1.0,8.36321398865333e-07,9.809192510971782e-07,True,71,0.5718002319335938,t8_rho0.75_n800,t8,800,0.75,0.375
True,5,5,0.37243817769378673,0.6935509810193432,0.6550559098473447,0.10927456110213686,-5.444488489837743,0.4086065511001322,176.40269489653528,1.306917699714421e-32,equivalent,True,1.0,1.0,9.565009064549666e-07,8.331706027727535e-07,True,72,0.5675609111785889,t8_rho0.75_n800,t8,800,0.75,0.375
True,5,5,0.4122011045472534,0.8495487529498785,0.8120992688680914,0.11406028167846356,-3.8392043635869033,0.44714913326048583,240.4004793703992,5.6452239668962974e-46,equivalent,True,0.9970149253731343,1.0,9.770412173102943e-07,9.293628398763328e-07,True,73,0.5617959499359131,t8_rho0.75_n800,t8,800,0.75,0.375
True,5,5,0.3808891605322117,0.7253827630546648,0.6821095560510846,0.11445154281871012,-4.961841753836793,0.4172207069086173,175.53286509746334,1.979894616423269e-32,equivalent,True,0.9970149253731343,1.0,8.360589107397668e-07,9.870166814574728e-07,True,74,0.6093719005584717,t8_rho0.75_n800,t8,800,0.75,0.375
True,5,5,0.3896034183143424,0.7589541178111024,0.722710252394821,0.10181346659247832,-5.178978432349474,0.42194276915050016,247.791307172329,1.5810594073449092e-47,equivalent,True,1.0,1.0,8.899326494275518e-07,9.792810268637012e-07,True,75,0.5701329708099365,t8_rho0.75_n800,t8,800,0.75,0.375
True,5,5,0.4446269193474524,0.9884654870420296,0.9444498599182178,0.1420647357189397,-2.1507810403158834,0.4854123104593492,215.3332281315288,1.0124655922336953e-40,equivalent,True,1.0,1.0,7.153768627232818e-07,9.799417128639086e-07,True,76,0.6032619476318359,t8_rho0.75_n800,t8,800,0.75,0.375
True,5,5,0.4148349220056222,0.8604400625770534,0.8230021578170715,0.11688469993090372,-3.653154283112741,0.45061300035253155,231.84320039344817,3.527355433029755e-44,equivalent,True,1.0,1.0,9.699488761391566e-07,8.587242462900248e-07,True,77,0.574193000793457,t8_rho0.75_n800,t8,800,0.75,0.375
True,5,5,0.3707116586166593,0.6871356691715726,0.649018952975982,0.10662511871814719,-5.636392758564248,0.40605459392147203,179.05102539045998,3.687730497738621e-33,equivalent,True,1.0,1.0,9.532785718080503e-07,9.915235200219688e-07,True,78,0.5683338642120361,t8_rho0.75_n800,t8,800,0.75,0.375
True,5,5,0.345073547216254,0.5953787649420413,0.5586453633037709,0.09618689866632728,-7.187617505940606,0.37864461766682833,162.81836411764743,8.482472093262075e-30,equivalent,True,1.0,1.0,9.85777899302955e-07,9.555069187315863e-07,True,79,0.5616800785064697,t8_rho0.75_n800,t8,800,0.75,0.375
True,5,5,0.39810687771040404,0.7924454304016328,0.7544578882197065,0.10943479493154974,-4.528195187739417,0.43231056142027263,225.66757962828837,6.9499978690717085e-43,equivalent,True,1.0,1.0,6.822223760505587e-07,8.556699327373879e-07,True,80,0.5567822456359863,t8_rho0.75_n800,t8,800,0.75,0.375
True,5,5,0.4190662940707741,0.8780827941310626,0.8394557847479379,0.11741521727226209,-3.4965162505307403,0.45444177421040716,232.74350423921015,2.2836239675504455e-44,equivalent,True,1.0,1.0,8.26793341414474e-07,7.950572073961136e-07,True,81,0.5696358680725098,t8_rho0.75_n800,t8,800,0.75,0.375
True,5,5,0.39226113001003576,0.7693439705837508,0.7304290472143433,0.11639143181698441,-4.463996573241213,0.4293893142556263,188.04637799875053,4.984798364390402e-35,equivalent,True,1.0,1.0,8.912391524664751e-07,8.868667618741838e-07,True,82,0.5812070369720459,t8_rho0.75_n800,t8,800,0.75,0.375
True,5,5,0.33599506523881656,0.564463419324183,0.5259229401684996,0.09362943293268675,-7.733434211355985,0.3687627021587837,156.0934355326658,2.0724746446513203e-28,equivalent,True,1.0,1.0,8.866564412713845e-07,8.226102550272107e-07,True,83,0.5701050758361816,t8_rho0.75_n800,t8,800,0.75,0.375
True,5,5,0.3639810339616579,0.6624109654189876,0.6233652303128823,0.10614063607774327,-5.903815850774964,0.39948743172527834,166.14254753218506,1.7432428908811604e-30,equivalent,True,1.0,1.0,7.406710095651609e-07,7.690368274755927e-07,True,84,0.5648109912872314,t8_rho0.75_n800,t8,800,0.75,0.375
True,5,5,0.40689067574640125,0.8278001100468152,0.7877171308421677,0.10998816863295607,-4.20302360611646,0.44014351499024396,241.81605155094604,2.8471265689679423e-46,equivalent,True,0.9970149253731343,1.0,9.061878714883848e-07,8.408637328090028e-07,True,85,0.5816860198974609,t8_rho0.75_n800,t8,800,0.75,0.375
True,5,5,0.34816828403169847,0.6061057700278872,0.5675027954971573,0.09817445711387113,-6.951881625494746,0.3818338401333491,171.54403825143186,1.3284471697431657e-31,equivalent,True,1.0,1.0,8.520630030329161e-07,9.707247742992736e-07,True,86,0.5858488082885742,t8_rho0.75_n800,t8,800,0.75,0.375
True,5,5,0.3772282693711903,0.7115058360639165,0.6750925312677544,0.09806814067716044,-5.862326590088381,0.40899884306657125,239.1573185127328,1.0296743111215656e-45,equivalent,True,1.0,1.0,9.798371615284947e-07,8.96714574411863e-07,True,87,0.5642330646514893,t8_rho0.75_n800,t8,800,0.75,0.375
True,5,5,0.3842794705120149,0.7383535572849727,0.7010063596947117,0.10936916429502114,-5.019638248532181,0.41973863921779436,190.77474396885864,1.3487899685808406e-35,equivalent,True,1.0,1.0,9.152173253633257e-07,7.368492497909687e-07,True,88,0.554401159286499,t8_rho0.75_n800,t8,800,0.75,0.375
True,5,5,0.3981310903677073,0.7925418255868975,0.7562638791580599,0.10915431626139784,-4.523285361062252,0.4326214863267954,219.29495956635486,1.50132534650796e-41,equivalent,True,1.0,1.0,9.58769914126184e-07,7.470800424827765e-07,True,89,0.5505940914154053,t8_rho0.75_n800,t8,800,0.75,0.375
True,5,5,0.42100506856486547,0.8862263387865355,0.8474504843857383,0.11885949125789738,-3.3867679505780743,0.4567180639473104,242.94182955712301,1.6517647983621663e-46,equivalent,True,1.0,1.0,7.519094347701557e-07,9.741539227196825e-07,True,90,0.5798189640045166,t8_rho0.75_n800,t8,800,0.75,0.375
True,5,5,0.3787957249480235,0.7174310061944933,0.6796612213536547,0.10733732259835431,-5.313517841138044,0.4138152741832563,195.72044742773667,1.2588968003452172e-36,equivalent,True,1.0,1.0,9.398930520874488e-07,8.591190474327974e-07,True,91,0.5659239292144775,t8_rho0.75_n800,t8,800,0.75,0.375
True,5,5,0.39642441342090934,0.7857615777805602,0.7471486307131887,0.11109458789667803,-4.526335430079467,0.4312500357216724,213.89759480827493,2.0212208967920964e-40,equivalent,True,1.0,1.0,9.58621028418185e-07,9.562994219947466e-07,True,92,0.565852165222168,t8_rho0.75_n800,t8,800,0.75,0.375
True,5,5,0.36717924175984185,0.6741029778966621,0.6343314996342668,0.10920378511151733,-5.637794511765516,0.4034738508631694,163.16001344555013,7.209910077259634e-30,equivalent,True,1.0,1.0,9.13298101332688e-07,8.851720561670914e-07,True,93,0.5883388519287109,t8_rho0.75_n800,t8,800,0.75,0.375
True,5,5,0.4185608776084753,0.8759660413218854,0.8398727646023083,0.11439728685997008,-3.5851133069240952,0.4534400857461409,255.37952137258446,4.010192571196602e-49,equivalent,True,1.0,1.0,9.46831751891664e-07,7.511832042141472e-07,True,94,0.5668368339538574,t8_rho0.75_n800,t8,800,0.75,0.375
True,5,5,0.3784311740308027,0.7160507673916583,0.6797012943355506,0.10516470951491794,-5.4229095320569565,0.41296049404476004,191.94603463085423,7.693455103433552e-36,equivalent,True,1.0,1.0,8.770391381660114e-07,9.355355369901965e-07,True,95,0.5622828006744385,t8_rho0.75_n800,t8,800,0.75,0.375
True,5,5,0.4037498923718103,0.8150698779512419,0.7777420806289166,0.11143394578137895,-4.238007691997204,0.438414098886642,234.88484677513978,8.117256980544205e-45,equivalent,True,1.0,1.0,9.936442792632446e-07,6.508298400790277e-07,True,96,0.5491268634796143,t8_rho0.75_n800,t8,800,0.75,0.375
True,5,5,0.4423135094320304,0.9782062031303942,0.9324654008252571,0.14295811498938374,-2.2211722587299327,0.4832412595728329,209.86021224712758,1.4110273167631678e-39,equivalent,True,1.0,1.0,8.225025026339624e-07,9.338630563927245e-07,True,97,0.608928918838501,t8_rho0.75_n800,t8,800,0.75,0.375
True,5,5,0.43765398375058745,0.9577050474637974,0.918481414120731,0.1255705034319258,-2.6400992017921756,0.4743472382398482,252.69162053511096,1.4743532118880454e-48,equivalent,True,1.0,1.0,9.551927083846508e-07,9.465910111251689e-07,True,98,0.5755782127380371,t8_rho0.75_n800,t8,800,0.75,0.375
True,5,5,0.40884492958834207,0.8357708822504818,0.7979238262024811,0.11227746082726937,-4.02641964350267,0.4433066241032536,236.70391100197443,3.3704715661155575e-45,equivalent,True,1.0,1.0,9.580619456404123e-07,9.387504941845132e-07,True,99,0.5673859119415283,t8_rho0.75_n800,t8,800,0.75,0.375
True,5,5,0.39026465573009805,0.7615325075606598,0.717159135261728,0.11634751693382543,-4.579735595400235,0.4262707520994441,188.05667288645049,4.960279611931625e-35,equivalent,True,1.0,0.9970149253731343,8.724677855469902e-07,9.543258058004868e-07,True,100,0.58207106590271,t8_rho0.75_n800,t8,800,0.75,0.375
True,5,5,0.39967295990660917,0.7986923744025501,0.7563141389112255,0.12339365239426706,-4.000901598336281,0.4380133869175062,186.98824581127548,8.274126879410618e-35,equivalent,True,1.0,1.0,9.991171225074856e-07,9.533883201300253e-07,True,101,0.5912830829620361,t8_rho0.75_n800,t8,800,0.75,0.375
True,5,5,0.40089445234674015,0.8035818096119636,0.7605785311476925,0.1188220454517516,-4.1189449903136035,0.43726957442081393,208.43333907486507,2.8031141686996014e-39,equivalent,True,1.0,1.0,8.105972341007335e-07,9.52328700042464e-07,True,102,0.5992491245269775,t8_rho0.75_n800,t8,800,0.75,0.375
True,5,5,0.35783624455239654,0.6402338895768127,0.5989862915138344,0.10905301603531146,-5.96969925412578,0.3945535554191632,158.67483926503667,6.08228905991868e-29,equivalent,True,1.0,1.0,8.422919210875677e-07,9.984648706242793e-07,True,103,0.5786240100860596,t8_rho0.75_n800,t8,800,0.75,0.375
True,5,5,0.3929140986972601,0.7719074447754011,0.7303894694881581,0.11810819026232874,-4.399445367486717,0.43003724364613444,184.57993478400726,2.6206473540758944e-34,equivalent,True,1.0,1.0,9.007005075224193e-07,7.14621203901914e-07,True,104,0.5807249546051025,t8_rho0.75_n800,t8,800,0.75,0.375
True,5,5,0.35479569358811386,0.6293999209433538,0.5940676200867222,0.0928045442938835,-7.067890747204591,0.3864498703237187,196.41861380453602,9.005474975495015e-37,equivalent,True,1.0,1.0,9.906238590130233e-07,9.493445688631654e-07,True,105,0.5472679138183594,t8_rho0.75_n800,t8,800,0.75,0.375
True,5,5,0.368573662455998,0.6792327232811396,0.6416539199845421,0.10098519538421638,-6.024111531407109,0.4019352646585451,192.91193824551974,4.8417846187083693e-36,equivalent,True,1.0,1.0,8.513879210607758e-07,9.258302078170038e-07,True,106,0.5605719089508057,t8_rho0.75_n800,t8,800,0.75,0.375
True,5,5,0.35235498679028776,0.6207701835799193,0.5823242435471496,0.10092592480295855,-6.615502981581578,0.3868675786397014,165.57322491584932,2.286100529304272e-30,equivalent,True,1.0,1.0,9.451898435691385e-07,8.177072673996933e-07,True,107,0.5664210319519043,t8_rho0.75_n800,t8,800,0.75,0.375
True,5,5,0.4017782042574428,0.8071286270816773,0.7680203670397953,0.11114043473742759,-4.3366721940479644,0.43608029403278853,238.0635933535609,1.7470461092114675e-45,equivalent,True,1.0,1.0,9.927765009964599e-07,7.688787232611459e-07,True,108,0.5667030811309814,t8_rho0.75_n800,t8,800,0.75,0.375
True,5,5,0.3893694811517693,0.7580429642619901,0.7235343453968265,0.10025245136948313,-5.251399316540102,0.42152934741075787,245.7230622189091,4.3015125673281165e-47,equivalent,True,1.0,1.0,7.877187350134047e-07,8.776461672772004e-07,True,109,0.546807050704956,t8_rho0.75_n800,t8,800,0.75,0.375
True,5,5,0.3390964297398806,0.5749319433116687,0.5329042268605926,0.10461179112922592,-6.854827409021093,0.37549309205933196,132.76955985154703,1.2708006544050564e-23,equivalent,True,1.0,1.0,8.092180121017594e-07,9.781356293161895e-07,True,110,0.6006300449371338,t8_rho0.75_n800,t8,800,0.75,0.375
True,5,5,0.3886027239410024,0.7550603852718347,0.7119196245428405,0.11343065508082607,-4.743694507218929,0.42390953019719163,193.04976760092993,4.532144984839143e-36,equivalent,True,1.0,1.0,9.852692428084169e-07,9.87973079155629e-07,True,111,0.5966639518737793,t8_rho0.75_n800,t8,800,0.75,0.375
True,5,5,0.3478713162169571,0.6050722632325909,0.5648652076154675,0.09656197718807603,-7.095285456407747,0.3804459294088661,170.8633995718162,1.8378890686640904e-31,equivalent,True,1.0,1.0,7.297240014353503e-07,9.75157118315535e-07,True,112,0.5600860118865967,t8_rho0.75_n800,t8,800,0.75,0.375
True,5,5,0.41804762672361556,0.8738190910462371,0.8330881536064537,0.1205827541029108,-3.457474905886913,0.45418699541938096,224.83593928826173,1.0380476129680748e-42,equivalent,True,1.0,1.0,9.744640054553358e-07,8.094975564815427e-07,True,113,0.5803530216217041,t8_rho0.75_n800,t8,800,0.75,0.375
True,5,5,0.3693845601876429,0.6822247665250918,0.6445411500699008,0.103655625381099,-5.8410611841284705,0.4037423637499351,190.57147721375983,1.486794871597176e-35,equivalent,True,1.0,1.0,9.575136351757267e-07,9.851744499869751e-07,True,114,0.5691931247711182,t8_rho0.75_n800,t8,800,0.75,0.375
True,5,5,0.36731782630322113,0.6746119276006166,0.6323041512190108,0.11059247002544237,-5.585333690791833,0.40353750176504827,168.24098553097528,6.415413377316583e-31,equivalent,True,1.0,1.0,8.377012941581652e-07,8.297996256271596e-07,True,115,0.6004300117492676,t8_rho0.75_n800,t8,800,0.75,0.375
True,5,5,0.4399190488042971,0.9676438475043877,0.9245810912245628,0.1300963390271125,-2.50136868730502,0.47719399122923106,244.37836683161942,8.244503504544678e-47,equivalent,True,1.0,1.0,8.781748753401724e-07,8.299872269207363e-07,True,116,0.585921049118042,t8_rho0.75_n800,t8,800,0.75,0.375
True,5,5,0.4117481271343339,0.847682600993158,0.8092716372150707,0.11527198440379463,-3.8233779444714844,0.44696245454121664,235.2856488982968,6.688247754077858e-45,equivalent,True,1.0,1.0,9.774193845044074e-07,8.706830713486561e-07,True,117,0.5645949840545654,t8_rho0.75_n800,t8,800,0.75,0.375
True,5,5,0.35974336813297475,0.6470764545782851,0.6108619663165455,0.09833659489523137,-6.499493239158804,0.39309318770287144,194.0217582703188,2.8436183661915793e-36,equivalent,True,1.0,1.0,9.710293664131601e-07,7.501559798374084e-07,True,118,0.5652859210968018,t8_rho0.75_n800,t8,800,0.75,0.375
True,5,5,0.41085327160898333,0.8440020539590252,0.8033640758723194,0.11792830180698237,-3.787351443919766,0.44661815252400167,219.78245142619573,1.1869679236714722e-41,equivalent,True,1.0,1.0,9.592003495534564e-07,6.514072116511741e-07,True,119,0.5848231315612793,t8_rho0.75_n800,t8,800,0.75,0.375
True,5,5,0.3692988032259214,0.6819080303204892,0.6420819986072495,0.10571105597435207,-5.7507513834716155,0.4039705960674694,179.59952427729348,2.8373118136029842e-33,equivalent,True,1.0,1.0,9.757337792051252e-07,8.434529106381288e-07,True,120,0.5662009716033936,t8_rho0.75_n800,t8,800,0.75,0.375
True,5,5,0.3776694730889324,0.713171154516359,0.672512530292182,0.10737237123840294,-5.378361891865093,0.41209813504990506,192.0087108893741,7.465734926613356e-36,equivalent,True,1.0,1.0,8.197289653162645e-07,8.317776197884914e-07,True,121,0.580054759979248,t8_rho0.75_n800,t8,800,0.75,0.375
True,5,5,0.36211926925237625,0.6556518258193749,0.6174792543665252,0.10171462641205359,-6.218582006791096,0.3961779717587553,178.1066888229709,5.790793573803128e-33,equivalent,True,1.0,1.0,9.740908277807308e-07,8.917781222727513e-07,True,122,0.5771257877349854,t8_rho0.75_n800,t8,800,0.75,0.375
True,5,5,0.42930810752320114,0.9215272559257623,0.8828315401442575,0.12043724441243293,-3.048628865987564,0.4649587462207994,251.44527548349916,2.6960113173227723e-48,equivalent,True,1.0,1.0,7.310241949581468e-07,9.524514017764029e-07,True,123,0.5762057304382324,t8_rho0.75_n800,t8,800,0.75,0.375
True,5,5,0.4123023429671223,0.8499661100808928,0.8049069158183418,0.12644154978713595,-3.5201489141106803,0.45008549356385114,201.04149846293348,9.787176434209442e-38,equivalent,True,1.0,1.0,9.874838138731518e-07,9.772440445191487e-07,True,124,0.5996437072753906,t8_rho0.75_n800,t8,800,0.75,0.375
True,5,5,0.3760351961602972,0.707012343756566,0.670039613156217,0.09893371285972424,-5.862110802069008,0.408110546195834,214.76685295442957,1.329949720723396e-40,equivalent,True,1.0,1.0,8.571185878236068e-07,9.533965923145948e-07,True,125,0.5505759716033936,t8_rho0.75_n800,t8,800,0.75,0.375
True,5,5,0.3470147147990373,0.6020960614352858,0.5604819371084346,0.10046406944927747,-6.863330011130904,0.380980478796587,152.6983297204691,1.0376077447674183e-27,equivalent,True,1.0,1.0,9.853567547462908e-07,8.931348942444034e-07,True,126,0.5883429050445557,t8_rho0.75_n800,t8,800,0.75,0.375
True,5,5,0.3606132194844921,0.6502094703348524,0.6101074736412729,0.1085330297073899,-5.895832154358052,0.3971469302914238,151.87965126494947,1.5296568368541323e-27,equivalent,True,1.0,0.9970149253731343,8.756449179361797e-07,8.431397515309823e-07,True,127,0.5821521282196045,t8_rho0.75_n800,t8,800,0.75,0.375
True,5,5,0.42320105654141665,0.8954956712888568,0.8578178458888721,0.11547206626131888,-3.3963378920023883,0.45776686050660836,256.25215514805336,2.6275681912115687e-49,equivalent,True,1.0,1.0,8.239780112021901e-07,9.484558688895409e-07,True,128,0.5651161670684814,t8_rho0.75_n800,t8,800,0.75,0.375
True,5,5,0.3989713322791566,0.7958906199030259,0.753175477275273,0.12168430019084295,-4.082897480985919,0.4366528002400151,192.98564739164817,4.673651608105026e-36,equivalent,True,1.0,1.0,7.685017491100416e-07,9.711520232077141e-07,True,129,0.6008670330047607,t8_rho0.75_n800,t8,800,0.75,0.375
True,5,5,0.36739155267836854,0.6748827648971123,0.6365357604247068,0.09939364806458888,-6.172066842507343,0.40000594069080625,206.20615222267605,8.180681255322305e-39,equivalent,True,1.0,0.9970149253731343,8.302236532898845e-07,9.78365703451399e-07,True,130,0.5736448764801025,t8_rho0.75_n800,t8,800,0.75,0.375
True,5,5,0.36697337954314174,0.6733473064665738,0.6357885676948616,0.10276574159149633,-5.976811170659262,0.40120398065771784,181.12227801093044,1.370079758522791e-33,equivalent,True,1.0,1.0,6.818396153530949e-07,5.943567457456224e-07,True,131,0.5685200691223145,t8_rho0.75_n800,t8,800,0.75,0.375
True,5,5,0.38441393208511276,0.7388703559056883,0.7013458802706082,0.10944250960121639,-5.013171954193692,0.41984825571409495,202.8290477644265,4.1468515107327273e-38,equivalent,True,1.0,1.0,8.594899214786749e-07,7.742078667607536e-07,True,132,0.5438709259033203,t8_rho0.75_n800,t8,800,0.75,0.375
True,5,5,0.39885242049216973,0.7954162666623128,0.7585415145288732,0.11673101442592153,-4.210179170361022,0.43601535454272133,196.38972741802348,9.131168971474755e-37,equivalent,True,1.0,1.0,9.587428213708688e-07,7.272953821271774e-07,True,133,0.5548999309539795,t8_rho0.75_n800,t8,800,0.75,0.375
True,5,5,0.4152650995789068,0.8622255146413969,0.8232475907425619,0.1241082862131811,-3.438548885643336,0.4532962729727753,203.57524030916755,2.8973438535804964e-38,equivalent,True,1.0,1.0,9.923992590092523e-07,9.68765022888368e-07,True,134,0.5728001594543457,t8_rho0.75_n800,t8,800,0.75,0.375
True,5,5,0.3572165022156517,0.6380181472759237,0.5985700343735414,0.1002191713965429,-6.500053398455157,0.3907469518589278,172.9458375141154,6.806399816134334e-32,equivalent,True,1.0,1.0,9.16233362300876e-07,8.589368928819715e-07,True,135,0.5707571506500244,t8_rho0.75_n800,t8,800,0.75,0.375
True,5,5,0.430881415551853,0.928293971339843,0.8837318652595199,0.13155902593119323,-2.78405933874915,0.46906869565568876,229.11714833106504,1.3153405339737097e-43,equivalent,True,1.0,1.0,9.507584173426114e-07,7.310709980555873e-07,True,136,0.5940890312194824,t8_rho0.75_n800,t8,800,0.75,0.375
True,5,5,0.34829480391395007,0.6065463521672847,0.562880765363107,0.10603891770592347,-6.47987785524625,0.3840050165687172,143.12771756519055,9.624652964739217e-26,equivalent,True,1.0,1.0,8.871320675535017e-07,9.261081079933993e-07,True,137,0.5910918712615967,t8_rho0.75_n800,t8,800,0.75,0.375
True,5,5,0.3488583233552399,0.6085106488711456,0.5675746135937776,0.10502512196007294,-6.497734767360307,0.3847922988758544,160.35422712726012,2.73808553054463e-29,equivalent,True,1.0,1.0,9.332338007386037e-07,9.703352219677189e-07,True,138,0.5897378921508789,t8_rho0.75_n800,t8,800,0.75,0.375
True,5,5,0.3470006366899112,0.6020472093160187,0.5608028782555278,0.10203728467564878,-6.754365562894573,0.3817431796479273,158.1134075219473,7.941501462350874e-29,equivalent,True,1.0,1.0,9.626576231058357e-07,9.46985582991021e-07,True,139,0.579984188079834,t8_rho0.75_n800,t8,800,0.75,0.375
True,5,5,0.41996391633439245,0.8818484551146029,0.8417836212667089,0.12796641831911493,-3.1900273844916542,0.4587525800618225,214.40256238408028,1.5849617336065517e-40,equivalent,True,1.0,1.0,8.703341575687163e-07,9.090814507419355e-07,True,140,0.5647969245910645,t8_rho0.75_n800,t8,800,0.75,0.375
True,5,5,0.39542149545912103,0.7817907953556382,0.7368454825871845,0.11578813908264733,-4.431840095871441,0.4306506758650771,206.87640644458935,5.926896764637103e-39,equivalent,True,1.0,1.0,9.845476014995242e-07,9.623288267799793e-07,True,141,0.5953128337860107,t8_rho0.75_n800,t8,800,0.75,0.375
True,5,5,0.40762262352079515,0.8307810160298794,0.7879465515404265,0.11959612711450082,-3.863448253781709,0.4437712642779076,214.06620185466173,1.8636184602725665e-40,equivalent,True,1.0,1.0,8.554062791435055e-07,9.547649382344227e-07,True,142,0.6004159450531006,t8_rho0.75_n800,t8,800,0.75,0.375
True,5,5,0.2967918460840135,0.4404269995097838,0.40112291186561816,0.08947142379448492,-9.4876895005521,0.3311465862129606,115.86960734519388,3.4775823484863964e-20,equivalent,True,1.0,1.0,9.56895701510789e-07,9.26728196358641e-07,True,143,0.5687758922576904,t8_rho0.75_n800,t8,800,0.75,0.375
True,5,5,0.3661349205428652,0.6702739002046512,0.6325579778419232,0.10659705955107203,-5.792298819108161,0.40196878930256913,170.04650532629,2.713190234750547e-31,equivalent,True,1.0,1.0,6.405578138177266e-07,6.45288772240669e-07,True,144,0.5578858852386475,t8_rho0.75_n800,t8,800,0.75,0.375
True,5,5,0.42174932027093676,0.889362445744986,0.8506580182827703,0.11785479820954643,-3.3884236177401754,0.4570584012074117,246.2081673385668,3.4015730041707487e-47,equivalent,True,1.0,1.0,8.433636573614024e-07,8.566968001951343e-07,True,145,0.5787010192871094,t8_rho0.75_n800,t8,800,0.75,0.375
True,5,5,0.4109395604081258,0.8443566115421184,0.8022711794921229,0.12856103920778716,-3.4826166875038562,0.45027442101849446,197.99502419237922,4.226066590629298e-37,equivalent,True,1.0,0.9970149253731343,9.608553012903713e-07,7.43241279910944e-07,True,146,0.5944380760192871,t8_rho0.75_n800,t8,800,0.75,0.375
True,5,5,0.3879655601498931,0.7525863793121016,0.7138778098140887,0.1115649888941162,-4.805469847666393,0.4236474681707366,200.16369532336137,1.4919202902305071e-37,equivalent,True,1.0,1.0,9.498227601483045e-07,9.670505690419298e-07,True,147,0.5738010406494141,t8_rho0.75_n800,t8,800,0.75,0.375
True,5,5,0.36636646569349934,0.6711219359237302,0.6323422733552091,0.10551171390712674,-5.853925633209447,0.40147069598196394,177.89644232586852,6.402715863289543e-33,equivalent,True,1.0,1.0,9.692136702026562e-07,9.50051004956774e-07,True,148,0.557049036026001,t8_rho0.75_n800,t8,800,0.75,0.375
True,5,5,0.39602844188218994,0.7841926338981756,0.7421872768529777,0.11616903484310363,-4.3713260063911825,0.43203433547673237,199.91410363566376,1.681892994811206e-37,equivalent,True,1.0,1.0,8.835013671481761e-07,9.46584173902502e-07,True,149,0.5871379375457764,t8_rho0.75_n800,t8,800,0.75,0.375
True,5,5,0.4253526162613917,0.9046242408020538,0.8639858100310999,0.1242593843502637,-3.1065194149103394,0.4622497829231265,232.57144516215354,2.481494224990543e-44,equivalent,True,1.0,1.0,9.422577585007428e-07,9.326534275676177e-07,True,150,0.5681977272033691,t8_rho0.75_n800,t8,800,0.75,0.375
True,5,5,0.39487758348779084,0.7796415297057862,0.7373655061873596,0.12299743127962932,-4.167847153223779,0.43351546157740956,183.96749882225598,3.5130783287087243e-34,equivalent,True,1.0,1.0,8.990934855277359e-07,9.968201116401773e-07,True,151,0.602949857711792,t8_rho0.75_n800,t8,800,0.75,0.375
True,5,5,0.3570746864509319,0.6375116585201565,0.5978592780124389,0.09877021138474913,-6.602605308266623,0.38995430974497697,190.71863206598954,1.3855535526881755e-35,equivalent,True,1.0,1.0,9.96141917127151e-07,9.572981557911973e-07,True,152,0.5671989917755127,t8_rho0.75_n800,t8,800,0.75,0.375
True,5,5,0.43100258984004663,0.9288161622441373,0.8897833100973054,0.12149975662876768,-2.964752357515468,0.46682601158501336,242.7884161389337,1.77898934835778e-46,equivalent,True,1.0,1.0,9.432998301502168e-07,9.575970821097396e-07,True,153,0.5598127841949463,t8_rho0.75_n800,t8,800,0.75,0.375
True,5,5,0.381499612528322,0.727709771796299,0.6855695665903156,0.11292865196890624,-4.998115390282836,0.4174495584781739,179.24435229069803,3.3622658852100994e-33,equivalent,True,1.0,1.0,9.685503436899885e-07,9.663164643569007e-07,True,154,0.5830447673797607,t8_rho0.75_n800,t8,800,0.75,0.375
True,5,5,0.3698334232390734,0.6838838047236582,0.6437621119801533,0.10780092894872595,-5.623679628105946,0.40523545278028256,175.18968126089857,2.3324023401115066e-32,equivalent,True,1.0,1.0,6.633330289040197e-07,9.470064631374226e-07,True,155,0.5841629505157471,t8_rho0.75_n800,t8,800,0.75,0.375
True,5,5,0.416208669471887,0.8661482827177924,0.8286478211090887,0.11957014541642678,-3.523891163830809,0.4528406360900959,220.98290972209327,6.654846694046357e-42,equivalent,True,1.0,1.0,8.87093578501099e-07,9.039609492772353e-07,True,156,0.5486950874328613,t8_rho0.75_n800,t8,800,0.75,0.375
True,5,5,0.35331570546586455,0.6241599386442078,0.5806860843382843,0.10650246738187913,-6.284492107227895,0.3888102504025965,157.00051307284323,1.347267188065311e-28,equivalent,True,1.0,1.0,9.64778269470365e-07,8.752931194371482e-07,True,157,0.5990400314331055,t8_rho0.75_n800,t8,800,0.75,0.375
True,5,5,0.36002985205663895,0.6481074718596267,0.6103634784240672,0.10086379814546025,-6.3415867073881556,0.39402275635595685,184.7718138009172,2.390713616438063e-34,equivalent,True,1.0,1.0,8.159742550672051e-07,7.640894726539439e-07,True,158,0.5585460662841797,t8_rho0.75_n800,t8,800,0.75,0.375
True,5,5,0.4136905577926426,0.8556993880339386,0.813240996422994,0.12543356512158332,-3.4819946571211107,0.4515663519250928,215.87791340558127,7.788441338649113e-41,equivalent,True,0.9970149253731343,1.0,6.592497329464269e-07,9.261307482532918e-07,True,159,0.5992789268493652,t8_rho0.75_n800,t8,800,0.75,0.375
True,5,5,0.4181741662101705,0.8743481664278566,0.8329697491005943,0.12017905084982912,-3.470074426037112,0.4540146906818151,222.16606517333588,3.7619240972176884e-42,equivalent,True,1.0,1.0,9.847876569878937e-07,9.914995847605824e-07,True,160,0.5705409049987793,t8_rho0.75_n800,t8,800,0.75,0.375
True,5,5,0.40327126184003464,0.8131385531302691,0.7709467587585557,0.11963593213263102,-4.0042588602089495,0.43993871292275105,205.36378832269503,1.2264953429381915e-38,equivalent,True,1.0,1.0,9.125799692907314e-07,8.429715512059823e-07,True,161,0.5909950733184814,t8_rho0.75_n800,t8,800,0.75,0.375
True,5,5,0.3960029428594301,0.7840916537666454,0.7489346598239054,0.10937488593410669,-4.581173602118893,0.43100819891274095,222.70840303005565,2.896273832279058e-42,equivalent,True,1.0,1.0,8.323062621823446e-07,8.330472189760201e-07,True,162,0.5532598495483398,t8_rho0.75_n800,t8,800,0.75,0.375
True,5,5,0.46563138669383414,1.0840629413721146,1.0439181978579728,0.13549725128433757,-1.5209297619593016,0.5033470657657538,279.21458884259494,3.813077258632559e-54,inconclusive,True,1.0,1.0,8.608572733035726e-07,8.938067869988693e-07,True,163,0.59194016456604,t8_rho0.75_n800,t8,800,0.75,0.375
True,5,5,0.37181310852288196,0.691224938347242,0.64885072331854,0.10832385846375008,-5.549555612281213,0.4067007781644921,172.91976293715192,6.891609293908749e-32,equivalent,True,1.0,1.0,9.446779307673901e-07,7.22684222733479e-07,True,164,0.5804100036621094,t8_rho0.75_n800,t8,800,0.75,0.375
True,5,5,0.4097954539778544,0.8396615705045789,0.8042812200980121,0.11078782109067108,-4.023174889748958,0.4441871158512037,244.88738848846378,6.444904330778507e-47,equivalent,True,1.0,1.0,8.799046365039669e-07,7.969397837663756e-07,True,165,0.555394172668457,t8_rho0.75_n800,t8,800,0.75,0.375
True,5,5,0.42677491107861276,0.9106841236307892,0.8694544837656134,0.12642771216995585,-3.0099849922366864,0.46420029398429774,230.88020471180022,5.615571965074619e-44,equivalent,True,1.0,1.0,9.070242502908559e-07,8.293979203458871e-07,True,166,0.5948491096496582,t8_rho0.75_n800,t8,800,0.75,0.375
True,5,5,0.4030169186174937,0.8121131834596979,0.7731731407286773,0.11194637890776427,-4.259421911844005,0.43756337783210264,239.58372096874623,8.37868760764282e-46,equivalent,True,1.0,1.0,8.700961021787369e-07,9.99960612013116e-07,True,167,0.5741791725158691,t8_rho0.75_n800,t8,800,0.75,0.375
True,5,5,0.3442071663034957,0.5923928666734117,0.555474365044196,0.09627006779898521,-7.2143465859605955,0.3778424367987855,171.8132565529139,1.1683580935289238e-31,equivalent,True,1.0,1.0,8.130787330593723e-07,9.024018543337897e-07,True,168,0.5536682605743408,t8_rho0.75_n800,t8,800,0.75,0.375
True,5,5,0.3914506596778575,0.7661680948111491,0.7255388897425658,0.11740149875756589,-4.467243738859301,0.42863671582903085,187.39584837665544,6.806968907343765e-35,equivalent,True,1.0,0.9970149253731343,9.056166194269006e-07,9.732596473822756e-07,True,169,0.5815329551696777,t8_rho0.75_n800,t8,800,0.75,0.375
True,5,5,0.41869934695039634,0.876545715683442,0.841236671613753,0.10669538802578886,-3.8311246245006076,0.45094012187583543,286.24966153544835,1.2489537933809396e-55,equivalent,True,1.0,1.0,8.097593541507408e-07,8.9261637166765e-07,True,170,0.5509922504425049,t8_rho0.75_n800,t8,800,0.75,0.375
True,5,5,0.3563510323806708,0.6349302913938494,0.5941613639227677,0.10394945762458253,-6.309206907512868,0.3911887028829439,163.63755216497168,5.7444302084993294e-30,equivalent,True,1.0,1.0,9.001908893645736e-07,9.938854421150631e-07,True,171,0.5893020629882812,t8_rho0.75_n800,t8,800,0.75,0.375
True,5,5,0.40546129093222566,0.8219942922221346,0.7877182195143487,0.11086737956189424,-4.1696825731104425,0.44047220818056976,233.76095717635502,1.3970084997852472e-44,equivalent,True,1.0,1.0,8.294116537208626e-07,8.396860660241766e-07,True,172,0.5496902465820312,t8_rho0.75_n800,t8,800,0.75,0.375
True,5,5,0.3921702611739652,0.7689875687462804,0.7280143906618476,0.1142877210720983,-4.5672938828560445,0.428018916213596,192.43688076325412,6.080300981304305e-36,equivalent,True,1.0,1.0,8.502118895816583e-07,8.044445154928408e-07,True,173,0.5847301483154297,t8_rho0.75_n800,t8,800,0.75,0.375
True,5,5,0.4211033070913586,0.8866399762163953,0.8477875976503999,0.11975749846791253,-3.3585571466939723,0.4571151175272989,233.4697651973468,1.6079928521910919e-44,equivalent,True,1.0,1.0,9.288108619310017e-07,8.698474934327066e-07,True,174,0.5842859745025635,t8_rho0.75_n800,t8,800,0.75,0.375
True,5,5,0.38362615173935277,0.7358451214917245,0.6951762484321417,0.10885183860596878,-5.097054479495353,0.41814389627579296,197.36478370859362,5.718867330589894e-37,equivalent,True,1.0,1.0,7.983603694169879e-07,8.059543825203184e-07,True,175,0.5816650390625,t8_rho0.75_n800,t8,800,0.75,0.375
True,5,5,0.392436453992125,0.7700318521095662,0.7316921254946412,0.11067077476584598,-4.683331038406296,0.4274878596558673,210.56148966738505,1.0069180693398381e-39,equivalent,True,1.0,1.0,9.96422684821323e-07,9.946054999500175e-07,True,176,0.5563521385192871,t8_rho0.75_n800,t8,800,0.75,0.375
True,5,5,0.4032464149402389,0.8130383558107765,0.7743448308575214,0.11662736332482007,-4.078418268084536,0.43958611725670743,201.72425335876693,7.050648282420836e-38,equivalent,True,1.0,1.0,9.081748344044081e-07,8.722066476787826e-07,True,177,0.5599019527435303,t8_rho0.75_n800,t8,800,0.75,0.375
True,5,5,0.3705741922345164,0.6866261597513216,0.6495895073254415,0.1002828811315601,-5.987168357148475,0.40361867352138986,205.42082177763245,1.1933252744915688e-38,equivalent,True,1.0,1.0,8.28298563390956e-07,9.891634144566522e-07,True,178,0.5655570030212402,t8_rho0.75_n800,t8,800,0.75,0.375
True,5,5,0.41299416263688543,0.852820891860711,0.8073889937512382,0.1289818692875926,-3.4315753732942587,0.45156290575287855,225.5505039750376,7.353836703672555e-43,equivalent,True,1.0,1.0,9.191963465114726e-07,8.431673204498541e-07,True,179,0.6217176914215088,t8_rho0.75_n800,t8,800,0.75,0.375
True,5,5,0.38156654237634086,0.7279651313051796,0.6866743683040618,0.11180496824317718,-5.038466899527202,0.4172714166654711,185.71535624017477,1.5219161334980541e-34,equivalent,True,1.0,1.0,9.985779989932676e-07,6.826776988562652e-07,True,180,0.5736370086669922,t8_rho0.75_n800,t8,800,0.75,0.375
True,5,5,0.3896736786813815,0.7592278792854026,0.718760332854593,0.11265182428853489,-4.715766215953538,0.42521902464924816,197.48273018267395,5.404124981760483e-37,equivalent,True,0.9970149253731343,1.0,9.433497810662364e-07,9.932347001494568e-07,True,181,0.5754830837249756,t8_rho0.75_n800,t8,800,0.75,0.375
True,5,5,0.3991857095585628,0.7967461535788664,0.755143016300173,0.122600520898671,-4.036336714334395,0.43744780894787705,192.00797430154313,7.468371633678661e-36,equivalent,True,1.0,1.0,6.471557300145976e-07,8.282763974852152e-07,True,182,0.5976400375366211,t8_rho0.75_n800,t8,800,0.75,0.375
True,5,5,0.3901437748573101,0.7610608252995573,0.7215038031649549,0.10887572315602285,-4.854123412596681,0.4244027406332583,212.74844297646274,3.51463517373032e-40,equivalent,True,1.0,1.0,8.103612598757222e-07,8.907584479600746e-07,True,183,0.5750579833984375,t8_rho0.75_n800,t8,800,0.75,0.375
True,5,5,0.40119393454883906,0.8047828655938908,0.763543219159676,0.11773470910914278,-4.131804329591262,0.437538474298187,214.43850035294327,1.5577700309478086e-40,equivalent,True,1.0,1.0,8.180243732910868e-07,7.625578375580912e-07,True,184,0.5954082012176514,t8_rho0.75_n800,t8,800,0.75,0.375
True,5,5,0.46010980321228334,1.0585051550602307,1.0154144512033354,0.13635505856475108,-1.7204022444482079,0.497935450402308,262.566399822347,1.2313701917805426e-50,equivalent,True,1.0,1.0,9.272411835962554e-07,8.645982418071848e-07,True,185,0.608773946762085,t8_rho0.75_n800,t8,800,0.75,0.375
True,5,5,0.4079216708634869,0.8320004478002947,0.7915754760696465,0.11391723291245527,-4.024189424287106,0.442482236885951,243.64464049819168,1.1757394315391288e-46,equivalent,True,1.0,1.0,8.146079502162952e-07,9.940676859251786e-07,True,186,0.6121363639831543,t8_rho0.75_n800,t8,800,0.75,0.375
True,5,5,0.392716606388387,0.7711316646660564,0.7314613359694051,0.1088485700648776,-4.763853707233155,0.4267320707959739,222.85003933424557,2.705067095325027e-42,equivalent,True,1.0,1.0,8.061152659052228e-07,7.908830538493502e-07,True,187,0.5845210552215576,t8_rho0.75_n800,t8,800,0.75,0.375
True,5,5,0.39255049930448493,0.7704794725210022,0.7304006253842711,0.10952959807930689,-4.74391747735168,0.42674600924755135,210.6601542694035,9.602301289328023e-40,equivalent,True,1.0,1.0,9.65092791612923e-07,8.184052310762116e-07,True,188,0.6150739192962646,t8_rho0.75_n800,t8,800,0.75,0.375
True,5,5,0.3934421319803411,0.7739835560861809,0.7337310457528057,0.11273869069334959,-4.5793414050856,0.42875860108865965,198.71624858783213,2.989344071920672e-37,equivalent,True,1.0,1.0,9.510097914497353e-07,7.989838859890797e-07,True,189,0.5853292942047119,t8_rho0.75_n800,t8,800,0.75,0.375
True,5,5,0.41811605817163267,0.8741051905049204,0.8333311386701249,0.12111125386644943,-3.4403810383248117,0.45443182631875484,235.25936530857425,6.773722005738255e-45,equivalent,True,1.0,0.9970149253731343,9.308060610576418e-07,7.08723525387681e-07,True,190,0.5866189002990723,t8_rho0.75_n800,t8,800,0.75,0.375
True,5,5,0.35270615924770177,0.6220081738563259,0.5836041770798277,0.09265322840538967,-7.192364846742975,0.3836678709173329,203.46673210663823,3.0524277307345315e-38,equivalent,True,1.0,1.0,9.829833429227974e-07,9.363639779114036e-07,True,191,0.5687639713287354,t8_rho0.75_n800,t8,800,0.75,0.375
True,5,5,0.35162724838303194,0.6182086090271122,0.5818302941870925,0.09350454904017176,-7.145852396184981,0.38357048656336445,194.63237791899945,2.1216719083574767e-36,equivalent,True,1.0,1.0,9.867298657852377e-07,9.095567298266919e-07,True,192,0.564359188079834,t8_rho0.75_n800,t8,800,0.75,0.375
True,5,5,0.387484892574097,0.7507227098657975,0.7154870801469454,0.10318397350387472,-5.180193218988439,0.4207634996546298,228.755501434187,1.5662065154859425e-43,equivalent,True,1.0,1.0,8.63101195403841e-07,8.604362466539216e-07,True,193,0.5554909706115723,t8_rho0.75_n800,t8,800,0.75,0.375
True,5,5,0.3508548444121118,0.6154956092372359,0.5754692252481313,0.10265789593666517,-6.570666275568523,0.38583064619461266,167.60504811724442,8.685964764421467e-31,equivalent,True,1.0,1.0,9.570428258502111e-07,9.085087327786092e-07,True,194,0.581960916519165,t8_rho0.75_n800,t8,800,0.75,0.375
True,5,5,0.3690531768229271,0.6810012366154735,0.6432586987412212,0.10450942306025902,-5.805613345592179,0.4037725603139703,186.84708668999528,8.852723858961095e-35,equivalent,True,1.0,1.0,9.583883999144713e-07,9.054077397305288e-07,True,195,0.5559160709381104,t8_rho0.75_n800,t8,800,0.75,0.375
True,5,5,0.33127274680665997,0.5487081638841471,0.5097175813238863,0.09161510744325085,-8.080353113537162,0.36343115526478087,155.3291146119194,2.9788224166063376e-28,equivalent,True,1.0,1.0,9.948960626480815e-07,9.223432035125588e-07,True,196,0.5781161785125732,t8_rho0.75_n800,t8,800,0.75,0.375
True,5,5,0.40190330638784594,0.807631338427414,0.7672047665438182,0.11265599793712913,-4.285570606951787,0.4364647507757167,227.41165130043512,2.9958381236845287e-43,equivalent,True,1.0,1.0,9.202971717751771e-07,9.886168098275205e-07,True,197,0.5845849514007568,t8_rho0.75_n800,t8,800,0.75,0.375
True,5,5,0.42030232688561026,0.883270229927292,0.8422709233398049,0.12312009836110675,-3.3116370282968797,0.45711824808898044,220.96196923267388,6.722365434454344e-42,equivalent,True,1.0,1.0,9.630840410015367e-07,8.29088774638193e-07,True,198,0.5820019245147705,t8_rho0.75_n800,t8,800,0.75,0.375
True,5,5,0.42580046532145743,0.9065301813398484,0.8646086907566012,0.1289673781966311,-2.9882852131475373,0.46405627903127267,216.0058091347155,7.323143116796605e-41,equivalent,True,1.0,1.0,9.95323307542581e-07,9.3292396601167e-07,True,199,0.5744080543518066,t8_rho0.75_n800,t8,800,0.75,0.375
True,5,5,0.33241609978837966,0.5525023169925899,0.51011524159706,0.09653724476650041,-7.664241507954129,0.3657608176902332,142.04416444842124,1.6057004851486568e-25,equivalent,True,1.0,1.0,9.784156752609774e-07,9.355094405854483e-07,True,200,0.5881080627441406,t8_rho0.75_n800,t8,800,0.75,0.375
True,5,5,0.33625853383227505,0.5653490078751564,0.5206587388217434,0.10021302079317847,-7.277909151980209,0.3702686834019767,141.0983160092241,2.5096616753417966e-25,equivalent,True,1.0,1.0,7.53656224319197e-07,9.414372734191752e-07,True,201,0.6136348247528076,t8_rho0.75_n800,t8,800,0.75,0.375
True,5,5,0.3842329190998075,0.7381746805997962,0.6974029804416979,0.11382343743472373,-4.854861459224594,0.4206247435275978,185.10061726204754,2.042599658589047e-34,equivalent,True,1.0,1.0,9.841985696185937e-07,8.548742269576505e-07,True,202,0.5851168632507324,t8_rho0.75_n800,t8,800,0.75,0.375
True,5,5,0.39153471276342156,0.7664971564936751,0.7246739975729322,0.11512600578659304,-4.5630524470800715,0.4275603877225873,203.371216232581,3.195794747771304e-38,equivalent,True,1.0,1.0,7.847946110563809e-07,9.261708698675696e-07,True,203,0.5864861011505127,t8_rho0.75_n800,t8,800,0.75,0.375
True,5,5,0.4010816464967087,0.8043324357825541,0.7597620218772938,0.12500813068151895,-3.921648739566205,0.43940461969060224,178.89481971874636,3.973561437758573e-33,equivalent,True,1.0,1.0,9.182514047137602e-07,7.727184266976287e-07,True,204,0.6098289489746094,t8_rho0.75_n800,t8,800,0.75,0.375
True,5,5,0.4098291592997853,0.8397996990618439,0.7998200666676172,0.11338789684467113,-3.9702644273319536,0.4441455977593325,239.29888400066807,9.61564846109561e-46,equivalent,True,1.0,1.0,8.547129789955855e-07,8.318613508377599e-07,True,205,0.5793788433074951,t8_rho0.75_n800,t8,800,0.75,0.375
True,5,5,0.36081121373809905,0.6509236597958009,0.6105908259655596,0.10198373811147812,-6.269716975225052,0.3945476263997272,177.95665422641326,6.221147561714048e-33,equivalent,True,1.0,1.0,8.976557227669144e-07,9.744424066509988e-07,True,206,0.5833349227905273,t8_rho0.75_n800,t8,800,0.75,0.375
True,5,5,0.4135011684075095,0.8549160813718776,0.8100291049155108,0.12662075942923606,-3.47471375995319,0.4512874295413156,197.39182818526984,5.64511707743738e-37,equivalent,True,1.0,1.0,8.297279826847633e-07,9.512120479384394e-07,True,207,0.6030571460723877,t8_rho0.75_n800,t8,800,0.75,0.375
True,5,5,0.4270104395538606,0.9116895774399061,0.8714354923853339,0.1273261040602349,-2.973188494290035,0.46494479165905533,227.8082286125871,2.4740153854170787e-43,equivalent,True,1.0,1.0,9.598552009604456e-07,9.128796907810099e-07,True,208,0.5917150974273682,t8_rho0.75_n800,t8,800,0.75,0.375
True,5,5,0.42110663182605496,0.8866539768394229,0.8416547542635845,0.12636778667098286,-3.2314030062076062,0.45815090668887265,217.7153686181967,3.2139374078725576e-41,equivalent,True,0.9970149253731343,1.0,9.523723477727934e-07,6.6534615456984e-07,True,209,0.6014788150787354,t8_rho0.75_n800,t8,800,0.75,0.375
True,5,5,0.39104674680054247,0.7645877909164378,0.7264410373388627,0.11211106214254227,-4.670002697819993,0.42681314987366664,200.39952051707388,1.3321755926321934e-37,equivalent,True,1.0,1.0,9.946297182010865e-07,7.559742561349767e-07,True,210,0.5741300582885742,t8_rho0.75_n800,t8,800,0.75,0.375
True,5,5,0.4073195487968264,0.8295460741602513,0.7870949036567142,0.1212574710030686,-3.8175387670057153,0.4441949334765255,214.44462153131695,1.5531852719910102e-40,equivalent,True,1.0,1.0,8.842405521066544e-07,8.341193057441462e-07,True,211,0.5921280384063721,t8_rho0.75_n800,t8,800,0.75,0.375
True,5,5,0.4246951341306157,0.9018297847711085,0.8608064824227477,0.118569288514476,-3.282414210740044,0.45952923882617935,256.9592493843536,1.8653462583655573e-49,equivalent,True,1.0,1.0,9.77355210095549e-07,8.723995482589639e-07,True,212,0.5947577953338623,t8_rho0.75_n800,t8,800,0.75,0.375
True,5,5,0.36131049686187233,0.6527263757128653,0.6123358581026926,0.10591909525480973,-6.020294455530212,0.39662507890852916,176.36781884642016,1.3288683978964192e-32,equivalent,True,1.0,1.0,9.079614174926992e-07,9.707244386327508e-07,True,213,0.574530839920044,t8_rho0.75_n800,t8,800,0.75,0.375
True,5,5,0.34266194047583565,0.5870860272533256,0.5483484199030778,0.10036488659806124,-6.991006554980515,0.37773905480965875,149.4812862483683,4.7656037664615184e-27,equivalent,True,1.0,1.0,9.51392691266369e-07,9.266867609081268e-07,True,214,0.581779956817627,t8_rho0.75_n800,t8,800,0.75,0.375
True,5,5,0.3623121833495577,0.6563505910176176,0.6222935155594229,0.09411190531073331,-6.669788294775795,0.39423186688777356,206.7604475710873,6.266760697755231e-39,equivalent,True,1.0,1.0,9.357039332279781e-07,9.55526825856349e-07,True,215,0.5278549194335938,t8_rho0.75_n800,t8,800,0.75,0.375
True,5,5,0.40768024800759767,0.8310159230776816,0.7899987110025392,0.12972939507492423,-3.5458524163455056,0.44796977063497234,177.94463098760767,6.256987563628142e-33,equivalent,True,1.0,1.0,9.16653260905342e-07,8.837292158960949e-07,True,216,0.593641996383667,t8_rho0.75_n800,t8,800,0.75,0.375
True,5,5,0.4049327007622452,0.81985246073303,0.7766636092394319,0.11840402066828268,-3.997637817440793,0.44077678978850365,202.54746372174873,4.747605142076193e-38,equivalent,True,1.0,0.9970149253731343,8.669793145059189e-07,9.069879406400444e-07,True,217,0.5933151245117188,t8_rho0.75_n800,t8,800,0.75,0.375
True,5,5,0.38193199040224485,0.7293602264631023,0.6908337533078001,0.11495851156734806,-4.864069994196248,0.4195053463326291,181.38600409570603,1.2077514484918446e-33,equivalent,True,1.0,1.0,7.634148701861937e-07,8.591265732197712e-07,True,218,0.5728187561035156,t8_rho0.75_n800,t8,800,0.75,0.375
True,5,5,0.40725322623991905,0.8292759514141135,0.79128012924423,0.11573908511815897,-3.9633963780468733,0.4430923116419148,225.19340641826034,8.736330619634689e-43,equivalent,True,1.0,1.0,8.451745816389346e-07,8.001334578180113e-07,True,219,0.5613629817962646,t8_rho0.75_n800,t8,800,0.75,0.375
True,5,5,0.40301687749877424,0.8121130177443101,0.7672118429388417,0.12291311924872687,-3.9278814174765886,0.4403148720938299,189.14951617342848,2.938699771736287e-35,equivalent,True,1.0,1.0,8.134668630165974e-07,9.298835151510347e-07,True,220,0.6101460456848145,t8_rho0.75_n800,t8,800,0.75,0.375
True,5,5,0.3860189391155833,0.745053106779602,0.702354075810847,0.11473056276631316,-4.7733220423978535,0.42215377721849195,183.03083905942947,5.499362056287457e-34,equivalent,True,1.0,1.0,9.613552359603138e-07,9.606409083608345e-07,True,221,0.5822219848632812,t8_rho0.75_n800,t8,800,0.75,0.375
True,5,5,0.3654656555903631,0.6678257270804695,0.629945744838244,0.10117536867865429,-6.128509965020503,0.3990900692744636,186.67746701720276,9.60171673379725e-35,equivalent,True,1.0,1.0,8.935806098405815e-07,9.983750484251338e-07,True,222,0.5686180591583252,t8_rho0.75_n800,t8,800,0.75,0.375
True,5,5,0.38582584019175103,0.7443078947983529,0.7051999135371693,0.11077879791720192,-4.917909353647475,0.4212872704178475,194.63941139303466,2.1145260714107614e-36,equivalent,True,1.0,1.0,6.571352184982581e-07,9.875451676919703e-07,True,223,0.5629689693450928,t8_rho0.75_n800,t8,800,0.75,0.375
True,5,5,0.38160521150763504,0.7281126872489345,0.6859176063378541,0.10799634643869509,-5.223161822259898,0.4155853193930338,205.46978117610362,1.1655672000296448e-38,equivalent,True,1.0,1.0,7.798468100922346e-07,9.717669164028165e-07,True,224,0.5848813056945801,t8_rho0.75_n800,t8,800,0.75,0.375
True,5,5,0.43276490945789814,0.936427334290514,0.8899239520341634,0.1398604175957392,-2.5745386304123703,0.4732808610504892,196.2791473374953,9.628758357670204e-37,equivalent,True,1.0,1.0,9.028915180480129e-07,9.50586370049935e-07,True,225,0.6152088642120361,t8_rho0.75_n800,t8,800,0.75,0.375
True,5,5,0.35497818289076066,0.6300475516421317,0.5916335154828924,0.10134655862872573,-6.496189840337605,0.38944416031631596,162.16133670305743,1.1594670264613126e-29,equivalent,True,1.0,1.0,9.210017712360896e-07,8.756332996965951e-07,True,226,0.5638141632080078,t8_rho0.75_n800,t8,800,0.75,0.375
True,5,5,0.3440298923960277,0.591782834310112,0.5538701752642757,0.09475086540536194,-7.3469495160550835,0.37675495481362314,168.61015370060846,5.38049464166771e-31,equivalent,True,1.0,1.0,9.110735965273335e-07,9.815800333987837e-07,True,227,0.5683977603912354,t8_rho0.75_n800,t8,800,0.75,0.375
True,5,5,0.37367049651340517,0.6981481998228736,0.6597905418271324,0.10119956876844495,-5.832134122264174,0.4065092912989404,200.37825613196495,1.3458495373754964e-37,equivalent,True,1.0,1.0,7.372746481139287e-07,8.412237697597303e-07,True,228,0.574033260345459,t8_rho0.75_n800,t8,800,0.75,0.375
True,5,5,0.3483802669568007,0.6068440520244585,0.5621993032987105,0.10480595698814651,-6.562610718578519,0.3832987768769379,155.61569754376802,2.6000028937125847e-28,equivalent,True,1.0,1.0,9.033101099527735e-07,8.474330037461661e-07,True,229,0.6021490097045898,t8_rho0.75_n800,t8,800,0.75,0.375
True,5,5,0.39174895439890517,0.7673362163631774,0.7291001620554276,0.10763005266815837,-4.8397248262118255,0.42570784454966903,220.96224607042257,6.721468370775607e-42,equivalent,True,1.0,1.0,9.472461061377471e-07,9.445434170757625e-07,True,230,0.5625801086425781,t8_rho0.75_n800,t8,800,0.75,0.375
True,5,5,0.3645068264669897,0.6643261327051806,0.6215975372422339,0.10857024060472943,-5.787980751056678,0.40004492029768784,169.41148815443853,3.6724122319015357e-31,equivalent,True,1.0,1.0,7.354507494417806e-07,9.772953400767249e-07,True,231,0.587986946105957,t8_rho0.75_n800,t8,800,0.75,0.375
True,5,5,0.37592284841232954,0.7065899397921964,0.6632896616582533,0.11524158333112348,-5.091133958615899,0.41300004793609457,161.42743797047814,1.6437751960027296e-29,equivalent,True,1.0,1.0,7.592134545855549e-07,6.961355831574626e-07,True,232,0.6039819717407227,t8_rho0.75_n800,t8,800,0.75,0.375
True,5,5,0.40521956560630085,0.8210144817507958,0.7824590534524805,0.11673355192488727,-4.005197638879016,0.44146770204015134,209.19842239701057,1.9400271750476785e-39,equivalent,True,1.0,1.0,9.001592622592763e-07,9.398841187365844e-07,True,233,0.5802128314971924,t8_rho0.75_n800,t8,800,0.75,0.375
True,5,5,0.43467835586474907,0.9447263652864072,0.9020778162916917,0.12823452370100835,-2.713170943883441,0.4718060698426187,229.18428499759528,1.2733978196076768e-43,equivalent,True,1.0,1.0,6.683636415824204e-07,7.422720925769424e-07,True,234,0.5990340709686279,t8_rho0.75_n800,t8,800,0.75,0.375
True,5,5,0.3792797821622014,0.7192657657850345,0.6839109464403083,0.09683282115302584,-5.84604524394777,0.4106547853177425,229.86051008682898,9.187480824581892e-44,equivalent,True,1.0,1.0,8.109151799165351e-07,8.881692843594208e-07,True,235,0.5477659702301025,t8_rho0.75_n800,t8,800,0.75,0.375
True,5,5,0.39956219474574567,0.798249737350186,0.75774054212223,0.11788746184348332,-4.175672715147031,0.43626784463390994,215.30939399189734,1.024154127398852e-40,equivalent,True,1.0,1.0,9.771210708482018e-07,9.639876411852664e-07,True,236,0.5878620147705078,t8_rho0.75_n800,t8,800,0.75,0.375
True,5,5,0.4340318169465748,0.9419180906097251,0.8972832091272281,0.130425594748633,-2.70435255865658,0.4715536494815452,224.72846444528824,1.0932816665572794e-42,equivalent,True,1.0,1.0,9.236836710523214e-07,7.797766631758179e-07,True,237,0.5958948135375977,t8_rho0.75_n800,t8,800,0.75,0.375
True,5,5,0.41014823687465357,0.8411078810569348,0.803467874448707,0.11136318148563391,-4.009692607505978,0.4442170657289535,236.75540899525816,3.287628061994707e-45,equivalent,True,1.0,1.0,9.76093435412221e-07,7.997462412808037e-07,True,238,0.5639679431915283,t8_rho0.75_n800,t8,800,0.75,0.375
True,5,5,0.3465911948440167,0.6006272817170157,0.5552713948884569,0.10245255363271887,-6.780978906607528,0.3804709842607382,158.06863514265,8.112210628715724e-29,equivalent,True,1.0,1.0,8.211387636995739e-07,7.22409194102413e-07,True,239,0.6283020973205566,t8_rho0.75_n800,t8,800,0.75,0.375
True,5,5,0.3951328740627692,0.7806499408255212,0.7394543623835559,0.11710596158300454,-4.359689555638635,0.43175838799750044,188.38995820607735,4.228407218966535e-35,equivalent,True,1.0,1.0,9.93998393267743e-07,9.456530005721888e-07,True,240,0.5798850059509277,t8_rho0.75_n800,t8,800,0.75,0.375
True,5,5,0.4098202004339034,0.8397629834184238,0.799433715519281,0.12271473487502971,-3.671655933898785,0.44750005413605526,202.70154938928738,4.408826981784083e-38,equivalent,True,1.0,1.0,8.471349206165291e-07,9.432198689223418e-07,True,241,0.5769641399383545,t8_rho0.75_n800,t8,800,0.75,0.375
True,5,5,0.3917391906123814,0.7672979673082184,0.7259881049349988,0.12016133405272005,-4.360902774557198,0.42979900210934474,209.04345393887385,2.0901815058370344e-39,equivalent,True,1.0,1.0,8.678401127270626e-07,9.479737717365259e-07,True,242,0.5859649181365967,t8_rho0.75_n800,t8,800,0.75,0.375
True,5,5,0.3557256557405143,0.6327037107600944,0.5913629532687966,0.10724023710626598,-6.141697039316967,0.39185646510633815,153.21311765757608,8.128616945155408e-28,equivalent,True,1.0,1.0,8.067044281990809e-07,9.190075612774785e-07,True,243,0.5869600772857666,t8_rho0.75_n800,t8,800,0.75,0.375
True,5,5,0.3669227607729274,0.6731615618661346,0.6373284936622876,0.10110105840143281,-6.059991023091303,0.4009052098096299,197.6006098308165,5.106861386368945e-37,equivalent,True,1.0,1.0,9.706098433376022e-07,9.095599517383465e-07,True,244,0.5696709156036377,t8_rho0.75_n800,t8,800,0.75,0.375
True,5,5,0.36779281118377233,0.67635775979231,0.6367155198257421,0.1032489005354394,-5.939864511813882,0.4016328792193716,190.51390256052616,1.5283891545953184e-35,equivalent,True,1.0,1.0,7.90872303447874e-07,9.921072005901995e-07,True,245,0.5725548267364502,t8_rho0.75_n800,t8,800,0.75,0.375
True,5,5,0.385703398162425,0.7438355567702108,0.7082562192981079,0.10627110659897773,-5.097752324591898,0.42025150432272884,213.84852266978157,2.0695449727115754e-40,equivalent,True,1.0,1.0,9.876850769131116e-07,9.982806445679791e-07,True,246,0.5423650741577148,t8_rho0.75_n800,t8,800,0.75,0.375
True,5,5,0.3950377391031655,0.7802740765787032,0.7429485102794916,0.10746156867548448,-4.718444891230995,0.42888391466065895,228.4229128582091,1.8389278385827535e-43,equivalent,True,1.0,1.0,8.140739215845725e-07,9.883282665692796e-07,True,247,0.5643441677093506,t8_rho0.75_n800,t8,800,0.75,0.375
True,5,5,0.35984612296506013,0.6474461610649258,0.6055208563540282,0.09831598709803549,-6.555181539329218,0.391723439257736,194.37215976209967,2.403721521089565e-36,equivalent,True,1.0,1.0,7.764548700110244e-07,8.789287972814685e-07,True,248,0.6016669273376465,t8_rho0.75_n800,t8,800,0.75,0.375
True,5,5,0.40093379623520203,0.8037395448178525,0.7619015062137839,0.11465708030073615,-4.257028807169811,0.43600358269218753,211.02977737279383,8.037641531464046e-40,equivalent,True,1.0,1.0,9.997845874286519e-07,9.932099601920018e-07,True,249,0.587183952331543,t8_rho0.75_n800,t8,800,0.75,0.375
True,5,5,0.30731625761424874,0.47221641097013645,0.4318754796905145,0.09360313385237175,-8.740353945839129,0.3422978042294786,112.0048398276168,2.102036705378614e-19,equivalent,True,1.0,1.0,9.338762688202293e-07,9.687845934590282e-07,True,250,0.5713510513305664,t8_rho0.75_n800,t8,800,0.75,0.375
True,5,5,0.352612103378953,0.6216764772466472,0.5827706914825361,0.10089510004591216,-6.613099230922435,0.3869698599980847,166.37416820886457,1.5611780450722972e-30,equivalent,True,1.0,1.0,8.930909472448591e-07,9.038180432182974e-07,True,251,0.5778820514678955,t8_rho0.75_n800,t8,800,0.75,0.375
True,5,5,0.35593197413116456,0.63343785104454,0.5958712582981124,0.09840500897640683,-6.647311437761453,0.3892898904988793,181.8469351749171,9.688284797491315e-34,equivalent,True,1.0,1.0,9.802602365494854e-07,7.78230646111317e-07,True,252,0.5646340847015381,t8_rho0.75_n800,t8,800,0.75,0.375
True,5,5,0.404161881580177,0.8167341326121451,0.7749150033181378,0.12510848285334805,-3.79738436472574,0.4428769908455086,198.67356041467838,3.051238357614531e-37,equivalent,True,1.0,1.0,8.911140810379599e-07,9.923113206832972e-07,True,253,0.5923349857330322,t8_rho0.75_n800,t8,800,0.75,0.375
True,5,5,0.3844311548597678,0.7389365641340739,0.698646622790833,0.10796524015846815,-5.106767478124506,0.4186248056793042,210.75975220247892,9.1529501590616e-40,equivalent,True,1.0,1.0,7.815213708807099e-07,9.301091872455098e-07,True,254,0.5693049430847168,t8_rho0.75_n800,t8,800,0.75,0.375
True,5,5,0.4292710431742633,0.9213681425396012,0.882735060050132,0.12137122432464706,-3.025963872354931,0.4652683007874206,255.86528110649672,3.1692666192306608e-49,equivalent,True,1.0,1.0,8.298756496167437e-07,9.826231879328493e-07,True,255,0.5710477828979492,t8_rho0.75_n800,t8,800,0.75,0.375
True,5,5,0.3608208455438694,0.6509584128949643,0.6116744162038442,0.10318186699312085,-6.186412423015306,0.3953210048462144,185.39518752517745,1.773985368375173e-34,equivalent,True,1.0,1.0,8.253555279085769e-07,8.551224694826574e-07,True,256,0.5892221927642822,t8_rho0.75_n800,t8,800,0.75,0.375
True,5,5,0.38312276353056657,0.7339152596764921,0.690827632590834,0.11715744847545556,-4.7728281443950396,0.42036519519105464,167.52228626421982,9.03528880744531e-31,equivalent,True,1.0,1.0,9.150333347251861e-07,9.07084168173989e-07,True,257,0.5997018814086914,t8_rho0.75_n800,t8,800,0.75,0.375
True,5,5,0.4027244853676277,0.8109350555731029,0.7691036170944824,0.11743508381146527,-4.094997570551973,0.4386951425838041,223.19143029725183,2.2944619827036156e-42,equivalent,True,1.0,1.0,8.574770870637959e-07,9.11584069988504e-07,True,258,0.58024001121521,t8_rho0.75_n800,t8,800,0.75,0.375
True,5,5,0.3900871533304585,0.7608399359673034,0.719819136447786,0.11407557385403151,-4.64762828395342,0.4260180178931779,195.68056112983163,1.2832195319950613e-36,equivalent,True,1.0,1.0,9.149610326201811e-07,8.846582045308778e-07,True,259,0.5832078456878662,t8_rho0.75_n800,t8,800,0.75,0.375
True,5,5,0.4036741106252086,0.8147639379452658,0.7747051225821665,0.1128387191923179,-4.212161222849042,0.43824839967904256,226.56072910507785,4.5168931809649855e-43,equivalent,True,1.0,1.0,8.519947601964993e-07,9.824425861780122e-07,True,260,0.5772669315338135,t8_rho0.75_n800,t8,800,0.75,0.375
True,5,5,0.3653572485261208,0.667429595252888,0.6253465406836686,0.10675672786373362,-5.8511858860422485,0.40023636309356053,177.87547139334185,6.46718921637157e-33,equivalent,True,1.0,1.0,7.885929946224996e-07,8.355912757864429e-07,True,261,0.5834267139434814,t8_rho0.75_n800,t8,800,0.75,0.375
True,5,5,0.4291878678593208,0.921011129588149,0.8813401864906715,0.12614302856409473,-2.9225540063992375,0.4666534055461217,232.37370812513456,2.7301508064144884e-44,equivalent,True,1.0,1.0,8.818081664902743e-07,9.487655398755715e-07,True,262,0.5909578800201416,t8_rho0.75_n800,t8,800,0.75,0.375
True,5,5,0.4002763976434407,0.8011059725520493,0.7636700943507955,0.11203115410602842,-4.3410237940504715,0.4354181770467686,222.9455391299515,2.583318865019925e-42,equivalent,True,1.0,1.0,8.176641653378916e-07,9.600686325898103e-07,True,263,0.5830502510070801,t8_rho0.75_n800,t8,800,0.75,0.375
True,5,5,0.3885602758530717,0.7548954398550759,0.7105672160370049,0.11763400992795647,-4.585687287999144,0.42521945955467505,179.3155317518786,3.249806312415304e-33,equivalent,True,1.0,0.9970149253731343,9.852487363176305e-07,8.185422382365586e-07,True,264,0.6245758533477783,t8_rho0.75_n800,t8,800,0.75,0.375
True,5,5,0.3747281036400236,0.7021057582882414,0.6623733195365404,0.10962405485122137,-5.3603808147853105,0.41053351720893605,172.66411121812337,7.785650902411481e-32,equivalent,True,1.0,1.0,8.448111316898098e-07,8.818045594733287e-07,True,265,0.5824589729309082,t8_rho0.75_n800,t8,800,0.75,0.375
True,5,5,0.4066408265777639,0.8267838091992353,0.7851692957503338,0.12408482828290814,-3.746072027354319,0.44480797555824597,192.73514755364926,5.270104184604046e-36,equivalent,True,1.0,1.0,9.163345856039723e-07,9.68445716169658e-07,True,266,0.5962800979614258,t8_rho0.75_n800,t8,800,0.75,0.375
True,5,5,0.3823732482684137,0.7310465049566898,0.6880074683847042,0.11438591691231006,-4.9131269546593535,0.4186061534879981,181.59118016653667,1.0948785473641579e-33,equivalent,True,1.0,1.0,9.113749408589882e-07,9.44135957121945e-07,True,267,0.6224880218505859,t8_rho0.75_n800,t8,800,0.75,0.375
True,5,5,0.38709413308425833,0.7492093393412675,0.7147183599486975,0.10496491836009027,-5.099624221256263,0.42127669924076194,211.8179172381444,5.500467971097342e-40,equivalent,True,1.0,1.0,9.745646986550316e-07,8.785766224567683e-07,True,268,0.5614712238311768,t8_rho0.75_n800,t8,800,0.75,0.375
True,5,5,0.36825572039750337,0.6780613780274208,0.6415907138792678,0.10323535267342579,-5.89341994157148,0.4028393620672554,181.94097861826447,9.262190181120684e-34,equivalent,True,1.0,1.0,7.956087888205009e-07,9.933574731129767e-07,True,269,0.5687260627746582,t8_rho0.75_n800,t8,800,0.75,0.375
True,5,5,0.4080078053876653,0.8323518462862949,0.7928907565891421,0.11498200421953493,-3.9754850901546304,0.44317475633519415,218.6584398646889,2.04028412242374e-41,equivalent,True,1.0,1.0,6.357581247178396e-07,9.769823648243084e-07,True,270,0.5797619819641113,t8_rho0.75_n800,t8,800,0.75,0.375
True,5,5,0.37879761050035077,0.7174381486038772,0.6761199013561473,0.10962253192152092,-5.235056047188319,0.4138678341168505,180.0177140023927,2.3232322944291175e-33,equivalent,True,1.0,1.0,9.75415078728895e-07,9.476808343511268e-07,True,271,0.5977323055267334,t8_rho0.75_n800,t8,800,0.75,0.375
True,5,5,0.36185437105741663,0.6546929292667927,0.6147955399114552,0.10199713927494518,-6.227669369983771,0.39561746786170177,176.88551474944728,1.0377637466044928e-32,equivalent,True,1.0,1.0,9.729101938972733e-07,9.216806718734392e-07,True,272,0.5921599864959717,t8_rho0.75_n800,t8,800,0.75,0.375
True,5,5,0.39170822801573096,0.7671766794761193,0.7284636366553411,0.11389843362057214,-4.578959927421336,0.4279742721940726,194.3774594176607,2.3976192309597724e-36,equivalent,True,1.0,1.0,9.177054477489217e-07,9.86898279051017e-07,True,273,0.5721261501312256,t8_rho0.75_n800,t8,800,0.75,0.375
True,5,5,0.33063115826180545,0.5465848140677152,0.5109280446318109,0.09150047556909514,-8.077247148405153,0.36371223068228586,152.1365104338297,1.3542959068172649e-27,equivalent,True,1.0,1.0,7.37057448525807e-07,7.301431153398107e-07,True,274,0.5604281425476074,t8_rho0.75_n800,t8,800,0.75,0.375
True,5,5,0.38242782618869836,0.7312552112170665,0.686160099578097,0.1183348341196154,-4.764783798589361,0.4197150415876103,179.20151146221048,3.431818482607811e-33,equivalent,True,1.0,1.0,9.558202825366372e-07,9.252524937499307e-07,True,275,0.6149568557739258,t8_rho0.75_n800,t8,800,0.75,0.375
True,5,5,0.3453053994953113,0.5961790946030827,0.5599061544277575,0.09447566798820464,-7.30446114081354,0.3782340015326012,171.91874971158944,1.1110203851986732e-31,equivalent,True,1.0,1.0,8.962064649858508e-07,9.193914434776777e-07,True,276,0.5673398971557617,t8_rho0.75_n800,t8,800,0.75,0.375
True,5,5,0.42702199762560505,0.9117389322808112,0.8738915032810403,0.11682744981032799,-3.219350395216025,0.4617478874513774,272.62193912135467,9.36800957965055e-53,equivalent,True,1.0,1.0,9.812083298432961e-07,8.00332307727443e-07,True,277,0.5664730072021484,t8_rho0.75_n800,t8,800,0.75,0.375
True,5,5,0.38856546619493276,0.7549156075964271,0.7136088399787378,0.11589958711935398,-4.628067910793193,0.4252638466209384,184.8040029053908,2.3541657776186554e-34,equivalent,True,1.0,1.0,9.266083154061249e-07,7.567096656869937e-07,True,278,0.5880482196807861,t8_rho0.75_n800,t8,800,0.75,0.375
True,5,5,0.3744682926735408,0.7011325110891831,0.6618336164668817,0.11051822970753714,-5.321894723518237,0.4107602530541581,185.12526305377705,2.018646269792299e-34,equivalent,True,1.0,1.0,8.322136250710259e-07,7.157586226902528e-07,True,279,0.5822930335998535,t8_rho0.75_n800,t8,800,0.75,0.375
True,5,5,0.35557038596349877,0.6321514968711573,0.5928380933741143,0.09853429054370907,-6.669372692487937,0.38856468664921784,181.9766207960742,9.105641579547265e-34,equivalent,True,1.0,1.0,9.700992025767476e-07,9.911050991960145e-07,True,280,0.5875089168548584,t8_rho0.75_n800,t8,800,0.75,0.375
True,5,5,0.42171961444358175,0.8892371660322163,0.8478959030449121,0.12983466228325113,-3.097047351483425,0.46075045701671036,216.38063457362952,6.113482529252946e-41,equivalent,True,1.0,1.0,7.640756554615473e-07,9.02503992960129e-07,True,281,0.5758938789367676,t8_rho0.75_n800,t8,800,0.75,0.375
True,5,5,0.4061275600178182,0.8246979750301325,0.7803157712547237,0.12243257359350639,-3.8362685269093086,0.44310256916136376,195.29076796957696,1.547090571556436e-36,equivalent,True,1.0,1.0,9.632698293961322e-07,7.528883873812592e-07,True,282,0.6114778518676758,t8_rho0.75_n800,t8,800,0.75,0.375
True,5,5,0.4107796325413697,0.8436995325541136,0.8005813726757498,0.12050498746264562,-3.7294608031353214,0.44694394242889657,213.32091414767586,2.6680456654752737e-40,equivalent,True,1.0,1.0,9.737205812240126e-07,9.873391416109482e-07,True,283,0.6059846878051758,t8_rho0.75_n800,t8,800,0.75,0.375
True,5,5,0.36930160898050457,0.6819183919779475,0.6463889829924033,0.10121107945212816,-5.9638828108053,0.4032037683645603,199.20996555700464,2.3584852026500123e-37,equivalent,True,1.0,1.0,8.415662961548434e-07,9.121322584663136e-07,True,284,0.5740761756896973,t8_rho0.75_n800,t8,800,0.75,0.375
True,5,5,0.41936494630326726,0.8793347909397111,0.8391967444562461,0.12229288944691193,-3.359175315929435,0.4561470480477484,222.1389025889196,3.811516907365705e-42,equivalent,True,1.0,1.0,9.998600507524163e-07,8.611983626614023e-07,True,285,0.5717482566833496,t8_rho0.75_n800,t8,800,0.75,0.375
True,5,5,0.42105338020104666,0.8864297448936358,0.8447847194698033,0.12532504608517367,-3.2333144346486296,0.4584596113227122,227.49659133214283,2.8755225278165367e-43,equivalent,True,1.0,1.0,9.503856840281588e-07,8.86541692504782e-07,True,286,0.5788929462432861,t8_rho0.75_n800,t8,800,0.75,0.375
True,5,5,0.35894337614338406,0.6442017363860544,0.606130262657957,0.10196894755088746,-6.314370725663523,0.39340926676260657,172.37389063322615,8.941858788783811e-32,equivalent,True,1.0,1.0,8.668664036088765e-07,8.99883423775712e-07,True,287,0.5706291198730469,t8_rho0.75_n800,t8,800,0.75,0.375
True,5,5,0.37709861031444813,0.7110168095054401,0.6726865595977446,0.10477324585963087,-5.510122700366719,0.41110174240872216,204.35012454228774,1.9965026790178095e-38,equivalent,True,1.0,1.0,9.241730586709247e-07,7.017392561505399e-07,True,288,0.5809919834136963,t8_rho0.75_n800,t8,800,0.75,0.375
True,5,5,0.3765072337217232,0.7087884852239215,0.6738858756273651,0.10154286153711112,-5.6736053687248225,0.4100997487728354,211.98575915756484,5.073597074656456e-40,equivalent,True,1.0,1.0,8.062902166046654e-07,9.288207668160746e-07,True,289,0.5408511161804199,t8_rho0.75_n800,t8,800,0.75,0.375
True,5,5,0.44713931268408186,0.9996678247379656,0.9583843867519981,0.12723376943533615,-2.2919670975888935,0.4832525869311861,264.77251561088224,4.224348862062772e-51,equivalent,True,1.0,1.0,7.933585172723132e-07,9.512543177837516e-07,True,290,0.5895628929138184,t8_rho0.75_n800,t8,800,0.75,0.375
True,5,5,0.39202297504680417,0.7684100648227363,0.7263668546780782,0.12007317847457859,-4.3609501470204135,0.4298533837930278,179.9398321828272,2.411355655140645e-33,equivalent,True,1.0,1.0,8.644272034682134e-07,8.793223309581213e-07,True,291,0.5953042507171631,t8_rho0.75_n800,t8,800,0.75,0.375
True,5,5,0.37027242698871954,0.6855083509405833,0.6447709588904429,0.10245884758873176,-5.90704517328691,0.4033114840814817,196.6649342874212,8.001536086596597e-37,equivalent,True,1.0,1.0,9.325377328610185e-07,8.847207866719327e-07,True,292,0.5857548713684082,t8_rho0.75_n800,t8,800,0.75,0.375
True,5,5,0.40312135227809853,0.8125341233126142,0.7741761210533546,0.11471823527163542,-4.1477614942381775,0.43883273041499,213.71188602777397,2.2102704049351615e-40,equivalent,True,1.0,0.9970149253731343,9.285575500120634e-07,8.727845213862108e-07,True,293,0.5620760917663574,t8_rho0.75_n800,t8,800,0.75,0.375
True,5,5,0.3779222124407792,0.7141259932806673,0.6742508012866704,0.10643734610412582,-5.409278038087159,0.41214673505176064,198.89254838864056,2.7467403871906275e-37,equivalent,True,1.0,1.0,9.395356147245943e-07,8.98528443326347e-07,True,294,0.5785589218139648,t8_rho0.75_n800,t8,800,0.75,0.375
True,5,5,0.3419658832514118,0.584703326539591,0.5363196890767201,0.114044904126415,-6.257888648248491,0.3805014752308818,125.57507060167168,3.7248216312703936e-22,equivalent,True,1.0,1.0,8.240017301141099e-07,8.403139931621786e-07,True,295,0.6176769733428955,t8_rho0.75_n800,t8,800,0.75,0.375
True,5,5,0.4377031989761014,0.9579204519695629,0.9138710900665957,0.1382518909192604,-2.431278933679864,0.4777604450512915,217.31388977610368,3.8997884587250563e-41,equivalent,True,1.0,1.0,8.819635087767066e-07,9.465683456654842e-07,True,296,0.6115210056304932,t8_rho0.75_n800,t8,800,0.75,0.375
True,5,5,0.4106239631761567,0.8430601956724684,0.8024690323764254,0.11936756777838453,-3.749183936246835,0.4469476947422544,211.39131121283012,6.75409926979023e-40,equivalent,True,1.0,1.0,9.585155595970498e-07,8.341047459483481e-07,True,297,0.5842523574829102,t8_rho0.75_n800,t8,800,0.75,0.375
True,5,5,0.3771553386305564,0.7112307472876482,0.6675897529429438,0.10892123884229372,-5.34707696356928,0.4115213840627819,200.85566997262433,1.0700877651156785e-37,equivalent,True,1.0,1.0,9.362584974549498e-07,8.856725424550161e-07,True,298,0.6084609031677246,t8_rho0.75_n800,t8,800,0.75,0.375
True,5,5,0.392900439705142,0.7718537776024696,0.7314885644764224,0.11228652039537829,-4.617753170174107,0.42806155043557015,207.09215032325903,5.342838414081167e-39,equivalent,True,1.0,1.0,9.528385809300285e-07,8.05684980670467e-07,True,299,0.5880939960479736,t8_rho0.75_n800,t8,800,0.75,0.375
True,5,5,0.40023982190972796,0.8009595752116537,0.760384261774872,0.11496541713059902,-4.258808870052912,0.43577185432657917,205.27644901553816,1.2790860641461098e-38,equivalent,True,1.0,1.0,9.568490779584778e-07,8.320115296893121e-07,True,300,0.59726881980896,t8_rho0.75_n800,t8,800,0.75,0.375
True,5,5,0.39387907657099935,0.7757036348021158,0.7313788121121818,0.11794615055695128,-4.397101435179079,0.4302052918411738,187.01248507141875,8.178645874249357e-35,equivalent,True,1.0,1.0,8.007655674574745e-07,9.770426643421358e-07,True,301,0.601032018661499,t8_rho0.75_n800,t8,800,0.75,0.375
True,5,5,0.37701667449059356,0.7107078642197309,0.6725981386414986,0.10570721745238756,-5.462274717604534,0.4114537735063336,195.7967930592938,1.2136188748121411e-36,equivalent,True,1.0,1.0,9.213138847944881e-07,9.484869492500895e-07,True,302,0.5626890659332275,t8_rho0.75_n800,t8,800,0.75,0.375
True,5,5,0.41794345874427136,0.8733836735356224,0.8315906902326105,0.11903051912786318,-3.5151431148337022,0.45329426895516617,237.6305085888923,2.1538300020721433e-45,equivalent,True,1.0,1.0,8.693418536936672e-07,8.308876272634112e-07,True,303,0.5964078903198242,t8_rho0.75_n800,t8,800,0.75,0.375
True,5,5,0.4461939809458014,0.9954453431613112,0.9517444263390745,0.1287599709586348,-2.316368755292299,0.48239729094938977,251.66625593026367,2.4224238042702888e-48,equivalent,True,0.9970149253731343,1.0,9.309077054192475e-07,9.88522651510661e-07,True,304,0.6038060188293457,t8_rho0.75_n800,t8,800,0.75,0.375
True,5,5,0.42044828106003257,0.8838837852316809,0.8438081187257958,0.12315405060387372,-3.2982421551096572,0.4574666120134545,233.62070735766025,1.4949284749877287e-44,equivalent,True,1.0,1.0,8.465195790036954e-07,9.110073485005138e-07,True,305,0.5801708698272705,t8_rho0.75_n800,t8,800,0.75,0.375
True,5,5,0.3908523203298245,0.7638276815360385,0.7252037669176515,0.11351916244714297,-4.622974850846924,0.4270658434005998,200.3536506358471,1.3618471501500501e-37,equivalent,True,1.0,1.0,6.147627123836545e-07,8.320304663988866e-07,True,306,0.577113151550293,t8_rho0.75_n800,t8,800,0.75,0.375
True,5,5,0.39140464719838264,0.7659879892424519,0.7308141164271742,0.10819718874308451,-4.798515466105489,0.42632913453274335,219.0921993990812,1.6554330322020574e-41,equivalent,True,1.0,1.0,6.762182324746535e-07,9.098520791167546e-07,True,307,0.5519030094146729,t8_rho0.75_n800,t8,800,0.75,0.375
True,5,5,0.4030139284112362,0.812101132467285,0.7689860540147733,0.12130691223778908,-3.9652641148950374,0.44011774983142515,203.93404749670947,2.4384540089699917e-38,equivalent,True,1.0,1.0,9.983800268484731e-07,8.229760444357462e-07,True,308,0.5988450050354004,t8_rho0.75_n800,t8,800,0.75,0.375
True,5,5,0.3304118051909685,0.5458598050477727,0.5055385720110397,0.09181412886565761,-8.108353661757832,0.36236980417278325,149.62495910405883,4.452108440661491e-27,equivalent,True,1.0,1.0,9.811207303964326e-07,9.369696476044665e-07,True,309,0.5671560764312744,t8_rho0.75_n800,t8,800,0.75,0.375
True,5,5,0.41590881428021,0.864900708979851,0.8266481536101098,0.11821103573409021,-3.5813225369431576,0.45190441566398043,226.3041138160308,5.112249911525817e-43,equivalent,True,1.0,1.0,9.62694495449756e-07,9.578358499814781e-07,True,310,0.5678980350494385,t8_rho0.75_n800,t8,800,0.75,0.375
True,5,5,0.3573154278919341,0.6383715750479797,0.602787179300404,0.09594322641985657,-6.745789617990663,0.39002557435597257,190.6244394660227,1.4495326230031513e-35,equivalent,True,1.0,1.0,9.597984810410923e-07,9.320354306112715e-07,True,311,0.5564379692077637,t8_rho0.75_n800,t8,800,0.75,0.375
True,5,5,0.41145514289800383,0.8464766730860839,0.807034819706052,0.12317802664922275,-3.596137982916315,0.44936502836797415,207.12564482159763,5.2574721472127224e-39,equivalent,True,1.0,1.0,9.834299264259347e-07,7.983904716624474e-07,True,312,0.5715160369873047,t8_rho0.75_n800,t8,800,0.75,0.375
True,5,5,0.4036559713199562,0.8146907159112865,0.7743359037719794,0.10924427811682111,-4.354132815261647,0.4368127175017064,239.1080512194153,1.0544919669900693e-45,equivalent,True,1.0,1.0,8.572812487942177e-07,9.351900337948518e-07,True,313,0.5748000144958496,t8_rho0.75_n800,t8,800,0.75,0.375
True,5,5,0.41511279560829106,0.861593165388654,0.825292431355402,0.11100957276980897,-3.8258643650964923,0.44897370296090966,257.45106421178303,1.469801699715028e-49,equivalent,True,1.0,1.0,6.67222388594431e-07,9.916964314860718e-07,True,314,0.5554349422454834,t8_rho0.75_n800,t8,800,0.75,0.375
True,5,5,0.3756193839197209,0.7054496078811534,0.6673777051793482,0.10865511124555356,-5.362125059206491,0.4113634546233811,194.94233239429033,1.828553978325099e-36,equivalent,True,1.0,1.0,9.681478964287996e-07,9.61603676910886e-07,True,315,0.5641379356384277,t8_rho0.75_n800,t8,800,0.75,0.375
True,5,5,0.39433760331551215,0.7775107269431112,0.7370159527649467,0.1125297485105861,-4.558652747604737,0.4294440400663447,209.44849481866248,1.7201266605093037e-39,equivalent,True,1.0,1.0,8.354769688879924e-07,9.54076434564139e-07,True,316,0.580765962600708,t8_rho0.75_n800,t8,800,0.75,0.375
True,5,5,0.39388506620965685,0.7757272269149289,0.7390770909103167,0.10727493620544665,-4.762742604770175,0.4279085553734193,228.64682702157418,1.650552129982134e-43,equivalent,True,1.0,1.0,9.073464009111873e-07,8.632031589680894e-07,True,317,0.5549812316894531,t8_rho0.75_n800,t8,800,0.75,0.375
True,5,5,0.374856922288138,0.7025885609366755,0.6660363407527249,0.09869576186156472,-5.916805830693822,0.4070322892880756,214.38872541157775,1.5955572455211828e-40,equivalent,True,1.0,1.0,9.869930895021265e-07,8.178413277636157e-07,True,318,0.5587151050567627,t8_rho0.75_n800,t8,800,0.75,0.375
True,5,5,0.4094911460636129,0.8384149935224559,0.7977880881510756,0.11680131174786616,-3.871633846245617,0.44495149160604974,229.3867049590176,1.154859599881712e-43,equivalent,True,1.0,1.0,8.02921753722929e-07,9.969806404628995e-07,True,319,0.5858039855957031,t8_rho0.75_n800,t8,800,0.75,0.375
True,5,5,0.37215532054273176,0.6924979130413171,0.6533027081164965,0.10167548094597043,-5.868644891884838,0.4051034415362356,198.98887230223744,2.622609505335641e-37,equivalent,True,1.0,1.0,9.786150258319583e-07,8.7454856117407e-07,True,320,0.565911054611206,t8_rho0.75_n800,t8,800,0.75,0.375
True,5,5,0.3635661093232398,0.6609015792421897,0.6192505293915957,0.10561732805531482,-5.9720263920903465,0.39824002172365947,178.80176500481593,4.1542534030533655e-33,equivalent,True,1.0,1.0,9.642407737085414e-07,8.920912595983354e-07,True,321,0.611940860748291,t8_rho0.75_n800,t8,800,0.75,0.375
True,5,5,0.41603924736922904,0.8654432767577729,0.8279421742798307,0.12169555674965618,-3.46814491007587,0.45345640411915705,220.74761296956552,7.454155844985352e-42,equivalent,True,1.0,1.0,9.45687553166055e-07,9.87073941327084e-07,True,322,0.5678598880767822,t8_rho0.75_n800,t8,800,0.75,0.375
True,5,5,0.3799250900818458,0.7217153703684931,0.6817839338202816,0.11136515120199156,-5.102278944955601,0.41592386483366794,181.83578704805467,9.740076720145104e-34,equivalent,True,1.0,1.0,8.384694983283795e-07,8.357286244759623e-07,True,323,0.5760612487792969,t8_rho0.75_n800,t8,800,0.75,0.375
True,5,5,0.37946719728310435,0.7199767690694723,0.6818305661770483,0.10264044182762541,-5.535531840140914,0.4124703793459888,221.43261630578976,5.357776882725229e-42,equivalent,True,1.0,1.0,7.913959598678079e-07,7.180159683805488e-07,True,324,0.5510618686676025,t8_rho0.75_n800,t8,800,0.75,0.375
True,5,5,0.36960757186459353,0.6830487858982035,0.6442032878919202,0.10241338634820449,-5.915210244570735,0.40315215933320925,195.36558371275152,1.4925474277416221e-36,equivalent,True,1.0,1.0,8.380853170605146e-07,9.406170258673828e-07,True,325,0.5801751613616943,t8_rho0.75_n800,t8,800,0.75,0.375
True,5,5,0.3952225250343018,0.7810042214724465,0.7397648608664418,0.11595484387415844,-4.400291717759526,0.43139161011207505,200.14347274214288,1.5064793060539949e-37,equivalent,True,1.0,1.0,9.789290640963335e-07,9.59906138819844e-07,True,326,0.5724620819091797,t8_rho0.75_n800,t8,800,0.75,0.375
True,5,5,0.43548968285928835,0.9482563193844178,0.9117798389737255,0.11625850679406885,-2.9092078537132,0.46968245986792223,282.77219159095563,6.769983131139177e-55,equivalent,True,1.0,0.9970149253731343,9.319439361818444e-07,8.039292858250549e-07,True,327,0.5637061595916748,t8_rho0.75_n800,t8,800,0.75,0.375
True,5,5,0.41654029931928105,0.8675291047849811,0.828789405261629,0.11586522955493984,-3.635349417217919,0.45152425147108916,243.85303634721828,1.06299527836407e-46,equivalent,True,1.0,1.0,9.84917786773616e-07,8.116224809849617e-07,True,328,0.5594418048858643,t8_rho0.75_n800,t8,800,0.75,0.375
True,5,5,0.3626521542999687,0.6575829250920416,0.6177570910536753,0.10453615997659994,-6.048078570016826,0.39741760729458503,172.30264412223113,9.251009940031336e-32,equivalent,True,1.0,1.0,9.614414789600713e-07,9.003821302565983e-07,True,329,0.5880510807037354,t8_rho0.75_n800,t8,800,0.75,0.375
True,5,5,0.3740878751317599,0.699708691602976,0.6609680778136934,0.10503009848443766,-5.608220221497589,0.4083447602810378,185.32458597398767,1.8349599302729308e-34,equivalent,True,1.0,1.0,7.031242274710869e-07,8.54258239971039e-07,True,330,0.5602056980133057,t8_rho0.75_n800,t8,800,0.75,0.375
True,5,5,0.37514540800135443,0.7036703857225135,0.6691958360481737,0.1030112647988771,-5.6382587388457885,0.40954469562416873,200.07251615496006,1.5586962381881432e-37,equivalent,True,1.0,1.0,8.367522259867014e-07,9.505126513676191e-07,True,331,0.5487558841705322,t8_rho0.75_n800,t8,800,0.75,0.375
True,5,5,0.41404372970314685,0.8571610505324627,0.8203348830541413,0.11518772796379341,-3.730129281488337,0.4494000078272554,236.9310145877018,3.02014203290372e-45,equivalent,True,1.0,1.0,8.899765652250838e-07,6.996122539774844e-07,True,332,0.5547041893005371,t8_rho0.75_n800,t8,800,0.75,0.375
True,5,5,0.3452698392466757,0.5960563094671263,0.5558031322248489,0.09816910436543234,-7.071439352151145,0.37875505002439447,161.37916316267007,1.6819465089000698e-29,equivalent,True,1.0,1.0,8.569168996441586e-07,7.99955346509865e-07,True,333,0.5886929035186768,t8_rho0.75_n800,t8,800,0.75,0.375
True,5,5,0.425906409362155,0.9069813476788179,0.8651630310938709,0.12410548815505366,-3.100885985197732,0.4624496498885676,242.2896996133463,2.264259301457673e-46,equivalent,True,1.0,1.0,9.468874497776131e-07,8.732492023274471e-07,True,334,0.5996899604797363,t8_rho0.75_n800,t8,800,0.75,0.375
True,5,5,0.39095712120353426,0.7642373530987749,0.7260124022924452,0.11374401941199151,-4.606726581462033,0.42734170523511933,198.36079049518034,3.5455564664467282e-37,equivalent,True,1.0,1.0,9.2625322828344e-07,9.000218881231596e-07,True,335,0.5693051815032959,t8_rho0.75_n800,t8,800,0.75,0.375
True,5,5,0.3676592893411148,0.675866765194068,0.635354920551751,0.105313875013253,-5.836316243903287,0.40213948571002434,180.92912237819922,1.5026450599634416e-33,equivalent,True,1.0,1.0,8.41351644568502e-07,8.869290717061953e-07,True,336,0.5710091590881348,t8_rho0.75_n800,t8,800,0.75,0.375
True,5,5,0.38674101061824456,0.7478430464701058,0.7116444281324443,0.10213029436071015,-5.271262314844192,0.4194362438400573,227.40291631409738,3.008492902648548e-43,equivalent,True,1.0,1.0,8.582827046537891e-07,9.487371771864634e-07,True,337,0.5611398220062256,t8_rho0.75_n800,t8,800,0.75,0.375
True,5,5,0.4118529261930402,0.8481141640688492,0.8009879053027301,0.1267723531422201,-3.5418771014965995,0.44933503539472275,224.47616445782222,1.23476579382112e-42,equivalent,True,1.0,1.0,9.928644595186334e-07,9.531460056804909e-07,True,338,0.6229188442230225,t8_rho0.75_n800,t8,800,0.75,0.375
True,5,5,0.3864928429819234,0.7468835883812484,0.7023243132252831,0.11413926810113245,-4.798310834527623,0.4219162718689615,182.51926797671487,7.02410035109044e-34,equivalent,True,1.0,1.0,9.507025514969519e-07,9.119370680362057e-07,True,339,0.6182820796966553,t8_rho0.75_n800,t8,800,0.75,0.375
True,5,5,0.3712471774486635,0.6891223338179971,0.6490415102589213,0.10883751517082454,-5.521611631778361,0.4069553518104997,175.44315662753834,2.066542468063657e-32,equivalent,True,1.0,1.0,8.735253112628494e-07,9.70399350971206e-07,True,340,0.5762138366699219,t8_rho0.75_n800,t8,800,0.75,0.375
True,5,5,0.38198056133459796,0.7295457461874728,0.6882098145274478,0.11244360819702616,-4.996194932558293,0.41789067740207764,186.97952839476852,8.308737424556637e-35,equivalent,True,1.0,1.0,8.914630404819556e-07,9.755823574897247e-07,True,341,0.5934579372406006,t8_rho0.75_n800,t8,800,0.75,0.375
True,5,5,0.36641329031149455,0.6712934965844779,0.6337682476466552,0.10383640331809837,-5.934640768185559,0.4011393603858951,175.35892488797055,2.151347255896189e-32,equivalent,True,1.0,1.0,9.479487868068569e-07,9.560132428960815e-07,True,342,0.5673248767852783,t8_rho0.75_n800,t8,800,0.75,0.375
True,5,5,0.34357526360605317,0.5902198088098447,0.5500065199639778,0.10285427578384862,-6.805681870796308,0.3792589480907492,150.4671449209538,2.9874769868205578e-27,equivalent,True,1.0,0.9970149253731343,9.992831587129466e-07,8.906335906442259e-07,True,343,0.5758657455444336,t8_rho0.75_n800,t8,800,0.75,0.375
True,5,5,0.36132548225621147,0.652780520638419,0.6111636334227765,0.1086490785998883,-5.87981393684714,0.39746080672759126,156.37337513469407,1.8145667310857393e-28,equivalent,True,1.0,0.9970149253731343,8.789249949500421e-07,9.697888236915292e-07,True,344,0.569774866104126,t8_rho0.75_n800,t8,800,0.75,0.375
True,5,5,0.38812646401664636,0.7532107603503255,0.7099209823324117,0.1161737247706388,-4.648891293912316,0.42450200350006806,177.83097788885004,6.606137602684011e-33,equivalent,True,0.9970149253731343,1.0,9.93440869433702e-07,7.48450972327176e-07,True,345,0.6003861427307129,t8_rho0.75_n800,t8,800,0.75,0.375
True,5,5,0.3934566106979203,0.774040522509474,0.7317019603584529,0.12517750235248323,-4.140504722502679,0.4330359405674456,184.20912901884282,3.129488637632657e-34,equivalent,True,1.0,1.0,7.656930706921159e-07,7.830140271034142e-07,True,346,0.5837280750274658,t8_rho0.75_n800,t8,800,0.75,0.375
True,5,5,0.405595583279667,0.8225388858798665,0.7821949992222603,0.1123246286624239,-4.1647589344244595,0.4397618837674829,228.59621630340388,1.6913678874086783e-43,equivalent,True,1.0,1.0,9.932565021591544e-07,7.390662101352601e-07,True,347,0.5761053562164307,t8_rho0.75_n800,t8,800,0.75,0.375
True,5,5,0.40728545685170037,0.8294072168144915,0.7946505907093538,0.10819049410928692,-4.20877465288847,0.4410460559503251,252.4064069681283,1.692734306505692e-48,equivalent,True,1.0,1.0,9.550062692817873e-07,9.44602888730089e-07,True,348,0.5315120220184326,t8_rho0.75_n800,t8,800,0.75,0.375
True,5,5,0.4366533066048604,0.9533305508447912,0.9135330633417875,0.12723535035544414,-2.6444453975900553,0.4738811224031574,249.86417242831746,5.796752098398942e-48,equivalent,True,1.0,1.0,8.990881520635624e-07,8.695422712729766e-07,True,349,0.5888988971710205,t8_rho0.75_n800,t8,800,0.75,0.375
True,5,5,0.3807756838082442,0.7249506068981799,0.6817785062566493,0.11174671584594933,-5.0849055333911,0.416073430325892,181.33731107781037,1.236203501818008e-33,equivalent,True,1.0,1.0,7.9949880715288e-07,6.662486504551554e-07,True,350,0.5956268310546875,t8_rho0.75_n800,t8,800,0.75,0.375
True,5,5,0.3967027942535167,0.78686553484274,0.7488594103956819,0.10654742527736945,-4.703450959042177,0.4299102997848514,232.8144565314522,2.2066953118015513e-44,equivalent,True,1.0,1.0,9.657900882331532e-07,9.014343276124897e-07,True,351,0.5749099254608154,t8_rho0.75_n800,t8,800,0.75,0.375
True,5,5,0.38802353491710734,0.752811318247838,0.7133990534266201,0.10760545836858017,-4.986744675491876,0.4219939056204378,218.44410072035947,2.2622780385646046e-41,equivalent,True,1.0,1.0,8.718543571989511e-07,9.456831324354941e-07,True,352,0.5741000175476074,t8_rho0.75_n800,t8,800,0.75,0.375
True,5,5,0.38317801572702803,0.7341269586825127,0.695202024162777,0.11657804332228246,-4.759026314273197,0.4211783093997931,178.21438432141764,5.500350348166006e-33,equivalent,True,1.0,1.0,9.044754385806544e-07,8.437376759802893e-07,True,353,0.5846738815307617,t8_rho0.75_n800,t8,800,0.75,0.375
True,5,5,0.40988705868884673,0.8400370044029704,0.7964445934139915,0.1277406530656762,-3.5505956459516366,0.4486778955817232,212.78302568311813,3.456609881295823e-40,equivalent,True,1.0,1.0,9.888175818745616e-07,9.99042705755783e-07,True,354,0.5936779975891113,t8_rho0.75_n800,t8,800,0.75,0.375
True,5,5,0.4187686918538034,0.8768360863847287,0.8315028012265352,0.12307008008307095,-3.4004788043607657,0.45473840146184763,219.97111447762802,1.0837973564191813e-41,equivalent,True,1.0,1.0,8.906605989978434e-07,8.196027146855569e-07,True,355,0.6083981990814209,t8_rho0.75_n800,t8,800,0.75,0.375
True,5,5,0.44003026922238936,0.9681331891596423,0.9217788367636538,0.1397749447429956,-2.3482117187729674,0.4799350292656521,223.044595431873,2.462820943299064e-42,equivalent,True,1.0,1.0,7.91708942388943e-07,9.485374915025169e-07,True,356,0.6032850742340088,t8_rho0.75_n800,t8,800,0.75,0.375
True,5,5,0.3936484667856017,0.774795577013275,0.7346452965898637,0.11571636280779124,-4.4536026790451215,0.4301120262563909,191.90051452107602,7.863182408834597e-36,equivalent,True,1.0,1.0,9.956286993477774e-07,9.638670521526812e-07,True,357,0.5794811248779297,t8_rho0.75_n800,t8,800,0.75,0.375
True,5,5,0.3864813232458166,0.7468390660891867,0.7000896187782818,0.11801603942517284,-4.659624097709063,0.4228968501337472,172.4009717937971,8.827076099073727e-32,equivalent,True,1.0,1.0,7.183106111126854e-07,9.560959473874298e-07,True,358,0.5922229290008545,t8_rho0.75_n800,t8,800,0.75,0.375
True,5,5,0.39135756985640585,0.765803737419558,0.7258469087294187,0.11316032572078574,-4.631951065286681,0.42707823192437777,199.0234009004468,2.579491856349096e-37,equivalent,True,1.0,1.0,9.456255353240951e-07,9.264617479316035e-07,True,359,0.5846579074859619,t8_rho0.75_n800,t8,800,0.75,0.375
True,5,5,0.37494250376460625,0.702909405646359,0.6597407619923583,0.11670133794325754,-5.057861789850577,0.41272203260267437,167.7175467155552,8.232669773403531e-31,equivalent,True,1.0,1.0,8.412107279917427e-07,9.273209922723999e-07,True,360,0.5858480930328369,t8_rho0.75_n800,t8,800,0.75,0.375
True,5,5,0.3777037164960872,0.7133004872747831,0.674215913298858,0.1011462347263509,-5.692590418802185,0.4100211370992918,216.9817320205215,4.5765251655014923e-41,equivalent,True,1.0,1.0,8.917465551595193e-07,9.054475705281447e-07,True,361,0.5822720527648926,t8_rho0.75_n800,t8,800,0.75,0.375
True,5,5,0.4110329163957841,0.8447402918041182,0.8104900078018054,0.10949031529184303,-4.0141449134263105,0.44510348235565483,254.10280672191342,7.443261644581676e-49,equivalent,True,1.0,1.0,8.427169423035463e-07,6.233523221698056e-07,True,362,0.5399987697601318,t8_rho0.75_n800,t8,800,0.75,0.375
True,5,5,0.3142539941008113,0.49377786404156365,0.44762515439034917,0.09085328258483526,-8.831544912649958,0.3455620076832702,128.35641625887212,1.0106073934509514e-22,equivalent,True,1.0,1.0,9.81882061337422e-07,9.738904386905832e-07,True,363,0.6226658821105957,t8_rho0.75_n800,t8,800,0.75,0.375
True,5,5,0.40115300133184484,0.8046186523877357,0.7668067343562952,0.10565934646453451,-4.573123739752573,0.43372823140990185,252.4030175165089,1.695515115989757e-48,equivalent,True,1.0,1.0,9.321577602284043e-07,8.910584744770544e-07,True,364,0.5538320541381836,t8_rho0.75_n800,t8,800,0.75,0.375
True,5,5,0.4116968624622954,0.847471532806491,0.8084578406446539,0.12147930513412487,-3.634710940006127,0.4490597992014123,223.5708043432005,1.9108396805078746e-42,equivalent,True,1.0,1.0,9.277705100994041e-07,8.535843970987564e-07,True,365,0.5911879539489746,t8_rho0.75_n800,t8,800,0.75,0.375
True,5,5,0.43082482990512877,0.9280501703139158,0.8904414324753332,0.11861666753856127,-3.031265124758098,0.46595031672765985,264.4125767112783,5.0300751442013365e-51,equivalent,True,1.0,1.0,8.857348232410507e-07,9.675471562572253e-07,True,366,0.5551791191101074,t8_rho0.75_n800,t8,800,0.75,0.375
True,5,5,0.42575206514910413,0.906324104893635,0.8671388643022483,0.12197460541247422,-3.138859391289303,0.46211886704849675,246.72339830197302,2.650943076314107e-47,equivalent,True,1.0,1.0,9.957425070090457e-07,8.38540367841079e-07,True,367,0.5828149318695068,t8_rho0.75_n800,t8,800,0.75,0.375
True,5,5,0.3979669853865979,0.7918886072884833,0.7518735494583825,0.11610519331673684,-4.290302925405934,0.43424638116933545,200.5925843314059,1.2142104444979795e-37,equivalent,True,1.0,1.0,9.062139983469418e-07,9.769790129624783e-07,True,368,0.5642969608306885,t8_rho0.75_n800,t8,800,0.75,0.375
True,5,5,0.4275352312907713,0.9139318699742667,0.8722862535430634,0.12195370942048553,-3.097189484861122,0.4632239749416118,266.3683369640515,1.948007271808386e-51,equivalent,True,1.0,1.0,7.799389925632842e-07,6.853471212016272e-07,True,369,0.5868501663208008,t8_rho0.75_n800,t8,800,0.75,0.375
True,5,5,0.3423083196424441,0.5858749284821685,0.5454139277274186,0.09877354983610236,-7.133347677001791,0.3762663842073069,152.7064358070845,1.0336272923373709e-27,equivalent,True,1.0,0.9970149253731343,9.1044855221615e-07,8.082517431043604e-07,True,370,0.5809247493743896,t8_rho0.75_n800,t8,800,0.75,0.375
True,5,5,0.3967777536067865,0.787162928786239,0.7492119615596466,0.10914747068997095,-4.588178134359356,0.4309857479306305,221.9024714337503,4.271744354197125e-42,equivalent,True,1.0,1.0,9.787423847637076e-07,9.946344146580837e-07,True,371,0.5791358947753906,t8_rho0.75_n800,t8,800,0.75,0.375
True,5,5,0.36399450294832675,0.6624599908829973,0.6244995857621477,0.09792809927745659,-6.387343559744193,0.3963778437398175,195.71444326085575,1.2625284719920754e-36,equivalent,True,1.0,1.0,9.630459581651265e-07,8.488416658114311e-07,True,372,0.5565280914306641,t8_rho0.75_n800,t8,800,0.75,0.375
True,5,5,0.3801013401249019,0.7223851438237316,0.6838863816931746,0.1111847166628886,-5.091649601655941,0.4163577707111274,190.00952060698734,1.9462708052893828e-35,equivalent,True,1.0,1.0,7.2761980085699e-07,8.93330605755214e-07,True,373,0.577838659286499,t8_rho0.75_n800,t8,800,0.75,0.375
True,5,5,0.4069851751723792,0.828184664050461,0.7886422632694834,0.11647030617508172,-3.9611618779209663,0.4427683070893207,216.0194289132893,7.275260060482499e-41,equivalent,True,0.9970149253731343,1.0,8.263964961633259e-07,8.073085687188784e-07,True,374,0.5677220821380615,t8_rho0.75_n800,t8,800,0.75,0.375
True,5,5,0.392632686191019,0.7708021313278759,0.7327089813097047,0.11134253346295067,-4.64594259355904,0.42798391355521875,208.82383204918247,2.323090097231998e-39,equivalent,True,1.0,1.0,9.471925161119066e-07,8.148982737473532e-07,True,375,0.5755021572113037,t8_rho0.75_n800,t8,800,0.75,0.375
True,5,5,0.36805912811350217,0.6773376089383569,0.6359569944922563,0.10612787986827842,-5.785878378705659,0.4026218629469254,179.70323949209896,2.700082784489987e-33,equivalent,True,1.0,0.9970149253731343,9.155504678057581e-07,7.807788774789921e-07,True,376,0.5826070308685303,t8_rho0.75_n800,t8,800,0.75,0.375
True,5,5,0.38800913036229684,0.7527554262225293,0.7145643608429096,0.10869234591094028,-4.926157722235682,0.42269311805052695,204.7673256274115,1.633742202830236e-38,equivalent,True,1.0,1.0,9.978319223514708e-07,9.641921039428096e-07,True,377,0.5824871063232422,t8_rho0.75_n800,t8,800,0.75,0.375
True,5,5,0.3873668378271333,0.750265335240963,0.7125723188187819,0.10604633596181769,-5.067857142888186,0.4211895105888778,227.2681089686497,3.2107103527713276e-43,equivalent,True,1.0,1.0,6.863460015228848e-07,7.059580708610716e-07,True,378,0.5641829967498779,t8_rho0.75_n800,t8,800,0.75,0.375
True,5,5,0.35884525498682707,0.6438495851328047,0.6056198166017005,0.09816170226731724,-6.564476455833068,0.39168391557576826,186.29371617572093,1.153834986930986e-34,equivalent,True,1.0,1.0,7.508993407498144e-07,8.239365633284503e-07,True,379,0.5845146179199219,t8_rho0.75_n800,t8,800,0.75,0.375
True,5,5,0.37621394591381035,0.7076846655001972,0.6657537448694201,0.11311179026548374,-5.165210927696401,0.4127483696729946,169.06411569788014,4.333709900912979e-31,equivalent,True,1.0,1.0,9.113738459758763e-07,7.09902828775497e-07,True,380,0.5751652717590332,t8_rho0.75_n800,t8,800,0.75,0.375
True,5,5,0.38133141156686207,0.7270682272378777,0.686024381508107,0.11009027314871146,-5.12284693607824,0.41643889505876924,193.1278430178764,4.365610004858541e-36,equivalent,True,1.0,1.0,9.604835069415803e-07,8.947325221981132e-07,True,381,0.5836470127105713,t8_rho0.75_n800,t8,800,0.75,0.375
True,5,5,0.3429852406569883,0.5881943765426609,0.5500528212915131,0.0991728150722001,-7.057853285690329,0.3776711759872625,163.4548819897502,6.2660992696777816e-30,equivalent,True,1.0,1.0,9.938100051624953e-07,7.516332022328074e-07,True,382,0.5688571929931641,t8_rho0.75_n800,t8,800,0.75,0.375
True,5,5,0.38533956226367666,0.7424328912278098,0.7020512129885695,0.1038230864318555,-5.277716217491547,0.4178097637124588,226.15210567347276,5.5012764909324936e-43,equivalent,True,1.0,1.0,7.141843670510148e-07,6.953691801866737e-07,True,383,0.578887939453125,t8_rho0.75_n800,t8,800,0.75,0.375
True,5,5,0.4326868959116228,0.9360897494681776,0.8952143479212117,0.12661575650911264,-2.8020655711459903,0.4697826591615383,241.41738929804654,3.452494472528118e-46,equivalent,True,1.0,1.0,9.7448205445727e-07,9.948797843812503e-07,True,384,0.5815861225128174,t8_rho0.75_n800,t8,800,0.75,0.375
True,5,5,0.4129616280063037,0.8526865310280839,0.813717042152395,0.11537110368732519,-3.7815617941040425,0.44799232593826566,231.2263024881902,4.75137219779847e-44,equivalent,True,1.0,1.0,9.362105319649899e-07,9.83728544409657e-07,True,385,0.5815980434417725,t8_rho0.75_n800,t8,800,0.75,0.375
True,5,5,0.3802836015534557,0.7230780880523373,0.6813903213785663,0.10751509946947047,-5.288649514600447,0.4143034932734632,197.1259268416589,6.413501943895339e-37,equivalent,True,1.0,1.0,9.1995761350494e-07,6.053293905710249e-07,True,386,0.5872719287872314,t8_rho0.75_n800,t8,800,0.75,0.375
True,5,5,0.3850637024281943,0.7413702746385449,0.7003221343031587,0.11100412469881461,-4.951868835399331,0.42021605667098855,197.03871572867217,6.6876281992041664e-37,equivalent,True,1.0,1.0,7.530620072515143e-07,9.253929462385833e-07,True,387,0.5813760757446289,t8_rho0.75_n800,t8,800,0.75,0.375
True,5,5,0.36302082264204333,0.6589205883585293,0.6195751346277497,0.10004138146813268,-6.301640942184177,0.39601226339113377,193.05973749750524,4.51053049612049e-36,equivalent,True,1.0,1.0,9.638133917965845e-07,8.506698497204147e-07,True,388,0.5711841583251953,t8_rho0.75_n800,t8,800,0.75,0.375
True,5,5,0.41587266544325896,0.8647503693144041,0.8245854014342842,0.12302903641837959,-3.4578389862294507,0.4531997701251404,225.43460788940922,7.77670635561533e-43,equivalent,True,1.0,1.0,9.122255649814985e-07,9.069900564198021e-07,True,389,0.5879817008972168,t8_rho0.75_n800,t8,800,0.75,0.375
True,5,5,0.4241940033157735,0.8997027622453124,0.861324937618252,0.11537385010728479,-3.3688315161565954,0.4584971174222527,262.332207927407,1.3794457075293021e-50,equivalent,True,1.0,1.0,9.391489609247396e-07,9.536184239847835e-07,True,390,0.576653242111206,t8_rho0.75_n800,t8,800,0.75,0.375
True,5,5,0.42204839487370416,0.8906242380773505,0.8469806883733162,0.13172868354954662,-3.0594651124339043,0.46122772927987116,202.20947519009536,5.584648855848924e-38,equivalent,True,1.0,0.9970149253731343,9.677459237303835e-07,9.449368872959187e-07,True,391,0.5967061519622803,t8_rho0.75_n800,t8,800,0.75,0.375
True,5,5,0.3990459973388025,0.7961885399605981,0.7548584745495384,0.11792131806746285,-4.198914441977242,0.43561950880733125,209.7075642302158,1.5185557767501437e-39,equivalent,True,1.0,1.0,7.71332981261443e-07,9.201846561602065e-07,True,392,0.5829861164093018,t8_rho0.75_n800,t8,800,0.75,0.375
True,5,5,0.39519721337841934,0.7809041873103395,0.7392859592478611,0.11911996287668891,-4.2873925446133825,0.43248603728395846,202.52994139179202,4.787742017754796e-38,equivalent,True,1.0,1.0,9.079980246824525e-07,7.880296667409248e-07,True,393,0.5846230983734131,t8_rho0.75_n800,t8,800,0.75,0.375
True,5,5,0.37173323556928817,0.6909279921340594,0.651581241221291,0.10454428544374045,-5.724069529374158,0.40584265135899095,194.51801175036582,2.24131122148316e-36,equivalent,True,1.0,1.0,9.615842270845926e-07,9.737001172458627e-07,True,394,0.5636320114135742,t8_rho0.75_n800,t8,800,0.75,0.375
True,5,5,0.34789982841262074,0.6051714530476549,0.5645535389304013,0.1052834757017295,-6.510484731825194,0.3841170253442167,149.30363767321035,5.183898205628821e-27,equivalent,True,1.0,1.0,9.73949761792613e-07,9.242215138103782e-07,True,395,0.5720250606536865,t8_rho0.75_n800,t8,800,0.75,0.375
True,5,5,0.3599811006934192,0.6479319642822282,0.6092747574517892,0.098063687438143,-6.533766568306643,0.39257487678318237,189.412611467518,2.5906776809522564e-35,equivalent,True,1.0,1.0,9.174986910948621e-07,7.934776577163172e-07,True,396,0.5799438953399658,t8_rho0.75_n800,t8,800,0.75,0.375
True,5,5,0.3495404464049819,0.6108926183649701,0.5697137951645709,0.09870012604973072,-6.892455279060762,0.38263848616626056,160.81830612847233,2.1959869604851126e-29,equivalent,True,1.0,1.0,9.602999722833002e-07,9.95790457187335e-07,True,397,0.5855588912963867,t8_rho0.75_n800,t8,800,0.75,0.375
True,5,5,0.36397462488632426,0.6623876378057023,0.6247250497111054,0.10330100363782442,-6.052941677905882,0.3986577680699344,181.89937093729463,9.448346969150283e-34,equivalent,True,1.0,1.0,9.088653597376399e-07,9.547901548582506e-07,True,398,0.5745480060577393,t8_rho0.75_n800,t8,800,0.75,0.375
True,5,5,0.40280128731600284,0.8112443853171453,0.7722887503186636,0.1110277626993397,-4.302628802626295,0.4370155989176999,229.73377158270802,9.767147587861575e-44,equivalent,True,1.0,1.0,8.063298437129151e-07,9.542832972794493e-07,True,399,0.5704019069671631,t8_rho0.75_n800,t8,800,0.75,0.375
True,5,5,0.3631314395098617,0.6593222118025217,0.6174246080778018,0.10469938495497927,-6.041825290513461,0.39740150255392537,182.3505592891292,7.614420420760241e-34,equivalent,True,1.0,1.0,8.915680130516708e-07,6.921073693153809e-07,True,400,0.593925952911377,t8_rho0.75_n800,t8,800,0.75,0.375
True,5,5,0.4037436487642938,0.8150446695875273,0.775709384271197,0.11099801861568305,-4.272964703730215,0.4377864497162127,229.60254015958475,1.0405919659385335e-43,equivalent,True,1.0,1.0,9.527003161605502e-07,9.238054825767667e-07,True,401,0.5797131061553955,t8_rho0.75_n800,t8,800,0.75,0.375
True,5,5,0.38524926637926976,0.7420849862288277,0.6987584457759287,0.11199387691222414,-4.922068682880852,0.42023136018421026,193.24044583712384,4.1361417125867104e-36,equivalent,True,1.0,1.0,9.844250594097422e-07,9.90669654308464e-07,True,402,0.6020371913909912,t8_rho0.75_n800,t8,800,0.75,0.375
True,5,5,0.36882638724439437,0.6801645196387597,0.6413454370896737,0.10722363630159913,-5.6764961896861985,0.4044039129769356,172.55157556600025,8.215094498183935e-32,equivalent,True,1.0,1.0,9.87607060956719e-07,7.869550284812776e-07,True,403,0.5637612342834473,t8_rho0.75_n800,t8,800,0.75,0.375
True,5,5,0.3794746398191413,0.720005011329335,0.6813143718059785,0.10956001351600565,-5.190631234368569,0.41509626772753155,186.98557044879078,8.284733451548333e-35,equivalent,True,1.0,1.0,8.612575491725854e-07,8.158953117693035e-07,True,404,0.5789761543273926,t8_rho0.75_n800,t8,800,0.75,0.375
True,5,5,0.3759103303884176,0.7065428824636464,0.6680977939211669,0.11034804234554828,-5.273335110528207,0.4122145488941982,185.3220101664549,1.8372236853539769e-34,equivalent,True,1.0,0.9970149253731343,9.088440183813356e-07,9.13209990147617e-07,True,405,0.5725581645965576,t8_rho0.75_n800,t8,800,0.75,0.375
True,5,5,0.3690353477757812,0.6809354395399587,0.6432240529488065,0.10440389659753682,-5.811813225613928,0.4037209880437556,178.51126232126674,4.772901149165315e-33,equivalent,True,1.0,1.0,7.215730623957348e-07,8.560793012500767e-07,True,406,0.5639452934265137,t8_rho0.75_n800,t8,800,0.75,0.375
True,5,5,0.36348565389698395,0.66060910294459,0.6229007678513802,0.10191180197292968,-6.153352408734693,0.39762564428258745,182.39976488779058,7.437302377353995e-34,equivalent,True,1.0,1.0,9.730208978329224e-07,9.531371684297012e-07,True,407,0.5712106227874756,t8_rho0.75_n800,t8,800,0.75,0.375
True,5,5,0.3794117710054367,0.7197664598874098,0.6776619830516244,0.1110495797206636,-5.153896290179994,0.41480653009001545,186.72723778930853,9.375605637434887e-35,equivalent,True,1.0,1.0,9.729847096144383e-07,9.498455623432248e-07,True,408,0.5987601280212402,t8_rho0.75_n800,t8,800,0.75,0.375
True,5,5,0.44186844049471163,0.9762385935261425,0.938314031959429,0.12854871697593617,-2.4246525004128783,0.479532659016517,245.83616177904096,4.0724402388944806e-47,equivalent,True,1.0,1.0,8.374832870796931e-07,8.950400167577115e-07,True,409,0.5679209232330322,t8_rho0.75_n800,t8,800,0.75,0.375
True,5,5,0.3891576686467153,0.7572184553327334,0.7146235685424622,0.12049533933547964,-4.443129787509525,0.4272752659537349,180.74926068576713,1.637587883482798e-33,equivalent,True,1.0,1.0,9.699881153520568e-07,9.000570229026092e-07,True,410,0.5975098609924316,t8_rho0.75_n800,t8,800,0.75,0.375
True,5,5,0.3483738862868387,0.6068218232329761,0.5658215299605239,0.105995808068041,-6.454769132004609,0.38475163919154215,147.5236248380442,1.2040217127705759e-26,equivalent,True,1.0,0.9970149253731343,9.631268765499415e-07,9.784218622227637e-07,True,411,0.591771125793457,t8_rho0.75_n800,t8,800,0.75,0.375
True,5,5,0.3628083375665339,0.6581494490389601,0.6166139841841756,0.10794844387776828,-5.867486302377989,0.39854068139157145,160.69169226777177,2.3322377019185178e-29,equivalent,True,1.0,1.0,8.598219987183855e-07,9.93314667718438e-07,True,412,0.5947377681732178,t8_rho0.75_n800,t8,800,0.75,0.375
True,5,5,0.3783998032972233,0.7159320556768864,0.677792322441354,0.10499823545308122,-5.449688512283035,0.4124315824109156,202.52995049877782,4.787721069326033e-38,equivalent,True,1.0,1.0,8.892561424048754e-07,9.688773603490337e-07,True,413,0.5670709609985352,t8_rho0.75_n800,t8,800,0.75,0.375
True,5,5,0.3931908600611868,0.772995262178279,0.732235923452728,0.12390763667721601,-4.178629263150799,0.43267674979093385,187.2518442105077,7.29294582335373e-35,equivalent,True,1.0,1.0,9.499027118677286e-07,7.695998970870997e-07,True,414,0.5838267803192139,t8_rho0.75_n800,t8,800,0.75,0.375
True,5,5,0.4364362474396843,0.9523829903961667,0.9122130798317383,0.1231408049234542,-2.7430949503556854,0.4721782882420168,255.45526647344298,3.865702777066136e-49,equivalent,True,1.0,1.0,8.747311758672875e-07,9.01891694519661e-07,True,415,0.573052167892456,t8_rho0.75_n800,t8,800,0.75,0.375
True,5,5,0.4082867045587654,0.8334901655972831,0.7934507353163501,0.12170983564022944,-3.751128758674817,0.44579044402159385,205.41765197098897,1.195145040353439e-38,equivalent,True,1.0,1.0,8.238361678282178e-07,9.110659001748298e-07,True,416,0.5861592292785645,t8_rho0.75_n800,t8,800,0.75,0.375
True,5,5,0.38904394786027185,0.7567759668335295,0.7189306034553197,0.10906567991473426,-4.869262236845373,0.42386971645518595,205.2702402200117,1.2829093441726174e-38,equivalent,True,1.0,1.0,7.651625070279407e-07,8.68072003387327e-07,True,417,0.5640709400177002,t8_rho0.75_n800,t8,800,0.75,0.375
True,5,5,0.40785389225331475,0.8317239871308924,0.7848564651241337,0.12647017155207568,-3.67789123053682,0.4456189819796145,214.3321110543449,1.6396516811080329e-40,equivalent,True,1.0,1.0,8.558673561324729e-07,9.8895448404917e-07,True,418,0.6148149967193604,t8_rho0.75_n800,t8,800,0.75,0.375
True,5,5,0.42152757194698154,0.8884274695575884,0.847332236148726,0.1283885842643988,-3.136320617275712,0.4601114353360905,220.82517238523351,7.180608954818173e-42,equivalent,True,1.0,1.0,8.943430635125224e-07,9.294018714658402e-07,True,419,0.5770919322967529,t8_rho0.75_n800,t8,800,0.75,0.375
True,5,5,0.38570687911794577,0.7438489829945282,0.6996154540593165,0.11833546854881441,-4.651053084001143,0.4229089686206325,170.79929566078908,1.8949389375807483e-31,equivalent,True,1.0,1.0,9.24719691320576e-07,8.925168580284764e-07,True,420,0.606719970703125,t8_rho0.75_n800,t8,800,0.75,0.375
True,5,5,0.37468047306320246,0.7019272844743261,0.6606341332475688,0.1080220407205075,-5.455977898782121,0.40946662347922697,190.76340069600724,1.356142414659756e-35,equivalent,True,1.0,1.0,8.592991644143915e-07,8.458072929339147e-07,True,421,0.6020121574401855,t8_rho0.75_n800,t8,800,0.75,0.375
True,5,5,0.3886871547193749,0.7553885212192164,0.7171596351284949,0.1105628509211005,-4.8193435718453825,0.42403286228125336,204.35257575752058,1.9941519724113335e-38,equivalent,True,1.0,1.0,9.74794258743006e-07,7.190222407300594e-07,True,422,0.5766730308532715,t8_rho0.75_n800,t8,800,0.75,0.375
True,5,5,0.38888559435241254,0.7561600274741458,0.7130878594130656,0.11707044366333604,-4.5862313645188975,0.42559407967722523,182.30849600367497,7.769167848812264e-34,equivalent,True,1.0,0.9970149253731343,8.639038655021975e-07,9.66197407492806e-07,True,423,0.5849361419677734,t8_rho0.75_n800,t8,800,0.75,0.375
True,5,5,0.39069470121134586,0.7632117477731142,0.7208261298603315,0.11249451677222147,-4.703997006459773,0.4256437815322275,200.46202210808994,1.2927829846631842e-37,equivalent,True,1.0,1.0,8.673771944113014e-07,8.283503956884232e-07,True,424,0.5972270965576172,t8_rho0.75_n800,t8,800,0.75,0.375
True,5,5,0.40057310759931863,0.8022940726588765,0.7601934400378552,0.1218066085867128,-4.021182148039668,0.4383029732863714,192.3610830907497,6.305321180309433e-36,equivalent,True,1.0,1.0,7.986897729189123e-07,7.085448987699356e-07,True,425,0.5940148830413818,t8_rho0.75_n800,t8,800,0.75,0.375
True,5,5,0.3923858719041194,0.76983336234978,0.7291067800819118,0.11974792374710795,-4.349914417039472,0.43036602718552275,196.21232791629066,9.94247714183811e-37,equivalent,True,1.0,1.0,6.515373897974596e-07,9.212082788745543e-07,True,426,0.5947749614715576,t8_rho0.75_n800,t8,800,0.75,0.375
True,5,5,0.3608598561521553,0.6510991789107712,0.6116676601801457,0.10716197634913076,-5.9567055551512516,0.3969718946346961,170.21467890672494,2.5041385631192594e-31,equivalent,True,1.0,1.0,9.740940583194004e-07,6.808950555217696e-07,True,427,0.5772860050201416,t8_rho0.75_n800,t8,800,0.75,0.375
True,5,5,0.3200212620835582,0.5120680409277673,0.46816898568301174,0.09829455186955321,-7.953960819258394,0.35492228327768205,119.67170894687762,5.898817788765384e-21,equivalent,True,1.0,1.0,9.418469492844528e-07,8.175525843669714e-07,True,428,0.6055197715759277,t8_rho0.75_n800,t8,800,0.75,0.375
True,5,5,0.41549678781896837,0.8631879034394041,0.8198479631230778,0.1152683715366164,-3.7317438525647875,0.44932116845701164,256.1192388977548,2.802349136853935e-49,equivalent,True,1.0,1.0,7.902502027630363e-07,9.512448377289056e-07,True,429,0.6014819145202637,t8_rho0.75_n800,t8,800,0.75,0.375
True,5,5,0.38488403108672076,0.7406785869278192,0.7008409562169324,0.1075370488813244,-5.1066962455805145,0.41898058692522655,209.88116451998548,1.3968746602344058e-39,equivalent,True,1.0,1.0,9.06642184133533e-07,9.9928394129695e-07,True,430,0.5891759395599365,t8_rho0.75_n800,t8,800,0.75,0.375
True,5,5,0.386739903824013,0.7478387660490342,0.7069106531317874,0.11600652968726444,-4.681541188520138,0.42372736853735044,195.57200914116112,1.3518198824492545e-36,equivalent,True,1.0,1.0,9.392352691191545e-07,6.660078390168366e-07,True,431,0.579016923904419,t8_rho0.75_n800,t8,800,0.75,0.375
True,5,5,0.40060396877021215,0.8024176989722257,0.7600884113021744,0.11579608991539513,-4.230812880260231,0.4360174376756762,222.23499423207744,3.63895117544543e-42,equivalent,True,1.0,1.0,8.520992736536454e-07,9.14196932184868e-07,True,432,0.5919468402862549,t8_rho0.75_n800,t8,800,0.75,0.375
True,5,5,0.36823536981609595,0.6779864379179847,0.6362178294996499,0.11224796482547279,-5.468091750747382,0.4051788004229121,158.75374903350286,5.858474659575651e-29,equivalent,True,1.0,1.0,7.221683558889198e-07,6.192136137765066e-07,True,433,0.5911509990692139,t8_rho0.75_n800,t8,800,0.75,0.375
True,5,5,0.37692521155045167,0.7103630755117636,0.6717187364291335,0.10229041662494955,-5.653327874214744,0.4098710771003631,217.5921663347022,3.4104864312651636e-41,equivalent,True,1.0,1.0,9.712371152166848e-07,8.334401976713775e-07,True,434,0.586806058883667,t8_rho0.75_n800,t8,800,0.75,0.375
True,5,5,0.3904195083628467,0.7621369625514347,0.7236511068094857,0.11454818028112307,-4.595000041892885,0.42709860608659966,196.73786034139698,7.726361902017216e-37,equivalent,True,1.0,1.0,9.885067172353835e-07,9.996381169841326e-07,True,435,0.5579819679260254,t8_rho0.75_n800,t8,800,0.75,0.375
True,5,5,0.39909025347750204,0.7963651521036842,0.7599398211373025,0.10667419180516015,-4.59399007922919,0.43252820773451,249.05703269505466,8.56797045135556e-48,equivalent,True,1.0,1.0,9.736704122075118e-07,9.71451555177289e-07,True,436,0.5690770149230957,t8_rho0.75_n800,t8,800,0.75,0.375
True,5,5,0.37673703637811357,0.7096539728948204,0.6709937257075479,0.10034735624796841,-5.7700202171910675,0.40891330097882855,215.4082650358289,9.765303359782154e-41,equivalent,True,1.0,0.9970149253731343,6.397216983111672e-07,7.600546642500536e-07,True,437,0.572627067565918,t8_rho0.75_n800,t8,800,0.75,0.375
True,5,5,0.40811854028244665,0.8328037146113753,0.7896301324860331,0.12107586075001359,-3.802325787008004,0.44469814507752653,199.26301783940613,2.2991686842439834e-37,equivalent,True,1.0,1.0,7.674590496619739e-07,8.50203341237892e-07,True,438,0.5991439819335938,t8_rho0.75_n800,t8,800,0.75,0.375
True,5,5,0.35211689434074406,0.6199315364008535,0.5817896033151337,0.10150137175653452,-6.5832646901330945,0.386974030857219,162.41277491874405,1.028766457129769e-29,equivalent,True,0.9970149253731343,1.0,9.542158422081388e-07,9.5822077790358e-07,True,439,0.5503010749816895,t8_rho0.75_n800,t8,800,0.75,0.375
True,5,5,0.3704020282186054,0.6859883125422828,0.6460505298683787,0.1040637033756597,-5.803651518641646,0.4042821019535331,186.98075127980735,8.303873522058837e-35,equivalent,True,1.0,1.0,9.911672870058612e-07,9.050055819031787e-07,True,440,0.5811977386474609,t8_rho0.75_n800,t8,800,0.75,0.375
True,5,5,0.35165196583476105,0.6182955253772598,0.5761570687053359,0.10660441669459868,-6.320966355691393,0.3876869175390092,150.384370753704,3.1069615814702605e-27,equivalent,True,1.0,1.0,9.7932740697047e-07,8.28155107180385e-07,True,441,0.5867908000946045,t8_rho0.75_n800,t8,800,0.75,0.375
True,5,5,0.34520243603872314,0.5958236092353437,0.5556172536767375,0.09774334789355514,-7.104143261794777,0.37852100442903597,163.67503893233962,5.6428660811782976e-30,equivalent,True,1.0,1.0,9.76144406664695e-07,8.725568889333591e-07,True,442,0.5912110805511475,t8_rho0.75_n800,t8,800,0.75,0.375
True,5,5,0.393030758888232,0.772365887161298,0.7342545637618177,0.10738975349735616,-4.802557222099215,0.42682431732490794,222.31968329953958,3.493349561926568e-42,equivalent,True,1.0,1.0,9.812314986693626e-07,9.327492177377587e-07,True,443,0.563525915145874,t8_rho0.75_n800,t8,800,0.75,0.375
True,5,5,0.40613486139739796,0.8247276282114183,0.7837153225354878,0.1150416252919399,-4.053182283205984,0.44112174218628747,223.5862127307937,1.8966927921390567e-42,equivalent,True,1.0,1.0,6.949426964810658e-07,7.918504875133301e-07,True,444,0.5907251834869385,t8_rho0.75_n800,t8,800,0.75,0.375
True,5,5,0.35495311581511846,0.6299585721343044,0.5908270813906843,0.10234688436163719,-6.440576307923197,0.3896595245442119,165.34486097596363,2.5486838723893266e-30,equivalent,True,1.0,1.0,8.933973313877114e-07,9.266373202855237e-07,True,445,0.5796389579772949,t8_rho0.75_n800,t8,800,0.75,0.375
True,5,5,0.3626564599334678,0.6575985396573747,0.6167645245235847,0.1023658818067049,-6.186001276012442,0.39626794381817687,180.82379371938453,1.580258247050453e-33,equivalent,True,1.0,1.0,9.353428827891061e-07,9.052075949398422e-07,True,446,0.5849909782409668,t8_rho0.75_n800,t8,800,0.75,0.375
True,5,5,0.3505400161672377,0.6143915146726362,0.5713278956970738,0.10397167019957124,-6.527471406395903,0.3853170316830131,157.02858243431666,1.3294286911351627e-28,equivalent,True,1.0,1.0,7.386241178493863e-07,7.685980995794641e-07,True,447,0.5816271305084229,t8_rho0.75_n800,t8,800,0.75,0.375
True,5,5,0.3972597691667452,0.7890766209920785,0.7491011524741504,0.11497771220414646,-4.35648646962542,0.43317956078552994,208.96921629388245,2.166174718594059e-39,equivalent,True,1.0,1.0,9.703386897103478e-07,9.103067790811716e-07,True,448,0.5922408103942871,t8_rho0.75_n800,t8,800,0.75,0.375
True,5,5,0.38017943400820003,0.7226820102139766,0.6852939848940183,0.11050690084444026,-5.110142541241965,0.4164280637880119,189.41493267804412,2.587798151390732e-35,equivalent,True,1.0,1.0,8.669242132036829e-07,9.186785500294327e-07,True,449,0.5734872817993164,t8_rho0.75_n800,t8,800,0.75,0.375
True,5,5,0.38284312866918674,0.7328443058460574,0.6949123384885371,0.10326918257733007,-5.375153048159377,0.4158785947853465,213.340152336817,2.6434487928522786e-40,equivalent,True,1.0,1.0,6.325209832746313e-07,9.832885158234868e-07,True,450,0.5707709789276123,t8_rho0.75_n800,t8,800,0.75,0.375
True,5,5,0.37737429094136365,0.7120567773174848,0.6706952444042272,0.11341408364619963,-5.107873175636107,0.41406395912637856,201.47713017337506,7.939319262449583e-38,equivalent,True,1.0,1.0,9.698158418467956e-07,8.837012096206686e-07,True,451,0.5779330730438232,t8_rho0.75_n800,t8,800,0.75,0.375
True,5,5,0.41495537445814146,0.8609398139584821,0.8180914384408119,0.12174709875392262,-3.5475881230826642,0.45129759480790954,212.42602870375586,4.104707622448275e-40,equivalent,True,1.0,0.9970149253731343,7.191074754826022e-07,9.131668106914257e-07,True,452,0.5987489223480225,t8_rho0.75_n800,t8,800,0.75,0.375
True,5,5,0.4204140707310217,0.8837399543431426,0.8410950443616818,0.11686600189628145,-3.498921405741434,0.4546036760625892,256.8054443190381,2.0096753958849995e-49,equivalent,True,1.0,1.0,8.934599244695541e-07,9.662747720644528e-07,True,453,0.5911920070648193,t8_rho0.75_n800,t8,800,0.75,0.375
True,5,5,0.3861118607471978,0.7454118450483173,0.7061199110474475,0.10918965506727478,-4.981058769875707,0.42088499883232583,199.39714562363247,2.1557695359418827e-37,equivalent,True,1.0,1.0,7.763060768563278e-07,9.134118544505072e-07,True,454,0.5746691226959229,t8_rho0.75_n800,t8,800,0.75,0.375
True,5,5,0.3903872521586634,0.7620110332399592,0.7265768712752593,0.10721354956953745,-4.882061370286548,0.42495351913898877,220.73860220294802,7.486604201108222e-42,equivalent,True,1.0,0.9970149253731343,9.598094929312812e-07,9.033865595019047e-07,True,455,0.5397257804870605,t8_rho0.75_n800,t8,800,0.75,0.375
True,5,5,0.3977064382631932,0.7908520551799756,0.7481913465021883,0.11557458825870276,-4.341859755317151,0.433196174309732,201.64005003314284,7.341682911345601e-38,equivalent,True,1.0,1.0,8.726032231630575e-07,9.471570137835784e-07,True,456,0.5909969806671143,t8_rho0.75_n800,t8,800,0.75,0.375
True,5,5,0.3600970863382495,0.6483495579464834,0.6088165811698524,0.10477007825438649,-6.1199097062171255,0.39525890866179586,170.99190203767938,1.7286445657906302e-31,equivalent,True,1.0,1.0,9.755584352141116e-07,9.416996106624242e-07,True,457,0.5736739635467529,t8_rho0.75_n800,t8,800,0.75,0.375
True,5,5,0.3980980182919566,0.792410160839915,0.7507412601337466,0.12272744366876728,-4.068028510507539,0.43648824519769164,184.88073415319093,2.269280735235218e-34,equivalent,True,1.0,1.0,9.720614871150187e-07,8.402603984254557e-07,True,458,0.6057312488555908,t8_rho0.75_n800,t8,800,0.75,0.375
True,5,5,0.4058604574455358,0.8236135545894978,0.7848571550047995,0.11725249108950994,-3.967018872461421,0.4422036499719275,205.8923825068817,9.512715591608942e-39,equivalent,True,1.0,1.0,8.70127811734859e-07,9.967089237446912e-07,True,459,0.576134204864502,t8_rho0.75_n800,t8,800,0.75,0.375
True,5,5,0.36877009246868403,0.6799569054968089,0.6449607966999104,0.0958227372172122,-6.314150700251644,0.40064327613378453,215.9669582521347,7.461469234676628e-41,equivalent,True,1.0,1.0,8.137235533663076e-07,9.807052706129141e-07,True,460,0.5548238754272461,t8_rho0.75_n800,t8,800,0.75,0.375
True,5,5,0.4088911442871473,0.8359598393822634,0.7929268972212422,0.12378237504304426,-3.6925539893689594,0.44643718164226887,204.85923661026638,1.5631372740694839e-38,equivalent,True,1.0,1.0,9.741190367698506e-07,9.366991352784215e-07,True,461,0.5898036956787109,t8_rho0.75_n800,t8,800,0.75,0.375
True,5,5,0.41055518270910174,0.8427777902465196,0.8046085927061823,0.11346737484317343,-3.925281675983128,0.4452517974714169,239.32438984687673,9.497813313687837e-46,equivalent,True,1.0,1.0,9.546326619037904e-07,7.716041723158001e-07,True,462,0.5610852241516113,t8_rho0.75_n800,t8,800,0.75,0.375
True,5,5,0.4127553198283386,0.8518347702329703,0.8127668860007827,0.12135109450260126,-3.603042195798612,0.4499714821914645,211.52925021451534,6.320284632128008e-40,equivalent,True,1.0,1.0,9.559904351987776e-07,9.722325509735846e-07,True,463,0.5789639949798584,t8_rho0.75_n800,t8,800,0.75,0.375
True,5,5,0.4245471635742164,0.9012014704945623,0.862249242342089,0.11300854612145486,-3.4311631373540505,0.4578497044460063,268.1807528648875,8.085744764526483e-52,equivalent,True,1.0,1.0,8.753220155177666e-07,9.755193946096262e-07,True,464,0.5775868892669678,t8_rho0.75_n800,t8,800,0.75,0.375
True,5,5,0.4000653204978793,0.8002613033253543,0.7582197613689642,0.1155465044154627,-4.2561238967712525,0.4354943968039778,212.15616449283203,4.674071915319061e-40,equivalent,True,1.0,1.0,8.122469916996696e-07,9.426965367368209e-07,True,465,0.5879170894622803,t8_rho0.75_n800,t8,800,0.75,0.375
True,5,5,0.43087459891116014,0.9282645999342656,0.887877166640892,0.12448409514531496,-2.9089887582537224,0.4674687758638935,239.99398823521747,6.871232158374373e-46,equivalent,True,1.0,1.0,9.737809224468928e-07,8.423748773359226e-07,True,466,0.5830469131469727,t8_rho0.75_n800,t8,800,0.75,0.375
True,5,5,0.3298692585623508,0.5440686387223752,0.5069598797878725,0.09453056885902181,-7.8603157600824405,0.3639914363919625,143.19062775687104,9.34279319512741e-26,equivalent,True,1.0,1.0,9.755207961998456e-07,8.834303825440311e-07,True,467,0.5701210498809814,t8_rho0.75_n800,t8,800,0.75,0.375
True,5,5,0.3650325103328804,0.6662436679996223,0.6276321615811421,0.10424536543552314,-5.9702206982410075,0.39977506901022325,173.16981291305297,6.1165078317222e-32,equivalent,True,1.0,1.0,9.305505892383427e-07,9.053776751202736e-07,True,468,0.5718581676483154,t8_rho0.75_n800,t8,800,0.75,0.375
True,5,5,0.4220489762965809,0.8906266919649595,0.8500964183399737,0.12356141821856614,-3.2364761381472826,0.458985155587422,222.8555621793391,2.6978725503155667e-42,equivalent,True,1.0,0.9970149253731343,8.466060628554166e-07,8.236411273998415e-07,True,469,0.5918238162994385,t8_rho0.75_n800,t8,800,0.75,0.375
True,5,5,0.37392073675944665,0.6990835868936369,0.656628665337011,0.1118933246269234,-5.303009242431732,0.4100431211912387,166.9393645387094,1.1927259560671043e-30,equivalent,True,1.0,1.0,9.084669282282077e-07,8.950906648958625e-07,True,470,0.5757980346679688,t8_rho0.75_n800,t8,800,0.75,0.375
True,5,5,0.38103908894338395,0.7259539365140203,0.6880174494894582,0.10999542184161981,-5.109144918046945,0.4168797951577178,191.66277769996628,8.812349655326405e-36,equivalent,True,1.0,1.0,8.708683083786615e-07,8.447302243564137e-07,True,471,0.5737950801849365,t8_rho0.75_n800,t8,800,0.75,0.375
True,5,5,0.4123674152092047,0.8502344256316032,0.808612295986095,0.1191711703293976,-3.7038127828557696,0.4482480178942136,230.40108174392202,7.077132367671732e-44,equivalent,True,1.0,1.0,9.511120322923936e-07,8.719422220385868e-07,True,472,0.5849990844726562,t8_rho0.75_n800,t8,800,0.75,0.375
True,5,5,0.3748025177413352,0.7023846365262194,0.6594193331594621,0.1210276193924104,-4.879718115628514,0.41436506896174796,162.71187109641477,8.923286130001698e-30,equivalent,True,1.0,1.0,9.765456136629338e-07,9.013234305694833e-07,True,473,0.5986177921295166,t8_rho0.75_n800,t8,800,0.75,0.375
True,5,5,0.36346516189870043,0.6605346195702426,0.6210209758814831,0.0973684023360858,-6.459785813753774,0.3952664280240516,197.87261079748407,4.4818237254353065e-37,equivalent,True,1.0,1.0,7.615808560037831e-07,9.197729134404733e-07,True,474,0.5573019981384277,t8_rho0.75_n800,t8,800,0.75,0.375
True,5,5,0.35663150388145365,0.6359301478037365,0.592485029637983,0.11295062742338395,-5.821260008564529,0.39453067784946216,139.0007203336312,6.752509481790234e-25,equivalent,True,1.0,1.0,8.029079033120623e-07,9.435816941924462e-07,True,475,0.6039900779724121,t8_rho0.75_n800,t8,800,0.75,0.375
True,5,5,0.37479417010998134,0.7023533497421481,0.6595412686657015,0.11500115877196761,-5.134372015373355,0.4119954712798175,171.02280252429952,1.7033578502944685e-31,equivalent,True,0.9970149253731343,1.0,9.043786867954338e-07,9.540996154236697e-07,True,476,0.5996549129486084,t8_rho0.75_n800,t8,800,0.75,0.375
True,5,5,0.3576983067814806,0.6397403933716912,0.5985588161024099,0.10359705358976937,-6.288221154215553,0.39216343670490955,170.99514411456366,1.725973964725015e-31,equivalent,True,1.0,1.0,8.406129445408986e-07,8.259260000851017e-07,True,477,0.5906839370727539,t8_rho0.75_n800,t8,800,0.75,0.375
True,5,5,0.3926860583377092,0.7710117020640338,0.7273446702567625,0.11899118562749507,-4.392386940150535,0.4296667903181263,180.05947166721455,2.2773166246811106e-33,equivalent,True,1.0,1.0,8.858444732335876e-07,9.457013064538058e-07,True,478,0.5808179378509521,t8_rho0.75_n800,t8,800,0.75,0.375
True,5,5,0.3722378974352986,0.6928052614352594,0.6485839943326573,0.11663817434889386,-5.15625359385648,0.40998456518543075,159.54021012249578,4.03163141175799e-29,equivalent,True,1.0,1.0,9.217740936393396e-07,9.913469342038257e-07,True,479,0.6013879776000977,t8_rho0.75_n800,t8,800,0.75,0.375
True,5,5,0.3989343862652064,0.7957432227239845,0.7527311122600729,0.11882162627292557,-4.1850032131165475,0.43547107715561706,190.87662626791763,1.284512776951688e-35,equivalent,True,1.0,1.0,9.166109128398624e-07,9.61546671170116e-07,True,480,0.5938310623168945,t8_rho0.75_n800,t8,800,0.75,0.375
True,5,5,0.37520867165181493,0.7039077364135974,0.6592685641150575,0.1115120169300818,-5.297468848181017,0.41053367940064955,183.89973741641927,3.6288512373562295e-34,equivalent,True,1.0,1.0,9.076645866861536e-07,7.879789426718436e-07,True,481,0.6138570308685303,t8_rho0.75_n800,t8,800,0.75,0.375
True,5,5,0.41969080820977095,0.8807018724788538,0.8437507231483555,0.1172789530260689,-3.463957226505449,0.4553366742089542,247.62088969045797,1.7169930237349527e-47,equivalent,True,1.0,1.0,8.087060415641087e-07,8.289286898875533e-07,True,482,0.5581319332122803,t8_rho0.75_n800,t8,800,0.75,0.375
True,5,5,0.3918899049528006,0.7678884880195755,0.729068104375565,0.10794948948166692,-4.825700409754183,0.4258237226076172,223.12145222755746,2.3732125174944587e-42,equivalent,True,1.0,1.0,9.588389440398106e-07,9.605916257641016e-07,True,483,0.5851318836212158,t8_rho0.75_n800,t8,800,0.75,0.375
True,5,5,0.37410613266655435,0.6997769924936278,0.662067304159125,0.10277262974760364,-5.7207127742548005,0.40770411745549284,192.16185062275423,6.937275487066579e-36,equivalent,True,1.0,1.0,9.234493195062319e-07,9.054847235642632e-07,True,484,0.5738480091094971,t8_rho0.75_n800,t8,800,0.75,0.375
True,5,5,0.3546459941689695,0.6288689059004838,0.5875591789100719,0.10162153828877045,-6.518704914774255,0.3885129945679408,174.26635615914353,3.624336649494427e-32,equivalent,True,1.0,1.0,8.502587402465914e-07,8.709740095193617e-07,True,485,0.5814273357391357,t8_rho0.75_n800,t8,800,0.75,0.375
True,5,5,0.3583938750573833,0.6422308483932364,0.5997832451454249,0.10771523489445098,-6.036441878363034,0.39419767628424507,160.9619097054006,2.051055535286008e-29,equivalent,True,1.0,1.0,9.981585267258606e-07,9.225884299113617e-07,True,486,0.6008272171020508,t8_rho0.75_n800,t8,800,0.75,0.375
True,5,5,0.3630850359640263,0.6591537167049913,0.6205035592279174,0.10476819426933891,-6.008468936228566,0.3982039436170857,171.5018214139485,1.3554674328023964e-31,equivalent,True,1.0,1.0,8.676074362369334e-07,6.784158918057005e-07,True,487,0.5790209770202637,t8_rho0.75_n800,t8,800,0.75,0.375
True,5,5,0.4099831893905843,0.8404310779143787,0.8047964831523026,0.11075299150924495,-4.01978773467744,0.4442902076193014,252.4264656834606,1.676370610378007e-48,equivalent,True,1.0,1.0,8.654416150070327e-07,9.84352316519311e-07,True,488,0.5658581256866455,t8_rho0.75_n800,t8,800,0.75,0.375
True,5,5,0.39044452611231717,0.7622346398553597,0.7186920064827647,0.1121502460060178,-4.73746614420022,0.4250088811752674,198.59725680105694,3.165080713133624e-37,equivalent,True,1.0,1.0,8.306936010094677e-07,9.163381417058314e-07,True,489,0.5980517864227295,t8_rho0.75_n800,t8,800,0.75,0.375
True,5,5,0.37401693140672637,0.6994433248945193,0.6580874139534931,0.10905905646651667,-5.427450091943863,0.40926118763800423,188.15225241365084,4.738320567368141e-35,equivalent,True,1.0,1.0,8.711176613157466e-07,7.962907100118843e-07,True,490,0.5957820415496826,t8_rho0.75_n800,t8,800,0.75,0.375
True,5,5,0.40346250104385156,0.8139099487427996,0.7779481374792065,0.10940325210692958,-4.314788211774682,0.43769863456665614,232.3864080353518,2.7134573191522797e-44,equivalent,True,1.0,1.0,9.841572553234648e-07,6.871394625830622e-07,True,491,0.5609171390533447,t8_rho0.75_n800,t8,800,0.75,0.375
True,5,5,0.41323943441415356,0.8538341507746476,0.8122168397890518,0.12417477816769774,-3.5255401029967866,0.45088051056440304,211.09826677493822,7.777045035437666e-40,equivalent,True,1.0,1.0,9.91575748163817e-07,8.92406477222157e-07,True,492,0.5952482223510742,t8_rho0.75_n800,t8,800,0.75,0.375
True,5,5,0.36949050912943526,0.6826161816836466,0.6429209305074511,0.09907013275119149,-6.1277708289458985,0.4014665111029343,208.57684496943088,2.6161510943347707e-39,equivalent,True,1.0,1.0,9.589738793874206e-07,6.993554496984189e-07,True,493,0.569011926651001,t8_rho0.75_n800,t8,800,0.75,0.375
True,5,5,0.36015106780612366,0.6485439582094554,0.6083516186440273,0.10402643789782573,-6.168127971335485,0.3948315798714961,166.8816315967075,1.2259809290479779e-30,equivalent,True,1.0,1.0,9.699728698836243e-07,9.956402907524637e-07,True,494,0.5738141536712646,t8_rho0.75_n800,t8,800,0.75,0.375
True,5,5,0.34171680240779406,0.5838518652390368,0.543307824047259,0.10821961296410705,-6.530167282959402,0.37981923251424615,130.00980862255113,4.649779033209923e-23,equivalent,True,1.0,1.0,7.989670530715118e-07,8.880441406716877e-07,True,495,0.5790343284606934,t8_rho0.75_n800,t8,800,0.75,0.375
True,5,5,0.3673236831793056,0.6746334411220544,0.6345116684093091,0.11010818637023094,-5.5898507811322515,0.40388699363000835,163.20075804139623,7.071484334750641e-30,equivalent,True,1.0,1.0,9.475412321858092e-07,9.285085684733734e-07,True,496,0.5900321006774902,t8_rho0.75_n800,t8,800,0.75,0.375
True,5,5,0.3955126828778186,0.7821514115860495,0.7402189170922165,0.11025617941734626,-4.623605548475782,0.4293190407379227,213.91302773862537,2.006257634828696e-40,equivalent,True,1.0,1.0,8.605687486157778e-07,8.859650164359409e-07,True,497,0.5879642963409424,t8_rho0.75_n800,t8,800,0.75,0.375
True,5,5,0.41220946560517796,0.849583217672532,0.8091928357570624,0.12257302843245847,-3.5962819054098514,0.44962373739397204,208.19250752684349,3.147371309406653e-39,equivalent,True,1.0,1.0,8.723087318334914e-07,8.779556728340615e-07,True,498,0.5773241519927979,t8_rho0.75_n800,t8,800,0.75,0.375
True,5,5,0.3836973416062112,0.7361182497783678,0.693934952201064,0.11463409138587091,-4.850782529667899,0.42011694876293676,178.40343234321693,5.025274440487726e-33,equivalent,True,1.0,1.0,9.714773596658923e-07,9.419316520405233e-07,True,499,0.6029279232025146,t8_rho0.75_n800,t8,800,0.75,0.375
True,5,5,0.4061852903929549,0.8249324506580455,0.7810832115067908,0.12502062858528692,-3.750715332336713,0.44423503821266797,187.80831308377657,5.586837044925609e-35,equivalent,True,1.0,1.0,8.792194704892879e-07,9.970604456571764e-07,True,500,0.6033921241760254,t8_rho0.75_n800,t8,800,0.75,0.375
True,5,5,0.365073051112294,0.666391663242198,0.6265629856760098,0.10732024652081955,-5.809127676603378,0.40077152653628123,169.6938694627812,3.2098989659358218e-31,equivalent,True,1.0,1.0,8.479178164695572e-07,9.726503105358523e-07,True,501,0.5691649913787842,t8_rho0.75_n800,t8,800,0.75,0.375
True,5,5,0.4006012405356051,0.8024067695933286,0.7624501358868501,0.11772559823781574,-4.141409102277464,0.4372851502471478,211.3796596323389,6.792078827742008e-40,equivalent,True,1.0,1.0,9.576635066977812e-07,9.312166630627201e-07,True,502,0.5717377662658691,t8_rho0.75_n800,t8,800,0.75,0.375
True,5,5,0.40150433953235154,0.8060286733165493,0.7653090556791713,0.11640651480563674,-4.163778506126691,0.4374427353969896,212.45148129824747,4.054725001897426e-40,equivalent,True,1.0,1.0,8.347546086782789e-07,8.115973976977592e-07,True,503,0.5832090377807617,t8_rho0.75_n800,t8,800,0.75,0.375
True,5,5,0.3546238770809873,0.6287904709797559,0.58554862527178,0.10750128050822476,-6.1808693960383465,0.39047983210856385,158.83041066615596,5.648921541865868e-29,equivalent,True,1.0,1.0,9.698157669500601e-07,8.462457984630179e-07,True,504,0.5939278602600098,t8_rho0.75_n800,t8,800,0.75,0.375
True,5,5,0.4122058047771188,0.8495681274597611,0.809105875445841,0.12096889179575726,-3.644690118336874,0.44901714797196607,221.52003307062026,5.1366701303794116e-42,equivalent,True,1.0,1.0,9.432491858909861e-07,9.630230024431587e-07,True,505,0.5681319236755371,t8_rho0.75_n800,t8,800,0.75,0.375
True,5,5,0.3830387129514941,0.7335932780976855,0.6933958759707171,0.1081196691344358,-5.14803761873524,0.41742949246340677,203.12439664607012,3.59821113881815e-38,equivalent,True,1.0,1.0,9.392466816987468e-07,8.563013214899787e-07,True,506,0.5743420124053955,t8_rho0.75_n800,t8,800,0.75,0.375
True,5,5,0.34681028010083387,0.6013868519180942,0.5590745073049208,0.10746242961900974,-6.429460930156159,0.3836233763536227,138.32932740034641,9.267656811866502e-25,equivalent,True,1.0,1.0,9.687227466902343e-07,6.688526447521305e-07,True,507,0.6022968292236328,t8_rho0.75_n800,t8,800,0.75,0.375
True,5,5,0.394315733346399,0.7774244878225423,0.738029477498124,0.10965229290610731,-4.669036177294207,0.4285770523927476,223.90484047131596,1.6265192432328813e-42,equivalent,True,1.0,1.0,9.134501453251164e-07,8.497692013398185e-07,True,508,0.5753862857818604,t8_rho0.75_n800,t8,800,0.75,0.375
True,5,5,0.3857446476028179,0.7439946657711107,0.7045384487087857,0.10542191604581148,-5.174081175437771,0.4190327122497508,216.03813785750276,7.209994852127628e-41,equivalent,True,1.0,1.0,8.272509486914894e-07,8.504954801831368e-07,True,509,0.5701582431793213,t8_rho0.75_n800,t8,800,0.75,0.375
True,5,5,0.390952867465186,0.7642207228962563,0.7257775597228445,0.10937712727096523,-4.792797665808812,0.425602378804448,210.59061998669208,9.929023884895537e-40,equivalent,True,1.0,1.0,9.103396013813707e-07,9.96123239884124e-07,True,510,0.5721080303192139,t8_rho0.75_n800,t8,800,0.75,0.375
True,5,5,0.42220749212405256,0.8912958320284097,0.8550425440750257,0.11261318901626678,-3.5072042571134667,0.4561304104027715,261.96546429189357,1.647898686175024e-50,equivalent,True,1.0,1.0,8.887810425357707e-07,8.700316750182865e-07,True,511,0.5640659332275391,t8_rho0.75_n800,t8,800,0.75,0.375
True,5,5,0.3849858107757868,0.7410703724934496,0.7011661066851408,0.1104435797607684,-4.969359871381271,0.42019748438755433,194.61237784909883,2.142123667496196e-36,equivalent,True,1.0,1.0,9.587751137558955e-07,9.755455121354899e-07,True,512,0.5961780548095703,t8_rho0.75_n800,t8,800,0.75,0.375
True,5,5,0.3578871264346222,0.6404159763381565,0.5989248669541755,0.1043580817954628,-6.238856846007412,0.39257575989791854,162.43401415969683,1.0184249947611888e-29,equivalent,True,1.0,1.0,7.517341969831895e-07,9.428755054084559e-07,True,513,0.5980672836303711,t8_rho0.75_n800,t8,800,0.75,0.375
True,5,5,0.39380737488010914,0.775421242549814,0.7329250606258483,0.11706153659503983,-4.417120724827914,0.4302264877179721,204.56155099701866,1.803589581176148e-38,equivalent,True,1.0,1.0,8.615305445110346e-07,7.673764155064185e-07,True,514,0.5960943698883057,t8_rho0.75_n800,t8,800,0.75,0.375
True,5,5,0.387155474559996,0.7494468074088785,0.712358823483899,0.10969754941296563,-4.901122945710535,0.42256247715657475,208.50529684810402,2.7077534508979377e-39,equivalent,True,1.0,1.0,9.398965011554142e-07,8.851291122093762e-07,True,515,0.5657639503479004,t8_rho0.75_n800,t8,800,0.75,0.375
True,5,5,0.3404475624153223,0.579522713772674,0.5427019906743508,0.09311034618612578,-7.596341741784251,0.37305626420295024,167.57901709415682,8.794357151967611e-31,equivalent,True,1.0,1.0,9.71290561734414e-07,7.246508280807334e-07,True,516,0.5657169818878174,t8_rho0.75_n800,t8,800,0.75,0.375
True,5,5,0.3811402434741653,0.72633942597773,0.687024250933211,0.11008950116173696,-5.113800527079312,0.41667862105185394,187.00787059827798,8.196737509229256e-35,equivalent,True,0.9970149253731343,1.0,9.570072585044235e-07,9.254596628606459e-07,True,517,0.569011926651001,t8_rho0.75_n800,t8,800,0.75,0.375
True,5,5,0.3767258694427564,0.7096119035370037,0.6683206339291424,0.10236668391757388,-5.682311312723859,0.4090718384953818,202.90446712402542,3.9992699007920573e-38,equivalent,True,1.0,1.0,8.944411312633778e-07,7.290546474259093e-07,True,518,0.5783417224884033,t8_rho0.75_n800,t8,800,0.75,0.375
True,5,5,0.39417269507348335,0.7768605677074665,0.7372349813000814,0.11069758638267084,-4.632124651095278,0.4287927955916217,211.07091628370404,7.880082820378041e-40,equivalent,True,1.0,1.0,7.115500633427161e-07,9.631725795965838e-07,True,519,0.569220781326294,t8_rho0.75_n800,t8,800,0.75,0.375
True,5,5,0.41945904335194967,0.8797294452486639,0.8409748952652093,0.11607485637539097,-3.523804530173066,0.45429088561672515,245.8828145718101,3.981540211564777e-47,equivalent,True,1.0,1.0,9.541174106376048e-07,9.958008949477493e-07,True,520,0.5694479942321777,t8_rho0.75_n800,t8,800,0.75,0.375
True,5,5,0.37714123316508946,0.7111775487664218,0.6682805616389328,0.11080194004174784,-5.250083510648708,0.4124399434074884,199.45698254615036,2.0947143451841743e-37,equivalent,True,1.0,1.0,9.09049037924746e-07,9.65491545912291e-07,True,521,0.607283353805542,t8_rho0.75_n800,t8,800,0.75,0.375
True,5,5,0.3954267477698773,0.7818115642593106,0.7364259426953191,0.1167198830709723,-4.400056303966641,0.4309090543727202,193.1418798963892,4.336324647200204e-36,equivalent,True,1.0,1.0,9.675785480116088e-07,9.511245179370383e-07,True,522,0.6230640411376953,t8_rho0.75_n800,t8,800,0.75,0.375
True,5,5,0.36530019815514,0.6672211738609226,0.629216656161007,0.0999813184156478,-6.208993376725026,0.3984146810508808,194.09316601631795,2.7478803996593285e-36,equivalent,True,0.9970149253731343,1.0,8.987461066144584e-07,9.000231626402881e-07,True,523,0.6007320880889893,t8_rho0.75_n800,t8,800,0.75,0.375
True,5,5,0.39315094302710213,0.7728383200154986,0.7330710392177516,0.1095883092015302,-4.7170082698477325,0.4273939089597249,216.2437440500497,6.530178815469902e-41,equivalent,True,1.0,1.0,6.787349208276437e-07,7.361288734000726e-07,True,524,0.6280901432037354,t8_rho0.75_n800,t8,800,0.75,0.375
True,5,5,0.32808038230795505,0.5381836862766698,0.5000319072918795,0.08645431401457525,-8.674733022364668,0.3583954796769499,163.9990673238774,4.83649365920826e-30,equivalent,True,1.0,1.0,9.128456991361719e-07,9.126158150174078e-07,True,525,0.5910661220550537,t8_rho0.75_n800,t8,800,0.75,0.375
True,5,5,0.40865031503828736,0.8349753999044576,0.7914282307472567,0.12381050778834571,-3.7038194693189745,0.4461117334340402,202.42213874847,5.042247864574878e-38,equivalent,True,1.0,1.0,9.973223941519587e-07,8.756933229374833e-07,True,526,0.6190950870513916,t8_rho0.75_n800,t8,800,0.75,0.375
True,5,5,0.3826035750033147,0.7319274780265853,0.6886114113182198,0.11948550079099994,-4.698382523112511,0.42074875416628604,166.47222379229927,1.4899472014775416e-30,equivalent,True,1.0,1.0,9.058973450394576e-07,7.622031011313457e-07,True,527,0.6217241287231445,t8_rho0.75_n800,t8,800,0.75,0.375
True,5,5,0.3631071933754972,0.6592341694051534,0.6114665025391389,0.10674793051426179,-5.981694393368604,0.39674959942389004,164.4705123550949,3.864400397158649e-30,equivalent,True,1.0,1.0,6.972564648197363e-07,9.8053390382975e-07,True,528,0.6288349628448486,t8_rho0.75_n800,t8,800,0.75,0.375
True,5,5,0.3576006407140974,0.6393910911956648,0.6001878336616927,0.10276445110959641,-6.3233166656560496,0.39222960464273715,169.54209050314563,3.450754198178373e-31,equivalent,True,1.0,1.0,9.747174736111713e-07,8.83974391554786e-07,True,529,0.577782154083252,t8_rho0.75_n800,t8,800,0.75,0.375
True,5,5,0.39804429056681323,0.7921962862641883,0.7555890723853355,0.11444756187092286,-4.319977809333107,0.4344740635813549,207.04753839455864,5.458694843217473e-39,equivalent,True,1.0,1.0,7.555538143207051e-07,9.872550978432479e-07,True,530,0.5657870769500732,t8_rho0.75_n800,t8,800,0.75,0.375
True,5,5,0.3707808847025698,0.6873923223041019,0.6480452637411128,0.10574960326119119,-5.6922647243613556,0.4054597100117254,179.02002039778193,3.742781012849107e-33,equivalent,True,1.0,0.9970149253731343,9.60612679079496e-07,9.130028540395061e-07,True,531,0.5821149349212646,t8_rho0.75_n800,t8,800,0.75,0.375
True,5,5,0.3652992572562307,0.6672177367597689,0.6281135892495983,0.09962805442371094,-6.2420812525914,0.39799174763167083,203.0318041141303,3.761913026675712e-38,equivalent,True,1.0,1.0,9.258851815224043e-07,9.511514163738152e-07,True,532,0.5696690082550049,t8_rho0.75_n800,t8,800,0.75,0.375
True,5,5,0.35152461271041724,0.6178477667060442,0.574773664030906,0.10271531086417479,-6.57376519905564,0.38567481526521585,160.8656169630309,2.1471422217398857e-29,equivalent,True,1.0,1.0,9.654131317012486e-07,8.652533638277797e-07,True,533,0.591202974319458,t8_rho0.75_n800,t8,800,0.75,0.375
True,5,5,0.41649289987239213,0.8673316782205722,0.8253417731647145,0.12599031697118093,-3.3705624133989756,0.454439743639468,209.86852241412137,1.405396967892526e-39,equivalent,True,1.0,1.0,8.046957992766444e-07,9.367113251294362e-07,True,534,0.5878169536590576,t8_rho0.75_n800,t8,800,0.75,0.375
True,5,5,0.3328406368463332,0.5539144476813633,0.5093658893653351,0.1039330739821972,-7.126067595783118,0.36886869833727226,127.68461304614635,1.38513913648099e-22,equivalent,True,1.0,1.0,8.946781111274166e-07,8.71663056244891e-07,True,535,0.6129682064056396,t8_rho0.75_n800,t8,800,0.75,0.375
True,5,5,0.37159807631655384,0.6904256516108169,0.6466227051365747,0.11104166299312913,-5.433791953392847,0.4072517617527385,166.06913590950253,1.8052640769831303e-30,equivalent,True,1.0,1.0,8.814272885299774e-07,9.871231322208457e-07,True,536,0.6163620948791504,t8_rho0.75_n800,t8,800,0.75,0.375
True,5,5,0.396344392850598,0.7854443887205459,0.745884815565716,0.1095591315697304,-4.601306866999334,0.430370433578758,220.9816551128497,6.658872790386696e-42,equivalent,True,1.0,1.0,9.301009386507496e-07,9.244427394019008e-07,True,537,0.5740768909454346,t8_rho0.75_n800,t8,800,0.75,0.375
True,5,5,0.41482168511797896,0.8603851522205985,0.8244317471197745,0.12083606860213217,-3.5218644383529396,0.45236918392537495,218.5565687484603,2.1429384484963133e-41,equivalent,True,1.0,1.0,9.840451074284607e-07,8.678821000762326e-07,True,538,0.5589771270751953,t8_rho0.75_n800,t8,800,0.75,0.375
True,5,5,0.41369308326792126,0.855709835718596,0.8167906063391945,0.11429189101848192,-3.7903773382378634,0.4482820625035284,245.77151579876102,4.201838139887995e-47,equivalent,True,1.0,1.0,9.685883982401345e-07,9.629374002516176e-07,True,539,0.5860030651092529,t8_rho0.75_n800,t8,800,0.75,0.375
True,5,5,0.43057749833298065,0.9269849103534398,0.8884993497399474,0.1232105408597976,-2.9340074943052765,0.46715364811844035,237.1996272306983,2.652469151600239e-45,equivalent,True,1.0,1.0,9.414348894018678e-07,8.073685498317527e-07,True,540,0.5717198848724365,t8_rho0.75_n800,t8,800,0.75,0.375
True,5,5,0.43428078250071345,0.9429989902471598,0.9029122902755901,0.12928476466730884,-2.684676037563884,0.47234877036956086,235.51379342273822,5.990188512342301e-45,equivalent,True,1.0,1.0,9.353789624833794e-07,8.678143942230218e-07,True,541,0.5863296985626221,t8_rho0.75_n800,t8,800,0.75,0.375
True,5,5,0.4171921583763483,0.8702464850535806,0.8296742516351273,0.12246848683973384,-3.4321135110857077,0.45411826353951507,221.93179941982538,4.211766032533424e-42,equivalent,True,1.0,1.0,8.894132293248747e-07,7.308821367569824e-07,True,542,0.588550329208374,t8_rho0.75_n800,t8,800,0.75,0.375
True,5,5,0.3638348327683685,0.6618789276779333,0.6216515255861531,0.10207531048599788,-6.155734147877417,0.39737903071532205,183.31163003858015,4.808090316009487e-34,equivalent,True,1.0,1.0,8.142739365554508e-07,6.563037216995785e-07,True,543,0.5901479721069336,t8_rho0.75_n800,t8,800,0.75,0.375
True,5,5,0.40759545877370407,0.8306702900647314,0.7853491272084531,0.1257295821882491,-3.695636815971015,0.44545614520082394,196.12091144812985,1.0388295748822538e-36,equivalent,True,1.0,1.0,9.776606519180853e-07,9.931547798142547e-07,True,544,0.6145117282867432,t8_rho0.75_n800,t8,800,0.75,0.375
True,5,5,0.3916461424867434,0.7669335046237326,0.7242529556598828,0.11939615008432508,-4.403383559426342,0.42910188677518707,184.4615766396925,2.7733697719200096e-34,equivalent,True,1.0,1.0,9.213320999023645e-07,8.445572920226776e-07,True,545,0.5898890495300293,t8_rho0.75_n800,t8,800,0.75,0.375
True,5,5,0.38719305225973755,0.7495922985910592,0.71425506564353,0.1007218975595276,-5.319051242455392,0.4195063394414329,246.39026693731864,3.1146635741266824e-47,equivalent,True,1.0,1.0,9.72362803054383e-07,9.942555077197673e-07,True,546,0.5540611743927002,t8_rho0.75_n800,t8,800,0.75,0.375
True,5,5,0.3926016109022242,0.770680124415107,0.7315297536720061,0.11810339761490145,-4.389968932295789,0.43030048933139003,209.8278780944632,1.4331498979727832e-39,equivalent,True,1.0,0.9970149253731343,8.149585571626862e-07,8.958307316901767e-07,True,547,0.5811190605163574,t8_rho0.75_n800,t8,800,0.75,0.375
True,5,5,0.4121688844570599,0.8494159465728861,0.8094243683168927,0.11657678915772485,-3.7792740293011664,0.4474765072674393,239.2865228081941,9.67328093932369e-46,equivalent,True,1.0,1.0,8.999826491315521e-07,8.894032519032695e-07,True,548,0.5822679996490479,t8_rho0.75_n800,t8,800,0.75,0.375
True,5,5,0.40153814467131277,0.8061644081304005,0.7681051360391582,0.11079291706355796,-4.349509668423983,0.4359686382096045,230.2885015061436,7.472437055769088e-44,equivalent,True,1.0,1.0,8.947179880321685e-07,9.612018238821212e-07,True,549,0.5661959648132324,t8_rho0.75_n800,t8,800,0.75,0.375
True,5,5,0.3504879208959061,0.6142089134696747,0.5733157120163057,0.1045247602705104,-6.473913800255875,0.3860682952674275,148.5032818449517,7.572563232693596e-27,equivalent,True,1.0,1.0,8.592110649278326e-07,8.598302314513846e-07,True,550,0.5921292304992676,t8_rho0.75_n800,t8,800,0.75,0.375
True,5,5,0.3841337474586476,0.7377936796831202,0.6945254282821933,0.11306205411446667,-4.9130061899939586,0.41964174198069415,181.35350758140171,1.2266660555415489e-33,equivalent,True,1.0,1.0,9.727658759228979e-07,9.538612250282229e-07,True,551,0.6114509105682373,t8_rho0.75_n800,t8,800,0.75,0.375
True,5,5,0.3701172079135612,0.6849337379686513,0.64626056999669,0.10244730851510214,-5.893170242869879,0.4036759584070303,190.97652767313207,1.2244593308599808e-35,equivalent,True,1.0,1.0,8.47207994981751e-07,9.205281364088344e-07,True,552,0.5747880935668945,t8_rho0.75_n800,t8,800,0.75,0.375
True,5,5,0.41609360048675725,0.8656694218301658,0.823566310261385,0.11862544660557725,-3.5947910161003,0.45137297357270006,233.87393087202344,1.3228151923722922e-44,equivalent,True,1.0,0.9970149253731343,9.27942392167354e-07,8.629015309688751e-07,True,553,0.5847268104553223,t8_rho0.75_n800,t8,800,0.75,0.375
True,5,5,0.392164623220299,0.7689654585275953,0.7319004376174268,0.10897378222482651,-4.754350558501026,0.42688320617062286,208.66801363287863,2.5039032017385112e-39,equivalent,True,1.0,0.9970149253731343,9.00911151852e-07,9.86586048987412e-07,True,554,0.5589509010314941,t8_rho0.75_n800,t8,800,0.75,0.375
True,5,5,0.3821969983205468,0.7303727276261803,0.6901502838366403,0.10957216920493627,-5.109415285155623,0.4172242715294306,201.1539766707666,9.272457933465331e-38,equivalent,True,1.0,1.0,8.954226696879981e-07,9.22585438509572e-07,True,555,0.5920200347900391,t8_rho0.75_n800,t8,800,0.75,0.375
True,5,5,0.45536530338463993,1.0367877976329258,0.9946977411664334,0.1360994405795614,-1.875850905385032,0.4936722393713852,246.4581099196214,3.0140714646114306e-47,equivalent,True,1.0,1.0,7.492414614352461e-07,9.538940713267284e-07,True,556,0.5890762805938721,t8_rho0.75_n800,t8,800,0.75,0.375
True,5,5,0.3515674803907454,0.6179984663414859,0.5770955635990151,0.10257052997646672,-6.560407132100933,0.3862147257288725,161.49636088083543,1.5907727347226695e-29,equivalent,True,1.0,1.0,8.103813459492575e-07,9.781458489133034e-07,True,557,0.578510046005249,t8_rho0.75_n800,t8,800,0.75,0.375
True,5,5,0.4760078817655167,1.1329175175144708,1.090413590203046,0.1459184303841541,-1.0936686296365485,0.5158348669214767,274.7846889070107,3.2782141958009417e-53,inconclusive,True,1.0,1.0,8.162023724944351e-07,9.310813472188649e-07,True,558,0.5930240154266357,t8_rho0.75_n800,t8,800,0.75,0.375
True,5,5,0.34428905600619336,0.5926747704281787,0.5528596167106133,0.10002796899385555,-6.969454546579969,0.37878515924115774,152.0808094732824,1.3905330523721916e-27,equivalent,True,1.0,1.0,9.888218155690325e-07,9.7271941141085e-07,True,559,0.5894510746002197,t8_rho0.75_n800,t8,800,0.75,0.375
True,5,5,0.41793051386681823,0.8733295721049138,0.8335210021468566,0.1224055401892478,-3.402452186471599,0.45494179823051983,233.69301496981006,1.443616790104847e-44,equivalent,True,1.0,1.0,9.150973645453294e-07,7.627556246789413e-07,True,560,0.5833380222320557,t8_rho0.75_n800,t8,800,0.75,0.375
True,5,5,0.3773796780865861,0.7120771071636768,0.6754116678004501,0.10619285829397007,-5.410800136944582,0.4123307836971745,194.76779463397997,1.9882382709679144e-36,equivalent,True,1.0,1.0,8.535408164261383e-07,9.585489969859039e-07,True,561,0.5473449230194092,t8_rho0.75_n800,t8,800,0.75,0.375
True,5,5,0.37295588020062087,0.6954804428810994,0.6563752033337328,0.10541425517172416,-5.631352189504427,0.40737359347049756,186.09629744493301,1.268209338585026e-34,equivalent,True,1.0,1.0,8.41524539380316e-07,9.50781290830429e-07,True,562,0.575214147567749,t8_rho0.75_n800,t8,800,0.75,0.375
True,5,5,0.3675291548949894,0.6753883984891255,0.6342326492046492,0.10560802122282409,-5.830687325313417,0.4019806925582818,177.83017874042514,6.608660343047538e-33,equivalent,True,0.9970149253731343,1.0,8.166957561160434e-07,9.498729594716233e-07,True,563,0.5948450565338135,t8_rho0.75_n800,t8,800,0.75,0.375
True,5,5,0.40726149872192746,0.8293096417061527,0.7896303667535773,0.12265209706327446,-3.7534591276407165,0.4452808357567858,199.18652115495263,2.3851828689342716e-37,equivalent,True,1.0,1.0,6.741133482128704e-07,7.915156709849268e-07,True,564,0.5729548931121826,t8_rho0.75_n800,t8,800,0.75,0.375
True,5,5,0.3882649259683405,0.7537482636860046,0.7132011543379527,0.11606311375079162,-4.6250598343815845,0.4252312283796249,180.71045121649342,1.668257810085214e-33,equivalent,True,1.0,1.0,8.958545281370699e-07,7.69445820838983e-07,True,565,0.5776441097259521,t8_rho0.75_n800,t8,800,0.75,0.375
True,5,5,0.4232920538337134,0.8958808141938164,0.8577526163622052,0.11836906405360091,-3.3137660314706374,0.4587924150832535,242.5048322152212,2.0405139204902113e-46,equivalent,True,1.0,1.0,9.235512702223034e-07,9.723207280438903e-07,True,566,0.5644748210906982,t8_rho0.75_n800,t8,800,0.75,0.375
True,5,5,0.3415022386543922,0.5831188950298074,0.5472637943496013,0.09310288872605169,-7.547952757063722,0.374273808474573,167.39066406749131,9.619991578179667e-31,equivalent,True,1.0,1.0,9.78985970030908e-07,9.135339338303268e-07,True,567,0.5659158229827881,t8_rho0.75_n800,t8,800,0.75,0.375
True,5,5,0.40125295809528544,0.8050196819010845,0.7606947573606683,0.11967255309906218,-4.088700624898477,0.4376159481491056,202.44027710269552,4.998498715106457e-38,equivalent,True,1.0,1.0,9.691730597592881e-07,7.663427274296898e-07,True,568,0.6069610118865967,t8_rho0.75_n800,t8,800,0.75,0.375
True,5,5,0.39762099274339113,0.7905122693511994,0.750512561144943,0.11435123533138616,-4.368010869384651,0.4332674936632461,204.05122529348841,2.3049294298627164e-38,equivalent,True,1.0,1.0,7.747847906888349e-07,9.214585502848884e-07,True,569,0.5779976844787598,t8_rho0.75_n800,t8,800,0.75,0.375
True,5,5,0.40559380350820473,0.8225316672212609,0.7854722100490968,0.10982018577545534,-4.2298944103109,0.43957032223168546,242.64866351169687,1.9033926518434365e-46,equivalent,True,1.0,1.0,9.680099071261214e-07,9.801912242275032e-07,True,570,0.5520408153533936,t8_rho0.75_n800,t8,800,0.75,0.375
True,5,5,0.4191328676045884,0.8783618035322271,0.8375186740790848,0.11650921235502773,-3.540332284317562,0.45368695696361194,245.60336457386973,4.557994366632177e-47,equivalent,True,1.0,1.0,9.496609303548143e-07,8.588676771732596e-07,True,571,0.5838301181793213,t8_rho0.75_n800,t8,800,0.75,0.375
True,5,5,0.3315253220782903,0.5495451958955705,0.5100272815022787,0.0967131366897781,-7.651212067201324,0.36581586492669055,140.79522364531664,2.895674245517013e-25,equivalent,True,1.0,1.0,7.473464292695041e-07,8.905339981603865e-07,True,572,0.58319091796875,t8_rho0.75_n800,t8,800,0.75,0.375
True,5,5,0.4097190469404497,0.839348487128952,0.8035210255226629,0.10998108714571075,-4.0595977550741065,0.4437169853882881,248.9566093504935,8.994763167815613e-48,equivalent,True,0.9970149253731343,1.0,8.28242293460056e-07,7.979225070931252e-07,True,573,0.56007981300354,t8_rho0.75_n800,t8,800,0.75,0.375
True,5,5,0.3947616078041859,0.7791836349807294,0.7403458452122686,0.12027140512721272,-4.2375338863686105,0.43316848965600313,182.243877541465,8.013039515593734e-34,equivalent,True,1.0,1.0,9.208922629255581e-07,8.115922878890426e-07,True,574,0.5676310062408447,t8_rho0.75_n800,t8,800,0.75,0.375
True,5,5,0.43297694965455297,0.9373451946608065,0.9012998730953786,0.11688573733623922,-2.9832564250463984,0.46766650555535594,269.00904323697495,5.409731082579693e-52,equivalent,True,1.0,0.9970149253731343,9.95143122113744e-07,9.831241878085858e-07,True,575,0.5903491973876953,t8_rho0.75_n800,t8,800,0.75,0.375
True,5,5,0.38557246907216536,0.7433306445320297,0.7010592914830451,0.11548942298888061,-4.753168682553788,0.42214274546907427,179.20507134916323,3.4259845867924024e-33,equivalent,True,1.0,1.0,9.690517087476727e-07,8.127376476484945e-07,True,576,0.5960090160369873,t8_rho0.75_n800,t8,800,0.75,0.375
True,5,5,0.3649134951712915,0.6658092947906409,0.6274733115295353,0.10007562542881318,-6.220562557595873,0.39801584566083686,192.33766261754255,6.376518592467168e-36,equivalent,True,0.9970149253731343,1.0,9.45982837620456e-07,9.432604892792618e-07,True,577,0.5722508430480957,t8_rho0.75_n800,t8,800,0.75,0.375
True,5,5,0.35405471875794403,0.6267737193738342,0.5894556446874611,0.10043250633877451,-6.576997621511303,0.3884977263775481,175.44097240385096,2.0686987749648354e-32,equivalent,True,1.0,1.0,9.28611722116453e-07,9.432993349825723e-07,True,578,0.5547592639923096,t8_rho0.75_n800,t8,800,0.75,0.375
True,5,5,0.41419765763110833,0.8577984979354842,0.8147066015388216,0.12326881639866057,-3.5312531683066304,0.4511021527951676,215.53337334293147,9.19428442725599e-41,equivalent,True,1.0,1.0,8.360652916046858e-07,9.23925601783619e-07,True,579,0.5924768447875977,t8_rho0.75_n800,t8,800,0.75,0.375
True,5,5,0.3753746504690599,0.7045306410738443,0.6630264193311504,0.11051973783369416,-5.311029433965043,0.4110511430361502,176.96336489314973,9.998828254456476e-33,equivalent,True,1.0,1.0,8.013503182109491e-07,8.209407690527041e-07,True,580,0.5899019241333008,t8_rho0.75_n800,t8,800,0.75,0.375
True,5,5,0.35589987159147723,0.6333235929941499,0.5911405514969802,0.10737289238141003,-6.136180500406183,0.39185539245155543,146.63003252294337,1.8376729321577733e-26,equivalent,True,1.0,1.0,6.999870068280085e-07,7.823941878230389e-07,True,581,0.5899732112884521,t8_rho0.75_n800,t8,800,0.75,0.375
True,5,5,0.37900360164766955,0.7182186503095268,0.6794543936289635,0.10935149776968454,-5.2175381042582165,0.41456521835484583,184.71130467739457,2.4609582798299253e-34,equivalent,True,1.0,1.0,7.978173346643309e-07,8.090621169236249e-07,True,582,0.5600130558013916,t8_rho0.75_n800,t8,800,0.75,0.375
True,5,5,0.3682130644310279,0.6779043040884415,0.6294210250275672,0.12198685079210697,-5.087261216621116,0.40744853392627456,138.8708806328608,7.178936665598782e-25,equivalent,True,1.0,1.0,9.908862755808857e-07,8.926458893304718e-07,True,583,0.6446638107299805,t8_rho0.75_n800,t8,800,0.75,0.375
True,5,5,0.37430843241474215,0.7005340128839079,0.6603801247033732,0.10707019783991766,-5.506853327927692,0.40902198668501266,192.05326309470146,7.307972897608128e-36,equivalent,True,1.0,1.0,9.147109133398794e-07,8.943144355742099e-07,True,584,0.5901660919189453,t8_rho0.75_n800,t8,800,0.75,0.375
True,5,5,0.3998493737963956,0.7993976086268487,0.7633973353351442,0.11312866244882495,-4.301320762852439,0.4357699911825647,216.6526810270202,5.362616229544131e-41,equivalent,True,1.0,1.0,7.597022215088383e-07,8.479791720393456e-07,True,585,0.5611000061035156,t8_rho0.75_n800,t8,800,0.75,0.375
True,5,5,0.3761396763484972,0.7074052806177611,0.6687397772692011,0.10764673859446063,-5.399701192254327,0.4112913579631346,199.34146268578547,2.214182962551928e-37,equivalent,True,1.0,0.9970149253731343,8.769967607261336e-07,8.615397443540802e-07,True,586,0.572110652923584,t8_rho0.75_n800,t8,800,0.75,0.375
True,5,5,0.38644651631761584,0.7467045498701067,0.7087283626876215,0.10708901660564649,-5.054408514232624,0.42068375772261174,206.19199314666224,8.236561930135823e-39,equivalent,True,0.9970149253731343,1.0,8.906224011673239e-07,9.90624801028625e-07,True,587,0.5765953063964844,t8_rho0.75_n800,t8,800,0.75,0.375
True,5,5,0.38427977003891695,0.7383547083058144,0.6987794079415129,0.11063721290177346,-4.982234978640276,0.41970499850699833,199.25536783355582,2.3076290726088995e-37,equivalent,True,1.0,1.0,9.46703345015654e-07,9.144684345357205e-07,True,588,0.5800728797912598,t8_rho0.75_n800,t8,800,0.75,0.375
True,5,5,0.4106568047835394,0.8431950565751299,0.799270974520812,0.11866368267857591,-3.798373818382806,0.4459720536899338,220.07169181662766,1.0325111616962474e-41,equivalent,True,1.0,1.0,8.673844711562195e-07,7.98807715802565e-07,True,589,0.5842030048370361,t8_rho0.75_n800,t8,800,0.75,0.375
True,5,5,0.37546439249470004,0.7048675501570709,0.6636959905901703,0.10760220084677309,-5.448810570749702,0.4100453294261369,183.74891301724034,3.900414713735894e-34,equivalent,True,1.0,1.0,9.771230109624947e-07,8.920271322894569e-07,True,590,0.5867469310760498,t8_rho0.75_n800,t8,800,0.75,0.375
True,5,5,0.34823891719662403,0.6063517172513859,0.5680342512325631,0.09415171866884453,-7.243263940471266,0.3802367807481877,177.64528457552046,7.218988537957191e-33,equivalent,True,1.0,1.0,9.902307748898963e-07,7.841708404319993e-07,True,591,0.5829010009765625,t8_rho0.75_n800,t8,800,0.75,0.375
True,5,5,0.3802260626959656,0.7228592937663818,0.6862782110653394,0.1050248779187372,-5.367507205015171,0.41449457473653617,208.9317691184774,2.2055491523742722e-39,equivalent,True,1.0,1.0,8.59646812247092e-07,9.621172599438244e-07,True,592,0.5624110698699951,t8_rho0.75_n800,t8,800,0.75,0.375
True,5,5,0.3965644142539795,0.7863166732630091,0.7498223885111965,0.10643509376820691,-4.6993674152069085,0.4300912783423425,245.45196509007857,4.904417534655679e-47,equivalent,True,1.0,1.0,9.85764580694857e-07,9.764440063831884e-07,True,593,0.5479419231414795,t8_rho0.75_n800,t8,800,0.75,0.375
True,5,5,0.32926702571835026,0.5420838711270437,0.49773371336050615,0.09504553782482761,-7.914798567671299,0.3616821010161346,146.68810638604748,1.787869814432389e-26,equivalent,True,1.0,1.0,9.55883135673319e-07,8.839084494960941e-07,True,594,0.5964369773864746,t8_rho0.75_n800,t8,800,0.75,0.375
True,5,5,0.40607547967571295,0.8244864759693019,0.7857420102494647,0.11063272502302263,-4.196389356349339,0.4399355973919611,236.84064988897833,3.154952470725581e-45,equivalent,True,1.0,1.0,8.337216659816026e-07,8.202184400035194e-07,True,595,0.5800909996032715,t8_rho0.75_n800,t8,800,0.75,0.375
True,5,5,0.43204737628041223,0.9333246767539406,0.8894573386801475,0.12275842086059237,-2.9370096062843136,0.46719952321712144,247.44723798772665,1.867531116229625e-47,equivalent,True,1.0,1.0,9.446107723113057e-07,9.801714027832513e-07,True,596,0.6331741809844971,t8_rho0.75_n800,t8,800,0.75,0.375
True,5,5,0.3438920555774464,0.5913087294464074,0.5496165225979699,0.10305105942447898,-6.796470422657872,0.3792414617241938,144.41334217063633,5.242368137798197e-26,equivalent,True,1.0,1.0,9.353084267632272e-07,8.648974687975063e-07,True,597,0.5976488590240479,t8_rho0.75_n800,t8,800,0.75,0.375
True,5,5,0.3571042223035132,0.6376171279349849,0.6019381820320543,0.10125575039123015,-6.400247052280745,0.39204312780936795,178.1129932037823,5.773376608609751e-33,equivalent,True,1.0,1.0,6.334148837108783e-07,7.631222813333742e-07,True,598,0.577455997467041,t8_rho0.75_n800,t8,800,0.75,0.375
True,5,5,0.34725703868061003,0.6029372545661333,0.5629063940809708,0.09759656153970143,-7.0401415283419135,0.38037835172563156,165.03703584939547,2.950953263339197e-30,equivalent,True,1.0,1.0,9.090775033063117e-07,8.167866925624136e-07,True,599,0.5981559753417969,t8_rho0.75_n800,t8,800,0.75,0.375
True,5,5,0.40375615949026716,0.8150951816316503,0.7754456334634477,0.1137134435185771,-4.173247699239936,0.43874539392867035,219.8032032675821,1.1751553303933343e-41,equivalent,True,0.9970149253731343,1.0,9.725919664224095e-07,8.421270366499762e-07,True,600,0.5728719234466553,t8_rho0.75_n800,t8,800,0.75,0.375
True,5,5,0.41184083603501725,0.8480643711301098,0.8045385002817611,0.11878235347468064,-3.750232982319149,0.44719527842150153,219.20136962159148,1.5705904653546102e-41,equivalent,True,1.0,1.0,8.138535716331331e-07,9.601538969791508e-07,True,601,0.6014881134033203,t8_rho0.75_n800,t8,800,0.75,0.375
True,5,5,0.36897592123967254,0.6807161522733252,0.6422363229275259,0.10790852833702619,-5.63221171151803,0.40490247150188624,169.59671228320593,3.3620632779298677e-31,equivalent,True,1.0,1.0,9.56927913489768e-07,9.404489434539137e-07,True,602,0.57859206199646,t8_rho0.75_n800,t8,800,0.75,0.375
True,5,5,0.42397098093287056,0.8987569633659023,0.8605695067713491,0.12463767800377407,-3.1245005480353925,0.46164493791022265,217.69405951163412,3.2471038783959325e-41,equivalent,True,1.0,1.0,8.549729970721e-07,7.089772708415573e-07,True,603,0.5800220966339111,t8_rho0.75_n800,t8,800,0.75,0.375
True,5,5,0.4144626938554515,0.8588966229895885,0.8183209404040535,0.12275621565769827,-3.5165556162114804,0.4517160495177154,229.08735239941842,1.3343949369817885e-43,equivalent,True,1.0,0.9970149253731343,7.783863407217096e-07,8.539820042774389e-07,True,604,0.5782170295715332,t8_rho0.75_n800,t8,800,0.75,0.375
True,5,5,0.38102455010473774,0.7258985389125889,0.6891573781038622,0.10699663491605056,-5.241684678552501,0.41596903276977976,203.91842065134463,2.456835656054851e-38,equivalent,True,1.0,1.0,9.120754245344498e-07,7.237770023412484e-07,True,605,0.5686070919036865,t8_rho0.75_n800,t8,800,0.75,0.375
True,5,5,0.4143851541099597,0.8585752797336752,0.8220341888655385,0.11440147074836686,-3.7409117936586576,0.44949034760594636,255.5279275471496,3.731989631991829e-49,equivalent,True,1.0,1.0,8.94266357224876e-07,8.265932312108694e-07,True,606,0.5751259326934814,t8_rho0.75_n800,t8,800,0.75,0.375
True,5,5,0.44323828880622546,0.9823009033193547,0.9447716158785797,0.12397518907870828,-2.4620118459963756,0.4793104745958902,265.90019022879824,2.4446396286178895e-51,equivalent,True,1.0,1.0,7.610806454091582e-07,8.86655662770254e-07,True,607,0.5705611705780029,t8_rho0.75_n800,t8,800,0.75,0.375
True,5,5,0.37809412212710775,0.7147758259353414,0.6715939362172824,0.11400523644882983,-5.07350435646287,0.4145155878568622,172.4634618776401,8.567801810111344e-32,equivalent,True,1.0,0.9970149253731343,8.145710284567558e-07,9.131947234372224e-07,True,608,0.587165117263794,t8_rho0.75_n800,t8,800,0.75,0.375
True,5,5,0.3227967709279335,0.520988776607504,0.47585177554598945,0.09511465917642282,-8.1391052773273,0.3556125609897889,129.2141189949736,6.756458026885714e-23,equivalent,True,1.0,1.0,9.194963472568767e-07,8.84056964464485e-07,True,609,0.6042919158935547,t8_rho0.75_n800,t8,800,0.75,0.375
True,5,5,0.38284733656406783,0.7328604155710032,0.6932191526907617,0.1125144844667738,-4.948525960438978,0.419115499725436,184.26778072766302,3.042875721571946e-34,equivalent,True,1.0,1.0,9.78992107283237e-07,8.492961664841514e-07,True,610,0.589900016784668,t8_rho0.75_n800,t8,800,0.75,0.375
True,5,5,0.4066305016955548,0.826741824545893,0.7853236246489468,0.12046228634592762,-3.857442768574533,0.4435011732241331,202.48510641262527,4.89199265176927e-38,equivalent,True,1.0,1.0,7.920295503523092e-07,9.920132147394319e-07,True,611,0.6049449443817139,t8_rho0.75_n800,t8,800,0.75,0.375
True,5,5,0.34101866770393835,0.5814686586128456,0.5410701240071849,0.09692754857363373,-7.314018423299509,0.37429981400744544,158.6400051421812,6.183789679325365e-29,equivalent,True,1.0,1.0,8.413864662136979e-07,9.942445285244535e-07,True,612,0.5775296688079834,t8_rho0.75_n800,t8,800,0.75,0.375
True,5,5,0.3871130792357836,0.7492826805770503,0.7078489999649125,0.1128586673889911,-4.803804728319627,0.4227256766160779,185.96322149704565,1.351633600937755e-34,equivalent,True,1.0,1.0,9.055116531309464e-07,9.502912477113465e-07,True,613,0.590465784072876,t8_rho0.75_n800,t8,800,0.75,0.375
True,5,5,0.3729282778616942,0.6953775021444448,0.6547796770017501,0.10204311095681713,-5.8330279958843745,0.40561697650973194,209.8213506203131,1.4376577926618094e-39,equivalent,True,1.0,0.9970149253731343,9.031917015187438e-07,9.29103752776166e-07,True,614,0.5792100429534912,t8_rho0.75_n800,t8,800,0.75,0.375
True,5,5,0.33225495117745646,0.5519667629096698,0.5115165493858048,0.09451373999903415,-7.813503630495861,0.3652335738729298,149.100164267463,5.708259131403073e-27,equivalent,True,1.0,1.0,9.643749622060408e-07,8.844613275729578e-07,True,615,0.5834786891937256,t8_rho0.75_n800,t8,800,0.75,0.375
True,5,5,0.4261855722355183,0.9081707099085807,0.8693061929438483,0.12168376478865395,-3.128550531924769,0.46248419968634075,244.15953733430277,9.16514664886135e-47,equivalent,True,1.0,1.0,8.945520553745972e-07,8.899135059396385e-07,True,616,0.5819542407989502,t8_rho0.75_n800,t8,800,0.75,0.375
True,5,5,0.38612804047073923,0.7454743181888641,0.7034993193965828,0.11548253218256513,-4.732323324357488,0.4227176791445125,177.09670502287304,9.381839709031323e-33,equivalent,True,0.9970149253731343,1.0,9.465523349156871e-07,8.63402899288033e-07,True,617,0.5998432636260986,t8_rho0.75_n800,t8,800,0.75,0.375
True,5,5,0.4039553604444787,0.8158996661591436,0.7736942424353785,0.1108546583414138,-4.296668851729076,0.43727198155672387,234.562038889981,9.487193312012495e-45,equivalent,True,1.0,1.0,9.614394349618357e-07,9.554556277960008e-07,True,618,0.5994367599487305,t8_rho0.75_n800,t8,800,0.75,0.375
True,5,5,0.4419186388724005,0.9764604169141756,0.9337879551813313,0.12833124003523094,-2.4640301514413685,0.47851312642485805,245.20755959213196,5.520051370280547e-47,equivalent,True,1.0,1.0,7.506538692942665e-07,9.404726178296839e-07,True,619,0.6019227504730225,t8_rho0.75_n800,t8,800,0.75,0.375
True,5,5,0.37495505590152206,0.7029564697305677,0.6586357707933532,0.11087287604436187,-5.3337141626057685,0.41012325539658506,178.68144235998625,4.4001216225453615e-33,equivalent,True,1.0,1.0,8.230039973025767e-07,9.469074835513053e-07,True,620,0.6012611389160156,t8_rho0.75_n800,t8,800,0.75,0.375
True,5,5,0.39756446652677185,0.7902875252235836,0.753517930610514,0.10737265027319705,-4.623915569991483,0.4313073669316985,229.59764532864995,1.0430536830925586e-43,equivalent,True,1.0,1.0,8.736297623315439e-07,8.871441572477638e-07,True,621,0.5678548812866211,t8_rho0.75_n800,t8,800,0.75,0.375
True,5,5,0.36532170343597975,0.6672997350068298,0.6258298213139984,0.1082157299945392,-5.767832261700757,0.40095607173073644,163.04634396939014,7.610573700779008e-30,equivalent,True,1.0,1.0,9.731498639075583e-07,8.578578553884409e-07,True,622,0.5867133140563965,t8_rho0.75_n800,t8,800,0.75,0.375
True,5,5,0.3933700822891945,0.7737001082010384,0.7294899256900448,0.11479819382918241,-4.534131217120581,0.4285594827272997,202.26948348219128,5.42594631794245e-38,equivalent,True,1.0,1.0,9.735698329751172e-07,8.342863278591445e-07,True,623,0.6119122505187988,t8_rho0.75_n800,t8,800,0.75,0.375
True,5,5,0.4011601440705124,0.8046473059533715,0.7630115588827586,0.11481827782795845,-4.2413843016086314,0.4363188787133552,214.85032243102526,1.2775522791051446e-40,equivalent,True,1.0,1.0,9.640217755653148e-07,9.859285984672792e-07,True,624,0.5925958156585693,t8_rho0.75_n800,t8,800,0.75,0.375
True,5,5,0.39785278940325236,0.7914342101797434,0.7459574088786518,0.11982985217686055,-4.206319059606418,0.43429482517037193,188.57603153642398,3.867834519309582e-35,equivalent,True,1.0,1.0,8.549930335195758e-07,8.783708167690125e-07,True,625,0.6160011291503906,t8_rho0.75_n800,t8,800,0.75,0.375
True,5,5,0.378815035621354,0.7175041560640384,0.6736512145939768,0.10692547401949402,-5.390191539398241,0.4121960621714979,192.1455395698882,6.991734794327122e-36,equivalent,True,1.0,1.0,7.748368668372747e-07,9.162329184752743e-07,True,626,0.5908846855163574,t8_rho0.75_n800,t8,800,0.75,0.375
True,5,5,0.3630303138021074,0.6589550436962828,0.6192338348517843,0.1045148372310471,-6.035182964059009,0.3977802016042314,168.14520553763225,6.714996413570065e-31,equivalent,True,1.0,1.0,9.960888246973262e-07,9.173124018245153e-07,True,627,0.5844857692718506,t8_rho0.75_n800,t8,800,0.75,0.375
True,5,5,0.36272135013208706,0.6578338892082206,0.6171853000669503,0.10335373879255101,-6.122804141640383,0.39678383842562764,175.12744337837148,2.402747867432257e-32,equivalent,True,1.0,1.0,8.197531699369107e-07,9.169314620074301e-07,True,628,0.5841469764709473,t8_rho0.75_n800,t8,800,0.75,0.375
True,5,5,0.38021552973684714,0.7228192452653565,0.6827928239184805,0.1125395582863805,-5.040069329560917,0.4166302736339139,180.39354047390125,1.941175597727904e-33,equivalent,True,1.0,1.0,8.670952817037004e-07,9.98973018490851e-07,True,629,0.5750699043273926,t8_rho0.75_n800,t8,800,0.75,0.375
True,5,5,0.3718256438074644,0.691271546964177,0.6460146693268796,0.12561930516713726,-4.808061387296437,0.41295036966835835,143.8977481358613,6.689021779311568e-26,equivalent,True,1.0,1.0,7.720156811453966e-07,9.595229801471678e-07,True,630,0.6107308864593506,t8_rho0.75_n800,t8,800,0.75,0.375
True,5,5,0.42327879135199303,0.8958246760420203,0.8566835860034144,0.1226971324248085,-3.2055876630826603,0.46010920644753583,239.33660366019387,9.441898637868188e-46,equivalent,True,1.0,1.0,9.20054678514582e-07,9.837842968944469e-07,True,631,0.6017711162567139,t8_rho0.75_n800,t8,800,0.75,0.375
True,5,5,0.3628955363159161,0.6584658513900818,0.6151511618281315,0.10905911469955584,-5.821144247510144,0.3986320213414403,164.29302455030208,4.2050463981669525e-30,equivalent,True,1.0,1.0,9.821941464048045e-07,8.117717323959704e-07,True,632,0.5880460739135742,t8_rho0.75_n800,t8,800,0.75,0.375
True,5,5,0.41808533227275607,0.8739767253081043,0.827113627423349,0.12664599979499264,-3.3391214350330483,0.4550665356901204,211.3329423256585,6.946514952971652e-40,equivalent,True,1.0,1.0,8.62837696811009e-07,9.706138760710646e-07,True,633,0.6141140460968018,t8_rho0.75_n800,t8,800,0.75,0.375
True,5,5,0.3974261100922377,0.7897375649152372,0.7503058162210375,0.1091566538714282,-4.577771176162424,0.4312429788987509,226.66243676335304,4.3005793010517924e-43,equivalent,True,1.0,1.0,9.563305070185535e-07,9.807192778056494e-07,True,634,0.584744930267334,t8_rho0.75_n800,t8,800,0.75,0.375
True,5,5,0.35552354747653697,0.6319849640515072,0.5915433439683313,0.10179278604476727,-6.468598430365067,0.38960943964220424,166.38217778464406,1.5552341280148224e-30,equivalent,True,1.0,1.0,9.886631322839344e-07,9.766087497153877e-07,True,635,0.5924530029296875,t8_rho0.75_n800,t8,800,0.75,0.375
True,5,5,0.4407560848149847,0.97132963150717,0.9332763802680958,0.12729991728845122,-2.4880111981081208,0.47805148486970045,252.7076562335419,1.462947642581251e-48,equivalent,True,1.0,1.0,7.901544955658406e-07,7.722384750118357e-07,True,636,0.5634238719940186,t8_rho0.75_n800,t8,800,0.75,0.375
True,5,5,0.40551759458107095,0.8222225975740892,0.7848318002490905,0.10683281767575609,-4.3541695320881875,0.43830495043531126,250.1769853761516,4.9821186440401194e-48,equivalent,True,1.0,1.0,9.931067088541415e-07,9.594688575808157e-07,True,637,0.5639731884002686,t8_rho0.75_n800,t8,800,0.75,0.375
True,5,5,0.3591497239250644,0.6449426209772497,0.6058332610953999,0.10319211693237162,-6.242402598705904,0.3938449412914712,172.32356309584344,9.159147253613036e-32,equivalent,True,0.9970149253731343,1.0,9.504434102624309e-07,9.365731702453064e-07,True,638,0.5692338943481445,t8_rho0.75_n800,t8,800,0.75,0.375
True,5,5,0.39556926438395895,0.7823752146263321,0.737195721726016,0.11964406993573216,-4.286081863893807,0.4322019676269511,181.40604371300387,1.1962329782272895e-33,equivalent,True,1.0,1.0,9.099258018307545e-07,7.643777844032308e-07,True,639,0.6128120422363281,t8_rho0.75_n800,t8,800,0.75,0.375
True,5,5,0.3268149533037164,0.5340400685145518,0.49163825240957465,0.1029045076716665,-7.369567813395515,0.3635659789042343,122.81987817486807,1.3535962088337288e-21,equivalent,True,1.0,1.0,9.410713761159635e-07,9.644140160278604e-07,True,640,0.5840051174163818,t8_rho0.75_n800,t8,800,0.75,0.375
True,5,5,0.34764176916760436,0.6042739983499096,0.5600332848082648,0.10087014463618703,-6.840147971238366,0.3810380317144777,153.59598577627844,6.77884317199602e-28,equivalent,True,1.0,1.0,9.841251473425821e-07,7.969545436777766e-07,True,641,0.5925500392913818,t8_rho0.75_n800,t8,800,0.75,0.375
True,5,5,0.3804416518755214,0.7236792524088773,0.6813155804939506,0.11116335180415643,-5.115754520500039,0.4157314091797972,189.4121796298337,2.5912137414566356e-35,equivalent,True,1.0,1.0,9.81007560501647e-07,8.328831226910042e-07,True,642,0.5901648998260498,t8_rho0.75_n800,t8,800,0.75,0.375
True,5,5,0.37452690829202173,0.7013520251739022,0.6642782570691201,0.1022176178569631,-5.730144716838364,0.40802237108753864,204.54070192653745,1.821754022694273e-38,equivalent,True,1.0,1.0,8.021698519191124e-07,9.235274231042923e-07,True,643,0.5652241706848145,t8_rho0.75_n800,t8,800,0.75,0.375
True,5,5,0.37629123916173784,0.7079754833493809,0.6715214885749311,0.09961746399484485,-5.806998976153467,0.4087487334621502,213.75956688828495,2.1601080884659175e-40,equivalent,True,1.0,1.0,9.93761749341087e-07,8.783226760485432e-07,True,644,0.5561809539794922,t8_rho0.75_n800,t8,800,0.75,0.375
True,5,5,0.3909354987401339,0.7641528208759861,0.7218887274465251,0.11121013143141685,-4.748769430950277,0.4253970182042279,207.5608149372969,4.2647259179243225e-39,equivalent,True,1.0,1.0,8.850636684627789e-07,9.848559623406131e-07,True,645,0.5865850448608398,t8_rho0.75_n800,t8,800,0.75,0.375
True,5,5,0.3508681635231951,0.6155423408706979,0.5772488943055248,0.09720526658844082,-6.9209326747988715,0.3839628444556339,170.08849445355918,2.659415311458606e-31,equivalent,True,1.0,1.0,7.851487598400408e-07,9.006367900192292e-07,True,646,0.5788521766662598,t8_rho0.75_n800,t8,800,0.75,0.375
True,5,5,0.374479212303846,0.7011734022385447,0.6599548192378343,0.11058218635333686,-5.335806789683363,0.41032824166448595,179.72156167034396,2.6765389334985052e-33,equivalent,True,1.0,1.0,7.549518656199233e-07,9.452978487981084e-07,True,647,0.5987958908081055,t8_rho0.75_n800,t8,800,0.75,0.375
True,5,5,0.38595337306723965,0.7448000309098994,0.7056402930005397,0.11212330096244177,-4.855009639627056,0.42191627398202675,200.02399757514058,1.5954387397343332e-37,equivalent,True,1.0,1.0,9.431359515410419e-07,8.526498506007195e-07,True,648,0.5720281600952148,t8_rho0.75_n800,t8,800,0.75,0.375
True,5,5,0.4099471687408229,0.8402834057930835,0.7987185028168273,0.11770112854486113,-3.8341305878912557,0.44549290252486035,229.78074798482544,9.548144746391081e-44,equivalent,True,1.0,1.0,9.183099675950806e-07,9.185879185410389e-07,True,649,0.5979290008544922,t8_rho0.75_n800,t8,800,0.75,0.375
True,5,5,0.40224380252046354,0.8090003833306083,0.768038854257454,0.11582301102051448,-4.161186464554797,0.4378471774532725,214.69659481698665,1.3757153626693562e-40,equivalent,True,1.0,0.9970149253731343,7.920332267021715e-07,9.335050700765634e-07,True,650,0.5881211757659912,t8_rho0.75_n800,t8,800,0.75,0.375
True,5,5,0.362332293796115,0.6564234556377708,0.6195744019117126,0.10404036189294283,-6.059432960613815,0.3976696036965017,172.53648450048217,8.274455238191858e-32,equivalent,True,0.9970149253731343,1.0,6.453066785346822e-07,9.864272106864285e-07,True,651,0.5804250240325928,t8_rho0.75_n800,t8,800,0.75,0.375
True,5,5,0.37745421895516884,0.7123584370352827,0.6727501447798995,0.11094265226499682,-5.203137327574301,0.41357818335632635,182.4109340156778,7.397675443091063e-34,equivalent,True,1.0,1.0,9.52507162029291e-07,9.265442901134697e-07,True,652,0.569965124130249,t8_rho0.75_n800,t8,800,0.75,0.375
True,5,5,0.34486831894618875,0.5946707870638508,0.5507039172580515,0.10140029183889454,-6.896391223932519,0.37881197316431137,156.9626675776334,1.371697807721851e-28,equivalent,True,1.0,1.0,9.550818673402643e-07,8.989209567937387e-07,True,653,0.6098339557647705,t8_rho0.75_n800,t8,800,0.75,0.375
True,5,5,0.40904071209334647,0.8365715207491599,0.7984725260262268,0.11668008795776692,-3.869790311927142,0.4450604884499581,214.1677797928352,1.7746630969421626e-40,equivalent,True,1.0,1.0,9.112983827218727e-07,7.823405967248436e-07,True,654,0.5736372470855713,t8_rho0.75_n800,t8,800,0.75,0.375
True,5,5,0.39120290387938556,0.7651985600183189,0.7257210433593058,0.10679314649662837,-4.909294030935277,0.42458924567347317,219.90499393331336,1.118893017060961e-41,equivalent,True,1.0,1.0,9.656024534455178e-07,9.125639352306847e-07,True,655,0.5857448577880859,t8_rho0.75_n800,t8,800,0.75,0.375
True,5,5,0.39516642091374155,0.7807825010888818,0.7397448876759988,0.1189580380488322,-4.289370610790855,0.4325305649351619,190.23212113858324,1.7493563596495447e-35,equivalent,True,1.0,1.0,7.895016636853694e-07,8.887034947300805e-07,True,656,0.5808331966400146,t8_rho0.75_n800,t8,800,0.75,0.375
True,5,5,0.42110591891646837,0.886650974732416,0.8365325085254031,0.12715882099135836,-3.251583242523898,0.4573161174574786,220.11262548894973,1.0123395871974217e-41,equivalent,True,1.0,1.0,9.981014474477699e-07,9.518574433111724e-07,True,657,0.6222341060638428,t8_rho0.75_n800,t8,800,0.75,0.375
True,5,5,0.39136030448343945,0.765814439626852,0.7298430847258571,0.10699539036435202,-4.8614890183852735,0.42563713198774145,219.8029488250894,1.1752994529538093e-41,equivalent,True,1.0,1.0,7.70814648958845e-07,6.398380615432835e-07,True,658,0.5683398246765137,t8_rho0.75_n800,t8,800,0.75,0.375
True,5,5,0.39042412219789235,0.762154975969974,0.7231211626824487,0.11460956748609784,-4.597162775101317,0.4269981558380074,189.88533582373728,2.065599489873324e-35,equivalent,True,1.0,1.0,8.415303149280219e-07,9.269523915084364e-07,True,659,0.5801000595092773,t8_rho0.75_n800,t8,800,0.75,0.375
True,5,5,0.4095945713223018,0.838838564283501,0.7963663332676698,0.11528030172153422,-3.9350492665096137,0.4440688135121392,236.4591811753819,3.7935997743668514e-45,equivalent,True,1.0,1.0,9.019386756097439e-07,9.405541194833756e-07,True,660,0.5758140087127686,t8_rho0.75_n800,t8,800,0.75,0.375
True,5,5,0.34154369095649917,0.5832604641609431,0.5398349118597695,0.1025501491641249,-6.925051732529975,0.3764345618183311,139.08514535607804,6.488909718075861e-25,equivalent,True,1.0,1.0,7.382972868796618e-07,9.815660913519549e-07,True,661,0.595073938369751,t8_rho0.75_n800,t8,800,0.75,0.375
True,5,5,0.37727543640193295,0.7116837745613447,0.6725748244359477,0.10750559028384128,-5.3711176696905465,0.41216641894552325,193.33467171881688,3.953415275353705e-36,equivalent,True,0.9970149253731343,1.0,9.770042266683933e-07,9.527852647574249e-07,True,662,0.5797610282897949,t8_rho0.75_n800,t8,800,0.75,0.375
True,5,5,0.34239635352009923,0.5861763145193039,0.5406234280288572,0.09574847694369529,-7.408750453422777,0.3736617876114104,187.084310589153,7.902135534365883e-35,equivalent,True,1.0,1.0,8.890106801726312e-07,9.866525684199101e-07,True,663,0.6181931495666504,t8_rho0.75_n800,t8,800,0.75,0.375
True,5,5,0.39559792017049183,0.7824885722160941,0.7428759859065827,0.11631917621501667,-4.359762771668841,0.4322508542010901,201.43452847943038,8.103459500446771e-38,equivalent,True,1.0,1.0,9.486552920004381e-07,9.183068690918096e-07,True,664,0.5662581920623779,t8_rho0.75_n800,t8,800,0.75,0.375
True,5,5,0.3395817261454852,0.5765787436597366,0.535373022970337,0.10114475483029643,-7.065388395361526,0.37463084224341897,149.00120689733774,5.9821120292118285e-27,equivalent,True,1.0,1.0,6.118364588608247e-07,9.691934634457145e-07,True,665,0.5918989181518555,t8_rho0.75_n800,t8,800,0.75,0.375
True,5,5,0.4129626392001088,0.8526907068755962,0.8112627669409225,0.12274285393441432,-3.574442169101834,0.4501459308751593,205.64672578961432,1.0705200776394998e-38,equivalent,True,1.0,1.0,8.828068809041727e-07,9.150714222126684e-07,True,666,0.5903298854827881,t8_rho0.75_n800,t8,800,0.75,0.375
True,5,5,0.37946800398400715,0.7199798302380324,0.6756091653226344,0.11409426611813643,-5.034353208272755,0.41551835886309946,169.98880273483377,2.7888664422917256e-31,equivalent,True,1.0,1.0,7.722192167415617e-07,9.746900985902103e-07,True,667,0.6078879833221436,t8_rho0.75_n800,t8,800,0.75,0.375
True,5,5,0.4120950600831326,0.8491116927246034,0.8075637684614584,0.11850901111092378,-3.7333551886988894,0.44777086667484156,219.96644901699875,1.0862372087758702e-41,equivalent,True,1.0,1.0,7.569541691232692e-07,9.286375734871173e-07,True,668,0.6005451679229736,t8_rho0.75_n800,t8,800,0.75,0.375
True,5,5,0.37039758671129147,0.6859718612077433,0.6458784740330941,0.10205651245109897,-5.919480408037407,0.40342198717776956,196.58120351823416,8.329581520245301e-37,equivalent,True,1.0,1.0,8.754372538179349e-07,5.825816134403245e-07,True,669,0.5809299945831299,t8_rho0.75_n800,t8,800,0.75,0.375
True,5,5,0.399311342828953,0.7972477425593081,0.7588226617061635,0.113137087526869,-4.341435236055431,0.4347221205477035,218.3773440026475,2.336232184304803e-41,equivalent,True,1.0,1.0,9.506733757151428e-07,6.806982580548365e-07,True,670,0.5667669773101807,t8_rho0.75_n800,t8,800,0.75,0.375
True,5,5,0.3985413436073008,0.7941760128215631,0.7567756610485782,0.10581845687699547,-4.6610426338455415,0.43146993722416216,248.85855224572657,9.431999914356352e-48,equivalent,True,1.0,1.0,9.471020531893771e-07,9.623764780967059e-07,True,671,0.572749137878418,t8_rho0.75_n800,t8,800,0.75,0.375
True,5,5,0.39384285372404687,0.7755609671475049,0.7351486997800746,0.11595539441509657,-4.440080625976426,0.43032042732092896,202.94815302394946,3.9161981977268953e-38,equivalent,True,1.0,1.0,9.362009464494443e-07,8.045376953133293e-07,True,672,0.5799689292907715,t8_rho0.75_n800,t8,800,0.75,0.375
True,5,5,0.4104220865231554,0.8422314455301025,0.802774092001547,0.11329459699710658,-3.94746016008049,0.444775700951894,234.7785627290466,8.544942624377428e-45,equivalent,True,1.0,1.0,9.060535662995729e-07,8.748986657729482e-07,True,673,0.5777449607849121,t8_rho0.75_n800,t8,800,0.75,0.375
True,5,5,0.3547392933889692,0.6291998313705258,0.5921586512073496,0.09574484359346783,-6.870775742094706,0.3872066384900875,181.43200565503795,1.1814735550228104e-33,equivalent,True,1.0,1.0,6.914193588273276e-07,9.426683407354372e-07,True,674,0.5661959648132324,t8_rho0.75_n800,t8,800,0.75,0.375
True,5,5,0.3531421191808293,0.6235467816976352,0.5809179018363126,0.10410098308755787,-6.42724091856973,0.38785275077975045,161.3714545897418,1.688123234012491e-29,equivalent,True,1.0,1.0,8.114783942437856e-07,9.98185346970775e-07,True,675,0.6139650344848633,t8_rho0.75_n800,t8,800,0.75,0.375
True,5,5,0.3866160581252831,0.7473598820016614,0.7014991479154181,0.12483483589733159,-4.393812417358306,0.4258718540854833,160.55756490764267,2.4857995053082495e-29,equivalent,True,1.0,1.0,9.358200119166017e-07,9.047941149926025e-07,True,676,0.6064541339874268,t8_rho0.75_n800,t8,800,0.75,0.375
True,5,5,0.3907049226993808,0.7632516831076455,0.7245692591078995,0.10574417309113203,-4.968885996576623,0.4239110627822379,225.99726041422366,5.9280049763315154e-43,equivalent,True,1.0,1.0,9.063036661030502e-07,9.502592834695404e-07,True,677,0.5731840133666992,t8_rho0.75_n800,t8,800,0.75,0.375
True,5,5,0.45480233472983544,1.0342258183785464,0.9949067051358578,0.128638413608998,-1.98302581404268,0.49122256998755703,271.30434544784913,1.7758478019406338e-52,equivalent,True,1.0,1.0,7.126371605642841e-07,9.027770082695068e-07,True,678,0.5710468292236328,t8_rho0.75_n800,t8,800,0.75,0.375
True,5,5,0.4356726773558873,0.9490534089722353,0.9093505177267662,0.12128989459095248,-2.808556173802168,0.470925607873952,265.84691163033267,2.508642014889951e-51,equivalent,True,1.0,1.0,9.965156734495825e-07,8.822626367908199e-07,True,679,0.5827498435974121,t8_rho0.75_n800,t8,800,0.75,0.375
True,5,5,0.373243355588781,0.6965530124558661,0.6567261555233082,0.1104585788999905,-5.3710073982922015,0.40949098882755963,177.6022888486321,7.368805499115483e-33,equivalent,True,1.0,1.0,8.298051463226694e-07,7.861908093206334e-07,True,680,0.5706701278686523,t8_rho0.75_n800,t8,800,0.75,0.375
True,5,5,0.410862050746661,0.8440381237187591,0.8008285766939844,0.12324397491249993,-3.644571052052774,0.44800599902874655,202.62172344871058,4.5812044089413604e-38,equivalent,True,1.0,1.0,8.80533996291765e-07,9.884559718495548e-07,True,681,0.6012170314788818,t8_rho0.75_n800,t8,800,0.75,0.375
True,5,5,0.3813685791654594,0.7272099658734062,0.6855586929557325,0.11165712072750218,-5.055130415029952,0.41694563505553645,189.37063949644102,2.6433011658211623e-35,equivalent,True,1.0,1.0,9.646669697422698e-07,7.01981397378454e-07,True,682,0.5933401584625244,t8_rho0.75_n800,t8,800,0.75,0.375
True,5,5,0.4097237479897649,0.8393677483339019,0.7978079564586407,0.11563995766389408,-3.910344250173882,0.4445264357139205,227.218711054007,3.288164263314209e-43,equivalent,True,1.0,1.0,9.911837510221043e-07,9.851784998855153e-07,True,683,0.5897927284240723,t8_rho0.75_n800,t8,800,0.75,0.375
True,5,5,0.4656738426853495,1.0842606388066982,1.043354536782544,0.12927582803550733,-1.5984849322388248,0.5011974364267845,303.04256158829503,3.5348206157706525e-59,inconclusive,True,1.0,0.9970149253731343,9.297252953532838e-07,9.571875060090824e-07,True,684,0.5922749042510986,t8_rho0.75_n800,t8,800,0.75,0.375
True,5,5,0.39922628162926,0.796908119717626,0.7608765778068546,0.10535751937516448,-4.6425108060056,0.4322439764016854,245.03938684961292,5.987967245743405e-47,equivalent,True,1.0,1.0,8.446099207121161e-07,9.125900501228537e-07,True,685,0.5552268028259277,t8_rho0.75_n800,t8,800,0.75,0.375
True,5,5,0.38188436486173605,0.7291783406292578,0.687151524059564,0.10935151678713632,-5.147148320183586,0.41641776212345455,201.47199402959222,7.958930800856528e-38,equivalent,True,1.0,1.0,9.96213533703734e-07,9.485821813222581e-07,True,686,0.5881390571594238,t8_rho0.75_n800,t8,800,0.75,0.375
True,5,5,0.406363223747051,0.8256553480704791,0.7873991893447684,0.1136036118831766,-4.072060764502308,0.4414205483177236,238.883130263278,1.1756100080100423e-45,equivalent,True,1.0,1.0,9.27608692591689e-07,6.73995500764276e-07,True,687,0.5638110637664795,t8_rho0.75_n800,t8,800,0.75,0.375
True,5,5,0.3930422436176973,0.7724110263401667,0.7350694450434997,0.10635728367132007,-4.841516604991621,0.4266173013001177,227.5094245502711,2.8577694711594985e-43,equivalent,True,1.0,1.0,9.99517411967144e-07,9.064322590312074e-07,True,688,0.5698258876800537,t8_rho0.75_n800,t8,800,0.75,0.375
True,5,5,0.3945063905440565,0.7781764609004982,0.7397050819528488,0.11541524332063936,-4.421382335342672,0.4311719525976357,198.8243890817444,2.838107906644849e-37,equivalent,True,1.0,1.0,8.81099545767959e-07,8.828922719722697e-07,True,689,0.5674490928649902,t8_rho0.75_n800,t8,800,0.75,0.375
True,5,5,0.3846511024194469,0.7397823529624791,0.7025227779596537,0.10505647716455317,-5.211265757396529,0.41840776891891324,215.51042873270853,9.296449190575162e-41,equivalent,True,1.0,1.0,8.414672281505726e-07,8.457747401763797e-07,True,690,0.5716607570648193,t8_rho0.75_n800,t8,800,0.75,0.375
True,5,5,0.4236215480827566,0.8972760800001562,0.8569577863984514,0.12062268110452148,-3.2584436857357795,0.45942669511159984,236.19971042384367,4.3003519257171135e-45,equivalent,True,1.0,0.9970149253731343,9.865281814354449e-07,9.624778776071863e-07,True,691,0.5815250873565674,t8_rho0.75_n800,t8,800,0.75,0.375
True,5,5,0.3873307182399164,0.7501254264612476,0.7089498601344035,0.11048204054142463,-4.8971772897580825,0.4220608120240413,201.31735379260348,8.572629411309246e-38,equivalent,True,1.0,1.0,6.56852433539006e-07,9.758653631621821e-07,True,692,0.5937490463256836,t8_rho0.75_n800,t8,800,0.75,0.375
True,5,5,0.4027726182840929,0.811128910197118,0.7739421274273698,0.10927533213952889,-4.3564989760431265,0.43673425646115754,233.05601515122115,1.9636963954749808e-44,equivalent,True,1.0,1.0,9.50485913316107e-07,9.573852562729272e-07,True,693,0.559150218963623,t8_rho0.75_n800,t8,800,0.75,0.375
True,5,5,0.40778607437051767,0.8314474122525868,0.7884762394123347,0.12768143677567206,-3.614650431906812,0.44687660797745365,192.2696275668868,6.587933119474614e-36,equivalent,True,1.0,1.0,8.882034425546093e-07,9.74069351955436e-07,True,694,0.598405122756958,t8_rho0.75_n800,t8,800,0.75,0.375
True,5,5,0.3921902818073225,0.7690660857205351,0.7295754365215358,0.10935023377471223,-4.7592450927051875,0.42648342644324705,211.31237049339933,7.015628945445211e-40,equivalent,True,1.0,1.0,9.158617850049262e-07,9.935232252365284e-07,True,695,0.576347827911377,t8_rho0.75_n800,t8,800,0.75,0.375
True,5,5,0.37642258192093664,0.7084698009001212,0.6665905241048057,0.11162262741763208,-5.226623753554811,0.41235746814203583,180.71284934616457,1.6663461097883674e-33,equivalent,True,1.0,1.0,9.710864182774725e-07,9.235361277658585e-07,True,696,0.5953431129455566,t8_rho0.75_n800,t8,800,0.75,0.375
True,5,5,0.4304125112434334,0.9262746491743933,0.8896515315782325,0.11411127726345006,-3.157869029805237,0.4641870053892253,282.9058547834078,6.3442174002297536e-55,equivalent,True,1.0,1.0,7.605502625998844e-07,7.132273986346011e-07,True,697,0.5578341484069824,t8_rho0.75_n800,t8,800,0.75,0.375
True,5,5,0.44689467444010356,0.9985742502146308,0.9545879755166942,0.14075754065533574,-2.098729653188975,0.4870551358489904,216.30998410566662,6.325112745138047e-41,equivalent,True,0.9970149253731343,1.0,7.582494139716856e-07,9.807438919288445e-07,True,698,0.6173698902130127,t8_rho0.75_n800,t8,800,0.75,0.375
True,5,5,0.3613882406309543,0.6530073023316826,0.6145919357637384,0.10249165185755027,-6.199607994604225,0.3957715757994446,179.30057524078728,3.273120489321256e-33,equivalent,True,1.0,1.0,9.080315854413549e-07,8.065475970599006e-07,True,699,0.5612707138061523,t8_rho0.75_n800,t8,800,0.75,0.375
True,5,5,0.3882959298447505,0.753868645669997,0.7126194706780529,0.11004405974859233,-4.883321558198158,0.42275899552345175,208.38441509489482,2.869859789087662e-39,equivalent,True,1.0,1.0,7.711320263735354e-07,9.832703884023567e-07,True,700,0.5904350280761719,t8_rho0.75_n800,t8,800,0.75,0.375
True,5,5,0.411821967728118,0.8479866655172953,0.8071523059954498,0.11183275035514637,-3.959910603988566,0.4452192293756124,254.79240520055248,5.329535518481985e-49,equivalent,True,1.0,1.0,8.972830066111134e-07,9.634077285675847e-07,True,701,0.5815119743347168,t8_rho0.75_n800,t8,800,0.75,0.375
True,5,5,0.4041766034458269,0.8167936338650261,0.7771863796105033,0.11649131056027094,-4.058788746692567,0.44018122047490743,215.75307686318655,8.271096578513892e-41,equivalent,True,1.0,1.0,9.022375115391753e-07,8.66489012289632e-07,True,702,0.5825762748718262,t8_rho0.75_n800,t8,800,0.75,0.375
True,5,5,0.3963971724357822,0.7856535915754164,0.7462811419381465,0.11169873840219215,-4.509619940810072,0.4312793101749482,222.95907065445562,2.5665170471488787e-42,equivalent,True,1.0,1.0,8.935816792116727e-07,8.859422655916678e-07,True,703,0.5643839836120605,t8_rho0.75_n800,t8,800,0.75,0.375
True,5,5,0.39980601711128855,0.7992242565919598,0.7618487835940444,0.10792815210485111,-4.522927585489666,0.43344545124706957,234.62418665598676,9.206588932660929e-45,equivalent,True,1.0,1.0,7.922067117394995e-07,9.134518967747824e-07,True,704,0.5848970413208008,t8_rho0.75_n800,t8,800,0.75,0.375
True,5,5,0.3852827235262598,0.7422138852390618,0.7032918639876482,0.10989804802825352,-4.974684681131001,0.42048973040534726,193.9621472802889,2.926088639142973e-36,equivalent,True,1.0,1.0,9.027993017998684e-07,9.137966018422186e-07,True,705,0.5759100914001465,t8_rho0.75_n800,t8,800,0.75,0.375
True,5,5,0.3273816505631866,0.5358937256273819,0.49617411811028395,0.097296133280098,-7.747747587456406,0.3622739338744666,135.653164987857,3.2708725544753854e-24,equivalent,True,1.0,1.0,9.310543676682979e-07,9.733307829985169e-07,True,706,0.5758969783782959,t8_rho0.75_n800,t8,800,0.75,0.375
True,5,5,0.4257291915811821,0.9062267228218344,0.8614618498446331,0.12494815071455191,-3.1095950434912383,0.46194875662314383,229.7464921897644,9.707353397706006e-44,equivalent,True,0.9970149253731343,1.0,9.430468757420128e-07,8.083905366890473e-07,True,707,0.603550910949707,t8_rho0.75_n800,t8,800,0.75,0.375
True,5,5,0.3712522165613266,0.6891410415084909,0.6505560692343596,0.10503200819992141,-5.707250018724187,0.4057877151585536,186.48513795587192,1.0527894469389672e-34,equivalent,True,1.0,1.0,8.605541692293341e-07,6.187753198347437e-07,True,708,0.5610759258270264,t8_rho0.75_n800,t8,800,0.75,0.375
True,5,5,0.41897759806725016,0.8777111384110112,0.8388953545444745,0.12319098853866102,-3.3371324504511835,0.45640475432449834,210.74047880529062,9.238233416384668e-40,equivalent,True,1.0,1.0,7.296215579328427e-07,8.679813481712137e-07,True,709,0.5887117385864258,t8_rho0.75_n800,t8,800,0.75,0.375
True,5,5,0.3607848779518089,0.6508286407935082,0.6134007104769901,0.09879611993410231,-6.443565698203796,0.39393041687062724,190.08219223137223,1.8796628957038297e-35,equivalent,True,1.0,1.0,9.393128887572007e-07,9.395661948440634e-07,True,710,0.564445972442627,t8_rho0.75_n800,t8,800,0.75,0.375
True,5,5,0.3867212895154816,0.7477667788225847,0.7070590209874272,0.10847828415072182,-5.005066067031445,0.4208301130190696,214.76488798415613,1.3312087610021867e-40,equivalent,True,1.0,1.0,8.867218652484577e-07,8.491164889291753e-07,True,711,0.5808110237121582,t8_rho0.75_n800,t8,800,0.75,0.375
True,5,5,0.38360573474157955,0.7357667986331353,0.6979664603661615,0.1115755759328067,-4.947619898160197,0.4198790185561641,192.63565645453298,5.527591573947459e-36,equivalent,True,1.0,1.0,6.810710144866936e-07,8.944380839998469e-07,True,712,0.578082799911499,t8_rho0.75_n800,t8,800,0.75,0.375
True,5,5,0.3273096227851084,0.5356579458386497,0.49886410695398986,0.08961642238287872,-8.38167685200425,0.35951912448293566,151.59453914612976,1.7509966961665648e-27,equivalent,True,0.9970149253731343,1.0,9.842811706451875e-07,9.733893704551579e-07,True,713,0.5674808025360107,t8_rho0.75_n800,t8,800,0.75,0.375
True,5,5,0.35798106094228227,0.64075219996681,0.6010089282001393,0.10309858089140082,-6.2948594072645605,0.3925789100073792,187.03849418563533,8.077417727597544e-35,equivalent,True,1.0,1.0,8.351021758569638e-07,8.084670257290095e-07,True,714,0.5909481048583984,t8_rho0.75_n800,t8,800,0.75,0.375
True,5,5,0.4235165731712828,0.8968314387537327,0.8587446076396688,0.12056136039143464,-3.245280171773246,0.4597935185601736,232.52998060704635,2.5316877915644e-44,equivalent,True,1.0,1.0,8.583446922117607e-07,7.06367359033353e-07,True,715,0.5575528144836426,t8_rho0.75_n800,t8,800,0.75,0.375
True,5,5,0.3575205364536282,0.6391046699304503,0.5999150759134211,0.10226999992607463,-6.356555437141778,0.39195261351856087,167.183452489332,1.0618047797137814e-30,equivalent,True,1.0,1.0,9.582112816884685e-07,8.872917463064237e-07,True,716,0.5776081085205078,t8_rho0.75_n800,t8,800,0.75,0.375
True,5,5,0.40587473225325577,0.8236714914082603,0.7782221489112884,0.12369969507228153,-3.8138966374414855,0.4431004493348482,206.7907553902798,6.176094976691341e-39,equivalent,True,1.0,1.0,9.301298606426363e-07,9.712181999497606e-07,True,717,0.597743034362793,t8_rho0.75_n800,t8,800,0.75,0.375
True,5,5,0.36745435177870983,0.6751135032055592,0.6402150345424404,0.09328626486968018,-6.53670683791898,0.3984111659223646,223.29466039496253,2.1830350150257347e-42,equivalent,True,1.0,1.0,7.736781083542631e-07,8.57843152292201e-07,True,718,0.5502877235412598,t8_rho0.75_n800,t8,800,0.75,0.375
True,5,5,0.39286382443384493,0.7717099227439348,0.7354994695921057,0.10610122795952097,-4.849147746001424,0.42661937584346277,220.64199513277492,7.843490932373988e-42,equivalent,True,1.0,1.0,9.377274341829403e-07,9.212966672110093e-07,True,719,0.5375490188598633,t8_rho0.75_n800,t8,800,0.75,0.375
True,5,5,0.3845440949764377,0.7393708049062376,0.702263549699943,0.1064843107139383,-5.143823034846023,0.4189068283977218,207.69269759244207,4.002633067759712e-39,equivalent,True,1.0,1.0,9.884583478858676e-07,9.571383001170207e-07,True,720,0.5631880760192871,t8_rho0.75_n800,t8,800,0.75,0.375
True,5,5,0.4379530496330677,0.9590143684145214,0.9177489561074157,0.12799959103696745,-2.5957195737963503,0.475034640352233,243.43601402104377,1.3005828728219068e-46,equivalent,True,1.0,1.0,8.178610333190053e-07,8.568195191871403e-07,True,721,0.5992388725280762,t8_rho0.75_n800,t8,800,0.75,0.375
True,5,5,0.4059332440996124,0.8239089933261776,0.7861249988805956,0.11333852582107878,-4.092827198508811,0.44103294302143237,227.19189963640144,3.330982647087801e-43,equivalent,True,1.0,1.0,9.248971182200169e-07,8.285515494198567e-07,True,722,0.5612890720367432,t8_rho0.75_n800,t8,800,0.75,0.375
True,5,5,0.4164911238697249,0.8673242813113329,0.8303013012313691,0.10820115285846105,-3.8788745561486087,0.4490604324477808,275.6338119861007,2.1705656470791564e-53,equivalent,True,1.0,1.0,9.91099253040673e-07,8.031764224224814e-07,True,723,0.5493597984313965,t8_rho0.75_n800,t8,800,0.75,0.375
True,5,5,0.4286453846851491,0.9186843290593973,0.8775270304107905,0.1269958304559288,-2.9329543202480832,0.46613658572224065,232.10507423231758,3.108335813826937e-44,equivalent,True,1.0,0.9970149253731343,8.075729705275616e-07,9.377856306973702e-07,True,724,0.5916800498962402,t8_rho0.75_n800,t8,800,0.75,0.375
True,5,5,0.39557248516504045,0.7823879550982309,0.7442417330952421,0.10480516369316104,-4.825699889992736,0.42816606281189096,251.07112309659982,3.23148338518964e-48,equivalent,True,1.0,1.0,8.184290460705435e-07,9.329345722934437e-07,True,725,0.5718929767608643,t8_rho0.75_n800,t8,800,0.75,0.375
True,5,5,0.356693135408405,0.6361499642373938,0.5991796496762566,0.09816385734523109,-6.629938634490315,0.39003713322351935,188.8839012742103,3.3374746078288083e-35,equivalent,True,1.0,1.0,8.161011420689705e-07,8.742795821453788e-07,True,726,0.5720779895782471,t8_rho0.75_n800,t8,800,0.75,0.375
True,5,5,0.3803936262205731,0.7234965543461853,0.6796498737995086,0.10856538699349397,-5.253517184392029,0.4143003848313799,204.344731987825,2.0016838736129434e-38,equivalent,True,1.0,1.0,9.807081751743042e-07,9.79146469005156e-07,True,727,0.5885622501373291,t8_rho0.75_n800,t8,800,0.75,0.375
True,5,5,0.3787983166415753,0.7174408234524556,0.6781238928395004,0.10447262274989284,-5.47393271182221,0.4123023321027409,198.42902838430274,3.4312953008593078e-37,equivalent,True,1.0,1.0,9.968421685717743e-07,8.23244333818686e-07,True,728,0.5772488117218018,t8_rho0.75_n800,t8,800,0.75,0.375
True,5,5,0.3994273754326529,0.7977111412250871,0.7563348189477793,0.12034338514282826,-4.102138064890891,0.43687116464229553,191.10457877276696,1.1515700978970894e-35,equivalent,True,1.0,1.0,9.812237081291266e-07,8.962474291528474e-07,True,729,0.5814151763916016,t8_rho0.75_n800,t8,800,0.75,0.375
True,5,5,0.37732641039396914,0.7118760999039901,0.6703777963995045,0.11101779845099329,-5.220984487963512,0.41303409661619667,174.76286192050574,2.859552943699164e-32,equivalent,True,1.0,1.0,9.129595821971777e-07,6.617885066674068e-07,True,730,0.5882933139801025,t8_rho0.75_n800,t8,800,0.75,0.375
True,5,5,0.38609082156857033,0.745330612497468,0.706995104923408,0.11109346461511653,-4.887820331806495,0.4218358906319346,196.72865233373386,7.76057812831959e-37,equivalent,True,0.9970149253731343,1.0,9.480842057378647e-07,9.527359151356792e-07,True,731,0.5691759586334229,t8_rho0.75_n800,t8,800,0.75,0.375
True,5,5,0.39704243985745985,0.7882134952398231,0.7462610383030704,0.10908623700410788,-4.61780491775475,0.43027710394343904,233.30325788802728,1.7426579236380514e-44,equivalent,True,0.9970149253731343,1.0,7.253950931799973e-07,9.525419643505968e-07,True,732,0.6004819869995117,t8_rho0.75_n800,t8,800,0.75,0.375
True,5,5,0.3590792278587684,0.6446894593982465,0.6052683210781966,0.09937692528809672,-6.487740258140476,0.3921042762005046,196.7448185320427,7.70060588161142e-37,equivalent,True,1.0,1.0,9.547092904688687e-07,9.057116192984437e-07,True,733,0.5812270641326904,t8_rho0.75_n800,t8,800,0.75,0.375
True,5,5,0.35597940786127935,0.6336066941063354,0.5942378853998403,0.10148774698127626,-6.461490515905757,0.39017185293486406,177.45240577400028,7.91578542311744e-33,equivalent,True,1.0,1.0,9.64547963363056e-07,9.486807663429063e-07,True,734,0.5814547538757324,t8_rho0.75_n800,t8,800,0.75,0.375
True,5,5,0.36654792767746747,0.6717869164232295,0.6304058701291972,0.10351871839586874,-5.985334241691402,0.40016971638044024,180.6418993974055,1.7238415483728978e-33,equivalent,True,1.0,1.0,7.67565354666463e-07,9.447089451533078e-07,True,735,0.5816681385040283,t8_rho0.75_n800,t8,800,0.75,0.375
True,5,5,0.34779486530372816,0.604806341658192,0.5653255194580481,0.09951042695924103,-6.880429533503972,0.381839130043385,160.25263029777875,2.873568604679759e-29,equivalent,True,1.0,1.0,9.329511133253984e-07,8.851048609369273e-07,True,736,0.5794281959533691,t8_rho0.75_n800,t8,800,0.75,0.375
True,5,5,0.3848755867405881,0.7406460863445596,0.7029239139197179,0.10728125489810263,-5.099456439057349,0.4193771274504053,201.80756303375563,6.774053471266696e-38,equivalent,True,1.0,1.0,8.918341563259223e-07,7.261464925159731e-07,True,737,0.5664849281311035,t8_rho0.75_n800,t8,800,0.75,0.375
True,5,5,0.3701193696171078,0.6849417388288264,0.6422099242063157,0.10998639583203983,-5.52604775523184,0.4057391887175718,177.07181378636434,9.494054291436973e-33,equivalent,True,1.0,0.9970149253731343,9.465997188747159e-07,9.8686228718942e-07,True,738,0.5968871116638184,t8_rho0.75_n800,t8,800,0.75,0.375
True,5,5,0.4206812815824403,0.884863703369222,0.8445106664806353,0.11850825888670195,-3.4216124456526416,0.4559472350906694,239.40256681935386,9.14555918253685e-46,equivalent,True,1.0,1.0,9.974044267029663e-07,9.906044874137476e-07,True,739,0.5712137222290039,t8_rho0.75_n800,t8,800,0.75,0.375
True,5,5,0.3526899474704505,0.6219509952335457,0.5778585253261304,0.10600708012939267,-6.340533800699454,0.38787231289678237,152.30571491200885,1.2499028203456736e-27,equivalent,True,1.0,1.0,9.003315085718491e-07,8.526733813183433e-07,True,740,0.6064488887786865,t8_rho0.75_n800,t8,800,0.75,0.375
True,5,5,0.40160686724695555,0.8064403790995689,0.767993069247563,0.11177767639022423,-4.312193152680278,0.4363143329459236,221.77676248066712,4.5386557164466587e-42,equivalent,True,1.0,1.0,9.7702474876355e-07,9.018444095860777e-07,True,741,0.5734598636627197,t8_rho0.75_n800,t8,800,0.75,0.375
True,5,5,0.38926285549614265,0.7576278533450542,0.7163510684024588,0.1139598739317973,-4.68277923786507,0.4251584129159643,192.9008500491734,4.8675950606051566e-36,equivalent,True,1.0,1.0,7.307443993166524e-07,7.62857089427573e-07,True,742,0.5830950736999512,t8_rho0.75_n800,t8,800,0.75,0.375
True,5,5,0.3923806482482524,0.7698128655985941,0.7295160568407068,0.11074693954396703,-4.699759156348143,0.42700785988629675,202.95625741227016,3.9009779056626085e-38,equivalent,True,1.0,1.0,9.60112548093801e-07,9.487675822144847e-07,True,743,0.5705149173736572,t8_rho0.75_n800,t8,800,0.75,0.375
True,5,5,0.3518825993418658,0.6191068185979403,0.5803647721992313,0.09736208451608891,-6.877782363935651,0.3848405254239932,172.52420539386353,8.323071296813541e-32,equivalent,True,1.0,1.0,9.267886214059885e-07,9.041353438735932e-07,True,744,0.5846638679504395,t8_rho0.75_n800,t8,800,0.75,0.375
True,5,5,0.36909765129232786,0.6811653809475643,0.6418234108446705,0.10542460861986454,-5.768829470814221,0.4037899108950084,180.672245988603,1.699010933213198e-33,equivalent,True,1.0,1.0,9.852817085755035e-07,8.51671856901731e-07,True,745,0.5772078037261963,t8_rho0.75_n800,t8,800,0.75,0.375
True,5,5,0.39021043888860096,0.761320933088173,0.7245487598660872,0.10979198902656581,-4.785879596431867,0.4254739736403744,207.87429457083755,3.667886169485121e-39,equivalent,True,1.0,1.0,7.380210616010286e-07,7.6972431517643e-07,True,746,0.566403865814209,t8_rho0.75_n800,t8,800,0.75,0.375
True,5,5,0.37022002662594033,0.6853143405745599,0.6480377149415223,0.09827849196296015,-6.125066360250514,0.4024155685104935,219.64274391786938,1.2696432520228133e-41,equivalent,True,1.0,1.0,9.335624849276278e-07,8.533233369633174e-07,True,747,0.5625491142272949,t8_rho0.75_n800,t8,800,0.75,0.375
True,5,5,0.36853333909316505,0.6790841101157887,0.6395117100380128,0.11301556153384126,-5.401807341187994,0.4063018007168831,153.9402026918583,5.757669217200234e-28,equivalent,True,1.0,1.0,7.924928418866195e-07,8.855423599890367e-07,True,748,0.5890889167785645,t8_rho0.75_n800,t8,800,0.75,0.375
True,5,5,0.37371765877313223,0.6983244423943566,0.6602513048094393,0.10211691067825836,-5.775230481155985,0.4069935320644917,198.24911915006675,3.7408073077778905e-37,equivalent,True,1.0,1.0,9.941939572782752e-07,9.958202868474626e-07,True,749,0.5734879970550537,t8_rho0.75_n800,t8,800,0.75,0.375
True,5,5,0.38358426660359113,0.7356844479290743,0.6951755861018584,0.1101599582401491,-5.036534352061231,0.4186579971666588,192.78389299154145,5.1483600688187616e-36,equivalent,True,1.0,1.0,7.744327818012473e-07,9.376253571159526e-07,True,750,0.5787100791931152,t8_rho0.75_n800,t8,800,0.75,0.375
True,5,5,0.35710898752317927,0.637634144849151,0.5931237075546727,0.10237613456288203,-6.416302932807618,0.39026080095333715,167.38438510863688,9.64881063691293e-31,equivalent,True,1.0,1.0,9.017898206836485e-07,8.128689554169706e-07,True,751,0.5955750942230225,t8_rho0.75_n800,t8,800,0.75,0.375
True,5,5,0.4611193824403634,1.0631554243109105,1.0206650714740697,0.13393951018232142,-1.7122276183760454,0.498191922975386,294.4844521995028,2.2767209545931824e-57,equivalent,True,1.0,1.0,7.2968165854494e-07,7.804513873430172e-07,True,752,0.5934319496154785,t8_rho0.75_n800,t8,800,0.75,0.375
True,5,5,0.40786034977113034,0.8317503245771439,0.7948183747379649,0.11002309407534258,-4.137146197236844,0.4417669657356048,249.1962110433704,8.009738750752067e-48,equivalent,True,1.0,1.0,9.882570465079957e-07,7.949526618411875e-07,True,753,0.567082405090332,t8_rho0.75_n800,t8,800,0.75,0.375
True,5,5,0.34323985719188155,0.5890679978255162,0.5515177382302437,0.09165810168169827,-7.620518524324019,0.3747751056889643,180.8591244745067,1.5537875746987868e-33,equivalent,True,1.0,1.0,9.856791622056924e-07,8.205114585856298e-07,True,754,0.5706212520599365,t8_rho0.75_n800,t8,800,0.75,0.375
True,5,5,0.39320679460324,0.7730579166107727,0.7345024473038632,0.10416586831624221,-4.948814434408715,0.42563835673218725,238.46544122635478,1.4386298488961537e-45,equivalent,True,1.0,1.0,7.238530057670952e-07,9.80522127587249e-07,True,755,0.5604510307312012,t8_rho0.75_n800,t8,800,0.75,0.375
True,5,5,0.37885849070519784,0.7176687798971024,0.6774655780879509,0.11000188116822981,-5.204769371502399,0.4143434737748378,181.61515010525432,1.08239967121648e-33,equivalent,True,1.0,1.0,9.978381493968633e-07,9.96207032158829e-07,True,756,0.581913948059082,t8_rho0.75_n800,t8,800,0.75,0.375
True,5,5,0.3939456441754056,0.7759658528238765,0.7335891854466411,0.11908768001713134,-4.336391593816176,0.4311544938529705,190.29278813014747,1.6992316566754833e-35,equivalent,True,1.0,1.0,9.185415399843594e-07,6.99256774278993e-07,True,757,0.5914630889892578,t8_rho0.75_n800,t8,800,0.75,0.375
False,6,5,,,,,,,,,not_applicable,False,1.0,1.0,9.388004589295301e-07,8.199273993692544e-07,False,758,0.6068017482757568,t8_rho0.75_n800,t8,800,0.75,0.375
True,5,5,0.40753826984156416,0.8304372069272778,0.7868355086172131,0.12807380492976114,-3.616387376300703,0.44665381923216685,181.00854225087366,1.4466529902826348e-33,equivalent,True,1.0,1.0,7.782026654032111e-07,8.421384109879726e-07,True,759,0.5950560569763184,t8_rho0.75_n800,t8,800,0.75,0.375
True,5,5,0.4381400546515822,0.9598335374504572,0.9198571478594323,0.12951422940577437,-2.5490855611410397,0.4760019113069496,249.21571071749807,7.934487345288139e-48,equivalent,True,1.0,1.0,8.209858773367604e-07,8.961136907957767e-07,True,760,0.5871202945709229,t8_rho0.75_n800,t8,800,0.75,0.375
True,5,5,0.38095761825102725,0.7256435345174771,0.6854793515684192,0.10795231593021405,-5.229351900115937,0.4154624194711341,194.67139029353928,2.0823384294133487e-36,equivalent,True,1.0,1.0,9.683452926925874e-07,8.039032514850452e-07,True,761,0.5764408111572266,t8_rho0.75_n800,t8,800,0.75,0.375
True,5,5,0.4203743382180663,0.8835729211613861,0.8437789985249367,0.12063978102539138,-3.3672226360354958,0.4565553153560219,231.9189292606967,3.4006917519187573e-44,equivalent,True,1.0,1.0,8.354233802356003e-07,9.740023509712814e-07,True,762,0.5775790214538574,t8_rho0.75_n800,t8,800,0.75,0.375
True,5,5,0.4414126782670927,0.9742257626746396,0.9328307492381799,0.127255705414628,-2.4923774515917434,0.4779430421796511,250.56610341015707,4.1266354700088125e-48,equivalent,True,1.0,1.0,9.151300745846406e-07,9.373204563793478e-07,True,763,0.5744938850402832,t8_rho0.75_n800,t8,800,0.75,0.375
True,5,5,0.378899473233562,0.7178240540833538,0.6819849689309265,0.09928320467277423,-5.721159313311695,0.41116695106302126,227.76610901159927,2.524818728637932e-43,equivalent,True,1.0,1.0,7.874976070623449e-07,9.798815869966777e-07,True,764,0.5636091232299805,t8_rho0.75_n800,t8,800,0.75,0.375
True,5,5,0.39707295582815877,0.7883346612505545,0.7456548325497597,0.12422888540903843,-4.059805944403539,0.4358883263605382,183.12482290976862,5.257579094511395e-34,equivalent,True,1.0,1.0,9.913675319457773e-07,8.993796168785314e-07,True,765,0.5904748439788818,t8_rho0.75_n800,t8,800,0.75,0.375
True,5,5,0.41328878583314044,0.8540381024771571,0.8129235428824261,0.11737683802869046,-3.7237027718427647,0.44855128149053664,232.80496942592362,2.21682953424127e-44,equivalent,True,1.0,1.0,8.976993904613074e-07,9.659313123973872e-07,True,766,0.5823841094970703,t8_rho0.75_n800,t8,800,0.75,0.375
True,5,5,0.3725557043139559,0.6939887640843386,0.657599226165916,0.09856282526791126,-6.010387508919651,0.40490014739202657,211.13439464666405,7.64300170667947e-40,equivalent,True,1.0,0.9970149253731343,8.768957685085662e-07,9.565196016835724e-07,True,767,0.5452942848205566,t8_rho0.75_n800,t8,800,0.75,0.375
True,5,5,0.33300544403915566,0.5544631287985762,0.5149602350162013,0.09885800030521302,-7.435308854260107,0.3681214949908252,138.56926464595963,8.276259394898554e-25,equivalent,True,1.0,1.0,9.597955735670882e-07,9.880956002962746e-07,True,768,0.5779578685760498,t8_rho0.75_n800,t8,800,0.75,0.375
True,5,5,0.3514793800797625,0.6176887731062706,0.5786563056948023,0.099405672164208,-6.753575321096433,0.3852697979581708,170.645262075009,2.0393633555411015e-31,equivalent,True,0.9970149253731343,1.0,8.126214055332609e-07,9.276800940374965e-07,True,769,0.5719339847564697,t8_rho0.75_n800,t8,800,0.75,0.375
True,5,5,0.40971910951742657,0.839348743518765,0.7981095976941784,0.12243941662048446,-3.690726522378897,0.4471027882275405,206.22430458053782,8.109594572975525e-39,equivalent,True,1.0,1.0,8.306386864497229e-07,7.711209090354395e-07,True,770,0.5913078784942627,t8_rho0.75_n800,t8,800,0.75,0.375
True,5,5,0.379429489620419,0.7198336879680582,0.6805392301439175,0.10015505417227674,-5.685791641393882,0.4111641118231765,225.8377575197993,6.402192585726959e-43,equivalent,True,1.0,1.0,6.680093213150552e-07,9.097400820662107e-07,True,771,0.5638761520385742,t8_rho0.75_n800,t8,800,0.75,0.375
True,5,5,0.40151980799577214,0.8060907810648086,0.7722763426208104,0.10329532087603986,-4.62483347094187,0.43409262279169886,261.5897782394525,1.9771332925301592e-50,equivalent,True,1.0,1.0,7.5935975457367e-07,9.79788695602283e-07,True,772,0.5536282062530518,t8_rho0.75_n800,t8,800,0.75,0.375
True,5,5,0.33652457030803506,0.5662439321050381,0.5263937917805275,0.09356294970651283,-7.733896916346397,0.3688607186875727,168.36679282763112,6.042110828489267e-31,equivalent,True,1.0,1.0,8.790872172707306e-07,9.15695615452421e-07,True,773,0.5878942012786865,t8_rho0.75_n800,t8,800,0.75,0.375
True,5,5,0.3932109485662687,0.7730742503619239,0.7355199976037678,0.10555156818168718,-4.874205199023207,0.42641221308912614,232.11542088571554,3.092843491031104e-44,equivalent,True,1.0,1.0,8.040059867690879e-07,9.919621736727706e-07,True,774,0.5548930168151855,t8_rho0.75_n800,t8,800,0.75,0.375
True,5,5,0.4091508658685233,0.8370221552048117,0.7972814353075942,0.11540763136184327,-3.92277841031998,0.44432197702364457,229.2378413384202,1.2409000093769203e-43,equivalent,True,1.0,1.0,9.273876665058027e-07,7.750652849638984e-07,True,775,0.5781910419464111,t8_rho0.75_n800,t8,800,0.75,0.375
True,5,5,0.356713276146783,0.6362218068968554,0.5963948207044324,0.10310940948745051,-6.338947944174951,0.3914063634824273,168.7123625060626,5.124692346163474e-31,equivalent,True,1.0,1.0,7.273812628699245e-07,8.832922224034925e-07,True,776,0.596045970916748,t8_rho0.75_n800,t8,800,0.75,0.375
True,5,5,0.39621437437932044,0.7849291523239815,0.7486397889992354,0.1032281557493435,-4.85681650864864,0.42858721291869045,254.8021365824232,5.304470478088997e-49,equivalent,True,1.0,1.0,8.339445532588734e-07,9.175151050301932e-07,True,777,0.5521581172943115,t8_rho0.75_n800,t8,800,0.75,0.375
True,5,5,0.3742728684376316,0.7004009002426634,0.6634346017193342,0.10534088233340674,-5.568259779941566,0.40907332694559945,187.5154613144821,6.428009966654851e-35,equivalent,True,1.0,1.0,9.764172783377697e-07,9.995582170690017e-07,True,778,0.5583550930023193,t8_rho0.75_n800,t8,800,0.75,0.375
True,5,5,0.35703269602268783,0.6373617301461452,0.5917372018970912,0.1165810002569857,-5.646398612568644,0.39585246822608666,137.50740408801545,1.3653689058574705e-24,equivalent,True,1.0,1.0,9.86664682725631e-07,9.073412371854852e-07,True,779,0.5952370166778564,t8_rho0.75_n800,t8,800,0.75,0.375
True,5,5,0.343394913209376,0.5896003320903743,0.5498339763750443,0.09848842758010254,-7.109119729376299,0.37731499405481445,159.18917080260712,4.763549635708961e-29,equivalent,True,1.0,1.0,8.558891121901926e-07,9.900844968567018e-07,True,780,0.5852079391479492,t8_rho0.75_n800,t8,800,0.75,0.375
True,5,5,0.41857586440909245,0.8760287713290947,0.8320708665732148,0.12536478575916937,-3.333704364394985,0.45569234997335184,215.3088203322945,1.0244371128299565e-40,equivalent,True,1.0,1.0,9.193249407975705e-07,8.874610083307054e-07,True,781,0.6027810573577881,t8_rho0.75_n800,t8,800,0.75,0.375
True,5,5,0.41530698252492965,0.8623994486698111,0.8176849815523615,0.13008308934402812,-3.323376010115379,0.45423619910019025,190.41692015467436,1.6010995769985102e-35,equivalent,True,1.0,1.0,7.650239239857208e-07,8.714609862661254e-07,True,782,0.6008150577545166,t8_rho0.75_n800,t8,800,0.75,0.375
True,5,5,0.3717457898125661,0.6909746612168428,0.649027874561765,0.10987146234397895,-5.4697745221297565,0.40736969644211896,174.2773166847915,3.605424929323101e-32,equivalent,True,1.0,1.0,8.933460308512143e-07,8.433761796873909e-07,True,783,0.5949959754943848,t8_rho0.75_n800,t8,800,0.75,0.375
True,5,5,0.35303819482125115,0.6231798350132385,0.5864137390903168,0.09701759873907297,-6.839854516440735,0.3862624724858483,182.51717293801715,7.0311428656705615e-34,equivalent,True,1.0,1.0,7.452793622891317e-07,8.885699343611032e-07,True,784,0.562371015548706,t8_rho0.75_n800,t8,800,0.75,0.375
True,5,5,0.39014488631363,0.7610651615833763,0.721178565691297,0.11035977440095156,-4.7917951733701925,0.4249009863213425,208.19578272606938,3.142417190807697e-39,equivalent,True,1.0,1.0,7.728883519063288e-07,9.743617930840087e-07,True,785,0.5741817951202393,t8_rho0.75_n800,t8,800,0.75,0.375
True,5,5,0.39339827836958885,0.7738110271207825,0.7325982679592481,0.11919237528564142,-4.340896225960865,0.4309645643792066,184.119992045177,3.265861381966923e-34,equivalent,True,1.0,1.0,9.73607813506199e-07,8.885416121307768e-07,True,786,0.5888288021087646,t8_rho0.75_n800,t8,800,0.75,0.375
True,5,5,0.37027656628080297,0.6855236776835094,0.64828937252423,0.09605482196778946,-6.264241764744977,0.4015682992528485,212.11650202849626,4.764159681927467e-40,equivalent,True,1.0,0.9970149253731343,8.90642834356727e-07,7.64331627756913e-07,True,787,0.5537290573120117,t8_rho0.75_n800,t8,800,0.75,0.375
True,5,5,0.3375262911084614,0.5696199859471691,0.526630157820633,0.106865154732912,-6.768996348597302,0.374808669904471,125.83693658128567,3.294590599469353e-22,equivalent,True,1.0,1.0,7.043536324707076e-07,8.967816439036462e-07,True,788,0.5954821109771729,t8_rho0.75_n800,t8,800,0.75,0.375
True,5,5,0.36757506650661503,0.6755571475867124,0.6388222380916422,0.09899754246791981,-6.1736659988949745,0.4004144614969051,200.69218356929792,1.1574969026027077e-37,equivalent,True,1.0,1.0,8.398566258059217e-07,9.10307918632212e-07,True,789,0.5582549571990967,t8_rho0.75_n800,t8,800,0.75,0.375
True,5,5,0.38235855011647557,0.7309903042358668,0.6940080318220709,0.10325711854610692,-5.38453886769719,0.415656319035617,217.11010840044932,4.302066585135256e-41,equivalent,True,1.0,0.9970149253731343,9.873420231566193e-07,8.483951621791056e-07,True,790,0.5620317459106445,t8_rho0.75_n800,t8,800,0.75,0.375
True,5,5,0.36901509523859294,0.6808607025697391,0.6392464922890042,0.1031268344117785,-5.922352908383653,0.40221264025568415,194.10970566556443,2.7261688937604324e-36,equivalent,True,1.0,1.0,9.972114779809692e-07,9.849504862785147e-07,True,791,0.5750768184661865,t8_rho0.75_n800,t8,800,0.75,0.375
True,5,5,0.3923014109051462,0.7695019849908418,0.7286603575784275,0.10762945115167327,-4.843838158078979,0.4256042882002139,230.03355642978914,8.451146968454494e-44,equivalent,True,1.0,1.0,9.104082489120713e-07,9.392142806055415e-07,True,792,0.5828278064727783,t8_rho0.75_n800,t8,800,0.75,0.375
True,5,5,0.4352753939613352,0.9473233429409778,0.9078534210508268,0.12487718937937864,-2.7398645072778436,0.47185975012179276,247.02018922913908,2.296277272595828e-47,equivalent,True,1.0,1.0,9.767115141080617e-07,8.547957531560338e-07,True,793,0.5826101303100586,t8_rho0.75_n800,t8,800,0.75,0.375
True,5,5,0.40291746228534114,0.8117124070722965,0.7729985616537212,0.11146914113643562,-4.279224128608296,0.43734402539537515,224.28745560195728,1.3524289350127196e-42,equivalent,True,1.0,0.9970149253731343,8.63938126487568e-07,8.489799623811082e-07,True,794,0.5747170448303223,t8_rho0.75_n800,t8,800,0.75,0.375
True,5,5,0.39230683599447597,0.7695232678399833,0.731587497772506,0.11197275769172604,-4.629809186755439,0.4279640859655165,204.8419982347089,1.5761431344478544e-38,equivalent,True,1.0,1.0,9.644142978924364e-07,9.729022096123196e-07,True,795,0.5545718669891357,t8_rho0.75_n800,t8,800,0.75,0.375
True,5,5,0.43642251300506424,0.9523230492882773,0.9161809188595964,0.11305626789131037,-2.9526808850733457,0.46949801515026995,300.03695018902505,1.5269626701159028e-58,equivalent,True,1.0,0.9970149253731343,8.934701731125162e-07,8.600499612539593e-07,True,796,0.556938886642456,t8_rho0.75_n800,t8,800,0.75,0.375
True,5,5,0.3961929158061263,0.7848441326748016,0.7450149418614004,0.11089959666520516,-4.5535337667917695,0.43068051863617385,222.25303326095784,3.6074374907267036e-42,equivalent,True,1.0,1.0,8.935973123768549e-07,8.749960191972962e-07,True,797,0.5804259777069092,t8_rho0.75_n800,t8,800,0.75,0.375
True,5,5,0.4237157418392461,0.8976751494119132,0.8598105498767442,0.11556546180487946,-3.376350027329541,0.4582354894324144,255.12883373793687,4.528025169788064e-49,equivalent,True,1.0,1.0,7.314001375682541e-07,8.767800010575506e-07,True,798,0.5653629302978516,t8_rho0.75_n800,t8,800,0.75,0.375
True,5,5,0.3893382567780667,0.7579213909549192,0.7185207278487074,0.11375084669227914,-4.672310471578819,0.4255876456381936,189.54398526261085,2.4326375771549343e-35,equivalent,True,1.0,1.0,8.719497154247973e-07,7.347538145852339e-07,True,799,0.5693130493164062,t8_rho0.75_n800,t8,800,0.75,0.375
True,5,5,0.42089429328803896,0.8857600306121888,0.8479177401960148,0.11853188287278504,-3.392186558240385,0.45670238397641466,239.34463362167136,9.405316998360243e-46,equivalent,True,1.0,1.0,9.856898846239716e-07,9.002204219562237e-07,True,800,0.5686342716217041,t8_rho0.75_n800,t8,800,0.75,0.375
True,5,5,0.4067048090460048,0.8270440085057361,0.7879419223324411,0.12284546606910182,-3.761295328617554,0.4449729728311029,192.7593189024907,5.20937956434622e-36,equivalent,True,1.0,1.0,9.88805605653971e-07,8.602908483080353e-07,True,801,0.5819520950317383,t8_rho0.75_n800,t8,800,0.75,0.375
True,5,5,0.3673403691742658,0.6746947341254295,0.6306561918333691,0.10670152245879484,-5.804451463246968,0.40153818698872507,173.5236663137608,5.166179721032688e-32,equivalent,True,1.0,1.0,9.540435107741116e-07,9.949784682141882e-07,True,802,0.6122839450836182,t8_rho0.75_n800,t8,800,0.75,0.375
True,5,5,0.4293923985927291,0.9218891598460858,0.8829824022421734,0.12087412368522553,-3.03636201502975,0.46514570684687556,255.42346331870652,3.92572488728162e-49,equivalent,True,1.0,1.0,6.905008348656819e-07,8.552202291142446e-07,True,803,0.578315019607544,t8_rho0.75_n800,t8,800,0.75,0.375
True,5,5,0.40231742291302547,0.8092965438968909,0.7704895797137661,0.11529138823734603,-4.159117412126949,0.43820703732647537,217.46841169913267,3.6200140978019537e-41,equivalent,True,1.0,1.0,9.49138564328726e-07,9.384619687740132e-07,True,804,0.5892889499664307,t8_rho0.75_n800,t8,800,0.75,0.375
True,5,5,0.345240768678682,0.5959559417892359,0.5572034243142053,0.09773545652884079,-7.08848764093466,0.3789363916193395,160.5069302627432,2.546363081372507e-29,equivalent,True,1.0,1.0,9.769071999150595e-07,8.923811198485021e-07,True,805,0.5691499710083008,t8_rho0.75_n800,t8,800,0.75,0.375
True,5,5,0.3627250622921765,0.6578473540743166,0.6211724506488449,0.1007153448100424,-6.243612138122316,0.39669495858891657,180.15049854005238,2.180344937745579e-33,equivalent,True,1.0,1.0,7.185874022596407e-07,9.444994308939502e-07,True,806,0.5626778602600098,t8_rho0.75_n800,t8,800,0.75,0.375
True,5,5,0.34823914955373053,0.6063525264095275,0.5684242678662356,0.09819869379807429,-6.9407820590290825,0.38208552590274736,165.59734751094467,2.259993099517839e-30,equivalent,True,1.0,1.0,7.703345387262412e-07,8.98212204284758e-07,True,807,0.553462028503418,t8_rho0.75_n800,t8,800,0.75,0.375
True,5,5,0.3902721013207571,0.7615615653465966,0.7236456739902895,0.10947460011304154,-4.808004098358947,0.42513888719929815,201.5214710599563,7.772006780802135e-38,equivalent,True,1.0,1.0,8.977481828870508e-07,9.694704687911351e-07,True,808,0.5825121402740479,t8_rho0.75_n800,t8,800,0.75,0.375
True,5,5,0.4004554583859284,0.80182287075542,0.7627596089312393,0.11179279397935482,-4.358423953146221,0.43511892433568544,219.04197627043743,1.6959883646412134e-41,equivalent,True,1.0,1.0,5.963659380805534e-07,8.262766968547332e-07,True,809,0.5736980438232422,t8_rho0.75_n800,t8,800,0.75,0.375
True,5,5,0.38711306072602625,0.7492826089233605,0.711009299995521,0.10324658855535507,-5.2204213964464525,0.4197224858525364,229.04267020715398,1.3634874669089469e-43,equivalent,True,1.0,1.0,8.684463136520518e-07,7.246975695389663e-07,True,810,0.5782530307769775,t8_rho0.75_n800,t8,800,0.75,0.375
True,5,5,0.3750682434200817,0.7033809361111284,0.6625802470130583,0.10663643455419385,-5.508621471101496,0.4093852887329239,185.55125889580245,1.646285911958878e-34,equivalent,True,1.0,1.0,9.37574213302711e-07,7.482451235418129e-07,True,811,0.5782923698425293,t8_rho0.75_n800,t8,800,0.75,0.375
True,5,5,0.41127276544210195,0.845726437971971,0.8052723923804345,0.1217525525090874,-3.652716911921595,0.4484501131598935,219.28308814556993,1.5099393123767592e-41,equivalent,True,1.0,1.0,9.52699427364081e-07,8.843055413547816e-07,True,812,0.5814149379730225,t8_rho0.75_n800,t8,800,0.75,0.375
True,5,5,0.34959483093093646,0.6110827290681502,0.5740661023084459,0.09429423326420822,-7.168348204259932,0.38188121553532506,183.34802487305896,4.7250956256438285e-34,equivalent,True,1.0,1.0,8.294655860267555e-07,9.75692252737782e-07,True,813,0.5629739761352539,t8_rho0.75_n800,t8,800,0.75,0.375
True,5,5,0.3915066662354339,0.7663873485339172,0.7229208403529787,0.11307682116588116,-4.661248469956615,0.426360331121886,204.61791805127535,1.7553818867736059e-38,equivalent,True,1.0,1.0,9.779661335977275e-07,9.949712605148454e-07,True,814,0.6063668727874756,t8_rho0.75_n800,t8,800,0.75,0.375
True,5,5,0.40314501438161,0.8126295131037427,0.7662743070735758,0.12433818468860577,-3.890403371561788,0.4406341841317332,202.65356272198164,4.511656904868727e-38,equivalent,True,1.0,1.0,9.380090104007261e-07,8.710953257307039e-07,True,815,0.6027200222015381,t8_rho0.75_n800,t8,800,0.75,0.375
True,5,5,0.3817931941373658,0.7288302154480615,0.6823815683283029,0.11622836723246371,-4.883647987039396,0.41798569825420306,166.1258338055233,1.7571734378397244e-30,equivalent,True,1.0,1.0,9.591099413552514e-07,9.935897674251395e-07,True,816,0.6151282787322998,t8_rho0.75_n800,t8,800,0.75,0.375
True,5,5,0.4185984596148377,0.8761233519595747,0.8380482011591681,0.11819173787728199,-3.4854534355739806,0.45441309617622444,237.27876077955494,2.5529434607444147e-45,equivalent,True,1.0,1.0,9.005165412064128e-07,8.303418266127652e-07,True,817,0.5717618465423584,t8_rho0.75_n800,t8,800,0.75,0.375
True,5,5,0.37355866591690745,0.6977303844080984,0.6580328836318099,0.10971427951803003,-5.3955339174506305,0.4095111266438091,171.45856500431424,1.3837228654403956e-31,equivalent,True,1.0,1.0,8.782896454205002e-07,8.247023676379984e-07,True,818,0.5821290016174316,t8_rho0.75_n800,t8,800,0.75,0.375
True,5,5,0.4438612505794924,0.9850640488299547,0.9394889148449792,0.13100127502664272,-2.370290557033661,0.48061769364180085,238.22898786348128,1.612818843579095e-45,equivalent,True,1.0,1.0,8.218675773814091e-07,9.370787957720195e-07,True,819,0.6008601188659668,t8_rho0.75_n800,t8,800,0.75,0.375
True,5,5,0.35374712584357193,0.6256851452129396,0.5867656844199349,0.10403414589529178,-6.375159904206805,0.3893293275936464,155.09162121717054,3.3342076771625357e-28,equivalent,True,1.0,1.0,7.993962323013035e-07,9.217880122618298e-07,True,820,0.581697940826416,t8_rho0.75_n800,t8,800,0.75,0.375
True,5,5,0.4040344021074427,0.8162189904315933,0.7741808424207,0.12446283086813889,-3.82298196385556,0.4424712377533269,194.42981082177846,2.3381649629170196e-36,equivalent,True,1.0,1.0,8.298358606856331e-07,9.292812832954469e-07,True,821,0.5841898918151855,t8_rho0.75_n800,t8,800,0.75,0.375
True,5,5,0.39622386788331726,0.7849667674020822,0.7396616014415404,0.12276660671632703,-4.156980568320852,0.43395730199350624,185.27898252763464,1.8754540781453016e-34,equivalent,True,1.0,1.0,9.152791774757612e-07,8.885153614662865e-07,True,822,0.6135239601135254,t8_rho0.75_n800,t8,800,0.75,0.375
True,5,5,0.41841134565520355,0.8753402708649911,0.8366730821455377,0.12353918863106902,-3.3457150110383207,0.45604319195356785,219.35452566701065,1.4588398567353466e-41,equivalent,True,1.0,1.0,9.892251903114893e-07,8.817698048137263e-07,True,823,0.5649080276489258,t8_rho0.75_n800,t8,800,0.75,0.375
True,5,5,0.45973644269693337,1.0567879837181535,1.0129037282352726,0.13968344026080168,-1.697382820197205,0.4985303484389514,241.31483688266633,3.628023443104647e-46,equivalent,True,1.0,1.0,8.785769574643565e-07,9.044158396199386e-07,True,824,0.6043751239776611,t8_rho0.75_n800,t8,800,0.75,0.375
True,5,5,0.37984466410907136,0.7214098442606663,0.6832560458661285,0.10836409593192156,-5.229997530638944,0.4150901401120164,194.40332574750565,2.3680569361684885e-36,equivalent,True,1.0,1.0,9.709408058515536e-07,9.679974939025257e-07,True,825,0.5714371204376221,t8_rho0.75_n800,t8,800,0.75,0.375
True,5,5,0.40928129552284637,0.8375558943242976,0.7976910242210864,0.11611078433556347,-3.8954949651509354,0.44467432328921763,237.75976881994188,2.0233896658234163e-45,equivalent,True,1.0,1.0,8.438817571930256e-07,7.828135515481867e-07,True,826,0.5828227996826172,t8_rho0.75_n800,t8,800,0.75,0.375
True,5,5,0.42461824181708513,0.9015032564191628,0.8563708960927393,0.13005029583494457,-3.0267451633238993,0.46266285713961514,215.02397847501663,1.1750598383793635e-40,equivalent,True,1.0,1.0,8.292482553294115e-07,9.634231602713177e-07,True,827,0.6082758903503418,t8_rho0.75_n800,t8,800,0.75,0.375
True,5,5,0.40122915999844827,0.804924194165302,0.7652406740017814,0.11349158107615162,-4.2713241052915665,0.4363296260313632,216.3050039667127,6.340303910147215e-41,equivalent,True,1.0,1.0,7.790962895095122e-07,9.984474637956917e-07,True,828,0.5794951915740967,t8_rho0.75_n800,t8,800,0.75,0.375
True,5,5,0.43994951135025795,0.9677778626866538,0.9250858367708936,0.1292767621824996,-2.5133222533097332,0.47701722986226003,237.40274677878529,2.4044607935788276e-45,equivalent,True,1.0,1.0,7.972680676679988e-07,7.446217553697154e-07,True,829,0.5972259044647217,t8_rho0.75_n800,t8,800,0.75,0.375
True,5,5,0.41424763571247686,0.8580055184668848,0.8201803344932745,0.11078361848145893,-3.8798124794837006,0.4477506384494187,267.97975708160254,8.914009707436611e-52,equivalent,True,1.0,1.0,7.564935706211263e-07,8.725624314295971e-07,True,830,0.5707588195800781,t8_rho0.75_n800,t8,800,0.75,0.375
True,5,5,0.41872141549982167,0.8766381189908714,0.8378167810311307,0.11414083679605899,-3.611180980785494,0.45289330982437886,257.35895734891864,1.5368900141883902e-49,equivalent,True,1.0,1.0,9.815172941043535e-07,9.637646827166604e-07,True,831,0.5687832832336426,t8_rho0.75_n800,t8,800,0.75,0.375
True,5,5,0.4416005196805096,0.9750550949104808,0.9334005671588993,0.1309200266538715,-2.418265875228787,0.47932136356334115,264.418832018875,5.0148382682548507e-51,equivalent,True,1.0,1.0,8.196339734020972e-07,9.415868744202767e-07,True,832,0.5967390537261963,t8_rho0.75_n800,t8,800,0.75,0.375
True,5,5,0.4195880378384479,0.8802706074855939,0.8378604599066104,0.13080271398408033,-3.150848537772313,0.4589143228138387,214.07381805674447,1.8567968207445813e-40,equivalent,True,1.0,1.0,9.253667296206406e-07,8.407706083318887e-07,True,833,0.5938119888305664,t8_rho0.75_n800,t8,800,0.75,0.375
True,5,5,0.3727905991738171,0.6948641541618679,0.6543339870697971,0.10217011619307832,-5.830139331588206,0.405558595829514,198.240843972031,3.755696613309259e-37,equivalent,True,1.0,1.0,8.192787082151142e-07,7.877472040706217e-07,True,834,0.5764992237091064,t8_rho0.75_n800,t8,800,0.75,0.375
True,5,5,0.39545006758283924,0.7819037797563606,0.7383322197791036,0.11027084297351242,-4.640100378518023,0.4288849766058685,230.61419936202873,6.385153791414749e-44,equivalent,True,1.0,1.0,9.845454163196108e-07,9.509994258337192e-07,True,835,0.5993759632110596,t8_rho0.75_n800,t8,800,0.75,0.375
True,5,5,0.3975873203724067,0.7903783866045538,0.7499471682223261,0.11035960769337,-4.531121868129976,0.43161848181135787,235.43496479946776,6.222736106008917e-45,equivalent,True,0.9970149253731343,1.0,8.996946421135834e-07,8.425260244571718e-07,True,836,0.5722191333770752,t8_rho0.75_n800,t8,800,0.75,0.375
True,5,5,0.3799668662253621,0.721874097145611,0.677958868926128,0.11599636095329871,-4.9315437688961765,0.4168347163932806,178.66710066804677,4.430381210515191e-33,equivalent,True,1.0,1.0,7.84234194784692e-07,8.92837602386262e-07,True,837,0.5972819328308105,t8_rho0.75_n800,t8,800,0.75,0.375
True,5,5,0.38871321428268635,0.7554898147898882,0.7117514877105364,0.12127200124169081,-4.438357632251432,0.4269019041420628,170.49588688739405,2.1899185318752348e-31,equivalent,True,1.0,1.0,9.079720409776765e-07,9.943343321983304e-07,True,838,0.5996448993682861,t8_rho0.75_n800,t8,800,0.75,0.375
True,5,5,0.4498139693989205,1.0116630353320648,0.969763145725286,0.13222324749786266,-2.119421959283249,0.4872886278048047,255.71188129385658,3.413780441905182e-49,equivalent,True,1.0,1.0,9.65080709526813e-07,8.184061652311905e-07,True,839,0.5800871849060059,t8_rho0.75_n800,t8,800,0.75,0.375
True,5,5,0.3838081244762829,0.7365433820700091,0.6992610030181076,0.10760976103570359,-5.1179278875934315,0.41863189289710495,205.32597661659588,1.2489927200907656e-38,equivalent,True,1.0,1.0,8.590825023921788e-07,9.80819869527304e-07,True,840,0.5693111419677734,t8_rho0.75_n800,t8,800,0.75,0.375
True,5,5,0.39496671143042494,0.7799935156908229,0.7415463663336999,0.11322065471147484,-4.490820468774137,0.43076159784309687,203.6175754803927,2.8389953417069854e-38,equivalent,True,1.0,1.0,8.950611332612509e-07,9.922501985224571e-07,True,841,0.5770130157470703,t8_rho0.75_n800,t8,800,0.75,0.375
True,5,5,0.3862217073482461,0.7458360361349714,0.708022638305255,0.11350831565652288,-4.774781112379229,0.4230194328874359,193.14454810805876,4.33078016650438e-36,equivalent,True,1.0,1.0,9.21079406242718e-07,8.899431028516493e-07,True,842,0.5661180019378662,t8_rho0.75_n800,t8,800,0.75,0.375
True,5,5,0.3392278980981751,0.5753778342405294,0.5363760416148888,0.09605448759339624,-7.429366146909444,0.3726584532565582,155.33815798365706,2.9660650515562784e-28,equivalent,True,1.0,1.0,7.432651529739677e-07,9.760662266253565e-07,True,843,0.5587568283081055,t8_rho0.75_n800,t8,800,0.75,0.375
True,5,5,0.3890520030764321,0.7568073054889207,0.7173049571752125,0.10954036026797905,-4.8630024725279775,0.42367034733612613,203.68267992767267,2.751548823268155e-38,equivalent,True,1.0,1.0,9.601197731722185e-07,9.120964924150234e-07,True,844,0.5759849548339844,t8_rho0.75_n800,t8,800,0.75,0.375
True,5,5,0.3855563232926097,0.7432683921545769,0.6992221018381525,0.1176752381051759,-4.680491044934812,0.4225590240517481,181.41503749089648,1.1910992488512025e-33,equivalent,True,0.9970149253731343,1.0,8.041238138270278e-07,7.73100530724316e-07,True,845,0.5957920551300049,t8_rho0.75_n800,t8,800,0.75,0.375
True,5,5,0.375839149735646,0.7062753323700668,0.6643313945950835,0.10627595635655748,-5.510828841097315,0.409668106365605,192.81482117904912,5.0725771897446795e-36,equivalent,True,1.0,1.0,9.036408629373589e-07,9.185546578206568e-07,True,846,0.5961179733276367,t8_rho0.75_n800,t8,800,0.75,0.375
True,5,5,0.34047192961201334,0.5796056742686388,0.5431619144660284,0.09500928504503958,-7.439673766610198,0.3740155829818934,156.45941150794866,1.74194078162889e-28,equivalent,True,1.0,1.0,9.67222214702912e-07,9.4999606984744e-07,True,847,0.5555379390716553,t8_rho0.75_n800,t8,800,0.75,0.375
True,5,5,0.39619184923576906,0.7848399070042917,0.7397231239036748,0.11766476009943226,-4.3367009431295935,0.43203343188174703,201.0645970471903,9.679193678729697e-38,equivalent,True,1.0,1.0,9.231993166491563e-07,8.7067639543476e-07,True,848,0.6001462936401367,t8_rho0.75_n800,t8,800,0.75,0.375
True,5,5,0.37071717688118133,0.6871561261737655,0.6459253835299381,0.11025333331817512,-5.4789691911335705,0.406761841553956,177.31099638376458,8.468992522017239e-33,equivalent,True,1.0,0.9970149253731343,8.479827608261788e-07,8.172972987917017e-07,True,849,0.5917963981628418,t8_rho0.75_n800,t8,800,0.75,0.375
True,5,5,0.3887179303116502,0.7555081467288647,0.7200310857910687,0.10193817043813203,-5.198925112459011,0.4213560145912308,231.78974632392578,3.6195915860484404e-44,equivalent,True,1.0,1.0,9.541086072129035e-07,9.139769538618665e-07,True,850,0.5504088401794434,t8_rho0.75_n800,t8,800,0.75,0.375
True,5,5,0.37310182330010483,0.6960248527493132,0.6567280035922961,0.10475114542487385,-5.663632545509403,0.40719241276618134,206.73780819456556,6.335353325443373e-39,equivalent,True,1.0,1.0,9.145780995924065e-07,9.93353067975986e-07,True,851,0.571824312210083,t8_rho0.75_n800,t8,800,0.75,0.375
True,5,5,0.36999857842799205,0.684494740193675,0.6465102232053236,0.10368684008501422,-5.8203121659399315,0.40424247629023263,192.60554807657155,5.607964266569713e-36,equivalent,True,1.0,1.0,9.480378166914275e-07,9.192535291274574e-07,True,852,0.5774428844451904,t8_rho0.75_n800,t8,800,0.75,0.375
True,5,5,0.37808312664461696,0.7147342532668475,0.6753825339079406,0.11261782415137246,-5.102366969190433,0.4148788667605784,183.9785890817144,3.4944849263202384e-34,equivalent,True,0.9970149253731343,1.0,9.479758737948241e-07,9.163851407824039e-07,True,853,0.5746698379516602,t8_rho0.75_n800,t8,800,0.75,0.375
True,5,5,0.3594666475810943,0.6460813536159533,0.6064733441798259,0.10105927081459436,-6.367814161263866,0.39311602671890206,174.17209632244695,3.7911235939324856e-32,equivalent,True,1.0,1.0,8.660234165613117e-07,9.565376774490167e-07,True,854,0.5818238258361816,t8_rho0.75_n800,t8,800,0.75,0.375
True,5,5,0.4662080232598045,1.086749604759072,1.0500317829635757,0.12740040221385304,-1.5696042835152095,0.501913697087479,314.28375011799983,1.4798992340462841e-61,inconclusive,True,1.0,1.0,9.435238382727681e-07,9.262846191553975e-07,True,855,0.5549960136413574,t8_rho0.75_n800,t8,800,0.75,0.375
True,5,5,0.4317945856726573,0.932232821081109,0.8931603925134223,0.1200653721436292,-2.97204432148601,0.4670439712393575,257.37257902594445,1.526778718852387e-49,equivalent,True,1.0,1.0,7.920985499233075e-07,9.607201933044864e-07,True,856,0.5774140357971191,t8_rho0.75_n800,t8,800,0.75,0.375
True,5,5,0.3822979807519614,0.7307587304351353,0.6911653539600088,0.11149404802681871,-5.012237477516015,0.41822404121246376,185.58807093250522,1.6175303783922056e-34,equivalent,True,1.0,1.0,8.45013898444617e-07,9.050492367919735e-07,True,857,0.5835261344909668,t8_rho0.75_n800,t8,800,0.75,0.375
True,5,5,0.4285959889527547,0.9184726087319492,0.8763654267249338,0.12479615027466116,-2.993959128168152,0.4651100573270355,231.5837860312622,3.9980899073523927e-44,equivalent,True,1.0,1.0,7.729114992681066e-07,9.784367884720583e-07,True,858,0.5952000617980957,t8_rho0.75_n800,t8,800,0.75,0.375
True,5,5,0.39591551200204167,0.7837454632191941,0.744363759650296,0.10770355057457781,-4.69470354182598,0.42930649551304056,231.63058583122336,3.9087513944159526e-44,equivalent,True,1.0,1.0,9.214905329809556e-07,9.988093812985955e-07,True,859,0.5708029270172119,t8_rho0.75_n800,t8,800,0.75,0.375
True,5,5,0.40153353005697445,0.8061458788000759,0.7678247365567232,0.10846063619088168,-4.445624517587086,0.4350233573905565,238.23594223616345,1.607406588803855e-45,equivalent,True,1.0,1.0,8.268190536410433e-07,7.442262598974736e-07,True,860,0.574232816696167,t8_rho0.75_n800,t8,800,0.75,0.375
True,5,5,0.38150158459951056,0.7277172952596874,0.6823253633377029,0.1137176947432962,-4.991963985409248,0.41698305145048137,185.4523127665717,1.7261349182040822e-34,equivalent,True,1.0,1.0,8.725575430604725e-07,9.896786353596425e-07,True,861,0.6111581325531006,t8_rho0.75_n800,t8,800,0.75,0.375
True,5,5,0.38235487098342624,0.7309762368237626,0.6953675954494729,0.10476213586704777,-5.294206728033911,0.416577957793633,206.0015332291136,9.026394612429607e-39,equivalent,True,1.0,1.0,8.749517160047588e-07,6.1321348316184e-07,True,862,0.5500280857086182,t8_rho0.75_n800,t8,800,0.75,0.375
True,5,5,0.44125237145829704,0.9735182765878547,0.928479367116548,0.13505173699742842,-2.3807219368794508,0.47971235267457196,239.30859938129942,9.57059276559315e-46,equivalent,True,1.0,1.0,7.98765942279521e-07,9.617347186007573e-07,True,863,0.6006898880004883,t8_rho0.75_n800,t8,800,0.75,0.375
True,5,5,0.36660808323269906,0.6720074334577679,0.6277853859085415,0.11781329368171987,-5.281361675299657,0.4053568820987297,145.32836528353553,3.4013353491482204e-26,equivalent,True,1.0,1.0,7.604792462939019e-07,7.743545816313482e-07,True,864,0.6203880310058594,t8_rho0.75_n800,t8,800,0.75,0.375
True,5,5,0.3783140505041408,0.7156076040442481,0.6723217238028075,0.11048622582591901,-5.22850945336278,0.41329296947341115,191.21228295923316,1.0936315643587018e-35,equivalent,True,1.0,1.0,9.367275809545684e-07,9.902741807114429e-07,True,865,0.6027138233184814,t8_rho0.75_n800,t8,800,0.75,0.375
True,5,5,0.3817830401839538,0.7287914488605125,0.6891936974585805,0.10471464884503977,-5.355566854560333,0.41507444330054677,212.99538829565097,3.120704953642008e-40,equivalent,True,1.0,1.0,9.3972423391739e-07,8.767352485957197e-07,True,866,0.5839288234710693,t8_rho0.75_n800,t8,800,0.75,0.375
True,5,5,0.4198052485020716,0.8811822333494306,0.8365885753466924,0.12711990252083594,-3.252137678327328,0.45731437940782205,208.21315191720873,3.1162742657579335e-39,equivalent,True,1.0,1.0,8.764286862201401e-07,9.171904199564662e-07,True,867,0.5867326259613037,t8_rho0.75_n800,t8,800,0.75,0.375
True,5,5,0.39784832055209474,0.7914164308306115,0.7572251136679373,0.10104463540328074,-4.876804041751861,0.4297507995792475,264.0888987822904,5.885030768214706e-51,equivalent,True,1.0,0.9970149253731343,8.179414563218545e-07,9.654581575621273e-07,True,868,0.5429482460021973,t8_rho0.75_n800,t8,800,0.75,0.375
True,5,5,0.40183356623872407,0.8073510747806553,0.7661192734930942,0.11782258041111228,-4.106859014787537,0.4381598275102576,198.45633672269904,3.386606724983378e-37,equivalent,True,1.0,1.0,6.237279502486562e-07,9.149195579857846e-07,True,869,0.5855741500854492,t8_rho0.75_n800,t8,800,0.75,0.375
True,5,5,0.3313410169517423,0.5489343475730738,0.505968244396053,0.09784350104106068,-7.60430429908379,0.3652140418869657,149.01677715799684,5.938168588725676e-27,equivalent,True,1.0,1.0,9.41568856070406e-07,9.491794062342881e-07,True,870,0.596778154373169,t8_rho0.75_n800,t8,800,0.75,0.375
True,5,5,0.3704403920403623,0.6861304202750864,0.6394321326941029,0.11296165855270326,-5.405089435908302,0.4062603909984262,159.56532432285246,3.983797611914221e-29,equivalent,True,1.0,1.0,8.969561073393472e-07,8.27650030265951e-07,True,871,0.6068930625915527,t8_rho0.75_n800,t8,800,0.75,0.375
True,5,5,0.39524051874544774,0.7810753382908531,0.7401330927119527,0.11900419757134661,-4.284444731307622,0.4326378574996949,190.47110725426424,1.5600579997816838e-35,equivalent,True,1.0,1.0,9.042784628925801e-07,8.408004988749748e-07,True,872,0.5777549743652344,t8_rho0.75_n800,t8,800,0.75,0.375
True,5,5,0.38972725871896147,0.7594366809429816,0.7181549372211729,0.11772221799293048,-4.517796825835934,0.4270341331696136,193.5550316565603,3.556967420789465e-36,equivalent,True,1.0,1.0,7.997406801700065e-07,9.8766939450962e-07,True,873,0.590648889541626,t8_rho0.75_n800,t8,800,0.75,0.375
True,5,5,0.36005575672922685,0.6482007397692809,0.6111563284421297,0.102926571913143,-6.2067905272991455,0.3950836553347011,173.08428424704522,6.37129604528451e-32,equivalent,True,1.0,1.0,9.616546408047982e-07,8.590662344174395e-07,True,874,0.5648488998413086,t8_rho0.75_n800,t8,800,0.75,0.375
True,5,5,0.4269290788344581,0.9113421917721947,0.8714056826720312,0.12887085891052286,-2.9377806629723247,0.46548456093824553,216.06103143547364,7.130927502988429e-41,equivalent,True,1.0,1.0,7.435032806777187e-07,8.66237590277883e-07,True,875,0.5773041248321533,t8_rho0.75_n800,t8,800,0.75,0.375
True,5,5,0.3898960884807571,0.7600947990629718,0.7232039672100594,0.11372786651678636,-4.632075224168431,0.42667778497026265,189.66904162153975,2.2911588380217032e-35,equivalent,True,1.0,1.0,8.170360989396027e-07,8.909588315574625e-07,True,876,0.5588879585266113,t8_rho0.75_n800,t8,800,0.75,0.375
True,5,5,0.42923842558297104,0.9212281299847388,0.8787581156952887,0.13621516539972095,-2.725407873751125,0.46964074025766006,213.68713599342271,2.2367659011544244e-40,equivalent,True,1.0,1.0,8.83197871358611e-07,9.956636671615295e-07,True,877,0.5808310508728027,t8_rho0.75_n800,t8,800,0.75,0.375
True,5,5,0.39935674492711254,0.7974290485938942,0.7590289539858666,0.11177852975463183,-4.392355554254271,0.434255287605822,217.42307925279385,3.699945334104852e-41,equivalent,True,1.0,1.0,9.29180550273967e-07,7.731623240701281e-07,True,878,0.5689511299133301,t8_rho0.75_n800,t8,800,0.75,0.375
True,5,5,0.3210893089679765,0.5154917216676633,0.4728811816992597,0.09964989761107904,-7.798490885898717,0.3568727160235665,118.5273520135554,1.006599767009391e-20,equivalent,True,1.0,1.0,8.759618463683425e-07,9.523327841996366e-07,True,879,0.5794510841369629,t8_rho0.75_n800,t8,800,0.75,0.375
True,5,5,0.3861414247067303,0.7455259993727172,0.7077319507879678,0.09900631743821266,-5.477105534709419,0.41727277675815866,252.54199640448925,1.585153618571184e-48,equivalent,True,1.0,1.0,9.530426715262138e-07,6.902399578602869e-07,True,880,0.5759339332580566,t8_rho0.75_n800,t8,800,0.75,0.375
True,5,5,0.4071226669016289,0.8287443295254733,0.7868984478054855,0.11286289957531054,-4.103222174311574,0.4410309280583834,232.40640383616943,2.687380264268805e-44,equivalent,True,1.0,1.0,9.890061810729942e-07,9.149719735253755e-07,True,881,0.5932669639587402,t8_rho0.75_n800,t8,800,0.75,0.375
True,5,5,0.3514313366003415,0.6175199217235126,0.5743120923904386,0.10466201923252128,-6.455903608246144,0.38638472907948,152.36115586506833,1.2174779919277168e-27,equivalent,True,1.0,1.0,8.236929382698913e-07,8.692530610355479e-07,True,882,0.5869247913360596,t8_rho0.75_n800,t8,800,0.75,0.375
True,5,5,0.35252873306322213,0.6213825381758026,0.5872245156475971,0.09630875491880245,-6.881778140639305,0.38617051168699296,177.59250261346133,7.403337099928974e-33,equivalent,True,1.0,1.0,7.293525984610008e-07,9.367129502348091e-07,True,883,0.5392918586730957,t8_rho0.75_n800,t8,800,0.75,0.375
True,5,5,0.39293332560242444,0.7719829918449046,0.7337279666530219,0.11158878510621525,-4.626558420324829,0.42831651487237526,201.92392640857184,6.405778195171112e-38,equivalent,True,1.0,1.0,9.450122707554481e-07,9.635979914465786e-07,True,884,0.5593400001525879,t8_rho0.75_n800,t8,800,0.75,0.375
True,5,5,0.4324884698545527,0.9352313827856618,0.8948352437841635,0.12003158607445105,-2.958927460939667,0.4673905505008551,274.25530232713874,4.2390343117616805e-53,equivalent,True,1.0,1.0,9.425845947683485e-07,9.086455662233737e-07,True,885,0.5892648696899414,t8_rho0.75_n800,t8,800,0.75,0.375
True,5,5,0.43493455408176684,0.9458403316715269,0.9068956772055294,0.12722782137980637,-2.696771186313249,0.47247578152773884,232.32911543280335,2.7895833232246857e-44,equivalent,True,1.0,1.0,8.587605151431752e-07,9.656772964556907e-07,True,886,0.5745019912719727,t8_rho0.75_n800,t8,800,0.75,0.375
True,5,5,0.4252358828120541,0.9041277801547349,0.8620095021418177,0.12389460899708235,-3.1316172753514984,0.46169210500297775,242.01411019281858,2.587075976037432e-46,equivalent,True,1.0,1.0,8.556142487475199e-07,9.54332592328177e-07,True,887,0.5652589797973633,t8_rho0.75_n800,t8,800,0.75,0.375
True,5,5,0.3872459073562339,0.7497969638207642,0.7089141160217255,0.10993873038866415,-4.921703953332775,0.421840546994705,198.9857794813196,2.626506649351266e-37,equivalent,True,1.0,1.0,8.977624319130033e-07,9.76763256966646e-07,True,888,0.5758593082427979,t8_rho0.75_n800,t8,800,0.75,0.375
True,5,5,0.3457011687825828,0.5975464904882188,0.5577418435788211,0.09758188459356462,-7.094125710980912,0.3790118099419346,166.580641866787,1.4149636666639042e-30,equivalent,True,1.0,1.0,9.285728097357824e-07,9.776422068461416e-07,True,889,0.5798311233520508,t8_rho0.75_n800,t8,800,0.75,0.375
True,5,5,0.36760500104067384,0.675667183950569,0.6356013976063595,0.1125154045789893,-5.460573196111237,0.40513522900780236,172.01033626201132,1.0635268445644031e-31,equivalent,True,1.0,1.0,9.780770977244076e-07,8.138383612845495e-07,True,890,0.5846002101898193,t8_rho0.75_n800,t8,800,0.75,0.375
True,5,5,0.3726814015408576,0.6944571352722897,0.6547610523368189,0.10614372107856024,-5.607858303955883,0.4072718838640876,187.0486912179773,8.038073207022975e-35,equivalent,True,1.0,1.0,8.433779184440114e-07,8.330417636093892e-07,True,891,0.5645792484283447,t8_rho0.75_n800,t8,800,0.75,0.375
True,5,5,0.3832383207158323,0.7343580523254556,0.6936848839534242,0.1049257524184224,-5.301988341509386,0.4162384865385416,209.87816300398214,1.3988933566049731e-39,equivalent,True,1.0,0.9970149253731343,9.367251630407996e-07,9.539215958672533e-07,True,892,0.5901892185211182,t8_rho0.75_n800,t8,800,0.75,0.375
True,5,5,0.3858343893046913,0.7443408798506206,0.7080961842834246,0.10746862219795938,-5.042437547197522,0.42068190769017283,213.65724159587322,2.269192250738819e-40,equivalent,True,1.0,0.9940298507462687,9.53625056839009e-07,9.620239481329438e-07,True,893,0.563305139541626,t8_rho0.75_n800,t8,800,0.75,0.375
True,5,5,0.4264089424968813,0.9091229312065433,0.8721030167554445,0.11371946663236808,-3.3230632752281504,0.4602509954146068,280.2893521841915,2.2621390358715505e-54,equivalent,True,1.0,1.0,8.709328902166874e-07,8.321404073259457e-07,True,894,0.5670797824859619,t8_rho0.75_n800,t8,800,0.75,0.375
True,5,5,0.34401528326244707,0.5917325755907084,0.5484645806985126,0.11078990991795591,-6.3321237450323835,0.3822820335450488,129.94338853668302,4.797131248858287e-23,equivalent,True,1.0,1.0,8.324668743204834e-07,9.82458146965685e-07,True,895,0.5820357799530029,t8_rho0.75_n800,t8,800,0.75,0.375
True,5,5,0.38970394780443623,0.7593458346718138,0.7117493738302809,0.11455013416838995,-4.698821438117958,0.4243035652654677,191.38649152483086,1.0060214092911539e-35,equivalent,True,1.0,1.0,8.309548991491005e-07,8.064920818428917e-07,True,896,0.6226837635040283,t8_rho0.75_n800,t8,800,0.75,0.375
True,5,5,0.4472608030959196,1.0002111299300347,0.9605466104885234,0.13301969139998351,-2.176019102623722,0.4856633674354597,244.34214470914424,8.390245654443247e-47,equivalent,True,1.0,1.0,9.10779167268446e-07,6.138816671195151e-07,True,897,0.5753262042999268,t8_rho0.75_n800,t8,800,0.75,0.375
True,5,5,0.41593630607921867,0.8650150535741273,0.8261534065517744,0.12066338410459415,-3.5126363858718266,0.45268687004075003,221.1306897520234,6.19724499666288e-42,equivalent,True,1.0,1.0,9.866884541781243e-07,9.664878521530501e-07,True,898,0.56974196434021,t8_rho0.75_n800,t8,800,0.75,0.375
True,5,5,0.37820384365096615,0.7151907367618222,0.6746547571116155,0.10368261628531932,-5.549100355503366,0.41114413155494284,208.32687162974602,2.950400714514882e-39,equivalent,True,1.0,1.0,9.91360779561819e-07,9.14596795829562e-07,True,899,0.5811190605163574,t8_rho0.75_n800,t8,800,0.75,0.375
True,5,5,0.42004137220707133,0.882173771827997,0.8424907028294936,0.12700140442115468,-3.20869914020122,0.458560666328799,229.72573788853467,9.80510013577416e-44,equivalent,True,1.0,1.0,7.860750690083285e-07,8.324136857288406e-07,True,900,0.5908467769622803,t8_rho0.75_n800,t8,800,0.75,0.375
True,5,5,0.41274522625210247,0.8517931089694963,0.8086366382957221,0.12752138225958756,-3.4610929860046626,0.45130713409368345,203.12049893050622,3.6049564433249357e-38,equivalent,True,1.0,1.0,6.026845484526811e-07,8.893739945683546e-07,True,901,0.6068761348724365,t8_rho0.75_n800,t8,800,0.75,0.375
True,5,5,0.35954932725931477,0.6463785936631292,0.6091945503171425,0.10036786766339614,-6.384567736677714,0.39351874198636716,179.35400948762404,3.190587218571734e-33,equivalent,True,1.0,1.0,9.72146475628024e-07,8.505209564008296e-07,True,902,0.5640246868133545,t8_rho0.75_n800,t8,800,0.75,0.375
True,5,5,0.3958967735957859,0.7836712767177649,0.7441494260541651,0.10968033305167292,-4.612044473894121,0.43001337646158283,227.33965863132107,3.101746080789618e-43,equivalent,True,1.0,1.0,9.966970963673901e-07,8.93780619808854e-07,True,903,0.5760400295257568,t8_rho0.75_n800,t8,800,0.75,0.375
True,5,5,0.34525642975220017,0.5960100114261797,0.557636994183597,0.09464230117298365,-7.315576620975517,0.377706162653196,173.97445725754122,4.16615612879832e-32,equivalent,True,1.0,1.0,9.786383616091952e-07,9.89956783162681e-07,True,904,0.5746078491210938,t8_rho0.75_n800,t8,800,0.75,0.375
True,5,5,0.4085156651033721,0.8344252431742525,0.7930621437317927,0.12109344009817177,-3.7734319538511976,0.44547572950213604,206.2364995820143,8.062184655399326e-39,equivalent,True,1.0,1.0,9.872465022342027e-07,7.819264498827702e-07,True,905,0.5869979858398438,t8_rho0.75_n800,t8,800,0.75,0.375
True,5,5,0.39890219567768426,0.7956148085823874,0.7547828351770816,0.11037803981917539,-4.486555166536732,0.43274439437373335,221.0302232381868,6.504778735656962e-42,equivalent,True,1.0,1.0,7.5132046824309e-07,8.220878374383743e-07,True,906,0.5747861862182617,t8_rho0.75_n800,t8,800,0.75,0.375
True,5,5,0.37790701153106876,0.7140685468217166,0.6750335172274501,0.10385358664769746,-5.5363180158910525,0.41130462333818574,197.84801431318297,4.535050252784504e-37,equivalent,True,1.0,1.0,8.944803767043727e-07,9.833132785050795e-07,True,907,0.5669670104980469,t8_rho0.75_n800,t8,800,0.75,0.375
True,5,5,0.38500165315858914,0.7411313646742328,0.7015846937832446,0.11186050510656416,-4.902671462946697,0.4208512448170732,202.6917806354242,4.4295686269674893e-38,equivalent,True,1.0,1.0,9.077556562715684e-07,9.36474493888855e-07,True,908,0.5694231986999512,t8_rho0.75_n800,t8,800,0.75,0.375
True,5,5,0.40517100486760965,0.8208177159271428,0.783225869059273,0.11616960695597814,-4.018040029330637,0.441431278547939,226.5107900778282,4.627052501841593e-43,equivalent,True,1.0,1.0,7.995211175223864e-07,7.867670407153605e-07,True,909,0.5695202350616455,t8_rho0.75_n800,t8,800,0.75,0.375
True,5,5,0.39154031797666305,0.7665191030063321,0.7307234290079782,0.10529529002498726,-4.931622020973532,0.4251867280869631,229.23927009417565,1.2400444945469346e-43,equivalent,True,1.0,1.0,9.595821446553995e-07,9.130198272350853e-07,True,910,0.5507187843322754,t8_rho0.75_n800,t8,800,0.75,0.375
True,5,5,0.37645716442305915,0.7085999832272509,0.6667822831011068,0.11447618073335321,-5.094664349934675,0.41354052864983254,179.64806302654847,2.7722417332559557e-33,equivalent,True,1.0,1.0,8.263426818412996e-07,9.907101424043602e-07,True,911,0.5916409492492676,t8_rho0.75_n800,t8,800,0.75,0.375
True,5,5,0.33612997463009403,0.5649167992241383,0.5277743936299337,0.09149574173637097,-7.893543378784047,0.3683127736790074,173.10012168955365,6.323329263742764e-32,equivalent,True,1.0,1.0,8.842005839313714e-07,9.312559804858435e-07,True,912,0.5696220397949219,t8_rho0.75_n800,t8,800,0.75,0.375
True,5,5,0.3862613864626029,0.7459892933600614,0.7071026590116887,0.11447301998189362,-4.742579003106429,0.4231770365029262,191.0666111484171,1.172717657229078e-35,equivalent,True,1.0,1.0,9.077465164805128e-07,8.807084542953924e-07,True,913,0.5743229389190674,t8_rho0.75_n800,t8,800,0.75,0.375
True,5,5,0.4261305023253314,0.9079360250601964,0.8686520685442483,0.11660439789678513,-3.270442095960308,0.46053213467537046,261.06766639137686,2.5466386835336956e-50,equivalent,True,1.0,1.0,8.397152447522558e-07,9.19146541573106e-07,True,914,0.5697438716888428,t8_rho0.75_n800,t8,800,0.75,0.375
True,5,5,0.35173494153479384,0.6185873454824242,0.576691496268991,0.10623382752423967,-6.337985926162534,0.38766753611236876,145.85231504194348,2.654842470240304e-26,equivalent,True,1.0,1.0,9.520618581363299e-07,9.373832795695348e-07,True,915,0.581383228302002,t8_rho0.75_n800,t8,800,0.75,0.375
True,5,5,0.43108823155957154,0.9291853169457938,0.8917380668284647,0.11851977772862536,-3.022802945107165,0.4661943270978051,261.4058106217398,2.1615802717617023e-50,equivalent,True,1.0,1.0,9.281497147240298e-07,7.355794980447166e-07,True,916,0.5602428913116455,t8_rho0.75_n800,t8,800,0.75,0.375
True,5,5,0.3867074476427934,0.7477132503120191,0.7070818974025916,0.1128777126058089,-4.8097900822404585,0.42255158558080036,186.4736207755574,1.0586108280511084e-34,equivalent,True,1.0,1.0,9.2313850346396e-07,8.938645436108139e-07,True,917,0.57682204246521,t8_rho0.75_n800,t8,800,0.75,0.375
True,5,5,0.42153548296564564,0.8884608169954007,0.8486101381801948,0.12508664807547396,-3.208894538269322,0.4592078755749602,226.36945937423144,4.953583620545297e-43,equivalent,True,1.0,1.0,7.036616893775687e-07,8.919466746702996e-07,True,918,0.59171462059021,t8_rho0.75_n800,t8,800,0.75,0.375
True,5,5,0.4268029210228393,0.9108036669681401,0.8689254114408275,0.11995648460563653,-3.1767735592784,0.46178702238602526,255.2669335238694,4.235000178962266e-49,equivalent,True,1.0,1.0,9.755554060986053e-07,8.054346046245381e-07,True,919,0.5837118625640869,t8_rho0.75_n800,t8,800,0.75,0.375
True,5,5,0.3865178545840698,0.7469802595613606,0.7105872361750741,0.10845172183746633,-4.9737593344375775,0.4216573120885164,201.81898269613106,6.736994266135372e-38,equivalent,True,1.0,1.0,9.569190045032252e-07,9.776736861925185e-07,True,920,0.5553381443023682,t8_rho0.75_n800,t8,800,0.75,0.375
True,5,5,0.37956290034795376,0.7203399766027534,0.6824618193711989,0.10848946473753694,-5.231274594282657,0.41494845678246844,188.45521641277438,4.0982769116515345e-35,equivalent,True,1.0,1.0,9.820429230466163e-07,7.341523687829599e-07,True,921,0.58024001121521,t8_rho0.75_n800,t8,800,0.75,0.375
True,5,5,0.3847413750474069,0.740129628366847,0.7029948168299813,0.10824073259309018,-5.053598308747387,0.41977017007396084,209.8702769898336,1.404211072772651e-39,equivalent,True,1.0,1.0,7.411531306651364e-07,7.349897526602483e-07,True,922,0.5605599880218506,t8_rho0.75_n800,t8,800,0.75,0.375
True,5,5,0.38129127963890114,0.7269151996433535,0.6861684326752184,0.11261568220038151,-5.006687845850224,0.4174696985396977,190.49811710438814,1.5399950126109004e-35,equivalent,True,1.0,1.0,9.904686029083894e-07,9.421052734924199e-07,True,923,0.5886340141296387,t8_rho0.75_n800,t8,800,0.75,0.375
True,5,5,0.37753115467192,0.7126488637395659,0.6758109669886112,0.10414955422345144,-5.513120409324788,0.4116118897695824,216.2052562751798,6.652368281432379e-41,equivalent,True,1.0,0.9970149253731343,9.596562461981693e-07,8.957505211446168e-07,True,924,0.5653970241546631,t8_rho0.75_n800,t8,800,0.75,0.375
True,5,5,0.39521364790320035,0.780969137444774,0.7416566428601427,0.11622407724400555,-4.373821407698688,0.4319324571860821,195.74250197412863,1.2456463113022894e-36,equivalent,True,1.0,1.0,8.471301694596588e-07,9.968613369761378e-07,True,925,0.5830588340759277,t8_rho0.75_n800,t8,800,0.75,0.375
True,5,5,0.3751047187323098,0.7035177500762264,0.6672077752187971,0.09971539767765646,-5.8445559898899235,0.4077315314644671,214.4239599875827,1.5687150652859585e-40,equivalent,True,1.0,1.0,8.047821741679871e-07,7.854610049625146e-07,True,926,0.5630679130554199,t8_rho0.75_n800,t8,800,0.75,0.375
True,5,5,0.3859156846910836,0.7446545784529393,0.7067544255326857,0.1091284346009335,-4.978038734394778,0.4210118114707871,203.44857597327893,3.079175737524673e-38,equivalent,True,1.0,1.0,9.492967437212345e-07,9.16134131400723e-07,True,927,0.5616679191589355,t8_rho0.75_n800,t8,800,0.75,0.375
True,5,5,0.43641824364025206,0.952304416910212,0.9101156318831453,0.12223165572622592,-2.780657482691118,0.47141676129147375,259.97366440078497,4.328015182209533e-50,equivalent,True,1.0,1.0,9.260638129001621e-07,7.771567408389998e-07,True,928,0.5896880626678467,t8_rho0.75_n800,t8,800,0.75,0.375
True,5,5,0.36246279898000283,0.6568964032220896,0.6177540871767336,0.10138860358224429,-6.235867646706485,0.396111978993449,190.77197759846504,1.350579383775581e-35,equivalent,True,1.0,1.0,9.633546005508984e-07,6.036386046088286e-07,True,929,0.5756070613861084,t8_rho0.75_n800,t8,800,0.75,0.375
True,5,5,0.3650144367446552,0.6661776951600896,0.6258083995906962,0.11099153826273478,-5.623776462415919,0.4020878595190555,175.5513109432458,1.9625332577415214e-32,equivalent,True,1.0,1.0,8.648902088104449e-07,9.529156052986699e-07,True,930,0.5712249279022217,t8_rho0.75_n800,t8,800,0.75,0.375
True,5,5,0.40905106511167694,0.8366138693449869,0.7975793519883811,0.10831509603758727,-4.176893753153492,0.44175600291550166,261.10736583192727,2.498094128994535e-50,equivalent,True,1.0,1.0,7.575640615261253e-07,9.56102103150099e-07,True,931,0.5545680522918701,t8_rho0.75_n800,t8,800,0.75,0.375
True,5,5,0.38415208658929567,0.7378641281545486,0.6973872053685108,0.10858948880208655,-5.089008160252714,0.4185692343862432,229.86289161911256,9.176924138679731e-44,equivalent,True,1.0,1.0,9.320848957727125e-07,8.940472941203438e-07,True,932,0.5763578414916992,t8_rho0.75_n800,t8,800,0.75,0.375
True,5,5,0.4118088252530004,0.8479325427812812,0.81103851286502,0.11161880577581298,-3.932683960233696,0.4460123564165814,254.6516467602754,5.705613702022927e-49,equivalent,True,1.0,1.0,8.884047277177194e-07,9.230623053254959e-07,True,933,0.5684101581573486,t8_rho0.75_n800,t8,800,0.75,0.375
True,5,5,0.3776601210607882,0.7131358351982462,0.6785853185288524,0.09989763204936752,-5.720002263805064,0.4105855089817755,233.8699514255934,1.3253604235495383e-44,equivalent,True,1.0,1.0,9.063576602113628e-07,9.156040839587429e-07,True,934,0.5502362251281738,t8_rho0.75_n800,t8,800,0.75,0.375
True,5,5,0.38358943831777803,0.7357042859447422,0.692822581050603,0.11064479167605158,-5.035731104096739,0.41828628185544087,200.94801323434663,1.0236646151990983e-37,equivalent,True,1.0,1.0,9.140116834669397e-07,8.587199414024965e-07,True,935,0.5833079814910889,t8_rho0.75_n800,t8,800,0.75,0.375
True,5,5,0.3906390188579717,0.762994215271594,0.7223211985737035,0.11013668720984682,-4.791126506473669,0.425083504265042,202.16832219448398,5.69615916575699e-38,equivalent,True,1.0,1.0,8.204021776536426e-07,6.550239627198402e-07,True,936,0.5808238983154297,t8_rho0.75_n800,t8,800,0.75,0.375
True,5,5,0.4096339214713995,0.8389997481001834,0.803237283302272,0.11316423776615767,-3.9479143368677794,0.4448316288739224,235.66121378369425,5.5783560640644544e-45,equivalent,True,1.0,1.0,8.746557622367401e-07,9.238567038231002e-07,True,937,0.5588889122009277,t8_rho0.75_n800,t8,800,0.75,0.375
True,5,5,0.3962452380648081,0.7850514434451823,0.7418076610687423,0.12278324534428488,-4.138938806400528,0.434457852386664,187.29721494255824,7.136201956214254e-35,equivalent,True,0.9970149253731343,0.9970149253731343,9.846947797646741e-07,7.955233198850275e-07,True,938,0.599437952041626,t8_rho0.75_n800,t8,800,0.75,0.375
True,5,5,0.43459016606911943,0.944343062219924,0.9012070247284147,0.13416719218600645,-2.5996890118116682,0.47368606004683367,225.75657072559866,6.657930214856049e-43,equivalent,True,1.0,1.0,9.654102163996438e-07,8.061237228329877e-07,True,939,0.5937399864196777,t8_rho0.75_n800,t8,800,0.75,0.375
True,5,5,0.4014331726859326,0.805742960663469,0.762566148364966,0.12337406162184587,-3.950861674061349,0.4394310915480136,184.48585873782628,2.741328731770644e-34,equivalent,True,1.0,1.0,9.72943322132845e-07,8.601634263079245e-07,True,940,0.5850391387939453,t8_rho0.75_n800,t8,800,0.75,0.375
True,5,5,0.40612940269318176,0.824705458659603,0.7864454390208137,0.11162051219602376,-4.15295138733201,0.4404644919510821,234.15885644140417,1.1527233310881414e-44,equivalent,True,1.0,1.0,9.1607992591267e-07,8.710795411163441e-07,True,941,0.5637266635894775,t8_rho0.75_n800,t8,800,0.75,0.375
True,5,5,0.39848064510813797,0.7939341226289891,0.7513714318034814,0.11624656250794033,-4.289404842938554,0.4341842953781972,206.6488689077705,6.612164238644433e-39,equivalent,True,1.0,1.0,9.87858156635704e-07,9.921740779998954e-07,True,942,0.6046388149261475,t8_rho0.75_n800,t8,800,0.75,0.375
True,5,5,0.37660133896407605,0.7091428425476746,0.6665960795917812,0.11443147963096513,-5.098281716619085,0.4134777173924123,177.96805487205302,6.187352981847792e-33,equivalent,True,1.0,1.0,9.714306314104419e-07,8.586231143813416e-07,True,943,0.5940301418304443,t8_rho0.75_n800,t8,800,0.75,0.375
True,5,5,0.3930820583053846,0.772567522807989,0.7338033881563063,0.10694088049652688,-4.826934372028648,0.426545538790503,226.3275455323331,5.054779154124595e-43,equivalent,True,1.0,1.0,9.46779105169677e-07,7.468320642028401e-07,True,944,0.5710129737854004,t8_rho0.75_n800,t8,800,0.75,0.375
True,5,5,0.3632784606768352,0.6598561999586545,0.6201871040695008,0.10247355727494828,-6.146101615664996,0.39717530296326803,184.83205326137977,2.32277277429008e-34,equivalent,True,1.0,1.0,9.168488793519535e-07,8.79319066486168e-07,True,945,0.5724012851715088,t8_rho0.75_n800,t8,800,0.75,0.375
True,5,5,0.4362479213020474,0.9515612442017869,0.9138919078947244,0.1164264863853864,-2.8868696680643207,0.47019069244274575,295.3426475014073,1.499600206434845e-57,equivalent,True,1.0,1.0,9.862905787485365e-07,7.490994212667729e-07,True,946,0.5833659172058105,t8_rho0.75_n800,t8,800,0.75,0.375
True,5,5,0.41375777333679276,0.855977474983104,0.8163323634219942,0.11769464604761043,-3.684684487708781,0.4494269304005215,224.27830671901845,1.3584100599166038e-42,equivalent,True,1.0,1.0,9.068841977501333e-07,9.590869868669754e-07,True,947,0.5738120079040527,t8_rho0.75_n800,t8,800,0.75,0.375
True,5,5,0.4037406074135327,0.8150323903732416,0.77745727344279,0.10943481553494387,-4.318029177892855,0.4375983379059404,232.98708557319273,2.0301719614141646e-44,equivalent,True,1.0,1.0,8.416061740485818e-07,9.792798642489077e-07,True,948,0.5679590702056885,t8_rho0.75_n800,t8,800,0.75,0.375
True,5,5,0.37352649727033477,0.6976102208152271,0.6610458705043852,0.10006756616881715,-5.8855646444126615,0.40636002993832215,204.9430199907242,1.5014367727564593e-38,equivalent,True,1.0,1.0,9.783810180367333e-07,9.043984928078129e-07,True,949,0.5648939609527588,t8_rho0.75_n800,t8,800,0.75,0.375
True,5,5,0.43226645658934043,0.9342714474615206,0.8953792651266682,0.12933827395650385,-2.741808159528941,0.4707699638141046,218.73312780923885,1.9681587155595775e-41,equivalent,True,1.0,1.0,9.704812790031982e-07,9.962601370268734e-07,True,950,0.5705070495605469,t8_rho0.75_n800,t8,800,0.75,0.375
True,5,5,0.3641653543286097,0.6630820264664092,0.625104302516669,0.10362284293555217,-6.030482080789681,0.39888562560068136,180.08201695711492,2.25290458664659e-33,equivalent,True,1.0,1.0,9.671679831259498e-07,7.537249238429582e-07,True,951,0.5607750415802002,t8_rho0.75_n800,t8,800,0.75,0.375
True,5,5,0.41680145890670567,0.8686172807337912,0.8220510829522186,0.12804024598056832,-3.3423000227032356,0.45445759889105497,212.25605927506797,4.454648376123016e-40,equivalent,True,1.0,1.0,9.770510833197958e-07,9.91285772223159e-07,True,952,0.6114599704742432,t8_rho0.75_n800,t8,800,0.75,0.375
True,5,5,0.4055981598441764,0.8225493363449103,0.7791272432178314,0.12221016337893745,-3.8529754298922905,0.44275164002000233,200.78854294135232,1.1051496079696452e-37,equivalent,True,1.0,1.0,8.964002275983404e-07,9.533004915857855e-07,True,953,0.5953731536865234,t8_rho0.75_n800,t8,800,0.75,0.375
True,5,5,0.3865586152742794,0.7471378152138419,0.710297910512234,0.10700899444192903,-5.043520802175635,0.4210254251554105,212.63411532768248,3.713482193570569e-40,equivalent,True,1.0,1.0,7.89323221258103e-07,9.147320370443703e-07,True,954,0.5705749988555908,t8_rho0.75_n800,t8,800,0.75,0.375
False,5,6,,,,,,,,,not_applicable,False,1.0,0.9970149253731343,8.189408215388599e-07,9.486117885546474e-07,False,955,0.5808780193328857,t8_rho0.75_n800,t8,800,0.75,0.375
True,5,5,0.402369080476343,0.809504384616889,0.7702883415323872,0.11669211383883245,-4.110917547780129,0.4386866280653708,221.85754313128837,4.3652867640403486e-42,equivalent,True,1.0,1.0,9.72551105049427e-07,8.366385486095837e-07,True,956,0.5825889110565186,t8_rho0.75_n800,t8,800,0.75,0.375
True,5,5,0.38637502287391,0.7464282915040725,0.7081533076164362,0.11066040492185916,-4.896482104562865,0.42194157794938264,208.17067613073516,3.1805938851090635e-39,equivalent,True,1.0,1.0,9.800673381160637e-07,9.616643316185635e-07,True,957,0.5655417442321777,t8_rho0.75_n800,t8,800,0.75,0.375
True,5,5,0.36799894079301315,0.6771161021238981,0.6359962389379982,0.10819767926502465,-5.6748330022682945,0.40347629028353227,163.35822395817002,6.561023647860981e-30,equivalent,True,1.0,1.0,6.555305191040739e-07,9.543868013568603e-07,True,958,0.5880122184753418,t8_rho0.75_n800,t8,800,0.75,0.375
True,5,5,0.36878111302126637,0.6799975466060202,0.6425030724155316,0.1069015258712365,-5.682771341507341,0.40455912669756483,193.42402809778633,3.787591952338964e-36,equivalent,True,1.0,1.0,9.779104870570996e-07,9.191183091363045e-07,True,959,0.5559468269348145,t8_rho0.75_n800,t8,800,0.75,0.375
True,5,5,0.3975843816870333,0.7903667028073029,0.7488789140112022,0.11373906864909847,-4.405883501075862,0.4326576091101957,212.62160209821542,3.735917739301913e-40,equivalent,True,1.0,1.0,9.16716060861831e-07,8.847982619055056e-07,True,960,0.5819258689880371,t8_rho0.75_n800,t8,800,0.75,0.375
True,5,5,0.41785980736850886,0.8730340930702365,0.8329993963556999,0.12026607783324637,-3.4673168956460674,0.4540527481865831,231.25855457922856,4.677951960937297e-44,equivalent,True,1.0,1.0,9.193486152890346e-07,9.670523803015673e-07,True,961,0.5774109363555908,t8_rho0.75_n800,t8,800,0.75,0.375
True,5,5,0.40417376280871153,0.816782152714763,0.7713195365132489,0.1285464904940658,-3.72379254888214,0.44334178635321436,176.53859824226583,1.2247840862096286e-32,equivalent,True,1.0,1.0,9.775005796761142e-07,9.567180397318407e-07,True,962,0.6231608390808105,t8_rho0.75_n800,t8,800,0.75,0.375
True,5,5,0.36243577819844075,0.6567984665915467,0.6143891872533973,0.11231323885650067,-5.659268837921271,0.39978194695137986,156.34542596981422,1.8388045956938592e-28,equivalent,True,1.0,1.0,9.233790178119629e-07,9.568179356496862e-07,True,963,0.5793778896331787,t8_rho0.75_n800,t8,800,0.75,0.375
True,5,5,0.370102488610621,0.6848792603788741,0.64733936774816,0.10314846457437461,-5.84265247901286,0.40422852294656186,194.1014996354305,2.7369193868056464e-36,equivalent,True,0.9970149253731343,1.0,7.457253533662794e-07,7.715243746584862e-07,True,964,0.5622711181640625,t8_rho0.75_n800,t8,800,0.75,0.375
True,5,5,0.41135624801842413,0.8460698139189763,0.8026517894063099,0.12876214717500245,-3.474221426159451,0.45043238653568685,190.8552340312362,1.2977501071766285e-35,equivalent,True,1.0,1.0,8.643296256743646e-07,8.703474917984018e-07,True,965,0.5955502986907959,t8_rho0.75_n800,t8,800,0.75,0.375
True,5,5,0.39054711516841323,0.7626352458318492,0.7216309365374344,0.11353690877167776,-4.653720707907537,0.42623527135219275,201.28339548344746,8.713606008478309e-38,equivalent,True,1.0,1.0,9.003046947883598e-07,9.451864064749205e-07,True,966,0.5848829746246338,t8_rho0.75_n800,t8,800,0.75,0.375
True,5,5,0.40131392491710116,0.8052643316618435,0.7584996336799774,0.12788755126817314,-3.8432229051706015,0.44019448797670657,184.5506956374323,2.6575755755423415e-34,equivalent,True,1.0,1.0,8.562874057798992e-07,9.57799577599616e-07,True,967,0.6096460819244385,t8_rho0.75_n800,t8,800,0.75,0.375
True,5,5,0.367178619835715,0.6741006943223026,0.635342952724829,0.10415467395881382,-5.901387080508999,0.40166208333621234,183.9508394478496,3.541194640384265e-34,equivalent,True,1.0,1.0,9.823942667150447e-07,9.141264690145781e-07,True,968,0.5692670345306396,t8_rho0.75_n800,t8,800,0.75,0.375
True,5,5,0.41173001865051295,0.8476080412897586,0.8093155491204345,0.120855546235075,-3.646373415270445,0.4490223229823655,222.37257801415166,3.4053800235697396e-42,equivalent,True,1.0,1.0,8.021833661635136e-07,9.635741803627117e-07,True,969,0.5667290687561035,t8_rho0.75_n800,t8,800,0.75,0.375
True,5,5,0.4067117458443332,0.8270722210387272,0.7883022155843625,0.11431688124232026,-4.03875420146361,0.4418906544197498,227.307517959885,3.150228701031778e-43,equivalent,True,1.0,1.0,9.231809047857545e-07,7.950292920697695e-07,True,970,0.5604739189147949,t8_rho0.75_n800,t8,800,0.75,0.375
True,5,5,0.4287383952489867,0.9190830578033817,0.8827089448602764,0.11515924689483586,-3.1894186966604257,0.4630613457830932,268.58160980855564,6.656563739496931e-52,equivalent,True,1.0,1.0,8.373022199704626e-07,9.281040689085685e-07,True,971,0.5634548664093018,t8_rho0.75_n800,t8,800,0.75,0.375
True,5,5,0.386699655384328,0.7476831173717902,0.7104884113364235,0.10606742980351694,-5.086496294508002,0.4207026997655611,214.92190518555475,1.2342634997625984e-40,equivalent,True,1.0,1.0,9.521052752892914e-07,9.682172153288398e-07,True,972,0.5571188926696777,t8_rho0.75_n800,t8,800,0.75,0.375
True,5,5,0.4412539701511127,0.9735253308705951,0.9319583537446349,0.12801486488769803,-2.484411841815163,0.47802177116923605,253.01540721213854,1.2603721417375016e-48,equivalent,True,1.0,1.0,9.69015499603862e-07,9.34582404105416e-07,True,973,0.5974876880645752,t8_rho0.75_n800,t8,800,0.75,0.375
True,5,5,0.38106835665635397,0.7260654622238709,0.6869535427823962,0.10995543888877837,-5.120678548581249,0.4166087241625274,189.19497576066348,2.8753899278265277e-35,equivalent,True,1.0,1.0,7.130228799834709e-07,8.755897121836263e-07,True,974,0.554265022277832,t8_rho0.75_n800,t8,800,0.75,0.375
True,5,5,0.4290183193454059,0.9202835916697836,0.8822899159855822,0.1207067695698903,-3.0463087142888905,0.4649376052139065,242.0388307378549,2.5563312535908938e-46,equivalent,True,0.9970149253731343,1.0,9.205602768617918e-07,8.479782784766404e-07,True,975,0.5665309429168701,t8_rho0.75_n800,t8,800,0.75,0.375
True,5,5,0.3748299180977687,0.7024873375059,0.6630393008846872,0.11107378315381508,-5.284421602012863,0.4112759209981691,175.11231979600802,2.4201594038190925e-32,equivalent,True,1.0,1.0,7.727657381864107e-07,8.505127898388175e-07,True,976,0.5737168788909912,t8_rho0.75_n800,t8,800,0.75,0.375
True,5,5,0.44900864790359146,1.0080438294610568,0.9685053803044962,0.12527102144045654,-2.2470848920897724,0.48467677358684036,280.0732943266371,2.512498200524477e-54,equivalent,True,1.0,1.0,9.017266742085182e-07,9.370961860162936e-07,True,977,0.5747060775756836,t8_rho0.75_n800,t8,800,0.75,0.375
False,5,6,,,,,,,,,not_applicable,False,1.0,1.0,9.890367664383117e-07,9.527006117851745e-07,False,978,0.5620307922363281,t8_rho0.75_n800,t8,800,0.75,0.375
True,5,5,0.3873836639197317,0.7503305153593782,0.7113386018699771,0.10874348610556576,-4.953504963112019,0.42194921955089904,213.17969973513132,2.855736997207311e-40,equivalent,True,1.0,1.0,9.486867329020156e-07,9.989428353952867e-07,True,979,0.587101936340332,t8_rho0.75_n800,t8,800,0.75,0.375
True,5,5,0.41539192748959886,0.8627522671176208,0.8186816334263868,0.12531215619423655,-3.441951520689345,0.45272547709259436,219.4906571887591,1.3662016133610706e-41,equivalent,True,1.0,1.0,9.724507196389244e-07,9.049620360780839e-07,True,980,0.6117608547210693,t8_rho0.75_n800,t8,800,0.75,0.375
True,5,5,0.3979232084316866,0.7917143990428376,0.7532641125613831,0.11524523813552284,-4.310250865675504,0.4342408687577631,204.9408036157359,1.503037194600571e-38,equivalent,True,1.0,1.0,8.556982619863507e-07,9.965520296270022e-07,True,981,0.5689280033111572,t8_rho0.75_n800,t8,800,0.75,0.375
True,5,5,0.36300576207408414,0.6588659164949329,0.6178219871817118,0.10819598776024425,-5.842897004823842,0.3989457482091385,163.1943644853511,7.093028810150313e-30,equivalent,True,1.0,0.9940298507462687,9.884139420821763e-07,9.68358367721902e-07,True,982,0.5743980407714844,t8_rho0.75_n800,t8,800,0.75,0.375
True,5,5,0.36743599391364096,0.675046048116526,0.6343030325665433,0.11355406899765458,-5.422059930289013,0.40523643834493295,158.00643875283922,8.355456576252052e-29,equivalent,True,1.0,1.0,9.70123744015685e-07,9.673473845408553e-07,True,983,0.5890870094299316,t8_rho0.75_n800,t8,800,0.75,0.375
True,5,5,0.43231734655485526,0.9344914406611542,0.8958198820956131,0.12089981558728373,-2.9295339797163398,0.4679064825928619,253.15874381510616,1.1758437269263722e-48,equivalent,True,1.0,1.0,9.893774941647938e-07,6.932489325872553e-07,True,984,0.567950963973999,t8_rho0.75_n800,t8,800,0.75,0.375
True,5,5,0.40540234155724525,0.8217552927004866,0.7845901440309577,0.10686604510789773,-4.355077007847903,0.43826228355281566,264.8392881101116,4.0897333706578987e-51,equivalent,True,1.0,1.0,9.924762917432944e-07,9.254769163124279e-07,True,985,0.5577192306518555,t8_rho0.75_n800,t8,800,0.75,0.375
True,5,5,0.4003226251743674,0.8012910211324853,0.760842015620732,0.10882316336185513,-4.494980381637467,0.4335528089109357,251.50083637858768,2.6244453296165966e-48,equivalent,True,1.0,1.0,9.156178134198337e-07,8.649935949259184e-07,True,986,0.573369026184082,t8_rho0.75_n800,t8,800,0.75,0.375
True,5,5,0.3411097198757389,0.5817792049685254,0.5420812089003988,0.09709779272749616,-7.290781501968507,0.3746445957002992,159.85847478559657,3.4656772887523417e-29,equivalent,True,1.0,1.0,8.794975243199938e-07,8.453727457418813e-07,True,987,0.5775940418243408,t8_rho0.75_n800,t8,800,0.75,0.375
True,5,5,0.36224627472694715,0.6561118177677544,0.6184660309436099,0.0985967296914164,-6.405222272918551,0.39513117300007855,192.34727625937884,6.347196747325864e-36,equivalent,True,1.0,1.0,8.494760440864415e-07,5.858726234916809e-07,True,988,0.5646917819976807,t8_rho0.75_n800,t8,800,0.75,0.375
True,5,5,0.3305298139285317,0.5462497894781488,0.5064503875506213,0.09742380309884321,-7.632114419665961,0.3651570301744606,134.73085687362402,5.049743041699515e-24,equivalent,True,1.0,1.0,8.409726829690023e-07,8.012605692889557e-07,True,989,0.5760409832000732,t8_rho0.75_n800,t8,800,0.75,0.375
True,5,5,0.3643569147939509,0.6637798067908318,0.6251521880169744,0.10393221055791661,-6.0120708356802135,0.39902517752899946,172.72662518428288,7.556863592594535e-32,equivalent,True,1.0,1.0,8.707378257141044e-07,9.823489274108443e-07,True,990,0.5610802173614502,t8_rho0.75_n800,t8,800,0.75,0.375
True,5,5,0.3800105257575465,0.7220399984326347,0.680354203073681,0.11871031758168381,-4.798620781503254,0.41847707213286484,166.5437156996127,1.4400690352065698e-30,equivalent,True,1.0,1.0,9.518691560438691e-07,9.386561599778556e-07,True,991,0.5913820266723633,t8_rho0.75_n800,t8,800,0.75,0.375
True,5,5,0.3494157529845048,0.6104568421686423,0.569981279723961,0.09751700024471219,-6.973335096132766,0.38219954768835174,166.94919625646332,1.1871532661841526e-30,equivalent,True,1.0,1.0,7.252543452554546e-07,9.994544731043579e-07,True,992,0.5825250148773193,t8_rho0.75_n800,t8,800,0.75,0.375
True,5,5,0.3870817957084444,0.7491615828443694,0.7084628090500579,0.10870686110939093,-4.981628440223264,0.421252818108164,204.9334411046694,1.508365839903863e-38,equivalent,True,1.0,1.0,8.921772378774286e-07,8.803489801619171e-07,True,993,0.581275224685669,t8_rho0.75_n800,t8,800,0.75,0.375
True,5,5,0.34604904926058744,0.5987497224707824,0.5617325670957383,0.09276540081217971,-7.419441158862488,0.3779730342437828,180.82438201691227,1.5798138111235352e-33,equivalent,True,1.0,1.0,8.946790471723133e-07,7.667749295035428e-07,True,994,0.5635671615600586,t8_rho0.75_n800,t8,800,0.75,0.375
True,5,5,0.3907286940827121,0.763344561897908,0.721478167497764,0.1176309548023515,-4.4930506038166635,0.4277765468433669,174.44288120769085,3.3314613139270747e-32,equivalent,True,1.0,1.0,8.103731582667215e-07,7.451005734326792e-07,True,995,0.5900070667266846,t8_rho0.75_n800,t8,800,0.75,0.375
True,5,5,0.39078646305714454,0.763570298543565,0.7229444938709951,0.11179619686032484,-4.714431446961419,0.42587154724308157,218.176230168282,2.5739592297562e-41,equivalent,True,1.0,1.0,9.478012988589028e-07,9.223369923430677e-07,True,996,0.5817179679870605,t8_rho0.75_n800,t8,800,0.75,0.375
True,5,5,0.4087925084783982,0.8355565749403062,0.7962788216315917,0.11717588685461133,-3.87213777977523,0.44475071761957946,212.10038103086697,4.801270517562516e-40,equivalent,True,1.0,1.0,6.322718163458784e-07,7.275030712265203e-07,True,997,0.5821008682250977,t8_rho0.75_n800,t8,800,0.75,0.375
True,5,5,0.3670140772072365,0.6734966643413967,0.6317322589769783,0.11010427045031923,-5.615293017194949,0.4031966437285984,162.74856082153283,8.768887256199783e-30,equivalent,True,1.0,1.0,8.079247732345148e-07,9.8835845858968e-07,True,998,0.5806550979614258,t8_rho0.75_n800,t8,800,0.75,0.375
True,5,5,0.3565601617347071,0.6356757446814025,0.5976512539351446,0.09937244149971201,-6.564684697484724,0.3901549371095972,175.65220659961975,1.8702269882356469e-32,equivalent,True,1.0,1.0,9.976485938679171e-07,6.481803500425481e-07,True,999,0.5464069843292236,t8_rho0.75_n800,t8,800,0.75,0.375
