applicable,K_x,K_y,D_hat,Q_hat,Q_bc,s_Q,Z,U_D,T0,p_exact,decision,mt_reject,success_x,success_y,max_residual_x,max_residual_y,correct_cardinality,rep,seconds,name,n,m,rho
True,4,4,0.40920515980519523,0.6697954512447815,0.6309105654197436,0.11304778319362899,-3.2648975871386847,0.4519008800679104,158.88873608504687,2.7307879454730162e-30,equivalent,True,1.0,1.0,9.432051161682331e-07,9.850284820518203e-07,True,0,0.9161210060119629,n800_m800_rho0.75,800,800,0.75
True,4,4,0.39468981235445766,0.623120191905588,0.5696981364654907,0.13765496521908277,-3.125945096493022,0.44612789793790575,112.32204374067271,1.268031445111597e-20,equivalent,True,1.0,1.0,9.015902494870238e-07,8.741165376081902e-07,True,1,1.010791301727295,n800_m800_rho0.75,800,800,0.75
True,4,4,0.35957526909063237,0.5171774965664027,0.47648007382473107,0.10476215535926499,-4.997223705258273,0.4027401411067289,115.05579967711708,3.4695457998897085e-21,equivalent,True,1.0,1.0,7.92403323378784e-07,9.514838954113292e-07,True,2,0.9146642684936523,n800_m800_rho0.75,800,800,0.75
True,4,4,0.4243350759060463,0.7202410265767603,0.6809984162796602,0.12262393079457996,-2.6014627132996773,0.4697597347576129,156.5960078923441,8.231014107522624e-30,equivalent,True,1.0,1.0,9.056879270681811e-07,7.014296759291065e-07,True,3,0.9246430397033691,n800_m800_rho0.75,800,800,0.75
True,4,4,0.45484123133019516,0.8275221828718724,0.782544572328944,0.13287740606771653,-1.6365116847648056,0.5002770371602446,166.35684149564418,7.476652750390979e-32,inconclusive,True,1.0,1.0,8.82079659194876e-07,8.57516809032371e-07,True,4,1.0554931163787842,n800_m800_rho0.75,800,800,0.75
True,4,4,0.3392877642046701,0.4604647477560153,0.4161883303347773,0.10578798800193512,-5.518695276202279,0.384120451840194,103.81424062127238,7.077604053441611e-19,equivalent,True,1.0,1.0,8.815898057189138e-07,7.387428899905721e-07,True,5,1.0673258304595947,n800_m800_rho0.75,800,800,0.75
True,4,4,0.3891600267678271,0.6057821057357438,0.5602229751325941,0.12018079010389832,-3.659295503775697,0.43528806083583454,141.36984122015795,1.2311671674416084e-26,equivalent,True,1.0,1.0,9.846500681555656e-07,9.966566290655415e-07,True,6,1.0757369995117188,n800_m800_rho0.75,800,800,0.75
True,4,4,0.4031459627096511,0.6501066689963655,0.6073686624227813,0.12232458670289265,-3.209749962457335,0.4496039097156446,123.38296268879071,6.630393704714545e-23,equivalent,True,1.0,1.0,9.626996050579975e-07,7.88252992881417e-07,True,7,0.9842970371246338,n800_m800_rho0.75,800,800,0.75
True,4,4,0.4353005874243676,0.7579464056479981,0.7178123802426871,0.12930088577972534,-2.182410569391169,0.48231043197962925,159.29379861100318,2.2470091216624852e-30,equivalent,True,1.0,1.0,9.3859947409656e-07,7.301182063270954e-07,True,8,0.958244800567627,n800_m800_rho0.75,800,800,0.75
True,4,4,0.3838920996778253,0.5894925767801973,0.5530857549944339,0.1034298585200559,-4.320940310663827,0.42520957565541295,147.00625816058428,8.252882963685464e-28,equivalent,True,1.0,1.0,9.93292685004343e-07,8.479584051256805e-07,True,9,0.9396400451660156,n800_m800_rho0.75,800,800,0.75
True,4,4,0.4027702592921325,0.6488955270810066,0.6031248689555847,0.13730762148874132,-2.890408607631132,0.455240543056476,123.0902148270537,7.621925804081588e-23,equivalent,True,1.0,1.0,9.632123116236289e-07,9.390336699693319e-07,True,10,1.01898193359375,n800_m800_rho0.75,800,800,0.75
True,4,4,0.3713193454591502,0.5515122252488469,0.5010915174826587,0.12526103921769935,-3.982950210482093,0.42045439471945173,102.86209568764941,1.108852528516839e-18,equivalent,True,1.0,1.0,8.277053094967162e-07,9.858843433906478e-07,True,11,1.0513339042663574,n800_m800_rho0.75,800,800,0.75
True,4,4,0.38737701571105515,0.6002438092048122,0.5596841862271631,0.10933258663816109,-4.027306289112806,0.42997682725436737,132.78990411383353,7.465504119077722e-25,equivalent,True,1.0,1.0,7.678461742433957e-07,9.21578958840192e-07,True,12,0.878911018371582,n800_m800_rho0.75,800,800,0.75
True,4,4,0.33483456201480644,0.44845673567858907,0.40820565510767415,0.09783626840649523,-6.048823759646146,0.3772041874248931,102.22909862680658,1.4943233467695018e-18,equivalent,True,1.0,1.0,9.307249452214542e-07,9.354353877817791e-07,True,13,0.8770833015441895,n800_m800_rho0.75,800,800,0.75
True,4,4,0.41669721364245293,0.6945462714295362,0.6534410145332442,0.12269425461334767,-2.8245738690771125,0.4624000173659481,151.30755876643678,1.0462950090195928e-28,equivalent,True,1.0,1.0,6.838231728591114e-07,9.832689179184797e-07,True,14,0.9035570621490479,n800_m800_rho0.75,800,800,0.75
True,4,4,0.3595516140730386,0.5171094527301092,0.47330372001365484,0.09958737571634615,-5.28878561361562,0.3990959709641485,130.290378591202,2.46290688903805e-24,equivalent,True,1.0,1.0,9.773418656045976e-07,9.836490633027702e-07,True,15,0.8732030391693115,n800_m800_rho0.75,800,800,0.75
True,4,4,0.35982464789335755,0.517895108926315,0.4793932336179937,0.09798086883231069,-5.313351193823342,0.4001741561772438,138.96070919490614,3.9028608838926143e-26,equivalent,True,1.0,1.0,9.722453231650803e-07,9.986139241720453e-07,True,16,0.9042627811431885,n800_m800_rho0.75,800,800,0.75
True,4,4,0.37726408366083,0.5693127552817829,0.5277320959339878,0.11807151992340699,-3.999846062559137,0.424835987093748,115.25180201596251,3.161474883807377e-21,equivalent,True,1.0,1.0,9.589853318453978e-07,9.967755410296278e-07,True,17,0.8636279106140137,n800_m800_rho0.75,800,800,0.75
True,4,4,0.41513781969496893,0.6893576373643702,0.6516107713381748,0.11767914223775858,-2.9605010882722165,0.4596671989778285,146.4124905240506,1.0973380263405283e-27,equivalent,True,1.0,1.0,9.475847328004859e-07,9.164625684016294e-07,True,18,0.9536702632904053,n800_m800_rho0.75,800,800,0.75
True,4,4,0.44691710399254864,0.7989395913643462,0.7559281844635565,0.1280116459019951,-1.9066375861091838,0.49155076149810834,177.10655974619996,4.169232098702508e-34,equivalent,True,1.0,1.0,8.641131813877953e-07,9.78630856946101e-07,True,19,0.962677001953125,n800_m800_rho0.75,800,800,0.75
True,4,4,0.35143932549327844,0.494038398012682,0.4490251984509386,0.11426309633769477,-4.821983818123593,0.3990523984668872,105.70577325106234,2.8987667453230203e-19,equivalent,True,1.0,1.0,8.763479864111555e-07,8.68179084063104e-07,True,20,0.877655029296875,n800_m800_rho0.75,800,800,0.75
True,4,4,0.3806384804795363,0.5795426112870814,0.5453125849486109,0.10250756040513634,-4.435647607399367,0.42246967863710244,140.01947765031994,2.3508232553508824e-26,equivalent,True,1.0,1.0,9.77184821300717e-07,8.582033779819053e-07,True,21,0.7731750011444092,n800_m800_rho0.75,800,800,0.75
True,4,4,0.34480898250582337,0.47557293766680486,0.4355612617394404,0.09822829632792458,-5.746192893097135,0.3863717223166348,106.97458904648012,1.5919946737095807e-19,equivalent,True,1.0,1.0,8.506466511373119e-07,7.347441553154411e-07,True,22,0.8788139820098877,n800_m800_rho0.75,800,800,0.75
True,4,4,0.44338724568684734,0.7863689985510749,0.741730797307886,0.13263496677786174,-1.947218059960505,0.4898713870683406,164.990933944355,1.4444406237642702e-31,equivalent,True,1.0,1.0,9.137777646630171e-07,7.582477864892946e-07,True,23,0.9082460403442383,n800_m800_rho0.75,800,800,0.75
True,4,4,0.3451343194504073,0.47647079384998314,0.4289759213890381,0.1131616160510407,-5.046093353362909,0.39214481253176176,83.82228851328368,8.288927049131301e-15,equivalent,True,1.0,1.0,9.524019411284615e-07,9.106635158275421e-07,True,24,0.9367051124572754,n800_m800_rho0.75,800,800,0.75
True,4,4,0.5117448808138321,1.0475312921566529,1.0011774679818686,0.16503420598199814,0.00713469050165886,0.5640555336716445,191.27821802036988,4.384404873747689e-37,inconclusive,True,1.0,1.0,7.969441886731847e-07,9.791549195107763e-07,True,25,0.9253780841827393,n800_m800_rho0.75,800,800,0.75
True,4,4,0.3711919901421385,0.5511339741827258,0.5103107986743248,0.10131744283078277,-4.83321714054251,0.4113888555819136,139.7232629076579,2.709087191899828e-26,equivalent,True,1.0,1.0,9.766927159143888e-07,9.165234455860399e-07,True,26,0.915869951248169,n800_m800_rho0.75,800,800,0.75
True,4,4,0.39037246731101255,0.6095626529379503,0.5698346024999034,0.1173846945175276,-3.66457824223298,0.4367250974656853,129.36835059016437,3.824331660235087e-24,equivalent,True,1.0,1.0,7.881569917816217e-07,8.623383652942074e-07,True,27,0.9048969745635986,n800_m800_rho0.75,800,800,0.75
True,4,4,0.3748848121777685,0.5621544896062429,0.5212061392566969,0.10580740985372347,-4.525144896800948,0.4169064166911247,130.67343407140567,2.051322503134522e-24,equivalent,True,1.0,1.0,9.320145797398162e-07,8.227225081840169e-07,True,28,0.9108898639678955,n800_m800_rho0.75,800,800,0.75
True,4,4,0.40150412862271756,0.6448222612043509,0.6046145383550006,0.11429108819649,-3.4594601196311134,0.44514229446976494,153.22336004885952,4.166949333306437e-29,equivalent,True,1.0,1.0,9.822249231116074e-07,7.624113398512978e-07,True,29,0.8990311622619629,n800_m800_rho0.75,800,800,0.75
True,4,4,0.3877336419826802,0.6013495085006129,0.5596588707078487,0.11065140641941562,-3.9795348612476937,0.4305996510344922,135.7632326849062,1.802289307414599e-25,equivalent,True,1.0,1.0,9.435162853165766e-07,9.92383794089229e-07,True,30,0.8234190940856934,n800_m800_rho0.75,800,800,0.75
True,4,4,0.35776709985112837,0.511989190943549,0.46843364339237364,0.10771391910974812,-4.934982971569545,0.4017484517435009,107.790958512337,1.0823971229835336e-19,equivalent,True,1.0,1.0,9.64219386117529e-07,9.572096801012519e-07,True,31,0.8830559253692627,n800_m800_rho0.75,800,800,0.75
True,4,4,0.43581618872892697,0.7597430014328308,0.7116860650799192,0.1503954184731779,-1.9170393476547285,0.4896591964398326,127.09457486858872,1.1312596464567775e-23,equivalent,True,1.0,1.0,9.690326233966605e-07,9.189730902759902e-07,True,32,0.9533030986785889,n800_m800_rho0.75,800,800,0.75
True,4,4,0.3980899637969244,0.6339024771033464,0.5919474181920157,0.11706557108683488,-3.4856754041314684,0.442860911400335,133.00843201999302,6.725368009142943e-25,equivalent,True,1.0,1.0,9.283108334871807e-07,8.768012998335171e-07,True,33,0.9279530048370361,n800_m800_rho0.75,800,800,0.75
True,4,4,0.4029528315662394,0.6494839378690004,0.6039211783691162,0.11909431804894993,-3.3257575014459397,0.44716157576463444,138.3901786540478,5.1284995427888277e-26,equivalent,True,1.0,1.0,9.673045272203646e-07,9.547993724607542e-07,True,34,0.9494845867156982,n800_m800_rho0.75,800,800,0.75
True,4,4,0.39540309217378755,0.6253744212023709,0.5800012724016953,0.1303855950744274,-3.2212049755846017,0.4456642490042513,113.46458062575266,7.378697695468679e-21,equivalent,True,1.0,1.0,9.073161774656537e-07,8.884340128363023e-07,True,35,0.8826112747192383,n800_m800_rho0.75,800,800,0.75
True,4,4,0.38120632419828376,0.581273046435068,0.5314309638836374,0.11798589481393106,-3.971398757922009,0.42588158298330026,121.91198765246546,1.335334019539858e-22,equivalent,True,1.0,1.0,9.924632033618794e-07,9.894132035135929e-07,True,36,0.8108720779418945,n800_m800_rho0.75,800,800,0.75
True,4,4,0.3800083800285912,0.5776254755678168,0.53135313480501,0.11545492917823624,-4.059132585595418,0.4246350179310631,114.26334587425706,5.0525045272058636e-21,equivalent,True,1.0,1.0,9.559046618999987e-07,8.933992582076634e-07,True,37,0.790672779083252,n800_m800_rho0.75,800,800,0.75
True,4,4,0.3988991091273598,0.6364819970504052,0.5961506211109896,0.1270136554339416,-3.179574491492751,0.4486283241514832,125.58927534653944,2.3182485861318588e-23,equivalent,True,1.0,1.0,7.344832664400155e-07,7.627899542829639e-07,True,38,0.891456127166748,n800_m800_rho0.75,800,800,0.75
True,4,4,0.41950782329060915,0.7039472552080999,0.6636096092032797,0.13178568211348005,-2.5525564340673674,0.4691422402661881,130.32573211492752,2.421692799266795e-24,equivalent,True,1.0,1.0,9.448361833882369e-07,7.261706559397944e-07,True,39,0.8542771339416504,n800_m800_rho0.75,800,800,0.75
True,4,4,0.35555930088132714,0.5056896657728724,0.4546191161471694,0.11363304335227636,-4.799492011862105,0.40047747740874734,107.07184569318652,1.5204917534750086e-19,equivalent,True,1.0,1.0,8.678341369307987e-07,8.673064525699933e-07,True,40,0.9945647716522217,n800_m800_rho0.75,800,800,0.75
True,4,4,0.3664578113591,0.5371653100244069,0.49768158112742367,0.10142282301863881,-4.952715808159507,0.4075865795831878,138.81384988745418,4.187121935532787e-26,equivalent,True,1.0,1.0,7.895785385220127e-07,9.662797285328105e-07,True,41,0.9309768676757812,n800_m800_rho0.75,800,800,0.75
True,4,4,0.33354096201183087,0.44499829335911045,0.4043034166038198,0.09590723906898573,-6.211174351163398,0.37485223309903826,99.51206546454205,5.370978119492626e-18,equivalent,True,1.0,1.0,9.809066246537355e-07,8.352877978743411e-07,True,42,0.8997378349304199,n800_m800_rho0.75,800,800,0.75
True,4,4,0.3908678976654259,0.6111108537015595,0.5632514505867238,0.1304759510015519,-3.347349040652568,0.44098335904588537,121.23516449806644,1.8425868481385474e-22,equivalent,True,1.0,1.0,8.870896022610251e-07,9.30762742590312e-07,True,43,0.9475240707397461,n800_m800_rho0.75,800,800,0.75
True,4,4,0.427147877803846,0.7298212380493174,0.6926429776487694,0.11955536167474436,-2.570834281672862,0.4715119425637509,179.66641523343202,1.209693604868115e-34,equivalent,True,1.0,1.0,8.784192010914395e-07,9.454474415840562e-07,True,44,0.8707840442657471,n800_m800_rho0.75,800,800,0.75
True,4,4,0.37311840311011,0.5568693709577542,0.5135294392863158,0.11081534473142042,-4.389920564635947,0.417074472063944,123.64658645968827,5.848294469496816e-23,equivalent,True,1.0,1.0,7.032028798481227e-07,8.892396323369745e-07,True,45,0.9012928009033203,n800_m800_rho0.75,800,800,0.75
True,4,4,0.353341690000756,0.49940139957036134,0.4601263167491113,0.10603891310700102,-5.091278922352935,0.39829160409527653,111.52560517281043,1.8491481469173844e-20,equivalent,True,1.0,1.0,9.75797270276553e-07,8.406201381588202e-07,True,46,0.8020210266113281,n800_m800_rho0.75,800,800,0.75
True,4,4,0.3467075877031014,0.480824605483615,0.4198196506314252,0.1447816042414631,-4.007279463494304,0.40557496146947003,85.31826544638045,4.131821280220846e-15,equivalent,True,1.0,1.0,7.834184297667482e-07,9.911230372364755e-07,True,47,1.0141570568084717,n800_m800_rho0.75,800,800,0.75
True,4,4,0.4087712546484535,0.6683757545074832,0.627080414014894,0.1254856917821014,-2.9718096197984005,0.4564772747008327,127.98661643662568,7.393082159584168e-24,equivalent,True,1.0,1.0,9.150188891347891e-07,7.739770716791473e-07,True,48,0.9384970664978027,n800_m800_rho0.75,800,800,0.75
True,4,4,0.3396230397227815,0.46137523644216816,0.4261572525791246,0.0936731510627994,-6.126010931736091,0.3808660771362893,111.3006704800548,2.056995071674844e-20,equivalent,True,1.0,1.0,8.459146683113933e-07,8.645979258943297e-07,True,49,0.91109299659729,n800_m800_rho0.75,800,800,0.75
True,4,4,0.43492513038245667,0.7566394761527877,0.7182482182607942,0.1263253491029269,-2.230366143770884,0.4811535427773172,175.06250604469415,1.1193498660370117e-33,equivalent,True,1.0,1.0,8.062666983444158e-07,8.79438866836989e-07,True,50,0.9465820789337158,n800_m800_rho0.75,800,800,0.75
True,4,4,0.44534834179326904,0.7933405821520576,0.7538366627014587,0.12632843036496316,-1.9485980834826715,0.4903132772968612,182.19224001752133,3.5660317383230775e-35,equivalent,True,1.0,1.0,9.79417248809742e-07,8.745978347186645e-07,True,51,0.768301248550415,n800_m800_rho0.75,800,800,0.75
True,4,4,0.3844298530834116,0.5911452477669337,0.5510412582930585,0.11047673763829566,-4.063830552064695,0.4280068109537439,133.6861591754589,4.864862275235383e-25,equivalent,True,1.0,1.0,9.56487273930793e-07,8.222588748006172e-07,True,52,0.7656199932098389,n800_m800_rho0.75,800,800,0.75
True,4,4,0.428998295513664,0.7361581502145158,0.7009873701757023,0.10967378483675286,-2.7263819724045426,0.46941045284109584,202.93610236440617,1.537178630382502e-39,equivalent,True,1.0,1.0,8.550252726102665e-07,8.779970297454813e-07,True,53,0.7443549633026123,n800_m800_rho0.75,800,800,0.75
True,4,4,0.39798726298421533,0.633575445990668,0.5772651898769582,0.13223182414093193,-3.196921867102835,0.4457485797547703,116.61155328661647,1.6582008005306905e-21,equivalent,True,1.0,1.0,9.467961312501019e-07,8.050415096887006e-07,True,54,0.988555908203125,n800_m800_rho0.75,800,800,0.75
True,4,4,0.3468619887855743,0.48125295705713544,0.4419975036523993,0.09662879531570989,-5.774701987378298,0.38760086690286055,129.4218794901914,3.727884313549388e-24,equivalent,True,1.0,1.0,8.250643973287674e-07,9.641157965310275e-07,True,55,0.9314680099487305,n800_m800_rho0.75,800,800,0.75
True,4,4,0.39033424947708895,0.6094433052593693,0.5706653159761443,0.11315571243344266,-3.794193636281395,0.43496836091334573,139.63931024440026,2.8202094649258165e-26,equivalent,True,1.0,1.0,9.530434129230231e-07,7.516345012826182e-07,True,56,0.9067337512969971,n800_m800_rho0.75,800,800,0.75
True,4,4,0.4038547023892877,0.6523944825677606,0.6100494269882013,0.11868518634151977,-3.285587570210368,0.4486839606581289,147.88015987567414,5.425708936538725e-28,equivalent,True,1.0,1.0,9.809061538542278e-07,9.386777464407939e-07,True,57,0.94315505027771,n800_m800_rho0.75,800,800,0.75
True,4,4,0.3057337159897314,0.373892420371559,0.33498775499800537,0.08883865414394723,-7.485618185125369,0.3468120303133112,89.07550547554021,7.163088337156978e-16,equivalent,True,1.0,1.0,9.916718719658362e-07,9.284070701728332e-07,True,58,0.8716597557067871,n800_m800_rho0.75,800,800,0.75
True,4,4,0.3633956938425353,0.5282257212131906,0.48895483746331203,0.0996249184281999,-5.129692155331604,0.40398739023473285,136.19133379108132,1.4686024892963471e-25,equivalent,True,1.0,1.0,9.543850264643253e-07,9.888568552854281e-07,True,59,0.8931949138641357,n800_m800_rho0.75,800,800,0.75
True,4,4,0.391833709154349,0.6141346225186199,0.5735137308036788,0.11226302461452167,-3.798991436946849,0.43536478211191393,149.2870840907441,2.761312412508859e-28,equivalent,True,1.0,1.0,9.933621806226407e-07,9.854887337618848e-07,True,60,0.9590320587158203,n800_m800_rho0.75,800,800,0.75
True,4,4,0.37165999546526024,0.5525246089169491,0.5149952925502803,0.1034156645291685,-4.689857282819312,0.41385351376866425,125.35166856649825,2.5961410234064232e-23,equivalent,True,1.0,1.0,8.220369751624214e-07,9.939660688935127e-07,True,61,0.9341540336608887,n800_m800_rho0.75,800,800,0.75
True,4,4,0.36627266089376903,0.5366226484728076,0.4907724655474468,0.10594141317886582,-4.806690029637425,0.407747036549338,126.42670638454331,1.555369086248002e-23,equivalent,True,1.0,1.0,7.024319969791258e-07,9.368728048569174e-07,True,62,0.9319241046905518,n800_m800_rho0.75,800,800,0.75
True,4,4,0.41609629738185355,0.6925445147795516,0.6473310051403174,0.12624354879502755,-2.793560528247551,0.46232649833614436,160.2080978588716,1.446870234066292e-30,equivalent,True,1.0,1.0,9.763122285666995e-07,7.733155265658106e-07,True,63,0.9666402339935303,n800_m800_rho0.75,800,800,0.75
True,4,4,0.3478701324495751,0.4840545162019396,0.44490781580430283,0.0933891082660836,-5.94386427391653,0.3868201226841535,121.76612462319724,1.431297417173507e-22,equivalent,True,1.0,1.0,8.486986806128367e-07,9.79617649167001e-07,True,64,0.7605488300323486,n800_m800_rho0.75,800,800,0.75
True,4,4,0.4108946185122207,0.6753375500892136,0.6321516836590925,0.12227704406731282,-3.008318684400067,0.45642072780662496,153.01581328759437,4.604089761992723e-29,equivalent,True,1.0,1.0,8.001803225211335e-07,9.816418141517401e-07,True,65,0.9017860889434814,n800_m800_rho0.75,800,800,0.75
True,4,4,0.42218213661320336,0.7129510259011581,0.6667232669346556,0.13853892136657273,-2.405654164027286,0.4729163547125452,139.8029874659312,2.6076147767501784e-26,equivalent,True,1.0,1.0,8.817299545945063e-07,9.535884379540618e-07,True,66,0.8366057872772217,n800_m800_rho0.75,800,800,0.75
True,4,4,0.3987077193704515,0.6358713819423469,0.5908017294359524,0.1218842309092098,-3.357269989001734,0.444770572518899,117.85829633477825,9.173305145391462e-22,equivalent,True,1.0,1.0,9.872174810622794e-07,8.133914233352724e-07,True,67,0.8281800746917725,n800_m800_rho0.75,800,800,0.75
True,4,4,0.39162276994788986,0.6134735757666314,0.57578803003881,0.10216812252769499,-4.152097146017319,0.43123069143363146,158.2023073170707,3.7999267087414524e-30,equivalent,True,1.0,1.0,8.322145776630375e-07,9.603780452456828e-07,True,68,0.9459848403930664,n800_m800_rho0.75,800,800,0.75
True,4,4,0.37371931972026834,0.5586645197287206,0.5183616812667412,0.10220819893391594,-4.7123256622951395,0.4142702040900873,139.47945927710788,3.044541666500732e-26,equivalent,True,1.0,1.0,9.840167293387099e-07,8.524166230725051e-07,True,69,0.8315160274505615,n800_m800_rho0.75,800,800,0.75
True,4,4,0.34652694384850186,0.48032369125193103,0.43928575347115095,0.09561513820639589,-5.86428317782154,0.3861860498326576,120.11011760154294,3.1461994327707114e-22,equivalent,True,1.0,1.0,7.417562742271898e-07,7.957800264825262e-07,True,70,0.9312810897827148,n800_m800_rho0.75,800,800,0.75
True,4,4,0.3397285249712528,0.46166188271657244,0.42560249646106124,0.09473604712400263,-6.063135638191596,0.3812575989983749,120.70699402821569,2.3687855104903026e-22,equivalent,True,1.0,1.0,9.65344966910529e-07,9.173569259583866e-07,True,71,0.8851690292358398,n800_m800_rho0.75,800,800,0.75
True,4,4,0.3546096584009559,0.5029920393249705,0.4611788935464354,0.10351826968938194,-5.2050822339897795,0.3973195486320664,114.17155970150779,5.277271696606234e-21,equivalent,True,1.0,1.0,9.895333293737282e-07,8.671919383563328e-07,True,72,0.9028782844543457,n800_m800_rho0.75,800,800,0.75
True,4,4,0.3609326132683646,0.5210894052829235,0.4847458474183662,0.09564575388475732,-5.387109533398197,0.40064607591932594,134.58843620546673,3.160639427064935e-25,equivalent,True,1.0,1.0,9.103101464559142e-07,9.432620400109394e-07,True,73,0.8575501441955566,n800_m800_rho0.75,800,800,0.75
True,4,4,0.37707501552223616,0.5687422693243785,0.5293573515451376,0.10926054024848152,-4.307526279702825,0.42103294035488775,123.68257247529138,5.748941335712603e-23,equivalent,True,1.0,1.0,9.16930983173386e-07,8.741033705504697e-07,True,74,0.9033761024475098,n800_m800_rho0.75,800,800,0.75
True,4,4,0.34043527595351325,0.4635847084541788,0.4175444819261013,0.10239112302857832,-5.688535303117341,0.3827410652148828,99.50399673682563,5.391405565935765e-18,equivalent,True,1.0,1.0,9.94193709277591e-07,9.693635960954836e-07,True,75,0.9387688636779785,n800_m800_rho0.75,800,800,0.75
True,4,4,0.4092358165949194,0.6698958143364422,0.6278702192732616,0.1225017241629737,-3.0377513726391707,0.45534811533884095,135.10445453997647,2.4696406505180694e-25,equivalent,True,1.0,1.0,7.895939169015769e-07,7.589644490277733e-07,True,76,0.9588313102722168,n800_m800_rho0.75,800,800,0.75
True,4,4,0.3855033087612397,0.594451204263455,0.5569638216581003,0.1060816770633973,-4.176368536077434,0.427625026433476,139.49482703713898,3.022221647035925e-26,equivalent,True,1.0,1.0,9.411422604192366e-07,8.401687159152435e-07,True,77,0.9347348213195801,n800_m800_rho0.75,800,800,0.75
True,4,4,0.33340662870451493,0.4446399202564411,0.3991425479844778,0.10849965401746717,-5.537874359661933,0.3800028280875316,84.27013185432105,6.730138450471095e-15,equivalent,True,1.0,1.0,9.272519924349368e-07,9.72226688636894e-07,True,78,0.8972461223602295,n800_m800_rho0.75,800,800,0.75
True,4,4,0.39445124338998205,0.6223671336476114,0.5726185470833173,0.13267433326834094,-3.2212820851511714,0.4446482894836986,115.57373978473495,2.713639488658287e-21,equivalent,True,1.0,1.0,9.83193514280005e-07,9.98287127262579e-07,True,79,0.9739727973937988,n800_m800_rho0.75,800,800,0.75
True,4,4,0.3521357554223217,0.4959983609873966,0.4563833192272293,0.09778887459984904,-5.559085151529189,0.39282047562731937,116.57922061895786,1.6838487161310012e-21,equivalent,True,1.0,1.0,9.550973534912732e-07,9.667005304044182e-07,True,80,0.8247699737548828,n800_m800_rho0.75,800,800,0.75
True,4,4,0.36742210816870263,0.5399960222845352,0.5021981312199327,0.10011074078894758,-4.9725120886831515,0.40830921074090154,126.3550803815193,1.6093865382937602e-23,equivalent,True,1.0,1.0,6.621683583318033e-07,9.272407231331595e-07,True,81,0.7425270080566406,n800_m800_rho0.75,800,800,0.75
True,4,4,0.3750376921295869,0.5626130820715471,0.5197127166481429,0.11089576160985185,-4.3309796188747125,0.418963009210137,121.22478616943658,1.8517055288938894e-22,equivalent,True,1.0,1.0,9.366458672641829e-07,9.458878426806404e-07,True,82,0.854895830154419,n800_m800_rho0.75,800,800,0.75
True,4,4,0.403975494456868,0.6527848004866839,0.6052376920494897,0.12170730357139868,-3.243538361023058,0.44872831194259094,179.56241505105658,1.2720753395284093e-34,equivalent,True,1.0,1.0,9.858377508315063e-07,8.622827223293535e-07,True,83,0.9630842208862305,n800_m800_rho0.75,800,800,0.75
True,4,4,0.40394808176924246,0.6526962110602024,0.603441900341475,0.12877686381939957,-3.079420385750888,0.45145902135804367,130.96246159520277,1.7869250618104678e-24,equivalent,True,1.0,1.0,9.071062538366959e-07,9.910035460955306e-07,True,84,0.9580247402191162,n800_m800_rho0.75,800,800,0.75
True,4,4,0.40675449439335876,0.6617968748367877,0.6204520425340241,0.11371496298875465,-3.337713415107119,0.4493040484584825,160.8744365565109,1.049724951420026e-30,equivalent,True,1.0,1.0,9.141459165170689e-07,8.052723872233995e-07,True,85,0.8605821132659912,n800_m800_rho0.75,800,800,0.75
True,4,4,0.38583169753065627,0.5954643952775514,0.5528085294770414,0.11291124983311715,-3.9605572623091825,0.42968913422632293,141.3527496280597,1.2412896903391545e-26,equivalent,True,1.0,1.0,9.60543797539205e-07,9.995951019134048e-07,True,86,0.9301698207855225,n800_m800_rho0.75,800,800,0.75
True,4,4,0.4012279811018344,0.6439355712762158,0.6026804161890972,0.1228325344837225,-3.234644514019653,0.4485314805123186,122.03425846373774,1.259863396299204e-22,equivalent,True,1.0,1.0,7.500657954042121e-07,8.967624613677359e-07,True,87,0.8030738830566406,n800_m800_rho0.75,800,800,0.75
True,4,4,0.3986579245102202,0.6357125630991857,0.5991172031210901,0.11398902282192691,-3.516854403648736,0.44345587738308045,150.54372504379896,1.5101258134018362e-28,equivalent,True,1.0,1.0,9.65356990414656e-07,8.780652588511203e-07,True,88,0.899547815322876,n800_m800_rho0.75,800,800,0.75
True,4,4,0.37212914531835095,0.5539204031814655,0.509964343584143,0.11430712140399459,-4.287008984190308,0.41772683263464344,122.4093613544512,1.0539088414478531e-22,equivalent,True,1.0,1.0,9.556684335915114e-07,9.750574355656313e-07,True,89,0.9137730598449707,n800_m800_rho0.75,800,800,0.75
True,4,4,0.39826400221594815,0.634456861844259,0.5933793495575006,0.11377672241713344,-3.5738474602188672,0.4417367440252094,141.85890488428674,9.739872978190085e-27,equivalent,True,1.0,1.0,9.345646493649667e-07,8.311448136961504e-07,True,90,0.933243989944458,n800_m800_rho0.75,800,800,0.75
True,4,4,0.3943706260733766,0.6221127628380281,0.5804862982441866,0.10937240684802454,-3.8356447832288927,0.4360011176409333,169.95114959980995,1.3204694946960402e-32,equivalent,True,1.0,1.0,9.883081787582333e-07,9.077777753209946e-07,True,91,0.92899489402771,n800_m800_rho0.75,800,800,0.75
True,4,4,0.38655376290400184,0.5976952464609732,0.5523946512269242,0.11296325723853011,-3.962397683238937,0.4295936087187438,127.18045504706043,1.0858746264284319e-23,equivalent,True,1.0,1.0,6.805627720769969e-07,8.43105314174292e-07,True,92,0.9389760494232178,n800_m800_rho0.75,800,800,0.75
True,4,4,0.294227582499592,0.3462794812142169,0.30230604782133724,0.08872475928568707,-7.863576726448369,0.33475561605923654,83.70361737295684,8.759243850876485e-15,equivalent,True,1.0,1.0,7.336523018046006e-07,8.436783755748838e-07,True,93,0.9442551136016846,n800_m800_rho0.75,800,800,0.75
True,4,4,0.34019749880765227,0.46293735277993026,0.42164334835085154,0.09400623178089121,-6.152322465144401,0.3795621950523034,116.4188287945458,1.817059893669184e-21,equivalent,True,1.0,1.0,6.785320457090601e-07,9.012157478409589e-07,True,94,0.783491849899292,n800_m800_rho0.75,800,800,0.75
True,4,4,0.3322036979174985,0.4414371876402423,0.4008717232354493,0.10029435135011631,-5.973699103681933,0.37611210124656763,89.60576316427068,5.591296627022111e-16,equivalent,True,1.0,1.0,9.593587223053595e-07,9.517634098659859e-07,True,95,0.9057438373565674,n800_m800_rho0.75,800,800,0.75
True,4,4,0.3820963315307423,0.5839904262770037,0.5383741372185434,0.11627238393037852,-3.970210699884407,0.427090502598899,130.63813740707246,2.086181116606992e-24,equivalent,True,1.0,1.0,9.359490735987425e-07,6.918837206971791e-07,True,96,0.8499140739440918,n800_m800_rho0.75,800,800,0.75
True,4,4,0.42558879259002413,0.7245032815129384,0.6859584225548391,0.1293224023449441,-2.4283617667997834,0.473992311408634,153.50662471956838,3.6364927480869133e-29,equivalent,True,1.0,1.0,9.03861798508432e-07,7.415759918162035e-07,True,97,0.8096399307250977,n800_m800_rho0.75,800,800,0.75
True,4,4,0.3134411897125882,0.3929815176337709,0.34627934289576345,0.10310990087863567,-6.340037683419859,0.35912394703312184,69.25327371198011,6.919271334143506e-12,equivalent,True,1.0,1.0,7.09944062978842e-07,8.756774659667202e-07,True,98,0.9491429328918457,n800_m800_rho0.75,800,800,0.75
True,4,4,0.36774547103288985,0.5409469258608081,0.49486873013313487,0.11726319752588127,-4.30767095324496,0.4146533268561545,111.9281821144019,1.528137242934441e-20,equivalent,True,1.0,1.0,9.189043356963714e-07,7.836732576214235e-07,True,99,0.80849289894104,n800_m800_rho0.75,800,800,0.75
True,4,4,0.3747303883273438,0.5616914557438475,0.5207130089904243,0.11608289548908106,-4.128833873330272,0.42179745751446507,109.34226743874785,5.197475633173551e-20,equivalent,True,1.0,1.0,9.613081031928983e-07,9.474210039056221e-07,True,100,0.9470949172973633,n800_m800_rho0.75,800,800,0.75
True,4,4,0.46581847838435797,0.8679474192172743,0.8236137872897853,0.13840903234546514,-1.2743836852349315,0.5126588500518808,181.8623483816784,4.182974722982333e-35,inconclusive,True,1.0,1.0,8.284318271444534e-07,8.985484291236874e-07,True,101,0.9473998546600342,n800_m800_rho0.75,800,800,0.75
True,4,4,0.4189206961045473,0.7019781984988739,0.6631154045769628,0.1193735904335177,-2.8221032323783297,0.4635373468674757,163.56521220612524,2.871594383893889e-31,equivalent,True,1.0,1.0,8.999155132615026e-07,7.854977649914154e-07,True,102,0.925886869430542,n800_m800_rho0.75,800,800,0.75
True,4,4,0.38117489320049097,0.5811771968256227,0.542763798715826,0.11297978227569122,-4.047062156381524,0.42679005475883114,129.88909599993374,2.982834369866668e-24,equivalent,True,1.0,1.0,9.407131971343797e-07,9.69592133963351e-07,True,103,0.9217910766601562,n800_m800_rho0.75,800,800,0.75
True,4,4,0.37632629566058406,0.5664859232224693,0.5298007143860708,0.11079106846008073,-4.244017971388617,0.4219110703621272,122.54918638622095,9.860595951584104e-23,equivalent,True,1.0,1.0,7.993130702541389e-07,7.765142905328999e-07,True,104,0.8984150886535645,n800_m800_rho0.75,800,800,0.75
True,4,4,0.35788786711322007,0.5123349017073995,0.4732152893355123,0.10091740781000968,-5.219958796962257,0.3997529404502072,116.39261110979355,1.8398144275562083e-21,equivalent,True,1.0,1.0,7.520745290674622e-07,9.253828076184762e-07,True,105,0.9135661125183105,n800_m800_rho0.75,800,800,0.75
True,4,4,0.3892352780296659,0.6060164066513253,0.559630946986264,0.12031092286357384,-3.660258291868403,0.4351795045783671,128.47202304071678,5.865091274979413e-24,equivalent,True,1.0,1.0,7.434492516981188e-07,9.641901193455275e-07,True,106,0.9722921848297119,n800_m800_rho0.75,800,800,0.75
True,4,4,0.3316431157438766,0.43994862488122544,0.39570882135812585,0.10444331277139107,-5.785829294447662,0.3766639029628986,95.76903127607632,3.1184162263751404e-17,equivalent,True,1.0,1.0,9.82081029644471e-07,9.701220146568364e-07,True,107,0.9498999118804932,n800_m800_rho0.75,800,800,0.75
True,4,4,0.3979117004851881,0.6333348855320561,0.5883675636856063,0.11864045049487157,-3.469579174703043,0.4425815571691991,127.93223073557793,7.587352581455888e-24,equivalent,True,1.0,1.0,8.134333245640952e-07,9.429755558765064e-07,True,108,0.935833215713501,n800_m800_rho0.75,800,800,0.75
True,4,4,0.3827872736397941,0.5861043874423464,0.548744118283878,0.10218305158393431,-4.4161519422372635,0.42332619848489234,161.07169056006143,9.545942601369647e-31,equivalent,True,1.0,1.0,9.75886276501677e-07,9.365677796771074e-07,True,109,0.75382399559021,n800_m800_rho0.75,800,800,0.75
True,4,4,0.40885147514497316,0.6686381149128824,0.6261424006340287,0.13149236765440023,-2.8431885898395004,0.4589194097243015,136.5326776555939,1.2473699578469565e-25,equivalent,True,1.0,1.0,9.584394863367037e-07,8.862263576650393e-07,True,110,0.9651970863342285,n800_m800_rho0.75,800,800,0.75
True,4,4,0.3926233827305662,0.6166124826671706,0.5699648043833524,0.1286314944332975,-3.3431563359441845,0.44202510803747047,118.2580050003585,7.586918950028761e-22,equivalent,True,1.0,1.0,9.950940579064722e-07,8.779298707352635e-07,True,111,0.9764752388000488,n800_m800_rho0.75,800,800,0.75
True,4,4,0.3911863314371252,0.6121069836129456,0.5761567617666289,0.11555713713147923,-3.667823976559132,0.4376732051135502,130.8623205191311,1.87443553510552e-24,equivalent,True,1.0,1.0,9.651628875512442e-07,7.996158652160566e-07,True,112,0.9083130359649658,n800_m800_rho0.75,800,800,0.75
True,4,4,0.34394026419238377,0.47317962133090696,0.4331655429205862,0.09295975498410906,-6.097632864633851,0.3827762835739429,125.83822597795161,2.058920083655775e-23,equivalent,True,1.0,1.0,9.737620592903987e-07,7.631071066104445e-07,True,113,0.8050239086151123,n800_m800_rho0.75,800,800,0.75
True,4,4,0.429236766758653,0.7369768077496892,0.6962802094820961,0.12709482510995818,-2.389710125924763,0.4757448353715923,157.15095576397917,6.302276983889166e-30,equivalent,True,1.0,1.0,9.826948095723372e-07,9.058721705885672e-07,True,114,0.8011081218719482,n800_m800_rho0.75,800,800,0.75
True,4,4,0.36848536735631976,0.5431258638228876,0.5084743152945292,0.09941407973113779,-4.944226069735658,0.40987678786140536,135.22652382186158,2.329623549024844e-25,equivalent,True,1.0,1.0,9.443703885394435e-07,7.525567933974176e-07,True,115,0.8616218566894531,n800_m800_rho0.75,800,800,0.75
True,4,4,0.3545622875846425,0.5028576631090188,0.4654640371339677,0.0998276071789487,-5.35459055837966,0.3967574318371832,117.90935461717416,8.953508637145125e-22,equivalent,True,1.0,1.0,7.958022314274387e-07,9.330337815370753e-07,True,116,0.9211959838867188,n800_m800_rho0.75,800,800,0.75
True,4,4,0.40878186975111797,0.6684104681488799,0.6260409574182753,0.12590064090848518,-2.970271158933564,0.4563795249712984,126.18187680489773,1.7478839746368368e-23,equivalent,True,1.0,1.0,8.734831119465807e-07,9.210103236920979e-07,True,117,0.9474072456359863,n800_m800_rho0.75,800,800,0.75
True,4,4,0.38148296635801093,0.5821170144852292,0.5400758087439224,0.10910248678591075,-4.21552436433989,0.42412658188421554,129.04192196160906,4.46887980799388e-24,equivalent,True,1.0,1.0,9.59633959510654e-07,8.628971215670527e-07,True,118,0.9894919395446777,n800_m800_rho0.75,800,800,0.75
True,4,4,0.31875964140935187,0.4064308359656743,0.3633727403585064,0.09575850963750998,-6.648257810730563,0.3608605936671501,85.56441039053382,3.684304333235009e-15,equivalent,True,1.0,1.0,8.876260584101561e-07,9.374155700318966e-07,True,119,1.0224061012268066,n800_m800_rho0.75,800,800,0.75
True,4,4,0.38533560379466203,0.593934110207187,0.5590627755757551,0.1120991253467832,-3.933458205496142,0.4311175676310637,123.52253295146,6.204128323405748e-23,equivalent,True,1.0,1.0,7.811051979196018e-07,9.749647786673458e-07,True,120,0.9419410228729248,n800_m800_rho0.75,800,800,0.75
True,4,4,0.4681705648540173,0.8767347111829185,0.8311960252228786,0.14164969719201298,-1.1917002162616661,0.515797693724424,176.0807546090532,6.844239697786405e-34,inconclusive,True,1.0,1.0,9.904219770446393e-07,9.525547110681827e-07,True,121,1.0120441913604736,n800_m800_rho0.75,800,800,0.75
True,4,4,0.43242260278946126,0.7479572296128487,0.7030242536494091,0.13595906972017394,-2.184302576958019,0.4813151313317464,147.13496332240797,7.758579131881222e-28,equivalent,True,1.0,1.0,6.795748890501717e-07,8.145252159379073e-07,True,122,0.9977750778198242,n800_m800_rho0.75,800,800,0.75
True,4,4,0.3421117167580915,0.46816170697267445,0.42222299553965276,0.10279480248909528,-5.620683054686925,0.3844819239072239,101.68784451830498,1.928404443096647e-18,equivalent,True,1.0,1.0,9.776019593045672e-07,8.523148078369043e-07,True,123,0.8535549640655518,n800_m800_rho0.75,800,800,0.75
True,4,4,0.42076237355958945,0.7081639000139981,0.6666056045746254,0.11519947620024884,-2.8940617303315004,0.46262616679818125,165.89749842470718,9.330258536934517e-32,equivalent,True,1.0,1.0,8.122576563886955e-07,7.896491478007302e-07,True,124,0.7889618873596191,n800_m800_rho0.75,800,800,0.75
True,4,4,0.3698917849724427,0.5472797303603991,0.5023867656135799,0.10881161736304808,-4.573162741678052,0.4127244689522434,119.63819549638725,3.937499837613238e-22,equivalent,True,1.0,1.0,9.55044799241492e-07,9.711579489320448e-07,True,125,0.9523301124572754,n800_m800_rho0.75,800,800,0.75
True,4,4,0.3851682237038556,0.5934182422047334,0.5514819390832114,0.10996542136521119,-4.078719067762171,0.42788986937500223,124.95615356793333,3.134459446303236e-23,equivalent,True,1.0,1.0,9.401823979898214e-07,8.998127695019694e-07,True,126,0.9390170574188232,n800_m800_rho0.75,800,800,0.75
True,4,4,0.4018844104494996,0.6460443174493674,0.6123532844246509,0.11006792407998707,-3.521886315341459,0.44536471249938425,148.7570945599807,3.561481178134981e-28,equivalent,True,1.0,1.0,9.543489811808015e-07,8.818045649563351e-07,True,127,0.899439811706543,n800_m800_rho0.75,800,800,0.75
True,4,4,0.3802202306723549,0.578269695250155,0.5276798407077942,0.12677707970868762,-3.7255958283430886,0.4290132807037985,102.45537212744554,1.3431768488959947e-18,equivalent,True,1.0,1.0,9.937214172248978e-07,7.893638300679565e-07,True,128,0.9885299205780029,n800_m800_rho0.75,800,800,0.75
True,4,4,0.3718714648165671,0.5531535453792772,0.5168049278948285,0.09904583621370819,-4.878499597525697,0.4122259182855282,149.49774932838955,2.4956433160201777e-28,equivalent,True,1.0,1.0,9.468787699074593e-07,9.653607483984483e-07,True,129,0.8894221782684326,n800_m800_rho0.75,800,800,0.75
True,4,4,0.3869725198548392,0.5989909244912157,0.5599153769197222,0.10959678538439238,-4.015488424562406,0.4301703287249895,130.36609897362274,2.3754763287900587e-24,equivalent,True,1.0,1.0,9.369844736254722e-07,8.03813932884549e-07,True,130,0.8992719650268555,n800_m800_rho0.75,800,800,0.75
True,4,4,0.34996434307262786,0.4899001656890239,0.4459970788881092,0.10102836986480157,-5.48363713928345,0.3912077323766821,117.13682932152678,1.2921969176184672e-21,equivalent,True,1.0,1.0,9.894258251350236e-07,8.106216696714949e-07,True,131,0.9484827518463135,n800_m800_rho0.75,800,800,0.75
True,4,4,0.36321505832253886,0.5277007143689812,0.4899882943950534,0.10605122696921591,-4.809107071934118,0.40756197066152466,114.88483943289565,3.762643279588282e-21,equivalent,True,1.0,1.0,9.498186848089883e-07,9.993360382842695e-07,True,132,0.8903560638427734,n800_m800_rho0.75,800,800,0.75
True,4,4,0.3511319281989166,0.4931745240027565,0.4555850021683917,0.10224293179639111,-5.3247201372880095,0.39489228257964143,100.11792524224896,4.0386801941276714e-18,equivalent,True,1.0,1.0,8.949820331595368e-07,9.358388590211085e-07,True,133,0.7821168899536133,n800_m800_rho0.75,800,800,0.75
True,4,4,0.4008807420812362,0.6428214774864105,0.5998737887706544,0.11693184847370135,-3.4218753611796044,0.44503077529502444,178.92306892036177,1.7328070173385093e-34,equivalent,True,1.0,1.0,8.931036817383373e-07,9.184462689094617e-07,True,134,0.8669130802154541,n800_m800_rho0.75,800,800,0.75
True,4,4,0.3378314817772511,0.45652044031925254,0.41337630822781185,0.10670102439446379,-5.497826240200794,0.383693847749245,100.26591244422602,3.766948868496653e-18,equivalent,True,1.0,1.0,8.933522717600975e-07,9.954622131703043e-07,True,135,0.9388659000396729,n800_m800_rho0.75,800,800,0.75
True,4,4,0.43434706327371775,0.7546294854980118,0.7175991431908185,0.12642181405583555,-2.2337984857934097,0.48102612261870564,159.52962527723557,2.0058510522618912e-30,equivalent,True,1.0,1.0,9.312879257766291e-07,6.908502993790807e-07,True,136,0.8996689319610596,n800_m800_rho0.75,800,800,0.75
True,4,4,0.4239223716711615,0.7188407088132095,0.6772754705321232,0.11089121724654057,-2.9102803403300608,0.4635933809431383,193.85856347023275,1.2556570071548819e-37,equivalent,True,1.0,1.0,8.859740938810933e-07,9.532357180311257e-07,True,137,0.9566881656646729,n800_m800_rho0.75,800,800,0.75
True,4,4,0.3898193992447957,0.6078366561102937,0.5681613280160255,0.11889630027509968,-3.6320614769744357,0.4369577607603035,152.82204784868298,5.053477959405341e-29,equivalent,True,1.0,1.0,8.530495044689674e-07,8.862208269091543e-07,True,138,0.9628050327301025,n800_m800_rho0.75,800,800,0.75
True,4,4,0.37052686061444445,0.5491606177471837,0.5119506047761103,0.10434408358903582,-4.677307792036352,0.41339489266271284,129.65017952662492,3.343089382772918e-24,equivalent,True,1.0,1.0,8.097540787147363e-07,8.519342484062541e-07,True,139,0.8081948757171631,n800_m800_rho0.75,800,800,0.75
True,4,4,0.39457424311158534,0.6227553333083219,0.583745245176291,0.11501238019762505,-3.619216940893329,0.43958041809453824,134.17001921013212,3.8604460768734294e-25,equivalent,True,1.0,1.0,8.86715033294216e-07,9.978739775473005e-07,True,140,0.8378751277923584,n800_m800_rho0.75,800,800,0.75
True,4,4,0.38635163084448837,0.5970703306247833,0.553627766472891,0.1236737051482824,-3.609273555699793,0.4350439371329551,122.47474908336298,1.0216179627859397e-22,equivalent,True,1.0,1.0,8.010793834602292e-07,8.824634103474682e-07,True,141,0.9425609111785889,n800_m800_rho0.75,800,800,0.75
True,4,4,0.3543556644492591,0.5022717477091037,0.4607012268294612,0.10154098829813094,-5.311143629872132,0.39614432020283935,117.70317784779124,9.874681273792368e-22,equivalent,True,1.0,1.0,8.010906026480374e-07,9.572034528835603e-07,True,142,0.9223501682281494,n800_m800_rho0.75,800,800,0.75
True,4,4,0.2814837666914582,0.316932443643245,0.2755861876787835,0.08223936210108206,-8.808602034519977,0.32049099078949306,79.56893152778568,5.969727253164186e-14,equivalent,True,1.0,1.0,9.811117747121706e-07,9.771337600540841e-07,True,143,0.9451749324798584,n800_m800_rho0.75,800,800,0.75
True,4,4,0.37733725036789695,0.5695336020608197,0.5275518620229567,0.11870789093626104,-3.9799219264262677,0.42509086292733506,98.80006039608244,7.507580643410176e-18,equivalent,True,1.0,1.0,8.535244067349418e-07,7.847056040730355e-07,True,144,0.9616260528564453,n800_m800_rho0.75,800,800,0.75
True,4,4,0.4703634047140394,0.8849669299767329,0.8438886397219729,0.13763467643213861,-1.1342443948346002,0.5172710934427103,188.48946239567545,1.6925812572881734e-36,inconclusive,True,1.0,1.0,9.012351862120944e-07,6.482355042799848e-07,True,145,0.9231460094451904,n800_m800_rho0.75,800,800,0.75
True,4,4,0.41088174888425166,0.675295246264725,0.638265214280616,0.11601195628947979,-3.1180819399059376,0.45527132057518804,153.75500793370432,3.227198458705007e-29,equivalent,True,1.0,1.0,7.640341297326919e-07,9.584007734398764e-07,True,146,0.9124348163604736,n800_m800_rho0.75,800,800,0.75
True,4,4,0.3356400617492596,0.4506170042041872,0.4080015767900841,0.09462258529208213,-6.256417760966138,0.37538043349357275,109.80174418478802,4.181965064539176e-20,equivalent,True,1.0,1.0,9.125025834046738e-07,9.329177806083715e-07,True,147,0.9448459148406982,n800_m800_rho0.75,800,800,0.75
True,4,4,0.34707657612243986,0.4818485987715032,0.44455926152088343,0.09366690258670755,-5.92995736103203,0.38685514277502486,125.18882285911448,2.80558568431986e-23,equivalent,True,1.0,1.0,9.769675541026246e-07,9.043439975724864e-07,True,148,0.889369010925293,n800_m800_rho0.75,800,800,0.75
True,4,4,0.37467695567364245,0.5615312844514746,0.5219202639150567,0.11193969904897201,-4.270868513553804,0.42013232555220464,125.34245527096894,2.6075623864382773e-23,equivalent,True,1.0,1.0,8.352665427901093e-07,8.667271191554865e-07,True,149,0.8315069675445557,n800_m800_rho0.75,800,800,0.75
True,4,4,0.39076150621520117,0.6107782189582909,0.5625914557799813,0.1195235971762047,-3.659599899551049,0.4356576287928252,143.35376699420243,4.757858409734257e-27,equivalent,True,1.0,1.0,9.97348152865482e-07,9.134623768896959e-07,True,150,1.0653870105743408,n800_m800_rho0.75,800,800,0.75
True,4,4,0.36989287341864663,0.5472829512236118,0.507588351449083,0.10375463069377182,-4.745924545808975,0.41177953204923384,135.1377535237749,2.4306321779964528e-25,equivalent,True,1.0,1.0,8.93192686877308e-07,9.9165687721523e-07,True,151,1.0179920196533203,n800_m800_rho0.75,800,800,0.75
True,4,4,0.37981767511165426,0.5770458653088886,0.5324663866691247,0.10666587846218589,-4.383160013974108,0.42068876373443115,135.65189501213246,1.900851690378461e-25,equivalent,True,1.0,1.0,9.435971951178366e-07,8.717966841442516e-07,True,152,1.0352838039398193,n800_m800_rho0.75,800,800,0.75
True,4,4,0.37512831805814373,0.5628850200365274,0.5219653051041547,0.11052473564364095,-4.325137645541603,0.4194527140797429,119.02217082554972,5.276879388658206e-22,equivalent,True,1.0,1.0,7.960831782007658e-07,9.115739491654618e-07,True,153,1.0024850368499756,n800_m800_rho0.75,800,800,0.75
True,4,4,0.3929439407915759,0.6176197624192541,0.567743551217328,0.12526862016840956,-3.4506363062158094,0.4398272659364534,125.20847060953687,2.7794459375439523e-23,equivalent,True,1.0,1.0,8.983457487125262e-07,7.523781889596474e-07,True,154,1.011772871017456,n800_m800_rho0.75,800,800,0.75
True,4,4,0.2769238848095735,0.3067473519121036,0.2681489588247232,0.08146015540791071,-8.984159648487555,0.31707214908418546,70.66730179354929,3.6188462905762285e-12,equivalent,True,1.0,1.0,8.505376862601169e-07,7.129311749537127e-07,True,155,0.9401657581329346,n800_m800_rho0.75,800,800,0.75
True,4,4,0.385958176981629,0.5958548575159298,0.5573558731207282,0.10941200838804081,-4.045663116880091,0.4293374581695155,145.99729260677057,1.3392165596479254e-27,equivalent,True,1.0,1.0,8.888271479398881e-07,8.563622172417675e-07,True,156,0.9110181331634521,n800_m800_rho0.75,800,800,0.75
True,4,4,0.3041241523109224,0.36996600007534847,0.3292072126513995,0.08806479675624163,-7.617036682720304,0.3442604076141518,84.62760623879078,5.698769445735226e-15,equivalent,True,1.0,1.0,8.033560140743097e-07,6.886504939417251e-07,True,157,0.9576160907745361,n800_m800_rho0.75,800,800,0.75
True,4,4,0.37235952906095243,0.5546064755299771,0.5126459896198615,0.10961639885911453,-4.4459954482405015,0.4162177677780693,123.3349663939137,6.783643270631077e-23,equivalent,True,1.0,1.0,8.564101693710985e-07,9.793748395525774e-07,True,158,0.9866561889648438,n800_m800_rho0.75,800,800,0.75
True,4,4,0.4035810666261499,0.6515107093564034,0.6090060186545866,0.11640742938571894,-3.358840440070582,0.4473475162230656,139.98995346522514,2.384296713652239e-26,equivalent,True,1.0,1.0,9.101474205949798e-07,9.748509410330186e-07,True,159,1.0181539058685303,n800_m800_rho0.75,800,800,0.75
True,4,4,0.40221176102722933,0.6470972028345001,0.6031477554795251,0.11351835613038685,-3.4959301565700223,0.44437282637616377,155.7868954965126,1.2147532428371167e-29,equivalent,True,1.0,1.0,7.861092152958176e-07,8.741420182443335e-07,True,160,1.0325250625610352,n800_m800_rho0.75,800,800,0.75
True,4,4,0.36202934105469764,0.5242609751379943,0.4787673800105983,0.1184144834029768,-4.401764083330861,0.41034798419133534,99.16946875554488,6.310245024345971e-18,equivalent,True,1.0,1.0,8.756828387117299e-07,8.275250345869905e-07,True,161,1.038503885269165,n800_m800_rho0.75,800,800,0.75
True,4,4,0.3927126624958731,0.6168929411383901,0.5745085162341612,0.11756643401909443,-3.6191578601145036,0.4381461205004044,135.8740301849103,1.709275720521798e-25,equivalent,True,1.0,1.0,9.472110912239869e-07,7.669672176588516e-07,True,162,0.9133257865905762,n800_m800_rho0.75,800,800,0.75
True,4,4,0.3862305591162784,0.5966961791810922,0.548553020033765,0.11482425941540732,-3.9316341534849824,0.4293664284720029,123.49697674746467,6.280078549007561e-23,equivalent,True,1.0,1.0,9.288281333099942e-07,8.948080752194056e-07,True,163,1.001042127609253,n800_m800_rho0.75,800,800,0.75
True,4,4,0.3437964251252714,0.4727839277156654,0.4346214418981061,0.09165420314386476,-6.168604807075232,0.38255038568946675,120.74746044452291,2.3236351135774177e-22,equivalent,True,1.0,1.0,8.748050523462153e-07,8.316662300817389e-07,True,164,0.9492881298065186,n800_m800_rho0.75,800,800,0.75
True,4,4,0.4261831005156382,0.7265281406604903,0.6891022941139492,0.12318830147583125,-2.5237599850099968,0.47215702329692755,169.91362048498536,1.3446009166356378e-32,equivalent,True,1.0,1.0,9.746057918325848e-07,9.540199717586114e-07,True,165,0.985245943069458,n800_m800_rho0.75,800,800,0.75
True,4,4,0.3768236388057677,0.5679842190512786,0.5251831042567705,0.12011057787870216,-3.9531646931441777,0.425072765510739,113.59335587809112,6.941733096480278e-21,equivalent,True,1.0,1.0,9.874535745967963e-07,9.678762101831033e-07,True,166,1.0058228969573975,n800_m800_rho0.75,800,800,0.75
True,4,4,0.4216066106472572,0.7110085365658716,0.6653231515414815,0.13140802057230683,-2.5468525208806696,0.46943319833346736,133.69165612544057,4.852099081577051e-25,equivalent,True,1.0,1.0,8.884370761911836e-07,9.955535986048491e-07,True,167,1.0697872638702393,n800_m800_rho0.75,800,800,0.75
True,4,4,0.4080356519517964,0.6659723730549102,0.6276488501596614,0.11691108858896099,-3.1849087570252665,0.4527555847960516,153.8290523293403,3.114340986641979e-29,equivalent,True,1.0,1.0,9.94334528412429e-07,9.806481338554135e-07,True,168,0.9209368228912354,n800_m800_rho0.75,800,800,0.75
True,4,4,0.41074095679593614,0.6748325343585644,0.6377266470246182,0.10923397450515682,-3.316489715004183,0.4520510331189804,182.25313685239425,3.462519312085129e-35,equivalent,True,1.0,1.0,8.073287181028556e-07,9.470811069151694e-07,True,169,0.9561359882354736,n800_m800_rho0.75,800,800,0.75
True,4,4,0.3679885944213898,0.5416624224969204,0.5018262793457222,0.11298774737921269,-4.409095076320913,0.41463073493878166,111.97433663834947,1.495090282459681e-20,equivalent,True,1.0,1.0,9.518192247653347e-07,8.480043115101678e-07,True,170,0.9404628276824951,n800_m800_rho0.75,800,800,0.75
True,4,4,0.41159498624468466,0.6776417308070486,0.6330559174394857,0.1261965529269183,-2.907718745479643,0.4584295952570309,136.94410315198732,1.024512860558006e-25,equivalent,True,1.0,1.0,8.176070564919636e-07,9.134203092125253e-07,True,171,1.0042619705200195,n800_m800_rho0.75,800,800,0.75
True,4,4,0.3869050604276211,0.5987821031380045,0.5564189364503007,0.11926829376742257,-3.719186797580069,0.43376198024779655,123.18462882805437,7.286944638062152e-23,equivalent,True,1.0,1.0,9.701883009704505e-07,9.647421204665576e-07,True,172,1.0018088817596436,n800_m800_rho0.75,800,800,0.75
True,4,4,0.41093322243805586,0.6754644532132987,0.6396631279068455,0.11081804154937612,-3.2516083758130905,0.4533052463520017,169.71057317490505,1.4830139696362762e-32,equivalent,True,1.0,1.0,8.453990197676137e-07,6.995160631518764e-07,True,173,0.9517781734466553,n800_m800_rho0.75,800,800,0.75
True,4,4,0.373397041396878,0.5577014020957674,0.5155399577298334,0.12093356690263654,-4.006001432672575,0.4226280793646506,95.9325081209113,2.888087705117622e-17,equivalent,True,1.0,1.0,7.834166269116651e-07,9.056275301058835e-07,True,174,1.0819909572601318,n800_m800_rho0.75,800,800,0.75
True,4,4,0.38585009949125865,0.5955211971096568,0.5586451272675025,0.10642972002228106,-4.146913781602544,0.4282833286101565,138.22439491860678,5.552019463006866e-26,equivalent,True,1.0,1.0,9.77147886523624e-07,9.622729442407437e-07,True,175,1.0085952281951904,n800_m800_rho0.75,800,800,0.75
True,4,4,0.4342973831044691,0.7544568678855599,0.7152039917038447,0.12619853694760358,-2.2567298732979753,0.48030774325376013,161.00720035937803,9.847080529913848e-31,equivalent,True,1.0,1.0,9.721500857054023e-07,9.917638567208235e-07,True,176,1.027062177658081,n800_m800_rho0.75,800,800,0.75
True,4,4,0.32729160374885974,0.42847917553800247,0.389926165501921,0.09018839880622323,-6.764438027210904,0.3668354128172753,114.99967428081885,3.563162426223434e-21,equivalent,True,1.0,1.0,9.281859675993095e-07,9.370455599197578e-07,True,177,1.0030179023742676,n800_m800_rho0.75,800,800,0.75
True,4,4,0.3982907907187808,0.6345422158855667,0.5941916511168734,0.11931450381475191,-3.4011652892860864,0.4445353038467483,125.1674138774404,2.834348333316651e-23,equivalent,True,1.0,1.0,9.893813902887104e-07,9.773408353480886e-07,True,178,1.0442981719970703,n800_m800_rho0.75,800,800,0.75
True,4,4,0.4155207588522593,0.6906300041486297,0.6443331808725205,0.1284579341342173,-2.7687415458189335,0.4625007242545359,142.70182241897703,6.503166368015382e-27,equivalent,True,1.0,1.0,7.580192635462056e-07,7.64401322180625e-07,True,179,1.0345430374145508,n800_m800_rho0.75,800,800,0.75
True,4,4,0.3498340704170942,0.48953550729836964,0.45085460796067667,0.1070165494362515,-5.131406263163464,0.39587913794639595,112.36093121363248,1.2448830401027254e-20,equivalent,True,1.0,1.0,9.115599148648294e-07,8.816879625046029e-07,True,180,1.0145130157470703,n800_m800_rho0.75,800,800,0.75
True,4,4,0.3588042271465721,0.5149618936729956,0.4700009167587841,0.12031144521879548,-4.405225806051722,0.4086244099997861,101.65614171262742,1.9574207216088994e-18,equivalent,True,1.0,1.0,8.796145979995328e-07,9.595070201277516e-07,True,181,1.0424461364746094,n800_m800_rho0.75,800,800,0.75
True,4,4,0.38810538503037817,0.6025031595583124,0.5676823054620872,0.1092342431418515,-3.957712179838198,0.43224895791698004,140.0471767680091,2.319846105335527e-26,equivalent,True,1.0,1.0,9.305800358879348e-07,9.374737797548261e-07,True,182,0.8343019485473633,n800_m800_rho0.75,800,800,0.75
True,4,4,0.4117312765716739,0.678090576429361,0.6369556073189634,0.11189731859701886,-3.244442290779868,0.4530480983459191,174.50168762355196,1.4676208085910125e-33,equivalent,True,1.0,1.0,9.877962432715432e-07,7.617985691659405e-07,True,183,0.8534021377563477,n800_m800_rho0.75,800,800,0.75
True,4,4,0.34350328628963317,0.4719780307671108,0.4269772420940509,0.11147951317921591,-5.140162004338413,0.39062281157072376,88.09702153711515,1.1311388772748965e-15,equivalent,True,1.0,1.0,9.722587902996822e-07,7.689041163946958e-07,True,184,1.016174077987671,n800_m800_rho0.75,800,800,0.75
True,4,4,0.3876484190055727,0.6010851870300801,0.5579725945178572,0.11389567326860682,-3.8809850523442075,0.43165793916821593,133.0664810406489,6.541399823675474e-25,equivalent,True,1.0,1.0,7.852217648603487e-07,8.146707702783723e-07,True,185,1.0548460483551025,n800_m800_rho0.75,800,800,0.75
True,4,4,0.45880283584125,0.8420001687038919,0.8022177231758721,0.1341072122820033,-1.4748071595748882,0.5056689771229486,192.91319424069073,1.9854214079827145e-37,inconclusive,True,1.0,1.0,9.655473579097344e-07,9.461416132787668e-07,True,186,1.0154578685760498,n800_m800_rho0.75,800,800,0.75
True,4,4,0.4079208427606839,0.6655976558343464,0.6225859596639979,0.11195026688029246,-3.371265213146548,0.44909012519210223,166.76916034237706,6.128573002839604e-32,equivalent,True,1.0,1.0,9.737299269059744e-07,9.341199969751696e-07,True,187,1.087998867034912,n800_m800_rho0.75,800,800,0.75
True,4,4,0.3452452271188011,0.47677706739325026,0.43615613688622334,0.10023546859265627,-5.6251930681859115,0.38763023970984073,123.54185167260013,6.147324916408079e-23,equivalent,True,1.0,1.0,9.88790542871488e-07,9.820724989792093e-07,True,188,0.9889190196990967,n800_m800_rho0.75,800,800,0.75
True,4,4,0.29651069755475234,0.35167437505762333,0.3110251437704714,0.0779527972840944,-8.83835962574377,0.3313782148520882,102.39531114858659,1.381740446345608e-18,equivalent,True,1.0,1.0,9.074411625179005e-07,7.75252571929186e-07,True,189,0.9642229080200195,n800_m800_rho0.75,800,800,0.75
True,4,4,0.45293774010801074,0.8206103856566076,0.7821665536710702,0.11961408204917373,-1.8211354599484175,0.49470046754680874,221.7248439747617,1.6636731719327769e-43,equivalent,True,1.0,1.0,7.029308807128912e-07,8.851085975103944e-07,True,190,0.971505880355835,n800_m800_rho0.75,800,800,0.75
True,4,4,0.42718194031027035,0.7299376405089895,0.6899088967420396,0.12612429033969957,-2.458615247092926,0.47364672836249355,171.18519625517243,7.279022510812135e-33,equivalent,True,1.0,1.0,9.78558572557748e-07,7.894696960406087e-07,True,191,1.1018431186676025,n800_m800_rho0.75,800,800,0.75
True,4,4,0.3171287378670519,0.40228254552459736,0.3587586361624579,0.09224499932410009,-6.951502721405627,0.3572422699894429,90.64622876584853,3.4377872153673247e-16,equivalent,True,1.0,1.0,8.636163552501294e-07,7.736239597727176e-07,True,192,1.0415480136871338,n800_m800_rho0.75,800,800,0.75
True,4,4,0.40317424912651156,0.6501979006349057,0.6124747327758882,0.10781273067135656,-3.594429570709952,0.4443565274225786,154.70952030338023,2.0394515414167308e-29,equivalent,True,1.0,1.0,8.489313058212975e-07,8.417312918887837e-07,True,193,0.9844868183135986,n800_m800_rho0.75,800,800,0.75
True,4,4,0.47310270788856845,0.8953046888459845,0.8514638923568872,0.1538205098945617,-0.9656456589887057,0.5254702931556839,164.18853071804534,2.1265012119771087e-31,inconclusive,True,1.0,1.0,9.161480172897088e-07,7.770045433107081e-07,True,194,1.0571520328521729,n800_m800_rho0.75,800,800,0.75
True,4,4,0.3609487437778081,0.5211359825391111,0.47930264171904213,0.10836452857791284,-4.80505350887567,0.4054461831067437,112.56889415001038,1.1280688776177381e-20,equivalent,True,1.0,1.0,8.934857583407303e-07,8.131140025533278e-07,True,195,0.9169578552246094,n800_m800_rho0.75,800,800,0.75
True,4,4,0.4377705038976323,0.7665720563311476,0.7242063403104693,0.12963366209397842,-2.127484908122036,0.4841060678148827,159.11176438957304,2.4528007703321902e-30,equivalent,True,1.0,1.0,9.037092439894896e-07,9.507679222048248e-07,True,196,1.0533509254455566,n800_m800_rho0.75,800,800,0.75
True,4,4,0.37252932908070774,0.555112404101289,0.5155923615214523,0.11064631007915109,-4.377982764468382,0.4176090713705646,112.65810813599964,1.0813756104175866e-20,equivalent,True,1.0,1.0,7.430236021324753e-07,9.99665767422521e-07,True,197,0.9632768630981445,n800_m800_rho0.75,800,800,0.75
True,4,4,0.452236584549341,0.8180717136194131,0.7763640166732363,0.13877578302825447,-1.6114914176433208,0.5011561300433955,164.49912169556072,1.8308537135042308e-31,inconclusive,True,1.0,1.0,8.290458947557175e-07,8.758579549306143e-07,True,198,0.9482929706573486,n800_m800_rho0.75,800,800,0.75
True,4,4,0.40979684060447436,0.6717338022776359,0.6326358915742947,0.11083284910571263,-3.314577865586696,0.4513700547807728,182.10929752333652,3.712010979449638e-35,equivalent,True,1.0,1.0,9.890616789723027e-07,8.710045006792476e-07,True,199,0.9513411521911621,n800_m800_rho0.75,800,800,0.75
True,4,4,0.38146409564969486,0.5820594250793582,0.5439659230678032,0.10773012451075453,-4.233115658254638,0.42460752734179463,141.89771109562116,9.560440470534225e-27,equivalent,True,1.0,1.0,7.807038795570418e-07,8.91417853176052e-07,True,200,1.0478127002716064,n800_m800_rho0.75,800,800,0.75
True,4,4,0.3927436122444645,0.6169901798353212,0.5800809355246949,0.10789084669963514,-3.892073121312572,0.4351854736872128,147.70748589108118,5.894552256666105e-28,equivalent,True,1.0,1.0,9.201868191349337e-07,9.241765034147386e-07,True,201,1.005176067352295,n800_m800_rho0.75,800,800,0.75
True,4,4,0.33967823327383023,0.4615252086401225,0.4190475171756516,0.09264467952724974,-6.270759268517647,0.3779664185856348,121.94170795581402,1.3165838562813776e-22,equivalent,True,1.0,1.0,8.937534513760433e-07,9.457109548692545e-07,True,202,1.1256160736083984,n800_m800_rho0.75,800,800,0.75
True,4,4,0.44741260392452703,0.8007121526021027,0.756356595019398,0.12919168632398434,-1.8859062213151851,0.4921529256342434,199.92493878959948,6.626869644918191e-39,equivalent,True,1.0,1.0,9.430412382553995e-07,8.544664405083979e-07,True,203,1.2300152778625488,n800_m800_rho0.75,800,800,0.75
True,4,4,0.32716927520326505,0.4281589385481192,0.38198055044018947,0.10795930590379645,-5.724559308583676,0.3740179829631232,83.57600958327139,9.294736776227028e-15,equivalent,True,1.0,1.0,9.916112357356612e-07,7.773983748143811e-07,True,204,1.111274003982544,n800_m800_rho0.75,800,800,0.75
True,4,4,0.3818477518280494,0.5832308223045425,0.542811399997547,0.10874885444516617,-4.2040773885391,0.4247609173577815,136.92303826972542,1.0348898736043693e-25,equivalent,True,1.0,1.0,9.402853012073112e-07,9.8276962426942e-07,True,205,1.014359951019287,n800_m800_rho0.75,800,800,0.75
True,4,4,0.35966901848659283,0.5174472114364362,0.47354605230276814,0.11092808553947976,-4.745903123964623,0.4049711459268316,98.88235770699289,7.222570894137918e-18,equivalent,True,1.0,1.0,9.782524920296295e-07,9.655746347182912e-07,True,206,1.0709550380706787,n800_m800_rho0.75,800,800,0.75
True,4,4,0.4040369736567691,0.6529835043268829,0.6145877527258464,0.1046916373039714,-3.681404333711125,0.44350596728138053,193.5728682396399,1.4421401816771114e-37,equivalent,True,1.0,1.0,9.362358974218932e-07,8.279987509996517e-07,True,207,1.0216550827026367,n800_m800_rho0.75,800,800,0.75
True,4,4,0.32238497173168523,0.4157282799937579,0.37915536055597004,0.08448776124444785,-7.348338153353886,0.3599046266276352,115.8691139945487,2.3587374252398706e-21,equivalent,True,1.0,1.0,9.240495293730495e-07,9.933834545692534e-07,True,208,0.9924650192260742,n800_m800_rho0.75,800,800,0.75
True,4,4,0.46046702190192135,0.848119513036898,0.8035053843084093,0.13205209195398163,-1.4880083517349076,0.5051513997569059,188.54958818066783,1.644010029538574e-36,inconclusive,True,1.0,1.0,8.047600092991901e-07,9.070663405187772e-07,True,209,1.011885166168213,n800_m800_rho0.75,800,800,0.75
True,4,4,0.3849146708035104,0.5926372151990991,0.5534901083806997,0.11312978809756254,-3.946881711068287,0.4299918751119685,131.12860889792216,1.6506470006122412e-24,equivalent,True,1.0,1.0,9.043681978569591e-07,7.696604484730949e-07,True,210,0.9709041118621826,n800_m800_rho0.75,800,800,0.75
True,4,4,0.4137870825230245,0.6848789986516651,0.6484092121438253,0.11224387170022619,-3.13238293129429,0.4563534681617469,171.11819745902875,7.518265674592241e-33,equivalent,True,1.0,1.0,8.853145262784778e-07,7.986626192050731e-07,True,211,0.88736891746521,n800_m800_rho0.75,800,800,0.75
True,4,4,0.4315745917028921,0.7450265128140721,0.7066937311652237,0.119915706583534,-2.445937043538641,0.4753781431838232,175.91179060956247,7.426408304832291e-34,equivalent,True,1.0,1.0,8.276057107113205e-07,9.712045817086052e-07,True,212,1.034316062927246,n800_m800_rho0.75,800,800,0.75
True,4,4,0.423030986703198,0.7158208628443251,0.6719800077314075,0.1283622211118829,-2.5554247147428537,0.4698715443317554,136.03877066278073,1.5797718010227756e-25,equivalent,True,1.0,1.0,8.913202621763552e-07,9.429039790760761e-07,True,213,1.0201637744903564,n800_m800_rho0.75,800,800,0.75
True,4,4,0.4585919252548043,0.841226215635632,0.7935253345973884,0.14457860914935153,-1.4281135129009346,0.5077735677042226,162.60292234089877,4.5655099514602986e-31,inconclusive,True,1.0,1.0,8.751888925337454e-07,9.222881788164443e-07,True,214,1.0513629913330078,n800_m800_rho0.75,800,800,0.75
True,4,4,0.40968487207883947,0.6713667776410202,0.6285624315166172,0.12600798632211457,-2.9477303726914252,0.45711790733994406,138.99634538483133,3.8368425360899723e-26,equivalent,True,1.0,1.0,8.648985710882232e-07,8.531651567741641e-07,True,215,0.9814889430999756,n800_m800_rho0.75,800,800,0.75
True,4,4,0.31470151808258656,0.39614818193393825,0.3568248554537322,0.09476132836001674,-6.787316679465701,0.35801304798199923,84.28891252938465,6.6715864387320424e-15,equivalent,True,1.0,1.0,9.533018080464286e-07,9.734150449694089e-07,True,216,0.9438591003417969,n800_m800_rho0.75,800,800,0.75
True,4,4,0.38776284363092345,0.60144009160296,0.5601372246118336,0.11556027678968404,-3.806349271633387,0.43307532976979346,123.70942608118683,5.675902081694084e-23,equivalent,True,1.0,1.0,9.296572881512466e-07,9.84033025481542e-07,True,217,1.0316269397735596,n800_m800_rho0.75,800,800,0.75
True,4,4,0.35901436335075093,0.5155652523685801,0.474969410868382,0.10303901044406905,-5.095454496980167,0.40138930632080855,112.19568328443853,1.346259771467753e-20,equivalent,True,1.0,1.0,9.275797783349126e-07,9.670844998912724e-07,True,218,0.9743070602416992,n800_m800_rho0.75,800,800,0.75
True,4,4,0.3971055168322598,0.6307711659944647,0.5920019180953247,0.1205702053565196,-3.383904677762197,0.4445003536776657,132.45379964404404,8.765806918312024e-25,equivalent,True,1.0,1.0,9.416893476670757e-07,9.84429569090503e-07,True,219,0.9881899356842041,n800_m800_rho0.75,800,800,0.75
True,4,4,0.38257691283205675,0.5854603769284286,0.5387308425834249,0.11568418371200181,-3.987313931910643,0.42691169805447804,144.13385128883397,3.273326422789381e-27,equivalent,True,1.0,1.0,9.570506817196856e-07,8.808792822485997e-07,True,220,1.0632259845733643,n800_m800_rho0.75,800,800,0.75
True,4,4,0.3473068324227362,0.48248814339005824,0.4428839237947357,0.10059130600456863,-5.53841180051844,0.3899813772208026,108.4810171947491,7.810881991853954e-20,equivalent,True,1.0,1.0,9.744866340619841e-07,9.773115640991344e-07,True,221,1.0017268657684326,n800_m800_rho0.75,800,800,0.75
True,4,4,0.40422096062039875,0.6535783400195118,0.6098655039196934,0.13326241197266697,-2.927565922792436,0.4552643917519895,130.19916156426768,2.5725111190618075e-24,equivalent,True,1.0,1.0,8.247285509189716e-07,6.534603507070975e-07,True,222,1.0125651359558105,n800_m800_rho0.75,800,800,0.75
True,4,4,0.41168876647336283,0.6779505617614363,0.636146115658844,0.12795154767068084,-2.843684902332216,0.4600564321143162,138.88820133778682,4.0407117636126226e-26,equivalent,True,1.0,1.0,9.163737411595775e-07,8.858424071930688e-07,True,223,1.0225648880004883,n800_m800_rho0.75,800,800,0.75
True,4,4,0.3244311011236418,0.42102215750519484,0.3804928791870472,0.08447870232307039,-7.333293525790474,0.3603636979161828,124.81855773822002,3.346794788847322e-23,equivalent,True,1.0,1.0,9.290762051640148e-07,9.77986359592741e-07,True,224,0.9942488670349121,n800_m800_rho0.75,800,800,0.75
True,4,4,0.4063544408687237,0.6604957264549323,0.6168034686341384,0.11740367104227376,-3.2639229077247793,0.4499764779311914,144.31285810934796,3.0040894922265042e-27,equivalent,True,1.0,1.0,8.911114836334867e-07,7.975971747210866e-07,True,225,1.0226480960845947,n800_m800_rho0.75,800,800,0.75
True,4,4,0.38840636219660535,0.6034380087792024,0.5605738099060796,0.12918624224482653,-3.4014937075199114,0.43962093586825285,111.5603490178941,1.818970282562161e-20,equivalent,True,1.0,1.0,8.540941489225188e-07,9.97206153812029e-07,True,226,1.0019099712371826,n800_m800_rho0.75,800,800,0.75
True,4,4,0.3565434254653808,0.5084928569703502,0.46428786410992684,0.10346628449833159,-5.177649303708317,0.39826961892485613,118.94305725709096,5.47904598805127e-22,equivalent,True,1.0,1.0,8.599588655536149e-07,9.404232524402418e-07,True,227,1.0767369270324707,n800_m800_rho0.75,800,800,0.75
True,4,4,0.35178914587118437,0.4950224126111098,0.4516343959617869,0.09898449534678175,-5.539914126117146,0.3919341150451508,120.0262920824216,3.274119396409992e-22,equivalent,True,1.0,1.0,9.982267117824088e-07,9.842055242567841e-07,True,228,1.0177738666534424,n800_m800_rho0.75,800,800,0.75
True,4,4,0.45227987965726085,0.8182283581711455,0.7735364078529368,0.14632187844425615,-1.547708343789056,0.5035410808251706,151.1564481204,1.1250789792143863e-28,inconclusive,True,1.0,1.0,8.994905426287512e-07,8.336441601618836e-07,True,229,1.023686170578003,n800_m800_rho0.75,800,800,0.75
True,4,4,0.3844204715506156,0.5911163957887906,0.5495990033383731,0.11677495694292585,-3.856999894949753,0.4306032729796206,139.20487936156104,3.472291352731407e-26,equivalent,True,1.0,1.0,7.976828473635454e-07,8.541110538518847e-07,True,230,1.0101730823516846,n800_m800_rho0.75,800,800,0.75
True,4,4,0.40562600343153044,0.6581298186393438,0.6197088679351278,0.11259618255779219,-3.377478023019833,0.44858474873656884,147.9026999989997,5.367324079348599e-28,equivalent,True,1.0,1.0,8.782020833101496e-07,9.248433649137058e-07,True,231,0.9355790615081787,n800_m800_rho0.75,800,800,0.75
True,4,4,0.42963842067389224,0.7383566900766255,0.6981510545003217,0.11962639343943862,-2.5232637783441216,0.4730007826706807,174.2099912695708,1.6896645087205298e-33,equivalent,True,1.0,1.0,9.227848469489735e-07,9.649664631787562e-07,True,232,0.9970920085906982,n800_m800_rho0.75,800,800,0.75
True,4,4,0.3617313086870295,0.5233981587377241,0.4844261740939724,0.10432842239147994,-4.941834776063214,0.4049787519298769,131.261749731325,1.5489763919946356e-24,equivalent,True,1.0,1.0,9.61728463734917e-07,9.002383379309446e-07,True,233,0.994697093963623,n800_m800_rho0.75,800,800,0.75
True,4,4,0.2942139325425919,0.3462473524087073,0.3012605136525906,0.08425161595748042,-8.29348468164747,0.33160295902508724,87.07333042746308,1.823620851754049e-15,equivalent,True,1.0,1.0,9.279742433577701e-07,7.721288766796678e-07,True,234,1.0443329811096191,n800_m800_rho0.75,800,800,0.75
True,4,4,0.3985834998964522,0.6354752255588204,0.588584258959048,0.1200814557799492,-3.426138851904632,0.4433115938672003,124.82584279477402,3.3352005827614884e-23,equivalent,True,1.0,1.0,8.641638451489671e-07,8.253860555639213e-07,True,235,1.0572259426116943,n800_m800_rho0.75,800,800,0.75
True,4,4,0.35594035209627656,0.5067741370016854,0.46874003383184315,0.09583561123735461,-5.5434504909912174,0.395719467099711,130.53678788633968,2.1895976469329472e-24,equivalent,True,1.0,1.0,8.793172117282946e-07,9.316940068188372e-07,True,236,0.8785028457641602,n800_m800_rho0.75,800,800,0.75
True,4,4,0.35273629878815227,0.4976915859310585,0.45001238968728513,0.10709348815613123,-5.13558405634234,0.39565309998273174,107.02502128240155,1.554507412126879e-19,equivalent,True,1.0,1.0,9.936496698812842e-07,9.352569006787169e-07,True,237,1.01715087890625,n800_m800_rho0.75,800,800,0.75
True,4,4,0.3662149710535078,0.5364536200948863,0.49596349754070446,0.11068530003993228,-4.553779971481784,0.41171125038113754,119.27033081720724,4.689832190429522e-22,equivalent,True,1.0,1.0,9.174878200393817e-07,9.465572347212871e-07,True,238,1.0077440738677979,n800_m800_rho0.75,800,800,0.75
True,4,4,0.39446393380956785,0.6224071803060766,0.5791718820441262,0.13267752217161152,-3.171811706066943,0.44648823769586465,110.17708983975479,3.501378537082005e-20,equivalent,True,1.0,1.0,9.057641936287596e-07,9.860220211134682e-07,True,239,1.0331828594207764,n800_m800_rho0.75,800,800,0.75
True,4,4,0.3645955917798586,0.5317197821812212,0.4750954346702468,0.11390955450772118,-4.608081978708586,0.4069582222251746,107.2851276008527,1.3747190720139151e-19,equivalent,True,1.0,1.0,8.938759360354326e-07,8.698676246122816e-07,True,240,1.1173202991485596,n800_m800_rho0.75,800,800,0.75
True,4,4,0.3664153562486443,0.5370408531792836,0.4960376729153963,0.09921746535988393,-5.07937110927617,0.40596671066404366,149.77285627521266,2.1867883265497924e-28,equivalent,True,1.0,1.0,8.592710997372333e-07,9.22223771889343e-07,True,241,1.0043988227844238,n800_m800_rho0.75,800,800,0.75
True,4,4,0.42405377514020803,0.7192864168426485,0.6719276595779949,0.1481743472597007,-2.214096748116613,0.47844873604422883,136.02014542248574,1.5939072460406416e-25,equivalent,True,1.0,1.0,9.777872901881227e-07,8.58659530980935e-07,True,242,1.0667388439178467,n800_m800_rho0.75,800,800,0.75
True,4,4,0.3645396550463695,0.5315566404053043,0.4905113868323552,0.10515557195853287,-4.845093832674477,0.40727046012524176,133.66383203674803,4.917048748521532e-25,equivalent,True,1.0,1.0,9.175579703960211e-07,9.86080083661401e-07,True,243,1.0108330249786377,n800_m800_rho0.75,800,800,0.75
True,4,4,0.3323111080851338,0.441722690227078,0.4043729877415117,0.08876530128928554,-6.710133392296431,0.370937634756381,114.11515246965064,5.4203301507579186e-21,equivalent,True,1.0,1.0,9.855439984027265e-07,9.964426503503165e-07,True,244,0.9539730548858643,n800_m800_rho0.75,800,800,0.75
True,4,4,0.39116518431544184,0.6120408056821343,0.5653391899894938,0.1294448322279009,-3.3578846102194424,0.44109437532394397,106.4353181939068,2.0539212811074093e-19,equivalent,True,1.0,1.0,9.245476675290045e-07,9.888990249411917e-07,True,245,1.038835048675537,n800_m800_rho0.75,800,800,0.75
True,4,4,0.3971398291437612,0.6308801755693434,0.5857056918437283,0.1354065920621446,-3.05963174943604,0.44956359836798543,114.69997116283609,4.107481376612253e-21,equivalent,True,1.0,1.0,9.448065648874643e-07,9.081369017249962e-07,True,246,1.0191960334777832,n800_m800_rho0.75,800,800,0.75
True,4,4,0.3415793146185224,0.46670571270103817,0.42579599619764485,0.09495008275454658,-6.047430261716754,0.3814364246489194,113.74361747621924,6.4644343593493755e-21,equivalent,True,1.0,1.0,9.5935845909956e-07,9.909525511099439e-07,True,247,1.1151771545410156,n800_m800_rho0.75,800,800,0.75
True,4,4,0.4028188501987531,0.6490521043017818,0.6106107018587388,0.11633592585271539,-3.3471113526378704,0.4477628477895233,155.54359871206907,1.3655557597475845e-29,equivalent,True,1.0,1.0,9.538934002685853e-07,9.824789142892e-07,True,248,0.8994879722595215,n800_m800_rho0.75,800,800,0.75
True,4,4,0.36124243723117333,0.5219843938268728,0.475718677019059,0.11126741934375568,-4.711903323300754,0.40581316368748005,104.33606944823292,5.533212966429918e-19,equivalent,True,1.0,1.0,8.84534304636607e-07,9.128090100292325e-07,True,249,1.0677192211151123,n800_m800_rho0.75,800,800,0.75
True,4,4,0.3590302771716966,0.5156109597039411,0.4754208419440624,0.10363351440460256,-5.061867881927586,0.4018341710165403,121.63024650177131,1.5268804503202017e-22,equivalent,True,1.0,1.0,8.776116657829502e-07,6.80024630260506e-07,True,250,1.1609740257263184,n800_m800_rho0.75,800,800,0.75
True,4,4,0.42987328352746795,0.7391641595627474,0.6974458734023632,0.12932138483436703,-2.339552170626256,0.47701169332877963,152.80536867097766,5.094151912137063e-29,equivalent,True,1.0,1.0,9.465681710940446e-07,9.634531025556435e-07,True,251,1.0941262245178223,n800_m800_rho0.75,800,800,0.75
True,4,4,0.39240464740489267,0.6159256292198325,0.5708374007001051,0.130576448382627,-3.286676920805225,0.44317506287490693,109.0477199457815,5.974528846502204e-20,equivalent,True,1.0,1.0,9.035779185936947e-07,8.370045552886133e-07,True,252,1.1164212226867676,n800_m800_rho0.75,800,800,0.75
True,4,4,0.47350724903919467,0.8968364595706637,0.8480728497574836,0.15386925563921275,-0.9873782102303128,0.5246821068446984,153.85471989197734,3.0761466629859904e-29,inconclusive,True,1.0,1.0,8.236964230337405e-07,8.059405287080343e-07,True,253,1.1820669174194336,n800_m800_rho0.75,800,800,0.75
True,4,4,0.3764512499694851,0.566862174414351,0.5326649738604201,0.10123782394898029,-4.616209712044952,0.4180868258411089,145.564615888263,1.6481326575523394e-27,equivalent,True,1.0,1.0,9.930270220020401e-07,7.668494868615712e-07,True,254,0.8136591911315918,n800_m800_rho0.75,800,800,0.75
True,4,4,0.3786947253565362,0.5736387800514495,0.5266673693935457,0.12311479999712988,-3.8446444344423973,0.4269581931232348,129.71049080886542,3.2482393095509935e-24,equivalent,True,1.0,1.0,8.201923190149865e-07,7.877550599064983e-07,True,255,1.0341100692749023,n800_m800_rho0.75,800,800,0.75
True,4,4,0.41419533197437725,0.6862310921174584,0.6474854133290769,0.11829501577402317,-2.979961449469057,0.4588200625177752,161.07269384147156,9.541331219216113e-31,equivalent,True,1.0,1.0,8.147556832734476e-07,8.689305268968291e-07,True,256,0.9987637996673584,n800_m800_rho0.75,800,800,0.75
True,4,4,0.3096031141250551,0.38341635310372757,0.344472169169408,0.09114086907616664,-7.192468510287804,0.35156278181601147,83.81170981754305,8.32980861663542e-15,equivalent,True,1.0,1.0,9.643784111507377e-07,9.880056164119476e-07,True,257,0.8892002105712891,n800_m800_rho0.75,800,800,0.75
True,4,4,0.3363266187046602,0.4524623777972396,0.4082766015766002,0.10862642527338709,-5.447324598357827,0.38306369286657277,84.57007225069081,5.853421192646874e-15,equivalent,True,1.0,1.0,9.661066467094019e-07,8.792548934250863e-07,True,258,1.065885066986084,n800_m800_rho0.75,800,800,0.75
True,4,4,0.44932257277507126,0.8075630976208368,0.7670115628175748,0.13528687832593894,-1.722180599223374,0.49737779285743594,160.7177470088813,1.1320004366158636e-30,equivalent,True,1.0,1.0,9.392680840320836e-07,9.523014135126643e-07,True,259,1.0545620918273926,n800_m800_rho0.75,800,800,0.75
True,4,4,0.43709074969403083,0.7641932938723597,0.7101344319217031,0.1519163079703977,-1.9080609050529314,0.48990165392655305,135.88743102316968,1.6983560547677364e-25,equivalent,True,1.0,1.0,9.565209590434348e-07,9.124264301586397e-07,True,260,1.1297929286956787,n800_m800_rho0.75,800,800,0.75
True,4,4,0.3934449290515434,0.6191956487854959,0.5728841538805183,0.133513790887893,-3.199039165011174,0.44511088423855394,106.84192299549085,1.6949764369681944e-19,equivalent,True,1.0,1.0,9.456287622562246e-07,8.316117107104643e-07,True,261,1.1655738353729248,n800_m800_rho0.75,800,800,0.75
True,4,4,0.36382556085614526,0.5294761549291547,0.48498174336325794,0.11955897141651238,-4.307650446761977,0.41280708300981694,102.21813469457689,1.502063917780892e-18,equivalent,True,1.0,1.0,9.057362202284914e-07,7.44000976796858e-07,True,262,0.9788990020751953,n800_m800_rho0.75,800,800,0.75
True,4,4,0.4006322226410541,0.6420247112732445,0.602564681522479,0.1113139721020829,-3.5703992137936136,0.4431872832857925,158.27043096940844,3.677359565701933e-30,equivalent,True,1.0,1.0,9.661842546628107e-07,8.025711395417638e-07,True,263,1.0401849746704102,n800_m800_rho0.75,800,800,0.75
True,4,4,0.32717077249273824,0.4281628574939803,0.3827926873988211,0.09420410767394356,-6.551808916203934,0.36665537483447386,95.32457636895568,3.8416248765090824e-17,equivalent,True,1.0,1.0,9.137774304471012e-07,9.757430338395951e-07,True,264,1.079193115234375,n800_m800_rho0.75,800,800,0.75
True,4,4,0.37360363730582813,0.5583187112325791,0.5120716086186466,0.11446564971948786,-4.262662139926536,0.41843483594255837,122.98519853387944,8.012628762341556e-23,equivalent,True,1.0,1.0,9.845377513938003e-07,8.873401321595837e-07,True,265,1.0866351127624512,n800_m800_rho0.75,800,800,0.75
True,4,4,0.39352749289818223,0.6194555506669155,0.5775422979403879,0.1201701213984975,-3.515497006603624,0.44022850826982607,127.13863729978493,1.1077421131959985e-23,equivalent,True,1.0,1.0,8.414837718430494e-07,9.36125799692058e-07,True,266,1.0749201774597168,n800_m800_rho0.75,800,800,0.75
True,4,4,0.41647243384966215,0.6937971526266449,0.6555597854070224,0.11914312185824931,-2.890978591301106,0.46139266940478285,145.9348313899225,1.3799530364040335e-27,equivalent,True,1.0,1.0,8.933777708380055e-07,9.314091191561256e-07,True,267,0.986234188079834,n800_m800_rho0.75,800,800,0.75
True,4,4,0.4080930801933886,0.66615984840691,0.6239547502449587,0.12108081164562341,-3.1057377683892806,0.4536284168883411,145.166713292057,1.9947065141842112e-27,equivalent,True,1.0,1.0,8.56607850502649e-07,8.537600102717506e-07,True,268,1.0571868419647217,n800_m800_rho0.75,800,800,0.75
True,4,4,0.4092504241237439,0.6699436385818571,0.6203571184633353,0.15456179993081023,-2.4562529791100536,0.4675972240261046,101.91440246599979,1.7331782699349806e-18,equivalent,True,1.0,1.0,8.378414685582691e-07,9.511341708871549e-07,True,269,1.07442307472229,n800_m800_rho0.75,800,800,0.75
True,4,4,0.41249444931401197,0.6806066828594799,0.6427489437476748,0.12344334213557556,-2.894048800622742,0.4598356154057632,137.04413503104757,9.766366973785764e-26,equivalent,True,1.0,1.0,8.067639804542925e-07,9.591582058773258e-07,True,270,1.0391647815704346,n800_m800_rho0.75,800,800,0.75
True,4,4,0.3603525224917795,0.5194157618647539,0.47750755577117626,0.1024662795305678,-5.099164784966682,0.4018860495517523,130.86901022461103,1.8684583744201373e-24,equivalent,True,1.0,1.0,8.771588837469759e-07,7.584529465406046e-07,True,271,1.0225090980529785,n800_m800_rho0.75,800,800,0.75
True,4,4,0.3630259537331065,0.5271513723353263,0.4886647438961006,0.10512608090907977,-4.864019011097134,0.4066883817391992,112.84154842676347,9.913443473572077e-21,equivalent,True,1.0,1.0,7.540295313670836e-07,8.826624154649276e-07,True,272,0.979863166809082,n800_m800_rho0.75,800,800,0.75
True,4,4,0.35365763259573274,0.5002948843728732,0.46115285305207576,0.0992308779670639,-5.430236615731396,0.3950864217426928,120.3213107236019,2.845617020196015e-22,equivalent,True,1.0,1.0,7.255767411536597e-07,9.568882742054437e-07,True,273,1.0226099491119385,n800_m800_rho0.75,800,800,0.75
True,4,4,0.37963147943769565,0.5764802407202141,0.5390250854429546,0.10247333160738879,-4.498486653319731,0.42058849146260796,139.3876012025989,3.181433115336856e-26,equivalent,True,1.0,1.0,8.920011578854718e-07,8.012543170766935e-07,True,274,0.8786978721618652,n800_m800_rho0.75,800,800,0.75
True,4,4,0.3422607507481087,0.46856968601063587,0.42073633801550314,0.10273032900530175,-5.638682048361803,0.38396376530793624,114.03113159785468,5.640636360300736e-21,equivalent,True,1.0,1.0,9.624515949410429e-07,9.338845776440649e-07,True,275,1.027939796447754,n800_m800_rho0.75,800,800,0.75
True,4,4,0.389721366115525,0.6075309728278042,0.5685945301649481,0.11339213087031522,-3.8045450466791517,0.43448474883899607,144.01938911798038,3.457991647868978e-27,equivalent,True,1.0,1.0,9.381595755498745e-07,5.997818267821861e-07,True,276,0.9223330020904541,n800_m800_rho0.75,800,800,0.75
True,4,4,0.42669983095915354,0.7282909829622808,0.6885628465653042,0.13422605729030587,-2.3202436227499064,0.4767979298745591,136.4842367874689,1.2766110913462563e-25,equivalent,True,1.0,1.0,9.25774007020832e-07,9.802010248491254e-07,True,277,1.006258249282837,n800_m800_rho0.75,800,800,0.75
True,4,4,0.4228267424935929,0.7151298166709726,0.6704848535439301,0.1286476327109302,-2.561377458040653,0.4695985995526457,148.40552154438757,4.216313681362593e-28,equivalent,True,1.0,1.0,9.798881615691169e-07,9.269647051964728e-07,True,278,0.9954276084899902,n800_m800_rho0.75,800,800,0.75
True,4,4,0.34584171103583167,0.47842595636876684,0.43562567927952595,0.10338309610782308,-5.4590580275508644,0.3891258600626381,101.12046558693163,2.519181135499683e-18,equivalent,True,1.0,1.0,8.454291932637426e-07,8.764421529648308e-07,True,279,1.0152759552001953,n800_m800_rho0.75,800,800,0.75
True,4,4,0.39092170128933235,0.611279106155784,0.5570001943695448,0.1258090769002308,-3.5212070269124,0.4370176514776909,142.05036875086802,8.886068118324206e-27,equivalent,True,1.0,1.0,9.104983592733228e-07,9.77112909876699e-07,True,280,1.144787073135376,n800_m800_rho0.75,800,800,0.75
True,4,4,0.3254519442690158,0.4236758721139303,0.376866103369031,0.10296825779305815,-6.051708652615263,0.3695381630024215,82.80586383295984,1.3295569327162755e-14,equivalent,True,1.0,1.0,9.13899740183164e-07,8.191743775193769e-07,True,281,1.0684378147125244,n800_m800_rho0.75,800,800,0.75
True,4,4,0.3877967217143353,0.6015451894895425,0.5551567981687148,0.1237854927257693,-3.593661842238473,0.4355358236823555,118.30956495583223,7.403336902384797e-22,equivalent,True,1.0,1.0,7.648726639900471e-07,8.033698373694763e-07,True,282,1.0386250019073486,n800_m800_rho0.75,800,800,0.75
True,4,4,0.37204298096929905,0.5536639187540888,0.5184726627891373,0.10359690445173374,-4.648086154304045,0.4149922911384971,138.44487456209566,4.9959783816355196e-26,equivalent,True,1.0,1.0,8.223515268281495e-07,7.009220768387517e-07,True,283,0.9520058631896973,n800_m800_rho0.75,800,800,0.75
True,4,4,0.391110252314372,0.611868917861647,0.5688104928215069,0.12380924815576608,-3.48269223504215,0.4394481151685184,113.1035965528586,8.755667150563613e-21,equivalent,True,1.0,1.0,7.898563161359381e-07,8.602674964677198e-07,True,284,0.9371819496154785,n800_m800_rho0.75,800,800,0.75
True,4,4,0.39093101507830774,0.6113082342006243,0.5674274171575875,0.11990582837970021,-3.6076026385690363,0.43722275611539196,133.91322881477342,4.3645612031238425e-25,equivalent,True,1.0,1.0,9.555439196549856e-07,9.417754490458966e-07,True,285,1.0213868618011475,n800_m800_rho0.75,800,800,0.75
True,4,4,0.3710657483840325,0.5507591584952084,0.5102058979343556,0.10774507669292359,-4.545860628616666,0.41455722708658554,121.48481795589652,1.6362578759553004e-22,equivalent,True,1.0,1.0,8.708295013776659e-07,7.967904337799385e-07,True,286,0.9302599430084229,n800_m800_rho0.75,800,800,0.75
True,4,4,0.338863132745004,0.4593128909350329,0.41384811176245634,0.10569692188627881,-5.545590900633746,0.3833092997452281,92.03391606333145,1.7959684842570934e-16,equivalent,True,1.0,1.0,8.972991809992746e-07,9.930862674483514e-07,True,287,1.0172438621520996,n800_m800_rho0.75,800,800,0.75
True,4,4,0.3867001435345418,0.598148004038541,0.5585722016459378,0.11091594554119788,-3.979840736155481,0.43041047180456965,123.83154199221104,5.355279435554455e-23,equivalent,True,1.0,1.0,9.69697468974027e-07,9.55941007196486e-07,True,288,0.9475259780883789,n800_m800_rho0.75,800,800,0.75
True,4,4,0.41284556194312355,0.6817658320645339,0.6428657212254146,0.11050858638866266,-3.2317333018678864,0.4540474012578661,164.5199114653359,1.81259939162716e-31,equivalent,True,1.0,1.0,9.660712398648373e-07,9.85038336995688e-07,True,289,0.9869658946990967,n800_m800_rho0.75,800,800,0.75
True,4,4,0.36213320434765994,0.5245618307644162,0.47785445009724203,0.12686399221796385,-4.115789995049695,0.41428466898574196,91.79495969357195,2.0085166186478028e-16,equivalent,True,1.0,1.0,8.891094111716088e-07,9.086395020296304e-07,True,290,1.0374939441680908,n800_m800_rho0.75,800,800,0.75
True,4,4,0.44190080764226014,0.7811052951795272,0.7373332704230391,0.1305077561139003,-2.012652254535119,0.48785228973847355,164.34568828524482,1.9713804361411757e-31,equivalent,True,1.0,1.0,8.303097108769263e-07,9.069258717572406e-07,True,291,0.9524919986724854,n800_m800_rho0.75,800,800,0.75
True,4,4,0.413357106516352,0.683456390030283,0.6453442784543901,0.11295848667844739,-3.1396996540436,0.4558356214038082,186.02792612277491,5.5734403940761054e-36,equivalent,True,1.0,1.0,9.17163041573067e-07,9.00362353322216e-07,True,292,1.0341241359710693,n800_m800_rho0.75,800,800,0.75
True,4,4,0.3283344276139606,0.43121398542634853,0.39041212745843396,0.10011913994304376,-6.088624741366647,0.3725229717483915,89.56866934588845,5.689055685286708e-16,equivalent,True,1.0,1.0,8.375770028531109e-07,8.339145780164655e-07,True,293,1.0396637916564941,n800_m800_rho0.75,800,800,0.75
True,4,4,0.4457635122542079,0.7948204354288295,0.7519777744986798,0.1418377484038336,-1.7486334088945303,0.49630638455478177,160.6616680267347,1.1629874422470606e-30,equivalent,True,1.0,1.0,7.248432363879803e-07,7.705263987216071e-07,True,294,0.9961626529693604,n800_m800_rho0.75,800,800,0.75
True,4,4,0.43132343610407253,0.7441596261304958,0.7045167000008277,0.12065166277658854,-2.449061150083946,0.4751239378090272,192.08503336248407,2.9657815452457066e-37,equivalent,True,1.0,1.0,7.361062951716344e-07,9.410390317901085e-07,True,295,1.039496898651123,n800_m800_rho0.75,800,800,0.75
True,4,4,0.33422833872687563,0.4468343296325084,0.4044102117534695,0.09464595029845098,-6.29281851329542,0.3741954523969209,117.67861773079517,9.99054207860961e-22,equivalent,True,1.0,1.0,9.959787379388762e-07,8.709714787214896e-07,True,296,1.09639310836792,n800_m800_rho0.75,800,800,0.75
True,4,4,0.36778266093857387,0.5410563427482319,0.4992458447278832,0.10921061118362346,-4.58521520798161,0.4119712716424694,120.18005464300498,3.0433030634421307e-22,equivalent,True,1.0,1.0,9.327701032293856e-07,9.790949510351577e-07,True,297,1.063080072402954,n800_m800_rho0.75,800,800,0.75
True,4,4,0.37005000000357596,0.5477480100105863,0.5023218816548807,0.11858138385674812,-4.196932959952111,0.41754368064328834,110.00271673596265,3.802578424605008e-20,equivalent,True,1.0,1.0,7.550276710394627e-07,9.70021002364287e-07,True,298,1.1226978302001953,n800_m800_rho0.75,800,800,0.75
True,4,4,0.4077534387291119,0.6650514671816625,0.6220679077177016,0.12075694858160302,-3.129692301117613,0.45296120489831787,144.79457375765787,2.38446279766162e-27,equivalent,True,1.0,1.0,8.968812980040324e-07,9.731841089555578e-07,True,299,0.9886772632598877,n800_m800_rho0.75,800,800,0.75
True,4,4,0.40025954613411935,0.6408308170859649,0.6014388067574972,0.11656959896330565,-3.4190835070811545,0.44530291218578644,167.05266341814792,5.345441931585599e-32,equivalent,True,1.0,1.0,8.549003341210068e-07,9.264986840304009e-07,True,300,0.9244821071624756,n800_m800_rho0.75,800,800,0.75
True,4,4,0.4029472628591432,0.6494659865827017,0.6129322864612744,0.110183110491955,-3.5129495964536894,0.44558034499480603,164.11389378661482,2.204386488722568e-31,equivalent,True,1.0,1.0,7.131532574331591e-07,7.190639583629393e-07,True,301,0.9170770645141602,n800_m800_rho0.75,800,800,0.75
True,4,4,0.45068716691643135,0.812475689692637,0.7696969297432186,0.13566049155486734,-1.697642899691516,0.4982064284288345,169.97373164150508,1.3061582321797983e-32,equivalent,True,1.0,1.0,8.621006749785883e-07,9.798548051577654e-07,True,302,0.9488351345062256,n800_m800_rho0.75,800,800,0.75
True,4,4,0.3793136520759408,0.5755153866047515,0.5343304592532586,0.11540319886010933,-4.035152797724625,0.42548555482534056,112.08588439591014,1.4181391758982326e-20,equivalent,True,1.0,1.0,9.403766244365683e-07,9.733297419441926e-07,True,303,1.049091100692749,n800_m800_rho0.75,800,800,0.75
True,4,4,0.35749922898868075,0.5112227949100048,0.46678115041692503,0.1087871778666039,-4.901486186514684,0.4017835656471726,120.0162311417013,3.2898178371568644e-22,equivalent,True,1.0,1.0,8.109138271542915e-07,9.591642935017849e-07,True,304,1.1408538818359375,n800_m800_rho0.75,800,800,0.75
True,4,4,0.48167851248076915,0.9280567575427459,0.8869980046109586,0.1476591699310965,-0.7652893852902772,0.5314780630056066,187.13873333371407,3.255271803838414e-36,inconclusive,True,1.0,1.0,8.513673724135242e-07,9.465087583359188e-07,True,305,1.0374441146850586,n800_m800_rho0.75,800,800,0.75
True,4,4,0.31780408371350993,0.4039977424999346,0.3620926004439886,0.09071329172233863,-7.03212712761611,0.35752716237587606,95.62117112441456,3.342499062137895e-17,equivalent,True,1.0,1.0,9.14743931108817e-07,7.89118965226128e-07,True,306,1.0131349563598633,n800_m800_rho0.75,800,800,0.75
True,4,4,0.39618999502421454,0.6278660486291485,0.5861285175249344,0.11610819487615313,-3.5645329161866806,0.44076907303761775,128.8386139138823,4.924072684914518e-24,equivalent,True,1.0,1.0,8.677632198339732e-07,9.918189784836224e-07,True,307,1.0318188667297363,n800_m800_rho0.75,800,800,0.75
True,4,4,0.4357210736404902,0.7594114160576858,0.7177271769751766,0.12876515831027976,-2.1921521840919334,0.48205990671461696,159.71357846075105,1.8358458007035316e-30,equivalent,True,1.0,1.0,9.882260053084444e-07,7.3110921958403e-07,True,308,1.0855629444122314,n800_m800_rho0.75,800,800,0.75
True,4,4,0.317448541869644,0.4030943069406524,0.3633086776852619,0.0878977934097367,-7.243541590933839,0.3563311949494103,100.07163930388222,4.12762383564778e-18,equivalent,True,1.0,1.0,8.526734392696055e-07,8.66097291676951e-07,True,309,1.031855821609497,n800_m800_rho0.75,800,800,0.75
True,4,4,0.3857278811428633,0.5951439931638516,0.5568590775874663,0.1121215194842212,-3.952327121957143,0.4304888400325837,121.15186573301838,1.9170594247614564e-22,equivalent,True,1.0,1.0,8.404374209273945e-07,9.011011002954828e-07,True,310,1.0385138988494873,n800_m800_rho0.75,800,800,0.75
True,4,4,0.39596282812372585,0.627146245022957,0.5818890100401846,0.11932229229566697,-3.5040475833617433,0.44106595745389265,125.25877472602718,2.71362412225643e-23,equivalent,True,1.0,1.0,8.975838469873879e-07,8.165179980931535e-07,True,311,1.0289840698242188,n800_m800_rho0.75,800,800,0.75
True,4,4,0.37124412890926134,0.551288812998385,0.510711218389934,0.10614160922980968,-4.609773538958651,0.41391382838160057,145.96893870995365,1.3575575151855013e-27,equivalent,True,1.0,1.0,8.674430376672083e-07,9.684916458314812e-07,True,312,1.0348989963531494,n800_m800_rho0.75,800,800,0.75
True,4,4,0.4072338284484494,0.6633575641311245,0.6247986674424114,0.12140799813738666,-3.0904169273346103,0.4540091005474476,159.07439415536496,2.4973244529872774e-30,equivalent,True,1.0,1.0,9.820724840279091e-07,9.765239187851377e-07,True,313,1.0388398170471191,n800_m800_rho0.75,800,800,0.75
True,4,4,0.39689565479896954,0.6301046431932112,0.5909069229047809,0.1140779921113476,-3.5860823768349417,0.44117698318942034,132.0992288617365,1.0383580101659644e-24,equivalent,True,1.0,1.0,8.226311661550195e-07,9.403051800904803e-07,True,314,0.961571216583252,n800_m800_rho0.75,800,800,0.75
True,4,4,0.4026629415581385,0.6485497780170114,0.6097094563638304,0.10949037634941881,-3.564610485862498,0.4443548973001349,160.13485452323815,1.4988076998770464e-30,equivalent,True,1.0,1.0,7.630102842895857e-07,9.737872315274847e-07,True,315,0.9588019847869873,n800_m800_rho0.75,800,800,0.75
True,4,4,0.36764172792896654,0.5406417604583851,0.49899457464840463,0.10472104911709315,-4.784190280517525,0.4096478280507595,129.93857609817448,2.913219093902704e-24,equivalent,True,1.0,1.0,9.899386479390471e-07,8.58918999534265e-07,True,316,0.9971950054168701,n800_m800_rho0.75,800,800,0.75
True,4,4,0.4082386685388583,0.6666352419615194,0.6175294340165266,0.12442116849363964,-3.073999148328406,0.4533718243017617,129.46593498438347,3.65033207303009e-24,equivalent,True,1.0,1.0,9.121656472977966e-07,9.438617500404051e-07,True,317,1.071084976196289,n800_m800_rho0.75,800,800,0.75
True,4,4,0.45218973530054146,0.8179022268446949,0.7779161813175077,0.1314817808376145,-1.6890843527345822,0.49854399640510577,176.57990393678563,5.377521772025801e-34,equivalent,True,1.0,1.0,9.072523368742904e-07,8.885959556823654e-07,True,318,0.9630930423736572,n800_m800_rho0.75,800,800,0.75
True,4,4,0.438275477871124,0.7683415780126484,0.7307413405442261,0.13588387503763058,-1.9815350377755092,0.48842871159568757,165.13176380085937,1.349636669202793e-31,equivalent,True,1.0,1.0,9.798477197000824e-07,7.937889977755463e-07,True,319,0.9375829696655273,n800_m800_rho0.75,800,800,0.75
True,4,4,0.4432275935100826,0.785802798594956,0.739914058883448,0.13829103689375324,-1.8807143757000813,0.49177804253876,163.16520203916315,3.4820381152963502e-31,equivalent,True,1.0,1.0,8.650599701739754e-07,9.911729838409835e-07,True,320,0.9990370273590088,n800_m800_rho0.75,800,800,0.75
True,4,4,0.37779532555529344,0.5709172320457205,0.5295705915343758,0.11232770958374828,-4.188008552910853,0.4225911830748353,121.11927654801829,1.9470073418946983e-22,equivalent,True,1.0,1.0,9.044227878760836e-07,8.825087390847653e-07,True,321,0.9929587841033936,n800_m800_rho0.75,800,800,0.75
True,4,4,0.4042851103608571,0.6537858018379616,0.6127913056191149,0.11253978082226374,-3.440638426268231,0.4466270178462503,154.03422835985248,2.821801926121964e-29,equivalent,True,1.0,1.0,9.505056552431827e-07,8.919767169403795e-07,True,322,1.016185998916626,n800_m800_rho0.75,800,800,0.75
True,4,4,0.37053765834091523,0.5491926249950754,0.510786034308477,0.10227277587752946,-4.7834231690098195,0.41201024885584653,132.1976453929246,9.90676028724875e-25,equivalent,True,1.0,1.0,8.604659197303422e-07,8.545210579656826e-07,True,323,0.9524710178375244,n800_m800_rho0.75,800,800,0.75
True,4,4,0.42571196031683484,0.7249226926272094,0.6873689671673532,0.11734088042992824,-2.66429765728014,0.46914217992315493,164.86792809209362,1.5326757788059894e-31,equivalent,True,1.0,1.0,9.272665842555607e-07,9.977721028531039e-07,True,324,1.0252270698547363,n800_m800_rho0.75,800,800,0.75
True,4,4,0.40094710344390183,0.6430343190402197,0.5953606225070414,0.12966836639485813,-3.1205712599229924,0.44962376084691524,114.09662976382819,5.4681468238927256e-21,equivalent,True,1.0,1.0,8.888162816627701e-07,9.219616080594569e-07,True,325,1.0532448291778564,n800_m800_rho0.75,800,800,0.75
True,4,4,0.37189463633171166,0.5532224821291842,0.5105450554201925,0.12192424661310117,-4.014418445684404,0.4216315318720475,99.24959176633169,6.076847613001278e-18,equivalent,True,1.0,1.0,8.758196160211839e-07,9.370173418085354e-07,True,326,1.0600941181182861,n800_m800_rho0.75,800,800,0.75
True,4,4,0.39838905402004504,0.6348553534519454,0.5924718717384582,0.11937249084830777,-3.413919952289569,0.444078300040806,137.95838845967415,6.305806593897343e-26,equivalent,True,1.0,1.0,8.306341574976442e-07,9.619730058979242e-07,True,327,0.9529881477355957,n800_m800_rho0.75,800,800,0.75
True,4,4,0.36063597341528847,0.5202332212847707,0.4820262087886913,0.09600955769820636,-5.395023200080687,0.3999837115404178,138.80094000663968,4.213078467380842e-26,equivalent,True,1.0,1.0,7.496803779712005e-07,8.427203677182419e-07,True,328,1.0234978199005127,n800_m800_rho0.75,800,800,0.75
True,4,4,0.39280248761417197,0.6171751771035269,0.5710235241930586,0.11880488042542668,-3.610764762110999,0.4377328416569739,126.41091315128368,1.5671218548528727e-23,equivalent,True,1.0,1.0,9.942938190879714e-07,9.422699930773999e-07,True,329,1.058819055557251,n800_m800_rho0.75,800,800,0.75
True,4,4,0.392024605589742,0.6147331655511711,0.5782591287071731,0.11128387702523372,-3.7897751459287923,0.4362639159537923,134.8223172088646,2.826287883584084e-25,equivalent,True,1.0,1.0,7.758629055222141e-07,9.961220855384807e-07,True,330,1.0645649433135986,n800_m800_rho0.75,800,800,0.75
True,4,4,0.41015707794875644,0.6729153143658491,0.6289041256407698,0.14276550218404338,-2.5993385564591027,0.46468604447297046,113.51076867020134,7.218897373120825e-21,equivalent,True,1.0,1.0,8.262849943813315e-07,9.951552084955617e-07,True,331,1.079268217086792,n800_m800_rho0.75,800,800,0.75
True,4,4,0.3780735754037273,0.5717585136742316,0.527833210998095,0.11104976595690644,-4.251848573774863,0.4214539777082501,132.09131551755016,1.04229013234685e-24,equivalent,True,1.0,1.0,9.388904386437266e-07,9.237811370844957e-07,True,332,1.0102968215942383,n800_m800_rho0.75,800,800,0.75
True,4,4,0.34438989079120075,0.47441758751670066,0.4332945342106501,0.10018380904917035,-5.65665721006086,0.38667888353483687,120.97429458255212,2.0860067140312455e-22,equivalent,True,1.0,1.0,8.624425797691618e-07,9.416090615499234e-07,True,333,1.0097720623016357,n800_m800_rho0.75,800,800,0.75
True,4,4,0.38094860934189806,0.5804873718381043,0.528498984249595,0.11652170978687942,-4.046464960158841,0.4243112481454889,122.55317110740566,9.8419137132213e-23,equivalent,True,1.0,1.0,9.489199382773513e-07,8.131380588762235e-07,True,334,1.178692102432251,n800_m800_rho0.75,800,800,0.75
True,4,4,0.33924746617633317,0.46035537322824926,0.4203370388823053,0.10291264351527697,-5.63257284350728,0.38393139811285704,98.96764263092227,6.938610769514214e-18,equivalent,True,1.0,1.0,8.130956761041888e-07,9.372594035083596e-07,True,335,1.102673053741455,n800_m800_rho0.75,800,800,0.75
True,4,4,0.41946142494094785,0.7037915480539617,0.6559289575277971,0.12869594383281624,-2.673518933270903,0.4657292527625755,140.8667928425396,1.5666604465580323e-26,equivalent,True,1.0,1.0,8.066184792909691e-07,9.106491641000182e-07,True,336,1.107517957687378,n800_m800_rho0.75,800,800,0.75
True,4,4,0.3343219188950293,0.4470845818146183,0.4049951546302333,0.09493835306066144,-6.267275828869548,0.37455134794806894,102.6551510021171,1.222473337383941e-18,equivalent,True,1.0,1.0,9.462847172711911e-07,9.445898672011647e-07,True,337,1.0396289825439453,n800_m800_rho0.75,800,800,0.75
True,4,4,0.3937554861847451,0.62017353160234,0.5834610246479204,0.10764315103823577,-3.8696282237605755,0.4360384879943649,148.91596756640809,3.299921662625049e-28,equivalent,True,1.0,1.0,9.457152227525123e-07,8.716246749420532e-07,True,338,0.8612737655639648,n800_m800_rho0.75,800,800,0.75
True,4,4,0.37321698374690576,0.5571636678285525,0.5157044872345665,0.10758130899451729,-4.501669642169113,0.4161309870480644,136.87954689846512,1.05664814373876e-25,equivalent,True,1.0,1.0,8.871487911260175e-07,8.560278406354548e-07,True,339,0.9680488109588623,n800_m800_rho0.75,800,800,0.75
True,4,4,0.41194787673863903,0.6788042125978917,0.6444557756067713,0.11214033633265295,-3.170529320855101,0.455222531997015,168.7171250645484,2.3950357272927514e-32,equivalent,True,1.0,1.0,6.321281149182848e-07,8.401961745223573e-07,True,340,0.992912769317627,n800_m800_rho0.75,800,800,0.75
True,4,4,0.3769789151099069,0.5684524097497695,0.5295241799505666,0.11382465048735955,-4.133338587335971,0.4233051703975465,117.55746212946775,1.0582268503526127e-21,equivalent,True,1.0,1.0,8.061494459462733e-07,9.624954832539275e-07,True,341,1.057974100112915,n800_m800_rho0.75,800,800,0.75
True,4,4,0.3709965834199938,0.5505538596372337,0.5095248159965017,0.10642640354074759,-4.608585535972844,0.4136969518451584,120.59411493172485,2.4994168066904683e-22,equivalent,True,1.0,1.0,9.75498858001951e-07,9.521349796142329e-07,True,342,1.1165428161621094,n800_m800_rho0.75,800,800,0.75
True,4,4,0.3569836279422742,0.5097492424753122,0.46399168486846093,0.11201054249657148,-4.785338086796123,0.40256447680798557,93.85475273206853,7.653742066624075e-17,equivalent,True,1.0,1.0,7.619816762833636e-07,7.507455685903781e-07,True,343,1.1059250831604004,n800_m800_rho0.75,800,800,0.75
True,4,4,0.3333901259506072,0.44459590432544693,0.4004824119995678,0.1063958627496984,-5.634782899508296,0.37930463770432604,90.8548790980534,3.1181666129630063e-16,equivalent,True,1.0,1.0,9.776986996262896e-07,9.913722499277477e-07,True,344,1.0705928802490234,n800_m800_rho0.75,800,800,0.75
True,4,4,0.40513523559985265,0.6565382364981924,0.6159580082701617,0.11831145062848125,-3.2460255511175977,0.45015636920583196,157.11377938059263,6.416023621162081e-30,equivalent,True,1.0,1.0,9.091709225412117e-07,8.553173432268994e-07,True,345,1.1560702323913574,n800_m800_rho0.75,800,800,0.75
True,4,4,0.3266173512207821,0.42671557647391894,0.3905157767770943,0.09616902067385434,-6.337635747481489,0.37037134717498554,91.4128720304069,2.4017695564038653e-16,equivalent,True,1.0,1.0,9.902308845992075e-07,9.025559615153015e-07,True,346,1.1116108894348145,n800_m800_rho0.75,800,800,0.75
True,4,4,0.4496846762990088,0.8088652323925775,0.766298396161539,0.14635531646054253,-1.5968098015863128,0.5017547880352745,150.96647906319873,1.232587557214191e-28,inconclusive,True,1.0,1.0,9.774883829254277e-07,9.02486837468539e-07,True,347,1.1829700469970703,n800_m800_rho0.75,800,800,0.75
True,4,4,0.3726984801571022,0.5556166284456556,0.5177297115347484,0.10558329831324025,-4.567675912476911,0.41575196412969023,129.45158843874876,3.675408079915023e-24,equivalent,True,1.0,1.0,9.30208050567001e-07,9.146732079135683e-07,True,348,1.1088249683380127,n800_m800_rho0.75,800,800,0.75
True,4,4,0.37362862167637034,0.5583933877431372,0.5192059093132015,0.11534279875957394,-4.168392789644273,0.4209892903019091,112.30918795191224,1.2757782478139385e-20,equivalent,True,1.0,1.0,8.330225994436359e-07,9.801735306269252e-07,True,349,1.0868988037109375,n800_m800_rho0.75,800,800,0.75
True,4,4,0.3931757197547066,0.6183485864185263,0.5757298765719426,0.12336553008702213,-3.4391302264804193,0.4412052006086204,124.58516050916984,3.74034638318213e-23,equivalent,True,1.0,1.0,8.494251630251824e-07,9.768857562808007e-07,True,350,1.0743649005889893,n800_m800_rho0.75,800,800,0.75
True,4,4,0.3992276286314718,0.6375307978508334,0.6045210362519567,0.1028211112348054,-3.846281750883975,0.439785946226601,170.0532630079919,1.2569789523112952e-32,equivalent,True,1.0,1.0,9.89137913402324e-07,9.60620025999946e-07,True,351,0.995966911315918,n800_m800_rho0.75,800,800,0.75
True,4,4,0.4360588839881736,0.7605894012200458,0.7186287609830555,0.12387699612266723,-2.271376024797381,0.48020523928609893,178.3216592649061,2.3174350321403525e-34,equivalent,True,1.0,1.0,9.57984118817375e-07,8.744713315805304e-07,True,352,1.03757905960083,n800_m800_rho0.75,800,800,0.75
True,4,4,0.45050525968075944,0.811819956000114,0.775397011424446,0.13588366087035547,-1.652906516772788,0.49972636108436735,170.40141897344535,1.0625758659865487e-32,equivalent,True,1.0,1.0,8.842873119836649e-07,9.210560563315016e-07,True,353,1.0476810932159424,n800_m800_rho0.75,800,800,0.75
True,4,4,0.4301946699518846,0.7402698162200437,0.7010547183678552,0.1208225000527537,-2.4742517453422908,0.4742863180076386,171.90117142066117,5.151987624532943e-33,equivalent,True,1.0,1.0,9.54208447368774e-07,9.998587276738012e-07,True,354,1.0589067935943604,n800_m800_rho0.75,800,800,0.75
True,4,4,0.4041587956352003,0.6533773283571824,0.6081465773879021,0.12209447891192342,-3.2094278636036715,0.449714944119308,141.19965093140678,1.3357539070703952e-26,equivalent,True,1.0,1.0,8.655195313356415e-07,9.496174308884025e-07,True,355,1.2722828388214111,n800_m800_rho0.75,800,800,0.75
True,4,4,0.3897638359706208,0.6076633913221321,0.5681824438187508,0.11556796648951453,-3.736481390978078,0.43539488761882444,137.80416099833258,6.78882794952286e-26,equivalent,True,1.0,1.0,7.111541354736832e-07,9.424340124179031e-07,True,356,1.0475609302520752,n800_m800_rho0.75,800,800,0.75
True,4,4,0.36375940665960216,0.5292836237333833,0.48503274930232343,0.12111667641714119,-4.2518277906179005,0.4135976165886857,94.62400318406097,5.336274537988938e-17,equivalent,True,1.0,1.0,9.537802692352915e-07,9.57370592015223e-07,True,357,1.0348308086395264,n800_m800_rho0.75,800,800,0.75
True,4,4,0.43915356034995207,0.7714233982721559,0.7331588266777301,0.11978857736422432,-2.2276011552497477,0.48223269865870555,190.39581188003496,6.722984491629893e-37,equivalent,True,1.0,1.0,8.214155222605761e-07,8.892318696037476e-07,True,358,1.0134191513061523,n800_m800_rho0.75,800,800,0.75
True,4,4,0.41875829110178886,0.7014340254659621,0.6534256218792196,0.13322589082484676,-2.6014040962685305,0.4670553263817654,152.70124886837857,5.355560394734768e-29,equivalent,True,1.0,1.0,8.533645069424413e-07,8.216796298232597e-07,True,359,1.0573809146881104,n800_m800_rho0.75,800,800,0.75
True,4,4,0.38079601531717944,0.5800224211257663,0.5394029667429712,0.11007171018372164,-4.184517824682131,0.42439804973144524,148.1946640197962,4.665442810889048e-28,equivalent,True,1.0,1.0,9.019342009411261e-07,9.561252027583734e-07,True,360,1.0174741744995117,n800_m800_rho0.75,800,800,0.75
True,4,4,0.39819621123553545,0.6342408905693406,0.5951349755045087,0.11881446661801484,-3.407539805713398,0.4445692808369284,131.8046061613487,1.1952514267362088e-24,equivalent,True,1.0,1.0,9.301160227303346e-07,9.980083970506059e-07,True,361,1.0123419761657715,n800_m800_rho0.75,800,800,0.75
True,4,4,0.4028522094555487,0.6491596106528692,0.6042552740125283,0.1191942808926933,-3.3201653890067737,0.44730091081137635,133.52717914927916,5.248870370856532e-25,equivalent,True,1.0,1.0,9.57027203661522e-07,8.41642368773577e-07,True,362,1.0459308624267578,n800_m800_rho0.75,800,800,0.75
True,4,4,0.40509567641704536,0.6564100282071341,0.6153042974559023,0.12203702851415969,-3.152286705337653,0.4516739273053621,149.4072839637946,2.606446757513909e-28,equivalent,True,1.0,1.0,7.62675747466327e-07,7.877737998855722e-07,True,363,1.0013751983642578,n800_m800_rho0.75,800,800,0.75
True,4,4,0.3348887680916319,0.4486019479757233,0.41010945642752755,0.09904555519488645,-5.955749780106513,0.37849203991737357,95.14752633553184,4.1743667368957773e-17,equivalent,True,1.0,1.0,9.383583602959869e-07,8.894277627678109e-07,True,364,0.9895591735839844,n800_m800_rho0.75,800,800,0.75
True,4,4,0.42326816306322435,0.7166237514516651,0.6780748351299631,0.11611834479572686,-2.7723885096395526,0.46612029448491515,179.96741563375738,1.045852388702532e-34,equivalent,True,1.0,1.0,9.355172945982177e-07,8.810517658676333e-07,True,365,0.999464750289917,n800_m800_rho0.75,800,800,0.75
True,4,4,0.4381193487656444,0.7677942550513295,0.7227162497409962,0.14458317523347938,-1.917814779010307,0.4900342870452906,155.1267408327794,1.6686994697819268e-29,equivalent,True,1.0,1.0,9.187778695618067e-07,9.858034155742286e-07,True,366,1.0723860263824463,n800_m800_rho0.75,800,800,0.75
True,4,4,0.320407545267333,0.4106439802569522,0.3693532605547676,0.09281660183091725,-6.794546740615144,0.36125579051333645,105.53580510806847,3.140979875184693e-19,equivalent,True,1.0,1.0,8.769187915773093e-07,9.947775630984543e-07,True,367,1.0500988960266113,n800_m800_rho0.75,800,800,0.75
True,4,4,0.401754985604893,0.645628273833551,0.6021349852924792,0.13312121591394224,-2.98874234265352,0.4530728142673971,126.87842592548756,1.2540538964708224e-23,equivalent,True,1.0,1.0,9.065000994220261e-07,9.029673371050628e-07,True,368,1.0573601722717285,n800_m800_rho0.75,800,800,0.75
True,4,4,0.3469754714697044,0.48156791120649467,0.44479664162312715,0.09484360727433783,-5.853882769040315,0.38755660652396406,112.27230495221971,1.2982670663473074e-20,equivalent,True,1.0,1.0,8.462083496073668e-07,9.136283528929018e-07,True,369,1.029081106185913,n800_m800_rho0.75,800,800,0.75
True,4,4,0.37529436787428866,0.5633834502326477,0.5224343916718822,0.10606461092129776,-4.502591431580151,0.4174012313221463,134.88232594343071,2.746355306606178e-25,equivalent,True,1.0,1.0,8.699213056810635e-07,9.979061809114123e-07,True,370,1.1103651523590088,n800_m800_rho0.75,800,800,0.75
True,4,4,0.38903846723974395,0.6054037159689973,0.564223770163724,0.11159336484956217,-3.905037099864685,0.4323709405939087,132.3384250451316,9.262478147338988e-25,equivalent,True,1.0,1.0,8.095601224419074e-07,9.571627171975078e-07,True,371,1.0593218803405762,n800_m800_rho0.75,800,800,0.75
True,4,4,0.31446208497528416,0.3955456115480113,0.3575638088197489,0.09072586986038728,-7.081069513787616,0.35594753297288567,90.8122267741953,3.1809958999803525e-16,equivalent,True,1.0,1.0,9.414614632194917e-07,9.122697890604262e-07,True,372,1.0647211074829102,n800_m800_rho0.75,800,800,0.75
True,4,4,0.3997377842011458,0.6391611844721672,0.6011485343318705,0.11228018913033108,-3.5522870842794543,0.4432361138991533,164.80250383305045,1.5817804940798267e-31,equivalent,True,1.0,1.0,9.288025755474304e-07,8.583603522371759e-07,True,373,1.0400588512420654,n800_m800_rho0.75,800,800,0.75
True,4,4,0.36526950290045085,0.5336872389965699,0.4911160184481947,0.11121528371703084,-4.575665902598223,0.41050239988415105,111.1917975587433,2.1658228479387942e-20,equivalent,True,1.0,1.0,9.64535813441384e-07,9.240478065751078e-07,True,374,1.1087701320648193,n800_m800_rho0.75,800,800,0.75
True,4,4,0.39438777049403384,0.6221668540610188,0.5787572815419677,0.11833583184592311,-3.559722460112532,0.4397165006433275,135.47254575891097,2.0710734374527077e-25,equivalent,True,1.0,1.0,9.64522132396896e-07,8.981226558778868e-07,True,375,1.0679869651794434,n800_m800_rho0.75,800,800,0.75
True,4,4,0.38067511646235913,0.5796541771745227,0.5404865388024139,0.11108929509378813,-4.1364333152860295,0.42520940980677796,124.54155353753022,3.818847184944915e-23,equivalent,True,1.0,1.0,7.890339508883498e-07,8.93596507627514e-07,True,376,1.0999751091003418,n800_m800_rho0.75,800,800,0.75
True,4,4,0.4290186329548654,0.7362279496898462,0.6945914095753419,0.11978403838004985,-2.5496601596922295,0.4721277950819199,171.3514784034013,6.717618977411432e-33,equivalent,True,1.0,1.0,9.167397361876842e-07,9.064745025371568e-07,True,377,1.0196001529693604,n800_m800_rho0.75,800,800,0.75
True,4,4,0.40049373804644156,0.641580936857647,0.5991304941894093,0.12404607268794166,-3.231617874908817,0.44809823888274103,138.0606608825673,6.004595996510404e-26,equivalent,True,1.0,1.0,9.266623732532413e-07,7.052521660059247e-07,True,378,1.0588481426239014,n800_m800_rho0.75,800,800,0.75
True,4,4,0.4083451076804197,0.6669829078661342,0.6236829410052137,0.12684200764568185,-2.966817271183404,0.4561577241840315,134.82237796029284,2.82620579739045e-25,equivalent,True,1.0,1.0,8.699216274034217e-07,7.944245680559116e-07,True,379,1.0498089790344238,n800_m800_rho0.75,800,800,0.75
True,4,4,0.3455745271431417,0.4776870152408239,0.434270185074355,0.1035369883039152,-5.464035840650894,0.38877158326248656,107.05908328618867,1.5296886227694392e-19,equivalent,True,1.0,1.0,7.649200950829803e-07,8.888474925096109e-07,True,380,1.0788969993591309,n800_m800_rho0.75,800,800,0.75
True,4,4,0.3354738617074719,0.45017084755569586,0.4112065862960077,0.09306977538687973,-6.326365474252514,0.3755971059195863,116.13228038866217,2.0817939917226746e-21,equivalent,True,1.0,1.0,7.884850765373962e-07,9.649083840983606e-07,True,381,1.0120959281921387,n800_m800_rho0.75,800,800,0.75
True,4,4,0.34783201907303374,0.4839484539696932,0.44012194711980285,0.10013449263899149,-5.591260694740721,0.3888536133688336,124.49464556358082,3.90512917186835e-23,equivalent,True,1.0,1.0,9.85809484233447e-07,9.6967162711078e-07,True,382,1.0296528339385986,n800_m800_rho0.75,800,800,0.75
True,4,4,0.4287820192520866,0.735416080135587,0.6956717819377125,0.1279753276082416,-2.378022574741108,0.47596545665479534,168.82525237828338,2.2733021737832126e-32,equivalent,True,1.0,1.0,9.818649319777786e-07,8.135993837585838e-07,True,383,1.1343050003051758,n800_m800_rho0.75,800,800,0.75
True,4,4,0.3814606975420681,0.5820490550771246,0.5434205902357189,0.11383118105496752,-4.011022336171713,0.4273921563547206,123.83461618374697,5.34744589166915e-23,equivalent,True,1.0,1.0,8.6204774095143e-07,8.614142706370693e-07,True,384,0.9456419944763184,n800_m800_rho0.75,800,800,0.75
True,4,4,0.37673987402420933,0.5677317307191084,0.5323037712170159,0.09998944786251619,-4.67745585940287,0.4173642824890957,154.3033318294137,2.479338239022635e-29,equivalent,True,1.0,1.0,9.849197962844808e-07,7.796654760159698e-07,True,385,1.06483793258667,n800_m800_rho0.75,800,800,0.75
True,4,4,0.4519669064710713,0.8170963381801205,0.7674428645727152,0.14742831584303132,-1.5774251648841406,0.5024790703607644,163.97660299886616,2.355174618995329e-31,inconclusive,True,1.0,1.0,7.538545097263685e-07,9.383711965791165e-07,True,386,1.0742719173431396,n800_m800_rho0.75,800,800,0.75
True,4,4,0.381059883668188,0.5808265397648519,0.544685469049834,0.10372411830992512,-4.389668848181456,0.4228760046556963,144.45221452703197,2.809906589433606e-27,equivalent,True,1.0,1.0,8.26486635227567e-07,6.839970743930684e-07,True,387,1.0215871334075928,n800_m800_rho0.75,800,800,0.75
True,4,4,0.33236050125443,0.4418540111763839,0.40346162889771553,0.09094274849394496,-6.559493538311111,0.3718363681120085,119.0182847417514,5.286633534403671e-22,equivalent,True,1.0,1.0,9.234465776640133e-07,9.187335695193652e-07,True,388,1.0761520862579346,n800_m800_rho0.75,800,800,0.75
True,4,4,0.37065312170623893,0.5495349465223198,0.5002464987289887,0.12334323791366336,-4.051730031773805,0.4192636613669304,106.97444827194761,1.5921005679415755e-19,equivalent,True,1.0,1.0,9.69002054014716e-07,9.95651231837966e-07,True,389,1.190464735031128,n800_m800_rho0.75,800,800,0.75
True,4,4,0.40428143797834293,0.6537739243753469,0.6119846424482102,0.12077635318993639,-3.2126765488736497,0.45017887140631363,135.07849787801322,2.5004812560821626e-25,equivalent,True,1.0,1.0,9.70717103028808e-07,7.31877817313243e-07,True,390,1.0092451572418213,n800_m800_rho0.75,800,800,0.75
True,4,4,0.39780407375154697,0.6329923243733049,0.5923157408330091,0.1119773201636696,-3.6407752799504998,0.44059676634098416,145.85675510016603,1.4326193127078418e-27,equivalent,True,1.0,1.0,9.930397438420589e-07,9.079634332228698e-07,True,391,1.1691901683807373,n800_m800_rho0.75,800,800,0.75
True,4,4,0.3992154007865071,0.637491744900526,0.5918527718221076,0.12368514985428582,-3.2998886985117695,0.4458970562697084,119.31115251268977,4.59971837228926e-22,equivalent,True,1.0,1.0,7.706508493542142e-07,9.686072540602912e-07,True,392,1.1123650074005127,n800_m800_rho0.75,800,800,0.75
True,4,4,0.36664988420393446,0.5377285503470342,0.5011202922356677,0.10279773509085238,-4.853022367889951,0.40933101508505704,121.03412249947127,2.0274847813552957e-22,equivalent,True,1.0,1.0,8.828952407520859e-07,6.876765663182527e-07,True,393,1.071484088897705,n800_m800_rho0.75,800,800,0.75
True,4,4,0.4331251615300891,0.7503896222018631,0.7067492805556442,0.13905924652097615,-2.10881855598233,0.4836014336612358,130.10909927448787,2.6855085734552444e-24,equivalent,True,1.0,1.0,8.19998568055091e-07,9.116561481292906e-07,True,394,1.082556962966919,n800_m800_rho0.75,800,800,0.75
True,4,4,0.38734580616077813,0.6001470942013725,0.5549703978840652,0.1235719184241259,-3.601381347730604,0.4353814752872876,126.36937138064863,1.5984611900478108e-23,equivalent,True,1.0,1.0,8.161230126241472e-07,8.395960308540311e-07,True,395,1.055940866470337,n800_m800_rho0.75,800,800,0.75
True,4,4,0.4011887728647562,0.6438097258909157,0.5983835442353752,0.12729151686532394,-3.155092072549816,0.44937719608127025,132.1943896745014,9.92217836713426e-25,equivalent,True,1.0,1.0,9.2005396977926e-07,9.302720359517262e-07,True,396,1.0645978450775146,n800_m800_rho0.75,800,800,0.75
True,4,4,0.36761453616022904,0.5405617887852014,0.5064130892973345,0.09648743821889037,-5.115556178234512,0.4077746933071413,139.88395118342788,2.508451836831456e-26,equivalent,True,1.0,1.0,9.134739360280648e-07,9.879211658079378e-07,True,397,1.0908992290496826,n800_m800_rho0.75,800,800,0.75
True,4,4,0.39919489742769365,0.6374262645292275,0.5945191392419388,0.12717865076786058,-3.188277736160184,0.44824920642100663,129.6198653599031,3.391803828720335e-24,equivalent,True,1.0,1.0,7.966290542088458e-07,9.919171622415058e-07,True,398,1.1648828983306885,n800_m800_rho0.75,800,800,0.75
True,4,4,0.4400863866640482,0.7747041109080726,0.737387182449967,0.13208070025949653,-1.9882754788101697,0.48852855631019415,168.29162463616632,2.9407475655721697e-32,equivalent,True,1.0,1.0,8.420213373996622e-07,9.614674826135841e-07,True,399,1.1049001216888428,n800_m800_rho0.75,800,800,0.75
True,4,4,0.4288851352567887,0.7357698369769357,0.6969516644998144,0.11769607507151314,-2.5748380760875063,0.471843321574849,190.885924412765,5.302120233415484e-37,equivalent,True,1.0,1.0,8.742609877122803e-07,9.613922844481185e-07,True,400,1.110826015472412,n800_m800_rho0.75,800,800,0.75
True,4,4,0.4112804834961448,0.6766065444192906,0.6310674550265857,0.12375207202517051,-2.9812231741734023,0.45678810720616053,128.9145767194101,4.748814406589917e-24,equivalent,True,1.0,1.0,8.865385414719251e-07,9.924325254261784e-07,True,401,1.0553548336029053,n800_m800_rho0.75,800,800,0.75
True,4,4,0.3320340916644748,0.4409865521098114,0.40170983489251116,0.09647548037526253,-6.201473812623767,0.3742986370198425,103.42374060263583,8.508807274324228e-19,equivalent,True,1.0,1.0,9.294298550496995e-07,9.996937477700495e-07,True,402,1.074355125427246,n800_m800_rho0.75,800,800,0.75
True,4,4,0.40079761795149427,0.6425549222223678,0.6043579214143341,0.1083622834020527,-3.6511050354829573,0.4423228504986329,163.98398563510148,2.346809984492596e-31,equivalent,True,1.0,1.0,9.81233629642062e-07,9.721041966134077e-07,True,403,1.0209879875183105,n800_m800_rho0.75,800,800,0.75
True,4,4,0.394572626464575,0.6227502302206123,0.5824067698295019,0.11349220440293625,-3.6794882288822137,0.4384874097030579,134.78282868768753,2.8801512915966454e-25,equivalent,True,1.0,1.0,6.834214744386868e-07,9.47468630306448e-07,True,404,1.1128768920898438,n800_m800_rho0.75,800,800,0.75
True,4,4,0.4000120621035805,0.6400385993134349,0.5940815569153618,0.12173677494474222,-3.3343945842896647,0.44562336471413727,135.24784159521545,2.3059981186266004e-25,equivalent,True,1.0,1.0,9.411281051440469e-07,8.469055505700953e-07,True,405,1.08418607711792,n800_m800_rho0.75,800,800,0.75
True,4,4,0.3672542601707543,0.5395027664542724,0.5023439741836442,0.10748630462573254,-4.629948229676281,0.4120507287321827,112.95503979779659,9.394341286721967e-21,equivalent,True,1.0,1.0,9.318574263563299e-07,9.935128563114364e-07,True,406,1.035752296447754,n800_m800_rho0.75,800,800,0.75
True,4,4,0.44203861861347954,0.7815925613828529,0.7407851329791295,0.12458114765471652,-2.0806909544556347,0.48623628143855296,171.47364275009636,6.332939143669754e-33,equivalent,True,1.0,1.0,8.384036113880423e-07,8.832251997072478e-07,True,407,1.0008039474487305,n800_m800_rho0.75,800,800,0.75
True,4,4,0.3681507949316893,0.5421400312353389,0.4937459275505063,0.1286597792638098,-3.9348277709341284,0.4199322660011254,106.27738850989499,2.2129935582276284e-19,equivalent,True,1.0,1.0,9.166737231080396e-07,9.576238084826128e-07,True,408,1.1568641662597656,n800_m800_rho0.75,800,800,0.75
True,4,4,0.33197215183728235,0.4408220383819026,0.40122375478958183,0.09795708183164935,-6.112638657810212,0.37494960198870475,93.32168606968528,9.825812141260648e-17,equivalent,True,1.0,1.0,8.340650062955556e-07,9.596662344888784e-07,True,409,1.022217035293579,n800_m800_rho0.75,800,800,0.75
True,4,4,0.3638247923159432,0.5294739180149569,0.48552836745261524,0.10184165649388391,-5.051681701370218,0.4040553753853938,135.9205685645101,1.671652338098436e-25,equivalent,True,1.0,1.0,9.455840691070097e-07,9.965117718895425e-07,True,410,1.1746621131896973,n800_m800_rho0.75,800,800,0.75
True,4,4,0.3965988869577398,0.6291627085444724,0.5884725856331958,0.1097781977184841,-3.7487171671567032,0.43847509972364457,149.3073220805182,2.7346083627512927e-28,equivalent,True,1.0,1.0,9.811549437669673e-07,9.157727633217568e-07,True,411,1.0738799571990967,n800_m800_rho0.75,800,800,0.75
True,4,4,0.3451706702394457,0.4765711663741927,0.43487228932487937,0.10665138164686026,-5.298831594571824,0.3906079240255192,96.67391476791474,2.0390793380879548e-17,equivalent,True,1.0,1.0,9.41192266551331e-07,8.194053836549661e-07,True,412,1.1168057918548584,n800_m800_rho0.75,800,800,0.75
True,4,4,0.4261645185316347,0.7264647874212,0.6839774596636079,0.12345072439240529,-2.5599083512209337,0.4709128983767174,167.33344215543792,4.6684728180465215e-32,equivalent,True,1.0,1.0,8.531301303838322e-07,7.700288132785649e-07,True,413,1.1176271438598633,n800_m800_rho0.75,800,800,0.75
True,4,4,0.42654579475583687,0.7277652600955541,0.6867096509844319,0.12693442441346545,-2.4681275427309033,0.4731538331679027,158.21573674117832,3.775445772569786e-30,equivalent,True,1.0,1.0,9.952858829161428e-07,7.72032037151835e-07,True,414,0.9996762275695801,n800_m800_rho0.75,800,800,0.75
True,4,4,0.33070298347313387,0.43745785311212737,0.39468676906668343,0.1008300547217253,-6.003301620770548,0.3743452451552673,91.71567249796371,2.0844506747893967e-16,equivalent,True,1.0,1.0,8.060337657844621e-07,9.53386455988341e-07,True,415,1.022961139678955,n800_m800_rho0.75,800,800,0.75
True,4,4,0.42699967571262204,0.7293148922347374,0.6937276834895367,0.11627350018245361,-2.6340680897183626,0.47036703009006386,166.9231153438841,5.690050232185151e-32,equivalent,True,1.0,1.0,8.843968842405052e-07,7.842220598140716e-07,True,416,0.9599471092224121,n800_m800_rho0.75,800,800,0.75
True,4,4,0.4150155451514989,0.6889516108695832,0.6514038835713029,0.1262047078586242,-2.762148277536509,0.46340914833193353,150.08699385283649,1.8805530888040547e-28,equivalent,True,1.0,1.0,9.292642780530558e-07,8.447588564230256e-07,True,417,1.0046319961547852,n800_m800_rho0.75,800,800,0.75
True,4,4,0.346859190939884,0.4812451933578836,0.43325878276268565,0.11056076495880293,-5.126060926301414,0.3921463559704788,96.67550711816789,2.0375550773125384e-17,equivalent,True,1.0,1.0,9.476336257392263e-07,8.302160983632857e-07,True,418,1.1071109771728516,n800_m800_rho0.75,800,800,0.75
True,4,4,0.39639446844619997,0.6285142984589817,0.5805508984383166,0.1210451548997149,-3.465228343168251,0.44148965460699513,135.61120166364043,1.9382046212518614e-25,equivalent,True,1.0,1.0,8.986143280033113e-07,9.356550208396602e-07,True,419,1.1191959381103516,n800_m800_rho0.75,800,800,0.75
True,4,4,0.4038971531641838,0.6525316413365285,0.6123874115130943,0.11228866442770975,-3.451929813774271,0.4463983166586063,146.63627668883893,9.856171550216302e-28,equivalent,True,1.0,1.0,9.986504540377056e-07,9.926814277634375e-07,True,420,1.0532598495483398,n800_m800_rho0.75,800,800,0.75
True,4,4,0.3576628794508037,0.5116909413481606,0.4640742521466375,0.10821074713254102,-4.952611104301298,0.40064482151986136,108.91487502210394,6.361976284860245e-20,equivalent,True,1.0,1.0,8.447623397121126e-07,6.923454228399765e-07,True,421,1.2546968460083008,n800_m800_rho0.75,800,800,0.75
True,4,4,0.38925049881589185,0.6060638033136825,0.5637602321020377,0.10884930059464565,-4.007740660847398,0.43092963433032533,136.70917497977445,1.1463772343452555e-25,equivalent,True,1.0,1.0,9.852420660694756e-07,7.813963482209137e-07,True,422,1.0157136917114258,n800_m800_rho0.75,800,800,0.75
True,4,4,0.43030828459087817,0.7406608791501768,0.6986538117265672,0.13588975638039538,-2.217578398108804,0.48014908371630066,149.4880581217617,2.507284500153195e-28,equivalent,True,1.0,1.0,8.189193535990524e-07,8.320051893973519e-07,True,423,1.0278759002685547,n800_m800_rho0.75,800,800,0.75
True,4,4,0.3921510694248388,0.615129845004179,0.575580393358357,0.11365033493163251,-3.734433399575609,0.43661154330105106,133.63915198637727,4.97538600690491e-25,equivalent,True,1.0,1.0,9.62031218166424e-07,8.551675084029171e-07,True,424,1.0137310028076172,n800_m800_rho0.75,800,800,0.75
True,4,4,0.39137828876834235,0.6127078596769439,0.5727279560590198,0.11675508107067996,-3.6595584536686907,0.43725649641347264,133.0373397432092,6.633116698922172e-25,equivalent,True,1.0,1.0,9.647518832401244e-07,8.171926822978385e-07,True,425,1.0844652652740479,n800_m800_rho0.75,800,800,0.75
True,4,4,0.399849378946749,0.6395181033764035,0.6003538051648158,0.11120982707759448,-3.5936230217887024,0.4425148846609691,154.95528427664078,1.8121219947211928e-29,equivalent,True,1.0,1.0,8.706639733983629e-07,9.740205751282996e-07,True,426,1.0680649280548096,n800_m800_rho0.75,800,800,0.75
True,4,4,0.4494248043992714,0.8079306192372935,0.7667637088025835,0.1335462001371023,-1.746483920605525,0.49659532329243783,176.26236271762951,6.269273063582201e-34,equivalent,True,1.0,1.0,9.619543718445315e-07,9.554606148253147e-07,True,427,1.214991807937622,n800_m800_rho0.75,800,800,0.75
True,4,4,0.39604078126574827,0.627393201702337,0.5858222660524999,0.11312293903654175,-3.6613063404736117,0.4392871904057088,151.46210144543628,9.714219309431401e-29,equivalent,True,1.0,1.0,9.519929465190407e-07,9.862215188100486e-07,True,428,1.1017019748687744,n800_m800_rho0.75,800,800,0.75
True,4,4,0.35632536947140836,0.5078710757157427,0.46313969977170155,0.1050811526555484,-5.109006578830591,0.39874265348762905,108.06398368913054,9.513355798585718e-20,equivalent,True,1.0,1.0,8.208046196328381e-07,9.825061849128772e-07,True,429,1.011329174041748,n800_m800_rho0.75,800,800,0.75
True,4,4,0.3947257827994991,0.6232337744267094,0.5846425776470772,0.11749099032075691,-3.5352278606127507,0.4409926471071526,132.55130184829022,8.366881440348718e-25,equivalent,True,1.0,1.0,9.56803284062296e-07,9.703923355693115e-07,True,430,1.0084271430969238,n800_m800_rho0.75,800,800,0.75
True,4,4,0.4222311829713932,0.7131166874936885,0.6723549700880447,0.11861966301618282,-2.7621477045273344,0.46568952989840084,163.82630545076293,2.5320939578159772e-31,equivalent,True,1.0,1.0,8.947734679664033e-07,8.762353294459743e-07,True,431,1.0365540981292725,n800_m800_rho0.75,800,800,0.75
True,4,4,0.3559555527303319,0.5068174220782244,0.4565522408257233,0.12351093509351907,-4.3999971238400315,0.4061125614846412,88.34598314635969,1.007038881239727e-15,equivalent,True,1.0,1.0,9.724513250496852e-07,9.359631354154269e-07,True,432,1.1006720066070557,n800_m800_rho0.75,800,800,0.75
True,4,4,0.4332017911961928,0.7506551675823592,0.713784794719303,0.12010996620503334,-2.382943017335583,0.47732277032021814,176.2179663156004,6.405208929476526e-34,equivalent,True,1.0,1.0,9.247586355891792e-07,9.538946785669095e-07,True,433,1.0825860500335693,n800_m800_rho0.75,800,800,0.75
True,4,4,0.3384150298902284,0.45809892982241684,0.42014671321259345,0.09872328054713696,-5.873521256321569,0.3816189392853489,96.93230623964635,1.80604932454402e-17,equivalent,True,1.0,1.0,8.429003487096816e-07,8.996959317095407e-07,True,434,1.0903658866882324,n800_m800_rho0.75,800,800,0.75
True,4,4,0.32407943511084136,0.4201099210470482,0.3731771689742139,0.0938895125272595,-6.676175156877048,0.36318441396464907,94.75508494052607,5.018095223494577e-17,equivalent,True,1.0,1.0,7.711966260154311e-07,8.981735232143866e-07,True,435,1.11403226852417,n800_m800_rho0.75,800,800,0.75
True,4,4,0.40320222166764014,0.6502881262308832,0.6002163689962381,0.13141237712421505,-3.042206828249321,0.45176611596469857,135.420662517278,2.123098781714666e-25,equivalent,True,1.0,1.0,9.447549031143448e-07,8.608713414327125e-07,True,436,1.314465045928955,n800_m800_rho0.75,800,800,0.75
True,4,4,0.36560971856968644,0.5346818652504213,0.49313355375457385,0.10501213743705448,-4.826741542607377,0.4080021902183368,132.05857256130517,1.0587188127015357e-24,equivalent,True,1.0,1.0,9.461656098620072e-07,9.394322933955837e-07,True,437,1.014017105102539,n800_m800_rho0.75,800,800,0.75
True,4,4,0.38616807377901724,0.5965031248247861,0.5527947694676028,0.12019873330772914,-3.720548613332522,0.4331581962469929,127.35640116948008,9.984951324404515e-24,equivalent,True,1.0,1.0,9.586663159892861e-07,6.530653742634299e-07,True,438,1.0696568489074707,n800_m800_rho0.75,800,800,0.75
True,4,4,0.3923446934939414,0.6157374340514193,0.5780222758403719,0.10803172855819851,-3.906053617686045,0.43466040088359836,158.2399261342365,3.731747147075628e-30,equivalent,True,1.0,1.0,8.549633359636973e-07,9.646249052847795e-07,True,439,1.0212481021881104,n800_m800_rho0.75,800,800,0.75
True,4,4,0.34289586276544715,0.47031029080664144,0.4295952770486045,0.09791603513949464,-5.825447508559521,0.38426970430431734,110.07592193579734,3.673098797167562e-20,equivalent,True,1.0,1.0,7.649126129648405e-07,9.793269061053038e-07,True,440,1.1159002780914307,n800_m800_rho0.75,800,800,0.75
True,4,4,0.36326543286461155,0.5278470988572543,0.4942039167984755,0.09455271811469294,-5.349355293921759,0.40302893758623226,141.4037429663155,1.2113322538963745e-26,equivalent,True,1.0,1.0,8.995931100528419e-07,8.058209724214726e-07,True,441,1.0761709213256836,n800_m800_rho0.75,800,800,0.75
True,4,4,0.3885912014462814,0.6040124873658578,0.5622230890317801,0.11645167586073761,-3.759301081177648,0.43409936950999234,124.53275874900726,3.834877847223798e-23,equivalent,True,1.0,1.0,9.442852705470826e-07,9.925054458992286e-07,True,442,1.2565350532531738,n800_m800_rho0.75,800,800,0.75
True,4,4,0.38336372161883564,0.5878709722137765,0.5474485297628611,0.11840909714107156,-3.821931601234769,0.4307592606837959,121.52512948623405,1.605178159225106e-22,equivalent,True,1.0,1.0,8.961665279293855e-07,9.615774028867933e-07,True,443,1.1274402141571045,n800_m800_rho0.75,800,800,0.75
True,4,4,0.37152006679249894,0.5521086401180115,0.5134280508793442,0.10495176999368423,-4.6361481006936485,0.4141431969767318,135.3084360056622,2.2401437262891787e-25,equivalent,True,1.0,1.0,9.822364164461251e-07,7.708371455345734e-07,True,444,1.0175158977508545,n800_m800_rho0.75,800,800,0.75
True,4,4,0.3617551937442009,0.5234672808036174,0.4824085278292417,0.1072645153727702,-4.825374639245816,0.4058457080539767,110.466847196468,3.0526565289685256e-20,equivalent,True,1.0,1.0,9.732643456766345e-07,9.458561595208505e-07,True,445,1.0380949974060059,n800_m800_rho0.75,800,800,0.75
True,4,4,0.3487822436458813,0.4865962139306195,0.45006668816915807,0.10128012062200427,-5.42982481116203,0.39263776624019003,106.61712354911504,1.8848915731422524e-19,equivalent,True,1.0,1.0,9.94432793594883e-07,8.502372549418157e-07,True,446,0.896003007888794,n800_m800_rho0.75,800,800,0.75
True,4,4,0.3793661335839007,0.575674653241592,0.5305271548856223,0.1172108923940049,-4.005368746244528,0.4252416713934912,118.5643196344047,6.559377467670819e-22,equivalent,True,1.0,1.0,7.755444535093162e-07,8.888012622776789e-07,True,447,1.0126850605010986,n800_m800_rho0.75,800,800,0.75
True,4,4,0.34092654753676094,0.4649236432613412,0.41071863439054657,0.10811895805188161,-5.4503056284234885,0.38358783045229616,99.75464715745764,4.7916462645828335e-18,equivalent,True,1.0,1.0,9.789855169504909e-07,8.435345637856286e-07,True,448,1.1238651275634766,n800_m800_rho0.75,800,800,0.75
True,4,4,0.3454130395467216,0.4772406715556203,0.4386507152729147,0.10336360026913465,-5.430821713499366,0.3900861148741272,104.11604767290862,6.138437571874561e-19,equivalent,True,1.0,1.0,8.061548778546533e-07,9.358484663211888e-07,True,449,1.033432960510254,n800_m800_rho0.75,800,800,0.75
True,4,4,0.42898416324395316,0.7361096492564587,0.6963599055675602,0.11888972850643209,-2.553964066088455,0.4722065508621838,170.1674005178127,1.1896169698737914e-32,equivalent,True,1.0,1.0,8.547480960641618e-07,8.152643330123684e-07,True,450,1.1324067115783691,n800_m800_rho0.75,800,800,0.75
True,4,4,0.4044772609665722,0.6544074185560822,0.6094267532514467,0.135462141737285,-2.88326496052329,0.456136533398344,124.6170440325794,3.6839723231137143e-23,equivalent,True,1.0,1.0,9.356260449764637e-07,9.046137215508521e-07,True,451,1.3011729717254639,n800_m800_rho0.75,800,800,0.75
True,4,4,0.37962754853384917,0.5764683024232801,0.5344307509587896,0.11306265741402353,-4.117798570188784,0.42438257300430526,127.72931736680687,8.358282377653245e-24,equivalent,True,1.0,1.0,9.48218495315753e-07,9.520828016308025e-07,True,452,1.062877893447876,n800_m800_rho0.75,800,800,0.75
True,4,4,0.3653447086437291,0.5339070245358852,0.49691117035399407,0.100111988509471,-5.025260582037201,0.4066880677359251,151.64339000816935,8.903879712173525e-29,equivalent,True,1.0,1.0,9.966650420402779e-07,8.521287274857317e-07,True,453,0.9998760223388672,n800_m800_rho0.75,800,800,0.75
True,4,4,0.39570618192021884,0.6263335296395093,0.5854440855422902,0.11063780561760696,-3.7469643594570456,0.43801457777977065,150.9137508850043,1.2642079774933708e-28,equivalent,True,1.0,1.0,8.980642135104598e-07,8.205508863077492e-07,True,454,0.9644849300384521,n800_m800_rho0.75,800,800,0.75
True,4,4,0.35199305565496924,0.49559644491728905,0.4557480288607479,0.09618849881629889,-5.658181360940733,0.3917792841670404,123.1617159924045,7.366862450499733e-23,equivalent,True,1.0,1.0,9.662738253760653e-07,9.749047162002614e-07,True,455,0.9114408493041992,n800_m800_rho0.75,800,800,0.75
True,4,4,0.3229475186746114,0.4171803992723539,0.3779156560135756,0.0901180410672209,-6.902994523842334,0.3626798321925123,113.00929476061599,9.155865677522264e-21,equivalent,True,1.0,1.0,7.735925656103804e-07,9.65469350438029e-07,True,456,1.0040700435638428,n800_m800_rho0.75,800,800,0.75
True,4,4,0.2739635460647119,0.3002240982894061,0.2557545537685604,0.0765841483396833,-9.718009044513941,0.30891919167157533,75.76858901280116,3.4602458671078063e-13,equivalent,True,1.0,1.0,8.438042391626318e-07,9.464843702982723e-07,True,457,1.0097672939300537,n800_m800_rho0.75,800,800,0.75
True,4,4,0.41719412649811016,0.6962037567380845,0.6575879526646744,0.12053600071881096,-2.8407450495567046,0.4625613555587074,144.48157991167045,2.770616326218729e-27,equivalent,True,1.0,1.0,9.318335931743332e-07,9.28994559253102e-07,True,458,1.024996042251587,n800_m800_rho0.75,800,800,0.75
True,4,4,0.41989733344697855,0.7052550825435323,0.6576983306875722,0.13852657812260352,-2.4710180093344416,0.47051946695692437,134.60061197637486,3.1422960849137757e-25,equivalent,True,1.0,1.0,9.299159730180033e-07,8.738023885985576e-07,True,459,1.0776269435882568,n800_m800_rho0.75,800,800,0.75
True,4,4,0.38806143695706724,0.6023667154127355,0.5626892911998768,0.11297347865433464,-3.870914784682911,0.43258355473647625,133.16184185103984,6.2500356980921e-25,equivalent,True,1.0,1.0,8.697356427444904e-07,9.546734955173201e-07,True,460,0.9702539443969727,n800_m800_rho0.75,800,800,0.75
True,4,4,0.43114424148893793,0.7435414278762865,0.7025070195839289,0.13074622101827574,-2.275346683821075,0.47894817450222066,156.56549689625123,8.352723979109737e-30,equivalent,True,1.0,1.0,9.444907887320897e-07,9.554254946193585e-07,True,461,1.0122900009155273,n800_m800_rho0.75,800,800,0.75
True,4,4,0.3090782841751844,0.3821175429947042,0.3391181351580833,0.0870506697258533,-7.591921658078185,0.3472404588268797,92.29664784627894,1.5881045107099169e-16,equivalent,True,1.0,1.0,9.846573873298911e-07,9.225788393216823e-07,True,462,1.0371551513671875,n800_m800_rho0.75,800,800,0.75
True,4,4,0.3558992682121727,0.5066571564558402,0.4735149097999486,0.09298284801987021,-5.662174276351944,0.39574552575162164,130.11225399298803,2.6814678997883156e-24,equivalent,True,1.0,1.0,8.851507119984105e-07,9.334778997420892e-07,True,463,0.9822678565979004,n800_m800_rho0.75,800,800,0.75
True,4,4,0.3763956281799338,0.566694675651868,0.5252847735700696,0.11844336353660133,-4.00795124568743,0.4242955248619705,118.26083096905809,7.576740139585698e-22,equivalent,True,1.0,1.0,8.721009532679161e-07,9.837011926968253e-07,True,464,1.018388032913208,n800_m800_rho0.75,800,800,0.75
True,4,4,0.4019632779709034,0.6462979073484552,0.6016295007127761,0.12040328820057825,-3.308634716217914,0.4471228259679829,134.32087952446605,3.591869928009182e-25,equivalent,True,1.0,1.0,9.847893727109193e-07,9.821994347221934e-07,True,465,1.0381999015808105,n800_m800_rho0.75,800,800,0.75
True,4,4,0.39874692928154315,0.63599645444584,0.5978805112013553,0.11204866239524053,-3.5887932992917677,0.44220587963561375,139.2928422768162,3.3290958325559466e-26,equivalent,True,1.0,1.0,9.352122823401251e-07,9.162101647387857e-07,True,466,0.9697809219360352,n800_m800_rho0.75,800,800,0.75
True,4,4,0.35139398024352386,0.4939109174055441,0.4411858605597275,0.114005800583775,-4.90162900991725,0.39645577153809225,103.25425786671398,9.216726265561094e-19,equivalent,True,1.0,1.0,8.732642661871974e-07,9.10937125289217e-07,True,467,1.085935115814209,n800_m800_rho0.75,800,800,0.75
True,4,4,0.4039113594036945,0.6525775450213618,0.6023580866151368,0.135286444699647,-2.9392590977438906,0.45411575778008434,132.67310854836998,7.893907626278644e-25,equivalent,True,1.0,1.0,9.837391729716124e-07,7.32981458977687e-07,True,468,1.0388119220733643,n800_m800_rho0.75,800,800,0.75
True,4,4,0.38570308372376694,0.5950674751760927,0.5564411641493234,0.10725505153919813,-4.135551934246851,0.4280362206292946,155.5644673905076,1.3519180869971927e-29,equivalent,True,1.0,1.0,8.964782576808993e-07,9.366849165311066e-07,True,469,0.9914069175720215,n800_m800_rho0.75,800,800,0.75
True,4,4,0.39723873938339854,0.6311944642676465,0.5836757826812826,0.13067340504259364,-3.185990425389271,0.44682614261916553,107.9187713195123,1.018936862660945e-19,equivalent,True,1.0,1.0,9.967242825067384e-07,9.605047809301548e-07,True,470,0.9709551334381104,n800_m800_rho0.75,800,800,0.75
True,4,4,0.38920171529405384,0.605911900751335,0.5661668267874875,0.11585994117383146,-3.7444622258318527,0.4349538686015013,129.9629732782986,2.879493835732963e-24,equivalent,True,1.0,1.0,8.549619304577448e-07,9.819293782599092e-07,True,471,1.063291072845459,n800_m800_rho0.75,800,800,0.75
True,4,4,0.36604109342960284,0.5359443283165569,0.49789224262268345,0.09948894947691976,-5.046869627403186,0.4066746248573258,130.19146275379876,2.5819819015058877e-24,equivalent,True,1.0,1.0,8.19570717380184e-07,8.251758236873117e-07,True,472,0.9838240146636963,n800_m800_rho0.75,800,800,0.75
True,4,4,0.427076855924006,0.7295785634637368,0.6872464479744115,0.12467702418425232,-2.5085099205078056,0.4723139589831628,172.88951898459305,3.19697859246572e-33,equivalent,True,1.0,1.0,9.924073733921172e-07,9.196541170644509e-07,True,473,1.0215709209442139,n800_m800_rho0.75,800,800,0.75
True,4,4,0.39964647365912903,0.6388692156327077,0.5961163974642292,0.12296463255767441,-3.2845509650617326,0.44675922467070417,132.9060553917971,7.062507915967643e-25,equivalent,True,1.0,1.0,9.882412798436584e-07,9.52971994257579e-07,True,474,0.999675989151001,n800_m800_rho0.75,800,800,0.75
True,4,4,0.3449528068666914,0.4759697558608355,0.4403127204134812,0.09013560840997686,-6.209391487555196,0.3835924278528283,129.51794515798207,3.560849411718958e-24,equivalent,True,1.0,1.0,7.442657393142135e-07,9.177710857329297e-07,True,475,0.9010448455810547,n800_m800_rho0.75,800,800,0.75
True,4,4,0.3925288120983894,0.6163154733094909,0.5696527327007099,0.11367606225155877,-3.7857334145420665,0.43492333117250326,142.5670411560764,6.937110131835827e-27,equivalent,True,1.0,1.0,9.680480112759558e-07,8.072129441737001e-07,True,476,1.0563640594482422,n800_m800_rho0.75,800,800,0.75
True,4,4,0.44814453349636696,0.8033340916107055,0.7628885470144822,0.12382848616724455,-1.914837694658333,0.49157102274406506,185.2609615363416,8.078737675129283e-36,equivalent,True,1.0,1.0,8.299175564161088e-07,9.37830747537963e-07,True,477,0.9634890556335449,n800_m800_rho0.75,800,800,0.75
True,4,4,0.37914421433014234,0.5750013410400837,0.5248033584092214,0.1228858472214134,-3.866976159871187,0.4263017094477712,103.90377608917281,6.7849251404815575e-19,equivalent,True,1.0,1.0,9.399787098267049e-07,9.34010171086231e-07,True,478,1.1007359027862549,n800_m800_rho0.75,800,800,0.75
True,4,4,0.4029117168509756,0.649351406303203,0.6052824986304667,0.12237798853790299,-3.22539621777883,0.4490479865604739,129.16601012962417,4.2119756395266964e-24,equivalent,True,1.0,1.0,7.819432711600896e-07,8.836321022735823e-07,True,479,0.9952070713043213,n800_m800_rho0.75,800,800,0.75
True,4,4,0.3910721699249927,0.6117497683593695,0.564924775425707,0.12773852341214403,-3.4059828856056016,0.44018063024217613,112.93169081516413,9.498871286611514e-21,equivalent,True,1.0,1.0,7.625724695762895e-07,9.89744258542715e-07,True,480,1.0427072048187256,n800_m800_rho0.75,800,800,0.75
True,4,4,0.36765835309006767,0.5406906583876036,0.5038165543952761,0.10009270624511991,-4.957238786107012,0.4087953049185955,147.212358935207,7.475696779418224e-28,equivalent,True,1.0,1.0,8.357241883314036e-07,8.937738498241532e-07,True,481,0.963900089263916,n800_m800_rho0.75,800,800,0.75
True,4,4,0.37168850723504304,0.5526093856424585,0.5081137004548625,0.113868871192797,-4.3197609179096945,0.41695663030859836,113.17084008561795,8.481017344984367e-21,equivalent,True,1.0,1.0,9.772189547602456e-07,8.511546318415753e-07,True,482,1.0275630950927734,n800_m800_rho0.75,800,800,0.75
True,4,4,0.37023822043920573,0.5483053594959596,0.5051732230306533,0.11152919042077322,-4.436746784429103,0.41491638205945286,118.70199853845301,6.14401381060983e-22,equivalent,True,1.0,1.0,8.407259839004103e-07,9.997388412789624e-07,True,483,1.1286089420318604,n800_m800_rho0.75,800,800,0.75
True,4,4,0.43729003781595943,0.764890308692333,0.7229022417752072,0.13217876125400593,-2.096386405772847,0.48484970780382336,148.9178416226144,3.2969537683171506e-28,equivalent,True,1.0,1.0,8.815965977465942e-07,6.877362995381398e-07,True,484,1.0047168731689453,n800_m800_rho0.75,800,800,0.75
True,4,4,0.3825139069733005,0.5852675561119152,0.5438232340279325,0.10988798703520926,-4.15128876485747,0.42560923628993086,137.92057302234946,6.420964009027868e-26,equivalent,True,1.0,1.0,9.678346964563152e-07,7.389589574546683e-07,True,485,0.9826481342315674,n800_m800_rho0.75,800,800,0.75
True,4,4,0.4120086863237119,0.6790046304247632,0.639400329836728,0.11886729962317566,-3.0336322210264592,0.4568696856730144,145.31462144760533,1.8581016062994872e-27,equivalent,True,1.0,1.0,8.405847555868358e-07,9.160665466400333e-07,True,486,0.9441342353820801,n800_m800_rho0.75,800,800,0.75
True,4,4,0.3779158667860289,0.5712816094745421,0.527916612721555,0.12601887274794396,-3.7461324401994953,0.42871879263257945,102.34133931829616,1.4173367567856823e-18,equivalent,True,1.0,1.0,9.991078761124712e-07,9.527961292327667e-07,True,487,0.9155998229980469,n800_m800_rho0.75,800,800,0.75
True,4,4,0.3093478383782558,0.38278434043719795,0.3382839926735953,0.0883783996448959,-7.487304703243975,0.3477260142244426,100.14431058225082,3.9888370479396715e-18,equivalent,True,1.0,1.0,9.255260747687714e-07,9.992946024616484e-07,True,488,1.1217968463897705,n800_m800_rho0.75,800,800,0.75
True,4,4,0.4794631284333771,0.9195395661084842,0.8746689537536286,0.1475460188196447,-0.8494369909063547,0.5285263848549502,185.70777831163545,6.50762956718718e-36,inconclusive,True,1.0,1.0,9.15238701256781e-07,9.085905935185628e-07,True,489,1.0996830463409424,n800_m800_rho0.75,800,800,0.75
True,4,4,0.3620058574427407,0.5241929632914156,0.48260603660599466,0.10111188246265468,-5.1170441177880654,0.4027779422965535,121.47390379371782,1.6447755125096762e-22,equivalent,True,1.0,1.0,8.134814099708265e-07,8.907661608816782e-07,True,490,1.1501660346984863,n800_m800_rho0.75,800,800,0.75
True,4,4,0.40980173814207066,0.671749858337049,0.6268563464640482,0.1349081120014153,-2.765909684749255,0.46064097836459134,121.49627307449782,1.6273654638949397e-22,equivalent,True,1.0,1.0,8.941239565657726e-07,9.822805831323236e-07,True,491,1.2248990535736084,n800_m800_rho0.75,800,800,0.75
True,4,4,0.45952310206543723,0.844645925327369,0.7988732220834432,0.15065435291998847,-1.3350213519776217,0.5115363088041536,151.24367604170948,1.0789051799248735e-28,inconclusive,True,1.0,1.0,9.426113155899569e-07,9.20875699309274e-07,True,492,1.0702910423278809,n800_m800_rho0.75,800,800,0.75
True,4,4,0.34914413746760686,0.4876065149119967,0.4474641645431677,0.10332185220756934,-5.34771516045619,0.3928783170048113,101.4228063050115,2.1848337076983557e-18,equivalent,True,1.0,1.0,8.209461834401135e-07,9.033136658987436e-07,True,493,1.036180019378662,n800_m800_rho0.75,800,800,0.75
True,4,4,0.3824031181702203,0.5849285791452299,0.5496327878905523,0.10221980035074614,-4.405870590278064,0.4236063612729784,147.32086489225134,7.096376769173925e-28,equivalent,True,1.0,1.0,9.672752129492458e-07,8.861369276159155e-07,True,494,0.9167969226837158,n800_m800_rho0.75,800,800,0.75
True,4,4,0.42845855935772253,0.7343069483475801,0.6986169068958792,0.11780875401351708,-2.5582402227048497,0.4723333206596922,170.46271022782022,1.0316056377512396e-32,equivalent,True,1.0,1.0,9.406215446242079e-07,6.173304566906116e-07,True,495,0.9779500961303711,n800_m800_rho0.75,800,800,0.75
True,4,4,0.33233835837390385,0.44179513778664536,0.3963655503066861,0.10517200219690362,-5.739497557184336,0.37727910741717835,92.71726936117129,1.304174564156699e-16,equivalent,True,1.0,1.0,8.176367054788583e-07,9.528025550067678e-07,True,496,1.0204951763153076,n800_m800_rho0.75,800,800,0.75
True,4,4,0.4385281408194046,0.7692277211620941,0.7281861476886445,0.12891086193180773,-2.1085411131231258,0.4848261663964258,181.7253462522056,4.46955125679632e-35,equivalent,True,1.0,1.0,9.624316213299237e-07,9.74860433257385e-07,True,497,0.984266996383667,n800_m800_rho0.75,800,800,0.75
True,4,4,0.3537463072080159,0.500545799453232,0.453841621632999,0.11168113916986454,-4.890336742861354,0.39923074420021276,104.3633658807918,5.462408900257867e-19,equivalent,True,1.0,1.0,9.566404359902034e-07,9.93252025526296e-07,True,498,0.9648900032043457,n800_m800_rho0.75,800,800,0.75
True,4,4,0.40095857423338366,0.6430711130050714,0.6023461989349277,0.11748012787546018,-3.3848601312949045,0.44597752560123505,153.96266314689458,2.920580676819551e-29,equivalent,True,1.0,1.0,8.374402973107194e-07,8.537758000053535e-07,True,499,0.7990520000457764,n800_m800_rho0.75,800,800,0.75
