applicable,K_x,K_y,D_hat,Q_hat,Q_bc,s_Q,Z,U_D,T0,p_exact,decision,mt_reject,success_x,success_y,max_residual_x,max_residual_y,correct_cardinality,mmd_stat,mmd_p,energy_stat,energy_p,gec_stat,gec_p,mmd_reject,energy_reject,gec_reject,rep,seconds,name,family,lam,D,n
True,5,5,0.04485241218739535,0.010058694395140054,-0.01459752007911228,0.015238081345338945,,0.04575345514723462,5.277673170126707,0.871874140651941,,False,1.0,1.0,8.306051374752306e-07,9.468607296110567e-07,True,0.003510191133516659,1.5413612711874384e-21,0.15375478043473365,1.2421778918120663e-21,53.76872080479474,2.1099425371336325e-12,True,True,True,0,4.902557849884033,t5_lam1.00_D0.06_n1600,t5,1.0,0.06,1600
True,5,5,0.13295327480521082,0.08838286640714954,0.0667310900897595,0.034847710697440894,,0.15751220487403558,31.84358640847859,0.0004251887050835864,,True,1.0,1.0,7.695077314165403e-07,8.604180490747835e-07,True,0.003091948518799335,3.463575069408315e-19,0.13740719454440029,2.266696741462695e-19,33.239376372034414,6.055655070964223e-08,True,True,True,1,4.832361221313477,t5_lam1.00_D0.06_n1600,t5,1.0,0.06,1600
True,5,5,0.07516921619920072,0.028252055320010905,0.003118803355522254,0.021870038616454986,,0.08842150835104204,9.60481972488364,0.475820177322979,,False,1.0,1.0,9.522562873401556e-07,8.053283408150569e-07,True,0.0038428402396341404,2.0876322231757102e-23,0.1688726503173681,2.688434737040877e-23,26.833423990303842,1.4900334402291744e-06,True,True,True,2,4.842170238494873,t5_lam1.00_D0.06_n1600,t5,1.0,0.06,1600
True,5,5,0.07655596769167151,0.029304080946041262,0.002463659035648571,0.02340324152711002,,0.09050808333396171,12.409730251768057,0.2585700052234748,,False,1.0,1.0,9.806257166524581e-07,9.621051122817723e-07,True,0.0032737070377546495,3.2897428327458835e-20,0.14588877770595218,1.759734916520035e-20,61.77136850098509,3.859381939763742e-14,True,True,True,3,4.72797417640686,t5_lam1.00_D0.06_n1600,t5,1.0,0.06,1600
True,5,5,0.07251170655629477,0.02628973793853101,0.0023738945074690716,0.018538204142621775,,0.08107592346514136,14.582544405481665,0.14803887448635591,,False,1.0,1.0,9.628765601143065e-07,9.213010150219401e-07,True,0.0035088246992389105,1.5688530914625698e-21,0.15508538599790953,1.147491485624347e-21,63.11662819188585,1.9696920406242322e-14,True,True,True,4,5.161257982254028,t5_lam1.00_D0.06_n1600,t5,1.0,0.06,1600
True,5,5,0.08965408807870437,0.04018927754612041,0.016553891311308813,0.022297222516889065,,0.10317902755808257,19.969478458852997,0.029542695786914968,,True,1.0,1.0,8.620142071180055e-07,8.575517699103032e-07,True,0.0026349250805927037,1.2986662666618302e-16,0.11927896806601769,4.474677855613376e-17,45.422557287482476,1.3696733574581816e-10,True,True,True,5,5.0790300369262695,t5_lam1.00_D0.06_n1600,t5,1.0,0.06,1600
True,5,5,0.06705019378814034,0.022478642435135865,-0.003997692157151126,0.02173109859883037,,0.0796828515940225,9.53672859349166,0.48203240411856085,,False,0.997289972899729,1.0,9.987422971826862e-07,8.943690727852618e-07,True,0.0034071949763603794,5.844079476954837e-21,0.15274748665218624,3.6277922486817886e-21,31.04861948421835,1.8108310958125643e-07,True,True,True,6,5.163550138473511,t5_lam1.00_D0.06_n1600,t5,1.0,0.06,1600
True,5,5,0.06593755948756425,0.02173880875588037,-0.002798150945683423,0.017943795531005804,,0.07309824377475438,11.394751016985756,0.32760119120357967,,False,1.0,1.0,8.88987421435662e-07,9.465329921963926e-07,True,0.003228263925758777,5.925306715780767e-20,0.14534986617039608,2.04122426715545e-20,47.50121519366651,4.844424354974555e-11,True,True,True,7,5.202527046203613,t5_lam1.00_D0.06_n1600,t5,1.0,0.06,1600
True,5,5,0.12218255035886377,0.07464287806098141,0.05108910574185899,0.03160461239217871,,0.14357859663858646,28.0444421231566,0.0017759061414006352,,True,1.0,1.0,7.093686601547175e-07,8.22849160458792e-07,True,0.002335387377068726,6.3631509856287575e-15,0.10446967811628506,3.0719779801113274e-15,26.97818618461961,1.3859938529466776e-06,True,True,True,8,4.960289001464844,t5_lam1.00_D0.06_n1600,t5,1.0,0.06,1600
True,5,5,0.11477257190307619,0.06586371630623397,0.04188730469013387,0.02740104215848032,,0.1318772218897262,31.811697535485507,0.0004304152377903336,,True,1.0,1.0,9.771511662013592e-07,8.472283891459096e-07,True,0.003437710533895948,3.937383402909348e-21,0.15084653514363175,2.8635414829972076e-21,40.270936300401516,1.800019839427693e-09,True,True,True,9,5.029557943344116,t5_lam1.00_D0.06_n1600,t5,1.0,0.06,1600
True,5,5,0.046427077488229065,0.010777367620490131,-0.0132693939024305,0.015161884876496941,,0.048310842319496276,4.832991514893701,0.9020513501719292,,False,1.0,1.0,8.263575890824376e-07,9.512285382659747e-07,True,0.0032240719588347002,6.25584999742514e-20,0.14202657863049312,4.595130426294407e-20,65.43963481420201,6.165436813081334e-15,True,True,True,10,4.956953048706055,t5_lam1.00_D0.06_n1600,t5,1.0,0.06,1600
True,5,5,0.07273333191078146,0.0264506878542195,0.00253543893837805,0.01950638495853231,,0.08321128167037395,12.141440333281057,0.27570197936631285,,False,1.0,1.0,8.344643473260398e-07,9.328171512104143e-07,True,0.0030865019504924956,3.716816144916769e-19,0.13515576773595978,4.319483362682889e-19,35.048981116569664,2.4502503075073263e-08,True,True,True,11,5.018171310424805,t5_lam1.00_D0.06_n1600,t5,1.0,0.06,1600
True,5,5,0.09969708250902704,0.04969754130405872,0.02692100433166745,0.023802716625559436,,0.11495476423751823,24.20518060574512,0.007074011463263995,,True,1.0,1.0,8.33326988444485e-07,9.370569256387464e-07,True,0.003228844306663375,5.880940952103288e-20,0.14483269024762882,2.693733152903812e-20,62.7758769807064,2.3355626170036693e-14,True,True,True,12,4.809963941574097,t5_lam1.00_D0.06_n1600,t5,1.0,0.06,1600
True,5,5,0.06352483673244369,0.02017702440941814,-0.00429580787969985,0.017964588702509363,,0.07106801109404162,9.46362719140068,0.4887397443474857,,False,1.0,1.0,8.555289588737e-07,9.322921073221947e-07,True,0.0031648538337525917,1.3469895261182041e-19,0.1422141861538684,6.607819974233436e-20,59.453939103578634,1.229535747567213e-13,True,True,True,13,5.107767820358276,t5_lam1.00_D0.06_n1600,t5,1.0,0.06,1600
True,5,5,0.10665712589690089,0.05687871252293684,0.03216013277957101,0.02891581105168307,,0.12627146111784354,22.778328436822722,0.01159504920824603,,True,1.0,1.0,7.78013301224166e-07,9.387540206186919e-07,True,0.002679638495754301,7.268311341589669e-17,0.12047401336539829,3.3389586525657767e-17,36.423026963931235,1.2326511569700219e-08,True,True,True,14,5.028687953948975,t5_lam1.00_D0.06_n1600,t5,1.0,0.06,1600
True,5,5,0.10165893599595412,0.05167269633914748,0.025583939377153492,0.026610535400486645,,0.11777467898131964,24.95700647352013,0.005427596966291294,,True,1.0,1.0,7.8344444328133e-07,9.933005389314308e-07,True,0.003230756170711216,5.737129994091969e-20,0.14489788639908466,3.089729592427087e-20,47.436956241041585,5.0026006259891846e-11,True,True,True,15,4.89320182800293,t5_lam1.00_D0.06_n1600,t5,1.0,0.06,1600
True,5,5,0.09525868534269379,0.045371085666091715,0.021378937755037516,0.025557430392886996,,0.11262075282321413,17.759374951539158,0.05916085792068965,,False,1.0,1.0,9.82133327672431e-07,9.43499202769284e-07,True,0.00318530362502396,1.0335573269209949e-19,0.14006678391324867,7.985107913977218e-20,22.698287388519482,1.1779572222734566e-05,True,True,True,16,4.73395299911499,t5_lam1.00_D0.06_n1600,t5,1.0,0.06,1600
True,5,5,0.12442882869956315,0.07741266705772616,0.053907822829140764,0.02967101723534025,,0.14332641287915485,35.01205804721169,0.0001242750178389393,,True,0.997289972899729,1.0,7.131798428120823e-07,8.296619229826857e-07,True,0.0034596620847141316,2.9637531467698445e-21,0.15375939788815546,1.978561036928324e-21,35.7513507327881,1.7246176565835215e-08,True,True,True,17,4.880791187286377,t5_lam1.00_D0.06_n1600,t5,1.0,0.06,1600
True,5,5,0.11335991110462883,0.06425234722824674,0.043070744554327384,0.02528178506572469,,0.13011962220625467,33.07702360357409,0.00026438495262296526,,True,1.0,1.0,9.5401669752943e-07,9.64540226652338e-07,True,0.002856072174509212,7.367949630512939e-18,0.12552817429994595,6.257964404969706e-18,41.13667776679997,1.1675726709471905e-09,True,True,True,18,4.770948171615601,t5_lam1.00_D0.06_n1600,t5,1.0,0.06,1600
True,5,5,0.09078482077176478,0.04120941841280727,0.017685897902852847,0.022476928210023363,,0.10455348372181353,19.41013539400477,0.03535215753304855,,True,1.0,1.0,8.773592234611484e-07,8.916756469022128e-07,True,0.002771778404684664,2.1987943441313016e-17,0.1220853676366855,1.7146878081040994e-17,34.32941532752994,3.5112534436639206e-08,True,True,True,19,4.879852056503296,t5_lam1.00_D0.06_n1600,t5,1.0,0.06,1600
True,5,5,0.11898508712236788,0.07078725478758738,0.04813025912556032,0.028920815177179208,,0.13834794314635598,29.181440504789236,0.0011644810829501038,,True,1.0,1.0,8.630306987318782e-07,7.568791893886173e-07,True,0.0036655746290752806,2.0654680918498121e-22,0.16232931143239462,1.2295161708896668e-22,53.75053252381208,2.129218165785997e-12,True,True,True,20,4.884021759033203,t5_lam1.00_D0.06_n1600,t5,1.0,0.06,1600
True,5,5,0.06995843927325722,0.02447091612775009,-0.0002647480803601582,0.0192794171954495,,0.07930582730050235,11.70471780900817,0.3053046298571988,,False,1.0,1.0,8.894550938663636e-07,7.404447404403393e-07,True,0.003252677370515959,4.3193376012699643e-20,0.14324065816267592,3.653762230389682e-20,36.42363971870451,1.2322735583767041e-08,True,True,True,21,5.1903181076049805,t5_lam1.00_D0.06_n1600,t5,1.0,0.06,1600
True,5,5,0.08211226437477413,0.033712119803764005,0.01089785682031711,0.01909912333127888,,0.09199252046048598,19.321734315448534,0.0363614140378133,,True,1.0,1.0,8.861872797407225e-07,7.901990548015761e-07,True,0.00375941093062201,6.138486484949077e-23,0.16879200880034226,1.8857418168163672e-23,81.05828866261945,2.5027430305157903e-18,True,True,True,22,5.101748943328857,t5_lam1.00_D0.06_n1600,t5,1.0,0.06,1600
True,5,5,0.09759731394637687,0.04762617844773824,0.023716663416617403,0.024525361383364093,,0.11318771403322836,21.41845165658004,0.018357430817315112,,True,1.0,1.0,9.14677373899431e-07,9.503912358398728e-07,True,0.00338785054766829,7.506667676298045e-21,0.15018045954488737,5.988375219022205e-21,26.774291565454604,1.534745816141382e-06,True,True,True,23,5.0807719230651855,t5_lam1.00_D0.06_n1600,t5,1.0,0.06,1600
True,5,5,0.10644928575506137,0.056657252188813546,0.03273743970049945,0.025370777580043774,,0.12203987481279514,26.47531917685805,0.003150855256685816,,True,1.0,1.0,7.496198341867562e-07,9.636002132837164e-07,True,0.0034494398693325867,3.3828980060724542e-21,0.15218508164374295,2.5151449431087504e-21,42.44317504495052,6.075494635935308e-10,True,True,True,24,4.829422235488892,t5_lam1.00_D0.06_n1600,t5,1.0,0.06,1600
True,5,5,0.07406964820601346,0.02743156392681296,0.004545689010886068,0.017878331654818534,,0.08240500916468081,16.087325805040543,0.09715973774850015,,False,1.0,1.0,9.083337911401821e-07,7.499347537883093e-07,True,0.0028049771458576907,1.4293880977098917e-17,0.12437082449982097,8.658529857577516e-18,18.81030878077654,8.229877043837712e-05,True,True,True,25,4.664263010025024,t5_lam1.00_D0.06_n1600,t5,1.0,0.06,1600
True,5,5,0.09425419204663534,0.04441926359182008,0.01887358774016815,0.030107077140596305,,0.11695753312359639,13.242132041834651,0.21044729460064607,,False,1.0,1.0,9.892052153797346e-07,9.118148928299982e-07,True,0.0033775865635856037,8.573173866592218e-21,0.14830311996039924,8.47442657944548e-21,47.26136083126676,5.4616754808122495e-11,True,True,True,26,4.793743848800659,t5_lam1.00_D0.06_n1600,t5,1.0,0.06,1600
True,5,5,0.042268000082257194,0.008932919154768472,-0.014116922650949966,0.015026011936917398,,0.04604056381519395,3.1126036520727824,0.9786484404144394,,False,1.0,1.0,9.84160273868067e-07,9.955737756747658e-07,True,0.0028669871105130897,6.395498252951127e-18,0.1269141069343187,5.505098715705172e-18,15.871925737356843,0.00035764743735088766,True,True,True,27,4.861457109451294,t5_lam1.00_D0.06_n1600,t5,1.0,0.06,1600
True,5,5,0.08029762213403782,0.032238540601903606,0.007628618563102655,0.02136534106660078,,0.09248943432366334,14.119920736070707,0.16759159657146006,,False,1.0,1.0,8.688073740059165e-07,9.30132473023011e-07,True,0.0036620653101989134,2.1613661885764573e-22,0.16091764236018993,1.5717739030835233e-22,21.116207025002893,2.598207937225469e-05,True,True,True,28,4.7503743171691895,t5_lam1.00_D0.06_n1600,t5,1.0,0.06,1600
True,5,5,0.12225749258729957,0.07473447246866805,0.05163300878825792,0.029390253619432302,,0.1414041541477511,32.68113838502316,0.0003081049776778248,,True,1.0,1.0,9.423396757107692e-07,9.235331193353727e-07,True,0.0036294234985312012,3.296613370577576e-22,0.16015046404586875,2.0565273487327775e-22,67.14760568711951,2.6247182353050207e-15,True,True,True,29,4.7330567836761475,t5_lam1.00_D0.06_n1600,t5,1.0,0.06,1600
True,5,5,0.10140653515379773,0.05141642685949207,0.029891042882528827,0.02323797072704948,,0.1167168396726953,25.846315278123196,0.0039524748868070125,,True,1.0,1.0,9.496144295134903e-07,9.143025230743853e-07,True,0.0028025123564577974,1.475826390574486e-17,0.12582416038484606,7.644446895269282e-18,21.836748293573624,1.8122176534104572e-05,True,True,True,30,4.872403860092163,t5_lam1.00_D0.06_n1600,t5,1.0,0.06,1600
True,5,5,0.11719328635006215,0.06867133182763832,0.04640408194153098,0.028917722644417575,,0.13709084791945664,28.262099635488042,0.0016387458902032872,,True,1.0,1.0,9.311782869977927e-07,8.168631409873341e-07,True,0.003341100599420107,1.3748223851164842e-20,0.14853886262672544,8.407955680497534e-21,29.396282296641985,4.1369322164641815e-07,True,True,True,31,4.777437925338745,t5_lam1.00_D0.06_n1600,t5,1.0,0.06,1600
True,5,5,0.0930637981016851,0.04330435258555604,0.017951814483395872,0.028102326038235523,,0.11329256585774758,14.168302027769988,0.16545232806004664,,False,1.0,1.0,9.881454348270626e-07,8.517884039242194e-07,True,0.0030389968191601798,6.87855877308707e-19,0.13655282699476734,3.4456430764362173e-19,56.52286758122134,5.323720591987739e-13,True,True,True,32,4.76369309425354,t5_lam1.00_D0.06_n1600,t5,1.0,0.06,1600
True,5,5,0.10136987912361957,0.051379261967686204,0.02675615814899456,0.02872175510567718,,0.12165462688034485,16.8544868023955,0.07764646830704919,,False,1.0,1.0,9.872674430489094e-07,9.520278685286096e-07,True,0.0027094124695960626,4.938771822812948e-17,0.1182988561133832,4.715095126214131e-17,26.5731606178689,1.697115845887753e-06,True,True,True,33,4.571822881698608,t5_lam1.00_D0.06_n1600,t5,1.0,0.06,1600
True,5,5,0.06575434879671109,0.021618171928397704,-0.0011242745533416969,0.017315741419049135,,0.07396970396471125,10.52901863003347,0.39536779696093455,,False,1.0,1.0,8.727302243985e-07,7.78583402376004e-07,True,0.0028714839698053304,6.03322041539887e-18,0.12810157033371186,3.5782629796011756e-18,40.28962870509565,1.7832748626417249e-09,True,True,True,34,4.7294862270355225,t5_lam1.00_D0.06_n1600,t5,1.0,0.06,1600
True,5,5,0.130186000618771,0.08474197378555323,0.0624470408743217,0.03111209278609219,,0.15074606431716628,34.5563438320343,0.00014860325732570564,,True,1.0,1.0,7.648048058061426e-07,8.730033901924879e-07,True,0.0030200090461870483,8.79754223156642e-19,0.13572033449174803,3.0928974191170625e-19,74.07585669968022,8.21546399276583e-17,True,True,True,35,4.68671989440918,t5_lam1.00_D0.06_n1600,t5,1.0,0.06,1600
True,5,5,0.10741385990608283,0.05768868649961794,0.030749675432847425,0.029396460909388942,,0.12577960945971567,21.517616162907643,0.017759768662498003,,True,1.0,1.0,9.416419276319829e-07,8.83689139256784e-07,True,0.0024800319929046727,9.70816959001513e-16,0.11074561964402929,4.550183308625676e-16,40.2718125772805,1.7992313542896327e-09,True,True,True,36,4.557525157928467,t5_lam1.00_D0.06_n1600,t5,1.0,0.06,1600
True,5,5,0.09591619168412974,0.045999579135933596,0.022759332067479255,0.022993246523010002,,0.11007257333799512,22.82716053343201,0.011402853450519381,,True,1.0,1.0,9.824074559158122e-07,9.305925393408733e-07,True,0.002338379752281163,6.120297771597297e-15,0.10553643469013257,3.3972401392362457e-15,37.57870480898808,6.916524699693087e-09,True,True,True,37,4.467360019683838,t5_lam1.00_D0.06_n1600,t5,1.0,0.06,1600
True,5,5,0.09211991642576821,0.0424303950114526,0.021124331198374268,0.020857058891095827,,0.10529115837802687,22.855350953391437,0.011293279839433254,,True,1.0,1.0,8.972409002223025e-07,7.212243100928329e-07,True,0.002970857783310719,1.6635038842017024e-18,0.13134216595356235,1.3990528059199563e-18,19.333432822256775,6.335755430873382e-05,True,True,True,38,4.5185229778289795,t5_lam1.00_D0.06_n1600,t5,1.0,0.06,1600
True,5,5,0.07356388509959863,0.027058225954734744,0.0022586349031571487,0.01892869914045888,,0.08172340464984819,14.019592108318712,0.17209982563132636,,False,1.0,1.0,9.86760529517873e-07,8.998032173697069e-07,True,0.003303642213049904,2.2327660060072485e-20,0.1444776413585262,1.914978611479623e-20,19.440343371148764,6.005968827948153e-05,True,True,True,39,4.649209976196289,t5_lam1.00_D0.06_n1600,t5,1.0,0.06,1600
True,5,5,0.10357029273701283,0.053634027688152675,0.03246098047800264,0.024413025661754302,,0.12051293232064231,23.97972702665291,0.007654383430023097,,True,1.0,0.997289972899729,8.90645212151834e-07,9.097226459338733e-07,True,0.003718254046601863,1.0451298379244218e-22,0.1618236413547227,1.4949033836895249e-22,50.82277155764706,9.20397390607018e-12,True,True,True,40,4.5514490604400635,t5_lam1.00_D0.06_n1600,t5,1.0,0.06,1600
True,5,5,0.09367248066498324,0.04387266816965829,0.017267038875193753,0.023126485712746236,,0.1051729269141501,22.33748964546067,0.013474645881458384,,True,1.0,1.0,8.375038706122512e-07,9.757237886951408e-07,True,0.002342210793173624,5.822867640132183e-15,0.10502517791398235,3.0509759110065606e-15,45.7779049132681,1.1467117207607196e-10,True,True,True,41,4.692495107650757,t5_lam1.00_D0.06_n1600,t5,1.0,0.06,1600
True,5,5,0.08036051929009728,0.03228906530287049,0.007723371742282714,0.02025849682508158,,0.09060423138198682,15.909592784114047,0.10224982274577424,,False,1.0,1.0,8.949744369948311e-07,7.706170608815808e-07,True,0.0025857792040705446,2.458188860409494e-16,0.11618723695878222,1.1473698768669396e-16,41.6340711225818,9.104924023371218e-10,True,True,True,42,4.622951984405518,t5_lam1.00_D0.06_n1600,t5,1.0,0.06,1600
True,5,5,0.12923766161673061,0.08351186590080284,0.05897408245795965,0.031018957697830085,,0.14832108921626067,38.93139711947684,2.610045703649748e-05,,True,1.0,1.0,7.781111274715605e-07,7.782262808412863e-07,True,0.0031114922774064476,2.6888211972797505e-19,0.13727122128916047,2.5275190261711045e-19,62.11472777822175,3.2505604018182456e-14,True,True,True,43,4.670769214630127,t5_lam1.00_D0.06_n1600,t5,1.0,0.06,1600
True,5,5,0.0963814619613851,0.04644693104906962,0.02156029715990172,0.027151156470168372,,0.11508255763214953,15.532129921888176,0.11383200508514649,,False,1.0,1.0,8.211044380113775e-07,9.632571475542685e-07,True,0.0023557566837020373,4.8824896514562446e-15,0.10360693681649936,5.264628097951401e-15,17.84559479542542,0.00013331478819805285,True,True,True,44,4.61280083656311,t5_lam1.00_D0.06_n1600,t5,1.0,0.06,1600
True,5,5,0.07130803345703515,0.02542417817754822,-3.689090106014439e-05,0.021586542684431217,,0.08422566369791254,9.09360237504226,0.5232440460538219,,False,1.0,1.0,9.697296281437285e-07,9.90397137315553e-07,True,0.0029177950873760954,3.3095192983188712e-18,0.12801157880133915,3.057281009374203e-18,15.22432351922628,0.0004944019243112084,True,True,True,45,4.547139883041382,t5_lam1.00_D0.06_n1600,t5,1.0,0.06,1600
True,5,5,0.09410893807467016,0.04428246112771052,0.01977229023268765,0.02470469202415468,,0.10991623402513168,19.610429748985194,0.03316029540645829,,True,0.994579945799458,1.0,8.073147453989216e-07,7.971557980207153e-07,True,0.004203994561788269,1.9635695776383281e-25,0.18539814396036508,1.0481991174480802e-25,94.45742630179492,3.0819847906127656e-21,True,True,True,46,4.505979776382446,t5_lam1.00_D0.06_n1600,t5,1.0,0.06,1600
True,5,5,0.09166431902224002,0.04201173690905498,0.017314449406974568,0.023049374099783217,,0.10509737960003028,19.448477552899245,0.034922496208489036,,True,1.0,0.994579945799458,9.624069933942673e-07,9.484897580284171e-07,True,0.0037379222025277744,8.10446270537802e-23,0.16545084848598635,5.901790173758057e-23,78.03496671676368,1.134807715037081e-17,True,True,True,47,4.553267955780029,t5_lam1.00_D0.06_n1600,t5,1.0,0.06,1600
True,5,5,0.07943216923891885,0.03154734755000123,0.004880737399105092,0.02498821607018874,,0.09589858730263143,12.662748602949108,0.24314382006649396,,False,1.0,1.0,9.400689624208743e-07,9.318393121407726e-07,True,0.002203443655574559,3.54135431562228e-14,0.09832106038792716,2.312602838756652e-14,12.935253109694667,0.0015529071022692986,True,True,True,48,4.623361110687256,t5_lam1.00_D0.06_n1600,t5,1.0,0.06,1600
True,5,5,0.08644818381111546,0.03736644242120203,0.013986218680419903,0.022065960435813537,,0.1002810986531714,18.299107147942046,0.050122912461426104,,False,1.0,1.0,8.896091155519105e-07,9.003113885279348e-07,True,0.003344898277774493,1.3088712167383186e-20,0.15069976169622615,6.116527414573046e-21,32.74897335076132,7.738393195515721e-08,True,True,True,49,4.64814305305481,t5_lam1.00_D0.06_n1600,t5,1.0,0.06,1600
True,5,5,0.10440193531872706,0.05449882049147835,0.030145759214612947,0.02905290400090667,,0.12484673302411818,21.346209560916378,0.018804673868489503,,True,1.0,0.997289972899729,7.809645180046651e-07,7.908844819826381e-07,True,0.0026617567662318214,9.167097581522417e-17,0.1206153246976239,3.3822571511696556e-17,56.13715019368793,6.456136746700703e-13,True,True,True,50,4.60364294052124,t5_lam1.00_D0.06_n1600,t5,1.0,0.06,1600
True,5,5,0.0609306942727228,0.018562747522780077,-0.0038897454145802,0.015677428085439492,,0.06617753249105895,10.240948882030473,0.4196145308650912,,False,1.0,1.0,9.12210184385085e-07,9.241028622381025e-07,True,0.003953778675076142,4.976771916463105e-24,0.17591533466647358,4.102850650962687e-24,39.24352379338244,3.008687509332831e-09,True,True,True,51,4.552849769592285,t5_lam1.00_D0.06_n1600,t5,1.0,0.06,1600
True,5,5,0.15117963766377182,0.11427641422074669,0.08923634491179137,0.03788523493899632,,0.1740988288352958,46.15863432521995,1.3423758305556897e-06,,True,1.0,1.0,8.851511851000195e-07,8.863058258598433e-07,True,0.0028003717070772044,1.5173805143459367e-17,0.12637820813160253,5.364030435166993e-18,55.363412968455215,9.505777053673574e-13,True,True,True,52,4.4985880851745605,t5_lam1.00_D0.06_n1600,t5,1.0,0.06,1600
True,5,5,0.062438850177268024,0.019493050057296617,-0.005946920291856055,0.019040240597120603,,0.07123410491098547,8.486346027994344,0.5814423759713672,,False,1.0,1.0,8.353571990706714e-07,9.547918861060224e-07,True,0.004116035475781267,6.116120190553769e-25,0.1823606215734697,3.122450427819025e-25,81.5002203137295,2.006559405926838e-18,True,True,True,53,4.460949659347534,t5_lam1.00_D0.06_n1600,t5,1.0,0.06,1600
True,5,5,0.10173964535094686,0.051754777180682214,0.026652313957968715,0.02837920113081095,,0.12110486849666155,20.251497332507903,0.02696170380929767,,True,1.0,1.0,9.989171664559397e-07,9.262096325029616e-07,True,0.004420330933531695,1.2017838339204842e-26,0.19432970562394108,1.2585901404102064e-26,57.154891374299964,3.881262633772481e-13,True,True,True,54,4.516600847244263,t5_lam1.00_D0.06_n1600,t5,1.0,0.06,1600
True,5,5,0.09965889196158471,0.04965947373505407,0.026101573050834295,0.025082634518054446,,0.11606794166465978,21.98185255952586,0.01519731775174281,,True,1.0,1.0,9.161679660603499e-07,7.374632430151989e-07,True,0.0032979123191060646,2.4046939670122617e-20,0.1467513159669497,1.1530264371170577e-20,40.62583105688073,1.5073457286661992e-09,True,True,True,55,4.55437970161438,t5_lam1.00_D0.06_n1600,t5,1.0,0.06,1600
True,5,5,0.07938569616189028,0.031510443775539805,0.00837140260806335,0.020703450340468256,,0.09211465463322571,13.316552533662975,0.2065075621950128,,False,1.0,1.0,8.184251787319557e-07,9.176999342326313e-07,True,0.0033196695219308418,1.814396241084789e-20,0.14597404255671573,1.2658928384765053e-20,47.73298290593719,4.314340914373122e-11,True,True,True,56,4.661726951599121,t5_lam1.00_D0.06_n1600,t5,1.0,0.06,1600
True,5,5,0.08216339989033711,0.033754121407697235,0.009918045777325388,0.02187640318227145,,0.09581391015540207,14.746340285028745,0.14158713529421632,,False,1.0,1.0,8.776047008530902e-07,9.687322721030281e-07,True,0.003116976956152787,2.504401142177952e-19,0.13749296793793445,1.8187098173186441e-19,37.223455789548886,8.260936362388319e-09,True,True,True,57,4.5850770473480225,t5_lam1.00_D0.06_n1600,t5,1.0,0.06,1600
True,5,5,0.0838742904724769,0.03517448301130714,0.012178801513708079,0.02128663651161118,,0.09715163692437649,15.822008565008499,0.10484223520057574,,False,1.0,1.0,8.814614385259969e-07,8.368795919407827e-07,True,0.003790876849690775,4.086831818346431e-23,0.1674286039766467,2.871572158731258e-23,59.25684129416138,1.3568767641984646e-13,True,True,True,58,4.582743167877197,t5_lam1.00_D0.06_n1600,t5,1.0,0.06,1600
True,5,5,0.09452035344430021,0.04467048607617717,0.017333508170674458,0.02525847325412077,,0.10851727928212332,18.874510980730868,0.041885839091952176,,True,0.994579945799458,1.0,7.982803700581761e-07,8.798029349076982e-07,True,0.0037386091636906578,8.032795637185473e-23,0.1647710929878891,5.0017007443214874e-23,53.83801832323088,2.038087675652501e-12,True,True,True,59,4.57375431060791,t5_lam1.00_D0.06_n1600,t5,1.0,0.06,1600
True,5,5,0.07384614404449626,0.027266264951202455,0.003107041014532866,0.018975308674007704,,0.0828476267728873,13.611327954947079,0.19146951973514534,,False,1.0,0.997289972899729,9.252591614215835e-07,9.320696425288645e-07,True,0.0033005837746382786,2.322947268687379e-20,0.14734567688119501,1.2070537880253024e-20,40.79621219161649,1.3842517502706533e-09,True,True,True,60,4.643402099609375,t5_lam1.00_D0.06_n1600,t5,1.0,0.06,1600
True,5,5,0.07790589909073133,0.030346645565676067,0.00784444686402827,0.02060243465654184,,0.09135911145898018,13.924658267444677,0.17645600122214417,,False,0.997289972899729,1.0,9.581266528401678e-07,9.177981141482378e-07,True,0.0031192811746755954,2.4307485255091165e-19,0.13960793872595964,1.2065105357135584e-19,53.51968916056076,2.389720791904649e-12,True,True,True,61,4.69528603553772,t5_lam1.00_D0.06_n1600,t5,1.0,0.06,1600
True,5,5,0.06507260631598857,0.02117222046377818,-0.0024692714388944714,0.01962484563763452,,0.07721493001555003,7.393889304875524,0.6878091761463756,,False,1.0,1.0,9.467881944260961e-07,9.427974739160006e-07,True,0.0031730020931106345,1.2120748034522926e-19,0.14042000209543434,9.356351207660929e-20,42.49396019041383,5.923164409591288e-10,True,True,True,62,4.749064922332764,t5_lam1.00_D0.06_n1600,t5,1.0,0.06,1600
True,5,5,0.0903495015691868,0.040815162169002425,0.016488177645599976,0.02175477212410976,,0.10224636274943445,20.509548633624217,0.024785340739900966,,True,0.997289972899729,1.0,9.291461919985742e-07,8.977823740177365e-07,True,0.0028533886876354816,7.628872095886049e-18,0.12484649031106407,6.198320029026426e-18,47.36951041092938,5.17417971531579e-11,True,True,True,63,4.760316848754883,t5_lam1.00_D0.06_n1600,t5,1.0,0.06,1600
True,5,5,0.08232830208219738,0.03388974661868773,0.011063654031375783,0.021735957922817035,,0.09676375690927463,14.476791072945403,0.1523330984988953,,False,1.0,1.0,9.948960307439747e-07,8.828276706763806e-07,True,0.002130873712002349,9.109482233332838e-14,0.0956944835834149,4.79108400032163e-14,22.60687023968282,1.2330494701195583e-05,True,True,True,64,4.716145992279053,t5_lam1.00_D0.06_n1600,t5,1.0,0.06,1600
True,5,5,0.10617151998033068,0.05636195827466878,0.03216769257001711,0.026863885856634292,,0.12357576838143663,23.070207835503975,0.010490375133697393,,True,1.0,1.0,8.108286103036797e-07,9.50664174372728e-07,True,0.0030670050984888454,4.784980235104772e-19,0.13513266328207713,4.0174337564821603e-19,44.79497943960631,1.8745360899899561e-10,True,True,True,65,4.819608688354492,t5_lam1.00_D0.06_n1600,t5,1.0,0.06,1600
True,5,5,0.06934291721011761,0.024042200836046128,0.001162663241195211,0.01938017357107872,,0.08128986656469932,9.388368433366779,0.4956847358644878,,False,1.0,1.0,9.476482841620205e-07,9.316179740414434e-07,True,0.0029284527135471014,2.8824221879300764e-18,0.12943630365615888,2.665938552451222e-18,20.001576298705,4.5364161934285827e-05,True,True,True,66,4.826962947845459,t5_lam1.00_D0.06_n1600,t5,1.0,0.06,1600
True,5,5,0.0647571461941469,0.02096743991605057,-0.0019190862878033822,0.017237735614163713,,0.07271102482785449,11.010287258747118,0.35671709061316187,,False,1.0,1.0,7.190760086198734e-07,9.82429160271435e-07,True,0.0022818256025569964,1.277092235873749e-14,0.10197793407093912,9.742207401004583e-15,13.847362090686147,0.000984200378119204,True,True,True,67,4.894723176956177,t5_lam1.00_D0.06_n1600,t5,1.0,0.06,1600
True,5,5,0.09662333905367752,0.04668034824940963,0.024573367964143857,0.02249883406314069,,0.1109780669998177,24.345537222791084,0.006734194747161839,,True,0.994579945799458,1.0,9.112337879055368e-07,9.374564998938996e-07,True,0.004096770872442879,7.844373967540295e-25,0.1840435984121712,3.561472762412672e-25,44.912389122186866,1.7676595241767055e-10,True,True,True,68,4.745405912399292,t5_lam1.00_D0.06_n1600,t5,1.0,0.06,1600
True,5,5,0.09159196919773187,0.041945444107591316,0.01756158768828624,0.023041885068234264,,0.10532057340763991,18.949854480134917,0.04090424872077959,,True,1.0,1.0,9.166817791001654e-07,8.856825636812405e-07,True,0.003538726666455739,1.0655494788307496e-21,0.15692597882805767,7.402983935418082e-22,41.840391988947545,8.21247989299916e-10,True,True,True,69,4.759979009628296,t5_lam1.00_D0.06_n1600,t5,1.0,0.06,1600
True,5,5,0.0840902306681284,0.03535583446909521,0.010233885327655706,0.023198179203051564,,0.098378345715371,14.7672441298391,0.1407809472442031,,False,1.0,1.0,9.119062399722968e-07,8.115873474662887e-07,True,0.003237594489979489,5.2509424741372865e-20,0.14363548145320537,2.651149591385892e-20,37.69260887216433,6.533621611892973e-09,True,True,True,70,4.742192029953003,t5_lam1.00_D0.06_n1600,t5,1.0,0.06,1600
True,5,5,0.10648420389227838,0.05669442839286156,0.029956057720595407,0.02705160832148949,,0.12202622159443274,26.14726925502351,0.003547085056463137,,True,1.0,1.0,8.860271151916231e-07,9.617389582992564e-07,True,0.0033890216401960957,7.39374606089172e-21,0.15131819512648675,4.060561946264447e-21,52.979534212008154,3.1306918232611554e-12,True,True,True,71,4.660335063934326,t5_lam1.00_D0.06_n1600,t5,1.0,0.06,1600
True,5,5,0.08553899853150407,0.03658460134886328,0.010529106272098677,0.025805415903337185,,0.10293224782903951,12.378255213810913,0.2605384750463378,,False,1.0,1.0,9.577662545542945e-07,9.458615315273892e-07,True,0.002593547779594064,2.222317146847017e-16,0.11627768850085524,1.297577229694292e-16,41.23488086770884,1.1116277727900841e-09,True,True,True,72,4.5620129108428955,t5_lam1.00_D0.06_n1600,t5,1.0,0.06,1600
True,5,5,0.0906236655878934,0.04106324382293167,0.017786109373409607,0.024407391357636504,,0.10764078741113149,16.72310139909394,0.08072002026708854,,False,1.0,1.0,9.82068929476971e-07,8.609644985365979e-07,True,0.003068719675106347,4.679849371531024e-19,0.13767781399551587,1.4644615893583935e-19,47.52356170774097,4.7905976263797684e-11,True,True,True,73,4.63844108581543,t5_lam1.00_D0.06_n1600,t5,1.0,0.06,1600
True,5,5,0.0645199413488997,0.02081411415832728,-0.00534548229399737,0.021335035960716484,,0.07713303959669582,7.480590165202203,0.6794276408199411,,False,1.0,1.0,9.836433704909742e-07,7.791002143651684e-07,True,0.0041043390495967644,7.113726940583952e-25,0.18357655794839914,3.388836070054798e-25,94.56434054116077,2.9215569677084055e-21,True,True,True,74,4.643224000930786,t5_lam1.00_D0.06_n1600,t5,1.0,0.06,1600
True,5,5,0.11996213839740967,0.07195457324439636,0.050658217983749455,0.02824823023908412,,0.139371748893,31.724370714405023,0.00044505134549937614,,True,1.0,1.0,8.221149615766729e-07,8.182236048731259e-07,True,0.0029728214947106865,1.6216959833092213e-18,0.13065717835695118,1.3620693998288672e-18,27.9757891109798,8.416559173180706e-07,True,True,True,75,4.5944859981536865,t5_lam1.00_D0.06_n1600,t5,1.0,0.06,1600
True,5,5,0.08742625384645836,0.03821674930812688,0.012658286378351827,0.024342175465700906,,0.10266216633307433,14.013025811092888,0.17239828908940913,,False,1.0,1.0,9.69821347034947e-07,8.365329907286281e-07,True,0.0041509193204475716,3.8973988664581652e-25,0.18500761117545902,1.8247813647171607e-25,53.10177079363186,2.9450792274823906e-12,True,True,True,76,4.693285942077637,t5_lam1.00_D0.06_n1600,t5,1.0,0.06,1600
True,5,5,0.11385461263106102,0.0648143640868448,0.040864270364166476,0.026954704869434645,,0.13053797488245522,29.995490164843332,0.0008580974286483668,,True,1.0,1.0,6.571692816975241e-07,9.7576393978293e-07,True,0.002757460667508918,2.6476248647911462e-17,0.12362406491395157,1.2717427008543976e-17,36.834984547559635,1.0031935587503916e-08,True,True,True,77,4.655727863311768,t5_lam1.00_D0.06_n1600,t5,1.0,0.06,1600
True,5,5,0.04883472463698104,0.011924151651848815,-0.008937772257858068,0.013591776796090657,,0.05180484746026477,6.786269486643681,0.7454566048863784,,False,1.0,1.0,8.982875935429972e-07,9.706518091653026e-07,True,0.002853005050477118,7.666921801942947e-18,0.12747160824257067,4.1502123465776455e-18,26.981025312051813,1.3840277422022016e-06,True,True,True,78,4.587981939315796,t5_lam1.00_D0.06_n1600,t5,1.0,0.06,1600
True,5,5,0.07171916151995802,0.025718190645629146,0.0011780207687296512,0.02015434775840154,,0.08286009024612234,10.85863926265211,0.3686369292497724,,False,1.0,0.994579945799458,9.977197735739294e-07,9.85466847166698e-07,True,0.0025470099771039323,4.0669896627695116e-16,0.1121645999431256,3.61854134335226e-16,38.510929106148794,4.339682912781112e-09,True,True,True,79,4.766884088516235,t5_lam1.00_D0.06_n1600,t5,1.0,0.06,1600
True,5,5,0.0807271834146555,0.03258439071031714,0.01130858535858648,0.01860125363718204,,0.09154771965434161,17.480614718856025,0.06438296895917317,,False,1.0,1.0,9.074174772036396e-07,8.923015422782539e-07,True,0.0031331067232211727,2.0321596960329808e-19,0.14109685464609606,8.563694761518895e-20,53.79387167441216,2.083575229963657e-12,True,True,True,80,4.667860984802246,t5_lam1.00_D0.06_n1600,t5,1.0,0.06,1600
True,5,5,0.07076020682366756,0.02503503434864104,0.0021835812411272228,0.018655629940421827,,0.08107942009128401,12.069033814880353,0.2804629000768922,,False,1.0,1.0,7.89622850370454e-07,8.947567597711602e-07,True,0.0028532570944960946,7.641902367813375e-18,0.12615897294617281,5.949750838566206e-18,30.22804247520749,2.729379825803705e-07,True,True,True,81,4.6935107707977295,t5_lam1.00_D0.06_n1600,t5,1.0,0.06,1600
True,5,5,0.09602339589042161,0.046102462791643185,0.02281897395169541,0.023576285281717294,,0.11099415507797761,22.401213235778222,0.013186165267846032,,True,1.0,1.0,9.846554518928006e-07,6.900532658912551e-07,True,0.003991254416655707,3.0664110239813882e-24,0.17707345627304039,1.5561272641745842e-24,79.4413426898743,5.617351721743485e-18,True,True,True,82,4.588053941726685,t5_lam1.00_D0.06_n1600,t5,1.0,0.06,1600
True,5,5,0.09864387265418931,0.04865306806107959,0.024415396338886255,0.027907180606475214,,0.11859057599778895,17.677631405113203,0.060651192757875116,,False,1.0,1.0,9.229106420036767e-07,7.856178634921283e-07,True,0.003995044353810415,2.9198591255123834e-24,0.17671773331655427,1.8273926193801686e-24,60.42179547670159,7.57833534126592e-14,True,True,True,83,4.558156728744507,t5_lam1.00_D0.06_n1600,t5,1.0,0.06,1600
True,5,5,0.0751022663459528,0.028201752051492175,0.0054391550444022815,0.019799420728247117,,0.0871852098016604,12.748892253016987,0.2380523835864473,,False,0.997289972899729,1.0,8.648163338168646e-07,8.016802657568572e-07,True,0.0035224853219118376,1.3146986393051917e-21,0.1546434641785528,1.0209923297289162e-21,41.84201117634362,8.205833811708288e-10,True,True,True,84,4.711095094680786,t5_lam1.00_D0.06_n1600,t5,1.0,0.06,1600
True,5,5,0.10216730372133993,0.0521907897484426,0.029222481844186993,0.023510936936489302,,0.11652856451291138,29.088278511214703,0.0012056903442692276,,True,1.0,1.0,9.791836870515543e-07,9.661022907085335e-07,True,0.0029753009952697327,1.570404898742305e-18,0.13288943177350973,1.3067765141152197e-18,29.160021551492434,4.655665547242373e-07,True,True,True,85,4.6877281665802,t5_lam1.00_D0.06_n1600,t5,1.0,0.06,1600
True,5,5,0.08103794818812275,0.03283574523270434,0.005806542624596064,0.02623687472619236,,0.09895692110999106,12.845375134693246,0.2324460439508344,,False,1.0,1.0,9.863235825994401e-07,9.9449744313332e-07,True,0.003158998688169464,1.4531178641110267e-19,0.14087527352730655,9.096226613101972e-20,26.757854290812805,1.5474113106450469e-06,True,True,True,86,4.846398115158081,t5_lam1.00_D0.06_n1600,t5,1.0,0.06,1600
True,5,5,0.1013434293143713,0.05135245332598487,0.025719439412970502,0.024726939660244994,,0.11523162395500176,26.675744537804228,0.002930156159255147,,True,1.0,1.0,8.592763338391267e-07,8.001146569032805e-07,True,0.003272448573519797,3.343785262730108e-20,0.14540122919905407,1.5072515190383738e-20,37.721115348488134,6.44115687335155e-09,True,True,True,87,4.658890008926392,t5_lam1.00_D0.06_n1600,t5,1.0,0.06,1600
True,5,5,0.12890217563716944,0.08307885441997839,0.059905049548669626,0.029815008133622943,,0.14761190589843826,39.58882975037764,2.0015051859808552e-05,,True,0.997289972899729,1.0,8.734719756564109e-07,9.068913888475912e-07,True,0.00307913285368975,4.0891791762695344e-19,0.13593967396287088,1.9998571561499014e-19,45.78184577025581,1.1444544319553301e-10,True,True,True,88,4.646374940872192,t5_lam1.00_D0.06_n1600,t5,1.0,0.06,1600
True,5,5,0.11784257691324758,0.06943436466777336,0.04119753309075068,0.03748549174953875,,0.14342641329478958,22.922432556865076,0.011036542181338501,,True,1.0,1.0,9.457537669944704e-07,7.618373857002066e-07,True,0.0041187535329931056,5.90509604597847e-25,0.18214877855587236,3.38377766208577e-25,61.444112025064896,4.5454888944680436e-14,True,True,True,89,4.635327100753784,t5_lam1.00_D0.06_n1600,t5,1.0,0.06,1600
True,5,5,0.08328346820413672,0.03468068038054726,0.01089965063959579,0.021622427349496265,,0.0964006002978295,17.042231029646302,0.0734347223138274,,False,1.0,1.0,9.809083292853438e-07,8.912350899980392e-07,True,0.0026928188423273706,6.125511174170963e-17,0.11840426996413148,4.2691628231664323e-17,24.412984581376705,4.997902214402673e-06,True,True,True,90,4.790617227554321,t5_lam1.00_D0.06_n1600,t5,1.0,0.06,1600
True,5,5,0.09114512037001683,0.04153716483632429,0.01784248499532302,0.02197659593664876,,0.10391416508808288,19.7634220708702,0.031571414512574655,,True,1.0,1.0,8.992073866988413e-07,9.683204195986282e-07,True,0.003872388997899801,1.424879609429552e-23,0.17150271734722755,8.003832561765095e-24,69.5075427285043,8.065454976221108e-16,True,True,True,91,4.696635007858276,t5_lam1.00_D0.06_n1600,t5,1.0,0.06,1600
True,5,5,0.12442248585049019,0.07740477492607717,0.053245048827510674,0.03095986357295629,,0.14433952522813048,32.85292971352199,0.0002883265486359764,,True,1.0,1.0,9.007858105516663e-07,9.985795369842378e-07,True,0.0034542089882827424,3.1804396196712953e-21,0.15308261013575158,2.277134225082389e-21,65.69374990735587,5.429795332425179e-15,True,True,True,92,4.610287189483643,t5_lam1.00_D0.06_n1600,t5,1.0,0.06,1600
True,5,5,0.08625318044812524,0.03719805568708427,0.01366333020680147,0.022861513087835305,,0.10125924444407622,15.063248738041976,0.12977288037505208,,False,0.997289972899729,1.0,9.861295955573444e-07,9.589126312605713e-07,True,0.003298559984673335,2.3846148960318173e-20,0.14534613480933986,1.6044987545306948e-20,18.581277251603527,9.228410644588542e-05,True,True,True,93,4.669139862060547,t5_lam1.00_D0.06_n1600,t5,1.0,0.06,1600
True,5,5,0.09916590690584587,0.04916938546229445,0.02472326151449206,0.029282469885300404,,0.12073826097093306,14.44503192852676,0.15364271390369247,,False,1.0,1.0,9.257962510324543e-07,9.932422152948272e-07,True,0.0025513877325518274,3.8422030389545807e-16,0.11285588677617801,2.750339025331143e-16,14.39482772580462,0.0007485190804080983,True,True,True,94,4.692996025085449,t5_lam1.00_D0.06_n1600,t5,1.0,0.06,1600
True,5,5,0.09348908151156309,0.043701041809378435,0.0187897238773176,0.024586703364760532,,0.1088404815145761,18.29444573508527,0.050195282729324116,,False,1.0,1.0,8.870640357268874e-07,9.237495308099304e-07,True,0.002412238828268345,2.3428704010305585e-15,0.10758824491504192,1.674908034296311e-15,25.959456054560455,2.3066183418662932e-06,True,True,True,95,4.621885061264038,t5_lam1.00_D0.06_n1600,t5,1.0,0.06,1600
True,5,5,0.08541787935090611,0.03648107056402976,0.011218723843246712,0.02217665259510263,,0.09766890118962539,19.41707377465313,0.035274046745888715,,True,1.0,0.997289972899729,8.946363225951437e-07,9.682307611585417e-07,True,0.0031705567950259302,1.2510778512796781e-19,0.14213863894386192,6.278160734317214e-20,31.093624273606846,1.7705381043764082e-07,True,True,True,96,4.667878866195679,t5_lam1.00_D0.06_n1600,t5,1.0,0.06,1600
True,5,5,0.06918578827957643,0.023933366499331872,-0.0023428737285114756,0.01906687174607127,,0.0761831207258306,13.394265707029376,0.20245552046614637,,False,1.0,1.0,9.593394557521934e-07,8.04368614710744e-07,True,0.0028160407543841425,1.2383017503392748e-17,0.12585025032562647,6.202228786493769e-18,25.935074753701272,2.3349096138825714e-06,True,True,True,97,4.615849256515503,t5_lam1.00_D0.06_n1600,t5,1.0,0.06,1600
True,5,5,0.10163275377995154,0.051646083204481275,0.026349112041789625,0.02529656548238232,,0.1165832402405265,23.56872807130027,0.008831208616322262,,True,1.0,1.0,8.713050661909852e-07,9.090388981273383e-07,True,0.0033269195414345723,1.651853688827644e-20,0.14853086071783267,7.609167277818842e-21,50.78164310648643,9.395206032917153e-12,True,True,True,98,4.689589977264404,t5_lam1.00_D0.06_n1600,t5,1.0,0.06,1600
True,5,5,0.0816282656754316,0.03331586878589423,0.0056912003437702904,0.025678910872289244,,0.097907354195912,11.809858226553317,0.29798357314981627,,False,1.0,1.0,8.708442275129506e-07,8.931510129794744e-07,True,0.002600142378724625,2.0399457591794397e-16,0.1170204762674604,1.0126991219560834e-16,49.22424100151777,2.0468776247793742e-11,True,True,True,99,4.671751976013184,t5_lam1.00_D0.06_n1600,t5,1.0,0.06,1600
True,5,5,0.09308756736299119,0.04332647598779711,0.01874595560065188,0.024219687107211917,,0.10824397977031258,21.663724320300577,0.01691242766792943,,True,1.0,1.0,9.915242984348978e-07,8.48057209422491e-07,True,0.003120799572972419,2.383402364291178e-19,0.13836006708302004,1.3071601985141967e-19,55.717016500697845,7.965326692860497e-13,True,True,True,100,4.321469068527222,t5_lam1.00_D0.06_n1600,t5,1.0,0.06,1600
True,5,5,0.07862270941969639,0.030907652182470075,0.007216292897684613,0.02069862360967101,,0.09084327054323325,14.343195721824681,0.15790501627902534,,False,1.0,1.0,9.83519025913354e-07,8.015281843509232e-07,True,0.0029256073667117835,2.9907350385053116e-18,0.12804078494632895,2.2273337168031282e-18,35.84749845914405,1.6436699471104955e-08,True,True,True,101,4.429414987564087,t5_lam1.00_D0.06_n1600,t5,1.0,0.06,1600
True,5,5,0.0872336966632718,0.03804858916769859,0.013503938896131808,0.020846238430276633,,0.09776804159485603,20.868417037843315,0.022030018706595763,,True,1.0,1.0,9.824112398984221e-07,9.47119359765394e-07,True,0.003884613283728628,1.2166314618980378e-23,0.17126838376357834,8.409620164154086e-24,41.376454612687795,1.0356596126197327e-09,True,True,True,102,4.592674255371094,t5_lam1.00_D0.06_n1600,t5,1.0,0.06,1600
True,5,5,0.12188072909502339,0.07427456062367241,0.05035598625666536,0.03782993091587808,,0.15005378057947827,24.665619668139673,0.006016665493156291,,True,0.997289972899729,1.0,7.938008685987126e-07,9.645542570158287e-07,True,0.004336363624465504,3.55349575631253e-26,0.19333436406082877,2.724864056475501e-26,45.037578376704104,1.6604053205804319e-10,True,True,True,103,4.490786075592041,t5_lam1.00_D0.06_n1600,t5,1.0,0.06,1600
True,5,5,0.07627178112936683,0.029086922983230193,0.00442571547427302,0.020601686239654762,,0.08753567707727564,12.766952761263653,0.23699522297193704,,False,1.0,1.0,9.744304445443494e-07,9.84204536864411e-07,True,0.004148010932247114,4.0466028812220244e-25,0.1823780290715747,3.6149930922772693e-25,96.64104233385218,1.0343423208506264e-21,True,True,True,104,4.788902044296265,t5_lam1.00_D0.06_n1600,t5,1.0,0.06,1600
True,5,5,0.07760255356357243,0.030110781597935638,0.0004797919530236429,0.022543756777916483,,0.08667291624756998,13.857506175985796,0.17959097888091097,,False,1.0,1.0,9.190165892053827e-07,8.26669287951636e-07,True,0.0038175028462010666,2.896665868079752e-23,0.16542272367570804,2.995561082369045e-23,65.85234922886877,5.015844391776445e-15,True,True,True,105,4.860692024230957,t5_lam1.00_D0.06_n1600,t5,1.0,0.06,1600
True,5,5,0.08783496187571022,0.03857490263853733,0.014450738054719036,0.02147676862579887,,0.09977662935182957,18.034588827980027,0.054382972600453876,,False,1.0,1.0,8.769503115279485e-07,9.199310042161597e-07,True,0.0031631240182912477,1.377510064935241e-19,0.14101561484692152,7.965659687540204e-20,56.60073194648749,5.120439297577302e-13,True,True,True,106,4.951088190078735,t5_lam1.00_D0.06_n1600,t5,1.0,0.06,1600
True,5,5,0.08429054203638736,0.03552447738393992,0.010873616586930805,0.02230990650552002,,0.09753988642548611,16.249183422574436,0.09271797256110313,,False,1.0,1.0,8.87150518306524e-07,6.549453816188221e-07,True,0.0031432730621464506,1.7814136461024588e-19,0.13703165245200347,2.0847852182801926e-19,28.320457953088066,7.0841980324013e-07,True,True,True,107,4.883795976638794,t5_lam1.00_D0.06_n1600,t5,1.0,0.06,1600
True,5,5,0.0855207117092516,0.036568960656284615,0.01169887250837219,0.022000304825293457,,0.09786332683318517,18.12130942591152,0.05295147766561485,,False,1.0,1.0,8.909635797664399e-07,9.248562987034213e-07,True,0.0033007391101975785,2.318280431740291e-20,0.14722816029953978,1.4468025315403576e-20,44.76589160391037,1.9019984096663288e-10,True,True,True,108,4.447052955627441,t5_lam1.00_D0.06_n1600,t5,1.0,0.06,1600
True,5,5,0.05586608852111488,0.015605099233245219,-0.007841972076274167,0.016944072031128347,,0.06329067270847148,6.638391996815088,0.7590848096445476,,False,1.0,1.0,9.92545739110747e-07,7.332431677873796e-07,True,0.003536225524778365,1.1005913544827264e-21,0.15652893839141802,5.494030374150726e-22,79.95331180873161,4.348694867083986e-18,True,True,True,109,4.624157190322876,t5_lam1.00_D0.06_n1600,t5,1.0,0.06,1600
True,5,5,0.11153429529310774,0.06219949513265078,0.035167097232449526,0.032961021376386776,,0.13370351737439393,20.618846442303045,0.023913862247146693,,True,1.0,1.0,9.597337360188284e-07,8.903454563527213e-07,True,0.002714360158013812,4.631639428774507e-17,0.12069730175058895,3.48929742555555e-17,38.60813774689321,4.133799515122679e-09,True,True,True,110,4.5576491355896,t5_lam1.00_D0.06_n1600,t5,1.0,0.06,1600
True,5,5,0.12507522463045395,0.07821905908179258,0.05475486579990288,0.02791947758924023,,0.14190019011626095,38.32379743003638,3.332819578611451e-05,,True,1.0,0.997289972899729,6.663232930310123e-07,9.461136851332084e-07,True,0.0023830054398115376,3.4259690945866472e-15,0.10749394038866196,1.45355867090393e-15,26.045687767784695,2.2092800076864492e-06,True,True,True,111,4.461329221725464,t5_lam1.00_D0.06_n1600,t5,1.0,0.06,1600
True,5,5,0.09158265838162354,0.041936916581225794,0.020857874388544896,0.021347408762133174,,0.10580287058199818,20.22842959624519,0.027164673512809014,,True,1.0,0.997289972899729,9.750089627339317e-07,9.672178190888167e-07,True,0.0024228608353699063,2.0407493656932805e-15,0.10752078733253413,1.3335003469738702e-15,18.552720517155425,9.361122480152484e-05,True,True,True,112,4.5310728549957275,t5_lam1.00_D0.06_n1600,t5,1.0,0.06,1600
True,5,5,0.07736135316533407,0.029923894817857715,0.006028463788092849,0.021593235867390523,,0.09115500657911091,13.911159124816987,0.17708262303140349,,False,1.0,1.0,9.833155311405303e-07,8.323257865813042e-07,True,0.0024397755469744284,1.6380161310946842e-15,0.107462663084236,1.0215193404471516e-15,34.37179925718683,3.437625994818014e-08,True,True,True,113,4.533010005950928,t5_lam1.00_D0.06_n1600,t5,1.0,0.06,1600
True,5,5,0.11799640314222466,0.06961575577251203,0.047685254961317224,0.030218663566888147,,0.13956398771240344,26.75075668797783,0.0028514550955989594,,True,1.0,1.0,7.757777767272136e-07,7.953178888848813e-07,True,0.002923485981190147,3.0741300872506197e-18,0.1282980286908724,2.4286216557756787e-18,35.65317289466451,1.811389620094401e-08,True,True,True,114,4.514591932296753,t5_lam1.00_D0.06_n1600,t5,1.0,0.06,1600
True,5,5,0.06783528918086672,0.023008132291259066,-0.00017042384925922138,0.018114454644788208,,0.07697428476246934,10.502400024493323,0.3975743827901812,,False,1.0,1.0,9.562289324265478e-07,9.902773696901754e-07,True,0.0025488384769736046,3.9715435757224783e-16,0.11360947348485673,2.365978313945213e-16,28.528887068314283,6.383088791513056e-07,True,True,True,115,4.55193305015564,t5_lam1.00_D0.06_n1600,t5,1.0,0.06,1600
True,5,5,0.08195776209825631,0.0335853738407719,0.0084166440381859,0.022208773537419017,,0.09481226264714226,16.076307006450676,0.0974687612197451,,False,0.997289972899729,0.997289972899729,9.541412126989632e-07,6.56621279537254e-07,True,0.002639649379775118,1.2214127989075326e-16,0.11650119147857221,8.906401081961355e-17,24.800725288601814,4.117095395600037e-06,True,True,True,116,4.414586305618286,t5_lam1.00_D0.06_n1600,t5,1.0,0.06,1600
True,5,5,0.10594792993192115,0.056124819284296364,0.034591200356506514,0.023325758400686306,,0.1207962405567898,29.262874670344573,0.0011295832137882258,,True,1.0,1.0,9.206686503279901e-07,9.986123059803889e-07,True,0.003240272300869254,5.07198544894847e-20,0.14445177992845176,2.9787321773916706e-20,48.45509495465806,3.0068365487309533e-11,True,True,True,117,4.611978054046631,t5_lam1.00_D0.06_n1600,t5,1.0,0.06,1600
True,5,5,0.08908493883288997,0.03968063163429874,0.015022026003114825,0.024531244285816035,,0.10523529079189348,14.923921471197717,0.1348602591296414,,False,1.0,1.0,9.455907373175563e-07,8.286987777374734e-07,True,0.0031318882377783875,2.0644902882335216e-19,0.13914174106495833,1.331759481822495e-19,46.9054263305013,6.525534448586575e-11,True,True,True,118,4.684360980987549,t5_lam1.00_D0.06_n1600,t5,1.0,0.06,1600
True,5,5,0.0668692505874199,0.022357483370615786,-0.0013676591305203031,0.017721073761768912,,0.07453980590261804,11.94668078843748,0.2886408136326075,,False,1.0,1.0,8.961263127405684e-07,9.225701181899358e-07,True,0.0034053305732014466,5.9868069708291994e-21,0.15446702894335923,1.8545252557792722e-21,52.993078179443415,3.109562453830912e-12,True,True,True,119,4.570302963256836,t5_lam1.00_D0.06_n1600,t5,1.0,0.06,1600
True,5,5,0.08081272067207287,0.03265347911211237,0.008321114008792183,0.02198662757031628,,0.09432486216502851,15.453357127641706,0.1163866264505193,,False,1.0,1.0,9.487316976696854e-07,9.838225260272831e-07,True,0.0030693024007425016,4.644647644506196e-19,0.13498607111177585,5.767821418907195e-19,65.99411997240833,4.672603489353199e-15,True,True,True,120,4.502937078475952,t5_lam1.00_D0.06_n1600,t5,1.0,0.06,1600
True,5,5,0.10047570691648751,0.050476838401839474,0.021730423275946875,0.028225336054650017,,0.11675356068005988,19.164412756671716,0.038223406144530396,,True,1.0,1.0,9.341779564253165e-07,9.994273667739667e-07,True,0.0029197454318943385,3.2268842188888282e-18,0.13060745823799802,1.5913865832693716e-18,41.75771144539498,8.559101393454517e-10,True,True,True,121,4.551161766052246,t5_lam1.00_D0.06_n1600,t5,1.0,0.06,1600
True,5,5,0.09726812639882565,0.047305442065689624,0.023389383128509415,0.027253498950491575,,0.11680530786256557,16.947328332195912,0.07553762477745446,,False,1.0,1.0,9.516148123795377e-07,9.349787421555857e-07,True,0.003014104920216733,9.4971134627645e-19,0.1352467074479716,4.2978978352649715e-19,30.747443840798603,2.1051226480818524e-07,True,True,True,122,4.700205087661743,t5_lam1.00_D0.06_n1600,t5,1.0,0.06,1600
True,5,5,0.08980929677887675,0.04032854893958181,0.017820843246354325,0.020301224573014615,,0.10120611257906685,22.85951411249126,0.01127718290424576,,True,1.0,1.0,8.049893709430527e-07,8.637790894779138e-07,True,0.0035189764385262956,1.3757564947736608e-21,0.1560626339511362,7.284277415209743e-22,44.67761272366691,1.9878319413307207e-10,True,True,True,123,4.608475208282471,t5_lam1.00_D0.06_n1600,t5,1.0,0.06,1600
True,5,5,0.10493904048346545,0.055061011087952,0.03160526295074581,0.028411184108659667,,0.1251698862968731,21.345364779329735,0.018809963837527276,,True,1.0,1.0,9.790130592126937e-07,9.084334445115365e-07,True,0.003173611170962757,1.2025505782414425e-19,0.14375793912543297,3.483068112486149e-20,31.36271469950433,1.547651005653829e-07,True,True,True,124,4.407289981842041,t5_lam1.00_D0.06_n1600,t5,1.0,0.06,1600
True,5,5,0.06742210456122935,0.02272870091732672,-0.0005259424005863503,0.018205210223401325,,0.07670588460449347,10.356507632424707,0.4097918624730285,,False,1.0,0.997289972899729,7.904855617406061e-07,9.68129428811324e-07,True,0.0038789451082802224,1.3091102155316989e-23,0.17269866337621972,7.279608952250587e-24,47.559872345140356,4.7044075711243385e-11,True,True,True,125,4.512730121612549,t5_lam1.00_D0.06_n1600,t5,1.0,0.06,1600
True,5,5,0.09102966595853786,0.041432000422614926,0.019257635842905612,0.02083034159102562,,0.10346061932884627,22.98014556441794,0.010820102114784411,,True,1.0,1.0,7.940191696697041e-07,9.454580724783982e-07,True,0.0022219654896007478,2.7827751426372242e-14,0.09899365263598016,1.4600333853266554e-14,27.787974751156398,9.245234923436603e-07,True,True,True,126,4.532919883728027,t5_lam1.00_D0.06_n1600,t5,1.0,0.06,1600
True,5,5,0.042000078838705476,0.008820033112287377,-0.015442178526929156,0.01480669057308872,,0.04222004302547309,4.266872480767253,0.9345058446560951,,False,1.0,1.0,9.624382563317468e-07,9.90075937021451e-07,True,0.00271438241790851,4.63030171945807e-17,0.1206957782298134,2.7980985915264225e-17,19.571122754874693,5.62580521699127e-05,True,True,True,127,4.501104354858398,t5_lam1.00_D0.06_n1600,t5,1.0,0.06,1600
True,5,5,0.07734721084860155,0.029912955130290127,0.006353326377323481,0.020076869284695965,,0.0887432675058635,13.460571416815274,0.1990480319005294,,False,0.997289972899729,1.0,8.931339291553232e-07,7.30183150367725e-07,True,0.003145055861574476,1.7407461702563727e-19,0.1381343216427948,1.3724675045574829e-19,42.568365502317846,5.706855541832611e-10,True,True,True,128,4.348603010177612,t5_lam1.00_D0.06_n1600,t5,1.0,0.06,1600
True,5,5,0.05157543890124593,0.013300129489280763,-0.0091312693541582,0.015324837848788114,,0.05670246161122835,6.168228703930424,0.8009368447984504,,False,1.0,1.0,8.535036872538755e-07,8.167825387560645e-07,True,0.0021350020716592415,8.632671115715604e-14,0.09409583441745693,5.809614203025716e-14,19.946081235799518,4.664053160678867e-05,True,True,True,129,4.39126992225647,t5_lam1.00_D0.06_n1600,t5,1.0,0.06,1600
True,5,5,0.08434078433428412,0.035566839510611126,0.012716759729929448,0.02147106573626217,,0.09801379502981583,15.772545416918458,0.10633130940402072,,False,1.0,1.0,8.332988048098803e-07,7.986469092276664e-07,True,0.0036853407789147457,1.599582602440779e-22,0.162111204389269,1.105747070809169e-22,44.22300197262376,2.4951527346653466e-10,True,True,True,130,4.442151069641113,t5_lam1.00_D0.06_n1600,t5,1.0,0.06,1600
True,5,5,0.05444082926488749,0.014819019455243151,-0.00764688481212334,0.01476238878009518,,0.05768029804930611,8.672489765473578,0.5634417248265068,,False,1.0,1.0,8.213458654843444e-07,6.703337125342693e-07,True,0.0028269993765445128,1.0742300013981588e-17,0.1247153040602984,8.955547057878429e-18,35.005653508975946,2.503911200285853e-08,True,True,True,131,4.455834865570068,t5_lam1.00_D0.06_n1600,t5,1.0,0.06,1600
True,5,5,0.1398292751809198,0.09776113098810699,0.07461469780757668,0.03687854166725171,,0.1644837382999527,35.65202379716706,9.658650790880974e-05,,True,1.0,1.0,9.757185613508175e-07,8.523311525522473e-07,True,0.0029891066170226513,1.3131021179133488e-18,0.1318936965306648,1.221219387509444e-18,47.44238501325138,4.9890400490085746e-11,True,True,True,132,4.299243927001953,t5_lam1.00_D0.06_n1600,t5,1.0,0.06,1600
True,5,5,0.06650870641363876,0.02211704014407797,-0.0041499777220020476,0.020800732418398863,,0.0775424818272518,9.554562197042527,0.4804020261415798,,False,1.0,1.0,8.905473414923739e-07,8.158994886294278e-07,True,0.0032963650369565414,2.4533504327334634e-20,0.14625413807727108,1.650535927068131e-20,38.67291160001106,4.002063235218493e-09,True,True,True,133,4.4131269454956055,t5_lam1.00_D0.06_n1600,t5,1.0,0.06,1600
True,5,5,0.12529918913373297,0.07849943398785494,0.05545979540080067,0.02687669935715525,,0.14118642414828825,44.243404149907875,2.976275753534311e-06,,True,1.0,1.0,8.823702939868938e-07,8.298141168007548e-07,True,0.0033435552582071378,1.3318246096691163e-20,0.1491078588687353,7.821672161877547e-21,66.7952394638012,3.1303870749056705e-15,True,True,True,134,4.533679008483887,t5_lam1.00_D0.06_n1600,t5,1.0,0.06,1600
True,5,5,0.08941230462456559,0.03997280109138057,0.017860053490832972,0.020623944237484086,,0.10176779743308154,21.264168888490193,0.019324978052410794,,True,0.997289972899729,1.0,7.786306817480516e-07,8.928642829174428e-07,True,0.0033216752450906752,1.7678914776585938e-20,0.14799398311987788,7.727850933566377e-21,42.156054259493594,7.013408383360608e-10,True,True,True,135,4.550718307495117,t5_lam1.00_D0.06_n1600,t5,1.0,0.06,1600
True,5,5,0.08307529383151377,0.03450752222596175,0.009899889772704042,0.022198714587809934,,0.09634679649695028,14.563595821040423,0.1488008096372418,,False,1.0,1.0,6.877200375013836e-07,9.088752333008036e-07,True,0.003006869824065394,1.0430714651430098e-18,0.13517314109598244,4.311262218450569e-19,36.42865072157988,1.2291899597980231e-08,True,True,True,136,4.316740989685059,t5_lam1.00_D0.06_n1600,t5,1.0,0.06,1600
True,5,5,0.07548644286919956,0.028491015285224644,0.0034194079232595237,0.020687855726846734,,0.08654236240063262,12.54996589617913,0.24993282194738764,,False,1.0,1.0,7.612358148342331e-07,9.737122571888214e-07,True,0.002607941669950152,1.8434845982422824e-16,0.11729285554325616,9.209117011669952e-17,15.012795441995584,0.0005495571856613896,True,True,True,137,4.4294281005859375,t5_lam1.00_D0.06_n1600,t5,1.0,0.06,1600
True,5,5,0.1097880181093333,0.06026704460187647,0.03623433164391685,0.031107251236668014,,0.1322128637198672,19.436127596065084,0.03506036083802478,,True,1.0,1.0,8.463210258459382e-07,9.838381251195137e-07,True,0.0022377584213737448,2.265803692804298e-14,0.09832014361250645,1.882652891704207e-14,19.950414589116136,4.653958605330302e-05,True,True,True,138,4.43530797958374,t5_lam1.00_D0.06_n1600,t5,1.0,0.06,1600
True,5,5,0.10524726585777526,0.05538493485268613,0.032188768357675694,0.025716151796396892,,0.12205578553367614,24.027992326921296,0.00752643628477787,,True,1.0,1.0,9.718771052249281e-07,7.571874021014916e-07,True,0.00358738245661763,5.678384824880273e-22,0.15858754902031272,4.1399473353264546e-22,45.328783027965486,1.4354227655439764e-10,True,True,True,139,4.444183111190796,t5_lam1.00_D0.06_n1600,t5,1.0,0.06,1600
True,5,5,0.09146713474463951,0.0418311836919702,0.016717051300659685,0.023339209538584465,,0.1049825078385735,18.496747313568154,0.04714042568307057,,True,1.0,1.0,7.736848199441776e-07,9.246415513771427e-07,True,0.0024628229019311417,1.214080840603303e-15,0.11047562783195389,5.57494498263844e-16,44.91855921644134,1.762214614459751e-10,True,True,True,140,4.388158798217773,t5_lam1.00_D0.06_n1600,t5,1.0,0.06,1600
True,5,5,0.08911257419355943,0.03970525439701317,0.014686797906065398,0.022882692159836533,,0.10229904896878224,19.91164266252776,0.03009956352677459,,True,1.0,1.0,9.47516757345397e-07,9.95838484102046e-07,True,0.0033874392194291453,7.546737663013814e-21,0.15214482246438849,3.9974152505523376e-21,50.19459965546993,1.2600308379149164e-11,True,True,True,141,4.2235918045043945,t5_lam1.00_D0.06_n1600,t5,1.0,0.06,1600
True,5,5,0.04627905784166972,0.010708755973563057,-0.015602586738105263,0.016327891290571266,,0.04744344943542835,4.985211867456668,0.8921636863049578,,False,1.0,0.997289972899729,9.816468826659194e-07,6.638509136920609e-07,True,0.004483500294397698,5.316996452326614e-27,0.19927940944321976,2.8079049459747244e-27,68.57950043066432,1.2827756151551702e-15,True,True,True,142,4.298279047012329,t5_lam1.00_D0.06_n1600,t5,1.0,0.06,1600
True,5,5,0.10155639142785193,0.05156850319923538,0.025082610673674937,0.024428415172367653,,0.11424865685916857,28.29601863266787,0.0016183179530695293,,True,0.997289972899729,1.0,8.17325051492922e-07,9.779843353283058e-07,True,0.0021706405858597337,5.4277139447163325e-14,0.09737707480418248,2.885145305556226e-14,39.46662720756308,2.6911059236661326e-09,True,True,True,143,4.361566781997681,t5_lam1.00_D0.06_n1600,t5,1.0,0.06,1600
True,5,5,0.07672194986105643,0.02943128795241228,0.007510994393628165,0.01782155447063275,,0.0858193951301938,17.735072091298207,0.05960045813352361,,False,0.997289972899729,0.997289972899729,7.441263854446202e-07,8.393536008644083e-07,True,0.002869422429970023,6.196682005733417e-18,0.12847224742457009,3.866543054859986e-18,22.789526382418927,1.125426723777272e-05,True,True,True,144,4.256590127944946,t5_lam1.00_D0.06_n1600,t5,1.0,0.06,1600
True,5,5,0.0783754930336786,0.030713589541361015,0.00456540739916491,0.019651946274063845,,0.08589526471781118,17.14972742307349,0.0711158554464466,,False,1.0,1.0,9.86992367440179e-07,8.582517046544984e-07,True,0.00500391774086747,6.447666052371577e-30,0.2210670194700009,6.666843213386385e-30,69.6663383540585,7.449838176463437e-16,True,True,True,145,4.26376485824585,t5_lam1.00_D0.06_n1600,t5,1.0,0.06,1600
True,5,5,0.10258075325845918,0.05261405469536442,0.029255946955892374,0.02724306440613808,,0.12171014768999432,19.22904800281058,0.037448041811431576,,True,1.0,1.0,9.354625434618631e-07,7.851870432581733e-07,True,0.0040045569720385185,2.5821386019733112e-24,0.17537623635205488,2.5261713878368784e-24,51.96406663084503,5.2017119913338355e-12,True,True,True,146,4.271297931671143,t5_lam1.00_D0.06_n1600,t5,1.0,0.06,1600
True,5,5,0.1395571788728515,0.09738103087474533,0.07334472314033838,0.03451331690756451,,0.16131588739728733,38.272171562365145,3.402629245719966e-05,,True,1.0,1.0,7.952662115425489e-07,9.484965273979522e-07,True,0.002978787189538904,1.501022211757667e-18,0.13446498646909147,5.1754135683624035e-19,51.64818148148011,6.091719409889811e-12,True,True,True,147,4.236606121063232,t5_lam1.00_D0.06_n1600,t5,1.0,0.06,1600
True,5,5,0.08964335542299756,0.040179655857469326,0.015463347565631946,0.024183342834556885,,0.10511080509525529,17.425371434982303,0.06546572836321447,,False,1.0,1.0,9.283238916859283e-07,9.155400964847408e-07,True,0.0037080685733743316,1.1922538997422095e-22,0.16499819299173726,9.093222014073689e-23,59.473826748161095,1.2173700496067567e-13,True,True,True,148,4.274493932723999,t5_lam1.00_D0.06_n1600,t5,1.0,0.06,1600
True,5,5,0.11615119095569645,0.06745549580213331,0.04441735973273474,0.03107036747734929,,0.13821980058484223,23.442771352353546,0.009225100475613757,,True,1.0,1.0,9.674439862875234e-07,8.837738465352985e-07,True,0.004313866836257888,4.751327105744999e-26,0.1955045617601029,7.270158182314855e-27,69.3869287606134,8.5668243321774e-16,True,True,True,149,4.159863710403442,t5_lam1.00_D0.06_n1600,t5,1.0,0.06,1600
True,5,5,0.07938683415957799,0.0315113471894017,0.009054275418337664,0.01935485016314961,,0.0904324841064278,16.64469917321287,0.08260497330501994,,False,1.0,1.0,9.442645620341199e-07,8.53011509894583e-07,True,0.002716869705681322,4.483236705267937e-17,0.11858999920567667,5.411400808287693e-17,46.55359671580547,7.780632748555999e-11,True,True,True,150,4.288910150527954,t5_lam1.00_D0.06_n1600,t5,1.0,0.06,1600
True,5,5,0.11396246988904027,0.06493722271605205,0.040325925154170536,0.027032396436455237,,0.1302230858779379,33.77369280138506,0.00020172594622714098,,True,1.0,1.0,8.610415647076176e-07,7.763879470795127e-07,True,0.0035811213754214748,6.157402221100601e-22,0.15933255212783004,3.2351654822493406e-22,85.99847854042848,2.1167406929509277e-19,True,True,True,151,4.307170152664185,t5_lam1.00_D0.06_n1600,t5,1.0,0.06,1600
True,5,5,0.10006601831710231,0.05006604010919327,0.026949323196723787,0.02459097156209766,,0.11610156929249546,24.512043661483162,0.006351293672623132,,True,1.0,1.0,8.231303116020751e-07,8.017585338737327e-07,True,0.0028991592933066542,4.21404776212196e-18,0.12764409667491733,3.061743279065866e-18,26.378300633393657,1.8707889518321239e-06,True,True,True,152,4.220149993896484,t5_lam1.00_D0.06_n1600,t5,1.0,0.06,1600
True,5,5,0.08528942354311007,0.036371428841580095,0.010057874447141384,0.024946746376236364,,0.10108572669247846,14.105430976093164,0.16823666964684483,,False,1.0,1.0,9.333817365823481e-07,7.668027210874374e-07,True,0.0026990484415725154,5.649770339218043e-17,0.1186480947573617,4.6789112324021764e-17,26.30149388919623,1.944030924091421e-06,True,True,True,153,4.27060604095459,t5_lam1.00_D0.06_n1600,t5,1.0,0.06,1600
True,5,5,0.056972058374057534,0.016229077176885095,-0.007445580340117355,0.01640145162886211,,0.06250185094680895,8.116748226905383,0.6174341778508647,,False,1.0,1.0,7.253065267215382e-07,8.276111772810049e-07,True,0.0024698905082719182,1.1075521982231246e-15,0.10951755339322648,8.417782010113531e-16,49.41253962282143,1.862959237827724e-11,True,True,True,154,4.353181838989258,t5_lam1.00_D0.06_n1600,t5,1.0,0.06,1600
True,5,5,0.10066420553066559,0.05066641137560041,0.026812745379606855,0.024681396179842555,,0.11611204020621384,22.777689587297537,0.01159758386168768,,True,1.0,1.0,9.489202506933956e-07,9.178922572901717e-07,True,0.003957587092601425,4.737767083880438e-24,0.17642344687341646,2.357249056931596e-24,64.91668056931725,8.00796050655641e-15,True,True,True,155,4.426182985305786,t5_lam1.00_D0.06_n1600,t5,1.0,0.06,1600
True,5,5,0.09554887637211525,0.04564793887986882,0.022627361878350318,0.02373403487179002,,0.11105527922562425,22.462785465088352,0.012912981193060075,,True,0.997289972899729,1.0,9.757944214313511e-07,9.105192163184068e-07,True,0.00308912315924089,3.5927096148675297e-19,0.1393020935838654,1.503672452653505e-19,28.273559249183663,7.25228090059269e-07,True,True,True,156,4.240154981613159,t5_lam1.00_D0.06_n1600,t5,1.0,0.06,1600
True,5,5,0.07258611357323198,0.02634371941833066,0.001677671183437767,0.020975988139610848,,0.08506480042152303,10.827487486346907,0.3711154239188403,,False,1.0,1.0,9.323663025043086e-07,9.567343103867549e-07,True,0.0026247551854849276,1.4819601355024504e-16,0.1173206299027933,7.002758234889542e-17,52.64465505140961,3.701335091938653e-12,True,True,True,157,4.315820932388306,t5_lam1.00_D0.06_n1600,t5,1.0,0.06,1600
True,5,5,0.1059976855175853,0.05617754667542457,0.030816573735239737,0.03183621290940509,,0.12898254456140487,19.424085740591863,0.03519526926377022,,True,1.0,1.0,8.096809900601384e-07,7.510987513435276e-07,True,0.00379399355587061,3.925435859464057e-23,0.1671696750364551,3.585023830238086e-23,51.982571814300485,5.153804649311326e-12,True,True,True,158,4.440047979354858,t5_lam1.00_D0.06_n1600,t5,1.0,0.06,1600
True,5,5,0.08585919678016778,0.03685900835867786,0.012271575369074434,0.024887637501906354,,0.10315822427740658,14.639247515743163,0.1457781939437022,,False,1.0,0.997289972899729,9.516028701384258e-07,8.337776938305304e-07,True,0.003287332557818591,2.757697583085008e-20,0.1452622390457077,1.534838804649353e-20,50.34718489654497,1.1674753240988122e-11,True,True,True,159,4.287848949432373,t5_lam1.00_D0.06_n1600,t5,1.0,0.06,1600
True,5,5,0.06934226574355128,0.02404174909224642,-0.0001113010238312298,0.018652428210362882,,0.07819106492360378,11.461448401767,0.3227139621574486,,False,1.0,1.0,9.97263300536547e-07,9.797779313134109e-07,True,0.0031131172942451104,2.632807760626158e-19,0.1365767335011873,2.5934696349538704e-19,19.493977110817873,5.847047947746875e-05,True,True,True,160,4.275270938873291,t5_lam1.00_D0.06_n1600,t5,1.0,0.06,1600
True,5,5,0.10524037531741987,0.05537768298475698,0.0299846559814337,0.02495753179285522,,0.11919407927465885,27.391074576434917,0.002257776874287273,,True,1.0,1.0,9.205756772640115e-07,8.774752226538387e-07,True,0.0028789926890611696,5.473473899609889e-18,0.12971371885563535,3.6607330472488595e-18,33.98800993546806,4.164831323412725e-08,True,True,True,161,4.266946077346802,t5_lam1.00_D0.06_n1600,t5,1.0,0.06,1600
True,5,5,0.09972296559402523,0.0497233493343357,0.02358398907229101,0.026231158753386462,,0.11552524026111227,24.01142224168502,0.007570130276042197,,True,1.0,1.0,9.170278495039429e-07,9.203752765745098e-07,True,0.0029219059902604446,3.137749949318362e-18,0.13110791086061857,1.453434476577936e-18,35.911297706873896,1.592064959849688e-08,True,True,True,162,4.313043832778931,t5_lam1.00_D0.06_n1600,t5,1.0,0.06,1600
True,5,5,0.0885136161170319,0.03917330119056645,0.014210563007766536,0.025688768651318517,,0.10626836527942364,14.676546060851765,0.14430691068553128,,False,1.0,1.0,9.741651605745625e-07,9.020641741601687e-07,True,0.0031245873020201314,2.2692765261865485e-19,0.13949979958748654,1.2165067008199546e-19,41.482751019422835,9.82053321948759e-10,True,True,True,163,4.407949686050415,t5_lam1.00_D0.06_n1600,t5,1.0,0.06,1600
True,5,5,0.09695899046091595,0.04700522915599996,0.022029532657888557,0.026863932113349243,,0.11507977131425765,18.812863438778887,0.04270499831078979,,True,1.0,1.0,9.599073565646734e-07,7.540093878020782e-07,True,0.0038621363133923507,1.6267903838249307e-23,0.17124129187998172,1.2455079617236842e-23,61.588247880512924,4.2294305475203754e-14,True,True,True,164,4.3732008934021,t5_lam1.00_D0.06_n1600,t5,1.0,0.06,1600
True,5,5,0.10514505500854014,0.055277412963744665,0.0316429527200473,0.025565027563157032,,0.12140319685281808,24.64787603400885,0.0060544470957322296,,True,1.0,1.0,9.968608512789882e-07,7.587967017961232e-07,True,0.0030217325955862085,8.603216085025343e-19,0.1325659438275994,7.673586964003386e-19,43.55458470583598,3.48531552112507e-10,True,True,True,165,4.249763011932373,t5_lam1.00_D0.06_n1600,t5,1.0,0.06,1600
True,5,5,0.09621700969848597,0.046288564776592725,0.022065880419745144,0.025494002441087196,,0.11313689301061533,18.184004340982508,0.051937946204200065,,False,1.0,1.0,9.556130295768944e-07,9.153050052441975e-07,True,0.0026513835245285202,1.0488403281737441e-16,0.11917818075406952,6.286448071070587e-17,30.54859896995844,2.3251770018722098e-07,True,True,True,166,4.3640899658203125,t5_lam1.00_D0.06_n1600,t5,1.0,0.06,1600
True,5,5,0.11127114969063889,0.06190634376738283,0.038514435137452056,0.027230427756487714,,0.1290771110585846,29.175613613901007,0.0011670179199132534,,True,1.0,1.0,9.542437042423269e-07,9.341370690625544e-07,True,0.002225733242260143,2.649618006696767e-14,0.0991695364470827,1.750341126681719e-14,31.050327788774005,1.8092850306888367e-07,True,True,True,167,4.378671884536743,t5_lam1.00_D0.06_n1600,t5,1.0,0.06,1600
True,5,5,0.0909929550182151,0.04139858931473458,0.01732666566203029,0.024330102311199107,,0.10709446548977826,15.70567702946571,0.10837342092205446,,False,1.0,0.997289972899729,9.907712577933735e-07,9.554976803945442e-07,True,0.0023930181359490404,3.0078356403602112e-15,0.10770999855740365,1.7059159582993814e-15,31.20021677931384,1.6786455723170023e-07,True,True,True,168,4.425113677978516,t5_lam1.00_D0.06_n1600,t5,1.0,0.06,1600
True,5,5,0.11383704380078939,0.06479436270651422,0.04283294495634597,0.025673450723297707,,0.13043160161166625,31.368989441588514,0.000509792806854825,,True,1.0,0.994579945799458,9.912918911934634e-07,9.224811757000887e-07,True,0.004308582068293531,5.0868865103222074e-26,0.19178607921047763,2.379067845699308e-26,45.450365231938946,1.3507612385960046e-10,True,True,True,169,4.366139888763428,t5_lam1.00_D0.06_n1600,t5,1.0,0.06,1600
True,5,5,0.067903396343962,0.023054356175225957,-0.0008430581698649978,0.018710675317854773,,0.07737346313746052,9.891326201206578,0.45007887187609597,,False,0.997289972899729,1.0,7.365671760151984e-07,8.900120006459094e-07,True,0.003275727802426257,3.2047865922006195e-20,0.14552396751395671,2.1075623491807165e-20,38.56109836386264,4.232177580388538e-09,True,True,True,170,4.519546031951904,t5_lam1.00_D0.06_n1600,t5,1.0,0.06,1600
True,5,5,0.10630424260690857,0.05650295998114238,0.03469091210831881,0.027965429314901046,,0.12703538872785708,20.864655477908855,0.022057352346492108,,True,1.0,1.0,9.392064057871612e-07,9.714102813856368e-07,True,0.004014122587854415,2.2819228719046037e-24,0.1749092699491334,3.5154043620652595e-24,40.41019261270057,1.6789515657473216e-09,True,True,True,171,4.417030096054077,t5_lam1.00_D0.06_n1600,t5,1.0,0.06,1600
True,5,5,0.07934125219084111,0.03147517149605325,0.00844375767475707,0.01981445344193682,,0.09059319321537124,16.034456697497752,0.0986502772973213,,False,0.997289972899729,0.997289972899729,7.913987479070398e-07,8.76540002051714e-07,True,0.0024835099875157403,9.279238310072127e-16,0.11097376225501918,5.738290615752209e-16,33.928248303186315,4.291157853130478e-08,True,True,True,172,4.229030132293701,t5_lam1.00_D0.06_n1600,t5,1.0,0.06,1600
True,5,5,0.08189335203867856,0.033532605540654695,0.008401738352079129,0.021894912539305728,,0.09425037363760572,15.271143977324002,0.12248468883299338,,False,1.0,0.994579945799458,7.915926865946982e-07,9.081562559753284e-07,True,0.0035259049448647553,1.2578028579553674e-21,0.15301904751504508,1.9876860874479364e-21,66.38874521845364,3.835898840883885e-15,True,True,True,173,4.337262153625488,t5_lam1.00_D0.06_n1600,t5,1.0,0.06,1600
True,5,5,0.10198457790448269,0.0520042706517775,0.027450037718746,0.026897789801063835,,0.11974386400146286,20.299727286279435,0.026541885170980807,,True,1.0,1.0,8.523766024383335e-07,8.964636785239358e-07,True,0.003924687022318397,7.248122190853096e-24,0.17364263094957386,4.5516576522571446e-24,66.95724142795002,2.8868203771839304e-15,True,True,True,174,4.361591100692749,t5_lam1.00_D0.06_n1600,t5,1.0,0.06,1600
True,5,5,0.09249677667229121,0.04277826847381858,0.017127495379667734,0.025998743596776275,,0.10944553264615833,16.981126351646097,0.07478265014272761,,False,1.0,1.0,9.050488495352653e-07,7.641782298266454e-07,True,0.0022794751443448702,1.3167446473764133e-14,0.10066578436455295,1.0077095204398151e-14,34.53745232911601,3.164371885156356e-08,True,True,True,175,4.3880650997161865,t5_lam1.00_D0.06_n1600,t5,1.0,0.06,1600
True,5,5,0.059467873706641874,0.01768214001594554,-0.004894861447845591,0.016808535719352435,,0.06745771934163595,7.815514698561711,0.6468516264001015,,False,1.0,1.0,9.80542867775353e-07,8.783268877356838e-07,True,0.0026084564756639187,1.831203709545707e-16,0.11658462814101661,1.1232907970719525e-16,23.49177248994984,7.921846423930077e-06,True,True,True,176,4.354422092437744,t5_lam1.00_D0.06_n1600,t5,1.0,0.06,1600
True,5,5,0.10528822069856975,0.05542804708935366,0.029739092533822408,0.028971130855135807,,0.1244125091763511,20.95041932926526,0.021441960146789858,,True,1.0,1.0,9.632776165646701e-07,8.219685629098366e-07,True,0.002724310554468573,4.07059819061375e-17,0.11969861167577103,3.4638624499623644e-17,33.393023115770774,5.607860005512333e-08,True,True,True,177,4.2669150829315186,t5_lam1.00_D0.06_n1600,t5,1.0,0.06,1600
True,5,5,0.08194002663021437,0.033570839820801196,0.01150860421442872,0.020564975745637308,,0.09522077415964364,15.632785452068397,0.1106379648390506,,False,1.0,0.997289972899729,9.508024358652729e-07,8.443551941113495e-07,True,0.002843925365574536,8.62502172064505e-18,0.12788817493083568,4.204831673134418e-18,42.954970489256254,4.703776446376353e-10,True,True,True,178,4.303422212600708,t5_lam1.00_D0.06_n1600,t5,1.0,0.06,1600
True,5,5,0.1075841815945749,0.05787178064687235,0.03478251966180043,0.026120929621413824,,0.1246977349344623,26.06955733108154,0.00364775294182884,,True,1.0,1.0,8.633008437944959e-07,8.294486951029464e-07,True,0.002364748309677836,4.343781255698466e-15,0.10420058954398194,3.3137494550911205e-15,50.34609790697212,1.1681100133102562e-11,True,True,True,179,4.323144197463989,t5_lam1.00_D0.06_n1600,t5,1.0,0.06,1600
True,5,5,0.0973082628150157,0.04734449006038083,0.02280842283075366,0.02561470738681663,,0.11396566779452456,25.47660520492397,0.004511701803553471,,True,1.0,1.0,7.953230776980887e-07,7.611990167508545e-07,True,0.0037197927747152147,1.0245410257364677e-22,0.16529901362052124,6.067712674059746e-23,32.542068536163455,8.58182397898896e-08,True,True,True,180,4.257164001464844,t5_lam1.00_D0.06_n1600,t5,1.0,0.06,1600
True,5,5,0.09646283213197955,0.04652538991461233,0.02305553067154633,0.024482676244172333,,0.11253972586535994,22.599714699705956,0.012324530703102464,,True,1.0,1.0,9.260762390714659e-07,8.656025071216887e-07,True,0.00362200215708712,3.6287232601174465e-22,0.16135672825915334,1.6660752157061547e-22,79.4278851289721,5.655277100876706e-18,True,True,True,181,4.270586013793945,t5_lam1.00_D0.06_n1600,t5,1.0,0.06,1600
True,5,5,0.09409663756648197,0.04427088600658932,0.021199434269206417,0.024274295077022643,,0.11056861812317034,18.130364566104213,0.052803991650070714,,False,1.0,1.0,9.371931552117677e-07,9.281646604126075e-07,True,0.004074585602186105,1.0447980026801487e-24,0.18085208605443256,1.2015552265827643e-24,71.24002586706874,3.391758621795635e-16,True,True,True,182,4.319069862365723,t5_lam1.00_D0.06_n1600,t5,1.0,0.06,1600
True,5,5,0.09174809795329351,0.04208856739023571,0.019046267115747573,0.023165973285620627,,0.10691202205221036,17.43283349360447,0.06531852556118131,,False,1.0,1.0,8.960165684181842e-07,9.654327406650802e-07,True,0.003021787369079482,8.597111403605822e-19,0.13498086963032158,6.299549881800932e-19,27.036057095969433,1.3464641522172664e-06,True,True,True,183,4.344074010848999,t5_lam1.00_D0.06_n1600,t5,1.0,0.06,1600
True,5,5,0.0966920321352635,0.046746745392234154,0.02288017329079261,0.023268702501230726,,0.11059275111362114,22.427578824234786,0.013068523549951288,,True,1.0,1.0,9.180403432298201e-07,9.589957566112093e-07,True,0.003027341304252045,8.000077483578793e-19,0.13416051073372667,4.012704324621849e-19,66.49172339678691,3.6433904721667344e-15,True,True,True,184,4.314785957336426,t5_lam1.00_D0.06_n1600,t5,1.0,0.06,1600
True,5,5,0.09480311428370435,0.04493815238944553,0.01889717935037946,0.0258563609225459,,0.11083962142987984,17.055564206332463,0.07314349189922353,,False,1.0,1.0,8.510435840656972e-07,8.738515754736844e-07,True,0.003311717901156213,2.011121483887147e-20,0.1470975206506685,9.693832880885313e-21,46.312647195882505,8.776804813831285e-11,True,True,True,185,4.291719913482666,t5_lam1.00_D0.06_n1600,t5,1.0,0.06,1600
True,5,5,0.09666638425202301,0.0467219492217988,0.019794894497945817,0.028851227948540475,,0.11597494680413206,16.635558493610745,0.08282724595067746,,False,1.0,1.0,9.959919929145894e-07,8.519261128601432e-07,True,0.0033496185941852773,1.2312911131766134e-20,0.15004446638403476,5.254730502469294e-21,36.6941456389209,1.0763846986751264e-08,True,True,True,186,4.325377941131592,t5_lam1.00_D0.06_n1600,t5,1.0,0.06,1600
True,5,5,0.12234315473923696,0.0748392375577444,0.05002465817743752,0.03393313205139907,,0.14549205717564415,24.54712332330373,0.006273323970163827,,True,1.0,1.0,9.851132998924527e-07,8.425091193059343e-07,True,0.0036032228068176254,4.626384181809656e-22,0.16134328201452333,1.9811800094891048e-22,43.48182970288215,3.6144369096019197e-10,True,True,True,187,4.418598890304565,t5_lam1.00_D0.06_n1600,t5,1.0,0.06,1600
True,5,5,0.08088015817380297,0.03270799993109694,0.007004092493963998,0.023729558694718746,,0.0959538880701871,16.167985895445753,0.09492352989866053,,False,1.0,0.997289972899729,8.982972167236206e-07,8.644106367646145e-07,True,0.003417531795729426,5.112315624009756e-21,0.1501606356912809,4.347814332575824e-21,20.76445580982241,3.0978166597886074e-05,True,True,True,188,4.291622161865234,t5_lam1.00_D0.06_n1600,t5,1.0,0.06,1600
True,5,5,0.12484782200632474,0.07793489329861472,0.05742469526898714,0.028415529355517312,,0.14433577643200995,35.23413558011481,0.00011388153297539208,,True,1.0,1.0,9.775835669568671e-07,9.231873478272237e-07,True,0.002665823397890809,8.695762818404537e-17,0.1179554269162057,7.427203714748547e-17,35.583765924496014,1.8753546378126183e-08,True,True,True,189,4.331851005554199,t5_lam1.00_D0.06_n1600,t5,1.0,0.06,1600
True,5,5,0.08459669742584659,0.0357830060768012,0.00975882957734961,0.025418446462749992,,0.10155634242436634,13.21767631565707,0.21175469653407672,,False,1.0,1.0,9.072149092955539e-07,7.820003412664545e-07,True,0.0029355707015479558,2.6283399713995307e-18,0.12986192378702008,1.9103896469633845e-18,39.6626670507642,2.4398396295829036e-09,True,True,True,190,4.420080900192261,t5_lam1.00_D0.06_n1600,t5,1.0,0.06,1600
True,5,5,0.08603701776209155,0.03701184212697228,0.013408874176957662,0.02535458963688336,,0.1049890117117515,13.188547819889598,0.21332016009223984,,False,1.0,0.997289972899729,9.94274721573745e-07,9.072394182277795e-07,True,0.0030758552612693032,4.266572680734504e-19,0.13560541142904184,3.6378793298632265e-19,28.529561318721285,6.380937254094377e-07,True,True,True,191,4.370834827423096,t5_lam1.00_D0.06_n1600,t5,1.0,0.06,1600
True,5,5,0.0948698110286696,0.045001405223077405,0.0195440088015402,0.02518874936023149,,0.11043171151900938,21.33032668910908,0.018904365530901208,,True,1.0,0.997289972899729,6.144164475093311e-07,8.31090276502317e-07,True,0.002377101357086549,3.699288033993525e-15,0.1064969646257319,1.893009501171334e-15,25.387928244636413,3.069597469715832e-06,True,True,True,192,4.428780794143677,t5_lam1.00_D0.06_n1600,t5,1.0,0.06,1600
True,5,5,0.09048575866053099,0.04093836260185929,0.017361248402180358,0.023411934414385598,,0.10570757176061939,17.673663791197555,0.06072438270476838,,False,1.0,1.0,9.324860134533833e-07,9.00482995033915e-07,True,0.0032821294444758766,2.9498705250100194e-20,0.1462176938453232,2.0694163064450627e-20,30.899668454409316,1.9508426818248424e-07,True,True,True,193,4.349816083908081,t5_lam1.00_D0.06_n1600,t5,1.0,0.06,1600
True,5,5,0.09777831879496622,0.04780299813185023,0.022673640698275804,0.025571776207549073,,0.1137852974165417,19.556315454050438,0.033739763443560944,,True,1.0,1.0,9.95975027902351e-07,8.505984428137422e-07,True,0.0034929576268927865,1.926370330158186e-21,0.15823452074480635,5.659656025747521e-22,85.82949929577958,2.303355836746442e-19,True,True,True,194,4.396268129348755,t5_lam1.00_D0.06_n1600,t5,1.0,0.06,1600
True,5,5,0.07044172556538987,0.02481018350314851,0.0011828048026781765,0.0187471942192157,,0.08002399041452354,12.130663589073716,0.27640687670058445,,False,1.0,1.0,8.468349659305546e-07,8.146783284069907e-07,True,0.0035585929168290556,8.240625846966906e-22,0.15798350995966381,3.649394539824213e-22,27.873434901338694,8.858506645920414e-07,True,True,True,195,4.3618738651275635,t5_lam1.00_D0.06_n1600,t5,1.0,0.06,1600
True,5,5,0.10314207698429614,0.05319144022317236,0.029693565550049004,0.02564123655843867,,0.11989132287427437,24.380148713127006,0.006652827596115198,,True,0.997289972899729,1.0,9.46215904211625e-07,9.051869258371223e-07,True,0.0032892997733091475,2.6883475713404466e-20,0.14499826322963805,2.3693729912763346e-20,64.00572215511426,1.2627984172804781e-14,True,True,True,196,4.306633949279785,t5_lam1.00_D0.06_n1600,t5,1.0,0.06,1600
True,5,5,0.11021093839220371,0.060732254706450606,0.03825882702645406,0.027744466019472256,,0.12953332589447,27.511067513804846,0.0021606948952316656,,True,1.0,1.0,9.935149091257233e-07,9.101152524886926e-07,True,0.003535262993284707,1.1143818619620955e-21,0.15631331468491627,8.938759718535655e-22,45.290006401412064,1.463524736409891e-10,True,True,True,197,4.243157863616943,t5_lam1.00_D0.06_n1600,t5,1.0,0.06,1600
True,5,5,0.08222317539755707,0.033803252862287164,0.0025688041782292205,0.025515463528703732,,0.09438008996262459,16.53245762399746,0.08537113169091318,,False,1.0,1.0,8.881439644686025e-07,9.950559144977637e-07,True,0.0032292750102344376,5.848231823616171e-20,0.14394290161527448,3.7211345881932503e-20,73.39427542041133,1.1551425747518172e-16,True,True,True,198,4.434222936630249,t5_lam1.00_D0.06_n1600,t5,1.0,0.06,1600
True,5,5,0.10883778371024766,0.05922831581479326,0.03675949600570007,0.025450554757328905,,0.1253969164742256,30.09579803986504,0.0008262704902368309,,True,1.0,1.0,9.582776038036184e-07,9.703207409678123e-07,True,0.002691153584798167,6.259336728397448e-17,0.12124361996414162,2.7151446359532677e-17,41.21035235255888,1.1253450060279492e-09,True,True,True,199,4.282684803009033,t5_lam1.00_D0.06_n1600,t5,1.0,0.06,1600
True,5,5,0.11101822283413433,0.06162522900624752,0.038519419496610266,0.02698215028037528,,0.1287642087291614,28.68156189677262,0.0014028016067231604,,True,1.0,1.0,9.68014465643437e-07,9.068837512067659e-07,True,0.002665625856324812,8.71808791398578e-17,0.11979605961456047,4.048773885378472e-17,40.524867424392724,1.5853926807468971e-09,True,True,True,200,4.248598098754883,t5_lam1.00_D0.06_n1600,t5,1.0,0.06,1600
True,5,5,0.07899489667316548,0.03120096850202045,0.0074862497535036765,0.02039396666411206,,0.09058845377739462,14.406844564511905,0.15522973554675137,,False,1.0,1.0,8.654796564583307e-07,9.349950122542931e-07,True,0.00326084591787305,3.8858167581501357e-20,0.1459650560456294,2.098763507203254e-20,34.52066681116722,3.1910414547820966e-08,True,True,True,201,4.296257019042969,t5_lam1.00_D0.06_n1600,t5,1.0,0.06,1600
True,5,5,0.08536977560369953,0.03643999293313005,0.010730481547229647,0.026147014280368124,,0.10367110766288272,13.979733940297429,0.173918014420881,,False,1.0,1.0,9.320640991393696e-07,9.404492087299716e-07,True,0.002771349699732572,2.211057454219394e-17,0.12432915272631605,1.1224625241774347e-17,16.147775165110676,0.0003115696707722122,True,True,True,202,4.616151809692383,t5_lam1.00_D0.06_n1600,t5,1.0,0.06,1600
True,5,5,0.0771200268732694,0.02973749272466897,0.005736453665532337,0.0227015413788026,,0.09281935826091958,11.420825363914574,0.32568478229510356,,False,1.0,1.0,7.988744306642504e-07,8.494553396891717e-07,True,0.0028110026209322648,1.32192551506507e-17,0.12428651598536221,1.2361956272312778e-17,32.85185594539412,7.350385576637816e-08,True,True,True,203,4.583791971206665,t5_lam1.00_D0.06_n1600,t5,1.0,0.06,1600
True,5,5,0.07646532431891602,0.02923472911598505,0.005446817502988532,0.0211914483652752,,0.0897815662672091,12.8829530562404,0.2302898869751602,,False,1.0,1.0,9.276667017353335e-07,8.552501018630562e-07,True,0.0027728183524031846,2.1693285909618486e-17,0.12626381895941566,7.773267124268164e-18,44.959963294769054,1.7261082061499242e-10,True,True,True,204,4.475297927856445,t5_lam1.00_D0.06_n1600,t5,1.0,0.06,1600
True,5,5,0.11518051976108822,0.06633276066217217,0.04290016294834173,0.030317167063424688,,0.13621120743280235,24.91549621915742,0.005508002151642747,,True,0.997289972899729,1.0,6.775312761836923e-07,8.867344481909397e-07,True,0.004059112179033746,1.2760041209249008e-24,0.17816197695860736,1.2308708918266678e-24,47.17129826082373,5.713243452000973e-11,True,True,True,205,4.3573291301727295,t5_lam1.00_D0.06_n1600,t5,1.0,0.06,1600
True,5,5,0.09481198553244378,0.04494656300302165,0.024027013829825885,0.023229071332235975,,0.1115665147446748,19.894562738153144,0.030265868195031565,,True,1.0,1.0,9.17520439189686e-07,9.160801075313422e-07,True,0.003593572143090895,5.241478416125947e-22,0.1607255918075353,3.602415220848919e-22,44.37468781830973,2.3129112693234112e-10,True,True,True,206,4.370439052581787,t5_lam1.00_D0.06_n1600,t5,1.0,0.06,1600
True,5,5,0.07631568399973501,0.029120418121737057,0.004499296445723739,0.01926075122282675,,0.0850651667281036,16.503091115874838,0.08610820194418536,,False,1.0,1.0,9.093736960805518e-07,8.725075812112201e-07,True,0.003393647306875744,6.964085589950167e-21,0.15041649149775144,5.309860760928409e-21,55.20782970155342,1.027476981959912e-12,True,True,True,207,4.365449905395508,t5_lam1.00_D0.06_n1600,t5,1.0,0.06,1600
True,5,5,0.08609095160632536,0.03705825974241328,0.01016944460854,0.024794290051711704,,0.10094792967444632,14.263382459313595,0.16131334198274125,,False,0.994579945799458,1.0,9.752837149754268e-07,8.682341299709564e-07,True,0.0024951676180786746,7.975088403020845e-16,0.11245360843760241,3.116156971828339e-16,27.65898333420492,9.861161726712592e-07,True,True,True,208,4.299215793609619,t5_lam1.00_D0.06_n1600,t5,1.0,0.06,1600
True,5,5,0.0980810975395398,0.048099508472803594,0.02420460498009966,0.024202364107700533,,0.11314941569752007,22.738534550722285,0.011753939230419614,,True,1.0,1.0,9.027521030769476e-07,6.879165404366395e-07,True,0.0026963063372563273,5.854446370656291e-17,0.11900730621920977,3.792556080394492e-17,36.675162340700396,1.0866500048166773e-08,True,True,True,209,4.368714094161987,t5_lam1.00_D0.06_n1600,t5,1.0,0.06,1600
True,5,5,0.09828849582274662,0.04830314205549041,0.023245016117443645,0.023385936055394616,,0.11109586658180824,24.38011742534338,0.0066529007233642815,,True,1.0,1.0,7.559502682072782e-07,7.78063248703497e-07,True,0.0030864683233201226,3.7184358418797557e-19,0.13728281416144372,1.887479478924923e-19,32.40109272424174,9.208568247006082e-08,True,True,True,210,4.531816244125366,t5_lam1.00_D0.06_n1600,t5,1.0,0.06,1600
True,5,5,0.07364636253929499,0.027118933576346357,0.0026575751713757215,0.01847920153588294,,0.08130578926600489,17.04905023365255,0.07328564485204339,,False,1.0,1.0,8.817762049656542e-07,8.226984209283215e-07,True,0.003386476195599302,7.641390480635835e-21,0.14888085311405153,6.4209902158462874e-21,41.14979551790037,1.1599397661023248e-09,True,True,True,211,4.553700923919678,t5_lam1.00_D0.06_n1600,t5,1.0,0.06,1600
True,5,5,0.11791970829874157,0.06952528802630151,0.04516921911198245,0.028105376607315796,,0.1352024036482805,31.85018997784556,0.00042411416717787106,,True,1.0,1.0,9.23230669212392e-07,8.944750730480004e-07,True,0.0033924941141477132,7.068805804750444e-21,0.15305727387383247,2.3976434202631337e-21,69.16168419667557,9.588067816114066e-16,True,True,True,212,4.491164922714233,t5_lam1.00_D0.06_n1600,t5,1.0,0.06,1600
True,5,5,0.06745995889587861,0.022754230271168158,0.0008104371525911626,0.01766259708220051,,0.07728237059592719,11.596878026826893,0.3129412431944395,,False,1.0,1.0,9.85822790811328e-07,9.860800313498429e-07,True,0.0030246377778524935,8.285332677415445e-19,0.1352472124015282,5.006512648629453e-19,42.21245154232318,6.818402172021551e-10,True,True,True,213,4.4021828174591064,t5_lam1.00_D0.06_n1600,t5,1.0,0.06,1600
True,5,5,0.12052914944066387,0.07263637932444943,0.048089725091145105,0.03264840292896635,,0.14268256309936997,29.6893154326959,0.0009628024207091935,,True,1.0,1.0,9.961188229769743e-07,8.10447650114775e-07,True,0.003252901477564339,4.306821716382977e-20,0.14308691794116768,2.705198351217306e-20,44.10654163270706,2.6447594436314515e-10,True,True,True,214,4.402845859527588,t5_lam1.00_D0.06_n1600,t5,1.0,0.06,1600
True,5,5,0.12145928849016606,0.07376179380268694,0.046037008272615226,0.03354930571108809,,0.1422819071092331,25.987874805987964,0.003756527870425547,,True,1.0,1.0,8.667746114015884e-07,9.674208372963103e-07,True,0.003543361318004147,1.0035394501997682e-21,0.15992969999320059,3.1528570661518925e-22,56.7624178898847,4.722778369292227e-13,True,True,True,215,4.41060209274292,t5_lam1.00_D0.06_n1600,t5,1.0,0.06,1600
True,5,5,0.0635192467536034,0.020173473540725784,-0.0010259273525029845,0.016041125390882493,,0.07121709896797739,10.481216573333509,0.3993354238324894,,False,1.0,1.0,9.159073658677695e-07,8.840951410820905e-07,True,0.003114715609543783,2.5788534284427123e-19,0.1380669230076609,1.454932825847096e-19,14.61236036871411,0.0006713766954802098,True,True,True,216,4.326952934265137,t5_lam1.00_D0.06_n1600,t5,1.0,0.06,1600
True,5,5,0.0859622897585435,0.03694757630265896,0.013610583902896278,0.022731976469713946,,0.10099639384342471,15.736893559544612,0.10741591238568074,,False,1.0,1.0,9.75656701049165e-07,8.890170710432295e-07,True,0.002712752434071844,4.7292850578350284e-17,0.11976052768968996,3.179769325363324e-17,19.04308458433127,7.325659410807153e-05,True,True,True,217,4.352232933044434,t5_lam1.00_D0.06_n1600,t5,1.0,0.06,1600
True,5,5,0.1412496094500266,0.09975726084892522,0.0780949465769428,0.03360920148120865,,0.1633261543857882,43.768732227228625,3.621870566922199e-06,,True,1.0,1.0,7.367673089981255e-07,8.412122900430298e-07,True,0.004556459982137875,2.0733265465313628e-27,0.20297096300829712,1.32274179038173e-27,62.31371161453001,2.942723445747825e-14,True,True,True,218,4.362133979797363,t5_lam1.00_D0.06_n1600,t5,1.0,0.06,1600
True,5,5,0.09922424863276733,0.04922725758368614,0.02212319133741,0.03069721821857488,,0.12051192643182973,17.583834831074373,0.062402861644725735,,False,1.0,0.997289972899729,9.294505863509231e-07,8.437736656222734e-07,True,0.0036769687844165093,1.782482360853146e-22,0.16161141410612348,2.0310220810123575e-22,49.41376935351567,1.8618141208317423e-11,True,True,True,219,4.5217719078063965,t5_lam1.00_D0.06_n1600,t5,1.0,0.06,1600
True,5,5,0.12175882276818607,0.07412605460947275,0.05189705900891182,0.02837810960960209,,0.14041003918971906,33.0948033073696,0.00026257101729535256,,True,1.0,1.0,9.060170097124213e-07,9.063817240192567e-07,True,0.002023078488573254,3.710334012974557e-13,0.08876724508444138,4.4450889764255607e-13,28.380574305052114,6.874428401060608e-07,True,True,True,220,4.454859018325806,t5_lam1.00_D0.06_n1600,t5,1.0,0.06,1600
True,5,5,0.10222732543100226,0.052252130323880194,0.02862283262077423,0.026758996620951228,,0.12053005041592577,20.367323384001338,0.02596372388239815,,True,1.0,1.0,7.730619225579932e-07,9.615746380711475e-07,True,0.0038708502649650806,1.453502403328558e-23,0.17145122219179917,8.693684393511278e-24,43.610281941007244,3.3895933533623214e-10,True,True,True,221,4.404267072677612,t5_lam1.00_D0.06_n1600,t5,1.0,0.06,1600
True,5,5,0.10231432946262944,0.052341110066937424,0.030212765092958265,0.02463080623560732,,0.11893429788276878,22.446874899778464,0.012983055612547966,,True,1.0,1.0,9.140323900056131e-07,9.470252545546947e-07,True,0.003198826720657568,8.675050873852144e-20,0.14287910655878183,5.098827502431679e-20,48.825194704925394,2.4988701019050217e-11,True,True,True,222,4.3862268924713135,t5_lam1.00_D0.06_n1600,t5,1.0,0.06,1600
True,5,5,0.08773033935462206,0.03848306221638574,0.01303932514931478,0.02611590377797226,,0.10582642788984999,13.72739345545318,0.18579307981958287,,False,0.997289972899729,1.0,9.623522551278842e-07,9.101642207840357e-07,True,0.0033237774759644033,1.7204282405172727e-20,0.14831470381219364,7.227895660503906e-21,35.26317621203637,2.201398054683174e-08,True,True,True,223,4.420495271682739,t5_lam1.00_D0.06_n1600,t5,1.0,0.06,1600
True,5,5,0.1418497026131147,0.10060669065714539,0.07764921295106683,0.036002280680997846,,0.16544950583651258,39.29137030769878,2.2572223527974162e-05,,True,1.0,1.0,6.3773660178174e-07,9.453450779261801e-07,True,0.0035109506444249033,1.5262892747068467e-21,0.15401771032427403,1.3750434214265925e-21,65.32533744450883,6.528046055166309e-15,True,True,True,224,4.470389127731323,t5_lam1.00_D0.06_n1600,t5,1.0,0.06,1600
True,5,5,0.07755321739142698,0.030072507638809663,0.008368370697728212,0.018860995267931748,,0.08876029199152097,15.676250182287154,0.10928277329802388,,False,1.0,1.0,9.170185577905905e-07,7.33419358771021e-07,True,0.0022552652763631843,1.804228096770507e-14,0.09948272577484898,1.4163871484007863e-14,25.629938180843602,2.719754088394965e-06,True,True,True,225,4.331484794616699,t5_lam1.00_D0.06_n1600,t5,1.0,0.06,1600
True,5,5,0.08149777878867531,0.03320943973743928,0.010454517381877727,0.019371040141189486,,0.09199678583074064,18.202053253377727,0.05164944725992343,,False,1.0,1.0,8.168174619708031e-07,8.355852252318009e-07,True,0.002281939707425537,1.275197979304143e-14,0.1013576430682318,9.005260062418533e-15,31.348630225875354,1.558588397190936e-07,True,True,True,226,4.4006431102752686,t5_lam1.00_D0.06_n1600,t5,1.0,0.06,1600
True,5,5,0.11228532479089051,0.06303997081697886,0.03954045009958594,0.03026316304539179,,0.13365547021938337,23.154331310432976,0.010191029092041181,,True,1.0,1.0,9.714193545688659e-07,9.299640878509187e-07,True,0.0025907826715449067,2.3035575303613037e-16,0.11574090298835131,1.6261614763151743e-16,47.959662897175455,3.852046534023844e-11,True,True,True,227,4.408555030822754,t5_lam1.00_D0.06_n1600,t5,1.0,0.06,1600
True,5,5,0.11025978311533124,0.06078609886319943,0.038013234242600516,0.027233727070181405,,0.12869244654554896,27.336402907911186,0.0023033962105000845,,True,1.0,0.997289972899729,8.886384163843334e-07,9.668726621598814e-07,True,0.003648101796733301,2.5891391238597943e-22,0.164224845754753,1.125578844389551e-22,106.3880370059533,7.909176984387362e-24,True,True,True,228,4.416035175323486,t5_lam1.00_D0.06_n1600,t5,1.0,0.06,1600
True,5,5,0.07213433848339566,0.026016813942185486,0.0022631800053240676,0.01996587701145537,,0.08379036367373452,13.321370867554407,0.2062544917821815,,False,1.0,1.0,9.256441041737733e-07,8.321245214241488e-07,True,0.002316173738301391,8.169407168302667e-15,0.10425252125512816,3.2338282452730637e-15,10.514016814882131,0.005210870224860513,True,True,True,229,4.400628089904785,t5_lam1.00_D0.06_n1600,t5,1.0,0.06,1600
True,5,5,0.11180601948684175,0.06250292996746018,0.03912778334960872,0.02879845734369516,,0.13152720658631276,23.631669440177426,0.008640431238034103,,True,0.997289972899729,1.0,9.978101597035823e-07,9.142616371737066e-07,True,0.003409515792785016,5.671157660401562e-21,0.1504770897968548,4.099785316735822e-21,39.67740068110765,2.421931824715334e-09,True,True,True,230,4.409310817718506,t5_lam1.00_D0.06_n1600,t5,1.0,0.06,1600
True,5,5,0.10240893194819431,0.052437946713849465,0.028496329742773496,0.02586576176471469,,0.11919875988895788,22.34669902218851,0.013432588662854749,,True,1.0,1.0,8.279424956898333e-07,9.383684512506208e-07,True,0.004051956041059044,1.399604788497309e-24,0.17883602560508885,1.6327356276161551e-24,71.52807766878327,2.936806168204544e-16,True,True,True,231,4.414444208145142,t5_lam1.00_D0.06_n1600,t5,1.0,0.06,1600
True,5,5,0.0825748944045483,0.034093065929611505,0.01044467975595332,0.021879302896048995,,0.09636693466089845,14.194403939474416,0.1643074995628188,,False,1.0,1.0,8.898063504590348e-07,8.408445591805083e-07,True,0.003762713585346066,5.881890308095255e-23,0.16618569127316243,4.4114454269810115e-23,44.21449154652235,2.505792762884097e-10,True,True,True,232,4.389180898666382,t5_lam1.00_D0.06_n1600,t5,1.0,0.06,1600
True,5,5,0.07669831995072267,0.02941316141631712,0.0064934999426367775,0.018344281884401556,,0.08563545823315814,16.149963206779795,0.095419250642385,,False,1.0,1.0,7.829690323330556e-07,8.737727869651873e-07,True,0.0029392112009932786,2.5071774640462023e-18,0.13043143403104168,1.7554556958680477e-18,28.5646215286882,6.27005349567629e-07,True,True,True,233,4.287059783935547,t5_lam1.00_D0.06_n1600,t5,1.0,0.06,1600
True,5,5,0.07514080567514408,0.028230703387548822,0.0025816258072532267,0.02159993667797883,,0.08730447868689079,12.037165343564377,0.28257686455221076,,False,1.0,1.0,9.927738446656305e-07,9.267647087435135e-07,True,0.0026419809714232157,1.1849975115037604e-16,0.11712225634447754,8.869978128372206e-17,35.00616971907506,2.503265011557291e-08,True,True,True,234,4.790327072143555,t5_lam1.00_D0.06_n1600,t5,1.0,0.06,1600
True,5,5,0.0823514669423015,0.03390882053774488,0.012038772315599938,0.020713888574191628,,0.09603133557868254,14.950289945622128,0.13388473332406375,,False,1.0,1.0,7.663019215312889e-07,9.116864981361842e-07,True,0.0025059252875334367,6.934904111173812e-16,0.11198092796924125,5.151190510631122e-16,11.37063667037146,0.003395452185668617,True,True,True,235,4.7318501472473145,t5_lam1.00_D0.06_n1600,t5,1.0,0.06,1600
True,5,5,0.10177184220629798,0.05178753933031807,0.028697331336400716,0.02501739460949036,,0.11819245627086115,23.61412030080121,0.008693224828235811,,True,1.0,1.0,6.63437366161e-07,9.39051458352889e-07,True,0.004231859527771374,1.3700908971062969e-25,0.18911927202594758,6.909327805775996e-26,65.51939966915768,5.924383081484999e-15,True,True,True,236,4.730688095092773,t5_lam1.00_D0.06_n1600,t5,1.0,0.06,1600
True,5,5,0.07524178200896653,0.02830662879942419,0.00012671102644493462,0.02194842766232677,,0.085121867781088,12.897840123872395,0.22943992587181208,,False,1.0,1.0,8.48057080896687e-07,7.683618577173088e-07,True,0.003473828806742744,2.4673497893001862e-21,0.15514031138561024,1.5181714334669931e-21,55.39626128627306,9.35092777626651e-13,True,True,True,237,4.694080114364624,t5_lam1.00_D0.06_n1600,t5,1.0,0.06,1600
True,5,5,0.09455428039941176,0.04470255970925291,0.01791970892839874,0.026148221233574923,,0.11038995014291286,17.18439472967059,0.07038207861077106,,False,1.0,1.0,9.23295959537994e-07,9.128799404968594e-07,True,0.0035787690149829553,6.347642733192555e-22,0.15784712298016762,5.091383019642369e-22,35.33018872737138,2.1288594786201588e-08,True,True,True,238,5.241379976272583,t5_lam1.00_D0.06_n1600,t5,1.0,0.06,1600
True,5,5,0.07389003230910053,0.027298684373199607,0.0029675280415363756,0.01951815225852654,,0.08375205260214799,12.556964131059104,0.24950748660092187,,False,0.997289972899729,1.0,7.222690959035988e-07,8.179586124870465e-07,True,0.002640589377525887,1.2065989310482283e-16,0.1193913233973153,5.624562701093559e-17,38.68950560744306,3.968995473056247e-09,True,True,True,239,5.346358060836792,t5_lam1.00_D0.06_n1600,t5,1.0,0.06,1600
True,5,5,0.0810291732345524,0.032828634575375513,0.009945542403283832,0.021308533995315043,,0.09486301895944121,13.933552804329523,0.1760441045954158,,False,1.0,1.0,9.303813435824679e-07,9.523212406703493e-07,True,0.0022632263963272854,1.62669927573427e-14,0.10280278506472347,5.99351143609351e-15,30.72117124113076,2.1329586007994093e-07,True,True,True,240,5.382467031478882,t5_lam1.00_D0.06_n1600,t5,1.0,0.06,1600
True,5,5,0.07194529787068832,0.025880629428510344,0.0026475314955141972,0.018974564643449886,,0.08228962628316877,12.473651046303516,0.2546061280584195,,False,0.997289972899729,1.0,9.272571575954596e-07,7.044649742803798e-07,True,0.0035659983914358394,7.487831604351315e-22,0.15888865292137572,5.3097441871086335e-22,68.97003472215967,1.055230296714636e-15,True,True,True,241,5.208498954772949,t5_lam1.00_D0.06_n1600,t5,1.0,0.06,1600
True,5,5,0.11759317047934197,0.06914076871691792,0.040218306366482395,0.03541769390818553,,0.14033903851004426,25.93479782220252,0.0038288758544149483,,True,1.0,1.0,9.702728854034205e-07,9.75400713128322e-07,True,0.0028071531813083483,1.3896065169110206e-17,0.12590297549141233,5.089242397231962e-18,33.077575390070294,6.565922717569931e-08,True,True,True,242,5.54373574256897,t5_lam1.00_D0.06_n1600,t5,1.0,0.06,1600
True,5,5,0.10104150560394677,0.05104692927356203,0.029019209254879524,0.02489856012059056,,0.11829936278366183,22.195457975944556,0.014139246775417162,,True,1.0,1.0,8.290539285459733e-07,9.962983951472093e-07,True,0.0033231425217042803,1.7346280181198288e-20,0.14592137010187353,1.2903575847744414e-20,21.904406192324146,1.7519375883786844e-05,True,True,True,243,5.5474936962127686,t5_lam1.00_D0.06_n1600,t5,1.0,0.06,1600
True,5,5,0.06793275581143306,0.023074296560678963,4.099547431804518e-05,0.020613520766598392,,0.08239808234600718,7.258512867631502,0.7008351089513181,,False,1.0,1.0,8.649386259151897e-07,9.663070541044404e-07,True,0.003064461185679698,4.945331196979495e-19,0.13542285419155234,2.981998753777978e-19,57.776521297468506,2.8443812587684217e-13,True,True,True,244,5.4109930992126465,t5_lam1.00_D0.06_n1600,t5,1.0,0.06,1600
True,5,5,0.07265391385524358,0.026392955992425776,-0.0003855070353951731,0.021786856042609336,,0.0842029478654523,10.702596318801861,0.3811530073689963,,False,1.0,1.0,8.923370588343141e-07,8.57395387731816e-07,True,0.0038924159621252343,1.0999197051639458e-23,0.171668148763151,9.429646245949821e-24,44.89091866481165,1.786737975957465e-10,True,True,True,245,5.152949094772339,t5_lam1.00_D0.06_n1600,t5,1.0,0.06,1600
True,5,5,0.07885864958993516,0.0310934330757409,0.005326828858791623,0.02134785507448121,,0.0899343379423971,14.236024414908005,0.16249546788278138,,False,1.0,1.0,9.381687816907583e-07,7.971820086100773e-07,True,0.0026742541324513503,7.794422472361803e-17,0.11785463638115809,6.401857533124877e-17,34.2008251261345,3.7444254259464994e-08,True,True,True,246,4.938727855682373,t5_lam1.00_D0.06_n1600,t5,1.0,0.06,1600
True,5,5,0.09910488717077809,0.04910889330566327,0.025317569237010385,0.027263198023262814,,0.11845804268843077,17.06643532457726,0.07290680075888531,,False,1.0,1.0,8.276406706251046e-07,9.916787992140652e-07,True,0.0029360725000332245,2.6112973834064578e-18,0.13320645036941292,7.134003636321211e-19,42.45940730817664,6.026384682855928e-10,True,True,True,247,4.865255832672119,t5_lam1.00_D0.06_n1600,t5,1.0,0.06,1600
True,5,5,0.07800879284311867,0.030426858804203007,0.0065710510217796,0.019531562261143488,,0.08797455546582769,17.395059864994465,0.06606674226184059,,False,0.997289972899729,1.0,9.83565052022562e-07,9.97609299657854e-07,True,0.004107495304532067,6.829506072133109e-25,0.18300592653173464,3.502122562116636e-25,57.01341896365068,4.1657516482237143e-13,True,True,True,248,4.873224973678589,t5_lam1.00_D0.06_n1600,t5,1.0,0.06,1600
True,5,5,0.10002094328450821,0.05002094547761404,0.025583139015684105,0.027144877285350068,,0.11851792174320708,19.004032756754935,0.04021149009840266,,True,0.997289972899729,1.0,7.643803208260243e-07,9.51586032296321e-07,True,0.002886160252144949,4.987689894614029e-18,0.1288328875894789,3.0379051101802124e-18,18.82931389258519,8.15204257602795e-05,True,True,True,249,4.821774244308472,t5_lam1.00_D0.06_n1600,t5,1.0,0.06,1600
True,5,5,0.07076429321578638,0.02503792597164895,0.0016467875944134389,0.01977797549967714,,0.08267848853095312,10.399895148114604,0.40613681246100425,,False,1.0,1.0,9.508303223565316e-07,8.8700395010696e-07,True,0.0016321966414847475,6.112279615200948e-11,0.07308322103825315,4.4406806405404064e-11,15.214901839627817,0.0004967364670842259,True,True,True,250,4.8558690547943115,t5_lam1.00_D0.06_n1600,t5,1.0,0.06,1600
True,5,5,0.07292735522976124,0.02659199570403892,0.0032257193936651614,0.018674363478729538,,0.08239212813450512,13.4006772387733,0.2021240323311538,,False,1.0,1.0,9.545778205935644e-07,7.797406379046264e-07,True,0.002867543600163955,6.3495119750528196e-18,0.12710851212852084,4.214388823053831e-18,56.10798093227852,6.550987114415736e-13,True,True,True,251,4.879063129425049,t5_lam1.00_D0.06_n1600,t5,1.0,0.06,1600
True,5,5,0.09395870206107972,0.044141188465013734,0.02080369440749299,0.023731249130898042,,0.1093966412761741,20.090693522079587,0.028406455864480668,,True,1.0,1.0,7.374567291727311e-07,9.388988732577198e-07,True,0.0028903135833619953,4.72618622940841e-18,0.12754291683018668,3.764877724894776e-18,51.28682390405499,7.298064411606091e-12,True,True,True,252,4.9970269203186035,t5_lam1.00_D0.06_n1600,t5,1.0,0.06,1600
True,5,5,0.10702359753085157,0.05727025214222849,0.03625928256161519,0.023207558619671567,,0.1220100975574324,31.46170069675113,0.000492067080336555,,True,1.0,1.0,8.372622818010835e-07,8.490088330066542e-07,True,0.0021939078136600674,4.009353791577161e-14,0.09856309109450165,2.7523686935151454e-14,45.43252455989114,1.362864384540473e-10,True,True,True,253,4.8077569007873535,t5_lam1.00_D0.06_n1600,t5,1.0,0.06,1600
True,5,5,0.09394161325875094,0.04412513350828366,0.020664807507664064,0.021854744571132706,,0.1064073901395854,25.515713332987367,0.00444912875560146,,True,0.997289972899729,1.0,8.399989219966638e-07,9.673004033094606e-07,True,0.003859689515826123,1.6790626582197416e-23,0.17001874853661078,8.455237227053603e-24,78.36790487122495,9.607838140216956e-18,True,True,True,254,4.849262952804565,t5_lam1.00_D0.06_n1600,t5,1.0,0.06,1600
True,5,5,0.11629881335009123,0.0676270699331968,0.04510375963716089,0.025692541902458073,,0.13218489351739232,36.26532260404194,7.57796760883016e-05,,True,1.0,1.0,9.04102246730043e-07,9.061356689479854e-07,True,0.003033282424274579,7.407257643777342e-19,0.13424535868169377,4.72143170455207e-19,37.20374913047179,8.34273643036018e-09,True,True,True,255,5.008271217346191,t5_lam1.00_D0.06_n1600,t5,1.0,0.06,1600
True,5,5,0.09699795648788824,0.0470430178141313,0.020600304083041848,0.024409636714190625,,0.11022756784484189,23.375890435832797,0.009440990988937928,,True,1.0,1.0,7.874344916666657e-07,8.029724119874129e-07,True,0.0039718906211853615,3.938215889406465e-24,0.17651496227252955,2.76515053761604e-24,63.80319413912578,1.3973732613108048e-14,True,True,True,256,4.940528869628906,t5_lam1.00_D0.06_n1600,t5,1.0,0.06,1600
True,5,5,0.11811722513335532,0.06975839436601873,0.04430346587388387,0.032493058618664236,,0.13982116520294094,29.0982023512562,0.0012012340870025152,,True,1.0,1.0,9.128350747521139e-07,9.299521876232086e-07,True,0.002834852238738092,9.702071475890407e-18,0.1276569541582107,3.695820263452364e-18,50.592840691879616,1.0325336922034503e-11,True,True,True,257,4.829026222229004,t5_lam1.00_D0.06_n1600,t5,1.0,0.06,1600
True,5,5,0.07496784363837371,0.028100887898938248,0.00481848225083354,0.01883553180412109,,0.08461699008402736,14.769186659725783,0.14070622647456224,,False,0.997289972899729,1.0,7.313596819070207e-07,9.75525089833558e-07,True,0.0023965553407434047,2.8726631337357978e-15,0.1079608529968444,1.6905550425499088e-15,7.428150815933055,0.02437797037543273,True,True,True,258,4.49355411529541,t5_lam1.00_D0.06_n1600,t5,1.0,0.06,1600
True,5,5,0.10020786771598159,0.05020808376091833,0.028315278241346123,0.024116082671080688,,0.11660420600538793,22.39046665824774,0.013234402649115547,,True,1.0,1.0,9.911864344428026e-07,8.607145029766332e-07,True,0.002805616313268419,1.417586308190339e-17,0.12432366935474362,1.0358828347427076e-17,43.61734561072368,3.3776429851874416e-10,True,True,True,259,4.419069051742554,t5_lam1.00_D0.06_n1600,t5,1.0,0.06,1600
True,5,5,0.07793340609688433,0.03036807892930944,0.006433844313790623,0.02077418053112857,,0.09011584822589433,12.459549137113939,0.25547673277469407,,False,1.0,1.0,8.958058744662101e-07,6.301220177650115e-07,True,0.002703448004987555,5.3362285652846514e-17,0.12165036225654752,3.044348937170754e-17,17.826678718481965,0.00013458166624033153,True,True,True,260,4.5508341789245605,t5_lam1.00_D0.06_n1600,t5,1.0,0.06,1600
True,5,5,0.10536893204487267,0.05551305920138498,0.030141114529264303,0.028620600561640966,,0.12427213136388125,19.91491568452301,0.030067791478201367,,True,1.0,1.0,8.764463627895122e-07,8.421723298904467e-07,True,0.0028380854476363292,9.303647047778429e-18,0.12601618751898902,7.206808723582966e-18,41.823807517597785,8.280862843678156e-10,True,True,True,261,4.596908092498779,t5_lam1.00_D0.06_n1600,t5,1.0,0.06,1600
True,5,5,0.12405523508659298,0.07694850676194925,0.0495714684007614,0.040611829320853804,,0.15255948554993354,23.30081807090438,0.009689047606337025,,True,1.0,1.0,8.692248629672208e-07,9.45353988413737e-07,True,0.0030390197493134524,6.876515170220555e-19,0.1349486181349589,5.313949765763395e-19,40.77118094058343,1.4016853957186775e-09,True,True,True,262,4.688546180725098,t5_lam1.00_D0.06_n1600,t5,1.0,0.06,1600
True,5,5,0.08906787627131754,0.03966543291741365,0.016751042690330828,0.02258807096197823,,0.10383170338386821,19.014608783319883,0.040077520486439235,,True,1.0,1.0,9.928815364405372e-07,9.523447772320902e-07,True,0.0029308476068006335,2.7943037385737723e-18,0.13018304554136356,1.7935736416296075e-18,56.70492998794225,4.860499522079118e-13,True,True,True,263,4.70648193359375,t5_lam1.00_D0.06_n1600,t5,1.0,0.06,1600
True,5,5,0.06739308407735539,0.022709138907287468,-0.00024247280376101313,0.01778756911769822,,0.07617804772260169,10.681343662355253,0.3828770618518709,,False,1.0,1.0,9.401666630017029e-07,9.942346384235487e-07,True,0.003560236141691936,8.067304409529499e-22,0.15918372189974486,4.035586118970429e-22,35.94015493029994,1.5692586004345468e-08,True,True,True,264,4.9803478717803955,t5_lam1.00_D0.06_n1600,t5,1.0,0.06,1600
True,5,5,0.09586195826252523,0.04594757520963065,0.022750481314244772,0.023797640852259636,,0.11126016104875326,20.168143652356846,0.02770184890244474,,True,1.0,1.0,7.35998249676276e-07,7.723992965673973e-07,True,0.0032859998919999196,2.805691829668479e-20,0.14633686932473683,1.5531037753504198e-20,47.88776279064869,3.993047115797568e-11,True,True,True,265,4.807268142700195,t5_lam1.00_D0.06_n1600,t5,1.0,0.06,1600
True,5,5,0.11201760098309786,0.06273971465004263,0.038886071547024274,0.02953951038132817,,0.13226809315637886,24.305353752215915,0.006829854477759738,,True,1.0,1.0,8.395860099458473e-07,9.159278453859309e-07,True,0.003736421127297671,8.2632953688236e-23,0.16496713319112807,7.8295167650153e-23,82.74353224880882,1.0776314700157623e-18,True,True,True,266,4.479979038238525,t5_lam1.00_D0.06_n1600,t5,1.0,0.06,1600
True,5,5,0.09314544696285194,0.043380371449547324,0.017602689494506482,0.024271803989938962,,0.10726253243328986,18.37416300352948,0.04897062961002645,,True,1.0,1.0,8.172179450410295e-07,9.777811645162486e-07,True,0.003639247219487652,2.9032823791798483e-22,0.16162745636932935,1.8065397847090955e-22,36.087666742607375,1.4576818102781602e-08,True,True,True,267,4.9160401821136475,t5_lam1.00_D0.06_n1600,t5,1.0,0.06,1600
True,5,5,0.09776856795247124,0.04779346439738493,0.02310775404575055,0.023698286517775863,,0.11143425557435141,23.116560984707743,0.010324413570768683,,True,1.0,1.0,9.010666817893405e-07,8.914177870853292e-07,True,0.004787932745124266,1.045723386182222e-28,0.21004961428651184,6.624700389464441e-29,88.34510286587107,6.54793954545321e-20,True,True,True,268,4.846977233886719,t5_lam1.00_D0.06_n1600,t5,1.0,0.06,1600
True,5,5,0.11107810743622701,0.061691729758069955,0.039103628565460666,0.027844144444910898,,0.13030976214008913,23.818897379669174,0.008095877934606987,,True,1.0,1.0,8.419446044620111e-07,7.703279935739287e-07,True,0.002990566109153447,1.2884961812549497e-18,0.132742542818332,7.862293479223322e-19,42.21132533768927,6.822242711289348e-10,True,True,True,269,4.865945100784302,t5_lam1.00_D0.06_n1600,t5,1.0,0.06,1600
True,5,5,0.12026785904201584,0.07232178959275096,0.05020249722729675,0.028127570478689065,,0.13890157201882317,34.711056227660904,0.00013986128071723957,,True,1.0,1.0,9.355212995988526e-07,8.815934923958902e-07,True,0.002856030324388985,7.371949495172934e-18,0.1289094598302919,3.518122145682458e-18,32.847660777206755,7.365819810148131e-08,True,True,True,270,4.707113981246948,t5_lam1.00_D0.06_n1600,t5,1.0,0.06,1600
True,5,5,0.1269660259456472,0.0806018587221538,0.056955885212707474,0.030441853520887078,,0.14630671781409357,34.68599733201686,0.00014124216453550374,,True,0.994579945799458,1.0,8.291517956677923e-07,9.920810228844455e-07,True,0.002698975227106541,5.655141065185127e-17,0.11984815116545329,4.3626132104476e-17,33.77169138950044,4.64056000274359e-08,True,True,True,271,4.903087139129639,t5_lam1.00_D0.06_n1600,t5,1.0,0.06,1600
True,5,5,0.05822227389031113,0.016949165884792023,-0.0067984922540843575,0.016471027421707782,,0.0637086131384585,8.27197661457216,0.6022894492693303,,False,1.0,1.0,9.772408409262645e-07,9.316750518014819e-07,True,0.002424670339514185,1.993314605773772e-15,0.10846144560943713,1.1831384379831355e-15,39.27261836426927,2.96523608970247e-09,True,True,True,272,4.907787084579468,t5_lam1.00_D0.06_n1600,t5,1.0,0.06,1600
True,5,5,0.07470695068212481,0.027905642401107142,-0.002874114129661376,0.02597368108428052,,0.08927350044341073,9.173811252127567,0.5156916437486886,,False,1.0,1.0,8.706458285510443e-07,9.853252260575435e-07,True,0.0031354125825771737,1.9723569266557518e-19,0.13955732822850866,8.968222341149116e-20,28.974326907770585,5.108634753911263e-07,True,True,True,273,4.910232067108154,t5_lam1.00_D0.06_n1600,t5,1.0,0.06,1600
True,5,5,0.08395588313410086,0.03524295156413401,0.00826653697889055,0.02615438011805991,,0.10127849127702175,13.353277651586037,0.20458480960586103,,False,0.997289972899729,0.997289972899729,9.545166966777898e-07,9.729714728065517e-07,True,0.003168666694387542,1.282083525383302e-19,0.14035233491853463,8.815146854649845e-20,58.61044554803877,1.8745777515787015e-13,True,True,True,274,5.52992582321167,t5_lam1.00_D0.06_n1600,t5,1.0,0.06,1600
True,5,5,0.07396266806042591,0.027352381333083736,0.0026309495314236937,0.020109300129280416,,0.08450775678542921,14.5713713237888,0.14848775756938673,,False,1.0,0.997289972899729,8.53815434635162e-07,9.777895458815098e-07,True,0.0023416848503645606,5.8628276267625396e-15,0.1043965263541508,3.0468848386917876e-15,25.53881819046247,2.8465321466283973e-06,True,True,True,275,5.63369607925415,t5_lam1.00_D0.06_n1600,t5,1.0,0.06,1600
True,5,5,0.08280332541002955,0.03428195349479622,0.010852976647458955,0.02260190789898771,,0.09801000645967943,14.299299454910749,0.15977213269457088,,False,1.0,1.0,7.544274745038597e-07,8.608046001585758e-07,True,0.002479334959194585,9.796490066690163e-16,0.11157845908378206,4.297684893370688e-16,31.202368207612334,1.6768408004066643e-07,True,True,True,276,5.580724000930786,t5_lam1.00_D0.06_n1600,t5,1.0,0.06,1600
True,5,5,0.08411574490622202,0.035377292705643076,0.011130113502778934,0.021749415114911633,,0.09685527124386623,15.796883751488675,0.1055963390369466,,False,1.0,1.0,7.997382718860895e-07,8.831892740208377e-07,True,0.0027067098192104376,5.115061510456367e-17,0.11884782201489076,3.747700527881012e-17,26.37996210503879,1.869235465790971e-06,True,True,True,277,5.512473821640015,t5_lam1.00_D0.06_n1600,t5,1.0,0.06,1600
True,5,5,0.05850299847243728,0.017113004151329995,-0.008035095656935314,0.017952215460921957,,0.06556473298317694,7.328821051022103,0.694080158008437,,False,1.0,1.0,9.246445531825077e-07,9.991025064775109e-07,True,0.003470571972219918,2.573549511228183e-21,0.15633034509809968,1.5121729783070875e-21,56.64110451389372,5.018112926500731e-13,True,True,True,278,4.9634339809417725,t5_lam1.00_D0.06_n1600,t5,1.0,0.06,1600
True,5,5,0.0961476659861555,0.04622186837292661,0.021315161054437478,0.02503560225797916,,0.11179898231324734,18.29102888626747,0.050248390969712335,,False,1.0,1.0,9.901858465637146e-07,8.801607550820469e-07,True,0.003454282958138533,3.1773968325345832e-21,0.15474180642043373,1.0023903123746464e-21,46.71762672289891,7.167971226361148e-11,True,True,True,279,4.939193964004517,t5_lam1.00_D0.06_n1600,t5,1.0,0.06,1600
True,5,5,0.056137035588214895,0.01575683382316253,-0.006242907619917196,0.015463393090412895,,0.06195500075026194,8.032523821899154,0.6256599323704982,,False,0.997289972899729,1.0,8.432590036031971e-07,6.806114677296003e-07,True,0.0023266741305790744,7.126607314630493e-15,0.10578792048696986,2.938233127247951e-15,40.95254687683733,1.2801693815692485e-09,True,True,True,280,4.8825390338897705,t5_lam1.00_D0.06_n1600,t5,1.0,0.06,1600
True,5,5,0.051869780796567545,0.013452370799419838,-0.012502703154447067,0.01655693728566225,,0.05427897418168944,5.814440461749854,0.830604689621718,,False,1.0,0.997289972899729,8.709660319652849e-07,9.309119505266957e-07,True,0.002677290255013992,7.493244723822957e-17,0.11939323060201033,3.976631109975996e-17,27.66767014197145,9.818423600235975e-07,True,True,True,281,4.970445156097412,t5_lam1.00_D0.06_n1600,t5,1.0,0.06,1600
True,5,5,0.10026954052933029,0.05026990378981505,0.02776337060835969,0.02311111454745586,,0.11469766448767245,24.903646845935718,0.005531163014383916,,True,1.0,1.0,9.675212226925368e-07,9.974343910690945e-07,True,0.0033586030969734977,1.0961089841029551e-20,0.1492960478408798,6.415747497483647e-21,43.31427383197981,3.93029314204498e-10,True,True,True,282,4.554536819458008,t5_lam1.00_D0.06_n1600,t5,1.0,0.06,1600
True,5,5,0.1068720766676643,0.05710820385629557,0.03118202757785506,0.02778922112926308,,0.12400905510685896,29.019668274070533,0.0012369418147003593,,True,1.0,1.0,9.209658602824486e-07,9.762611282058892e-07,True,0.0031287531710492977,2.1500590371989865e-19,0.13694874625797532,1.9291380852502545e-19,49.06804955477156,2.2131376185326428e-11,True,True,True,283,4.862478017807007,t5_lam1.00_D0.06_n1600,t5,1.0,0.06,1600
True,5,5,0.059798078516627946,0.017879050971404006,-0.005931572662722519,0.016753048795744255,,0.06576433746560884,9.22443620112152,0.5109446037905137,,False,1.0,1.0,7.785975109213523e-07,9.234944894877272e-07,True,0.003360841697200932,1.064803615306679e-20,0.15064334188044728,5.63002866499841e-21,36.226993521423125,1.3595910870367857e-08,True,True,True,284,4.721354007720947,t5_lam1.00_D0.06_n1600,t5,1.0,0.06,1600
True,5,5,0.04826948586523813,0.011649716328472118,-0.012882151241096883,0.01501964447489717,,0.048627081855606685,6.649235560292542,0.7580921631620697,,False,1.0,1.0,8.859483730267758e-07,8.648823913232944e-07,True,0.004252217559999503,1.0533316481874772e-25,0.18861687386400197,4.514788289286418e-26,87.93844463233782,8.02434097149663e-20,True,True,True,285,4.848731756210327,t5_lam1.00_D0.06_n1600,t5,1.0,0.06,1600
True,5,5,0.09024663606637273,0.040722276606481644,0.015458210827268823,0.022928234569824162,,0.10312303391487104,20.89262606013751,0.02185485881543484,,True,1.0,1.0,9.821254530489788e-07,8.503275353231233e-07,True,0.003371153007567355,9.31764101261734e-21,0.14968997528756728,7.121934583942604e-21,53.496459375726104,2.4176389612172295e-12,True,True,True,286,4.701268911361694,t5_lam1.00_D0.06_n1600,t5,1.0,0.06,1600
True,5,5,0.058240552932829176,0.016959810029608387,-0.0058316878100662765,0.01760873486788024,,0.06801779708781135,6.866587653919434,0.7379770201976705,,False,1.0,1.0,9.424328830078477e-07,7.420366114815509e-07,True,0.004214797018779431,1.707864248704236e-25,0.18704770197139003,1.3740273847945015e-25,31.09496765395329,1.7693492506457653e-07,True,True,True,287,4.661915063858032,t5_lam1.00_D0.06_n1600,t5,1.0,0.06,1600
True,5,5,0.08615782655678711,0.03711585538494705,0.015443227920630805,0.019134197432965124,,0.09686710687023643,22.109055093422548,0.014558571234586438,,True,1.0,1.0,9.281361964802688e-07,9.826491918832268e-07,True,0.0025826734783095957,2.559350824238517e-16,0.11798212506031965,8.861265841629948e-17,43.61035660802582,3.3894668103095495e-10,True,True,True,288,4.7369489669799805,t5_lam1.00_D0.06_n1600,t5,1.0,0.06,1600
True,5,5,0.1038110506245841,0.053883671158899804,0.030775025994534532,0.025836898201403075,,0.12105613715156151,24.114069384411863,0.007303304710779496,,True,0.997289972899729,1.0,8.474170910388299e-07,7.399778283213545e-07,True,0.002991024630756099,1.2808614760561723e-18,0.13271161105908613,9.58655591680427e-19,36.44792798021435,1.2173991682330407e-08,True,True,True,289,4.661487102508545,t5_lam1.00_D0.06_n1600,t5,1.0,0.06,1600
True,5,5,0.10346042198716206,0.05352029458880823,0.02841627415504319,0.02550282620935384,,0.11862941485399976,24.136088350622614,0.007247249333769089,,True,1.0,1.0,9.450915321828651e-07,9.71517863021578e-07,True,0.0036632795026224846,2.127692676094341e-22,0.16248059878708998,1.473620864144166e-22,61.3184233082009,4.840314257306022e-14,True,True,True,290,4.524385929107666,t5_lam1.00_D0.06_n1600,t5,1.0,0.06,1600
True,5,5,0.09562700619491762,0.04572262156901406,0.020052151335783443,0.023021706108838594,,0.10762851678576404,22.6248472905759,0.012219319930409756,,True,1.0,1.0,9.402740355843692e-07,9.893267783511554e-07,True,0.0022080097081499063,3.33702395883543e-14,0.09883738337480569,1.9097085437062547e-14,24.248579185668767,5.426101743300121e-06,True,True,True,291,4.6434338092803955,t5_lam1.00_D0.06_n1600,t5,1.0,0.06,1600
True,5,5,0.09919861017943335,0.04920182130765589,0.02619100220248858,0.024176531195677513,,0.11485456649764009,21.69558957094311,0.016732751811425858,,True,1.0,0.997289972899729,7.997747072314448e-07,9.452082468991563e-07,True,0.002996626167069372,1.191165375619744e-18,0.13342203883414788,7.661528311433693e-19,37.549530473664966,7.018156664232082e-09,True,True,True,292,4.631067991256714,t5_lam1.00_D0.06_n1600,t5,1.0,0.06,1600
True,5,5,0.1253983924064599,0.07862378409062248,0.0556105132177527,0.032552496581326924,,0.14775290541026506,27.93263549495041,0.001850623402166178,,True,1.0,1.0,9.496540102825843e-07,9.91176062136903e-07,True,0.0037784759408697037,4.797484415400334e-23,0.16559465166132376,4.585108947105716e-23,57.323286700591396,3.567848876668305e-13,True,True,True,293,4.694904804229736,t5_lam1.00_D0.06_n1600,t5,1.0,0.06,1600
True,5,5,0.061598751492834905,0.018972030927380153,-0.0034719335836679924,0.01676788493182152,,0.06943886917677097,10.101824045503639,0.43160582375549184,,False,1.0,1.0,9.414523193363539e-07,9.91458380304366e-07,True,0.002704486901232161,5.264767290865696e-17,0.11959004471556205,4.12449326549934e-17,45.04103027746086,1.6575420150615273e-10,True,True,True,294,4.391124963760376,t5_lam1.00_D0.06_n1600,t5,1.0,0.06,1600
True,5,5,0.09258847009691101,0.042863123974432926,0.02158720511018516,0.02080393556158555,,0.10564718072293634,22.865262968204284,0.011254990617311037,,True,1.0,0.991869918699187,9.018150119693011e-07,9.548448109886097e-07,True,0.004488628284113602,4.9764315162264535e-27,0.1985593655266575,7.98612385020577e-27,70.01160877332379,6.268625431864385e-16,True,True,True,295,4.358811140060425,t5_lam1.00_D0.06_n1600,t5,1.0,0.06,1600
True,5,5,0.09713548069916556,0.04717650805328983,0.024405268976789497,0.023698219316866425,,0.1125925139362548,20.35234624227069,0.026090805606677397,,True,1.0,1.0,8.759647394987548e-07,9.822049197729297e-07,True,0.003608296578607424,4.33252053455963e-22,0.15905457649153773,3.6147518770721366e-22,53.229391064362545,2.7630235900586753e-12,True,True,True,296,4.432464122772217,t5_lam1.00_D0.06_n1600,t5,1.0,0.06,1600
True,5,5,0.11897491732023904,0.07077515475678858,0.04594612862803276,0.026646611532849897,,0.1339969434381306,40.937337958381164,1.1576065853394463e-05,,True,0.997289972899729,1.0,9.84873552166419e-07,7.998936302828133e-07,True,0.0021082637561229745,1.2228705525532333e-13,0.0952427898654926,5.684465421526283e-14,26.71051870199515,1.5844719654009122e-06,True,True,True,297,4.522729873657227,t5_lam1.00_D0.06_n1600,t5,1.0,0.06,1600
True,5,5,0.0797238008805296,0.03177942213419166,0.008918081451889718,0.01911438346048442,,0.08984257833990379,17.856828534284816,0.057427302189910344,,False,1.0,1.0,9.508107769380347e-07,9.0170419887363e-07,True,0.0032801357406106214,3.027006708625669e-20,0.14558167655739526,1.742918978370141e-20,51.45991195300209,6.693019646051941e-12,True,True,True,298,4.273875951766968,t5_lam1.00_D0.06_n1600,t5,1.0,0.06,1600
True,5,5,0.08914996152239973,0.039738578197226766,0.017270440249649594,0.02024006239798114,,0.10056080776793012,22.34154843461029,0.013456094953019785,,True,1.0,1.0,9.636225491132755e-07,9.591488884624401e-07,True,0.002543705463698597,4.245341068358175e-16,0.11537326532058867,1.9274219834678617e-16,31.57738258116173,1.390139859432185e-07,True,True,True,299,4.509758234024048,t5_lam1.00_D0.06_n1600,t5,1.0,0.06,1600
True,5,5,0.09809053618705303,0.0481087664473178,0.024165605020378195,0.023770351400085828,,0.11248498009487344,23.316411032835795,0.009637020180264312,,True,1.0,1.0,8.564658024900157e-07,7.953717491716504e-07,True,0.0034335928658970286,4.152881503520116e-21,0.15299860934549958,2.525933741662883e-21,68.38686846864942,1.4124731296289493e-15,True,True,True,300,4.388653039932251,t5_lam1.00_D0.06_n1600,t5,1.0,0.06,1600
True,5,5,0.11931301899841645,0.07117798251258242,0.04717468477763945,0.03130125397960367,,0.1404711115597223,27.87074248949819,0.001893284890653469,,True,1.0,1.0,6.842334008436453e-07,7.450846186089617e-07,True,0.0028119531109709267,1.3057279327260523e-17,0.12527961713127628,7.028914240603712e-18,37.811847783488936,6.155475095490833e-09,True,True,True,301,4.43162989616394,t5_lam1.00_D0.06_n1600,t5,1.0,0.06,1600
True,5,5,0.08433857215815423,0.03556497376838094,0.009581326309487874,0.022228051868854508,,0.0960658295608159,15.881375646642699,0.10307888454032633,,False,1.0,1.0,9.079736217894234e-07,9.21240392256756e-07,True,0.0029598325249485333,1.9190675764918524e-18,0.13198424542963136,7.310287236968872e-19,56.413309549381495,5.623484188820395e-13,True,True,True,302,4.391570806503296,t5_lam1.00_D0.06_n1600,t5,1.0,0.06,1600
True,5,5,0.061485488693665324,0.018902326599494233,-0.005915079881769508,0.019254077562705873,,0.07177055027077918,6.60604612024973,0.7620392399984888,,False,1.0,1.0,9.972560644956232e-07,9.80756756434116e-07,True,0.0035794821090721373,6.289360490931328e-22,0.15691116379055817,7.975220962067338e-22,40.36047642699305,1.7212101576359674e-09,True,True,True,303,4.422154188156128,t5_lam1.00_D0.06_n1600,t5,1.0,0.06,1600
True,5,5,0.11194886233098049,0.06266273888600411,0.03626101824970275,0.03349508703950228,,0.13517065780093201,23.342778487829406,0.009549646645764392,,True,1.0,1.0,9.042896837922894e-07,9.664203271596366e-07,True,0.003198409245916332,8.722081109766888e-20,0.14373125700349645,2.4384346433605368e-20,48.64555099967161,2.7337123567673184e-11,True,True,True,304,4.498443126678467,t5_lam1.00_D0.06_n1600,t5,1.0,0.06,1600
True,5,5,0.08275175005212053,0.03423926068344315,0.010609289510230852,0.02066748726862299,,0.09445028417532554,18.002921213380862,0.05491438476872279,,False,1.0,1.0,9.884152571284537e-07,8.495760358776444e-07,True,0.0030600391809183685,5.236962224930955e-19,0.1382231646872558,2.842534474735329e-19,22.4682508137573,1.3215430856056697e-05,True,True,True,305,4.337978839874268,t5_lam1.00_D0.06_n1600,t5,1.0,0.06,1600
True,5,5,0.11194983871399412,0.06266383194044649,0.04019007176618948,0.028281580889106882,,0.13168836901378828,24.204107124808402,0.007076672533106624,,True,1.0,1.0,9.207919415078412e-07,8.75791479275786e-07,True,0.0034538114397382426,3.1968429739052838e-21,0.1560948632923404,1.5219107856594982e-21,56.875449539374486,4.4632689198658306e-13,True,True,True,306,4.336056709289551,t5_lam1.00_D0.06_n1600,t5,1.0,0.06,1600
True,5,5,0.10375653721981493,0.053827095079234194,0.027745362312200296,0.02988510565079396,,0.12401772996933677,22.187802832313636,0.014175932554954078,,True,1.0,1.0,9.926322219289348e-07,9.837177588646547e-07,True,0.0035825521543627523,6.044492204974534e-22,0.15868779036348507,3.432573912210367e-22,41.949316628685715,7.777170752790536e-10,True,True,True,307,4.425286054611206,t5_lam1.00_D0.06_n1600,t5,1.0,0.06,1600
True,5,5,0.09602002027560803,0.046099221468640886,0.022623527128174985,0.023212902865373294,,0.11027724570223585,21.311421410881657,0.019023674603896572,,True,1.0,1.0,9.751601876467663e-07,9.497748962191936e-07,True,0.002765251462065314,2.3930917056379364e-17,0.12277788625019362,2.0514962342319354e-17,40.01559550268864,2.0451437605923288e-09,True,True,True,308,4.419844150543213,t5_lam1.00_D0.06_n1600,t5,1.0,0.06,1600
True,5,5,0.07177721498185315,0.02575984295275582,0.0003693996154541801,0.021090041270861584,,0.08373700554998022,9.997886665626568,0.4406787152647744,,False,1.0,1.0,8.865500294485769e-07,9.452546140800425e-07,True,0.0035038063133280405,1.6740956578329051e-21,0.15740889417840845,5.303560757927306e-22,48.10731094124094,3.577916158522341e-11,True,True,True,309,4.350001096725464,t5_lam1.00_D0.06_n1600,t5,1.0,0.06,1600
True,5,5,0.08106022371975795,0.03285379934748605,0.009465813321171964,0.020617571107195087,,0.09314365242545697,15.106957642993159,0.1282107595970747,,False,1.0,1.0,9.979464319750577e-07,9.95407214675321e-07,True,0.0025704121880055016,3.0010935713755325e-16,0.11405943685788485,2.2471374270626013e-16,32.369258927893625,9.356312788317975e-08,True,True,True,310,4.450869560241699,t5_lam1.00_D0.06_n1600,t5,1.0,0.06,1600
True,5,5,0.07277351396887717,0.026479921676891803,0.004311331317921167,0.019257392771125332,,0.08483740173194336,11.593856135535928,0.3131570939902481,,False,1.0,1.0,9.722474111455318e-07,9.64891065279989e-07,True,0.0025251950309189324,5.399197584800915e-16,0.11100147077178772,5.865256392945228e-16,9.363112116809056,0.00926458642741608,True,True,True,311,4.364553928375244,t5_lam1.00_D0.06_n1600,t5,1.0,0.06,1600
True,5,5,0.08208062559246702,0.033686145488253764,0.012043507813928038,0.01992371286594777,,0.09467322661008436,17.578551519236825,0.0625028687480889,,False,1.0,1.0,9.462794129853108e-07,9.53961811497765e-07,True,0.003200339854276875,8.506706025543782e-20,0.14203301051768916,7.035322190543969e-20,45.69510648808048,1.1951810568322668e-10,True,True,True,312,4.480904817581177,t5_lam1.00_D0.06_n1600,t5,1.0,0.06,1600
True,5,5,0.10853984282739639,0.05890448740497955,0.03704746379595418,0.026072933681802732,,0.1264386201504371,25.78920443091159,0.004034280473530849,,True,1.0,1.0,7.772027711490682e-07,8.305408668979866e-07,True,0.0025035301062612137,7.154080390358563e-16,0.11125068192186113,3.810737843310965e-16,12.66067277135301,0.0017814344192785179,True,True,True,313,4.429445028305054,t5_lam1.00_D0.06_n1600,t5,1.0,0.06,1600
True,5,5,0.09921511726050718,0.04921819746508095,0.026046681097982763,0.023815923490001625,,0.11421067308243191,23.975319319111613,0.00766617077143873,,True,1.0,1.0,8.447561000086526e-07,9.065542557960679e-07,True,0.00320694323345995,7.80946550446454e-20,0.14123686925959744,7.523509555348952e-20,23.2908014070743,8.759246229866112e-06,True,True,True,314,4.3383400440216064,t5_lam1.00_D0.06_n1600,t5,1.0,0.06,1600
True,5,5,0.09109412852397396,0.04149070125771143,0.019833036026500026,0.023126994434181657,,0.10758583243350421,16.519338313794556,0.08569972374914929,,False,1.0,1.0,9.519019630025829e-07,9.867330786999822e-07,True,0.003082912918856954,3.8937315275565784e-19,0.13508543155759506,3.962782718793646e-19,21.301661567537835,2.3681159500158543e-05,True,True,True,315,4.365993022918701,t5_lam1.00_D0.06_n1600,t5,1.0,0.06,1600
True,5,5,0.10188394732999699,0.05190169361770801,0.02882080614842189,0.025109196832469864,,0.11842445661952462,22.777944543178606,0.011596572254080477,,True,1.0,1.0,8.32224703768933e-07,8.471677965947026e-07,True,0.0026888581823763485,6.448610398831407e-17,0.12062276204434096,2.474049273470625e-17,43.948308388305016,2.862503912775653e-10,True,True,True,316,4.352429151535034,t5_lam1.00_D0.06_n1600,t5,1.0,0.06,1600
True,5,5,0.09732778033144991,0.047363484121234846,0.020330571853365773,0.026558763472387416,,0.11315109392159536,18.519793218721603,0.04680338935087342,,True,0.997289972899729,1.0,9.766598337636743e-07,6.863801517601402e-07,True,0.00429097351207535,6.385626863588567e-26,0.18701576969512976,7.575038189554108e-26,55.50882621225438,8.839171077995557e-13,True,True,True,317,4.408879280090332,t5_lam1.00_D0.06_n1600,t5,1.0,0.06,1600
True,5,5,0.11358427733530654,0.06450694028891917,0.042607854079608314,0.02645473821610577,,0.13124178159749403,30.110491347140506,0.0008217060082202104,,True,1.0,0.997289972899729,9.173263994808715e-07,7.690760624494838e-07,True,0.003900686284088307,9.884138910419632e-24,0.17300161881382817,6.702750698568252e-24,81.73797170808996,1.7816605449398985e-18,True,True,True,318,4.302441835403442,t5_lam1.00_D0.06_n1600,t5,1.0,0.06,1600
True,5,5,0.09292468450339335,0.043174984950275955,0.018398971034934524,0.022876955759631536,,0.10585670946120783,20.532300340867,0.024601526518720124,,True,1.0,1.0,9.887896303354467e-07,9.778329112400284e-07,True,0.0026801635695035925,7.218946867623932e-17,0.12011263860825577,3.221687332498321e-17,38.44751805751426,4.479479282959695e-09,True,True,True,319,4.35120701789856,t5_lam1.00_D0.06_n1600,t5,1.0,0.06,1600
True,5,5,0.08431216955373902,0.03554270967429218,0.013307524146695913,0.020680539799538877,,0.09728718830686978,16.90036611609382,0.07659790151496926,,False,0.997289972899729,1.0,5.825175487477723e-07,8.756541171172254e-07,True,0.003034799972068883,7.263012400878329e-19,0.13542308187840021,3.525359882433907e-19,28.730890052409418,5.769876201555986e-07,True,True,True,320,4.392404794692993,t5_lam1.00_D0.06_n1600,t5,1.0,0.06,1600
True,5,5,0.11278423309568601,0.06360141617491018,0.03712506670416736,0.025519446795646147,,0.12577823446350408,36.25559467785789,7.607245104382379e-05,,True,1.0,1.0,9.738602817373313e-07,9.377053764220461e-07,True,0.004022589877358001,2.045439949483824e-24,0.17928840196590745,8.843121071975778e-25,78.12030259683854,1.0874062599077731e-17,True,True,True,321,4.3439600467681885,t5_lam1.00_D0.06_n1600,t5,1.0,0.06,1600
True,5,5,0.09677554045123272,0.046827526148140904,0.02191155381901549,0.023838188716151842,,0.11056390458800874,22.187094435507888,0.014179331949555025,,True,1.0,1.0,8.756371796651055e-07,9.430027285502444e-07,True,0.003267843640250015,3.5492164688446217e-20,0.1456671261045526,1.6854677866851054e-20,67.3748144149498,2.3428524610389016e-15,True,True,True,322,4.338193893432617,t5_lam1.00_D0.06_n1600,t5,1.0,0.06,1600
True,5,5,0.08845923051398723,0.03912517731563365,0.011999602249851353,0.025814583991112316,,0.10436552530014483,14.445173665902972,0.15363684858656643,,False,0.994579945799458,1.0,9.825333841816364e-07,9.985096870780087e-07,True,0.0026069889318299177,1.8664302899998478e-16,0.11520649759375831,1.734742340122428e-16,27.790355940938532,9.234234144005416e-07,True,True,True,323,4.466973781585693,t5_lam1.00_D0.06_n1600,t5,1.0,0.06,1600
True,5,5,0.09519127937224736,0.04530689834262624,0.022082401005271427,0.023994187648609173,,0.11094983333456652,19.58134437858199,0.03347059518168842,,True,0.997289972899729,1.0,9.97495665377809e-07,8.994079795417067e-07,True,0.0030064286920633418,1.04905195058513e-18,0.1331787189632094,7.701800025460803e-19,21.625195372230642,2.0144128812165824e-05,True,True,True,324,4.47283411026001,t5_lam1.00_D0.06_n1600,t5,1.0,0.06,1600
True,5,5,0.07769108790785707,0.03017952570153188,0.006634208755896775,0.02124073083174462,,0.09118344356690185,15.33045127153116,0.12047059489969991,,False,1.0,1.0,9.152455045248831e-07,9.996013021396685e-07,True,0.0029510343280937084,2.150906477124095e-18,0.12943273388265375,2.088844630898933e-18,41.264245453025985,1.0954257608969352e-09,True,True,True,325,4.392312049865723,t5_lam1.00_D0.06_n1600,t5,1.0,0.06,1600
True,5,5,0.10210022034558842,0.052122274973088537,0.02889580772968798,0.025551061845503365,,0.11909959234080153,21.452524944651984,0.018149972387135057,,True,1.0,0.997289972899729,9.810595938356993e-07,9.067906696632937e-07,True,0.004660704387284773,5.399880896671178e-28,0.20551071396477089,3.8662955337659853e-28,64.75494722121333,8.682441642230409e-15,True,True,True,326,4.3849709033966064,t5_lam1.00_D0.06_n1600,t5,1.0,0.06,1600
True,5,5,0.11364421098287371,0.06457503344959957,0.03588490038080523,0.03087371898911071,,0.13165686388299283,27.088043016161983,0.002522096944322393,,True,1.0,1.0,9.135557213015282e-07,8.985696274833171e-07,True,0.0028030714447223504,1.465162175296279e-17,0.1263367520979844,7.334642971255175e-18,35.41119695784803,2.044354854251171e-08,True,True,True,327,4.639317035675049,t5_lam1.00_D0.06_n1600,t5,1.0,0.06,1600
True,5,5,0.0894004645949959,0.03996221534900558,0.013378423950186319,0.023296620537521923,,0.10168377917548246,18.20984168138144,0.05152540475090533,,False,1.0,0.997289972899729,9.554184424767484e-07,8.825245416891978e-07,True,0.0030069651872047082,1.0417831042211009e-18,0.13645118872055537,3.616181829793342e-19,40.60094327331913,1.526220167971061e-09,True,True,True,328,4.647301197052002,t5_lam1.00_D0.06_n1600,t5,1.0,0.06,1600
True,5,5,0.11384226758243085,0.06480030944154892,0.04205526076150165,0.02744584081958036,,0.132060328318781,28.727070989828647,0.0013792799790734913,,True,1.0,1.0,8.55704469550034e-07,9.725566754000635e-07,True,0.0037087861759889282,1.181241956500325e-22,0.16838306442637446,2.7393935035422816e-23,79.86499812554248,4.545022195525947e-18,True,True,True,329,4.552493095397949,t5_lam1.00_D0.06_n1600,t5,1.0,0.06,1600
True,5,5,0.07896455873801445,0.031177007683446667,0.007208494373762701,0.021273883404076887,,0.0918704725690483,13.39349240403899,0.20249553060690628,,False,1.0,1.0,9.781497658577528e-07,9.092143977076881e-07,True,0.0035487513938152505,9.359474527475112e-22,0.1574342121902783,5.287029265816453e-22,45.75732334617533,1.1585732102016781e-10,True,True,True,330,4.468001127243042,t5_lam1.00_D0.06_n1600,t5,1.0,0.06,1600
True,5,5,0.09827189500733505,0.048286826741663416,0.024429258619985475,0.02659574048687014,,0.1167693100273132,16.502351009408287,0.08612685005617327,,False,1.0,1.0,9.544020852205165e-07,9.900077516009412e-07,True,0.002703847821880618,5.3086127083669965e-17,0.11926104780430054,3.3901025974995077e-17,23.588815429154415,7.546643111445162e-06,True,True,True,331,4.367367267608643,t5_lam1.00_D0.06_n1600,t5,1.0,0.06,1600
True,5,5,0.08579888851302211,0.03680724635034999,0.013158287694948947,0.020484978401042624,,0.09680194080278191,19.385731562970953,0.0356281592175228,,True,1.0,1.0,9.529628288231795e-07,9.96731433480841e-07,True,0.003912946303180039,8.435752406206523e-24,0.17423461935254891,3.328705353488658e-24,68.82395367906908,1.135189452352337e-15,True,True,True,332,4.329296827316284,t5_lam1.00_D0.06_n1600,t5,1.0,0.06,1600
True,5,5,0.08402165445819519,0.03529819208946176,0.014573791784192706,0.019869167324709773,,0.09721693651082332,17.220342590345275,0.06962834254398892,,False,1.0,1.0,9.288098286161573e-07,8.474412262029454e-07,True,0.0035932119642349694,5.265954670905927e-22,0.15848777020117238,5.16136115757177e-22,46.35164030006155,8.607344693465603e-11,True,True,True,333,4.492775917053223,t5_lam1.00_D0.06_n1600,t5,1.0,0.06,1600
True,5,5,0.1105025703356044,0.06105409025387598,0.03758070165380488,0.025833198432777805,,0.12654843483166162,28.069896749740554,0.0017593085359673354,,True,1.0,1.0,8.096959080597277e-07,8.811278158608395e-07,True,0.003625895344416164,3.450528555409084e-22,0.16093636820144644,2.477349657013245e-22,62.946565150939065,2.1445049355130438e-14,True,True,True,334,4.407572984695435,t5_lam1.00_D0.06_n1600,t5,1.0,0.06,1600
True,5,5,0.08578814152121324,0.036798026128318555,0.012093918570584138,0.024166855111252498,,0.10182814724067067,14.023622406730787,0.17191684132033516,,False,1.0,0.994579945799458,9.739522418641148e-07,8.204938121510717e-07,True,0.0036667369178867335,2.0346542100292523e-22,0.16317149591339222,7.898757549191356e-23,92.25747064772486,9.25858870163965e-21,True,True,True,335,4.443807125091553,t5_lam1.00_D0.06_n1600,t5,1.0,0.06,1600
True,5,5,0.10626447826149901,0.05646069670094298,0.03466551892338932,0.025937124512756524,,0.12436100051936606,25.310816935054998,0.004786477444370918,,True,0.997289972899729,1.0,9.374341443107779e-07,6.425604499547842e-07,True,0.003560546494629058,8.034981207309166e-22,0.15585443237894847,1.2870304234778283e-21,41.93195716714252,7.844968307709075e-10,True,True,True,336,4.604554891586304,t5_lam1.00_D0.06_n1600,t5,1.0,0.06,1600
True,5,5,0.12081166214924915,0.0729772885563216,0.048394538672213126,0.030014416095618328,,0.13983122673274492,31.21931482969059,0.0005397330539837308,,True,1.0,1.0,9.66686812147199e-07,8.923102713641091e-07,True,0.002849739939804163,7.998540668808481e-18,0.12711988194038465,4.025594435069152e-18,50.58786535672443,1.035105490355462e-11,True,True,True,337,4.57754111289978,t5_lam1.00_D0.06_n1600,t5,1.0,0.06,1600
True,5,5,0.11014879767275808,0.06066378814377098,0.03671425032468936,0.03498023680882304,,0.1372964819005231,16.225694394956342,0.0933513453055336,,False,1.0,0.997289972899729,9.800088397314916e-07,6.844601297669942e-07,True,0.003123634459968606,2.2974608936865137e-19,0.1403025488400493,8.953421664756167e-20,33.94844600597717,4.248040173628523e-08,True,True,True,338,4.378967046737671,t5_lam1.00_D0.06_n1600,t5,1.0,0.06,1600
True,5,5,0.11119750468289077,0.06182442523850758,0.039107735950142664,0.02745895537799501,,0.12982580505888372,25.52837807074369,0.004429044514506587,,True,1.0,1.0,9.485477642810083e-07,8.642158608252022e-07,True,0.002944583047331287,2.338522091443118e-18,0.12972373462486286,1.9019997787099337e-18,58.973858113624004,1.563109571189631e-13,True,True,True,339,4.201827764511108,t5_lam1.00_D0.06_n1600,t5,1.0,0.06,1600
True,5,5,0.10643925454236579,0.056646574537672675,0.03057241421735573,0.02926667384213706,,0.12546856884128443,19.58147700537703,0.03346917417325931,,True,1.0,1.0,8.65090605702962e-07,9.653003772067466e-07,True,0.003242394696702268,4.9344907034744094e-20,0.14615155768773597,1.6872114636674703e-20,53.036308892776816,3.0430693770076537e-12,True,True,True,340,4.370064973831177,t5_lam1.00_D0.06_n1600,t5,1.0,0.06,1600
True,5,5,0.07473425712245324,0.027926045938224765,0.0010857536908372087,0.020892143381504028,,0.08420246018578591,12.612545971529993,0.24614851465635795,,False,1.0,0.997289972899729,9.532740649627747e-07,9.586135880310592e-07,True,0.0038916089141011094,1.1114529249911068e-23,0.17061039212965354,1.1522110200155437e-23,74.50731811574904,6.621272175581044e-17,True,True,True,341,4.483680963516235,t5_lam1.00_D0.06_n1600,t5,1.0,0.06,1600
True,5,5,0.08317644750374212,0.03459160709671384,0.012456223932400284,0.019398396938204446,,0.09419527322880931,19.403790915555923,0.03542372185859303,,True,1.0,0.997289972899729,9.339114607195639e-07,8.09175336313936e-07,True,0.0019703938484347877,7.374077656142185e-13,0.08897185642304406,4.155471769286326e-13,26.389782537632406,1.8600796123504558e-06,True,True,True,342,4.383729934692383,t5_lam1.00_D0.06_n1600,t5,1.0,0.06,1600
True,5,5,0.09513587506805957,0.045254173624827185,0.020236988209723923,0.02739487245395495,,0.11427820748111575,14.366122015724004,0.1569370285468502,,False,1.0,1.0,8.704048918210408e-07,9.340617423681759e-07,True,0.003011527010728348,9.819766239701936e-19,0.13143175731387127,1.1189188323601109e-18,31.09580449951053,1.768609069481093e-07,True,True,True,343,4.419835805892944,t5_lam1.00_D0.06_n1600,t5,1.0,0.06,1600
True,5,5,0.09505987217375789,0.04518189648845595,0.023693369135838933,0.021924571296440855,,0.10932161703171593,22.659237164155446,0.01207673395378929,,True,1.0,1.0,9.282240397411714e-07,9.508231376367484e-07,True,0.0024327569151364374,1.7944534029710024e-15,0.10605597045000288,2.4970792368822833e-15,12.451241291265045,0.001978095737811752,True,True,True,344,4.405923843383789,t5_lam1.00_D0.06_n1600,t5,1.0,0.06,1600
True,5,5,0.11394750019860794,0.06492016400755879,0.03908147214650872,0.02997236038703769,,0.13295233569774115,23.5354584014852,0.008933664119930547,,True,1.0,1.0,9.598954744614043e-07,9.671747889041768e-07,True,0.0028784308950170153,5.513492728979261e-18,0.12868674374770664,2.5918084220196262e-18,42.22668725664164,6.770042073618954e-10,True,True,True,345,4.542226791381836,t5_lam1.00_D0.06_n1600,t5,1.0,0.06,1600
True,5,5,0.07929951480511667,0.03144206524163459,0.008557808962610148,0.019936352090595678,,0.09093974929260364,14.97066865251691,0.1331348893558578,,False,1.0,1.0,9.173207829537353e-07,8.321213137771324e-07,True,0.003467810579529413,2.6671677703964365e-21,0.15110197248131924,3.2553214807878313e-21,44.30797975494626,2.391357155975268e-10,True,True,True,346,4.357357025146484,t5_lam1.00_D0.06_n1600,t5,1.0,0.06,1600
True,5,5,0.09211733806975793,0.042428019865290365,0.016851222403406647,0.026615581630789947,,0.11011808060644215,14.846578082741472,0.13775626472769198,,False,1.0,1.0,9.917356151626944e-07,9.70122876948273e-07,True,0.003807985287975876,3.2759133396855164e-23,0.16607142716732387,2.7344103295924355e-23,48.70611340271517,2.6521730466652814e-11,True,True,True,347,4.4723899364471436,t5_lam1.00_D0.06_n1600,t5,1.0,0.06,1600
True,5,5,0.09776015788134806,0.0477852423449305,0.02088257681662705,0.029768471592538114,,0.11819251692422429,17.70643641490591,0.06012220887049805,,False,1.0,1.0,6.963449981682996e-07,8.665273362944933e-07,True,0.002864565443177521,6.5995271110603366e-18,0.12647958732320785,5.058213419940758e-18,33.712110198863776,4.7808848504112995e-08,True,True,True,348,4.5359461307525635,t5_lam1.00_D0.06_n1600,t5,1.0,0.06,1600
True,5,5,0.08495712690541435,0.03608856706011339,0.013662615562624554,0.021353765950161405,,0.09877898049162118,15.610022937835842,0.11135344051314798,,False,1.0,1.0,7.741848911704874e-07,9.942699681673166e-07,True,0.003654364057285348,2.3877156248919183e-22,0.15937124536740624,2.481082287482466e-22,85.11762940124115,3.288074273708813e-19,True,True,True,349,4.458082914352417,t5_lam1.00_D0.06_n1600,t5,1.0,0.06,1600
True,5,5,0.09040638820430809,0.04086657514074029,0.017723141277370038,0.021475536847987715,,0.10300219022187113,20.411509784019106,0.02559215104218701,,True,1.0,1.0,9.9098552074524e-07,8.028134414071758e-07,True,0.002542037506292297,4.338314531321524e-16,0.11238978871714117,3.4986606008515376e-16,42.582242494434226,5.667395601779169e-10,True,True,True,350,4.546170711517334,t5_lam1.00_D0.06_n1600,t5,1.0,0.06,1600
True,5,5,0.07939095173624239,0.03151461608793184,0.008113188771307813,0.021856761463103787,,0.09387690039334197,12.288056739366256,0.26624044267588654,,False,1.0,1.0,9.404204930013447e-07,9.527781973990488e-07,True,0.002283032145020255,1.257204096647995e-14,0.10263239133763835,5.436726293740111e-15,33.39368669049563,5.6059996970627355e-08,True,True,True,351,4.405287981033325,t5_lam1.00_D0.06_n1600,t5,1.0,0.06,1600
True,5,5,0.06464859676189806,0.02089720531641248,-0.0028985045147226704,0.01767107593703006,,0.07234338785602469,10.161178310507921,0.4264682673613463,,False,1.0,1.0,9.78993081036584e-07,8.95690416433511e-07,True,0.0027011225238808435,5.499725286067775e-17,0.11877647650776976,5.520905559309972e-17,26.94861484019645,1.406638953476973e-06,True,True,True,352,4.50159215927124,t5_lam1.00_D0.06_n1600,t5,1.0,0.06,1600
True,5,5,0.06764838572654942,0.022881520457040082,-0.005064942715446774,0.024001563911036337,,0.08296278290429861,9.86771530117025,0.45217483596955976,,False,1.0,1.0,8.098828889661685e-07,9.480223415982204e-07,True,0.00402347257131152,2.0222439548068614e-24,0.17624474099638554,1.5122771824039995e-24,60.393924646306814,7.684681861208223e-14,True,True,True,353,4.466890096664429,t5_lam1.00_D0.06_n1600,t5,1.0,0.06,1600
True,5,5,0.09431926262989349,0.04448061651523411,0.023163163955184057,0.0207983543486885,,0.10711994449237383,24.733148001170836,0.005874931141307528,,True,0.994579945799458,1.0,9.558440241254232e-07,9.127635774544674e-07,True,0.002038795001063215,3.023108575481837e-13,0.09003292402921972,2.5303612928642705e-13,26.630644848556265,1.6490314798896895e-06,True,True,True,354,4.365401744842529,t5_lam1.00_D0.06_n1600,t5,1.0,0.06,1600
True,5,5,0.10805720141899255,0.058381793892523626,0.03224512920153112,0.027837177197067537,,0.12492654728136729,23.48569423816229,0.009089030253604543,,True,1.0,1.0,9.943054554901745e-07,9.439337847949733e-07,True,0.003580244737077664,6.227621950124069e-22,0.1584627821228629,5.110451260347724e-22,63.78096716667184,1.4129895648616084e-14,True,True,True,355,4.349916934967041,t5_lam1.00_D0.06_n1600,t5,1.0,0.06,1600
True,5,5,0.10015578030413587,0.05015590164165165,0.026795295695442332,0.025459747477391992,,0.11719458492174384,20.96451462994991,0.0213423708958404,,True,0.997289972899729,1.0,7.537953076595546e-07,9.336817119149546e-07,True,0.003296222631884121,2.457877748163783e-20,0.14724915142613354,1.486041100358793e-20,39.31361633548084,2.905070531066856e-09,True,True,True,356,4.356081962585449,t5_lam1.00_D0.06_n1600,t5,1.0,0.06,1600
True,5,5,0.09241463526900784,0.04270232405951874,0.01920676018643069,0.02405859042676221,,0.1084247387907672,18.179466882027715,0.052010703934601506,,False,1.0,1.0,8.513817464696592e-07,9.793645801417285e-07,True,0.0032665074804555188,3.611153545850925e-20,0.1446291798182492,2.5996156537412723e-20,44.98089358555674,1.7081384249961002e-10,True,True,True,357,4.460146188735962,t5_lam1.00_D0.06_n1600,t5,1.0,0.06,1600
True,5,5,0.07378473284972538,0.02722093400852672,0.005074561083132811,0.019073838059296775,,0.08537942702413988,11.848432004368718,0.2953284901380699,,False,1.0,1.0,8.805573024672593e-07,9.341022157999198e-07,True,0.0035832567539318652,5.98965209301379e-22,0.16108314672026916,2.3376892708260204e-22,57.49715530750625,3.27078021781589e-13,True,True,True,358,4.403185844421387,t5_lam1.00_D0.06_n1600,t5,1.0,0.06,1600
True,5,5,0.06907276696609255,0.023855235681760626,0.0005349663801912478,0.019107653632153204,,0.07995531221822715,10.206964448817807,0.42252719412266315,,False,1.0,1.0,9.9616799348578e-07,9.961461191160744e-07,True,0.003201109097255194,8.42238020017319e-20,0.13960983000003682,8.403670784865661e-20,33.19436526606135,6.193486101241543e-08,True,True,True,359,4.352826118469238,t5_lam1.00_D0.06_n1600,t5,1.0,0.06,1600
True,5,5,0.09793153021969145,0.04795292305585169,0.025306165571290624,0.024903258961293914,,0.11512461196172318,19.87782939768813,0.030429623767541665,,True,1.0,1.0,9.536134101321317e-07,9.171427867042459e-07,True,0.0032674304794443154,3.56825400539068e-20,0.1472637668704738,1.3326435126246076e-20,44.10091032069658,2.6522166700067565e-10,True,True,True,360,4.240164041519165,t5_lam1.00_D0.06_n1600,t5,1.0,0.06,1600
True,5,5,0.08563037254106014,0.03666280350760373,0.011193391519067772,0.02499837045034163,,0.1022859245665685,14.32969469079082,0.15847735378609923,,False,1.0,1.0,8.770280489761623e-07,9.72555147279238e-07,True,0.0027210579980556267,4.246078946469935e-17,0.12209097631846086,2.8936412907627535e-17,46.438522061626,8.241439226844529e-11,True,True,True,361,4.482310056686401,t5_lam1.00_D0.06_n1600,t5,1.0,0.06,1600
True,5,5,0.07849861552542949,0.030810163197046,0.005533169427245535,0.019752364219435953,,0.08720426291695979,16.21116737433671,0.09374495278134604,,False,1.0,1.0,8.76980903279945e-07,7.909056502913182e-07,True,0.003247711989862273,4.606170282440119e-20,0.14640237440286843,1.696095014173633e-20,57.46523229386175,3.3234056720740206e-13,True,True,True,362,4.31820273399353,t5_lam1.00_D0.06_n1600,t5,1.0,0.06,1600
True,5,5,0.10565651913009078,0.05581650017343619,0.03125172822590079,0.02925974974598555,,0.12599978866591605,19.62130760949082,0.033044928605594166,,True,1.0,1.0,9.646335092377513e-07,9.249105327570886e-07,True,0.0036929161980758358,1.4503162626794204e-22,0.1642063577428099,1.1135455197978742e-22,54.862039345255404,1.2214045210130749e-12,True,True,True,363,4.50291109085083,t5_lam1.00_D0.06_n1600,t5,1.0,0.06,1600
True,5,5,0.08007395897347952,0.03205919452843241,0.007919739683232722,0.021081311556497694,,0.09229887481202784,14.501724841581332,0.15131143178613352,,False,1.0,1.0,9.917679233727942e-07,9.124610474659947e-07,True,0.0028896116480859844,4.76939840899161e-18,0.1285561572553597,3.3596713950657262e-18,59.97233424575158,9.487965243484271e-14,True,True,True,364,4.477525949478149,t5_lam1.00_D0.06_n1600,t5,1.0,0.06,1600
True,5,5,0.1138946550139895,0.06485996220377842,0.04132495177092442,0.027960164197003607,,0.13214789386178236,27.965416669187093,0.0018284067570337175,,True,1.0,1.0,7.87712937495807e-07,8.768545563980318e-07,True,0.00307794123200376,4.1528033621118295e-19,0.1377765736526535,2.0243304428079511e-19,57.956403962027565,2.5997212504352025e-13,True,True,True,365,4.448328018188477,t5_lam1.00_D0.06_n1600,t5,1.0,0.06,1600
True,5,5,0.0963903266229442,0.04645547533238932,0.024498073601227775,0.023426462480395614,,0.1122774914029959,21.169374070139376,0.019942982378251407,,True,1.0,1.0,9.928343290286816e-07,8.597452066723015e-07,True,0.0033193218667560928,1.822580522428249e-20,0.14676313303880859,1.7190924264111734e-20,49.67930325325633,1.6303331758712296e-11,True,True,True,366,4.332241058349609,t5_lam1.00_D0.06_n1600,t5,1.0,0.06,1600
True,5,5,0.06637939676760374,0.022031121576154812,-0.005353985932894337,0.022843585996682982,,0.08027498906425029,6.904705637458927,0.7344096645466383,,False,1.0,1.0,9.429558005735456e-07,9.344095992131203e-07,True,0.0031759164711680898,1.1671752557494123e-19,0.13925542474353292,1.187295251142258e-19,15.799639762457776,0.0003708103243443288,True,True,True,367,4.632231950759888,t5_lam1.00_D0.06_n1600,t5,1.0,0.06,1600
True,5,5,0.09450805856612697,0.04465886566969243,0.02180150916902948,0.02480311092171028,,0.11189190866929057,17.563909821445016,0.06278077282389276,,False,1.0,1.0,9.662964584767646e-07,8.223661350252144e-07,True,0.0023899986125310926,3.1282485884161903e-15,0.10569993682939513,2.201297514478522e-15,34.33490259680095,3.5016330505585244e-08,True,True,True,368,4.606098890304565,t5_lam1.00_D0.06_n1600,t5,1.0,0.06,1600
True,5,5,0.08224313879748008,0.03381966939630786,0.009912392828186116,0.021151530437304476,,0.09455534293054078,16.42674294548478,0.08805074077179736,,False,1.0,1.0,9.79778715134759e-07,9.591938672503105e-07,True,0.003257350647498792,4.06571927655498e-20,0.1466266772291082,1.266135410222343e-20,57.962576578478036,2.59171007818913e-13,True,True,True,369,4.5316479206085205,t5_lam1.00_D0.06_n1600,t5,1.0,0.06,1600
True,5,5,0.08257595780823795,0.03409394403973948,0.009635913728531058,0.02255374677244789,,0.0966783594280923,13.936979038629193,0.175885647263401,,False,1.0,0.997289972899729,8.157018013667519e-07,9.142314199454715e-07,True,0.0038886382064499975,1.1549580485521555e-23,0.17324693854450635,7.642484422694869e-24,52.22081838422454,4.5750239048436775e-12,True,True,True,370,4.396100282669067,t5_lam1.00_D0.06_n1600,t5,1.0,0.06,1600
True,5,5,0.08916064511281677,0.03974810318466828,0.014717348756199653,0.021704007657423665,,0.10041639753635409,21.694901120055068,0.016736614656940492,,True,1.0,1.0,9.523148977003024e-07,9.502694059457345e-07,True,0.003690684307390976,1.4927842475722346e-22,0.16278344234894054,8.270199713392836e-23,75.8643131328102,3.3594928144255806e-17,True,True,True,371,4.581563234329224,t5_lam1.00_D0.06_n1600,t5,1.0,0.06,1600
True,5,5,0.11168838630573585,0.062371478177896414,0.03869512530038149,0.030559192461653912,,0.13338704873985405,20.79835843125467,0.022544340352679573,,True,1.0,1.0,8.941692476985975e-07,7.764402104802977e-07,True,0.004739761142078849,1.9469067591834451e-28,0.20795592211510788,1.1553363318066635e-28,80.61869625183033,3.1179743618579874e-18,True,True,True,372,4.636874198913574,t5_lam1.00_D0.06_n1600,t5,1.0,0.06,1600
True,5,5,0.0803736186293858,0.03229959285790976,0.009296444322247494,0.019585130583123618,,0.09111653790198196,17.407771428085695,0.06581409951287454,,False,1.0,1.0,9.307144823031704e-07,7.959444501299338e-07,True,0.003590657215087538,5.442877361827878e-22,0.1603132212883946,2.98512279439775e-22,73.81869227292391,9.342748159334977e-17,True,True,True,373,4.594130039215088,t5_lam1.00_D0.06_n1600,t5,1.0,0.06,1600
True,5,5,0.0974496680265089,0.04748218899238395,0.022211954092761603,0.024090073417305156,,0.11120845177120597,22.02795269227986,0.014962830927699677,,True,1.0,1.0,9.416196041117693e-07,8.14727157432311e-07,True,0.00322619536152758,6.086173568982251e-20,0.14246732169700393,6.26310783135231e-20,41.410932992766135,1.0179586928769189e-09,True,True,True,374,4.551898241043091,t5_lam1.00_D0.06_n1600,t5,1.0,0.06,1600
True,5,5,0.11606754970770546,0.06735838047575338,0.039310297300054996,0.029042479616561066,,0.13197039458380025,29.612738084710557,0.000990874401532186,,True,1.0,1.0,9.396415093772941e-07,9.686082994255816e-07,True,0.0031706297407177353,1.249896382127432e-19,0.1402493181172037,9.266664014709346e-20,42.408969157655186,6.1802971393385e-10,True,True,True,375,4.5042030811309814,t5_lam1.00_D0.06_n1600,t5,1.0,0.06,1600
True,5,5,0.11840830903691905,0.07010263824491263,0.04340283480553805,0.03615365288670729,,0.14343660751968662,24.04307634220997,0.007486870358858523,,True,1.0,1.0,9.95994450800467e-07,9.787198210287397e-07,True,0.002652646872622232,1.0317804338242102e-16,0.1158941047300624,9.712479501579455e-17,47.10687563252762,5.900270555181434e-11,True,True,True,376,4.495561838150024,t5_lam1.00_D0.06_n1600,t5,1.0,0.06,1600
True,5,5,0.1053648972979086,0.05550880791299413,0.0330596490470304,0.02912260659363545,,0.1272494197463018,22.04168132846084,0.014893663031238413,,True,0.997289972899729,1.0,9.339224463001254e-07,9.609274925691386e-07,True,0.0036841281810603547,1.6248630613186135e-22,0.16416259664557692,7.294927626096517e-23,52.4229952264901,4.1351495830549365e-12,True,True,True,377,4.45845103263855,t5_lam1.00_D0.06_n1600,t5,1.0,0.06,1600
True,5,5,0.08577727674037726,0.03678870602497633,0.010914935812168965,0.025934847139649088,,0.10351228255067393,12.891220119805707,0.2298175915256464,,False,1.0,1.0,9.96382626022658e-07,9.513035827363825e-07,True,0.003496412000032559,1.8421678948908206e-21,0.15364492312553432,1.4013982676682932e-21,61.12402938334963,5.3344010491031526e-14,True,True,True,378,4.3893818855285645,t5_lam1.00_D0.06_n1600,t5,1.0,0.06,1600
True,5,5,0.08170610274735912,0.033379436130810035,0.007055739323707989,0.020950904847096646,,0.09112289629875697,20.128442319674487,0.02806097996851761,,True,1.0,1.0,8.741702010897973e-07,9.681857899941915e-07,True,0.0025104905631520152,6.535580504698787e-16,0.11350891996166729,3.4585397010714433e-16,21.968145935180797,1.6969838974601746e-05,True,True,True,379,4.486991882324219,t5_lam1.00_D0.06_n1600,t5,1.0,0.06,1600
True,5,5,0.0922037127707263,0.04250762324353298,0.017639065497675424,0.02652017390655912,,0.11068953856192823,14.956331770859048,0.13366205075969312,,False,0.997289972899729,1.0,7.9489024202177e-07,8.541225431970708e-07,True,0.003251300295421629,4.3970468217399873e-20,0.14276209644840165,4.697171919669641e-20,56.36794381325443,5.752498615764569e-13,True,True,True,380,4.631151914596558,t5_lam1.00_D0.06_n1600,t5,1.0,0.06,1600
True,5,5,0.08616327074394356,0.037120546126470595,0.01169492531579127,0.024958200824736564,,0.10271077106568953,14.52211645997888,0.15048011459579863,,False,0.997289972899729,1.0,9.160828985249162e-07,9.565720456985576e-07,True,0.0033695710351208255,9.510397737286332e-21,0.1499677953160191,5.33832635673324e-21,55.21428412488336,1.0241664410396242e-12,True,True,True,381,4.596812009811401,t5_lam1.00_D0.06_n1600,t5,1.0,0.06,1600
True,5,5,0.09898304504129377,0.04898821602823395,0.026913080470287645,0.024023204633424913,,0.11526294785625953,21.863922546138486,0.015813037223706885,,True,1.0,0.994579945799458,8.400003664708681e-07,8.079994560225155e-07,True,0.0032611351063629363,3.871293727990041e-20,0.1438014401193695,3.392461166170518e-20,36.6206753175263,1.1166611146365272e-08,True,True,True,382,4.611194133758545,t5_lam1.00_D0.06_n1600,t5,1.0,0.06,1600
True,5,5,0.0749272171383546,0.028070439340490694,0.007581152144346119,0.017234986731905995,,0.08477049319283472,15.884342218007436,0.10299144873660894,,False,1.0,1.0,9.412027974656323e-07,9.377255786751426e-07,True,0.0026395995794969004,1.2222026804662235e-16,0.11763024351488673,7.62170300112681e-17,38.488941609546714,4.387655510590339e-09,True,True,True,383,4.579709053039551,t5_lam1.00_D0.06_n1600,t5,1.0,0.06,1600
True,5,5,0.06846094290151786,0.02343450351482444,-0.001948876841398984,0.01961287265344751,,0.07786068054873589,10.310139540502835,0.4137179904731407,,False,1.0,0.997289972899729,9.295920314382992e-07,9.689908294662883e-07,True,0.0033023988537150026,2.268997444177422e-20,0.1458021459792841,2.2506557015594766e-20,49.86737060940898,1.4840142071194836e-11,True,True,True,384,4.573309898376465,t5_lam1.00_D0.06_n1600,t5,1.0,0.06,1600
True,5,5,0.10087104566254865,0.05087483926527987,0.025264166366402073,0.02987882826294788,,0.12199218450685441,14.761579950521956,0.14099901380898588,,False,1.0,1.0,8.148523459477505e-07,8.959056187367306e-07,True,0.002909701610730999,3.675671559236513e-18,0.1302354468486182,2.2329453208072644e-18,20.38381189333264,3.747239810024523e-05,True,True,True,385,4.600548028945923,t5_lam1.00_D0.06_n1600,t5,1.0,0.06,1600
True,5,5,0.09132950281994401,0.0417053904266908,0.01937925326410942,0.021746632219671738,,0.10502312140154302,22.773538613320884,0.011614065767996135,,True,1.0,1.0,8.665800142465718e-07,8.94083884767272e-07,True,0.0028285021415296006,1.0534951368181328e-17,0.12538806508628653,8.216024113380344e-18,9.49606571433293,0.008668731073839307,True,True,True,386,4.552077054977417,t5_lam1.00_D0.06_n1600,t5,1.0,0.06,1600
True,5,5,0.0897218293479915,0.04025003330775055,0.018828632249999172,0.02093659614191002,,0.10321460008161448,20.234911711562326,0.027107495228593285,,True,1.0,1.0,9.416556634994688e-07,8.647828189216067e-07,True,0.0033947597073094395,6.864540313284476e-21,0.15077240144293896,3.831204863837729e-21,31.715065359057405,1.2976604268118034e-07,True,True,True,387,4.44800591468811,t5_lam1.00_D0.06_n1600,t5,1.0,0.06,1600
True,5,5,0.08595474777652351,0.03694109332662887,0.009538367341880634,0.02356827606640253,,0.09829011314541906,16.725013161259376,0.08067453650957837,,False,1.0,1.0,9.595769309747097e-07,9.199382986421105e-07,True,0.0036038102126291394,4.591367119782862e-22,0.16029901479330647,2.5144336180343293e-22,59.98445999886682,9.430614911098741e-14,True,True,True,388,4.536350965499878,t5_lam1.00_D0.06_n1600,t5,1.0,0.06,1600
True,5,5,0.1090242485872278,0.059431433900048215,0.03589592117027908,0.029110922767022002,,0.12944429540734456,21.620327633949792,0.017160046613457894,,True,1.0,1.0,9.90193245322473e-07,9.811474175016432e-07,True,0.0036859997246596328,1.5860101543368505e-22,0.16652412730108065,5.790793752587551e-23,38.53362321393246,4.290718622484592e-09,True,True,True,389,4.507012844085693,t5_lam1.00_D0.06_n1600,t5,1.0,0.06,1600
True,5,5,0.11112287529372002,0.061741467067718256,0.03322695859025282,0.03289161799416111,,0.13215812933319768,24.361133994125012,0.006697411663830976,,True,1.0,1.0,8.409463369448306e-07,6.665128535771553e-07,True,0.0032556187053975737,4.157926077205507e-20,0.14642982428305584,2.125760484344762e-20,90.0580623691879,2.7806109654113223e-20,True,True,True,390,4.500469923019409,t5_lam1.00_D0.06_n1600,t5,1.0,0.06,1600
True,5,5,0.09572269076631827,0.04581416763772096,0.02152455420977891,0.02581151996953093,,0.11312004813364625,17.352901809925367,0.06691086696628597,,False,1.0,1.0,8.269312276513042e-07,9.782732423415279e-07,True,0.0038554886719021774,1.7727557003333264e-23,0.1715269074443414,8.594908340483912e-24,87.0773688187416,1.234211565262576e-19,True,True,True,391,4.408481121063232,t5_lam1.00_D0.06_n1600,t5,1.0,0.06,1600
True,5,5,0.08975713795228484,0.04028171906692745,0.016487815203517178,0.027902952904039182,,0.11169967635618479,14.2504921001237,0.16186944371268708,,False,1.0,1.0,9.049981976075825e-07,9.745489747118147e-07,True,0.0024438479145289477,1.553581319263409e-15,0.1077155070491079,1.1778449128809178e-15,20.637242082956526,3.301260692313002e-05,True,True,True,392,4.636957883834839,t5_lam1.00_D0.06_n1600,t5,1.0,0.06,1600
True,5,5,0.05759935209258903,0.016588426807430202,-0.011429772691744094,0.018540083839808486,,0.06175103473813093,8.531386629786132,0.5770767057475059,,False,1.0,1.0,9.746494705955296e-07,8.707694464965248e-07,True,0.0034570559258228833,3.0654057555247788e-21,0.15441791976697955,1.2721739052382195e-21,55.52707466462631,8.758887302425134e-13,True,True,True,393,4.63262414932251,t5_lam1.00_D0.06_n1600,t5,1.0,0.06,1600
True,5,5,0.07525577828101788,0.028317160823408617,0.003466776307042372,0.02202456852591484,,0.08909990766430079,9.662368746508314,0.47059718288061125,,False,1.0,1.0,9.495651681992029e-07,7.344959678291249e-07,True,0.0034154425085280837,5.252431773999896e-21,0.14895736056052697,6.563309183018896e-21,38.807441161039904,3.741719467442104e-09,True,True,True,394,4.632397890090942,t5_lam1.00_D0.06_n1600,t5,1.0,0.06,1600
True,5,5,0.12114105564796512,0.07337577681751692,0.0467199557120446,0.030769184341673618,,0.13952115264345039,35.60221106767993,9.850419707872041e-05,,True,0.997289972899729,1.0,9.937884984214994e-07,8.788215885421418e-07,True,0.003881155859765375,1.2722326846094713e-23,0.1732183328303162,6.683251953300202e-24,93.62732156194002,4.6675120210273436e-21,True,True,True,395,4.3957178592681885,t5_lam1.00_D0.06_n1600,t5,1.0,0.06,1600
True,5,5,0.10678692077961933,0.05701723224796348,0.029327768698346267,0.032251784594469944,,0.12835671666431622,19.287556315750635,0.03675868227746548,,True,1.0,1.0,9.138662071695833e-07,9.182333211389246e-07,True,0.0031803696332158024,1.1017610199512687e-19,0.139183373578692,1.0019987239679743e-19,32.39442326980043,9.239327568671612e-08,True,True,True,396,4.457220792770386,t5_lam1.00_D0.06_n1600,t5,1.0,0.06,1600
True,5,5,0.11061362725886803,0.06117687267681897,0.036765992909165296,0.028189372832351452,,0.12894447258719224,23.603953876073653,0.00872394920292943,,True,1.0,1.0,9.156211218793563e-07,9.324924837273038e-07,True,0.0033887624076471695,7.418595012019082e-21,0.14868758235218874,4.7244026416243576e-21,19.86627193658061,4.8539339344783445e-05,True,True,True,397,4.506654977798462,t5_lam1.00_D0.06_n1600,t5,1.0,0.06,1600
True,5,5,0.11135994960550731,0.062005191880705635,0.040491690074746345,0.025307592938580616,,0.1281553558062886,31.75057084610523,0.00044060985248222143,,True,1.0,1.0,9.965811089925977e-07,8.182094576011741e-07,True,0.003161784945583369,1.4016106128184112e-19,0.1395828414355015,1.3169216842771582e-19,24.448567507755357,4.909768559250456e-06,True,True,True,398,4.520901918411255,t5_lam1.00_D0.06_n1600,t5,1.0,0.06,1600
True,5,5,0.11140368191391829,0.062053901719887436,0.03748269817996762,0.028172720690620476,,0.12947795178255292,23.90889956235917,0.007845905082461755,,True,1.0,1.0,7.111114634966266e-07,8.561741422037564e-07,True,0.0036761142486016725,1.8022893701064408e-22,0.16497990416270086,8.934558624692129e-23,48.76897453783967,2.5701101399863914e-11,True,True,True,399,4.432772874832153,t5_lam1.00_D0.06_n1600,t5,1.0,0.06,1600
True,5,5,0.06824219937880205,0.023284988880280855,6.775609839847901e-05,0.019788564251303715,,0.08076762690498915,9.260211369327799,0.5075995809262243,,False,1.0,1.0,9.725093514273063e-07,9.736295437459095e-07,True,0.0020934588212438393,1.482970706854816e-13,0.09398621977754643,7.949201725666363e-14,29.168243206535667,4.6365661931510534e-07,True,True,True,400,4.339137077331543,t5_lam1.00_D0.06_n1600,t5,1.0,0.06,1600
True,5,5,0.10884262645326839,0.059233586666228605,0.03770668120655324,0.026837812301561955,,0.12794604652760494,25.834630967590883,0.003969080562460463,,True,1.0,1.0,9.573387159579353e-07,8.937507812974077e-07,True,0.003486971920717224,2.0814918423863225e-21,0.15210003132818997,1.857605158075314e-21,44.57852931334612,2.0887927620377496e-10,True,True,True,401,4.307470083236694,t5_lam1.00_D0.06_n1600,t5,1.0,0.06,1600
True,5,5,0.08636985945576722,0.037298763112044914,0.013474929378766251,0.02242741450713208,,0.10036408070018527,16.80637201312416,0.07875978606402642,,False,1.0,1.0,7.189949220725073e-07,8.311653201984907e-07,True,0.0025624360495359396,3.328624553771555e-16,0.11348282652175158,2.383574662922304e-16,41.726771406247565,8.692540349955386e-10,True,True,True,402,4.31195330619812,t5_lam1.00_D0.06_n1600,t5,1.0,0.06,1600
True,5,5,0.13251536797101907,0.08780161374247292,0.06268646618984283,0.03267683055499749,,0.15260083187552362,37.63537963028477,4.391683716856301e-05,,True,1.0,1.0,8.579897382457082e-07,9.637991318007309e-07,True,0.003233418514923555,5.542708720677114e-20,0.1447291052880636,2.6115111349067666e-20,56.57981508943119,5.174272058365331e-13,True,True,True,403,4.5330281257629395,t5_lam1.00_D0.06_n1600,t5,1.0,0.06,1600
True,5,5,0.07313097241186306,0.02674069562952338,0.0037119830482800313,0.01770491580064403,,0.08103576743369534,14.840192646109305,0.13799767796392817,,False,1.0,1.0,7.95906760823477e-07,6.638922726373083e-07,True,0.0030342988464164243,7.310331719043929e-19,0.1365855639829774,2.756977426442389e-19,62.340065162462395,2.904202194329961e-14,True,True,True,404,4.526139259338379,t5_lam1.00_D0.06_n1600,t5,1.0,0.06,1600
True,5,5,0.07553737627955572,0.02852947607599593,0.005565207395388516,0.020109120916336258,,0.08791105490145129,13.27204423197863,0.20885677244444575,,False,1.0,1.0,8.908149968530804e-07,9.826332168036804e-07,True,0.0029161374773058264,3.3814133581116807e-18,0.13088222918899733,1.8802582801951787e-18,22.46857340162105,1.3213299459147824e-05,True,True,True,405,4.4809889793396,t5_lam1.00_D0.06_n1600,t5,1.0,0.06,1600
True,5,5,0.07067361429642836,0.024973798788601616,0.00023767421847382952,0.018073340664057327,,0.07741533977304246,14.507783731555804,0.15106402819602205,,False,1.0,1.0,9.775018668515048e-07,9.071877396700948e-07,True,0.0032602662958240063,3.915089630009735e-20,0.146257954895424,1.6068873934248667e-20,54.10152841214712,1.7864973405710233e-12,True,True,True,406,4.477430105209351,t5_lam1.00_D0.06_n1600,t5,1.0,0.06,1600
True,5,5,0.09319766979048669,0.043429028271882976,0.018475933285850392,0.026964952025502836,,0.11209757573254756,14.36857393175823,0.15683379500063632,,False,1.0,1.0,9.975227532044156e-07,9.631958537718677e-07,True,0.0032256540047502797,6.128989957945788e-20,0.14340323452837186,2.2042350222677582e-20,48.33257147055036,3.1967999302689163e-11,True,True,True,407,4.388899803161621,t5_lam1.00_D0.06_n1600,t5,1.0,0.06,1600
True,5,5,0.10538594028485634,0.055530982048616534,0.0313639200181445,0.026779087361688245,,0.12281009648352838,23.362270578240093,0.009485540898658676,,True,1.0,0.997289972899729,9.210457131205274e-07,9.53136606922728e-07,True,0.003177615829563898,1.1417664418608193e-19,0.14112958102326734,4.7697852394565125e-20,46.65084410545738,7.411360088758148e-11,True,True,True,408,4.47509503364563,t5_lam1.00_D0.06_n1600,t5,1.0,0.06,1600
True,5,5,0.08928703764556736,0.03986087545760482,0.014807488527404114,0.024867674118745034,,0.10555678329266115,16.037910346177508,0.09855230393533708,,False,1.0,0.997289972899729,9.939540897611228e-07,8.829907495381003e-07,True,0.0029301536080524413,2.819557935965458e-18,0.1301585827159064,2.068956782279597e-18,26.537295010448084,1.7278244136367487e-06,True,True,True,409,4.445490837097168,t5_lam1.00_D0.06_n1600,t5,1.0,0.06,1600
True,5,5,0.07266615027909397,0.026401846981919337,0.0015382169595917553,0.02018798986548727,,0.08336006875080904,12.2713797685545,0.26730459216109215,,False,1.0,1.0,8.336335174117966e-07,8.803834692524684e-07,True,0.0026656949195040572,8.710276249931948e-17,0.11936225091524337,3.9449524838991965e-17,44.956340025751075,1.7292381176142052e-10,True,True,True,410,4.488188028335571,t5_lam1.00_D0.06_n1600,t5,1.0,0.06,1600
True,5,5,0.09005014074719601,0.040545139242949065,0.016185247089512182,0.02574557567997427,,0.10819699683879537,13.473614475280975,0.1983831084757858,,False,1.0,1.0,9.690745078819967e-07,8.870050690547718e-07,True,0.0029175001542806472,3.322198399147379e-18,0.12709390045644683,2.44095177046194e-18,20.893725614510384,2.9039232214402117e-05,True,True,True,411,4.37959098815918,t5_lam1.00_D0.06_n1600,t5,1.0,0.06,1600
True,5,5,0.08348325015878644,0.03484726528537258,0.009678482189872835,0.02223988744137762,,0.09618715268767998,16.299407356733177,0.09137631338589623,,False,1.0,1.0,9.558347195341674e-07,7.640769491080101e-07,True,0.003151483876371125,1.6016754232654264e-19,0.14003870394288415,1.0960162192723244e-19,31.414806811755966,1.5078612334308768e-07,True,True,True,412,4.313270092010498,t5_lam1.00_D0.06_n1600,t5,1.0,0.06,1600
True,5,5,0.06829621195659775,0.023321862838102635,0.0021519025473709374,0.016597008178558175,,0.07674835717644463,12.871246713859215,0.23095993445385873,,False,1.0,1.0,9.776019790815092e-07,9.763114238021757e-07,True,0.002566503781830843,3.157349335516708e-16,0.11361479774011785,2.7576154419921614e-16,28.5924669565623,6.183362223738672e-07,True,True,True,413,4.4265217781066895,t5_lam1.00_D0.06_n1600,t5,1.0,0.06,1600
True,5,5,0.07573039135866018,0.028675460876679163,0.0040530200486221385,0.02110377556606481,,0.08805185044146852,10.960985124348467,0.3605657024965945,,False,0.997289972899729,1.0,9.259114330291138e-07,9.360827168730385e-07,True,0.00254671311002863,4.0827009555767384e-16,0.11363221215861376,3.052724328082125e-16,15.423019635845243,0.00044764510406148354,True,True,True,414,4.470659971237183,t5_lam1.00_D0.06_n1600,t5,1.0,0.06,1600
True,5,5,0.08777535693776294,0.03852256642775844,0.016749819038845815,0.022159182662643336,,0.10314885458576346,17.97755860962513,0.05534337779197577,,False,0.997289972899729,1.0,7.649354763768527e-07,9.814377975428463e-07,True,0.0030120901387377204,9.748361446874116e-19,0.13443796302948566,6.542024031345594e-19,32.358674046318846,9.405961786040057e-08,True,True,True,415,4.386578798294067,t5_lam1.00_D0.06_n1600,t5,1.0,0.06,1600
True,5,5,0.07876444256104465,0.031019187059760506,0.008163512007426734,0.01927224312375348,,0.08929001176954028,15.510978106365204,0.11451318987757178,,False,1.0,0.997289972899729,9.523964800582562e-07,7.664846563588555e-07,True,0.0031681168565253024,1.2912466861178735e-19,0.1393087130439998,7.789869427874542e-20,41.37659459644948,1.0355871273922498e-09,True,True,True,416,4.54756498336792,t5_lam1.00_D0.06_n1600,t5,1.0,0.06,1600
True,5,5,0.07978719964685586,0.03182998613743618,0.007039850560781286,0.023401152733659114,,0.09542674835661731,12.106335203511438,0.27800293503859214,,False,1.0,1.0,9.880707847747758e-07,9.546889767446506e-07,True,0.0026771539214569466,7.506515686097958e-17,0.11681964392681556,7.514551837582535e-17,32.85749863467824,7.329676832662818e-08,True,True,True,417,4.454317808151245,t5_lam1.00_D0.06_n1600,t5,1.0,0.06,1600
True,5,5,0.0581804723502038,0.016924836814464144,-0.005725177845947227,0.016719758056455092,,0.06599451012768262,7.205065191306749,0.7059540927903032,,False,1.0,1.0,9.160647011124513e-07,9.958925367482616e-07,True,0.0028142954348263733,1.2666541167628452e-17,0.125682671173167,6.385299914673133e-18,70.9250895962568,3.970200867538026e-16,True,True,True,418,4.598542928695679,t5_lam1.00_D0.06_n1600,t5,1.0,0.06,1600
True,5,5,0.07471970287131165,0.027915169985885495,0.004746158768761853,0.020681913521531828,,0.08805098436354947,10.568399205342901,0.3921162170314287,,False,1.0,1.0,9.389300812130605e-07,9.879382177343351e-07,True,0.003706207320498111,1.2212965925157561e-22,0.16413884874259993,6.976376886240109e-23,45.28514165291585,1.4670889092340317e-10,True,True,True,419,4.322744846343994,t5_lam1.00_D0.06_n1600,t5,1.0,0.06,1600
True,5,5,0.11881165293466475,0.07058104436533616,0.04408684263418494,0.03569638306551552,,0.14338909846187559,27.610930404262156,0.002082989777268602,,True,1.0,1.0,8.802253118612481e-07,8.78417894482839e-07,True,0.0033213737127527395,1.774805910674885e-20,0.14809179851332452,9.29841368422876e-21,92.57250237059395,7.909272201149917e-21,True,True,True,420,4.3655619621276855,t5_lam1.00_D0.06_n1600,t5,1.0,0.06,1600
True,5,5,0.05917867498242624,0.017510577863378205,-0.005273035367214858,0.016336497837314924,,0.06572383487316831,8.747517294229858,0.5562211078315765,,False,0.997289972899729,1.0,8.315340817765346e-07,8.429023838619857e-07,True,0.0030954417674040327,3.3103148425018084e-19,0.1365402757723649,2.1965591841752313e-19,38.752191897294836,3.8465240190909e-09,True,True,True,421,4.380014181137085,t5_lam1.00_D0.06_n1600,t5,1.0,0.06,1600
True,5,5,0.11873569040335534,0.07049082087780725,0.047205384825017835,0.025358374364050695,,0.1333538142471522,42.074469795703536,7.273305214035879e-06,,True,1.0,1.0,9.348514124183581e-07,8.485343154396171e-07,True,0.0031765875454454135,1.1570744639908914e-19,0.14181123165297885,6.33022796259112e-20,54.06181520627932,1.8223256459168146e-12,True,True,True,422,4.236242294311523,t5_lam1.00_D0.06_n1600,t5,1.0,0.06,1600
True,5,5,0.07039894384222994,0.024780056470507232,9.529977187557048e-05,0.01852815931119626,,0.07819387420460944,12.924332601460698,0.22793329842994292,,False,1.0,1.0,8.730835463622187e-07,9.363990169816977e-07,True,0.0035960857799962912,5.073801052958105e-22,0.15806100603182371,5.150034916148784e-22,39.05969868978107,3.2983307001741438e-09,True,True,True,423,4.391182899475098,t5_lam1.00_D0.06_n1600,t5,1.0,0.06,1600
True,5,5,0.07458996087714816,0.027818311318272462,0.004849675640295783,0.023665726263043033,,0.09356957979867477,10.541597035490948,0.39432754103373147,,False,1.0,1.0,7.352406775757595e-07,9.795765027864093e-07,True,0.002899014295676005,4.221977743374982e-18,0.12838724259539,2.93331004860382e-18,22.645381555356813,1.2095334264746677e-05,True,True,True,424,4.4232258796691895,t5_lam1.00_D0.06_n1600,t5,1.0,0.06,1600
True,5,5,0.12556319456154288,0.07883057914249937,0.05658519591241794,0.028658893180491946,,0.14403116350621134,39.337674904482384,2.215396880612434e-05,,True,1.0,1.0,9.026482759469047e-07,6.437842850496479e-07,True,0.0027220520248267457,4.191661289277461e-17,0.12047936543479956,2.6223045248121414e-17,56.58391441314372,5.163677411724036e-13,True,True,True,425,4.4705212116241455,t5_lam1.00_D0.06_n1600,t5,1.0,0.06,1600
True,5,5,0.059210403206084686,0.01752935923913562,-0.00528828006343646,0.01766170109250266,,0.06893857125978071,6.823320320078021,0.7420126890523693,,False,0.997289972899729,1.0,6.668399493939505e-07,9.10329955796962e-07,True,0.003582477853927191,6.05030431895077e-22,0.15841994897217765,3.9145480581896456e-22,40.06556530345481,1.9946790998914848e-09,True,True,True,426,4.410688877105713,t5_lam1.00_D0.06_n1600,t5,1.0,0.06,1600
True,5,5,0.08702575103199764,0.03786740671341619,0.015410878412275453,0.020649289571893267,,0.09937397773922034,21.092851029403196,0.020455332617633482,,True,1.0,0.997289972899729,8.845144132619504e-07,8.229714162780594e-07,True,0.0030895556327339324,3.572635401810234e-19,0.13564037883803767,3.176099340812834e-19,34.49807070061445,3.22729844861668e-08,True,True,True,427,4.253930330276489,t5_lam1.00_D0.06_n1600,t5,1.0,0.06,1600
True,5,5,0.09297116394315039,0.04321818662472073,0.020793995687238775,0.02255782764162114,,0.1076088474984334,20.40752902787868,0.025625421950870246,,True,1.0,1.0,9.167064614593931e-07,9.78060256642944e-07,True,0.003406822845864111,5.8722930557648705e-21,0.15411911563538327,2.624157906182044e-21,65.55287308890098,5.82605355238925e-15,True,True,True,428,4.364100933074951,t5_lam1.00_D0.06_n1600,t5,1.0,0.06,1600
True,5,5,0.10404335514582932,0.054125098750005846,0.03021683869101296,0.02753260246936983,,0.12288526333305307,24.798106278378658,0.005741612387636449,,True,1.0,1.0,9.073952805156312e-07,9.300566475848738e-07,True,0.0028055953970137536,1.417970965420998e-17,0.1225544130145022,1.2870451610097407e-17,28.294174398096423,7.177911418174311e-07,True,True,True,429,4.394629955291748,t5_lam1.00_D0.06_n1600,t5,1.0,0.06,1600
True,5,5,0.050851167412717675,0.0129292061361812,-0.012698371069286604,0.015925617456087077,,0.05195563215821726,6.539962838154672,0.7680436442657927,,False,0.997289972899729,1.0,9.607315886857687e-07,9.574683550207839e-07,True,0.002825268303017407,1.0986215185237755e-17,0.12673323894553043,4.0228451446328386e-18,41.862694856738294,8.121407702876789e-10,True,True,True,430,4.449239015579224,t5_lam1.00_D0.06_n1600,t5,1.0,0.06,1600
True,5,5,0.03730577578177438,0.0069586045334001185,-0.018366206445745433,0.014167042966663214,,0.031421348033297034,3.7548875541096156,0.9577277146846171,,False,1.0,1.0,9.219037456741951e-07,9.873220520065006e-07,True,0.0032813031837309607,2.9815969808411653e-20,0.14699835321709487,1.6382920831106174e-20,33.024649258682466,6.741996614163481e-08,True,True,True,431,4.362612962722778,t5_lam1.00_D0.06_n1600,t5,1.0,0.06,1600
True,5,5,0.10311967918576166,0.05316834117687203,0.02651816793730184,0.025974663649837557,,0.11767980935622024,25.056218798446082,0.005239956548954728,,True,1.0,1.0,8.470188680504836e-07,8.838150781372107e-07,True,0.003269738242259045,3.463210249929682e-20,0.1478109768953429,1.3142727169722825e-20,73.0357038152167,1.3819693958810076e-16,True,True,True,432,4.456461191177368,t5_lam1.00_D0.06_n1600,t5,1.0,0.06,1600
True,5,5,0.08577539034024298,0.03678708794010525,0.015544244343559967,0.023987280788969285,,0.10488070380198587,12.662631581938978,0.24315079176051496,,False,1.0,1.0,8.631878802965499e-07,8.95440662856854e-07,True,0.0015660690062954815,1.4527663322722005e-10,0.07060496234562119,8.322957377468981e-11,14.719554295700132,0.0006363402535319595,True,True,True,433,4.4321959018707275,t5_lam1.00_D0.06_n1600,t5,1.0,0.06,1600
True,5,5,0.08564746506477149,0.036677441360106255,0.013760850203923976,0.023824387517056195,,0.10290624900485998,12.881024298527326,0.2304001829871266,,False,1.0,1.0,8.436477509952792e-07,8.410616728879433e-07,True,0.0035582973040575497,8.272199005980696e-22,0.1562400902509586,6.132682174503386e-22,40.67826634580114,1.4683402247162346e-09,True,True,True,434,4.485479116439819,t5_lam1.00_D0.06_n1600,t5,1.0,0.06,1600
True,5,5,0.09850215049360357,0.04851336825932263,0.023643739925541626,0.024092706615722305,,0.1124924137757655,22.26610417798149,0.013804896078761687,,True,1.0,1.0,9.281140463370869e-07,9.154158106935967e-07,True,0.0026228834048473066,1.5184138193246834e-16,0.11550630420952807,1.4085219274344825e-16,22.26342669413168,1.4640581254166027e-05,True,True,True,435,4.46787691116333,t5_lam1.00_D0.06_n1600,t5,1.0,0.06,1600
True,5,5,0.11195259097535552,0.06266691313047627,0.03862643934193492,0.027003981860411145,,0.12887516195696047,27.432896940763733,0.002223470401046329,,True,1.0,0.994579945799458,9.690521930820445e-07,8.633239889687525e-07,True,0.0025579716189339636,3.5273208206707997e-16,0.11570213428793544,1.6940667995126536e-16,43.017025282936814,4.560071432712137e-10,True,True,True,436,4.432016134262085,t5_lam1.00_D0.06_n1600,t5,1.0,0.06,1600
True,5,5,0.04976536064220234,0.012382955599242308,-0.01261947646755616,0.0172860228421164,,0.05623788918489916,4.515680082666927,0.9211007853782551,,False,1.0,1.0,9.416227497153672e-07,9.748301231878627e-07,True,0.003223033827259523,6.340518864937826e-20,0.14340939583896287,4.406051323372333e-20,29.852084418710238,3.29383797162363e-07,True,True,True,437,4.554126024246216,t5_lam1.00_D0.06_n1600,t5,1.0,0.06,1600
True,5,5,0.07236289697164407,0.026181944290643872,-0.0009887485566695033,0.024852984727152357,,0.08932051669393387,8.662917018164972,0.564364558807107,,False,1.0,1.0,8.289043583966619e-07,8.525066648345313e-07,True,0.0034126979014922473,5.442350374497395e-21,0.15381780788843716,2.2221762243746857e-21,48.57636095189059,2.8299401046292266e-11,True,True,True,438,4.486031770706177,t5_lam1.00_D0.06_n1600,t5,1.0,0.06,1600
True,5,5,0.1310302444571356,0.08584462481248356,0.061282801059018524,0.042370280955396855,,0.16184913429700878,22.371615163059076,0.013319423419320906,,True,1.0,1.0,8.940506852656266e-07,9.304645842755533e-07,True,0.003962130389743437,4.467613030813001e-24,0.17627053059764292,2.703334265996941e-24,54.902788005633816,1.196771019687565e-12,True,True,True,439,4.35322904586792,t5_lam1.00_D0.06_n1600,t5,1.0,0.06,1600
True,5,5,0.10993694668784464,0.06043066123522997,0.03674085561400302,0.025491109375550016,,0.12543524171889903,29.76346663024185,0.0009363579587237293,,True,1.0,1.0,8.585611145693035e-07,9.330629534797358e-07,True,0.0030856639812967914,3.75738915249823e-19,0.13542575529566842,3.744807389947907e-19,38.033120617908054,5.510776440300677e-09,True,True,True,440,4.343824863433838,t5_lam1.00_D0.06_n1600,t5,1.0,0.06,1600
True,5,5,0.10355679447821424,0.053620048413015514,0.02802877462256882,0.03305327537040019,,0.12837178389209783,18.285877568683592,0.050328554693279064,,False,0.994579945799458,1.0,9.659588681256154e-07,7.273635188664011e-07,True,0.003875521366345278,1.3683428086532653e-23,0.17415056707120607,4.8082852488268204e-24,45.10912760831455,1.602054912914622e-10,True,True,True,441,4.464382886886597,t5_lam1.00_D0.06_n1600,t5,1.0,0.06,1600
True,5,5,0.09691595733048423,0.046963513926421195,0.019870557262344768,0.02504046853895544,,0.11050652719112102,23.10186481872818,0.010376759390984536,,True,1.0,1.0,6.381176550975457e-07,9.672306194956579e-07,True,0.002842006356044154,8.842372848683274e-18,0.12642621971349785,5.487105702355305e-18,21.834771445574233,1.8140097783755196e-05,True,True,True,442,4.4674811363220215,t5_lam1.00_D0.06_n1600,t5,1.0,0.06,1600
True,5,5,0.07830411955068295,0.030657675693038244,0.006917271511390561,0.02055982930788175,,0.09026093431597418,14.641536676800778,0.14568753613563276,,False,1.0,1.0,9.290874577112745e-07,9.130370643773395e-07,True,0.0030500264993248895,5.962461904526439e-19,0.1378340609418873,2.150376670494687e-19,35.28241541337701,2.1803230137373822e-08,True,True,True,443,4.35466194152832,t5_lam1.00_D0.06_n1600,t5,1.0,0.06,1600
True,5,5,0.09175748908760695,0.04209718401831154,0.019402558903331382,0.021165851320304553,,0.10413192230536218,23.025215796662,0.010653884377678348,,True,1.0,1.0,8.065124413879126e-07,6.483453828293759e-07,True,0.0031649913590202127,1.3445922814930919e-19,0.13981489085051937,1.0101313782727554e-19,64.38882355188971,1.0426645729490864e-14,True,True,True,444,4.437119960784912,t5_lam1.00_D0.06_n1600,t5,1.0,0.06,1600
True,5,5,0.06364645711735459,0.020254357517956283,-0.005478163007174304,0.018413301294509497,,0.07044007724477575,9.010876394074469,0.5310716779299589,,False,1.0,1.0,9.676291421794514e-07,8.425831623202357e-07,True,0.0026832536791385406,6.935152525148753e-17,0.1182728550989516,5.993688486408019e-17,20.925506946351415,2.8581426528758408e-05,True,True,True,445,4.429800987243652,t5_lam1.00_D0.06_n1600,t5,1.0,0.06,1600
True,5,5,0.06975314008558745,0.024327502758997924,0.002994569259308473,0.017284775827408592,,0.07927861687752205,11.945018497678436,0.28875306862283584,,False,1.0,1.0,8.514465690547776e-07,8.964970086880736e-07,True,0.0038134296738461504,3.053276082151302e-23,0.16696103078426608,3.345714832194137e-23,64.49302158355776,9.897335733878503e-15,True,True,True,446,4.413877964019775,t5_lam1.00_D0.06_n1600,t5,1.0,0.06,1600
True,5,5,0.09722131573291995,0.047259921164200545,0.0241085968396758,0.025319383865498507,,0.1146780512766219,18.413782455583632,0.048372147874396115,,True,1.0,1.0,9.490807945763459e-07,9.753578083682576e-07,True,0.002216405495744153,2.991599920038427e-14,0.10090365850081756,1.328856462132601e-14,33.90790175518915,4.335035790450854e-08,True,True,True,447,4.327728986740112,t5_lam1.00_D0.06_n1600,t5,1.0,0.06,1600
True,5,5,0.13289641234091057,0.08830728206542665,0.06290792787433944,0.03581399598676428,,0.15608760941778443,34.117246484109906,0.00017643878554903634,,True,1.0,1.0,9.012137036978476e-07,7.849763149945202e-07,True,0.00419365810099946,2.2440196566615674e-25,0.18563469137841435,2.2375865495118573e-25,76.4902371874183,2.4567221134151513e-17,True,True,True,448,4.343239784240723,t5_lam1.00_D0.06_n1600,t5,1.0,0.06,1600
True,5,5,0.09559215248832988,0.04568929808676056,0.02273877743864243,0.022185659039911307,,0.10884019402477126,23.379563406952634,0.009429010996538542,,True,1.0,1.0,8.126530081667182e-07,9.6554305538817e-07,True,0.0036087498447518254,4.307194688662434e-22,0.1596722442581533,4.0892034204230634e-22,53.54058028322072,2.364888734982598e-12,True,True,True,449,4.474970102310181,t5_lam1.00_D0.06_n1600,t5,1.0,0.06,1600
True,5,5,0.08785932484818323,0.03859630481389294,0.014732369177049471,0.020703178427552073,,0.09877860831478846,20.805635112455562,0.022490402195618566,,True,0.997289972899729,1.0,9.593221175820967e-07,9.544618353899349e-07,True,0.0034769248909622976,2.3704588508776812e-21,0.15531023168523933,9.407516681746966e-22,35.078637140085334,2.4141860088457567e-08,True,True,True,450,4.430542230606079,t5_lam1.00_D0.06_n1600,t5,1.0,0.06,1600
True,5,5,0.06933937339893899,0.024039743516787438,1.2176155512407666e-05,0.01969015533956276,,0.08049794976399101,9.569092826312541,0.4790753582496535,,False,1.0,1.0,9.524929145970299e-07,9.282044273523668e-07,True,0.002598463933293821,2.0848910839454053e-16,0.11553933076633915,1.2328509563943788e-16,13.921327916085435,0.0009484666233905993,True,True,True,451,4.387607097625732,t5_lam1.00_D0.06_n1600,t5,1.0,0.06,1600
True,5,5,0.11816515963557472,0.06981502475850429,0.04614727367672643,0.02966691839814368,,0.1378005892617201,29.19555295179417,0.0011583591729079816,,True,1.0,1.0,9.926485569530243e-07,9.96928089452337e-07,True,0.0033985480892531218,6.536084865536001e-21,0.15267746222024575,2.5676900667860665e-21,69.24730328866892,9.186268764857738e-16,True,True,True,452,4.474617958068848,t5_lam1.00_D0.06_n1600,t5,1.0,0.06,1600
True,5,5,0.08793208512560782,0.0386602579726857,0.013756372196590629,0.023941518440154685,,0.1030889573500524,15.319446205261768,0.1208421791650344,,False,1.0,1.0,6.96885838462705e-07,7.907234987345202e-07,True,0.002517139915389975,5.994750963138391e-16,0.11128028253890698,3.812980186608252e-16,9.863554461023144,0.007213671525124664,True,True,True,453,4.506921052932739,t5_lam1.00_D0.06_n1600,t5,1.0,0.06,1600
True,5,5,0.06833110951170752,0.023345702635504832,-0.002760461316966261,0.019487193938893737,,0.07654164920163381,11.353016403682844,0.3306841133700321,,False,1.0,1.0,9.185965626866569e-07,9.758078853771609e-07,True,0.0023223254688266026,7.541264972284893e-15,0.10252061847459713,5.055921186937024e-15,20.246754789552064,4.013036032525256e-05,True,True,True,454,4.576463937759399,t5_lam1.00_D0.06_n1600,t5,1.0,0.06,1600
True,5,5,0.10996442489045019,0.060460873707437315,0.03325870314593487,0.031915511117775595,,0.13096186266544782,21.71440059066825,0.01662752881306813,,True,1.0,1.0,8.679166560022215e-07,6.837679857078256e-07,True,0.0026580805133522337,9.615144270412281e-17,0.11996592113761705,3.834601450711072e-17,43.374811431133715,3.8131103250245776e-10,True,True,True,455,4.5750908851623535,t5_lam1.00_D0.06_n1600,t5,1.0,0.06,1600
True,5,5,0.08408973219452634,0.035355415302735796,0.011159829360887035,0.026968866701471368,,0.10537520350592258,10.608116054369589,0.3888525935992807,,False,1.0,1.0,9.694916327590056e-07,9.995185535873095e-07,True,0.003719725167710161,1.0254370556128552e-22,0.16625006790435354,5.459217846560682e-23,53.96764160188977,1.910185418286391e-12,True,True,True,456,4.549219846725464,t5_lam1.00_D0.06_n1600,t5,1.0,0.06,1600
True,5,5,0.09410100898506099,0.044274999460032646,0.020844014962852066,0.02375363368952993,,0.10946713250136048,19.506448788243347,0.034282012404572175,,True,1.0,1.0,8.975913029772555e-07,7.460142932307204e-07,True,0.0032388887613293,5.163671694575184e-20,0.14390936530137444,4.228063454636865e-20,46.99690151912863,6.233794792721647e-11,True,True,True,457,4.551190137863159,t5_lam1.00_D0.06_n1600,t5,1.0,0.06,1600
True,5,5,0.07718690003321711,0.029789087683689264,0.004332554081598213,0.02139503827736778,,0.08890923505563658,14.57558488458768,0.14831834316044448,,False,1.0,1.0,9.555435893769763e-07,8.664812142693456e-07,True,0.003162413379519017,1.3902480198753037e-19,0.13732193886514846,1.3360677735850733e-19,31.32443937983685,1.577554654391274e-07,True,True,True,458,4.482880115509033,t5_lam1.00_D0.06_n1600,t5,1.0,0.06,1600
True,5,5,0.09170190136398834,0.04204619356885323,0.017510303963658425,0.025237225184000307,,0.10864791331797621,17.191757591389266,0.07022710732266664,,False,1.0,1.0,8.883229188952783e-07,9.247501365626335e-07,True,0.00295381339053083,2.0747990029551654e-18,0.13277401147821719,1.248737460875534e-18,53.79864748897726,2.078605781151149e-12,True,True,True,459,4.467856168746948,t5_lam1.00_D0.06_n1600,t5,1.0,0.06,1600
True,5,5,0.06601315139782257,0.021788680787359217,-0.0007697804861713231,0.017848724680652805,,0.07561581718299247,10.167602282723355,0.42591415423756285,,False,1.0,1.0,9.917068709928644e-07,9.886456671844854e-07,True,0.0022696255460108268,1.4967551455928304e-14,0.1023735777442181,6.807504155490427e-15,30.57592067054636,2.2936290832574303e-07,True,True,True,460,4.384558916091919,t5_lam1.00_D0.06_n1600,t5,1.0,0.06,1600
True,5,5,0.06645059085022866,0.022078405121722464,-0.0007387557072827712,0.019186514562292655,,0.07851146713577774,9.098068831144637,0.5228225081438491,,False,1.0,1.0,9.828829246650242e-07,9.709904490695646e-07,True,0.002359238149875312,4.66640095472975e-15,0.10591365709635606,2.7107964259194628e-15,39.52968171106185,2.607586240636565e-09,True,True,True,461,4.423585891723633,t5_lam1.00_D0.06_n1600,t5,1.0,0.06,1600
True,5,5,0.0898592037977402,0.040373382535819034,0.016383828769705164,0.023504533358372028,,0.10492411135103814,17.468008874366454,0.06462861661673262,,False,1.0,1.0,9.914543902540577e-07,9.86006460736329e-07,True,0.003413351010605978,5.396543508712515e-21,0.1503113830947563,4.3599688484251675e-21,55.82926718596442,7.530584155845629e-13,True,True,True,462,4.441735029220581,t5_lam1.00_D0.06_n1600,t5,1.0,0.06,1600
True,5,5,0.09265200784230812,0.042921972786055626,0.0183020068826471,0.022806697322166246,,0.10565574825043518,20.20974664119791,0.027330102619362615,,True,1.0,1.0,9.385324536502013e-07,9.706250262050049e-07,True,0.003703174778548166,1.2701393054037207e-22,0.16527097432083596,9.393230940999534e-23,60.56360546078379,7.059601262598782e-14,True,True,True,463,4.37208890914917,t5_lam1.00_D0.06_n1600,t5,1.0,0.06,1600
True,5,5,0.10202636195293063,0.05204689266675207,0.02807175543501009,0.02492048128609662,,0.11752642210483769,24.35866956633234,0.006703210910205019,,True,1.0,1.0,9.293103937773274e-07,9.983762461712869e-07,True,0.002508544913511516,6.702873450484765e-16,0.11395033406510083,2.8022620838266274e-16,29.53123102412702,3.8670043552871837e-07,True,True,True,464,4.411982297897339,t5_lam1.00_D0.06_n1600,t5,1.0,0.06,1600
True,5,5,0.10340714775421112,0.05346519103330625,0.03038288305626231,0.025537271583163674,,0.12032286303298624,23.518023821322487,0.008987805709968289,,True,1.0,1.0,8.971758701163352e-07,9.910586420404403e-07,True,0.0043527940780780676,2.874216076729721e-26,0.19499878233782955,1.314034043488207e-26,55.94757715337339,7.098032494800687e-13,True,True,True,465,4.436873912811279,t5_lam1.00_D0.06_n1600,t5,1.0,0.06,1600
True,5,5,0.07297127456953756,0.026624034561514198,0.0036118339701993844,0.020003033042456816,,0.085456299264729,11.383896766968327,0.3284011545668782,,False,1.0,1.0,7.21954341660055e-07,6.777702523696958e-07,True,0.00285421392651926,7.547662654757042e-18,0.12802901417804083,4.025156783790062e-18,34.88964984662381,2.6534371057759395e-08,True,True,True,466,4.388209104537964,t5_lam1.00_D0.06_n1600,t5,1.0,0.06,1600
True,5,5,0.05840229407856358,0.01705413976819511,-0.007404846816319491,0.01747984564634002,,0.06534055508428864,8.539834069019033,0.5762585841178409,,False,1.0,1.0,7.559245775399701e-07,8.190649084052544e-07,True,0.0024788991097383704,9.852124144922466e-16,0.1100342892631172,6.797984119478024e-16,26.424910995341307,1.8276939951295893e-06,True,True,True,467,4.353734016418457,t5_lam1.00_D0.06_n1600,t5,1.0,0.06,1600
True,5,5,0.08617354606159615,0.03712940020415016,0.014352101400418548,0.02300512829888622,,0.10216865480305151,15.033406245286418,0.13084866322550479,,False,1.0,1.0,6.932579823978878e-07,9.585701129054772e-07,True,0.0031147324970727864,2.5782893010813274e-19,0.14012200637823127,8.718805421879192e-20,46.415656388474304,8.336202931439371e-11,True,True,True,468,4.332743883132935,t5_lam1.00_D0.06_n1600,t5,1.0,0.06,1600
True,5,5,0.07769537303416633,0.0301828549545913,0.004001358839292219,0.020744986101228532,,0.08731989975825195,16.08471043938962,0.09723300855347954,,False,1.0,1.0,9.240960304160069e-07,9.164265832810691e-07,True,0.0037899604716642387,4.1355362880392326e-23,0.16903036406597355,1.3994961473758375e-23,62.541521080082134,2.625918558485705e-14,True,True,True,469,4.478130340576172,t5_lam1.00_D0.06_n1600,t5,1.0,0.06,1600
True,5,5,0.08830256182726062,0.038986712126285926,0.012001221698701613,0.023453578301525977,,0.10057725889380457,18.69614840320433,0.044296167427026724,,True,1.0,1.0,9.736895430401788e-07,8.792628068041677e-07,True,0.004142536800615327,4.343102967246557e-25,0.18195038166983063,3.1997484581122273e-25,29.5030893121441,3.9218010306609023e-07,True,True,True,470,4.547658205032349,t5_lam1.00_D0.06_n1600,t5,1.0,0.06,1600
True,5,5,0.11534961193643714,0.0665276648694332,0.04204176108158102,0.03053918391684011,,0.13584862789983088,28.501387476041224,0.001499806041747885,,True,1.0,1.0,9.188866651679059e-07,8.194939769558837e-07,True,0.004522619499208777,3.2089620049579254e-27,0.19721963693746808,4.042977350576388e-27,70.58187505405496,4.713468085108807e-16,True,True,True,471,4.422296047210693,t5_lam1.00_D0.06_n1600,t5,1.0,0.06,1600
True,5,5,0.06653690109286432,0.022135796035208044,-0.00867742106342572,0.024572609182039507,,0.07967549720373637,7.74788702941271,0.6534476318320493,,False,0.997289972899729,1.0,8.87491533715905e-07,9.846218256565583e-07,True,0.0030193682240466286,8.87090789828014e-19,0.134905361242609,3.6796641882648327e-19,63.21009376490314,1.879760583377697e-14,True,True,True,472,4.506957054138184,t5_lam1.00_D0.06_n1600,t5,1.0,0.06,1600
True,5,5,0.09098149140148337,0.04138815888819096,0.016024323085219346,0.024418773958963927,,0.10600908640048674,17.308339007120477,0.06781362931581307,,False,1.0,1.0,8.307135430479389e-07,8.586334635726336e-07,True,0.0031679890844173745,1.2933853975860418e-19,0.13998201362871368,6.895115097852291e-20,54.90569786828317,1.1950310661059697e-12,True,True,True,473,4.369312047958374,t5_lam1.00_D0.06_n1600,t5,1.0,0.06,1600
True,5,5,0.10565188452370167,0.05581160351704796,0.03274563849034048,0.02610060371643297,,0.12302626644659123,25.746200583935916,0.004096951549378896,,True,1.0,1.0,8.155737577172878e-07,9.48089472174555e-07,True,0.0023980399328063233,2.8177568792506583e-15,0.10745645783784348,2.0394800210600726e-15,19.958672640665647,4.6347819080779176e-05,True,True,True,474,4.432415008544922,t5_lam1.00_D0.06_n1600,t5,1.0,0.06,1600
True,5,5,0.08151262233748403,0.03322153800166651,0.010411887838269407,0.021331345714448117,,0.09539269280656158,13.584390156646915,0.19280656377837388,,False,1.0,0.997289972899729,9.345011955805847e-07,8.861881287475905e-07,True,0.003770461964848214,5.321210544972031e-23,0.16756481017394861,3.56508290325423e-23,49.854325598458374,1.4937253339213043e-11,True,True,True,475,4.476088047027588,t5_lam1.00_D0.06_n1600,t5,1.0,0.06,1600
True,5,5,0.1370685205802827,0.0939388966703369,0.07165838994809885,0.03584549775073111,,0.16162857849605047,33.53114075831026,0.0002216845508173334,,True,1.0,1.0,8.588081164882749e-07,8.615600044915619e-07,True,0.0031192556846613363,2.4315513237625885e-19,0.13639678984580655,2.3041967504037453e-19,54.891071208554216,1.2038027585348247e-12,True,True,True,476,4.414056062698364,t5_lam1.00_D0.06_n1600,t5,1.0,0.06,1600
True,5,5,0.06588418892937481,0.021703631754407773,-0.0007935498934234543,0.016516114197847563,,0.07262649715916472,12.81079259224516,0.23444388109428269,,False,1.0,1.0,8.268108197819406e-07,9.457791187351386e-07,True,0.003091763649517879,3.471880812893268e-19,0.1392586081465469,1.4876157805414343e-19,57.48913052850965,3.2839302258480453e-13,True,True,True,477,4.333735942840576,t5_lam1.00_D0.06_n1600,t5,1.0,0.06,1600
True,5,5,0.08753725366290978,0.03831385389422305,0.015715160431603162,0.02300464414156151,,0.10349341310883368,15.144583328963844,0.12687884960614293,,False,1.0,1.0,8.082666736286181e-07,9.226930316038418e-07,True,0.0039355980100352905,6.2948581858397695e-24,0.17363889723550657,5.877830127488169e-24,51.064312470264895,8.156905595324545e-12,True,True,True,478,4.49808406829834,t5_lam1.00_D0.06_n1600,t5,1.0,0.06,1600
True,5,5,0.08441027938321244,0.03562547632775989,0.013142232858100091,0.024396602902941097,,0.1032192555953564,12.95605998289594,0.22613894176042468,,False,1.0,1.0,7.00227677698241e-07,9.296500183296207e-07,True,0.002908411945664344,3.7376491602626165e-18,0.13013342637475045,3.3549818390097535e-18,33.23363216302715,6.073072545596605e-08,True,True,True,479,4.339466094970703,t5_lam1.00_D0.06_n1600,t5,1.0,0.06,1600
True,5,5,0.08366747563767335,0.035001232397903315,0.012248096344566264,0.02038338812334094,,0.09568258590653074,18.29181123218807,0.05023622642392207,,False,1.0,1.0,9.146734762116604e-07,9.730203752759974e-07,True,0.002348392713389761,5.373112230144017e-15,0.10667014937384213,2.4257730550801745e-15,35.51115213667877,1.9446940727273367e-08,True,True,True,480,4.387146949768066,t5_lam1.00_D0.06_n1600,t5,1.0,0.06,1600
True,5,5,0.06908778621594157,0.02386561102109823,0.001068739566836091,0.018801991566525886,,0.07999407926708973,11.115548453281544,0.3485868944387635,,False,1.0,1.0,8.596100488535311e-07,6.699644664049966e-07,True,0.002406945701088877,2.509736280964964e-15,0.10718610702667251,1.3027861974831209e-15,39.28216839363507,2.9511107949198277e-09,True,True,True,481,4.4676361083984375,t5_lam1.00_D0.06_n1600,t5,1.0,0.06,1600
True,5,5,0.07939365641238953,0.03151676339264281,0.007195058644365843,0.02044309157242413,,0.09035590956143238,16.70761025482191,0.08108941578056336,,False,1.0,0.997289972899729,9.155991108804289e-07,8.980940142834869e-07,True,0.0028952186763318856,4.434956488886126e-18,0.13116743424953098,1.3808105144194202e-18,64.20743640294374,1.1416483058444812e-14,True,True,True,482,4.407947778701782,t5_lam1.00_D0.06_n1600,t5,1.0,0.06,1600
True,5,5,0.07835815844572454,0.03070000497502636,0.006090915079708412,0.01983301986472673,,0.0879924198298976,16.221126444804728,0.09347495711487668,,False,1.0,1.0,7.68148275193965e-07,9.201438741808764e-07,True,0.0024411090623617333,1.6098738182184393e-15,0.10904504633576459,1.204118659614158e-15,53.29338402592613,2.6760159508794095e-12,True,True,True,483,4.492596864700317,t5_lam1.00_D0.06_n1600,t5,1.0,0.06,1600
True,5,5,0.06212642178561084,0.019298461419418107,-0.005782041202367517,0.016681060720848302,,0.06581164338582884,11.52287043740381,0.31825659559321734,,False,0.997289972899729,1.0,9.723795512161425e-07,7.283645047183692e-07,True,0.003717996120238963,1.0486212720891523e-22,0.16543562836674872,5.661040002857585e-23,68.97975293891818,1.0501152556714581e-15,True,True,True,484,4.7762110233306885,t5_lam1.00_D0.06_n1600,t5,1.0,0.06,1600
True,5,5,0.1048978375122802,0.05501778157376369,0.029730444778821426,0.025651896888114385,,0.1199367003159763,26.375868273868512,0.0032662331182770478,,True,1.0,1.0,9.701572093259954e-07,8.396003965199212e-07,True,0.0029125529398974586,3.542269482334182e-18,0.13051852089844498,1.5522512324763414e-18,38.596865251558945,4.1571644163278834e-09,True,True,True,485,6.607616901397705,t5_lam1.00_D0.06_n1600,t5,1.0,0.06,1600
True,5,5,0.09323648670683064,0.04346521226716504,0.015239388297376158,0.02647651657646903,,0.10843374255020621,18.798031679144508,0.04290425613567232,,True,1.0,1.0,9.74054045089347e-07,8.418288498918797e-07,True,0.003586376247121756,5.752774287921034e-22,0.15722276155022416,4.722715224618904e-22,54.98001339094607,1.1514412521723755e-12,True,True,True,486,6.847735166549683,t5_lam1.00_D0.06_n1600,t5,1.0,0.06,1600
True,5,5,0.07910500008719644,0.031288005193976745,0.005290386865329795,0.02345828420845781,,0.09367585679103241,12.983431734505613,0.22459964313623157,,False,1.0,1.0,9.116246554687053e-07,9.294216243321068e-07,True,0.003426182656267772,4.570846372584731e-21,0.1491359725733691,5.429857868653319e-21,52.87915797284814,3.2918250239526614e-12,True,True,True,487,6.685492992401123,t5_lam1.00_D0.06_n1600,t5,1.0,0.06,1600
True,5,5,0.08366857418711093,0.035002151532520426,0.01030284421323547,0.023453478514453178,,0.0988740445338029,13.63348241405603,0.1903754434806066,,False,1.0,1.0,8.82121352616762e-07,9.82517124860544e-07,True,0.00349181010690819,1.9551851435224185e-21,0.15398576732031985,1.1705532756578678e-21,69.42499891772934,8.405296383844089e-16,True,True,True,488,5.834551095962524,t5_lam1.00_D0.06_n1600,t5,1.0,0.06,1600
True,5,5,0.10844453987389277,0.058801091142301594,0.03355909225107043,0.02862147368496705,,0.12699387941982448,23.587210908837992,0.008774774381651224,,True,1.0,1.0,9.889335111402647e-07,9.709766528160945e-07,True,0.004232130315133075,1.3653077517460575e-25,0.1870956249956174,1.1107256920907702e-25,78.0952573642107,1.1011090495993294e-17,True,True,True,489,5.080320835113525,t5_lam1.00_D0.06_n1600,t5,1.0,0.06,1600
True,5,5,0.11523180775348882,0.06639184759068503,0.041154645188529876,0.029835458286758744,,0.13433510856307396,31.297058343854474,0.0005239735051525583,,True,1.0,1.0,9.61346257656911e-07,9.131834284047425e-07,True,0.003399931997525421,6.420059591977018e-21,0.15009984909999335,5.305575236115618e-21,58.86735463107276,1.648604039881489e-13,True,True,True,490,5.223175048828125,t5_lam1.00_D0.06_n1600,t5,1.0,0.06,1600
True,5,5,0.0771155249123902,0.029734020912567362,0.008625929901006295,0.017563300835498136,,0.08661984643430767,17.640313263067036,0.06134274491333845,,False,1.0,1.0,6.465875736724075e-07,9.414851986191742e-07,True,0.002435629138552472,1.7287046821072295e-15,0.10752434926414486,1.5248830646317383e-15,22.375119526159274,1.3845368811645636e-05,True,True,True,491,4.955296039581299,t5_lam1.00_D0.06_n1600,t5,1.0,0.06,1600
True,5,5,0.08399057382157023,0.03527208245438319,0.010968094746049109,0.021587342830606357,,0.0964117356935522,16.673618079702443,0.0819052225548793,,False,1.0,1.0,9.8560798193144e-07,8.400856108768406e-07,True,0.0030743741092754615,4.349242903229472e-19,0.1343075197770086,3.012025988846157e-19,47.67206812029895,4.447766067313642e-11,True,True,True,492,4.880619764328003,t5_lam1.00_D0.06_n1600,t5,1.0,0.06,1600
True,5,5,0.10458064320886869,0.054685554669903456,0.032365865403031234,0.024449788205694337,,0.12048418004979981,25.796208765296512,0.004024160523958954,,True,0.997289972899729,1.0,9.955842462563597e-07,8.838806262965685e-07,True,0.0030228743538658494,8.476855717839999e-19,0.13312498246799592,5.857454515456064e-19,37.28549484151755,8.00861963636276e-09,True,True,True,493,4.824138164520264,t5_lam1.00_D0.06_n1600,t5,1.0,0.06,1600
True,5,5,0.063013390444675,0.01985343687666529,-0.004404255050149165,0.017623853733934245,,0.07012047444930021,9.351690101323655,0.4990836106491948,,False,1.0,1.0,9.657510875890844e-07,8.745634276967578e-07,True,0.004503627355124001,4.100457941666076e-27,0.19578290340379562,6.280710935598865e-27,53.55935781505944,2.3427892539883962e-12,True,True,True,494,5.160440921783447,t5_lam1.00_D0.06_n1600,t5,1.0,0.06,1600
True,5,5,0.10775893751776745,0.05805994307479055,0.03220959386262759,0.027647969690707812,,0.12464867194337267,27.45400353800317,0.0022063488417997175,,True,1.0,1.0,7.862824255357138e-07,9.93037222950953e-07,True,0.0032419119761666103,4.9654314512576353e-20,0.14597742481685924,2.0902504280518558e-20,44.35745980224175,2.3329207628210407e-10,True,True,True,495,5.047175884246826,t5_lam1.00_D0.06_n1600,t5,1.0,0.06,1600
True,5,5,0.11452469969079303,0.06557953419633164,0.04120989597258655,0.030277312084467926,,0.13491600540266913,25.69416790766901,0.0041740329712288,,True,1.0,1.0,9.554581658286675e-07,9.66252546858875e-07,True,0.004034820608050618,1.7464475492567135e-24,0.18075964344672701,8.926201696368061e-25,73.60831310385721,1.0379057032626973e-16,True,True,True,496,5.240631103515625,t5_lam1.00_D0.06_n1600,t5,1.0,0.06,1600
True,5,5,0.13197394984014907,0.0870856171820509,0.06076342730140934,0.03642074720070562,,0.15535136010397374,32.25126279668093,0.00036359609861945065,,True,1.0,1.0,9.056964515167473e-07,8.913136749924612e-07,True,0.003172297450288806,1.223187568573724e-19,0.1436870966741492,3.92595058043271e-20,81.59304820467433,1.9155553326928027e-18,True,True,True,497,4.866154909133911,t5_lam1.00_D0.06_n1600,t5,1.0,0.06,1600
True,5,5,0.0865216317404853,0.037429963795180765,0.01258608053364181,0.02395340655732474,,0.10196659079061197,14.077367980580139,0.1694917778709892,,False,1.0,1.0,9.904933483220454e-07,8.820215620055858e-07,True,0.0026042735777873495,1.933406376082626e-16,0.11495819116384316,1.9400923299948344e-16,28.930387556772025,5.222111763982415e-07,True,True,True,498,4.550989866256714,t5_lam1.00_D0.06_n1600,t5,1.0,0.06,1600
True,5,5,0.09244032076584102,0.04272606451645789,0.02152805664361457,0.021197630121145415,,0.10620268869586717,22.45463191688518,0.01294884678793685,,True,1.0,1.0,8.972472580867054e-07,8.886950305253074e-07,True,0.0021107110329132536,1.184505500851315e-13,0.09543115064319264,6.400484531354791e-14,15.941715709066798,0.000345382570767663,True,True,True,499,4.211542129516602,t5_lam1.00_D0.06_n1600,t5,1.0,0.06,1600
