applicable,K_x,K_y,D_hat,Q_hat,Q_bc,s_Q,Z,U_D,T0,p_exact,decision,mt_reject,success_x,success_y,max_residual_x,max_residual_y,correct_cardinality,mmd_stat,mmd_p,energy_stat,energy_p,gec_stat,gec_p,mmd_reject,energy_reject,gec_reject,rep,seconds,name,family,lam,D,n
True,5,5,0.03881240738161589,0.0075320148337825596,-0.015485211631538914,0.013752961799330308,,0.03777935273509747,3.4057339510316567,0.9702025731907525,,False,1.0,1.0,9.886073677062756e-07,8.277121463317661e-07,True,0.0016151995369890076,7.635114347692232e-11,0.07265694845282468,4.278844658852438e-11,8.528914309879477,0.014059497190488778,True,True,True,0,5.035099029541016,t5_lam0.75_D0.00_n1600,t5,0.75,0.0,1600
True,5,5,0.06407852520826196,0.02053028696432932,-0.0014498229601577692,0.017354625703586264,,0.07361521048366478,8.718535553684092,0.5590076715456441,,False,1.0,0.997289972899729,8.840133012652798e-07,9.70001054175467e-07,True,0.0016793459942330338,3.2984585464453955e-11,0.07391139358469223,3.865406179645038e-11,7.600747310240704,0.022362414464203693,True,True,True,1,4.982496023178101,t5_lam0.75_D0.00_n1600,t5,0.75,0.0,1600
True,5,5,0.06153797134718927,0.018934609587637437,-0.0025212261403208328,0.01581165445175558,,0.06853704258684164,9.529165998462306,0.48272449822417174,,False,1.0,0.997289972899729,9.124583073967717e-07,9.974631986635689e-07,True,0.0009880839050887642,2.9305426387130637e-07,0.043381784932990324,3.2611377356768633e-07,10.288261707180418,0.005833542363673406,True,True,True,2,4.987684965133667,t5_lam0.75_D0.00_n1600,t5,0.75,0.0,1600
True,5,5,0.06410961980773021,0.020550216759458572,-0.0011114101254329177,0.01697857849719525,,0.07323368937334643,10.352325044978038,0.4101451703793092,,False,1.0,1.0,9.930676536704818e-07,8.920123836101018e-07,True,0.001818957642991753,5.320148377434047e-12,0.07972430620148456,5.0707319963101445e-12,7.16221790690356,0.0278448025375687,True,True,True,3,4.9203760623931885,t5_lam0.75_D0.00_n1600,t5,0.75,0.0,1600
True,5,5,0.05316914462575614,0.014134789701172866,-0.00926279300584962,0.01589042499564965,,0.05809411361238767,6.128365299256139,0.8043656625428567,,False,1.0,1.0,7.643145497326462e-07,8.828954134242835e-07,True,0.001772563442638426,9.75228574313109e-12,0.07751445704097577,1.0943768743873559e-11,11.165526359953201,0.0037621556301116773,True,True,True,4,5.0904600620269775,t5_lam0.75_D0.00_n1600,t5,0.75,0.0,1600
True,5,5,0.06974578323415223,0.02432237139472675,0.0016741556024864844,0.019533259942443985,,0.08222348699125011,9.719915056285606,0.4654002243842368,,False,1.0,1.0,8.96866872597048e-07,9.741652510375904e-07,True,0.0021655752944395802,5.797714615177981e-14,0.09547378948406766,6.762453717146499e-14,19.510063788278813,5.8002067927013926e-05,True,True,True,5,4.962460279464722,t5_lam0.75_D0.00_n1600,t5,0.75,0.0,1600
True,5,5,0.07593564105338964,0.028831107910946174,0.006940051314017686,0.018429257707393218,,0.08631741735715544,14.563058988393585,0.14882244348588644,,False,1.0,1.0,9.42958245720409e-07,9.680575897521836e-07,True,0.0015660317824015876,1.4534748090997057e-10,0.06881213077097788,1.257486940334858e-10,8.305236649185245,0.015723194115805597,True,True,True,6,5.018377065658569,t5_lam0.75_D0.00_n1600,t5,0.75,0.0,1600
True,5,5,0.03046192942629062,0.004639645721861552,-0.01745670191119566,0.011638707498478038,,0.018369911979665195,3.043546665189298,0.9803805943524962,,False,1.0,1.0,8.699906958356486e-07,9.769563491617372e-07,True,0.0017588569055638785,1.1665009527909413e-11,0.07874901643510973,8.647929544346283e-12,11.16390733526897,0.0037652023745494453,True,True,True,7,5.010575771331787,t5_lam0.75_D0.00_n1600,t5,0.75,0.0,1600
True,5,5,0.047272314052649034,0.011173358379461398,-0.009799247424090357,0.013877690874120774,,0.05104414313889213,5.109513560147398,0.883743280579139,,False,1.0,1.0,9.80158340933326e-07,7.566867599732021e-07,True,0.0013344370750080698,3.0345015528320446e-09,0.05930258868097479,2.642941145480616e-09,11.462731666723714,0.003242645294530505,True,True,True,8,4.563089847564697,t5_lam0.75_D0.00_n1600,t5,0.75,0.0,1600
True,5,5,0.060162608217286966,0.018097697137533824,-0.0037453134249714123,0.015756551668659892,,0.06659115216824542,9.997580126068506,0.4407056152034594,,False,1.0,1.0,8.942990086841655e-07,9.404011963816342e-07,True,0.002352121317756416,5.1188230763034255e-15,0.10304688982092947,6.222833398705205e-15,26.46146998784532,1.794588170322556e-06,True,True,True,9,4.480687856674194,t5_lam0.75_D0.00_n1600,t5,0.75,0.0,1600
True,5,5,0.07224791998548327,0.02609880971114397,0.003483724910725707,0.019270204840988372,,0.08388133431881403,11.808005943314274,0.29811148525761805,,False,1.0,1.0,8.180851101580478e-07,7.42541962069235e-07,True,0.0019130655973845511,1.5575870742648335e-12,0.0841742129639971,1.7285384968313818e-12,2.8857681689369863,0.23624542344235416,True,True,False,10,4.438987731933594,t5_lam0.75_D0.00_n1600,t5,0.75,0.0,1600
True,5,5,0.09259464694055894,0.042868843210233806,0.021324668060241914,0.022649427895509975,,0.10824016046047542,19.361319854905872,0.03590623601952354,,True,1.0,1.0,9.52786174678681e-07,9.540249483606744e-07,True,0.0019531613219235097,9.23222218625672e-13,0.08719916095210062,6.842500774013062e-13,27.750786803705147,9.418748735185137e-07,True,True,True,11,4.550640821456909,t5_lam0.75_D0.00_n1600,t5,0.75,0.0,1600
True,5,5,0.08893338013680897,0.039545730512790846,0.016666696786095652,0.021603041411533474,,0.10217684454419144,18.03373992915475,0.054397156961306876,,False,1.0,0.997289972899729,8.446004172501254e-07,8.744047957248536e-07,True,0.002158253485402436,6.377600198117256e-14,0.09650102724858267,4.519153742526965e-14,8.958863802424142,0.011339853482141565,True,True,True,12,4.941035032272339,t5_lam0.75_D0.00_n1600,t5,0.75,0.0,1600
True,5,5,0.06683497900167765,0.022334572090773462,0.00014690472638578464,0.01776732260384263,,0.07664404706503071,10.342734872695717,0.41095589681969136,,False,0.997289972899729,1.0,8.71854208190482e-07,8.800432848839568e-07,True,0.0018845422314689843,2.2599122882843945e-12,0.08600107380141207,1.2366586736653303e-12,28.31050073499749,7.119555427094269e-07,True,True,True,13,4.848961114883423,t5_lam0.75_D0.00_n1600,t5,0.75,0.0,1600
True,5,5,0.07924590022708398,0.031399563514004754,0.009184671235811681,0.020915704716812263,,0.09336802878877366,11.943271620472197,0.2888710689712242,,False,1.0,1.0,7.712726969720582e-07,9.909329378050966e-07,True,0.0011589436626741724,3.060219404430596e-08,0.05272943831249525,1.973935770749882e-08,9.323151146255833,0.009451559041683587,True,True,True,14,4.723706960678101,t5_lam0.75_D0.00_n1600,t5,0.75,0.0,1600
True,5,5,0.09632467277872961,0.04639221292964667,0.023341033950036612,0.02488142385892907,,0.1133731310568011,18.864929937799584,0.04201219798593985,,True,1.0,1.0,8.241025147539544e-07,9.202657287005422e-07,True,0.0017711207394992712,9.937853507358358e-12,0.07928438382853059,6.37797618667783e-12,7.639940344961702,0.021928454955917154,True,True,True,15,4.733309984207153,t5_lam0.75_D0.00_n1600,t5,0.75,0.0,1600
True,5,5,0.05682072162297891,0.016142972028780317,-0.00649069666869103,0.016541420198202688,,0.06437005256988843,6.804281723744362,0.7437837474694292,,False,0.997289972899729,1.0,8.599130306497547e-07,9.093085041135252e-07,True,0.002299306669720068,1.0173412767169092e-14,0.1019659605281511,1.0162452238037318e-14,25.951727347868896,2.3155491750067363e-06,True,True,True,16,4.5434410572052,t5_lam0.75_D0.00_n1600,t5,0.75,0.0,1600
True,5,5,0.038518229547698714,0.007418270037446051,-0.01619939157158444,0.014233842589295739,,0.037982090613537814,3.3503713656761462,0.971936347267016,,False,1.0,1.0,9.523761035729093e-07,9.964808520227978e-07,True,0.0014097857349323775,1.1277094515979627e-09,0.06562185782672271,4.3300576139858175e-10,1.057980748794348,0.58919954042211,True,True,False,17,4.536317825317383,t5_lam0.75_D0.00_n1600,t5,0.75,0.0,1600
True,5,5,0.07315886096871436,0.026761094691198386,0.004347582392033433,0.020254407529546176,,0.08679068853138643,9.67580309138446,0.469381608592791,,False,1.0,0.997289972899729,9.578088450808762e-07,9.41448786753481e-07,True,0.0022476925510599047,1.9910550682762407e-14,0.10062884150892343,1.1014691701571406e-14,9.05275645298455,0.010819792031552599,True,True,True,18,4.574091672897339,t5_lam0.75_D0.00_n1600,t5,0.75,0.0,1600
True,5,5,0.07151567149605438,0.02557245634765782,0.0013308484973216413,0.019564348427450192,,0.0818673780783963,11.339536590736586,0.331683937074945,,False,1.0,1.0,9.601151472921073e-07,8.848235851605805e-07,True,0.0014896310629734619,3.955802320252483e-10,0.06534771417890375,3.6896931473303564e-10,20.14931787873449,4.213385686652629e-05,True,True,True,19,4.549077033996582,t5_lam0.75_D0.00_n1600,t5,0.75,0.0,1600
True,5,5,0.09847708755766311,0.048488683869198246,0.02730014740995308,0.023293169154101557,,0.11455479141115937,21.628139568836822,0.017115221878758802,,True,1.0,1.0,9.89570606341394e-07,6.183726724613712e-07,True,0.0009511378253644981,4.783685048112948e-07,0.04456995712668783,2.1754505219983136e-07,8.963279987747898,0.011314841659254622,True,True,True,20,4.464848041534424,t5_lam0.75_D0.00_n1600,t5,0.75,0.0,1600
True,5,5,0.05478014611963068,0.01500432204444044,-0.0065469702688518375,0.014648002470051408,,0.059239935384175324,8.737867392771655,0.5571485585362697,,False,1.0,1.0,9.88495396701418e-07,9.03855416317568e-07,True,0.0012524998652858887,8.917478401999588e-09,0.05767098327336189,4.320594033108633e-09,18.54923149980621,9.377467292211193e-05,True,True,True,21,4.524580001831055,t5_lam0.75_D0.00_n1600,t5,0.75,0.0,1600
True,5,5,0.06567352587821845,0.021565060006385146,-0.0012828481469878972,0.018527436477691943,,0.07640951896387871,8.47316726491923,0.5827208474807094,,False,1.0,1.0,7.679987731129499e-07,9.960305755251288e-07,True,0.0025981872733145156,2.092393997145828e-16,0.11266341133757757,3.468225573566403e-16,16.07500486368655,0.00032311494478379536,True,True,True,22,4.560564994812012,t5_lam0.75_D0.00_n1600,t5,0.75,0.0,1600
True,5,5,0.0702141850498235,0.02465015891105429,0.0028714329522460114,0.01864684167193287,,0.0819057484032893,10.21790443719112,0.42158839916838425,,False,1.0,1.0,8.808268098049332e-07,9.368463518618304e-07,True,0.002372753026688088,3.914441348287077e-15,0.10336277188540186,4.649089693842618e-15,22.724851016859024,1.1624152545854008e-05,True,True,True,23,4.497115135192871,t5_lam0.75_D0.00_n1600,t5,0.75,0.0,1600
True,5,5,0.03594408981553622,0.0064598879633366735,-0.01775202070063448,0.013825971006201063,,0.031590118249355224,3.173597682756333,0.9770383266285626,,False,1.0,1.0,7.521109011896556e-07,8.731634696792715e-07,True,0.001396574331743306,1.3413207853008257e-09,0.06307567531876372,7.986121340450196e-10,31.252831052448077,1.6350610199682175e-07,True,True,True,24,4.348068952560425,t5_lam0.75_D0.00_n1600,t5,0.75,0.0,1600
True,5,5,0.07787072334637905,0.030319247772441518,0.006102133737173311,0.02022811268523344,,0.08874054119044193,13.519387376251704,0.1960635529456604,,False,1.0,1.0,8.750141249302209e-07,9.69253923007732e-07,True,0.0015305577235093265,2.3133740269644375e-10,0.06780532164137998,1.8205472071178413e-10,10.865975345719711,0.004370020089000775,True,True,True,25,4.474689245223999,t5_lam0.75_D0.00_n1600,t5,0.75,0.0,1600
True,5,5,0.041771802947588185,0.008724417607460684,-0.014066204066259365,0.014857662320206168,,0.0455466259763596,3.369839178907732,0.9713341611516395,,False,1.0,1.0,9.622248304457855e-07,9.865665059336524e-07,True,0.0018844720577914794,2.261982837750758e-12,0.08212576728856204,2.419277065773807e-12,7.986686670149896,0.0184379666554748,True,True,True,26,4.346014976501465,t5_lam0.75_D0.00_n1600,t5,0.75,0.0,1600
True,5,5,0.06688321531052026,0.02236682245136706,-0.0011539310221022787,0.018937476433273977,,0.07745378722112489,9.72072287882541,0.4653274570665388,,False,1.0,1.0,8.90763686123403e-07,7.854195234218884e-07,True,0.0022613352545994394,1.667220013040904e-14,0.09933574966600921,1.84501436619386e-14,13.095660368068627,0.0014332220549666947,True,True,True,27,4.39476203918457,t5_lam0.75_D0.00_n1600,t5,0.75,0.0,1600
True,5,5,0.057841713318974836,0.016728318998372356,-0.004268469649835752,0.014939140698329308,,0.06372476773021547,9.1047241150046,0.522194602583954,,False,1.0,0.997289972899729,8.68589739313748e-07,9.50773740052852e-07,True,0.002968967497723524,1.7047666570766274e-18,0.1324231791188685,1.1230910289936914e-18,40.394369693676296,1.692287205712671e-09,True,True,True,28,4.518281936645508,t5_lam0.75_D0.00_n1600,t5,0.75,0.0,1600
True,5,5,0.08366155727327888,0.03499628082695061,0.012770046158523497,0.021883692050803247,,0.09875780110895171,13.97286294975708,0.17423301559277182,,False,1.0,1.0,8.298384052444582e-07,9.294418153497868e-07,True,0.002409421704834944,2.430249555717318e-15,0.10655757776413138,1.6786891191150235e-15,18.676080523635637,8.80117471708045e-05,True,True,True,29,4.715893030166626,t5_lam0.75_D0.00_n1600,t5,0.75,0.0,1600
True,5,5,0.0794155469506615,0.03153414548736361,0.00913928527222034,0.019772989057441806,,0.09128303022909051,15.001063168989143,0.1320230998694996,,False,1.0,1.0,6.351173795587779e-07,9.841941183761456e-07,True,0.0015287064657885418,2.3701825132050496e-10,0.0685456322008304,1.5869618012236022e-10,11.566554959677312,0.0030786087769460856,True,True,True,30,4.648910045623779,t5_lam0.75_D0.00_n1600,t5,0.75,0.0,1600
True,5,5,0.04794937718765241,0.011495713863418806,-0.012590840914885621,0.014503524667643304,,0.0474664813068498,7.0787913708966155,0.7179862204779668,,False,1.0,1.0,7.265707569798288e-07,7.955721130520444e-07,True,0.0018690388717063037,2.7667263323218758e-12,0.08462025554109791,1.85567712112261e-12,27.826508868817864,9.068811476348925e-07,True,True,True,31,4.705347061157227,t5_lam0.75_D0.00_n1600,t5,0.75,0.0,1600
True,5,5,0.06660353276924658,0.02218015288672051,0.00037163797749292446,0.017172121183510657,,0.07565350459647012,10.998032593679522,0.3576713024372547,,False,1.0,1.0,8.258743258118995e-07,9.419591731080524e-07,True,0.0025098119905398435,6.593446490512995e-16,0.11462046232731682,2.8173993337680867e-16,25.685975487120295,2.6446079054181787e-06,True,True,True,32,4.317231178283691,t5_lam0.75_D0.00_n1600,t5,0.75,0.0,1600
True,5,5,0.07623442085962316,0.029058434619010733,0.007811375168367194,0.018682837955557297,,0.08779739055497292,14.002845383633609,0.1728618606884014,,False,0.997289972899729,1.0,8.644285777732542e-07,8.951276683983526e-07,True,0.0020917228442978776,1.516888641842022e-13,0.0920143094424461,1.48599650217412e-13,21.67036946219992,1.9694232509498754e-05,True,True,True,33,4.440826892852783,t5_lam0.75_D0.00_n1600,t5,0.75,0.0,1600
True,5,5,0.06280273226778504,0.019720915901495443,-0.002108740959474959,0.017283567193203005,,0.07255370042241054,8.20760168757614,0.6085666792689203,,False,1.0,1.0,9.747415453638174e-07,7.484360342378294e-07,True,0.0012656178321351727,7.50310442527727e-09,0.055044787086499326,8.448797819120632e-09,2.7974161246283575,0.24691575773905053,True,True,False,34,4.248612880706787,t5_lam0.75_D0.00_n1600,t5,0.75,0.0,1600
True,5,5,0.05343733980773186,0.014277746428635019,-0.005878161952927235,0.014459134798677725,,0.059841454466378174,7.0528809653297975,0.7204434147571944,,False,1.0,1.0,8.579889575113469e-07,8.747662713554371e-07,True,0.0018678545156452244,2.8098284067248934e-12,0.08248407702870636,2.837177955505236e-12,24.276737117683542,5.350243099971024e-06,True,True,True,35,4.4174909591674805,t5_lam0.75_D0.00_n1600,t5,0.75,0.0,1600
True,5,5,0.04925267225475117,0.012129128621169678,-0.012303475660263859,0.01688863369867978,,0.055634260547372125,4.781446283983403,0.9052912047908321,,False,1.0,1.0,9.192001771832429e-07,8.610407416944976e-07,True,0.0015030562798066993,3.3173532096020167e-10,0.06605562437377212,3.5584405162095133e-10,10.255078639935046,0.005931137162829259,True,True,True,36,4.372153043746948,t5_lam0.75_D0.00_n1600,t5,0.75,0.0,1600
True,5,5,0.07154967632325411,0.025596780909812152,0.0024619545436571112,0.020594515905055597,,0.08524895157759722,9.096523295229835,0.5229683608374215,,False,1.0,1.0,7.823264016462771e-07,9.872247994046028e-07,True,0.0015084974390871028,3.088973494895221e-10,0.0672915572448594,1.7425315252491207e-10,8.160181835514193,0.016905928533726706,True,True,True,37,4.399467945098877,t5_lam0.75_D0.00_n1600,t5,0.75,0.0,1600
True,5,5,0.08777030377669467,0.038518131125266315,0.014899688955818755,0.02218948982855347,,0.1013885119532955,16.409585320360378,0.08849255078532817,,False,1.0,0.997289972899729,9.77271956800489e-07,8.567956258484751e-07,True,0.0010386622541438072,1.4997110678785425e-07,0.04815908472916862,7.146020826485507e-08,5.186186128554687,0.07478835676965823,True,True,False,38,4.628703832626343,t5_lam0.75_D0.00_n1600,t5,0.75,0.0,1600
True,5,5,0.05824562209943365,0.01696276246875017,-0.0052664223178396155,0.01579999288848732,,0.0643774079791913,9.079977545828152,0.5245306363914156,,False,1.0,1.0,9.143298693248764e-07,8.135610569305443e-07,True,0.0013302801926490771,3.204944314258776e-09,0.05830765422116368,2.9381414274602593e-09,2.600413610294537,0.27247543788388723,True,True,False,39,4.517483949661255,t5_lam0.75_D0.00_n1600,t5,0.75,0.0,1600
True,5,5,0.07824839278572542,0.03061405486774582,0.006665764233147638,0.02030711250762958,,0.08951870407265038,13.531387510675977,0.19545901546060548,,False,1.0,1.0,9.437842854451878e-07,9.643860890724015e-07,True,0.0022250160605222498,2.6744632899721252e-14,0.09641287313473897,4.361178209970973e-14,21.804645435230896,1.8415410483244775e-05,True,True,True,40,4.250974893569946,t5_lam0.75_D0.00_n1600,t5,0.75,0.0,1600
True,5,5,0.08046520753515018,0.03237324811837395,0.009604065568094369,0.02228072000597382,,0.09617961185304359,11.570726975570269,0.31481253572384155,,False,1.0,1.0,7.971466404703486e-07,6.878977882666477e-07,True,0.0021896716422067637,4.236645760009812e-14,0.09763574427527283,2.9205944997830904e-14,7.887412739349786,0.019376265888916656,True,True,True,41,4.308298110961914,t5_lam0.75_D0.00_n1600,t5,0.75,0.0,1600
True,5,5,0.06869526237697618,0.023595195365207995,0.001408090385380846,0.017428337119914507,,0.07755662951521965,12.81562065781974,0.2341641821696168,,False,1.0,1.0,9.605142467689123e-07,9.961999021306982e-07,True,0.0018229805603454236,5.047876767666085e-12,0.08086493255030847,4.579747545105056e-12,29.258961306085695,4.4309543861831463e-07,True,True,True,42,4.305573225021362,t5_lam0.75_D0.00_n1600,t5,0.75,0.0,1600
True,5,5,0.10077192303651959,0.05077490236239114,0.02870279078624974,0.02402023728571486,,0.1168011688348133,23.06705821616903,0.010501743401428527,,True,1.0,1.0,8.631510630875442e-07,8.27125262502453e-07,True,0.001824423427174739,4.9536589587683644e-12,0.08024497618281529,4.9931998952913965e-12,16.695907503704035,0.00023688073961606048,True,True,True,43,4.306464910507202,t5_lam0.75_D0.00_n1600,t5,0.75,0.0,1600
True,5,5,0.05753627753601309,0.016552116163505624,-0.005966919999705403,0.016099727000005726,,0.06405431187544294,7.242863287453387,0.702335453913262,,False,1.0,1.0,8.55019557761202e-07,9.272980349218442e-07,True,0.0028786551837761457,5.49748076516287e-18,0.12484158046665444,8.420274312725471e-18,20.722849367875977,3.1629362241526724e-05,True,True,True,44,4.489037036895752,t5_lam0.75_D0.00_n1600,t5,0.75,0.0,1600
True,5,5,0.08273944884871014,0.0342290819789416,0.01186965646629502,0.02192377506991902,,0.09790920018723427,13.185351334303206,0.21349249735803918,,False,1.0,1.0,9.744506271157825e-07,9.687152623965383e-07,True,0.002158429595174389,6.362993337360973e-14,0.09410387127088063,7.651751231256497e-14,8.360514642751559,0.01529457144015754,True,True,True,45,4.348231077194214,t5_lam0.75_D0.00_n1600,t5,0.75,0.0,1600
True,5,5,0.05015493217611827,0.012577586107955119,-0.00939264498013323,0.014273468780372809,,0.05307564773498594,6.501129204484006,0.7715516627506812,,False,1.0,1.0,8.084541187850697e-07,8.662620544343318e-07,True,0.002356633508067747,4.827141222786167e-15,0.10526095920963233,3.9552866148409225e-15,19.706889528002947,5.256580398440706e-05,True,True,True,46,4.2676777839660645,t5_lam0.75_D0.00_n1600,t5,0.75,0.0,1600
True,5,5,0.0797692520421939,0.03181566785685527,0.010459968530865726,0.01957157688307318,,0.09236054108995706,14.738198091508298,0.14190219619422412,,False,1.0,1.0,9.7510600289429e-07,9.71576143005122e-07,True,0.0015531954762429395,1.7196155578703076e-10,0.06893362163639488,1.7399255220622973e-10,9.450097240588885,0.008870282623690755,True,True,True,47,4.320028781890869,t5_lam0.75_D0.00_n1600,t5,0.75,0.0,1600
True,5,5,0.08044430115077501,0.032356427938182906,0.009168086369786388,0.01990848190425414,,0.09155831479128103,15.839182112567691,0.10432947072635376,,False,1.0,1.0,9.804121910354054e-07,7.610227680102087e-07,True,0.0010865826640734104,7.956967008793304e-08,0.05032013275432859,3.986574259565392e-08,6.935835682645316,0.031181888755454856,True,True,True,48,4.236391067504883,t5_lam0.75_D0.00_n1600,t5,0.75,0.0,1600
True,5,5,0.05325380905837679,0.01417984089613027,-0.007989233470766386,0.014445406996062645,,0.056162882083271734,7.7881541345423155,0.6495209611171979,,False,1.0,1.0,9.269585509403934e-07,9.81317403417948e-07,True,0.0019983013430427874,5.124855482114493e-13,0.08757456696104517,5.268617903171681e-13,15.642448504826001,0.0004011302973403658,True,True,True,49,4.298892021179199,t5_lam0.75_D0.00_n1600,t5,0.75,0.0,1600
True,5,5,0.061891717495015854,0.019152923472414256,-0.004160465253640232,0.017946267623256247,,0.07121589448531077,8.274169380447635,0.6020757399364371,,False,0.997289972899729,1.0,9.800448222026335e-07,9.99451971266398e-07,True,0.0024936430491966934,8.134623568758723e-16,0.11142973017622136,4.932308831053432e-16,18.158336975329423,0.00011401637407298731,True,True,True,50,4.471813917160034,t5_lam0.75_D0.00_n1600,t5,0.75,0.0,1600
True,5,5,0.09534955799678414,0.04545769105091051,0.022489291086455598,0.02574824098096916,,0.11387833740586771,16.397113611459645,0.08881491955311555,,False,1.0,1.0,8.846228504522243e-07,8.185390490011676e-07,True,0.002492158991705502,8.292985626276083e-16,0.11176305617800864,4.1088633763189165e-16,15.145274784854323,0.0005143341572147603,True,True,True,51,4.299025774002075,t5_lam0.75_D0.00_n1600,t5,0.75,0.0,1600
True,5,5,0.08607241012597877,0.03704229892447346,0.016338032717904717,0.019497147237183335,,0.09839510766922571,20.260870475958168,0.026879634599514222,,True,1.0,1.0,8.657900405602137e-07,5.653779268852278e-07,True,0.0018692296120098272,2.7598468807385203e-12,0.08375174325412267,2.1148142467337836e-12,9.023355143487919,0.010980024937329908,True,True,True,52,4.160820960998535,t5_lam0.75_D0.00_n1600,t5,0.75,0.0,1600
True,5,5,0.05556889937392751,0.015439512888148408,-0.005876907053687121,0.015262673764343855,,0.06201283293733797,7.1799542531331095,0.7083539702190731,,False,1.0,1.0,9.584247880465205e-07,9.025210563628536e-07,True,0.001736943241175967,1.553316664562737e-11,0.0765200215760323,1.4021872152288997e-11,3.653819490903355,0.160910053270777,True,True,False,53,4.27443790435791,t5_lam0.75_D0.00_n1600,t5,0.75,0.0,1600
True,5,5,0.07934005101387909,0.03147421847442468,0.008494375968375902,0.020558334419537423,,0.09198894162064625,14.389170173273222,0.15596883929519903,,False,1.0,1.0,8.395701529329231e-07,9.925613985002676e-07,True,0.0020685530538504626,2.0513870474429537e-13,0.09200556060867124,1.7989817272402047e-13,20.144851148791147,4.222806230497913e-05,True,True,True,54,4.400614976882935,t5_lam0.75_D0.00_n1600,t5,0.75,0.0,1600
True,5,5,0.05463934505061729,0.014927290137802078,-0.00733955282843813,0.014856452473789397,,0.05847587007767653,8.44849576565909,0.5851154844451456,,False,1.0,1.0,9.97272584955729e-07,9.782776917070492e-07,True,0.001613569522920464,7.799768667425806e-11,0.07292741310339979,4.608398198978561e-11,11.511829127790582,0.0031640115966553232,True,True,True,55,4.327545166015625,t5_lam0.75_D0.00_n1600,t5,0.75,0.0,1600
True,5,5,0.09036069327444753,0.04082527444519393,0.018276910608785814,0.022864200411236702,,0.1057214960001549,17.650444806596628,0.06115429623169307,,False,1.0,1.0,8.695951016180773e-07,9.194880054592872e-07,True,0.0024629301960608584,1.2123893673003272e-15,0.10807529416051274,1.2917343518068772e-15,12.154644164722802,0.0022943124134051198,True,True,True,56,4.411816120147705,t5_lam0.75_D0.00_n1600,t5,0.75,0.0,1600
True,5,5,0.10161766971037837,0.05163075398683775,0.029151665688670187,0.022692356177011014,,0.11530591489641924,28.45001794616612,0.0015286349257647336,,True,1.0,1.0,9.643481208948004e-07,8.693756525047505e-07,True,0.0019461646752329384,1.0114325466196736e-12,0.08678224598168865,6.880922004075129e-13,16.304056982726603,0.0002881502560842912,True,True,True,57,4.423680067062378,t5_lam0.75_D0.00_n1600,t5,0.75,0.0,1600
True,5,5,0.07675287841401787,0.02945502172418505,0.007120081833099388,0.02053465284929047,,0.09043957104104838,13.449738110690351,0.19960164313176051,,False,1.0,1.0,9.593709206919468e-07,6.722413964557442e-07,True,0.0017365875694319187,1.5605544622247186e-11,0.07897765798509361,7.1727685342823356e-12,14.306419404218028,0.0007823489400003312,True,True,True,58,4.510585069656372,t5_lam0.75_D0.00_n1600,t5,0.75,0.0,1600
True,5,5,0.08325550540812757,0.03465739590381379,0.012230432133752925,0.02192886147846637,,0.09828550195377216,13.808756079011772,0.18189491797217913,,False,1.0,0.997289972899729,9.997469742819435e-07,7.261063279094123e-07,True,0.003083185536198938,3.880002617009576e-19,0.13690712104228728,4.0310495963431673e-19,26.673077882920182,1.6144133122148173e-06,True,True,True,59,4.416974782943726,t5_lam0.75_D0.00_n1600,t5,0.75,0.0,1600
True,5,5,0.041562583496449375,0.00863724173449663,-0.019161779001368687,0.016111146182028833,,0.03831109037990644,4.261832035768929,0.9347631966929788,,False,1.0,1.0,8.974704272860355e-07,9.8448386102963e-07,True,0.0023905314014171113,3.106656937812768e-15,0.10564524649388121,2.617711013939525e-15,16.235029818602356,0.0002982689656300562,True,True,True,60,4.442456960678101,t5_lam0.75_D0.00_n1600,t5,0.75,0.0,1600
True,5,5,0.05638151810177992,0.015894377917306683,-0.007964046340882887,0.017376507908577463,,0.0642148981409948,6.075967744004547,0.8088408709448562,,False,1.0,1.0,8.512353551560843e-07,7.081242914442102e-07,True,0.0016391381674074883,5.581529476718475e-11,0.07206178357279083,5.982609823779592e-11,11.903133610868819,0.0026017608701651594,True,True,True,61,4.556316137313843,t5_lam0.75_D0.00_n1600,t5,0.75,0.0,1600
True,5,5,0.07589310662352242,0.028798818164846713,0.005198055131469172,0.02050589198438876,,0.0882351924527466,11.967010732201992,0.2872704198060754,,False,1.0,0.997289972899729,9.93273514008369e-07,8.922633413425797e-07,True,0.002113780537800242,1.13808400101948e-13,0.09381847144100282,1.0055337171979018e-13,2.842950488443053,0.24135769258765996,True,True,False,62,4.643233060836792,t5_lam0.75_D0.00_n1600,t5,0.75,0.0,1600
True,5,5,0.06973537975334791,0.024315115946718233,0.00017670049325967802,0.018828641201787344,,0.07892662322003585,10.704397875426729,0.3810070739978114,,False,1.0,1.0,8.982926421711887e-07,7.394022769611958e-07,True,0.0021374474473655814,8.362100597489139e-14,0.09408464852430624,5.231370981632971e-14,13.037973096493893,0.0014751633519362328,True,True,True,63,4.591023206710815,t5_lam0.75_D0.00_n1600,t5,0.75,0.0,1600
True,5,5,0.052549698410392365,0.013807354015115972,-0.009240221907934124,0.015612521321123321,,0.05734124242283691,6.329370394864402,0.786873630904524,,False,1.0,1.0,9.938795505529908e-07,8.900515782795917e-07,True,0.0023517736920431365,5.142013049056107e-15,0.10567122244726673,2.890749657976738e-15,27.759663813719442,9.377036210866151e-07,True,True,True,64,4.309114217758179,t5_lam0.75_D0.00_n1600,t5,0.75,0.0,1600
True,5,5,0.06079380515406991,0.018479433725555085,-0.006245911177884499,0.018659778761355442,,0.06992380652659443,7.0940232072640015,0.7165397773047979,,False,1.0,1.0,9.6741297505829e-07,7.353915799715297e-07,True,0.0020301392470610112,3.384121604511824e-13,0.09072776992682209,2.511024471033989e-13,24.88343493046993,3.950306191441178e-06,True,True,True,65,4.410974979400635,t5_lam0.75_D0.00_n1600,t5,0.75,0.0,1600
True,5,5,0.052242182812166416,0.01364622832489908,-0.009413421881963507,0.015834617037491797,,0.05767530733952346,5.811272509770987,0.8308621616235824,,False,1.0,1.0,9.561260076138895e-07,8.741965271131901e-07,True,0.0023635059876117993,4.4145134791534515e-15,0.10315606521956988,4.515698451944142e-15,22.88704758907538,1.0718666598377835e-05,True,True,True,66,4.304544925689697,t5_lam0.75_D0.00_n1600,t5,0.75,0.0,1600
True,5,5,0.08889592733814439,0.03951242948654323,0.017894158434844765,0.022174206399250954,,0.10427605885861167,17.662537310574535,0.06093005552167976,,False,1.0,1.0,6.514879646167047e-07,8.64721393016329e-07,True,0.0023419353175933447,5.843763570543799e-15,0.10347592273100568,4.252356442686478e-15,25.681153270442817,2.650992034912741e-06,True,True,True,67,4.415613889694214,t5_lam0.75_D0.00_n1600,t5,0.75,0.0,1600
True,5,5,0.05213333231793916,0.013589421692863396,-0.0126883113624452,0.01750065130876012,,0.056740987684004776,4.863862802243765,0.9000844907163472,,False,1.0,1.0,9.523465587210942e-07,9.95905464453206e-07,True,0.0033337619664397,1.511831715601188e-20,0.1477691939851435,1.340423897809418e-20,32.105078544489444,1.0677529341534392e-07,True,True,True,68,4.289031982421875,t5_lam0.75_D0.00_n1600,t5,0.75,0.0,1600
True,5,5,0.05535449341201545,0.015320599704504306,-0.005182067700736582,0.015072394465250204,,0.06262557784527581,7.049188171570516,0.7207932733036513,,False,1.0,1.0,8.693619075272293e-07,9.799672124576076e-07,True,0.0017161494947204403,2.0384818448702027e-11,0.07512415038186904,2.1422559973310875e-11,8.459069825820869,0.01455916025151124,True,True,True,69,4.311518907546997,t5_lam0.75_D0.00_n1600,t5,0.75,0.0,1600
True,5,5,0.04894615505689884,0.011978630474269917,-0.011240595077284825,0.015064275362874944,,0.05203447490027305,5.568092099528144,0.8501521746460186,,False,1.0,1.0,9.039684076686819e-07,9.160317717946338e-07,True,0.0016451052126595187,5.162310483947112e-11,0.0753791512425772,2.326472444670693e-11,17.66376844480743,0.00014600287825079495,True,True,True,70,4.3066020011901855,t5_lam0.75_D0.00_n1600,t5,0.75,0.0,1600
True,5,5,0.043923856580703004,0.009646525884610832,-0.011695901111805185,0.014162900356558325,,0.04816637189540452,4.085156789042814,0.9434236382372246,,False,1.0,1.0,9.590841638239482e-07,9.778791788481727e-07,True,0.0016031254211860656,8.942483726455496e-11,0.0707481998144796,9.806066973085911e-11,12.51175185102997,0.0019191441922483882,True,True,True,71,4.291551113128662,t5_lam0.75_D0.00_n1600,t5,0.75,0.0,1600
True,5,5,0.05168122208843015,0.013354743582768202,-0.010007934564715397,0.016940178507321168,,0.05975981843054277,4.896505974093872,0.897983344803449,,False,1.0,1.0,9.755490466448045e-07,7.118631404410758e-07,True,0.0019870224577378144,5.936679945702046e-13,0.08788279077229427,5.064848423501279e-13,11.499442520393279,0.0031836680878589876,True,True,True,72,4.216994047164917,t5_lam0.75_D0.00_n1600,t5,0.75,0.0,1600
True,5,5,0.06571923751934834,0.02159509090062261,-0.0019247459062081487,0.019460823269753694,,0.0775699166333287,8.153165458607605,0.6138788321134441,,False,0.997289972899729,1.0,8.075176469445663e-07,8.19607271387245e-07,True,0.0017002999682537657,2.5078643582555082e-11,0.0773973311337026,1.4336195577239597e-11,13.194382937069715,0.001364194044200642,True,True,True,73,4.3068859577178955,t5_lam0.75_D0.00_n1600,t5,0.75,0.0,1600
True,5,5,0.07274352716727485,0.026458103723680272,0.006379600835590332,0.01768689518821052,,0.08422820731254933,12.983836794610186,0.2245769244619078,,False,1.0,1.0,9.613978740054184e-07,7.721476350771951e-07,True,0.0020732638600571094,1.9292657454961758e-13,0.09438731953741956,7.401712161911337e-14,43.024854923817095,4.542254469719271e-10,True,True,True,74,4.309677839279175,t5_lam0.75_D0.00_n1600,t5,0.75,0.0,1600
True,5,5,0.08900263291462834,0.03960734332868042,0.015646265610000386,0.023660118552632895,,0.1044640583410394,16.290998698934086,0.09159974583578474,,False,0.997289972899729,1.0,9.943144362613662e-07,9.970082855957897e-07,True,0.0021649955610535962,5.841640115145025e-14,0.09453470145675012,6.980531013490685e-14,16.249321927720125,0.0002961451169358109,True,True,True,75,4.330817937850952,t5_lam0.75_D0.00_n1600,t5,0.75,0.0,1600
True,5,5,0.055277426162923554,0.015277969215987326,-0.008197633573644768,0.016312269572553478,,0.06104696912473207,6.817866361629738,0.7425203411250877,,False,1.0,1.0,8.74014300915987e-07,9.965026220723208e-07,True,0.002535989466637044,4.692852855157456e-16,0.11018379126954973,4.761940945577897e-16,9.627625009905511,0.0081168550824077,True,True,True,76,4.523989915847778,t5_lam0.75_D0.00_n1600,t5,0.75,0.0,1600
True,5,5,0.07385563293431532,0.027273272580641616,0.0019866286105849236,0.02226441313049516,,0.0878730098496983,10.260632929062066,0.4179324319582517,,False,1.0,1.0,8.125825632864928e-07,8.152005606635469e-07,True,0.0018642217241313212,2.9462730071915622e-12,0.08385519544313431,1.615236317481399e-12,33.32985230272464,5.787813535758443e-08,True,True,True,77,4.4918999671936035,t5_lam0.75_D0.00_n1600,t5,0.75,0.0,1600
True,5,5,0.057846591857064394,0.016731140947388944,-0.004043726448423587,0.01662657892459161,,0.06827087548799389,6.714384203451781,0.7521055954530254,,False,1.0,1.0,9.907473721972689e-07,8.662270257473872e-07,True,0.002057144646157261,2.3801535899023346e-13,0.09204244412435991,1.8987470500603453e-13,21.99047568513622,1.6781426601552146e-05,True,True,True,78,4.548368692398071,t5_lam0.75_D0.00_n1600,t5,0.75,0.0,1600
True,5,5,0.04914875527179082,0.012078000723831932,-0.008013656062797454,0.01312441834914756,,0.052103917435114916,7.088210807117779,0.717091900956345,,False,1.0,1.0,9.676973678123388e-07,8.679816898048895e-07,True,0.001780349742935056,8.809021274301765e-12,0.07978435362060166,5.05163959302349e-12,35.59077055011706,1.8687980475573943e-08,True,True,True,79,4.390830993652344,t5_lam0.75_D0.00_n1600,t5,0.75,0.0,1600
True,5,5,0.06263797105615594,0.01961757709015915,-0.0031752556306206305,0.016636834521442354,,0.06955559211589717,9.972077005135292,0.442946482974824,,False,1.0,1.0,9.980702691547058e-07,6.634414245220072e-07,True,0.0017315616237469887,1.666514028591559e-11,0.07780296449818207,1.097607717620969e-11,14.428725832852178,0.0007359392992908976,True,True,True,80,4.207430839538574,t5_lam0.75_D0.00_n1600,t5,0.75,0.0,1600
True,5,5,0.08294325321183524,0.034397916266813086,0.01151614416271992,0.02113544073542422,,0.09620899179764886,14.903258944945174,0.13562886965965187,,False,1.0,1.0,8.775207367931536e-07,9.508554374831715e-07,True,0.002274021249840254,1.4135625699070181e-14,0.10012240031040437,1.422723104276042e-14,12.556961348200545,0.0018762490635944968,True,True,True,81,4.124680042266846,t5_lam0.75_D0.00_n1600,t5,0.75,0.0,1600
True,5,5,0.05710727081635705,0.01630620190046373,-0.006171974795715164,0.01607854007759083,,0.0636786780123374,7.612266242278123,0.6666513843858031,,False,0.997289972899729,0.997289972899729,9.61747266105561e-07,9.216966123190044e-07,True,0.0016418578938351613,5.3863856202521704e-11,0.07454763164978087,2.9574513268832066e-11,13.803435461901186,0.001006055810760195,True,True,True,82,4.416802644729614,t5_lam0.75_D0.00_n1600,t5,0.75,0.0,1600
True,5,5,0.07315358051990307,0.026757231714409718,0.002190645585992232,0.020080516422941747,,0.08392872673325452,11.843828472903443,0.2956444860105871,,False,1.0,1.0,9.151625117407115e-07,8.402360168501437e-07,True,0.0019078770453002565,1.6666796393425603e-12,0.083899626280212,1.7332720480245173e-12,14.10938278986973,0.0008633491298912449,True,True,True,83,4.3604443073272705,t5_lam0.75_D0.00_n1600,t5,0.75,0.0,1600
True,5,5,0.052132462727840986,0.01358896835034865,-0.006752968157715353,0.013870356089896046,,0.05667757469027516,7.038672371539967,0.7217890709963594,,False,1.0,1.0,8.059940041563028e-07,9.32377188234601e-07,True,0.0015176842561255325,2.738529883454517e-10,0.06773756315622904,2.6935589701968027e-10,2.9693946336733457,0.2265709094982362,True,True,False,84,4.137977838516235,t5_lam0.75_D0.00_n1600,t5,0.75,0.0,1600
True,5,5,0.05450575374726542,0.014854385957787692,-0.005658064249916965,0.014133574512941097,,0.05931205113547007,7.95094271490586,0.6336288974466334,,False,1.0,1.0,9.737779505087432e-07,7.230179027679681e-07,True,0.0012018500277408372,1.7378885546074937e-08,0.05440115069278564,1.1809781085047401e-08,5.991837234231641,0.04999068368995269,True,True,True,85,4.079425096511841,t5_lam0.75_D0.00_n1600,t5,0.75,0.0,1600
True,5,5,0.09046835366188291,0.040922615071457606,0.016498616708459465,0.025337263717317992,,0.10786538539393989,13.415359378588562,0.201366550182881,,False,1.0,1.0,9.5377661673021e-07,8.060339376562233e-07,True,0.001603105772636454,8.94478428177948e-11,0.07218209089821168,5.363157299380057e-11,13.629648846546432,0.0010973858546777955,True,True,True,86,4.399620771408081,t5_lam0.75_D0.00_n1600,t5,0.75,0.0,1600
True,5,5,0.061514130534521996,0.018919941277091058,-0.004077667424563287,0.017393703702091014,,0.07004631210269441,8.553256949740025,0.574959049069614,,False,1.0,0.997289972899729,8.984825206528599e-07,9.248307980970891e-07,True,0.0014351014813370892,8.088812854701629e-10,0.0626454603404939,9.322391862348964e-10,7.08064805881906,0.02900392743391758,True,True,True,87,4.4109251499176025,t5_lam0.75_D0.00_n1600,t5,0.75,0.0,1600
True,5,5,0.03941230507744939,0.007766648957589715,-0.013941891955246732,0.012820406725970011,,0.037804234014083886,4.047828393142956,0.9451635619277676,,False,1.0,1.0,9.907252876801717e-07,8.872509610026867e-07,True,0.002187618342440948,4.3514105222563986e-14,0.09834940579718209,2.7782044583458045e-14,13.440546634940288,0.0012062084910473374,True,True,True,88,4.253408908843994,t5_lam0.75_D0.00_n1600,t5,0.75,0.0,1600
True,5,5,0.0669288506684204,0.022397355258978593,-0.0028210557329998477,0.01962923297607187,,0.07676738802638448,9.800891259773799,0.45813216302868365,,False,1.0,1.0,6.554586797358581e-07,7.71320268833852e-07,True,0.002216812556541142,2.975793155347694e-14,0.0985902906390691,2.4081993948942257e-14,25.68666688993419,2.6436938187540724e-06,True,True,True,89,4.224981069564819,t5_lam0.75_D0.00_n1600,t5,0.75,0.0,1600
True,5,5,0.0835854171024924,0.034932609760988144,0.012585871388306656,0.020806547027348007,,0.09675701083702037,15.331436176209564,0.1204373873823611,,False,0.997289972899729,1.0,9.490721699288632e-07,9.799857806538807e-07,True,0.0016872331060421423,2.9751792765432725e-11,0.07634736032526104,1.4370215889880823e-11,26.995198474156386,1.3742543881624013e-06,True,True,True,90,4.360623121261597,t5_lam0.75_D0.00_n1600,t5,0.75,0.0,1600
True,5,5,0.1253268189664443,0.07853405776123949,0.05895850729574856,0.026368857369295947,,0.14306041938859335,41.24323226153567,1.0218392730927038e-05,,True,1.0,1.0,8.796813761353492e-07,9.201679461031372e-07,True,0.0022482334635571645,1.9770908149788705e-14,0.09933059692680664,1.6671016800051093e-14,34.6234283763352,3.0312241741058803e-08,True,True,True,91,4.344453811645508,t5_lam0.75_D0.00_n1600,t5,0.75,0.0,1600
True,5,5,0.0752767477865298,0.028332943786584096,0.005964028815715838,0.019098088013090826,,0.08646107581089506,14.463041664418693,0.15289892667460117,,False,1.0,1.0,8.879388829990085e-07,9.048743196906468e-07,True,0.0017617490993049965,1.1232390182113465e-11,0.07897286545248484,7.285796960428869e-12,8.500020939292696,0.014264084568296578,True,True,True,92,4.1865739822387695,t5_lam0.75_D0.00_n1600,t5,0.75,0.0,1600
True,5,5,0.07900819128925153,0.03121147145399481,0.007810224018686869,0.02011336573789819,,0.09043646012850146,15.075044343880185,0.12934973445681924,,False,1.0,0.997289972899729,8.982999956997699e-07,9.996023896615175e-07,True,0.00139385036721864,1.3901689887550541e-09,0.06243382763370212,1.0248673558867764e-09,8.709966073809605,0.0128426574335515,True,True,True,93,4.211268186569214,t5_lam0.75_D0.00_n1600,t5,0.75,0.0,1600
True,5,5,0.06316034918593097,0.01994614854644365,-0.0023186507666609277,0.01670476873846971,,0.07093412250841839,9.82223406476914,0.4562254340374827,,False,1.0,1.0,9.54888129733898e-07,9.550420195642961e-07,True,0.000998910494370681,2.538826358021226e-07,0.04497454865477923,1.899439915647091e-07,12.300830913838144,0.002132595584373361,True,True,True,94,4.191063165664673,t5_lam0.75_D0.00_n1600,t5,0.75,0.0,1600
True,5,5,0.08539883155163758,0.036464802151924845,0.010282037248324705,0.02212923873675886,,0.09662442325432792,18.437696910103547,0.04801413292980252,,True,1.0,1.0,8.724910382316484e-07,9.064398902965857e-07,True,0.0018417948377616657,3.9483945164853175e-12,0.08047149464879581,4.4452983773435876e-12,39.30137586677013,2.9229047627059717e-09,True,True,True,95,4.100196838378906,t5_lam0.75_D0.00_n1600,t5,0.75,0.0,1600
True,5,5,0.057770410421783734,0.016687101601506694,-0.005821114750721106,0.016260301377229752,,0.06469111367867965,7.741345772565886,0.6540852746808705,,False,1.0,1.0,9.273592628907924e-07,9.687404866082216e-07,True,0.00140949409715101,1.1320355077635115e-09,0.06273401809250782,9.419978735066619e-10,6.5484451316119765,0.03784628078786872,True,True,True,96,4.071132183074951,t5_lam0.75_D0.00_n1600,t5,0.75,0.0,1600
True,5,5,0.07249650827545286,0.02627871856066402,0.003844517878683989,0.018832016292430222,,0.08345109727271062,11.876093004024732,0.2934347552849144,,False,1.0,1.0,8.113511679394383e-07,6.96217197385271e-07,True,0.0019469876746102154,1.0006337102021384e-12,0.08552119815397727,1.2334484538093586e-12,10.436050484018496,0.005418017843182883,True,True,True,97,4.0953369140625,t5_lam0.75_D0.00_n1600,t5,0.75,0.0,1600
True,5,5,0.09601089248590274,0.04609045737969788,0.020073486767346736,0.029113173575167045,,0.11658507272762496,13.274410418176753,0.20873135754448496,,False,0.997289972899729,1.0,9.808777792137208e-07,9.919909598417313e-07,True,0.0023700143428197792,4.056330666561414e-15,0.10398000051878871,4.228818146078983e-15,8.321451444744866,0.015596235275066567,True,True,True,98,4.211505889892578,t5_lam0.75_D0.00_n1600,t5,0.75,0.0,1600
True,5,5,0.0857501956121244,0.03676548023758799,0.013520670353835577,0.022977899766265568,,0.10130740557738598,14.431032174251921,0.154222960341244,,False,1.0,1.0,9.333238419006603e-07,8.634602625871116e-07,True,0.001761985016193913,1.119781785255516e-11,0.07944592364889876,7.794914434631714e-12,12.150427546202858,0.002299154636169491,True,True,True,99,4.151857137680054,t5_lam0.75_D0.00_n1600,t5,0.75,0.0,1600
True,5,5,0.06429314457243086,0.020668042195057478,-0.002357706324650693,0.01739480852813126,,0.07246269050066027,9.769802127241993,0.46091630022100594,,False,1.0,1.0,8.934229716837512e-07,9.541467346934017e-07,True,0.0017872814839527843,8.046382796685135e-12,0.0772000842205555,1.0818313303120095e-11,14.68815808421896,0.0006464084088447018,True,True,True,100,4.183701038360596,t5_lam0.75_D0.00_n1600,t5,0.75,0.0,1600
True,5,5,0.07761318844437134,0.03011903510250749,0.006943905861166912,0.02025669220259855,,0.08973650260696674,13.031227598634322,0.22193108608182285,,False,1.0,1.0,8.595438138518906e-07,9.035257036762171e-07,True,0.002261748759436532,1.658274604064834e-14,0.10108864168962985,1.4914694273529558e-14,12.018191786067929,0.002456307941932816,True,True,True,101,4.067806005477905,t5_lam0.75_D0.00_n1600,t5,0.75,0.0,1600
True,5,5,0.06931566959658711,0.024023310258116153,-0.0009724742921047476,0.020187650103976662,,0.08029103960100221,10.060066096559192,0.43523938611682195,,False,1.0,1.0,9.322147982756521e-07,9.121106425933002e-07,True,0.0015843963250178142,1.1427636740126801e-10,0.07040015356213386,1.0511760867344624e-10,10.693941630514571,0.004762555832410324,True,True,True,102,4.195118188858032,t5_lam0.75_D0.00_n1600,t5,0.75,0.0,1600
True,5,5,0.03883064288725405,0.0075390941351872656,-0.01593492778942312,0.01302060067624933,,0.033112095850285225,4.999260783692497,0.8912273937847641,,False,1.0,1.0,9.858182007142395e-07,8.505447061614063e-07,True,0.0016096023945655284,8.21551050468187e-11,0.07198262463993353,5.989576569808275e-11,3.865074345628473,0.14478039920286498,True,True,False,103,4.20335578918457,t5_lam0.75_D0.00_n1600,t5,0.75,0.0,1600
True,5,5,0.0737508250421648,0.027195920972000017,0.0034762147525997968,0.019915228326066032,,0.08512796285157563,11.599254060772573,0.3127715963880583,,False,1.0,1.0,9.246472850520726e-07,8.897850096503742e-07,True,0.0015929727011437004,1.0213762987883342e-10,0.0690476169571414,1.478509544439439e-10,18.11233971032873,0.0001166689810044867,True,True,True,104,4.161511182785034,t5_lam0.75_D0.00_n1600,t5,0.75,0.0,1600
True,5,5,0.08520884905141776,0.036302739783336486,0.011943847002217154,0.020518099118591048,,0.0955961471562337,18.90565044475089,0.04147755964255291,,True,1.0,1.0,7.65351556006763e-07,9.528919278388589e-07,True,0.0019537085384500174,9.166568500634476e-13,0.08780803204996887,6.169113737102727e-13,25.574593634294423,2.7960668711812706e-06,True,True,True,105,4.071419954299927,t5_lam0.75_D0.00_n1600,t5,0.75,0.0,1600
True,5,5,0.0795478921236549,0.03163933570658319,0.010287936081574488,0.01901353727162269,,0.09117282689922482,15.50940607301655,0.11456395598022588,,False,1.0,1.0,9.703503756371974e-07,9.741114980516592e-07,True,0.0020510751477405722,2.576043703413831e-13,0.08950157930493313,2.4092323747063196e-13,13.505767925959365,0.0011675077118784673,True,True,True,106,4.179307222366333,t5_lam0.75_D0.00_n1600,t5,0.75,0.0,1600
True,5,5,0.04095342620409044,0.008385915589269408,-0.014606958651190174,0.013812591740147005,,0.04028084649108201,3.8651968206464513,0.953223327997108,,False,1.0,1.0,8.901615660786014e-07,8.27614099167038e-07,True,0.0008301637887409409,2.3908556823256747e-06,0.038007839273491925,1.4961180583707404e-06,12.738664904514481,0.0017133025551628826,True,True,True,107,4.1961328983306885,t5_lam0.75_D0.00_n1600,t5,0.75,0.0,1600
True,5,5,0.05099878016372438,0.013004377890939438,-0.009172255317387447,0.015499651287241773,,0.05713563217277855,5.0885285537577705,0.8851862468256096,,False,1.0,1.0,8.858978971761564e-07,9.310869205055607e-07,True,0.0019964609970714807,5.249300002382451e-13,0.0875624308827387,5.879741108063421e-13,3.9167481865175433,0.14108762986286694,True,True,False,108,4.119967937469482,t5_lam0.75_D0.00_n1600,t5,0.75,0.0,1600
True,5,5,0.03359289882426927,0.005642414257087957,-0.017092002604472883,0.013476249542519289,,0.03185735498513047,2.744611413794326,0.9868119387332716,,False,1.0,1.0,9.971182127400598e-07,8.549026862441993e-07,True,0.0022634110497698557,1.622795972860894e-14,0.09881216636323202,1.9785582597049582e-14,17.353528250721737,0.0001705018986780834,True,True,True,109,4.091994285583496,t5_lam0.75_D0.00_n1600,t5,0.75,0.0,1600
True,5,5,0.07118406893823528,0.025335858353017163,0.0030377873599491435,0.01881755319254278,,0.08244987323101885,11.099129458582428,0.34984726244988135,,False,1.0,1.0,9.221776879912631e-07,8.54403503854339e-07,True,0.0023980942536190775,2.8157679091720372e-15,0.10672691496080114,1.8170435592580923e-15,22.785170977895625,1.1278802386417725e-05,True,True,True,110,4.214771032333374,t5_lam0.75_D0.00_n1600,t5,0.75,0.0,1600
True,5,5,0.07062619503796393,0.0249402971277026,0.0024386286353340995,0.018239346553117975,,0.08054772990774481,12.520726766055304,0.2517157458999815,,False,1.0,1.0,7.774321962706027e-07,9.716271854251633e-07,True,0.0019898059464378112,5.725095092789806e-13,0.0880308728479705,4.762317482096618e-13,5.281214286342886,0.07131795619890453,True,True,False,111,4.1233971118927,t5_lam0.75_D0.00_n1600,t5,0.75,0.0,1600
True,5,5,0.07258219458227598,0.02634087485189686,0.004552198711414469,0.017554942700672746,,0.08176491898551763,13.994298583545556,0.17325182603440895,,False,1.0,1.0,9.11095902260456e-07,9.814945446995945e-07,True,0.0018432877034056266,3.872183833990224e-12,0.08057093115567662,4.807672148242504e-12,19.997949654883122,4.544649638996837e-05,True,True,True,112,3.9387149810791016,t5_lam0.75_D0.00_n1600,t5,0.75,0.0,1600
True,5,5,0.06312611726088535,0.019924533402175232,-0.001514393468394895,0.01779273656381095,,0.07450107892102183,7.8471733500483865,0.643761896799072,,False,0.997289972899729,1.0,9.974942034236798e-07,9.971378995158404e-07,True,0.0013567102482475192,2.2643955531009392e-09,0.06238673626026311,1.2671716726524037e-09,27.951109573048086,8.521061007071634e-07,True,True,True,113,4.023920059204102,t5_lam0.75_D0.00_n1600,t5,0.75,0.0,1600
True,5,5,0.03401365541055671,0.005784643771940469,-0.015077365516656858,0.011933437293786424,,0.030170820665091958,3.0478605595831034,0.9802751816896823,,False,1.0,1.0,9.788608211738575e-07,7.314888738193729e-07,True,0.0012777506902047712,6.395725671754196e-09,0.05666609450584335,6.332018596436111e-09,1.617078229034105,0.4455084278501221,True,True,False,114,4.029502868652344,t5_lam0.75_D0.00_n1600,t5,0.75,0.0,1600
True,5,5,0.07360853588670131,0.027091082776918976,0.005966703639282759,0.01866436459389803,,0.08563509962194307,11.854900628721957,0.2948848695121439,,False,1.0,1.0,8.962703924030724e-07,9.902556195824113e-07,True,0.002316976819911091,8.084524466626698e-15,0.1009356538621366,1.0682402442436913e-14,9.46761016455816,0.008792949407915895,True,True,True,115,4.001646041870117,t5_lam0.75_D0.00_n1600,t5,0.75,0.0,1600
True,5,5,0.05346233146697552,0.014291104429423806,-0.008833104681160357,0.015276738838300918,,0.05708746728487668,7.198644851831793,0.7065680120623672,,False,0.994579945799458,1.0,7.940206952334324e-07,9.48843748479632e-07,True,0.0013472518549259628,2.5640973054806703e-09,0.060820308672810346,1.890438068762865e-09,4.2020650858297275,0.12233005199129454,True,True,False,116,4.353272199630737,t5_lam0.75_D0.00_n1600,t5,0.75,0.0,1600
True,5,5,0.0517047075026194,0.013366883889657134,-0.011048166487365141,0.01603048208747709,,0.05535274178575467,5.838558615557776,0.8286394996795656,,False,1.0,1.0,8.906571659929015e-07,9.705798629623043e-07,True,0.002333021003924239,6.5620077327249235e-15,0.10269189823028456,6.5944084744863846e-15,8.251338692351617,0.016152679234887064,True,True,True,117,4.284567832946777,t5_lam0.75_D0.00_n1600,t5,0.75,0.0,1600
True,5,5,0.09321153514781812,0.04344195142306466,0.019890404774732348,0.022695030560996136,,0.10697701445335006,20.189909834160815,0.027506773455756875,,True,1.0,1.0,9.750717110800147e-07,9.207531995573771e-07,True,0.001966217091441121,7.786851811962622e-13,0.0874272329020162,7.347734734491924e-13,14.78615010127818,0.0006155003457268633,True,True,True,118,4.333837032318115,t5_lam0.75_D0.00_n1600,t5,0.75,0.0,1600
True,5,5,0.08261409235475478,0.03412544127799977,0.011726395520048862,0.019755679917075306,,0.09404424201889505,17.152741881460354,0.07105178078005829,,False,1.0,1.0,9.64501502127146e-07,7.084810171220248e-07,True,0.0017686495711879563,1.0263955672036004e-11,0.07825835452598053,7.98116363421774e-12,8.984885452289957,0.011193268298642346,True,True,True,119,4.2679150104522705,t5_lam0.75_D0.00_n1600,t5,0.75,0.0,1600
True,5,5,0.06848763808298443,0.023452782850929298,0.0022389465637839834,0.01667429982218344,,0.0770269162087886,13.969627357031566,0.17438151193304124,,False,1.0,1.0,9.812356798177088e-07,8.871773074801599e-07,True,0.002032751614746833,3.270840687656288e-13,0.09009875562219057,3.2756996338112064e-13,27.045566932653646,1.340077022297516e-06,True,True,True,120,4.247024774551392,t5_lam0.75_D0.00_n1600,t5,0.75,0.0,1600
True,5,5,0.085445246166586,0.036504450462342394,0.015145569697339274,0.019631354592008588,,0.09740254052125645,19.501573484550306,0.03433545579798753,,True,1.0,1.0,9.956544572457464e-07,7.085437261410979e-07,True,0.0017836697061917796,8.435126710040816e-12,0.07948370982498874,6.800123762476373e-12,31.01442804754865,1.842054688596153e-07,True,True,True,121,4.171205997467041,t5_lam0.75_D0.00_n1600,t5,0.75,0.0,1600
True,5,5,0.059763446634582953,0.017858347768223225,-0.0024871267020821902,0.015709706512892697,,0.06834184813712975,8.414404845628017,0.5884269428166189,,False,1.0,1.0,9.929115230921655e-07,9.903822261287509e-07,True,0.002615006849521401,1.6819051501809579e-16,0.11411792316733256,2.0004300133621963e-16,20.992495363466293,2.7639968969464447e-05,True,True,True,122,4.19847297668457,t5_lam0.75_D0.00_n1600,t5,0.75,0.0,1600
True,5,5,0.04950442660679645,0.01225344126833848,-0.010389657120831449,0.014764352568775818,,0.0527172490775263,5.760343558860045,0.8349801341978096,,False,1.0,1.0,9.561731855005813e-07,9.192686309284452e-07,True,0.0023957266208508546,2.9037767672488005e-15,0.1080348022963957,1.4666250381230518e-15,28.42765625464108,6.714487622493292e-07,True,True,True,123,4.2720420360565186,t5_lam0.75_D0.00_n1600,t5,0.75,0.0,1600
True,5,5,0.07887036162344642,0.03110266971306605,0.010150880385807831,0.018762177953422336,,0.0905670103757472,15.253741330162303,0.12308111017999553,,False,1.0,1.0,8.3270422328306e-07,8.999764703372814e-07,True,0.002097617063044917,1.4047798072719466e-13,0.09358474573663497,1.1146100975104034e-13,9.91521700443582,0.0070297193043238155,True,True,True,124,4.238062143325806,t5_lam0.75_D0.00_n1600,t5,0.75,0.0,1600
True,5,5,0.02992383685666528,0.004477180061121597,-0.01734959574754158,0.012121774243879122,,0.022754993221664258,2.018035203236604,0.9962000495353242,,False,1.0,1.0,9.74675835880281e-07,9.734139968371343e-07,True,0.0016609166507485426,4.197629376404293e-11,0.07450865921710605,3.378716430156981e-11,13.699738283503885,0.00105959434049487,True,True,True,125,4.225953817367554,t5_lam0.75_D0.00_n1600,t5,0.75,0.0,1600
True,5,5,0.08120420140155368,0.032970611626320465,0.009971002678957716,0.020786858888143862,,0.09398121398880692,14.982320397617322,0.13270775346269492,,False,1.0,1.0,9.868268192090964e-07,7.094291976046462e-07,True,0.002798977740414921,1.5450672969572467e-17,0.12422168768759408,1.4840506957485434e-17,24.197592514766775,5.566209494140415e-06,True,True,True,126,4.247095108032227,t5_lam0.75_D0.00_n1600,t5,0.75,0.0,1600
True,5,5,0.06007536909175261,0.018045249857551526,-0.005346976860021915,0.01730391247706945,,0.06799327369429509,7.837093275209811,0.6447457757930248,,False,1.0,1.0,9.722616055937199e-07,9.54239295575774e-07,True,0.0017647467508946735,1.0800934896903381e-11,0.07878890468330417,7.2417150095742516e-12,15.797560270293872,0.00037119607343201233,True,True,True,127,4.1501641273498535,t5_lam0.75_D0.00_n1600,t5,0.75,0.0,1600
True,5,5,0.07969227316811141,0.03175429201350445,0.009648804632880915,0.01866534046553889,,0.08983379942527939,17.42624732328807,0.06544843446427813,,False,1.0,1.0,8.325067077023979e-07,9.006516176614211e-07,True,0.0019336728732706012,1.1904186654926544e-12,0.08621707918800628,7.711247795631967e-13,9.564268450527843,0.00837809912232444,True,True,True,128,4.165713787078857,t5_lam0.75_D0.00_n1600,t5,0.75,0.0,1600
True,5,5,0.08395375438348902,0.03524116437541601,0.012830896993226294,0.02161643268222445,,0.09837353779582751,15.48070660621044,0.1154941576994189,,False,1.0,1.0,9.507278621099146e-07,9.438072507893409e-07,True,0.0017124465324206374,2.1395952801078916e-11,0.07593926423007925,1.5817967950178417e-11,12.737290417380303,0.001714480416014683,True,True,True,129,4.300748109817505,t5_lam0.75_D0.00_n1600,t5,0.75,0.0,1600
True,5,5,0.07124605473786631,0.02538000157855521,0.001136692763908806,0.0194378199106741,,0.08137451854728313,10.993481190279887,0.3580261046749553,,False,1.0,1.0,9.456479030088971e-07,8.498845101258793e-07,True,0.0018286483386494598,4.687776598863222e-12,0.08188074635946717,2.9166754605988403e-12,2.4248197574385855,0.2974795253495442,True,True,False,130,4.251440048217773,t5_lam0.75_D0.00_n1600,t5,0.75,0.0,1600
True,5,5,0.0596155514110049,0.01777006985019084,-0.0037908824282334858,0.017077679432680275,,0.06971284031873214,7.628940713180659,0.6650301159126136,,False,0.997289972899729,1.0,8.227701142775374e-07,9.690962028304556e-07,True,0.0020456298913721052,2.765478219206322e-13,0.09011933905570997,2.9276808933013163e-13,8.463887820919663,0.01452412948160458,True,True,True,131,4.200470924377441,t5_lam0.75_D0.00_n1600,t5,0.75,0.0,1600
True,5,5,0.05746130235885971,0.016509006343881482,-0.008104147987992832,0.016822853964550393,,0.06255714886609336,7.529328913248874,0.6747045933915292,,False,1.0,1.0,8.274071683029708e-07,9.39805274990665e-07,True,0.001988855475876311,5.796482186458445e-13,0.08720123626060884,6.650743311207727e-13,16.393232041831407,0.0002755845662559038,True,True,True,132,4.318973064422607,t5_lam0.75_D0.00_n1600,t5,0.75,0.0,1600
True,5,5,0.0731348215154099,0.026743510590454316,0.004978769032833178,0.019139332078421688,,0.08539340585718987,12.03926506844707,0.2824372327419474,,False,1.0,1.0,9.363667531261852e-07,6.746547325936547e-07,True,0.0013631863297965117,2.0796792313892756e-09,0.061908332684573505,1.3500023098101795e-09,12.758002516632024,0.001696816792290861,True,True,True,133,4.183935165405273,t5_lam0.75_D0.00_n1600,t5,0.75,0.0,1600
True,5,5,0.07151100095422117,0.0255691162873731,0.0033880657730745063,0.018024898039447214,,0.08128515816394741,12.030326901933911,0.28303196214194887,,False,1.0,1.0,8.956059410487501e-07,9.033868388240052e-07,True,0.0020300599373913736,3.3876214612151125e-13,0.09141245625684238,2.3067060320443863e-13,24.56353422605529,4.6354971114897995e-06,True,True,True,134,4.516967058181763,t5_lam0.75_D0.00_n1600,t5,0.75,0.0,1600
True,5,5,0.04165139592468031,0.00867419391237238,-0.011497514954311058,0.012703630797792095,,0.04335458047055626,4.1634325024859455,0.9396731850067449,,False,1.0,1.0,8.026174802032781e-07,9.926418697653122e-07,True,0.0024007027578713735,2.721891928251784e-15,0.10624500187893775,2.2249365192719923e-15,13.924894064378055,0.0009467769439353436,True,True,True,135,4.436843156814575,t5_lam0.75_D0.00_n1600,t5,0.75,0.0,1600
True,5,5,0.05823806838203855,0.01695836304435499,-0.005922566212438973,0.01661116649338792,,0.06542227639283872,7.9287492965605395,0.6357965769831526,,False,1.0,0.997289972899729,8.266346701037599e-07,9.671273712525159e-07,True,0.0021383819362057886,8.260958865112243e-14,0.09556097342454636,4.853353662441766e-14,23.16259779999963,9.339116531245633e-06,True,True,True,136,4.589204788208008,t5_lam0.75_D0.00_n1600,t5,0.75,0.0,1600
True,5,5,0.04055631081231282,0.008224071733524609,-0.013562948900098074,0.013589801642713784,,0.04192919179156871,4.192102010032487,0.9382650475504524,,False,1.0,1.0,9.016787486312435e-07,9.937770705734305e-07,True,0.0009916164293723294,2.796491066246628e-07,0.04402716630771537,2.5755871622877395e-07,0.24839608363727678,0.8832049120546973,True,True,False,137,4.689078092575073,t5_lam0.75_D0.00_n1600,t5,0.75,0.0,1600
True,5,5,0.1099314638407163,0.06042463371081357,0.038269852833494614,0.026940720054800995,,0.1285172314736964,24.172979420135423,0.007154252777548566,,True,0.997289972899729,1.0,9.229812125023472e-07,9.65008109157599e-07,True,0.0017923096280617605,7.534865751035641e-12,0.07927078252007652,7.204979955741178e-12,17.35014016897461,0.00017079098065267127,True,True,True,138,4.381705045700073,t5_lam0.75_D0.00_n1600,t5,0.75,0.0,1600
True,5,5,0.04440499077613004,0.009859016029140969,-0.014957815696465978,0.015368270414185183,,0.045432894766408,4.099903883119299,0.9427276031290786,,False,1.0,1.0,9.773560043881736e-07,8.932520676913501e-07,True,0.0023370919725765873,6.2236527131713096e-15,0.102003574392127,6.883232898495399e-15,3.824508192658388,0.14774697505165107,True,True,False,139,4.504101037979126,t5_lam0.75_D0.00_n1600,t5,0.75,0.0,1600
True,5,5,0.06024924748154031,0.01814985911045946,-0.00716057701649361,0.018562513777821216,,0.06836964398955474,7.773171645759406,0.6509822611400162,,False,1.0,1.0,9.127706153273875e-07,9.883316259414998e-07,True,0.001560274502065385,1.5673220470427966e-10,0.06926271346585212,1.472633307636572e-10,4.114763459910724,0.12778811605782073,True,True,False,140,4.5478901863098145,t5_lam0.75_D0.00_n1600,t5,0.75,0.0,1600
True,5,5,0.0390899768208108,0.007640131439257628,-0.015601190301698261,0.013396858737330876,,0.035873894079558606,4.0368626577169575,0.9456687185901207,,False,1.0,1.0,9.920629524284884e-07,6.563724594223716e-07,True,0.0009432446966001827,5.31204591798187e-07,0.04248476732944753,4.101249887647948e-07,9.31616482799867,0.009484632573353207,True,True,True,141,4.54796290397644,t5_lam0.75_D0.00_n1600,t5,0.75,0.0,1600
True,5,5,0.0794924536761004,0.031595250957234845,0.011461106310669121,0.019346692862015676,,0.0930414791738306,14.226119277275743,0.16292521384229242,,False,1.0,1.0,9.273277198235517e-07,8.136395247379955e-07,True,0.002263781338332261,1.6149968307204984e-14,0.10075030081530481,1.2961603929069454e-14,20.20195655171419,4.1039387738848154e-05,True,True,True,142,4.5686328411102295,t5_lam0.75_D0.00_n1600,t5,0.75,0.0,1600
True,5,5,0.0660165095610101,0.021790897673094695,-0.0012099183741425198,0.017294849910206193,,0.07380728721236335,10.62346630426557,0.38759548196297516,,False,1.0,1.0,9.493626319871508e-07,8.072581693085841e-07,True,0.0021732213356050406,5.248381960810566e-14,0.09804856695386274,2.7075265038551172e-14,12.102260204910692,0.0023551988859303024,True,True,True,143,4.465677738189697,t5_lam0.75_D0.00_n1600,t5,0.75,0.0,1600
True,5,5,0.058100547367356314,0.016878368021932075,-0.0065173527891386335,0.017167110115203468,,0.06590907456204963,6.968805538070926,0.7283865846269278,,False,0.997289972899729,1.0,7.896735636907216e-07,9.265498499139152e-07,True,0.0024106878914476266,2.3905797711829264e-15,0.10407941612374057,3.4718703744061906e-15,14.762209557144166,0.0006229123255265226,True,True,True,144,4.345383167266846,t5_lam0.75_D0.00_n1600,t5,0.75,0.0,1600
True,5,5,0.07154137483703148,0.025590841567863204,0.002555061139262099,0.018342929457550054,,0.080903022423675,11.965234147071921,0.2873899914222305,,False,1.0,1.0,8.696307953824089e-07,9.225945718065923e-07,True,0.0020419450301584073,2.9015176693265925e-13,0.09147006787378682,1.906946392147991e-13,20.981404000869446,2.7793677243080697e-05,True,True,True,145,4.243444919586182,t5_lam0.75_D0.00_n1600,t5,0.75,0.0,1600
True,5,5,0.045075836642285996,0.010159155245010265,-0.012438805372261871,0.014046780348506016,,0.04618677782865765,5.5416619853640405,0.852190194310364,,False,1.0,1.0,9.374615309038314e-07,9.810119483402988e-07,True,0.0012763171964152529,6.517526057127877e-09,0.05605618569089668,6.33945621075962e-09,3.0593407837745805,0.21660705099231853,True,True,False,146,4.357470989227295,t5_lam0.75_D0.00_n1600,t5,0.75,0.0,1600
True,5,5,0.06516382496102473,0.021231620417755344,-0.0020266472138550165,0.01797890456907735,,0.07422401117590757,9.453329779648184,0.4896876593546027,,False,0.997289972899729,1.0,8.611389586161475e-07,9.731101515771663e-07,True,0.0019017777761433394,1.8047379003930213e-12,0.08305092877092453,2.3885882065496583e-12,8.9053805085544,0.01164719087940689,True,True,True,147,4.339262962341309,t5_lam0.75_D0.00_n1600,t5,0.75,0.0,1600
True,5,5,0.049539929259752515,0.012271022955306417,-0.011415338018607283,0.014739571091666173,,0.0506539217657012,6.593674944288483,0.7631665596256362,,False,1.0,1.0,9.66567301356069e-07,8.384619768886226e-07,True,0.001404982939910628,1.2011086689592724e-09,0.06302956246586565,9.659386117918747e-10,7.206150560943693,0.027239823409889775,True,True,True,148,4.438455104827881,t5_lam0.75_D0.00_n1600,t5,0.75,0.0,1600
True,5,5,0.0613237696720013,0.018803023633923336,-0.0009799361474970673,0.015881750068590356,,0.07091292978739572,9.230364526009067,0.510389743459531,,False,1.0,1.0,9.193853627771325e-07,8.769063275723747e-07,True,0.0018236550137704745,5.0036144379558485e-12,0.080022817974773,5.864056012661623e-12,6.864624286320705,0.03231214403302147,True,True,True,149,4.380116939544678,t5_lam0.75_D0.00_n1600,t5,0.75,0.0,1600
True,5,5,0.05939205615101992,0.017637081669229514,-0.004681617530810738,0.017072570208875405,,0.06841090775401482,7.094513658520182,0.7164931796260232,,False,1.0,1.0,9.42512857420931e-07,8.056257848267442e-07,True,0.0018312177745747522,4.533110520321852e-12,0.08016382608170491,5.0476082734364545e-12,3.4671575410997866,0.17665108368519938,True,True,False,150,4.4962639808654785,t5_lam0.75_D0.00_n1600,t5,0.75,0.0,1600
True,5,5,0.05781334856996384,0.016711916364360698,-0.005603142637116296,0.016067100870269295,,0.0645366353382965,7.520776721253514,0.675533889987583,,False,1.0,1.0,8.116363116870402e-07,9.979502232584249e-07,True,0.0012444540978881488,9.914096535820047e-09,0.05617293631675996,6.492496163158907e-09,12.92144262215406,0.0015636674128906328,True,True,True,151,4.451601266860962,t5_lam0.75_D0.00_n1600,t5,0.75,0.0,1600
True,5,5,0.0821720617121732,0.033761238630146004,0.011842281519792261,0.020064212844172945,,0.09470477790318335,16.319276177664722,0.0908502617206791,,False,1.0,1.0,9.476978236853354e-07,9.794112136751444e-07,True,0.0013659330788832963,2.0059644217089835e-09,0.06206690579666125,1.132423034804841e-09,11.494153773850197,0.0031920980357080207,True,True,True,152,4.419472932815552,t5_lam0.75_D0.00_n1600,t5,0.75,0.0,1600
True,5,5,0.08539807310943398,0.03646415445402115,0.015968717695974775,0.019714653999929752,,0.09838337037513258,18.700498586567267,0.04423590207657759,,True,1.0,1.0,8.956882621485307e-07,9.478967460226223e-07,True,0.0015139399986336725,2.8762798091398605e-10,0.06727911093747398,2.4802414696202903e-10,6.826425278898589,0.03293522123963561,True,True,True,153,4.370775938034058,t5_lam0.75_D0.00_n1600,t5,0.75,0.0,1600
True,5,5,0.06213677681462097,0.01930489516455009,-0.0019469599455412545,0.01580960609378491,,0.06936501708857996,10.116776993981643,0.43030851540108195,,False,1.0,1.0,9.604317761663647e-07,9.783546904825398e-07,True,0.0014201675982588534,9.84029729709105e-10,0.06433280206664324,5.333719984461582e-10,6.675513227879696,0.03551654573851023,True,True,True,154,4.70035719871521,t5_lam0.75_D0.00_n1600,t5,0.75,0.0,1600
True,5,5,0.061044005656393036,0.018631853132888725,-0.004248317726835912,0.017354069465603108,,0.06970880342686876,7.995151833635251,0.6293105204740682,,False,1.0,1.0,8.593164233838804e-07,9.069999095197316e-07,True,0.002288379606295322,1.1727230356377422e-14,0.1040197751664802,3.720130361154214e-15,12.576695962049913,0.001857826577850711,True,True,True,155,4.670650959014893,t5_lam0.75_D0.00_n1600,t5,0.75,0.0,1600
True,5,5,0.06246268078128662,0.019507932451924566,-0.002136821126833721,0.01578892747417907,,0.06904151431529217,10.39178722645864,0.40681845801997946,,False,1.0,1.0,9.400540108967402e-07,9.15688738785985e-07,True,0.001213264979100162,1.4951569981740467e-08,0.055108570270765024,8.34676824678895e-09,11.832354260746268,0.0026954849933830513,True,True,True,156,4.2334980964660645,t5_lam0.75_D0.00_n1600,t5,0.75,0.0,1600
True,5,5,0.06258501731094085,0.01958442195905383,-0.0032913501272856874,0.01697873466959494,,0.07019427779391174,9.10978573315589,0.5217172241101693,,False,1.0,1.0,9.104026208064058e-07,9.250964503929767e-07,True,0.002434430644489839,1.7558414772256096e-15,0.10610641930014222,1.903583131105571e-15,11.781453477634251,0.00276496655805456,True,True,True,157,4.271286964416504,t5_lam0.75_D0.00_n1600,t5,0.75,0.0,1600
True,5,5,0.0879884291999704,0.038709818365391016,0.016251388836288887,0.02167478837405279,,0.10188546815592027,17.675959923009344,0.06068201663563195,,False,1.0,0.994579945799458,8.97165754562596e-07,9.913023604625912e-07,True,0.0014504875997033582,6.61005132384022e-10,0.06433737391920662,6.07968137082831e-10,12.834715521815479,0.0016329652241428446,True,True,True,158,4.192837953567505,t5_lam0.75_D0.00_n1600,t5,0.75,0.0,1600
True,5,5,0.052942837873803085,0.014014720410658994,-0.009238159113466548,0.016564231139921393,,0.06001262626263855,5.80327733216987,0.8315112780782097,,False,1.0,1.0,9.085116759457585e-07,8.580172496537689e-07,True,0.0015045133221954444,3.2545898039485114e-10,0.0665665446537021,2.550929814145175e-10,0.20536085304684618,0.9024153154055073,True,True,False,159,4.1549599170684814,t5_lam0.75_D0.00_n1600,t5,0.75,0.0,1600
True,5,5,0.06826277074066765,0.023299029345964756,0.0001840853829329775,0.020054527040762913,,0.08145041058549457,8.299722994611788,0.5995858451113322,,False,1.0,0.994579945799458,9.362452548079977e-07,9.123374731912417e-07,True,0.001528849477415918,2.3657446555372285e-10,0.06816257155977173,1.8188122786101037e-10,6.345051269931248,0.0418976460021327,True,True,True,160,4.152930974960327,t5_lam0.75_D0.00_n1600,t5,0.75,0.0,1600
True,5,5,0.07253401724095528,0.026305918285555986,0.005655675584296579,0.016422897737656348,,0.08083184829401559,15.941260495192738,0.10132627758093064,,False,1.0,1.0,8.810021654382924e-07,9.764685146632435e-07,True,0.0012790612546951735,6.286366086370886e-09,0.05613079408196274,6.31233943920121e-09,7.425850818253828,0.024406021139158074,True,True,True,161,4.184509754180908,t5_lam0.75_D0.00_n1600,t5,0.75,0.0,1600
True,5,5,0.06521585216557303,0.02126553686840938,-0.000996181918301052,0.017552436597957004,,0.0746659320998329,9.286280492401723,0.5051671975296341,,False,1.0,1.0,8.518993753724806e-07,9.473351258394217e-07,True,0.0025559433900604403,3.6214685562525594e-16,0.11441135214935508,2.0191590431587676e-16,23.089434904731746,9.687080646103985e-06,True,True,True,162,4.179474830627441,t5_lam0.75_D0.00_n1600,t5,0.75,0.0,1600
True,5,5,0.05295577035572828,0.01402156806984315,-0.010287504928225888,0.01667062981344873,,0.05853757935547147,6.098231471905953,0.806943812689685,,False,1.0,1.0,6.54996336384723e-07,9.304742987592518e-07,True,0.0019529412655179734,9.258756483124189e-13,0.08656239320885974,8.662677653839074e-13,4.3381662967617025,0.11428234884825827,True,True,False,163,4.190207004547119,t5_lam0.75_D0.00_n1600,t5,0.75,0.0,1600
True,5,5,0.049654360594336866,0.01232777763016217,-0.014609813330928104,0.017373408270933064,,0.0528524366061298,4.916052376871924,0.8967147316722616,,False,1.0,1.0,9.130308716141304e-07,8.926402923057957e-07,True,0.0014821614123903685,4.3628793403474527e-10,0.06662786808600582,2.8228823600535714e-10,14.932483414830592,0.0005720742842679135,True,True,True,164,4.128622055053711,t5_lam0.75_D0.00_n1600,t5,0.75,0.0,1600
True,5,5,0.06025130010907363,0.01815109582416828,-0.008111398505435703,0.0204080274649731,,0.07135379385744049,5.379104859269882,0.8644587056328876,,False,1.0,1.0,9.86850365387005e-07,9.759895232143909e-07,True,0.002133234621871614,8.833669720629503e-14,0.09600928059701024,4.7190737060997734e-14,32.48934558908813,8.811061752318785e-08,True,True,True,165,4.126325607299805,t5_lam0.75_D0.00_n1600,t5,0.75,0.0,1600
True,5,5,0.06784225593155227,0.0230128584494112,0.0011039692444787114,0.017437040085248698,,0.07718205474331225,11.163358467795618,0.3449333777756858,,False,1.0,1.0,9.040779691920049e-07,9.297698199544326e-07,True,0.0016886587067232025,2.9202251645922535e-11,0.07466254542123786,2.8040126355963414e-11,22.623974324381457,1.222549341600133e-05,True,True,True,166,4.197478294372559,t5_lam0.75_D0.00_n1600,t5,0.75,0.0,1600
True,5,5,0.08035693365756386,0.03228618393423059,0.006778965113409745,0.021113844788674837,,0.09111328036345961,14.70653044123436,0.14313315830749057,,False,1.0,0.997289972899729,9.04998700290044e-07,9.975333230501675e-07,True,0.0022358600938924738,2.32247157250592e-14,0.0998487204310756,1.9903158329381445e-14,5.901496514377968,0.052300557035741435,True,True,False,167,4.170031785964966,t5_lam0.75_D0.00_n1600,t5,0.75,0.0,1600
True,5,5,0.07170041525922621,0.025704747741727395,0.004691159657444044,0.01675777940484803,,0.08031843361415984,15.2748746388952,0.12235715327783371,,False,1.0,0.997289972899729,8.08098206135708e-07,9.415993413564063e-07,True,0.0024857364089491776,9.014666566576836e-16,0.11120411860091,6.103997732863795e-16,53.12720011018368,2.907870600268179e-12,True,True,True,168,4.00322699546814,t5_lam0.75_D0.00_n1600,t5,0.75,0.0,1600
True,5,5,0.08460261182471106,0.03578800963781369,0.012112035037471092,0.02265280952068477,,0.0993706102811191,14.164580229219197,0.16561609683062603,,False,1.0,0.997289972899729,7.147040210820511e-07,9.54909924791646e-07,True,0.0025465503255863993,4.091341865748861e-16,0.1140514240511112,2.351675552366358e-16,26.453616190042176,1.8016491915218412e-06,True,True,True,169,4.189272165298462,t5_lam0.75_D0.00_n1600,t5,0.75,0.0,1600
True,5,5,0.07294740530584871,0.02660661970427882,0.002073984402465017,0.01946984764968383,,0.08258212146129458,12.161686045393864,0.2743812250728929,,False,1.0,1.0,9.177412363612176e-07,9.133870938960524e-07,True,0.0026792817373966927,7.302044279338078e-17,0.11844775835895552,5.362153908558006e-17,33.51946437982749,5.2643019517820364e-08,True,True,True,170,4.325627088546753,t5_lam0.75_D0.00_n1600,t5,0.75,0.0,1600
True,5,5,0.07610720820879723,0.02896153570668606,0.005355898651069543,0.02057156958501708,,0.08853600340547282,11.185073006382913,0.34328214851980854,,False,1.0,1.0,9.189848764157305e-07,9.244192101448245e-07,True,0.0014426679325338526,7.324258048743269e-10,0.06507298896246301,4.66631077824711e-10,16.492208134024427,0.00026227838844034723,True,True,True,171,4.3198370933532715,t5_lam0.75_D0.00_n1600,t5,0.75,0.0,1600
True,5,5,0.05301582549304139,0.014053388763543086,-0.007764739896115862,0.014564484868224339,,0.05690642470593768,7.412705899397449,0.6859925124729425,,False,1.0,1.0,8.32505859429886e-07,7.640562575423324e-07,True,0.002031860666808801,3.3090422651526195e-13,0.09036482678917375,3.252198965756706e-13,7.8354145761103755,0.019886636846800528,True,True,True,172,4.2894041538238525,t5_lam0.75_D0.00_n1600,t5,0.75,0.0,1600
True,5,5,0.06865732664169001,0.023569142507918583,0.0011523168120856353,0.01876660698354468,,0.08002579380992347,9.63128358603651,0.4734152244445632,,False,0.997289972899729,1.0,9.15347791885949e-07,9.813599338894577e-07,True,0.001251085543237707,9.085096674872803e-09,0.05493017501115466,1.0019262051268578e-08,11.030323198905847,0.004025276803368803,True,True,True,173,4.165802001953125,t5_lam0.75_D0.00_n1600,t5,0.75,0.0,1600
True,5,5,0.05744457474301786,0.016499395837030827,-0.005023052919397055,0.015561651875554406,,0.06414606240364998,8.074177838501688,0.6215914045347064,,False,1.0,1.0,9.801987815815202e-07,9.9606133591981e-07,True,0.0021739355410592505,5.1998088288958686e-14,0.0952552247069767,6.338137667400513e-14,13.269332598521077,0.0013140171605042167,True,True,True,174,4.135656833648682,t5_lam0.75_D0.00_n1600,t5,0.75,0.0,1600
True,5,5,0.03653155651931382,0.0066727731086191015,-0.016014528467255124,0.013834371360395547,,0.03671780887113244,2.55671181095359,0.9900232660199444,,False,1.0,1.0,7.966740523846697e-07,9.203388691649601e-07,True,0.0018475340664278993,3.663360952076849e-12,0.0810396755768094,4.113397800144702e-12,12.537075329339219,0.0018949976801009918,True,True,True,175,4.273476839065552,t5_lam0.75_D0.00_n1600,t5,0.75,0.0,1600
True,5,5,0.07890618355506929,0.03113092901613143,0.004289627255468491,0.0239821251113792,,0.09352722889824604,12.041055225365191,0.2823182260511947,,False,1.0,1.0,9.907481501519974e-07,9.216062306882195e-07,True,0.0019244529187843473,1.3425595556879764e-12,0.08426925143740462,1.6371871052636105e-12,11.716806701647364,0.002855799754813579,True,True,True,176,4.260045051574707,t5_lam0.75_D0.00_n1600,t5,0.75,0.0,1600
True,5,5,0.06833212352704199,0.023346395528574627,0.0017346170501369267,0.01729297866550767,,0.07769045723754192,11.050752131484902,0.35357764095510263,,False,1.0,1.0,9.565438953747244e-07,9.80491118769639e-07,True,0.001658692672686896,4.321550597752373e-11,0.07579257082116164,2.0205736868940934e-11,9.187176312886344,0.010116493609427714,True,True,True,177,4.170222759246826,t5_lam0.75_D0.00_n1600,t5,0.75,0.0,1600
True,5,5,0.07952380206373169,0.03162017547335788,0.01036085130430895,0.018262922455388582,,0.0898895828711963,18.521410498108395,0.04677982005420131,,True,1.0,1.0,9.84929134073573e-07,9.662652031660933e-07,True,0.0009388212378976558,5.633338031518314e-07,0.04359005467497161,2.8239790534327674e-07,7.836195039536445,0.019878877964416748,True,True,True,178,4.225405216217041,t5_lam0.75_D0.00_n1600,t5,0.75,0.0,1600
True,5,5,0.07594835892316437,0.028840766115609005,0.004625305116365257,0.02111216719169609,,0.08871497043276569,11.195969086973005,0.34245550260257906,,False,1.0,1.0,8.634743742604383e-07,9.216817843651525e-07,True,0.003253822909694687,4.2557418169153417e-20,0.14366205192190107,3.3481058201959854e-20,23.788686383851534,6.828925673975185e-06,True,True,True,179,4.255799055099487,t5_lam0.75_D0.00_n1600,t5,0.75,0.0,1600
True,5,5,0.05159776073565566,0.013311644564669843,-0.011393909279371096,0.016723810303060416,,0.056770257625038525,5.870646413513576,0.8260113141343124,,False,1.0,1.0,9.71090907955908e-07,8.444976759948107e-07,True,0.0013385146352471327,2.876132356656931e-09,0.060483368613076766,1.9438262292824993e-09,4.04402313695913,0.1323888877371048,True,True,False,180,4.256706953048706,t5_lam0.75_D0.00_n1600,t5,0.75,0.0,1600
True,5,5,0.06344080151256275,0.02012367648278192,-0.0039595560936147335,0.01766085817499169,,0.07083780139247109,9.792686664377161,0.4588661447189969,,False,1.0,1.0,7.619681025696595e-07,9.802061595928127e-07,True,0.0019862024564762104,6.000491118301692e-13,0.08863610144775447,5.203446228611368e-13,15.300396275361978,0.00047594981608627834,True,True,True,181,4.282577037811279,t5_lam0.75_D0.00_n1600,t5,0.75,0.0,1600
True,5,5,0.05046576262442459,0.012733965986323852,-0.010234618746900761,0.016006808137679567,,0.05673488816288935,5.123136417324547,0.8828019473836476,,False,1.0,1.0,7.767393573718521e-07,8.123120074340647e-07,True,0.0024297377468274774,1.866264717760042e-15,0.10833776218745894,1.3603230090440061e-15,16.832995949700038,0.00022118790366945214,True,True,True,182,4.135528087615967,t5_lam0.75_D0.00_n1600,t5,0.75,0.0,1600
True,5,5,0.06626424627207365,0.021954751670030134,0.00048216311038386944,0.01889328554544478,,0.07944665174170468,7.997330235144588,0.6290977268885583,,False,1.0,1.0,8.692092950114389e-07,9.40150016944544e-07,True,0.001816716416187538,5.478160201560883e-12,0.0788991981496261,7.486403834368905e-12,7.701301031748731,0.021265898133528187,True,True,True,183,4.2024431228637695,t5_lam0.75_D0.00_n1600,t5,0.75,0.0,1600
True,5,5,0.07981162360469993,0.03184947631209147,0.00926890918705403,0.021705009728245062,,0.09483720067734486,12.140794519097499,0.2757441850408704,,False,1.0,1.0,7.999947959277324e-07,9.949700306127844e-07,True,0.0016725530473951857,3.6049360722435565e-11,0.07395243206422082,3.459677911789499e-11,12.38601759005313,0.002043668513821579,True,True,True,184,4.086226940155029,t5_lam0.75_D0.00_n1600,t5,0.75,0.0,1600
True,5,5,0.06502026681141017,0.021138175481134835,-0.0005313470620128234,0.018077338747713736,,0.07642411810782575,8.757049291661783,0.5553053641930816,,False,1.0,1.0,9.166058069311476e-07,9.99705734650567e-07,True,0.0015936973208684308,1.0117317678306152e-10,0.07018658445546937,1.0224431157004857e-10,5.750278439282823,0.056408285815772306,True,True,False,185,4.20373010635376,t5_lam0.75_D0.00_n1600,t5,0.75,0.0,1600
True,5,5,0.036553520562445284,0.006680799327545551,-0.016695145588385082,0.014418417054955434,,0.037472763440550595,2.5297991012795276,0.9904343231815942,,False,1.0,1.0,9.191496440534214e-07,9.069830039253949e-07,True,0.0017452264152608577,1.3939391637570746e-11,0.07695872164268876,1.355123379130016e-11,15.076152993060548,0.0005324207506480791,True,True,True,186,4.2514259815216064,t5_lam0.75_D0.00_n1600,t5,0.75,0.0,1600
True,5,5,0.07027331350216848,0.024691692952870267,0.00047761249386311586,0.01909964578422563,,0.07986705720825707,10.782709989406488,0.3746956919561808,,False,1.0,1.0,9.188000767884203e-07,8.721513913484315e-07,True,0.0024038331920884226,2.613356875629594e-15,0.10876051009427933,1.2966549608793762e-15,11.712884090951006,0.0028614063464678747,True,True,True,187,4.225834131240845,t5_lam0.75_D0.00_n1600,t5,0.75,0.0,1600
True,5,5,0.05611502345713958,0.01574447928797663,-0.0072824582448916125,0.016005282932750504,,0.061715297029873474,7.320695293875196,0.6948620102184736,,False,1.0,0.997289972899729,9.19013679150115e-07,6.613789048215948e-07,True,0.0016425878032018274,5.335186066618742e-11,0.0741205097166843,3.656850574518602e-11,20.10471387061729,4.3084082900895346e-05,True,True,True,188,4.131721019744873,t5_lam0.75_D0.00_n1600,t5,0.75,0.0,1600
True,5,5,0.06399510716499025,0.020476868705292934,-0.001531406308238073,0.017008629076983688,,0.0727259223640523,9.301928434827598,0.50370926679113,,False,1.0,1.0,9.878698098913253e-07,8.851184727235681e-07,True,0.0017181350398639435,1.9862487260833913e-11,0.0747671631107119,2.1528480342472743e-11,4.7191741906001194,0.0944592178002031,True,True,False,189,4.1112446784973145,t5_lam0.75_D0.00_n1600,t5,0.75,0.0,1600
True,5,5,0.05852570430925813,0.01712629032447358,-0.0029359263740715777,0.015413435994286137,,0.06695807602509848,7.739813342373271,0.6542346462343042,,False,0.997289972899729,1.0,9.713081560683876e-07,9.586282746189425e-07,True,0.0013861148422745725,1.5388194961515744e-09,0.06263599908847657,9.296149826747082e-10,12.037136558976115,0.002433150694206951,True,True,True,190,4.492297887802124,t5_lam0.75_D0.00_n1600,t5,0.75,0.0,1600
True,5,5,0.05793655041073896,0.016783219367480486,-0.005071014144485245,0.016026764051492136,,0.06525437431146983,7.743503846453205,0.6538749128780372,,False,1.0,1.0,9.529547038141326e-07,9.330915330103495e-07,True,0.0014809963154528481,4.430050707278531e-10,0.06628626699303872,3.0413697539150884e-10,9.14395440728429,0.010337500154961005,True,True,True,191,4.572572946548462,t5_lam0.75_D0.00_n1600,t5,0.75,0.0,1600
True,5,5,0.09079752075952532,0.041220948880382156,0.01873531074059462,0.024254554220626695,,0.10828712039802663,14.789158834791689,0.13993990974320197,,False,1.0,1.0,9.739171860493939e-07,8.731592704927755e-07,True,0.0023091159311918806,8.954808911186856e-15,0.1032371350140118,5.946797407383489e-15,7.807095223265869,0.02017022823256803,True,True,True,192,4.542394161224365,t5_lam0.75_D0.00_n1600,t5,0.75,0.0,1600
True,5,5,0.07960003793604256,0.031680830197097075,0.00895542414471736,0.020255609636423137,,0.09194883046706048,14.691866561155631,0.14370618127651308,,False,1.0,1.0,8.848145996425146e-07,9.8667081010349e-07,True,0.001645645932440637,5.125915960100056e-11,0.07210321189466537,5.190469514856854e-11,9.133446576464715,0.010391955432771917,True,True,True,193,4.500186920166016,t5_lam0.75_D0.00_n1600,t5,0.75,0.0,1600
True,5,5,0.05844352149851961,0.01707822602573962,-0.006055140125512337,0.016404770325206177,,0.06469668591699101,7.663559194214651,0.6616620762392827,,False,0.997289972899729,1.0,8.44502527547101e-07,8.333501818840823e-07,True,0.00202856713869726,3.4541770257819514e-13,0.08887040247998061,4.361127790572579e-13,27.056843829284396,1.3325423292193801e-06,True,True,True,194,4.563565015792847,t5_lam0.75_D0.00_n1600,t5,0.75,0.0,1600
True,5,5,0.06782766568793218,0.023002961163369466,0.0010894976657953581,0.016752651033511576,,0.07569036461706233,12.241737404353946,0.26920369278431805,,False,1.0,1.0,9.259570565101806e-07,8.68082495405071e-07,True,0.0012231989541135367,1.311720926167444e-08,0.05598557204473653,6.908337848026046e-09,6.579571687960212,0.037261828386672156,True,True,True,195,4.4418909549713135,t5_lam0.75_D0.00_n1600,t5,0.75,0.0,1600
True,5,5,0.05206658553677512,0.013554646647291602,-0.008986138420344788,0.016387752790754533,,0.059948838512705,5.206848843427911,0.8769387546339714,,False,1.0,1.0,8.965790635396249e-07,9.637999433672065e-07,True,0.002117046310796143,1.0906912030906822e-13,0.09474797462538635,7.823666920929903e-14,14.99051886400785,0.000555712528772539,True,True,True,196,4.439866065979004,t5_lam0.75_D0.00_n1600,t5,0.75,0.0,1600
True,5,5,0.05361922488928221,0.014375106388637105,-0.005976729072396455,0.014944357623925411,,0.06099926518865147,7.085774015339407,0.7173233120712388,,False,1.0,1.0,9.322085636958272e-07,6.122952069958017e-07,True,0.002330732825918121,6.760204283519704e-15,0.1021566576876776,8.185230699256112e-15,19.222448383161414,6.697278657664608e-05,True,True,True,197,4.469247817993164,t5_lam0.75_D0.00_n1600,t5,0.75,0.0,1600
True,5,5,0.06415183363368605,0.02057728879282067,-0.0018572873271114725,0.016767855550754173,,0.07172639777898358,10.948849964093807,0.3615169435565156,,False,1.0,1.0,9.91828964916827e-07,9.476284286346281e-07,True,0.0015955062495924483,9.880512847189737e-11,0.07121806610660808,8.660053172960046e-11,5.686548147653166,0.05823468882798702,True,True,False,198,4.379012107849121,t5_lam0.75_D0.00_n1600,t5,0.75,0.0,1600
True,5,5,0.049937326496049775,0.012468682887865377,-0.010191553057428467,0.015265356869351605,,0.0546218354796561,5.255872016121923,0.8734431687901507,,False,1.0,1.0,9.855157440452863e-07,9.350290203308182e-07,True,0.0015466267667300804,1.8741518578756462e-10,0.06924385694816187,1.399741987601932e-10,7.7760515814760875,0.020485749298572685,True,True,True,199,4.361645936965942,t5_lam0.75_D0.00_n1600,t5,0.75,0.0,1600
True,5,5,0.07276504434974423,0.026473758396101228,0.0038893405209768327,0.01917934953784701,,0.08418617840343452,11.896612112823401,0.2920354804309914,,False,1.0,1.0,8.188432037083155e-07,9.55849117432409e-07,True,0.0017893294435720962,7.833975768729884e-12,0.07947241143483913,5.506439166559128e-12,23.202977887381564,9.152450103096984e-06,True,True,True,200,4.320065021514893,t5_lam0.75_D0.00_n1600,t5,0.75,0.0,1600
True,5,5,0.0700420762633631,0.024529462236413863,0.0028438609467818753,0.018417046570126473,,0.08140909874871306,10.322388542770723,0.41267883399205013,,False,0.994579945799458,1.0,9.800746869419407e-07,7.31929847256332e-07,True,0.002038021285611671,3.053745844092835e-13,0.0918848118239871,1.4782076499646964e-13,10.094934514971316,0.006425587212177596,True,True,True,201,4.340115308761597,t5_lam0.75_D0.00_n1600,t5,0.75,0.0,1600
True,5,5,0.05803093311073354,0.016837945988512154,-0.00552393811283838,0.015957570762308176,,0.0643800124772883,8.028292797725847,0.6260732212971396,,False,0.997289972899729,1.0,8.289730613410683e-07,9.419931113228986e-07,True,0.0027644366763163795,2.418522679886253e-17,0.12241700305047092,2.3341627971543696e-17,14.074536702802892,0.0008785231039187944,True,True,True,202,4.490012168884277,t5_lam0.75_D0.00_n1600,t5,0.75,0.0,1600
True,5,5,0.0812919689437275,0.03304192107373979,0.010968946724949677,0.020712613255644642,,0.09490854941694125,13.559260392528703,0.19406055949122908,,False,1.0,1.0,9.597073791618473e-07,9.434930498501167e-07,True,0.0023962223435077144,2.885124965350101e-15,0.10638950455977611,2.158506793024545e-15,35.99817313214204,1.5243897680538782e-08,True,True,True,203,4.485213041305542,t5_lam0.75_D0.00_n1600,t5,0.75,0.0,1600
True,5,5,0.08802360528896261,0.03874077544033543,0.014439323285646347,0.0223494737276625,,0.10119381029198243,17.54441241131026,0.06315256375682231,,False,1.0,0.997289972899729,9.611532336517271e-07,6.858107634585179e-07,True,0.0026098823137419456,1.797615374437375e-16,0.11413730846424161,2.05177026002427e-16,31.225461523671505,1.6575902467758348e-07,True,True,True,204,4.636443853378296,t5_lam0.75_D0.00_n1600,t5,0.75,0.0,1600
True,5,5,0.04310783168136314,0.009291425761343678,-0.012287070000505152,0.013358815086433428,,0.04401414646721872,4.420284638818427,0.9264022382097368,,False,1.0,0.997289972899729,8.287210581157996e-07,6.828649855427113e-07,True,0.001483652743440419,4.278385353073325e-10,0.06582906831131252,3.691759767390146e-10,2.652148854370745,0.26551752652943816,True,True,False,205,4.5044941902160645,t5_lam0.75_D0.00_n1600,t5,0.75,0.0,1600
True,5,5,0.10029029416408425,0.05029071551759276,0.02623965704355559,0.02462787922436514,,0.11554125973856731,22.553732065446688,0.012519249003465984,,True,0.997289972899729,1.0,8.694743198595242e-07,7.79020243623946e-07,True,0.0021434806582622907,7.73028839115753e-14,0.09453528130101464,6.444779434133875e-14,21.09122741482011,2.6308625483163862e-05,True,True,True,206,4.552268028259277,t5_lam0.75_D0.00_n1600,t5,0.75,0.0,1600
True,5,5,0.043772080915717465,0.009579975338460585,-0.012694136951925497,0.01357080946916255,,0.04388133595070666,5.40227422651436,0.8627385960795179,,False,1.0,1.0,9.218935050616871e-07,9.365359446855874e-07,True,0.002255602715563778,1.7963241047140204e-14,0.09887317785769169,2.1596347617245334e-14,6.347190544724555,0.041852854672648175,True,True,True,207,4.411540985107422,t5_lam0.75_D0.00_n1600,t5,0.75,0.0,1600
True,5,5,0.06838434522377292,0.023382093358420772,-0.001614946081288763,0.020290061520499204,,0.07969847577184001,8.248171175519952,0.6046100362475775,,False,0.994579945799458,0.997289972899729,7.91161160160822e-07,9.859904705106979e-07,True,0.0025482496480471197,4.0020327388979224e-16,0.11407752733372292,2.847581395107184e-16,7.338266612983505,0.02549855980898425,True,True,True,208,4.424829006195068,t5_lam0.75_D0.00_n1600,t5,0.75,0.0,1600
True,5,5,0.06955949622549734,0.024192617575724898,0.0022595675163830375,0.019046970586986837,,0.08196224273264653,9.517792978201367,0.48376609544487026,,False,1.0,1.0,7.727332718583003e-07,8.931949612853568e-07,True,0.002023211657576282,3.7038994607084233e-13,0.08994283867713877,3.3121836215244615e-13,7.032092207687746,0.02971669993441114,True,True,True,209,4.4546942710876465,t5_lam0.75_D0.00_n1600,t5,0.75,0.0,1600
True,5,5,0.04063920745691859,0.008257725913632337,-0.01251579151291636,0.012602610901828175,,0.04053062727867378,4.3291337469428814,0.9312801598018051,,False,1.0,1.0,9.36561649806955e-07,7.828559092080643e-07,True,0.001554319265463639,1.69448520184908e-10,0.06840615067024647,1.5905126543898983e-10,1.7144450325711944,0.42433904184627125,True,True,False,210,4.253667116165161,t5_lam0.75_D0.00_n1600,t5,0.75,0.0,1600
True,5,5,0.04488618201607449,0.010073846679900845,-0.013191282034558514,0.014659062103861158,,0.04673484660226112,4.218073876122089,0.9369734751808271,,False,1.0,1.0,9.997788017098812e-07,9.36977700024355e-07,True,0.0023701441272478197,4.049491921677607e-15,0.10767158701705491,1.854076308193083e-15,23.326603989554844,8.603839552222934e-06,True,True,True,211,4.26441764831543,t5_lam0.75_D0.00_n1600,t5,0.75,0.0,1600
True,5,5,0.07889926007919214,0.031125466205220012,0.009672702440939145,0.01921218670646814,,0.09085586104015758,14.805114798657064,0.13933021099024698,,False,1.0,1.0,7.95508549217035e-07,9.386958556129828e-07,True,0.0013793012754978818,1.6828837802063313e-09,0.06227842849361728,1.180835915961965e-09,6.571006793929561,0.03742174235959713,True,True,True,212,4.2430031299591064,t5_lam0.75_D0.00_n1600,t5,0.75,0.0,1600
True,5,5,0.05934206434662051,0.017607403004592244,-0.005336785537582812,0.01896907739131683,,0.07192297297727318,6.156807846520231,0.8019213008506464,,False,1.0,1.0,8.231940255184321e-07,9.895591984913065e-07,True,0.0018341070320556459,4.365284345298634e-12,0.08222621285277915,2.8930445571138863e-12,10.239192970001566,0.005978434796466222,True,True,True,213,4.210065841674805,t5_lam0.75_D0.00_n1600,t5,0.75,0.0,1600
True,5,5,0.054772753156047904,0.015000272441466778,-0.006111012569421471,0.014025210971537602,,0.058238143112348165,9.625791354745736,0.4739139005185894,,False,1.0,1.0,7.112042534919528e-07,6.755593145889637e-07,True,0.0014822548966479119,4.3575340863666026e-10,0.06579491552501293,3.8702009499584164e-10,7.184587549223156,0.02753509862107772,True,True,True,214,4.4052958488464355,t5_lam0.75_D0.00_n1600,t5,0.75,0.0,1600
True,5,5,0.08979384387207791,0.04031467198661552,0.019675662165344446,0.019689177914361554,,0.10204065647522546,22.633586707881634,0.012182934504506854,,True,1.0,1.0,9.655860496858771e-07,9.700712869567973e-07,True,0.002062980516255968,2.2058728842385843e-13,0.09259504028097358,1.272469501049866e-13,28.39891953158678,6.811660242020123e-07,True,True,True,215,4.423250198364258,t5_lam0.75_D0.00_n1600,t5,0.75,0.0,1600
True,5,5,0.06981273795353447,0.024369091902844364,0.000962934461494331,0.019471055066643338,,0.0812280370419407,9.483281588697583,0.4869325817375003,,False,1.0,1.0,9.848238007916332e-07,6.727439478622144e-07,True,0.0021291221750120793,9.319657885290623e-14,0.093033067455892,1.2391879641112758e-13,17.641491105895362,0.00014763824705924848,True,True,True,216,4.495331764221191,t5_lam0.75_D0.00_n1600,t5,0.75,0.0,1600
True,5,5,0.06522799944820382,0.021273459560074384,-0.00010921373898668124,0.016540248673061694,,0.0736166751240208,11.321849950054137,0.33299880226900264,,False,1.0,1.0,7.440511836763865e-07,8.410375390855379e-07,True,0.0020666553589660424,2.102741004432531e-13,0.0922308415918785,1.4903742148708947e-13,16.03445169428746,0.0003297334862773378,True,True,True,217,4.281363010406494,t5_lam0.75_D0.00_n1600,t5,0.75,0.0,1600
True,5,5,0.06542280832588435,0.02140071924622701,-0.00032058878730208476,0.01807772607614869,,0.07670022753041386,8.360353499920212,0.593682892201792,,False,1.0,1.0,9.360539420700164e-07,9.251626187119784e-07,True,0.0020528175876553204,2.518212127793334e-13,0.08956548160825208,3.9092311811013106e-13,4.702843352346166,0.09523367448264192,True,True,False,218,4.548432111740112,t5_lam0.75_D0.00_n1600,t5,0.75,0.0,1600
True,5,5,0.059741317591532186,0.017845125137861566,-0.006519177981851809,0.017185367118832312,,0.06595185433943779,8.073593052565109,0.6216485187328722,,False,1.0,1.0,9.868294102424458e-07,9.442797489123386e-07,True,0.002031263272347899,3.3349067402024244e-13,0.08795707596841192,5.391423978530444e-13,16.5639796799518,0.00025303320318156283,True,True,True,219,4.462082862854004,t5_lam0.75_D0.00_n1600,t5,0.75,0.0,1600
True,5,5,0.0664195633078838,0.02205779195004992,-0.0013446248260580197,0.01754540854747387,,0.07418221358196281,10.76723196492864,0.37593809769500924,,False,1.0,1.0,7.691845440148433e-07,6.914205856033699e-07,True,0.0016616899566857934,4.1553789932961766e-11,0.07418350556420297,3.2412238084423566e-11,6.759345351720738,0.034058601112566755,True,True,True,220,4.598567008972168,t5_lam0.75_D0.00_n1600,t5,0.75,0.0,1600
True,5,5,0.04120671360893023,0.00848996623224198,-0.015263430291012983,0.01609731548527063,,0.047358837547212894,2.4718695631777474,0.9912793370328887,,False,1.0,1.0,9.472600339239637e-07,8.563265754564423e-07,True,0.0016356264860509955,5.844001731756037e-11,0.07412008754101243,3.407003370378695e-11,2.8549333176660525,0.23991594195746863,True,True,False,221,4.56967306137085,t5_lam0.75_D0.00_n1600,t5,0.75,0.0,1600
True,5,5,0.07816469453999782,0.030548597362655822,0.009370499567560538,0.019122905583698814,,0.0903602569438114,15.293159947287526,0.1217336924024009,,False,1.0,1.0,8.653997550907342e-07,7.153033124610347e-07,True,0.0018151051811661917,5.594650134410466e-12,0.07980172752120444,6.354126094164193e-12,10.166300877424842,0.006200344408521306,True,True,True,222,4.4809019565582275,t5_lam0.75_D0.00_n1600,t5,0.75,0.0,1600
True,5,5,0.08924924334972653,0.039827137192493534,0.016316889613834196,0.022784883137333983,,0.1037252980539882,17.12513460425925,0.0716405236379942,,False,1.0,1.0,8.835478564941786e-07,9.319965392406371e-07,True,0.002853989765745515,7.56963575254943e-18,0.12492685646934729,1.0141147841564862e-17,15.160199328913478,0.0005105103407431169,True,True,True,223,4.225151062011719,t5_lam0.75_D0.00_n1600,t5,0.75,0.0,1600
True,5,5,0.05063277464394955,0.012818389340724903,-0.009926454611981269,0.015637660803104064,,0.056205352907069836,5.281205152526084,0.8716191097517219,,False,1.0,1.0,8.442761760946247e-07,9.553869457852863e-07,True,0.0022039519038882,3.518004703828989e-14,0.09718249865268096,2.7938427340102847e-14,9.420390605516822,0.009003019096260018,True,True,True,224,4.414348125457764,t5_lam0.75_D0.00_n1600,t5,0.75,0.0,1600
True,5,5,0.04903589194959306,0.012022593496460829,-0.00855931976963293,0.013444535118513113,,0.05206721153034759,6.659681522332399,0.7571348794987555,,False,1.0,1.0,9.341312024288749e-07,9.204248174312984e-07,True,0.0016338710334572108,5.979804920631237e-11,0.07345601546721461,4.495759430849798e-11,10.925726781961975,0.00424139357249537,True,True,True,225,4.408989191055298,t5_lam0.75_D0.00_n1600,t5,0.75,0.0,1600
True,5,5,0.07404759766450279,0.027415233599420396,0.004171114886111129,0.01893968558513139,,0.08405251384002146,14.371162445781033,0.15672487109293384,,False,1.0,1.0,8.900712518023032e-07,8.754793877994527e-07,True,0.0018449816650469135,3.7874885688686554e-12,0.08125556021967614,4.3473763362454945e-12,16.438990489108562,0.00026935098697655573,True,True,True,226,4.396023988723755,t5_lam0.75_D0.00_n1600,t5,0.75,0.0,1600
True,5,5,0.07651432222475278,0.029272207527566492,0.006573842024984386,0.019159350499701727,,0.08727905726398891,14.522852957942979,0.1504501604764326,,False,1.0,1.0,9.583105217331175e-07,9.678605883478394e-07,True,0.0015274635709051467,2.409103986889769e-10,0.06863764746737455,1.8349159504336536e-10,10.463227869983111,0.005344892029490579,True,True,True,227,4.352833986282349,t5_lam0.75_D0.00_n1600,t5,0.75,0.0,1600
True,5,5,0.044814723814828525,0.010041797352996795,-0.013175851300537994,0.014961041625784549,,0.047818139404635286,4.801636617742194,0.9040287587871214,,False,1.0,1.0,9.876921923966568e-07,9.391989776623538e-07,True,0.0019387726890074174,1.113806190342828e-12,0.08569313404159712,9.957413660452975e-13,11.900824061156912,0.0026047670535976853,True,True,True,228,4.406902074813843,t5_lam0.75_D0.00_n1600,t5,0.75,0.0,1600
True,5,5,0.07355433580635792,0.027051201579572335,0.004459617040952758,0.019435661688837206,,0.08535623663451711,12.029225386771383,0.28310531663905686,,False,1.0,1.0,9.852787999783268e-07,8.7138852394606e-07,True,0.002382938764675828,3.4289399918638137e-15,0.10646397998284649,2.636903382989929e-15,5.343539723612211,0.06912976684003284,True,True,False,229,4.2785563468933105,t5_lam0.75_D0.00_n1600,t5,0.75,0.0,1600
True,5,5,0.04845500909204792,0.011739439530552231,-0.010296937367681634,0.0144774556872206,,0.051992995929206434,5.336542308090121,0.8675932966606459,,False,1.0,0.997289972899729,7.986815795122577e-07,9.295928108489122e-07,True,0.0018239017822602875,4.9875170071181065e-12,0.08006456160392654,5.039673088983613e-12,6.486331999362425,0.03904009829331927,True,True,True,230,4.392786264419556,t5_lam0.75_D0.00_n1600,t5,0.75,0.0,1600
True,5,5,0.08115792136110721,0.032933040998278304,0.012116306585326753,0.02027081357162058,,0.09535075019092822,14.558638577700084,0.14900068137889244,,False,1.0,1.0,8.384141253872631e-07,7.845051919269226e-07,True,0.0020663589897911188,2.1108764476572003e-13,0.09264941810050718,1.5901967093665803e-13,8.883572300273546,0.011774888007835028,True,True,True,231,4.245967864990234,t5_lam0.75_D0.00_n1600,t5,0.75,0.0,1600
True,5,5,0.054974124294802376,0.015110771709901903,-0.006304303090487882,0.01635176180807383,,0.06417468601647992,5.884114084994219,0.8249036469931188,,False,1.0,1.0,9.93565402263395e-07,9.689261595796205e-07,True,0.0019019867233426746,1.799824210530852e-12,0.084843250925052,1.3422550614598627e-12,7.727082241698154,0.020993527126381053,True,True,True,232,4.485881805419922,t5_lam0.75_D0.00_n1600,t5,0.75,0.0,1600
True,5,5,0.09179543668684277,0.0421320109826408,0.020400783778350456,0.02081786831732444,,0.10454006885926534,21.938902267270446,0.015418898401781508,,True,1.0,1.0,9.531117164196433e-07,9.165909936657463e-07,True,0.0028854675920187783,5.0326885461887755e-18,0.12726208171692466,4.482165004140103e-18,26.66717155422345,1.6191879867812663e-06,True,True,True,233,4.336699724197388,t5_lam0.75_D0.00_n1600,t5,0.75,0.0,1600
True,5,5,0.07246279158529732,0.026254280821671187,0.001478510685863875,0.02078816119211734,,0.08446536925908738,10.591891544881769,0.39018388388301256,,False,1.0,1.0,9.49081959227624e-07,7.720952428548454e-07,True,0.0015953614174240667,9.899266597116012e-11,0.07078997259136695,8.828559745300167e-11,6.732448563936046,0.03451972835624638,True,True,True,234,4.565392255783081,t5_lam0.75_D0.00_n1600,t5,0.75,0.0,1600
True,5,5,0.05920865162791086,0.01752832213797656,-0.004200085657771316,0.01592702313297542,,0.06632878124772579,8.47781187212768,0.5822702199203258,,False,1.0,1.0,8.321568998603706e-07,6.733245090978029e-07,True,0.0018649152003826527,2.9197241678342854e-12,0.08339451058612093,2.0131946348509643e-12,5.194283283466291,0.07448618241536774,True,True,False,235,4.482587099075317,t5_lam0.75_D0.00_n1600,t5,0.75,0.0,1600
True,5,5,0.04941610947834466,0.012209759379878726,-0.011562952097190576,0.015729945203716716,,0.05349860806206228,5.29645776081859,0.8705151167460465,,False,1.0,1.0,8.942879809235746e-07,8.708231894754861e-07,True,0.0023611862180906787,4.549690066271096e-15,0.10477302551670467,3.5299256173590086e-15,25.1150013501057,3.518412462522312e-06,True,True,True,236,4.378971815109253,t5_lam0.75_D0.00_n1600,t5,0.75,0.0,1600
True,5,5,0.03787543060897465,0.00717274121907627,-0.016421176041793852,0.013948370902226611,,0.036116069627793006,3.225166049516644,0.9756174452960482,,False,1.0,1.0,9.497150515392978e-07,9.636361218288984e-07,True,0.001595155076748035,9.926046402215341e-11,0.07152056374154542,7.915974673641614e-11,3.490191598421472,0.17462825891608444,True,True,False,237,4.383888006210327,t5_lam0.75_D0.00_n1600,t5,0.75,0.0,1600
True,5,5,0.09641381198355599,0.046478115706002424,0.022664574879991697,0.026129836319934607,,0.1145812645439772,17.12753438961734,0.07158917456712605,,False,1.0,1.0,8.69109889069138e-07,9.936446592595743e-07,True,0.0025534992074767123,3.738270582966383e-16,0.11295852800026518,3.4241079150999887e-16,31.38425766385313,1.5310699719062832e-07,True,True,True,238,4.415528774261475,t5_lam0.75_D0.00_n1600,t5,0.75,0.0,1600
True,5,5,0.054708925943778915,0.014965332889609429,-0.006127294209914019,0.015147346468189757,,0.06129905964528081,7.117822817100513,0.7142769143062769,,False,1.0,1.0,8.97075905899957e-07,7.726281204325835e-07,True,0.0014246682991826284,9.275812767533101e-10,0.06440886990903834,5.528566333522996e-10,7.434774644090137,0.02429736618289754,True,True,True,239,4.338828802108765,t5_lam0.75_D0.00_n1600,t5,0.75,0.0,1600
True,5,5,0.05462011846857657,0.014916786707606695,-0.008077561201854726,0.016542969778534446,,0.06185984584351346,6.62338527304389,0.7604567401257848,,False,1.0,1.0,8.895148144511386e-07,8.491775996866008e-07,True,0.0010478170682706623,1.3285960564407277e-07,0.04660182016940473,1.0576375269877829e-07,5.653373528506464,0.059208701431486925,True,True,False,240,4.382344007492065,t5_lam0.75_D0.00_n1600,t5,0.75,0.0,1600
True,5,5,0.07178625596705915,0.025766332728840678,0.004609857728260187,0.01860842745966637,,0.08392615459695003,10.921705193875104,0.3636503747205698,,False,1.0,1.0,9.254682284359112e-07,8.640133394176682e-07,True,0.0014520984216329453,6.471822019235256e-10,0.06377841106475883,6.443518080396517e-10,9.02192218578473,0.010987894711914352,True,True,True,241,4.471220016479492,t5_lam0.75_D0.00_n1600,t5,0.75,0.0,1600
True,5,5,0.06195609757560062,0.019192790133986722,-0.0038794679774129363,0.017429359275718894,,0.07041203994018859,7.969539240739638,0.6318124171231272,,False,0.997289972899729,1.0,9.793369038091966e-07,8.235054434876204e-07,True,0.0014369684550569555,7.893042396917815e-10,0.06502836021426088,4.120263565938734e-10,15.595925752716157,0.00041057051054399415,True,True,True,242,4.390697956085205,t5_lam0.75_D0.00_n1600,t5,0.75,0.0,1600
True,5,5,0.0943800090052434,0.04453793049914913,0.022836411102458917,0.024172688160048226,,0.11189007542734176,17.639614894164488,0.06135575394373891,,False,1.0,1.0,8.82155603309549e-07,7.809904631380882e-07,True,0.001432077057580699,8.416323330219386e-10,0.06384092779825147,6.879826852640383e-10,2.298065043395216,0.3169432568192347,True,True,False,243,4.446353912353516,t5_lam0.75_D0.00_n1600,t5,0.75,0.0,1600
True,5,5,0.08147679998471465,0.03319234467874599,0.009184442023032542,0.022204948870737252,,0.09561206274245598,13.451538134912223,0.19950957279597276,,False,1.0,1.0,9.105480397442688e-07,8.088943630156052e-07,True,0.0015102385187595903,3.0192731873448006e-10,0.06584950935562288,3.8558456468356133e-10,6.668255769336861,0.03564565978593519,True,True,True,244,4.322484016418457,t5_lam0.75_D0.00_n1600,t5,0.75,0.0,1600
True,5,5,0.07701917022387272,0.02965976290986941,0.008022639124910195,0.02113570026970398,,0.09250705094390589,10.437185598864144,0.40300996969006125,,False,1.0,1.0,8.317292845682832e-07,9.605837902261906e-07,True,0.002331715717733373,6.6743451062075845e-15,0.10216416789274307,7.878372791462248e-15,10.866265078118055,0.004369387066653058,True,True,True,245,4.215832233428955,t5_lam0.75_D0.00_n1600,t5,0.75,0.0,1600
True,5,5,0.049389640918395386,0.012196683150240181,-0.009503029874375762,0.014106189677883157,,0.052344221036816976,6.0132018745892015,0.8141528625132495,,False,1.0,1.0,9.984083371971157e-07,6.600821654232927e-07,True,0.0013210509612852303,3.618428137856648e-09,0.05802040214011172,3.872719906388316e-09,12.546786356448964,0.0018858187953120157,True,True,True,246,4.25911808013916,t5_lam0.75_D0.00_n1600,t5,0.75,0.0,1600
True,5,5,0.0741111337061229,0.027462300696034135,0.003848725564487201,0.01962286088779595,,0.0850005405476254,11.508309781950356,0.31930949250261015,,False,1.0,1.0,9.429603766871874e-07,9.454890457582663e-07,True,0.0018161142952727867,5.5214058517788814e-12,0.08092543046951865,3.901773533573755e-12,16.96882146851415,0.00020666514443508146,True,True,True,247,4.2649149894714355,t5_lam0.75_D0.00_n1600,t5,0.75,0.0,1600
True,5,5,0.09282481245786937,0.04308222903919311,0.022055842846361414,0.021019133427597075,,0.10642296810380868,21.855201714847325,0.01585949078562389,,True,1.0,1.0,7.6872946874598e-07,9.338319566421428e-07,True,0.0019892373834985073,5.767691781752047e-13,0.08769168892985957,5.509854598582227e-13,21.900558849862257,1.7553109839275668e-05,True,True,True,248,4.2517290115356445,t5_lam0.75_D0.00_n1600,t5,0.75,0.0,1600
True,5,5,0.0428987008799091,0.00920149268591957,-0.012831480956678763,0.013070562460309397,,0.041635756537997254,5.1544898626067726,0.8806217543724383,,False,0.997289972899729,1.0,7.425913733669092e-07,9.462466064745892e-07,True,0.0019743756253069425,7.000975333198393e-13,0.08739084938816288,6.348875617734816e-13,10.741309227170515,0.004651085649674155,True,True,True,249,4.2619309425354,t5_lam0.75_D0.00_n1600,t5,0.75,0.0,1600
True,5,5,0.07120500879213827,0.025350766385442446,0.003297861053128265,0.01953009174651491,,0.08416888177596078,10.572969883118386,0.39173982809959274,,False,0.997289972899729,1.0,9.83983700653667e-07,9.58476000214781e-07,True,0.002180657988055491,4.764093423204006e-14,0.09756191767331385,3.376842376580474e-14,9.905277232465474,0.007064743167988589,True,True,True,250,4.353604078292847,t5_lam0.75_D0.00_n1600,t5,0.75,0.0,1600
True,5,5,0.06733824862025595,0.022672198636217007,0.0001559032739674518,0.018527192973336815,,0.07826930922576274,9.511816025336184,0.48431387335935294,,False,1.0,1.0,8.831100363268105e-07,7.751623017062099e-07,True,0.0018604579582924487,3.0946347880089984e-12,0.08387384420285399,2.0032815291483867e-12,9.362034122321285,0.00926958135997271,True,True,True,251,4.231449127197266,t5_lam0.75_D0.00_n1600,t5,0.75,0.0,1600
True,5,5,0.03333387515634391,0.005555736164693608,-0.01708201818592043,0.012520156619450292,,0.02650210119814225,2.647369628345417,0.9885497781382586,,False,1.0,1.0,8.513729846889435e-07,8.528028740681458e-07,True,0.0016355967455123726,5.84627657573287e-11,0.07330008752451615,4.299055629902614e-11,15.500586394071721,0.0004306162666520464,True,True,True,252,4.230653762817383,t5_lam0.75_D0.00_n1600,t5,0.75,0.0,1600
True,5,5,0.0704755745705615,0.024834033055253876,0.003309226459366134,0.018751243113198347,,0.08264656883859033,10.237122739468859,0.41994191512257856,,False,1.0,1.0,8.280665391745067e-07,8.580349462984033e-07,True,0.0019224100853880751,1.3788195444401533e-12,0.08388222734745404,1.5909007037761074e-12,23.999451331066535,6.145898153773666e-06,True,True,True,253,4.256694078445435,t5_lam0.75_D0.00_n1600,t5,0.75,0.0,1600
True,5,5,0.05366896483278129,0.014401788931111572,-0.006308894568310623,0.016082054459257825,,0.06347240508729869,5.4248145800350445,0.8610559632606893,,False,1.0,1.0,9.477468195653822e-07,9.797225939865454e-07,True,0.0015641267117872007,1.490199337249304e-10,0.07038057474917207,1.0344636801590609e-10,5.366186743689255,0.06835139052432646,True,True,False,254,4.143045902252197,t5_lam0.75_D0.00_n1600,t5,0.75,0.0,1600
True,5,5,0.055187254392776205,0.015228165237064982,-0.009263038097763436,0.016517683456131662,,0.059843351249559966,7.224288903589866,0.7041146092326203,,False,1.0,1.0,7.248192751716688e-07,8.26779719512693e-07,True,0.0008101422848638297,3.1227122403164677e-06,0.03746634110011757,1.984908186998695e-06,21.12477692668189,2.587098562504013e-05,True,True,True,255,4.3041369915008545,t5_lam0.75_D0.00_n1600,t5,0.75,0.0,1600
True,5,5,0.07206297641710598,0.02596536285046186,0.0011845953599251488,0.02104361131016116,,0.0846147218249883,9.165725599799744,0.5164512654271765,,False,1.0,1.0,8.285051005288567e-07,9.399042940616869e-07,True,0.0027442386806299794,3.143107208025556e-17,0.12032696701715322,3.29859652680161e-17,27.159404517857258,1.2659316065945779e-06,True,True,True,256,4.401626110076904,t5_lam0.75_D0.00_n1600,t5,0.75,0.0,1600
True,5,5,0.06132125128399802,0.018801479295176143,-0.00595017273777956,0.017711982159089656,,0.06809323807412719,8.348270227928872,0.5948587373814787,,False,1.0,1.0,7.870614973761494e-07,9.753946634039505e-07,True,0.0023402612887243822,5.9723684461111366e-15,0.10282239473655305,7.287880505559797e-15,37.136094557222435,8.629776082364946e-09,True,True,True,257,4.290459871292114,t5_lam0.75_D0.00_n1600,t5,0.75,0.0,1600
True,5,5,0.048540195998741924,0.011780753137981409,-0.010822234379954252,0.014827724539070056,,0.052090694193056154,5.395739506869989,0.8632247141362124,,False,1.0,0.997289972899729,9.380160233689874e-07,8.938064721047945e-07,True,0.0016067599078581946,8.526967221545338e-11,0.07281427066885864,5.1175261907426834e-11,21.409755584853585,2.2435236154510333e-05,True,True,True,258,4.09645414352417,t5_lam0.75_D0.00_n1600,t5,0.75,0.0,1600
True,5,5,0.06370652427824888,0.020292606178075576,-0.0024939495890391114,0.018459543785100032,,0.07465828548493754,7.766681911029718,0.6516151321715622,,False,1.0,1.0,8.337765708718993e-07,6.636016415315358e-07,True,0.002376815139763037,3.713078868662552e-15,0.10679369003997626,2.232584631503711e-15,12.6552453762983,0.001786275258773619,True,True,True,259,4.238472938537598,t5_lam0.75_D0.00_n1600,t5,0.75,0.0,1600
True,5,5,0.05673161775260076,0.016092382264136028,-0.007153049886924043,0.0170315933199355,,0.0645932320884074,6.269082541086225,0.7921721244961998,,False,1.0,1.0,9.594314497190585e-07,9.051466738197986e-07,True,0.0024698121743222876,1.1086800759653917e-15,0.1090922772891748,7.182628140365987e-16,13.391577826508218,0.0012361063088435365,True,True,True,260,4.228176832199097,t5_lam0.75_D0.00_n1600,t5,0.75,0.0,1600
True,5,5,0.06125962166581741,0.01876370623319543,-0.0030960264103437676,0.01705988857147893,,0.07066115365862818,8.130912012003284,0.6160512678256043,,False,1.0,1.0,9.941547120114097e-07,9.85434372143989e-07,True,0.0024180651450972338,2.1719992869303532e-15,0.10725575436076158,1.843150666791164e-15,7.262049527872793,0.026489025497494312,True,True,True,261,4.224284887313843,t5_lam0.75_D0.00_n1600,t5,0.75,0.0,1600
True,5,5,0.06495790368700616,0.021097646257051843,-0.0010050443910327757,0.017946772530072968,,0.07551790449572973,8.322069674753964,0.5974093658941195,,False,1.0,1.0,8.559547060305562e-07,8.42191020164064e-07,True,0.001978303508693059,6.651435242945675e-13,0.08768082289152225,6.042187876511752e-13,26.84419344490376,1.482031579738715e-06,True,True,True,262,4.16077995300293,t5_lam0.75_D0.00_n1600,t5,0.75,0.0,1600
True,5,5,0.05174278427901204,0.013386578624721878,-0.010168718749364956,0.015133161722267094,,0.054264384630711995,6.4693801167925145,0.7744080792028035,,False,1.0,1.0,9.804307878051613e-07,9.112173371959739e-07,True,0.00125258126800488,8.907925780649657e-09,0.055845026581048604,6.701252916887868e-09,5.641634069671315,0.059557262466768804,True,True,False,263,4.133606195449829,t5_lam0.75_D0.00_n1600,t5,0.75,0.0,1600
True,5,5,0.06566835267696083,0.021561662716528547,0.000878760325619659,0.016281508788601132,,0.07437668869853309,11.153865695680844,0.34565683142080783,,False,1.0,1.0,8.625062193949461e-07,9.31050267628166e-07,True,0.0012634901946409185,7.71621389695213e-09,0.05685690133539207,6.253617945155616e-09,5.470904578992847,0.06486466286262163,True,True,False,264,4.216778993606567,t5_lam0.75_D0.00_n1600,t5,0.75,0.0,1600
True,5,5,0.07018363571697071,0.024628713612262234,0.0002121441211549481,0.01962097480544243,,0.08060493247216374,9.939595961813989,0.4458086617771586,,False,1.0,1.0,9.691937889533746e-07,9.074874231061607e-07,True,0.001391479312845348,1.4341363690594906e-09,0.06223672143120927,1.3038604558092113e-09,6.9722571630793855,0.030619182677767542,True,True,True,265,4.189365863800049,t5_lam0.75_D0.00_n1600,t5,0.75,0.0,1600
True,5,5,0.03718433364475945,0.006913373343023948,-0.01630165732230337,0.014024969590696513,,0.03678957672177784,2.633504591437182,0.9887841476285425,,False,1.0,1.0,8.27391426818296e-07,9.588181492062116e-07,True,0.001679916852010496,3.2739231635754156e-11,0.07546049162998965,2.4403865748373412e-11,5.883907750532382,0.05276253654370685,True,True,False,266,4.231571912765503,t5_lam0.75_D0.00_n1600,t5,0.75,0.0,1600
True,5,5,0.05349554741232879,0.014308867964723585,-0.008053458915398402,0.014957682006332235,,0.05753214507300061,6.952215498291469,0.7299482736064564,,False,1.0,1.0,9.392194458928349e-07,9.913606172630424e-07,True,0.001903656857302327,1.761026776186294e-12,0.08349784585028769,1.6309138434755289e-12,28.67775278573731,5.925228537988126e-07,True,True,True,267,4.184473276138306,t5_lam0.75_D0.00_n1600,t5,0.75,0.0,1600
True,5,5,0.06317919529871259,0.019958053592964334,-0.0037553989434387786,0.017629788536324232,,0.07105353287898022,9.598674988226106,0.47637935545843146,,False,1.0,1.0,9.37673228368137e-07,9.909175547435086e-07,True,0.002649891857060901,1.0693470363717408e-16,0.11616755603485783,1.1943106493729417e-16,11.564111922022384,0.0030823716532737766,True,True,True,268,4.268640995025635,t5_lam0.75_D0.00_n1600,t5,0.75,0.0,1600
True,5,5,0.03642816394292407,0.006635055641262768,-0.016620543732411855,0.01338825527208748,,0.03286693326257684,3.0100226736863718,0.9811872116123923,,False,1.0,1.0,8.700757357681091e-07,8.799568392561783e-07,True,0.0022057976266597764,3.4344976614969515e-14,0.09750455151864468,3.6455116836753666e-14,20.15307786120579,4.2054719996512315e-05,True,True,True,269,4.285111904144287,t5_lam0.75_D0.00_n1600,t5,0.75,0.0,1600
True,5,5,0.07470585953543396,0.027904827244639947,0.005275190681933464,0.02037865595427332,,0.0880852959814703,11.137882341489625,0.3468771335676692,,False,0.997289972899729,1.0,9.60872673056528e-07,9.686013979043788e-07,True,0.0018028391918076387,6.566669192187512e-12,0.08037015596217074,5.125442464293637e-12,26.2634019283105,1.981411746273787e-06,True,True,True,270,4.254894971847534,t5_lam0.75_D0.00_n1600,t5,0.75,0.0,1600
True,5,5,0.07155196513411201,0.025598418572765902,0.0029064004947408004,0.022054535259408314,,0.08852444047482898,8.162438888036844,0.6129736676368409,,False,1.0,1.0,8.230185901426949e-07,7.787009032948106e-07,True,0.0026669461639823346,8.569955737943554e-17,0.12008798678348517,5.727973666804694e-17,23.11971480170447,9.541523389176404e-06,True,True,True,271,4.361343145370483,t5_lam0.75_D0.00_n1600,t5,0.75,0.0,1600
True,5,5,0.10086698463739119,0.05087074294919855,0.025148252230987257,0.02748483947930861,,0.11862275509758406,18.205688008764664,0.051591524577716916,,False,1.0,1.0,8.280147080595675e-07,8.716831020793682e-07,True,0.002012699443211559,4.247832258080113e-13,0.09032578748561028,2.7351034949412636e-13,11.670732598401141,0.002922352608649426,True,True,True,272,4.290941953659058,t5_lam0.75_D0.00_n1600,t5,0.75,0.0,1600
True,5,5,0.08986794324076648,0.040381236111628124,0.018652431550330112,0.023275396000264723,,0.10671180916852392,15.731972252439899,0.10756637719966032,,False,1.0,1.0,9.455920024117397e-07,9.682113615020374e-07,True,0.0015520971510425562,1.744536956176558e-10,0.06868412292570278,1.5102656740122386e-10,6.114288537988617,0.04702178523639474,True,True,True,273,4.306686878204346,t5_lam0.75_D0.00_n1600,t5,0.75,0.0,1600
True,5,5,0.04019948730963195,0.0080799938997863,-0.013358122654979801,0.012524706859526492,,0.03806096911382139,4.653728069867714,0.9130777173722608,,False,1.0,1.0,9.660438187095058e-07,9.836544333504332e-07,True,0.002754129695150565,2.764555099809606e-17,0.12174031466053492,2.136216163428188e-17,16.39363911347532,0.0002755284806326027,True,True,True,274,4.225717067718506,t5_lam0.75_D0.00_n1600,t5,0.75,0.0,1600
True,5,5,0.0828440021657445,0.0343156434741894,0.013341923697614968,0.019791214554433962,,0.09580769774840688,18.022226525219317,0.0545898670455858,,False,1.0,0.997289972899729,9.881041983910638e-07,6.749937386957641e-07,True,0.0012171907674456916,1.4197789666328477e-08,0.05483201169703098,1.0929612927384886e-08,10.855447840717712,0.004393083439807412,True,True,True,275,4.385967969894409,t5_lam0.75_D0.00_n1600,t5,0.75,0.0,1600
True,5,5,0.07230483831501015,0.0261399482187988,0.004188157394741137,0.01834824741824782,,0.08290758555023665,12.239117735958175,0.2693719975369205,,False,1.0,1.0,9.928815457400302e-07,9.37486528880606e-07,True,0.0017407258161487476,1.4783904980662425e-11,0.07720634281653417,1.2820686304601583e-11,13.064009174284479,0.0014560840748745322,True,True,True,276,4.281574964523315,t5_lam0.75_D0.00_n1600,t5,0.75,0.0,1600
True,5,5,0.0712970192249139,0.025416324751788715,0.0033911583047310963,0.01770808547551108,,0.08064535563253743,12.749593298153204,0.23801128191981596,,False,0.997289972899729,0.997289972899729,7.783486802594985e-07,8.741716373254214e-07,True,0.0015278312313187629,2.3975244631348874e-10,0.0676393392496491,2.185526280264298e-10,3.6197845786920406,0.16367176504616335,True,True,False,277,4.277925252914429,t5_lam0.75_D0.00_n1600,t5,0.75,0.0,1600
True,5,5,0.08480252443643178,0.03595734075395805,0.014057926871470509,0.019710120062018312,,0.09641388835964484,18.80728718984602,0.04277981304792659,,True,1.0,1.0,8.444736147907282e-07,8.369406739650001e-07,True,0.0019977370590534664,5.162695362684852e-13,0.08884529930173043,4.556350512694447e-13,13.035943183258084,0.001476661338810022,True,True,True,278,4.308146953582764,t5_lam0.75_D0.00_n1600,t5,0.75,0.0,1600
True,5,5,0.03971267033616773,0.007885480926145681,-0.014015932553150236,0.012899186860812187,,0.0379508675515632,4.333885015208029,0.9310304531886009,,False,1.0,1.0,8.325748459475323e-07,9.659485340512595e-07,True,0.0013564950472092791,2.2708080052091423e-09,0.05971924463160051,2.3106679517173022e-09,2.729551350012346,0.255437970682718,True,True,False,279,4.26682710647583,t5_lam0.75_D0.00_n1600,t5,0.75,0.0,1600
True,5,5,0.06699583792614548,0.02244221149713177,0.0010009359863409374,0.0168953273188685,,0.07588316862824598,10.903992035654394,0.36504671815462386,,False,1.0,0.997289972899729,8.948342446697066e-07,8.724996376534147e-07,True,0.0017345689831921582,1.602276070710006e-11,0.07675590319577186,1.5478167519242554e-11,20.592080762781393,3.3766533423225595e-05,True,True,True,280,4.289129972457886,t5_lam0.75_D0.00_n1600,t5,0.75,0.0,1600
True,5,5,0.041769492201392866,0.008723452393811096,-0.015160690341509799,0.015136868692295002,,0.04412990602233324,3.631973776139154,0.9624261540980822,,False,1.0,0.997289972899729,9.422139291413349e-07,7.894883674860288e-07,True,0.0016912104816695192,2.8243836632271504e-11,0.07519094049699887,2.2609200099913033e-11,14.434127785910194,0.0007339542265409954,True,True,True,281,4.312465190887451,t5_lam0.75_D0.00_n1600,t5,0.75,0.0,1600
True,5,5,0.042065858373084714,0.008847682203322108,-0.01110681090279832,0.012548330002355956,,0.04366544449278135,4.438640272993119,0.9253976999791913,,False,1.0,1.0,9.89951822319066e-07,6.530000180747922e-07,True,0.0018710053782111497,2.6966160295189204e-12,0.08320672849833032,2.0036346380901876e-12,6.02594375615242,0.04914540735905634,True,True,True,282,4.240734100341797,t5_lam0.75_D0.00_n1600,t5,0.75,0.0,1600
True,5,5,0.0733089335272885,0.026870998674542013,0.0030477184990377083,0.018757304348060014,,0.08234165238538371,13.833268496962695,0.1807334963304681,,False,1.0,1.0,8.986227241299007e-07,8.655127902201925e-07,True,0.0024323814726391613,1.8032306264440338e-15,0.1071532677253945,1.2197524414641378e-15,18.610722954320853,9.093537421874327e-05,True,True,True,283,4.2039172649383545,t5_lam0.75_D0.00_n1600,t5,0.75,0.0,1600
True,5,5,0.08556359542342427,0.036605644308917155,0.014389648434971952,0.020438717492635285,,0.09798810849584719,17.465302196175063,0.06468147067942365,,False,1.0,1.0,9.910104923292134e-07,9.912199985857767e-07,True,0.0011628026820324476,2.9083152881792935e-08,0.053347328751655806,1.739380233183684e-08,8.564950080238937,0.013808443306350237,True,True,True,284,4.197228193283081,t5_lam0.75_D0.00_n1600,t5,0.75,0.0,1600
True,5,5,0.036600799815036146,0.006698092735501751,-0.015743904988371873,0.013423510287785078,,0.035597203808478584,2.7310688276455215,0.9870639729967878,,False,1.0,1.0,9.232564677591583e-07,9.94839093662108e-07,True,0.0017417211833610554,1.459282454534578e-11,0.07528372780973958,2.310987440473439e-11,4.145748274786281,0.1258236271216758,True,True,False,285,4.169297218322754,t5_lam0.75_D0.00_n1600,t5,0.75,0.0,1600
True,5,5,0.05282298027635141,0.01395133622637905,-0.007493836440084235,0.015001632132333508,,0.058620222761392296,6.339144078147826,0.7860106261234275,,False,1.0,1.0,8.860309779751482e-07,8.448284895207738e-07,True,0.0019683186554575686,7.576349932247257e-13,0.08709655557893353,6.907816611104299e-13,5.495517566997971,0.06407129806059964,True,True,False,286,4.059783935546875,t5_lam0.75_D0.00_n1600,t5,0.75,0.0,1600
True,5,5,0.08790992955535488,0.038640778572137296,0.015417028126923044,0.024289985914416296,,0.10523354936221704,13.536788639685179,0.19518740314971275,,False,1.0,1.0,8.878355784388459e-07,9.085370060059603e-07,True,0.0017051431534194784,2.353973617392303e-11,0.07854474243956441,8.556050818069515e-12,10.918520732994901,0.004256702980906102,True,True,True,287,4.131994724273682,t5_lam0.75_D0.00_n1600,t5,0.75,0.0,1600
True,5,5,0.06692064689168105,0.022391864902005305,0.00021297586669770385,0.018560400948704748,,0.07841188517673613,9.130842623132175,0.5197328626262628,,False,1.0,1.0,9.371233368717e-07,8.501580237719673e-07,True,0.001975426212251296,6.905722323254879e-13,0.09026768440963806,2.462598901313247e-13,13.135236333550264,0.0014051402392354026,True,True,True,288,4.269324064254761,t5_lam0.75_D0.00_n1600,t5,0.75,0.0,1600
True,5,5,0.08692550501320206,0.03778021710900109,0.015471916650814106,0.022659080534455294,,0.10270617065327516,14.580732563262618,0.1481115891331313,,False,1.0,1.0,9.083165422909264e-07,8.515369954448836e-07,True,0.0016721178376582146,3.625516054570795e-11,0.07621668252182305,1.4104132193640284e-11,22.976053558251834,1.0252112468507033e-05,True,True,True,289,4.199074029922485,t5_lam0.75_D0.00_n1600,t5,0.75,0.0,1600
True,5,5,0.05682074093153269,0.016142983000041772,-0.008010047031447812,0.01683959358178147,,0.06275128611898591,8.038841248737503,0.6250428491352041,,False,1.0,1.0,8.287198714716546e-07,8.251977679880051e-07,True,0.001831141301162287,4.537639219042534e-12,0.08345232695069997,2.1923321273497643e-12,11.17054296493582,0.0037527308308371345,True,True,True,290,4.178210735321045,t5_lam0.75_D0.00_n1600,t5,0.75,0.0,1600
True,5,5,0.049337236296798516,0.012170814427030666,-0.010344416376122514,0.014532013579812942,,0.05207421409400405,5.944570370801875,0.8198984930170639,,False,0.997289972899729,1.0,8.549952099260339e-07,8.268031809367691e-07,True,0.0017699059215289061,1.0096847538814324e-11,0.07782893521590342,1.1173050355210314e-11,5.835846203259569,0.05404581848984563,True,True,False,291,4.1892249584198,t5_lam0.75_D0.00_n1600,t5,0.75,0.0,1600
True,5,5,0.09007088294988837,0.04056381977686246,0.0169563417107901,0.024233375041108767,,0.10659896485466745,16.060017890455207,0.0979271608265507,,False,1.0,1.0,7.085029787324221e-07,9.685603038464894e-07,True,0.001768973999454193,1.022053993557039e-11,0.07784675345698037,9.931417424613949e-12,18.565946374256082,9.299422280396514e-05,True,True,True,292,4.293118953704834,t5_lam0.75_D0.00_n1600,t5,0.75,0.0,1600
True,5,5,0.0665900261503116,0.022171157913495915,-0.0001341425423323911,0.017202929079198244,,0.07504952731067104,11.391991160507477,0.32780447143710434,,False,0.994579945799458,1.0,9.518697670314007e-07,7.975061095127621e-07,True,0.0022250244304586092,2.674171990681222e-14,0.09645372297141117,3.785869619159721e-14,9.247219962021322,0.009817291777956118,True,True,True,293,4.348663091659546,t5_lam0.75_D0.00_n1600,t5,0.75,0.0,1600
True,5,5,0.07085940889605422,0.025105279145491037,0.0021772730956569515,0.019306701914966452,,0.08238200260367606,10.334798481724505,0.4116274835168293,,False,1.0,1.0,9.932070383692515e-07,9.190429947380689e-07,True,0.0015361672153676956,2.1494266547708887e-10,0.06771007184776598,1.8876268120246604e-10,8.827526902181589,0.012109518883209379,True,True,True,294,4.46327805519104,t5_lam0.75_D0.00_n1600,t5,0.75,0.0,1600
True,5,5,0.09469940679509724,0.04483988823671654,0.019066069873845105,0.02856840122346626,,0.1149407745253776,16.33393206216747,0.09046393262393372,,False,1.0,0.997289972899729,9.717090223146294e-07,9.276797146205879e-07,True,0.0022705963335556472,1.4779704379435022e-14,0.10100559632939078,1.1588783347130567e-14,15.219959853937702,0.0004954818041992782,True,True,True,295,4.6246960163116455,t5_lam0.75_D0.00_n1600,t5,0.75,0.0,1600
True,5,5,0.08106640223653247,0.03285880785787638,0.009342924280092466,0.02110947523686108,,0.09387749590448788,14.059375854637095,0.17030048008836937,,False,1.0,1.0,7.275971518688381e-07,9.7578164586925e-07,True,0.0012861889035147055,5.723569987388239e-09,0.05709788453999517,4.704170624166222e-09,2.4864905308714755,0.28844661155261014,True,True,False,296,4.768049955368042,t5_lam0.75_D0.00_n1600,t5,0.75,0.0,1600
True,5,5,0.07019261634079103,0.02463501694382742,0.001997939375535062,0.01896885034745506,,0.08148487180900048,10.767076197739973,0.3759506135542995,,False,1.0,0.997289972899729,9.512495248762019e-07,8.29693231855101e-07,True,0.0019341081015949422,1.1836795299176433e-12,0.08516511963304325,1.2094116305727082e-12,22.51275299145844,1.2924620551359227e-05,True,True,True,297,4.554876089096069,t5_lam0.75_D0.00_n1600,t5,0.75,0.0,1600
True,5,5,0.07137229002978669,0.025470018920479943,0.0041144576213962905,0.017706639365514185,,0.08153439470908459,12.54762245842373,0.25007537094083354,,False,1.0,1.0,6.561459633742878e-07,9.012420814844913e-07,True,0.0016837129952186887,3.115347143997869e-11,0.07491118975993749,2.9407406366385345e-11,21.050374185253958,2.6851547796278476e-05,True,True,True,298,4.519396781921387,t5_lam0.75_D0.00_n1600,t5,0.75,0.0,1600
True,5,5,0.05923588775512772,0.01754445199069045,-0.006426262275389512,0.01656269474619379,,0.06452433068227431,9.206742425021673,0.5126019442088968,,False,1.0,1.0,9.909489097831404e-07,8.75200949042298e-07,True,0.001841658015496263,3.955453933253268e-12,0.08269379534860222,2.700111509724934e-12,6.788348718136174,0.03356825806171104,True,True,True,299,4.395586013793945,t5_lam0.75_D0.00_n1600,t5,0.75,0.0,1600
True,5,5,0.07746476219470344,0.03000394690940978,0.007532665367405211,0.020424500171469653,,0.09069506993560128,12.20931543943078,0.27129207080236406,,False,1.0,1.0,9.299336789663088e-07,8.466968794986374e-07,True,0.0012864690255364399,5.7025130643179316e-09,0.05647583573900223,5.4141081145320085e-09,10.58891704912564,0.005019331484509903,True,True,True,300,4.554638147354126,t5_lam0.75_D0.00_n1600,t5,0.75,0.0,1600
True,5,5,0.08031961076512814,0.03225619936730845,0.008572274669830609,0.02238618879682656,,0.09528302945006649,11.853120408645744,0.2950069111504482,,False,1.0,1.0,8.56660436459817e-07,6.993419560801549e-07,True,0.0013099336644494944,4.1880552549291844e-09,0.05811155111969487,3.790298351755881e-09,6.115863500616832,0.04698477103507388,True,True,True,301,4.513619899749756,t5_lam0.75_D0.00_n1600,t5,0.75,0.0,1600
True,5,5,0.06893932253907341,0.023763150960731977,0.0016978423916914898,0.018369319556901135,,0.07989078080666245,10.747318567656341,0.3775401640172433,,False,1.0,1.0,9.881305012442806e-07,9.405778650362426e-07,True,0.0017081971123482946,2.2618313119887284e-11,0.07607544916307744,1.6506634279207366e-11,5.590858700825267,0.06108864026828178,True,True,False,302,4.500341176986694,t5_lam0.75_D0.00_n1600,t5,0.75,0.0,1600
True,5,5,0.07328332583047771,0.026852229223879802,0.0004348793799628277,0.02170122880643297,,0.0850061460031307,9.809707002821492,0.45734412460661855,,False,1.0,1.0,7.83775758736258e-07,8.968126272162953e-07,True,0.002585839787802604,2.4562557841075704e-16,0.11522521437116322,2.0328922186434645e-16,36.4135373660016,1.2385137362849858e-08,True,True,True,303,4.365715980529785,t5_lam0.75_D0.00_n1600,t5,0.75,0.0,1600
True,5,5,0.04723897711471542,0.011157604794223036,-0.010605734322571898,0.013989183467684812,,0.049808482896669386,5.668473109814158,0.8423053276354222,,False,1.0,1.0,9.657278352480572e-07,9.521998202589359e-07,True,0.0012876795025155044,5.612409206191372e-09,0.05861844371746567,3.5510682398097173e-09,13.26575221868696,0.0013163716076007295,True,True,True,304,4.166696786880493,t5_lam0.75_D0.00_n1600,t5,0.75,0.0,1600
True,5,5,0.08362929119272405,0.034969291726987164,0.01128915511299873,0.021174042062767406,,0.09603890357263012,15.861306107626437,0.10367210088046229,,False,1.0,1.0,7.502585137906618e-07,9.438326841161925e-07,True,0.0014652294502206322,5.447737163644996e-10,0.06446987713324535,5.215828205262886e-10,18.868780220174322,7.992753789331929e-05,True,True,True,305,4.17277717590332,t5_lam0.75_D0.00_n1600,t5,0.75,0.0,1600
True,5,5,0.08028784813523186,0.03223069279093027,0.009462932945943636,0.01955505655953209,,0.09124487783227195,16.295388402177494,0.09148304423864864,,False,1.0,1.0,7.520296242482527e-07,9.963035981226036e-07,True,0.0014126870244941228,1.0855639064964388e-09,0.06347806255014223,6.803187433852982e-10,15.856465827717834,0.00036042274857889006,True,True,True,306,4.172173023223877,t5_lam0.75_D0.00_n1600,t5,0.75,0.0,1600
True,5,5,0.06468967602221606,0.020923770919296383,3.6025229778094414e-05,0.017272289892115936,,0.0754273344412783,9.130106887757403,0.5198021535667042,,False,1.0,1.0,9.713345139762259e-07,8.548014296529986e-07,True,0.002392650605602469,3.0222405612535748e-15,0.1046677431232715,4.488655735650707e-15,14.565898155109052,0.0006871560960156573,True,True,True,307,4.123104095458984,t5_lam0.75_D0.00_n1600,t5,0.75,0.0,1600
True,5,5,0.06006636000705839,0.018039838022487716,-0.0039035928425388833,0.016696250804441128,,0.06864298339908827,8.692335387158915,0.561529658903479,,False,1.0,1.0,9.618398867088775e-07,9.060473724174995e-07,True,0.0020755858162217608,1.871776122788623e-13,0.09249731088556382,1.5395634403097066e-13,44.295468876977765,2.4063630299863955e-10,True,True,True,308,4.20724081993103,t5_lam0.75_D0.00_n1600,t5,0.75,0.0,1600
True,5,5,0.049405719935069876,0.012204625811512805,-0.010503736097553756,0.014507367394262102,,0.05168899259690749,6.266973055650292,0.7923567339840649,,False,1.0,1.0,9.341695303315978e-07,9.203532297608664e-07,True,0.0016222863167663034,6.958753012247178e-11,0.07167584529329063,7.050541927880167e-11,3.2918853172349474,0.1928307035672138,True,True,False,309,4.156635046005249,t5_lam0.75_D0.00_n1600,t5,0.75,0.0,1600
True,5,5,0.08373911574174966,0.03506119752605073,0.0123157683741274,0.020681282664550348,,0.0962636496034943,17.06199881820179,0.07300331196039955,,False,0.997289972899729,1.0,9.927865287737166e-07,9.88902158365066e-07,True,0.0025343091830516804,4.796399120894929e-16,0.1113684694431184,5.679024217580569e-16,13.467931801594062,0.001189804940551766,True,True,True,310,4.164407968521118,t5_lam0.75_D0.00_n1600,t5,0.75,0.0,1600
True,5,5,0.03540329789213737,0.006266967508197092,-0.01637400825431621,0.013125012760006854,,0.032294632952753664,2.992307944360628,0.9816045031926102,,False,1.0,1.0,9.70585415744465e-07,8.565134264494567e-07,True,0.002190766351354542,4.1767022089924193e-14,0.09623284148355495,4.1920576514594154e-14,23.776613069337273,6.870274235684984e-06,True,True,True,311,4.244197845458984,t5_lam0.75_D0.00_n1600,t5,0.75,0.0,1600
True,5,5,0.0596854178948351,0.017811745546405508,-0.0040785643146725725,0.01642432725680559,,0.06773042144254238,7.982900678212674,0.6305072501036845,,False,1.0,1.0,9.08018170242301e-07,6.637832636817228e-07,True,0.0010131086031297772,2.1035063992860925e-07,0.04519937257845253,1.9292150227559427e-07,11.064320623628545,0.003957430563876707,True,True,True,312,4.187608242034912,t5_lam0.75_D0.00_n1600,t5,0.75,0.0,1600
True,5,5,0.05186443108538268,0.013449596059052046,-0.010073549192555088,0.015570899566500011,,0.05574639259055165,7.210294201420888,0.7054539288470794,,False,1.0,1.0,9.101743925762529e-07,9.150855828026482e-07,True,0.002368961879770113,4.112216706955891e-15,0.10414283336517338,4.478711921831624e-15,10.746245792875463,0.004639619611254013,True,True,True,313,4.337052822113037,t5_lam0.75_D0.00_n1600,t5,0.75,0.0,1600
True,5,5,0.06448734166015402,0.020793086171967186,-0.0018453845263591319,0.01818177095262973,,0.0749145745092032,8.315716838297583,0.5980280143049816,,False,1.0,1.0,7.897048478721242e-07,8.617536969516145e-07,True,0.00232409114213832,7.370068792753784e-15,0.10437940358983774,4.997517509794388e-15,19.28422630034371,6.493569079716313e-05,True,True,True,314,4.186888933181763,t5_lam0.75_D0.00_n1600,t5,0.75,0.0,1600
True,5,5,0.09989233975924351,0.04989239771288071,0.025044183310564527,0.02679774372023718,,0.11757767582573886,19.249344259269094,0.03720756976053906,,True,1.0,1.0,7.896575262744727e-07,9.105638589814517e-07,True,0.0014545701669684092,6.265320785005659e-10,0.06544096445330028,4.1822037207534185e-10,22.921894937117756,1.0533525647218316e-05,True,True,True,315,4.118052244186401,t5_lam0.75_D0.00_n1600,t5,0.75,0.0,1600
True,5,5,0.0393857868121266,0.007756201014051428,-0.013526931298872068,0.01294422227414944,,0.0394066483142849,3.655528002766451,0.9615518299927993,,False,1.0,1.0,9.638428336857914e-07,7.02292205179295e-07,True,0.0026265126050114746,1.4485309786698683e-16,0.11734791517331299,1.0445805052301889e-16,14.395221315110415,0.0007483717903489048,True,True,True,316,4.323562145233154,t5_lam0.75_D0.00_n1600,t5,0.75,0.0,1600
True,5,5,0.06877806004632733,0.023652107718681037,0.0023887754490416815,0.0173361488407618,,0.07861832197031336,12.105424224397343,0.2780628277863904,,False,1.0,1.0,9.072996032865187e-07,8.233023189415764e-07,True,0.0023280748976322865,6.997959138775043e-15,0.10396971985311561,4.199401094306926e-15,29.54436297699363,3.8416968709172563e-07,True,True,True,317,4.306156158447266,t5_lam0.75_D0.00_n1600,t5,0.75,0.0,1600
True,5,5,0.08066671928051575,0.03253559799740765,0.009399027618534644,0.022585010421662017,,0.09648633470636368,12.255670753380365,0.2683098058648607,,False,1.0,1.0,8.994269212182063e-07,9.827588495723104e-07,True,0.0025657045441802957,3.190291224534005e-16,0.1136625820232765,2.705620232603367e-16,35.83750905741882,1.6519001233374608e-08,True,True,True,318,4.1795268058776855,t5_lam0.75_D0.00_n1600,t5,0.75,0.0,1600
True,5,5,0.08496729414532808,0.036097205371893516,0.011823527827359556,0.024980998837886015,,0.10287236205193975,13.22686027653964,0.21126298135915775,,False,1.0,1.0,9.843508384898635e-07,8.948372939369333e-07,True,0.003045443280156689,6.327298469585318e-19,0.1353612648966549,5.423832316877061e-19,32.99330435194161,6.84849258848076e-08,True,True,True,319,4.179202079772949,t5_lam0.75_D0.00_n1600,t5,0.75,0.0,1600
True,5,5,0.05882443670506536,0.017301571768341205,-0.006162886983671595,0.018402024957495225,,0.06943450224624058,6.278216786568651,0.7913721306048066,,False,1.0,1.0,8.50880524404093e-07,9.887777767664386e-07,True,0.0018685822628381856,2.7832646890890785e-12,0.0818270253763089,2.7487012909041206e-12,6.136578691776453,0.0465006333575912,True,True,True,320,4.166071176528931,t5_lam0.75_D0.00_n1600,t5,0.75,0.0,1600
True,5,5,0.03980929824147396,0.007923901132393107,-0.014415292824798698,0.013140898168905828,,0.03794617553779566,4.020939802381436,0.9463974062408329,,False,1.0,1.0,8.991320703755694e-07,8.264451521038986e-07,True,0.0012076148672857901,1.6107346006067417e-08,0.05460266650141329,1.0237429750860463e-08,8.58234595654265,0.013688859142248523,True,True,True,321,4.213865041732788,t5_lam0.75_D0.00_n1600,t5,0.75,0.0,1600
True,5,5,0.04872146326163976,0.011868904911776562,-0.013697063866145677,0.016461854315110835,,0.051730603921491425,4.91698140451414,0.8966542408512176,,False,1.0,1.0,9.310538713720615e-07,9.275661921262138e-07,True,0.00277173946676769,2.1999053487854977e-17,0.12293204123520436,1.3858837832809737e-17,28.400492623608848,6.80630466430849e-07,True,True,True,322,4.233154058456421,t5_lam0.75_D0.00_n1600,t5,0.75,0.0,1600
True,5,5,0.09103743810338925,0.04143907568214215,0.018038373953358063,0.022419157624851214,,0.10479943385895873,20.12305941831214,0.028110004374527868,,True,0.997289972899729,1.0,9.58326258850218e-07,8.637097769025135e-07,True,0.0019005125699060842,1.8347790939824883e-12,0.0860508856170102,1.22907005695386e-12,11.263799979064643,0.003581763544980838,True,True,True,323,4.2924017906188965,t5_lam0.75_D0.00_n1600,t5,0.75,0.0,1600
True,5,5,0.05213336616490582,0.013589439338420734,-0.008970112115241336,0.015393381900258456,,0.05718347302227791,6.5528228516331595,0.76687856071477,,False,0.997289972899729,1.0,9.477879685755311e-07,9.741336788559405e-07,True,0.0017361710232880118,1.5690739586231533e-11,0.07469144987020082,2.4057684602378277e-11,6.7270533645842665,0.034612974478079685,True,True,True,324,4.208492040634155,t5_lam0.75_D0.00_n1600,t5,0.75,0.0,1600
True,5,5,0.05736876645423455,0.016455876822402536,-0.006011386407213149,0.01615352902337999,,0.06412301364558484,7.564956327488214,0.6712475046953396,,False,1.0,0.997289972899729,8.970729835253468e-07,9.466148141139494e-07,True,0.0023066796651789734,9.243105613427742e-15,0.10277158158484329,7.811352561099277e-15,13.847325490810091,0.0009842183890899304,True,True,True,325,4.26417875289917,t5_lam0.75_D0.00_n1600,t5,0.75,0.0,1600
True,5,5,0.05005649257144237,0.012528262242774325,-0.010414810092540408,0.01618435651976958,,0.0569316914009733,4.7366881992928835,0.9080592751037017,,False,1.0,1.0,9.85986298503789e-07,8.825666751148922e-07,True,0.002226254582189796,2.631702332862508e-14,0.09861920953490778,2.3521820197654023e-14,13.936691879554186,0.0009412084344453284,True,True,True,326,4.219486951828003,t5_lam0.75_D0.00_n1600,t5,0.75,0.0,1600
True,5,5,0.06931532244616763,0.024023069629080948,0.0032538207544909395,0.01767663110664595,,0.08041056092646133,10.779369636478034,0.37496360920865957,,False,1.0,1.0,9.92245802126624e-07,8.971232607086243e-07,True,0.001631564621262744,6.163044072289048e-11,0.07432558926395144,3.392496919262913e-11,14.855321025059993,0.0005945768912429343,True,True,True,327,4.129566192626953,t5_lam0.75_D0.00_n1600,t5,0.75,0.0,1600
True,5,5,0.04223286755580422,0.008918075509930505,-0.01347533652396531,0.013821745918311064,,0.04303350411149515,4.166109590608075,0.9395424784334447,,False,1.0,1.0,9.498685156659806e-07,8.833195485198938e-07,True,0.0014036545243469357,1.2222419508953216e-09,0.06209947943389984,1.2357878706420154e-09,3.8897696091064957,0.1430036957639212,True,True,False,328,4.18287205696106,t5_lam0.75_D0.00_n1600,t5,0.75,0.0,1600
True,5,5,0.06736450494601247,0.022689882633106694,-0.0012565246484857392,0.018204128832950625,,0.07574510239993733,10.698280790293623,0.3815027176211412,,False,1.0,1.0,9.640361449742343e-07,9.072480240270323e-07,True,0.0010575744521119047,1.1676971928155405e-07,0.04693482210897429,8.874670125036185e-08,2.8723563657751034,0.23783498576840081,True,True,False,329,4.264909744262695,t5_lam0.75_D0.00_n1600,t5,0.75,0.0,1600
True,5,5,0.04367146336636946,0.00953598356280075,-0.011377667184524933,0.01304575282733266,,0.04490141795049598,5.101641905934353,0.8842855587955641,,False,1.0,1.0,9.992740271019324e-07,9.896572425858882e-07,True,0.0009136319958761106,7.871773470081631e-07,0.040422879700589325,7.697534215822167e-07,7.024312796443985,0.02983251424497654,True,True,True,330,4.207223176956177,t5_lam0.75_D0.00_n1600,t5,0.75,0.0,1600
True,5,5,0.035318117619612704,0.006236847160963987,-0.017519170813115735,0.013631061622665626,,0.03131111731038941,3.3269092080885914,0.9726513537819245,,False,0.997289972899729,1.0,7.623054534125539e-07,9.933030654226304e-07,True,0.0016142021944065754,7.735442064224684e-11,0.07137569570940173,7.659092921090499e-11,8.947889131049727,0.011402250103878549,True,True,True,331,4.208097219467163,t5_lam0.75_D0.00_n1600,t5,0.75,0.0,1600
True,5,5,0.06286487566799816,0.019759962963764338,-0.004923512818657962,0.01858033484578434,,0.0716078464169999,8.063848194049928,0.6226002898136664,,False,1.0,1.0,8.380713964507855e-07,9.056350666868862e-07,True,0.001492519618396729,3.80878038389313e-10,0.06686297368445973,2.9937145160703726e-10,12.506206614389335,0.001924472630043781,True,True,True,332,4.2431957721710205,t5_lam0.75_D0.00_n1600,t5,0.75,0.0,1600
True,5,5,0.050027774224593966,0.01251389096933474,-0.011182413334482572,0.01579395079151208,,0.05439912482536671,4.890254451032938,0.8983874332229675,,False,1.0,1.0,8.999875437639815e-07,6.441023385895143e-07,True,0.001158133353987276,3.093112081842603e-08,0.05181602955322394,2.4590318981225753e-08,2.3568149835742322,0.3077684723650182,True,True,False,333,4.135004043579102,t5_lam0.75_D0.00_n1600,t5,0.75,0.0,1600
True,5,5,0.07679796519996135,0.02948963729427237,0.009204353901600612,0.01858449396122657,,0.08918870578585818,14.509262351057593,0.1510037025088733,,False,0.997289972899729,1.0,8.346695407637001e-07,9.509166510458154e-07,True,0.0010545489228008821,1.215380579505359e-07,0.04870910589661049,7.362009593250182e-08,14.713716532469256,0.0006382003688066343,True,True,True,334,4.229973793029785,t5_lam0.75_D0.00_n1600,t5,0.75,0.0,1600
True,5,5,0.08494304959691762,0.036076608374122035,0.012058103326920751,0.0208299206479061,,0.09624995984803365,18.646278212062768,0.044992426197272464,,True,1.0,1.0,8.588697811624404e-07,9.972748259479112e-07,True,0.0012002045998320695,1.7759924700997337e-08,0.053777269776220445,1.2055136552781693e-08,24.948122998408884,3.824581535308315e-06,True,True,True,335,4.221184015274048,t5_lam0.75_D0.00_n1600,t5,0.75,0.0,1600
True,5,5,0.06282548585352149,0.019735208363655145,-0.0022338718423606865,0.01651569684077974,,0.07061449144166775,9.772020001713482,0.4607174209125846,,False,1.0,1.0,9.635560224914467e-07,9.510450267125284e-07,True,0.0016730294674158247,3.582541394054755e-11,0.07474283127971507,2.502428516313427e-11,5.742356532710821,0.05663215948470538,True,True,False,336,4.326024055480957,t5_lam0.75_D0.00_n1600,t5,0.75,0.0,1600
True,5,5,0.043378244607024385,0.009408360525934202,-0.01415641693427091,0.015269508982798418,,0.04681813814720348,4.100189726098079,0.9427140634704252,,False,1.0,0.997289972899729,9.90385267359135e-07,9.83147986910347e-07,True,0.0023033872657207905,9.647523581864908e-15,0.1031023869871379,6.457160670499784e-15,22.035352229493796,1.640907348662993e-05,True,True,True,337,4.1610188484191895,t5_lam0.75_D0.00_n1600,t5,0.75,0.0,1600
True,5,5,0.04889976717767005,0.011955936150151683,-0.009760447133241333,0.013539640794829347,,0.05002055604599739,6.883654219812496,0.7363811692106608,,False,1.0,0.994579945799458,9.50486330312118e-07,7.397215137383355e-07,True,0.002477616374049105,1.0017699963504195e-15,0.11035536406711796,7.830101779353401e-16,24.134208955757394,5.7454376063347655e-06,True,True,True,338,4.15428900718689,t5_lam0.75_D0.00_n1600,t5,0.75,0.0,1600
True,5,5,0.038604606589794144,0.007451578249763889,-0.01489873755902976,0.012862160474994904,,0.03537692397226609,3.844362546747215,0.9540950154172416,,False,1.0,1.0,8.846111115017305e-07,9.354168633675099e-07,True,0.002229358294554323,2.527525083183493e-14,0.10011763454295093,1.676142936188562e-14,19.005524127788142,7.464536961045832e-05,True,True,True,339,4.133544921875,t5_lam0.75_D0.00_n1600,t5,0.75,0.0,1600
True,5,5,0.07091497119203463,0.02514466569583551,0.0011160869543680105,0.019926808316460612,,0.08233197421083135,10.06672543794544,0.4346588762292326,,False,1.0,1.0,6.864482036567564e-07,9.652716833652012e-07,True,0.0021952526074880373,3.939782022109508e-14,0.09663935156635191,4.424144391788671e-14,9.58643570954678,0.00828575209117527,True,True,True,340,4.160990953445435,t5_lam0.75_D0.00_n1600,t5,0.75,0.0,1600
True,5,5,0.10002036724611987,0.050020369320243445,0.027315277327190798,0.02502921464162411,,0.1170339026181842,21.02684297072829,0.020907163368506326,,True,1.0,1.0,9.443877210106802e-07,9.261644168644144e-07,True,0.0015852682157299774,1.1297908586066368e-10,0.07062294109665868,9.24596192809699e-11,8.857994262192225,0.011926444337466953,True,True,True,341,4.101085901260376,t5_lam0.75_D0.00_n1600,t5,0.75,0.0,1600
True,5,5,0.06720955922964288,0.02258562425921437,0.0009754709942485958,0.018026319341233638,,0.07826382017671028,9.538595346668,0.48186163222273504,,False,1.0,1.0,9.951837691918046e-07,7.354558839707823e-07,True,0.0015486302778961816,1.825598267314378e-10,0.06856129172414746,1.6621773895661824e-10,4.321187171282569,0.11525668601516781,True,True,False,342,4.124337911605835,t5_lam0.75_D0.00_n1600,t5,0.75,0.0,1600
True,5,5,0.0728852043496018,0.026561265065416062,0.007563145460036971,0.01651696178263,,0.08334402192648825,14.912028690808551,0.13530220049282604,,False,1.0,1.0,9.419024533163336e-07,7.869074060794144e-07,True,0.002096943394341674,1.417161458421918e-13,0.09273043337736013,1.3024524981681368e-13,7.223843688951401,0.026999907349715854,True,True,True,343,4.115024089813232,t5_lam0.75_D0.00_n1600,t5,0.75,0.0,1600
True,5,5,0.09490076667083835,0.04503077757356451,0.021310472229756638,0.024720912681882586,,0.11133081794013898,18.916159623975517,0.041340595738950665,,True,1.0,1.0,9.124946888000006e-07,9.572479564896012e-07,True,0.0016866966022034615,2.9961274782924496e-11,0.07500382848903593,2.464321316372979e-11,11.086106813195624,0.003914555840813176,True,True,True,344,4.121914863586426,t5_lam0.75_D0.00_n1600,t5,0.75,0.0,1600
True,5,5,0.0723687163757677,0.026186155549381536,0.0013128011505808244,0.019837782522010485,,0.08239302116391203,11.680138090459273,0.3070338726674398,,False,1.0,0.997289972899729,9.007306553269055e-07,8.183076349816921e-07,True,0.0014093212395930844,1.1346074572848052e-09,0.062120151577146315,9.3741886256949e-10,10.3712092434519,0.005596551795337909,True,True,True,345,4.207383155822754,t5_lam0.75_D0.00_n1600,t5,0.75,0.0,1600
True,5,5,0.0846341773909331,0.03581471991319965,0.012559843706424365,0.021750178042419084,,0.09832161811762219,16.303023219074348,0.0912803806813127,,False,1.0,1.0,9.586309563017043e-07,8.892936439087889e-07,True,0.0020457726453712737,2.760338350318224e-13,0.09079210126144216,2.464816992922337e-13,7.945504030054787,0.018821564567819343,True,True,True,346,4.093816757202148,t5_lam0.75_D0.00_n1600,t5,0.75,0.0,1600
True,5,5,0.06828167657684116,0.023311936780721687,0.0010407493935198388,0.016817219119505362,,0.07576623688355635,12.856717104630253,0.23179364685541332,,False,1.0,1.0,9.905066159904327e-07,6.693423217008342e-07,True,0.001582757779622829,1.1675482952932805e-10,0.06945045126151163,1.2151898132150113e-10,6.373225876009186,0.04131155905100883,True,True,True,347,4.157077789306641,t5_lam0.75_D0.00_n1600,t5,0.75,0.0,1600
True,5,5,0.07470395219822105,0.027903402370170485,0.002351027041644624,0.020637426747442157,,0.0852016118135334,12.01038037753547,0.2843623809190555,,False,1.0,0.997289972899729,7.744365712713084e-07,9.393727471473756e-07,True,0.0022785303515559957,1.3330283371903508e-14,0.10142798104468882,9.76493941600865e-15,13.586965711315873,0.0011210574854954069,True,True,True,348,4.416048765182495,t5_lam0.75_D0.00_n1600,t5,0.75,0.0,1600
True,5,5,0.04739509932014521,0.011231477197832145,-0.014397896839612572,0.016571587020341973,,0.05071476742555142,4.4005434834638475,0.9274742986618773,,False,1.0,1.0,9.920966804341512e-07,9.892016507128632e-07,True,0.0021154006617662953,1.1143206939591165e-13,0.09550135964717762,5.726062235748291e-14,23.50829565224285,7.856669051659697e-06,True,True,True,349,4.390285015106201,t5_lam0.75_D0.00_n1600,t5,0.75,0.0,1600
True,5,5,0.05713911516811685,0.016324392410976607,-0.006027948247709733,0.015475394218372532,,0.062332672108428286,8.252967202141322,0.6041424436281976,,False,1.0,1.0,8.605942238489782e-07,9.128988047289441e-07,True,0.002262515613672526,1.6418120498166386e-14,0.10165407195125942,9.926056370571273e-15,25.136141706728086,3.481418078482828e-06,True,True,True,350,4.193279981613159,t5_lam0.75_D0.00_n1600,t5,0.75,0.0,1600
True,5,5,0.07855634235426404,0.030855494620401692,0.007117908081341037,0.019763315660406042,,0.08902322115711915,16.10976419189683,0.09653309110065297,,False,1.0,1.0,8.982206375660791e-07,9.642154759938336e-07,True,0.0014496098692866788,6.686612094602386e-10,0.06516138954426606,5.16555319141064e-10,18.42331459812272,9.986839396827649e-05,True,True,True,351,4.275518894195557,t5_lam0.75_D0.00_n1600,t5,0.75,0.0,1600
True,5,5,0.041562959164049326,0.00863739787236216,-0.01272429483800391,0.013135952532607138,,0.042148367296295876,4.302291978033493,0.9326814062210081,,False,1.0,0.997289972899729,8.426491971673673e-07,9.061848417691147e-07,True,0.001922962956089994,1.368910537534699e-12,0.08700824486523269,7.71259330722755e-13,15.107474210443286,0.0005241476674559485,True,True,True,352,4.413232088088989,t5_lam0.75_D0.00_n1600,t5,0.75,0.0,1600
True,5,5,0.07366655148160771,0.027133804035961794,0.005013184314162419,0.019691394657787537,,0.08649005288096093,13.317585649955962,0.2064532799511157,,False,1.0,1.0,9.907583044979186e-07,8.71352539452422e-07,True,0.002072820662324949,1.940438101975536e-13,0.09336920473287966,9.90527804343629e-14,24.942707143516806,3.834952259864959e-06,True,True,True,353,4.315057039260864,t5_lam0.75_D0.00_n1600,t5,0.75,0.0,1600
True,5,5,0.06991705538175824,0.02444197316627925,0.0016268427845696314,0.020143243499681673,,0.08337809054372461,8.914457259126323,0.5402407366903593,,False,1.0,1.0,8.778143376314923e-07,8.888365978197108e-07,True,0.0019562151574402825,8.87175168237824e-13,0.08745223213403251,6.643692339369138e-13,24.350411503324025,5.156741079890931e-06,True,True,True,354,4.308222055435181,t5_lam0.75_D0.00_n1600,t5,0.75,0.0,1600
True,5,5,0.04542188061149652,0.010315736191425218,-0.009784811346125046,0.012977968861445515,,0.048087519807299015,5.151855940769702,0.8808056380722067,,False,0.997289972899729,1.0,8.933164145332296e-07,7.983148216693368e-07,True,0.001300847441084608,4.719706557751152e-09,0.057260142805116446,4.583333948932856e-09,0.9466867726525847,0.6229161335654414,True,True,False,355,4.255756855010986,t5_lam0.75_D0.00_n1600,t5,0.75,0.0,1600
True,5,5,0.05852064374838946,0.017123328723629573,-0.003170108680633537,0.015194081033909793,,0.06606350068863677,9.071111603926962,0.525368406593111,,False,1.0,1.0,8.237849895152486e-07,8.014179168466632e-07,True,0.0020529720493396427,2.513148662646084e-13,0.09327073594318697,1.4086983654887426e-13,21.54974513159293,2.0918584872020283e-05,True,True,True,356,4.317742824554443,t5_lam0.75_D0.00_n1600,t5,0.75,0.0,1600
True,5,5,0.07116157674711736,0.025319850025679373,0.0021808194880465065,0.019631429735158443,,0.0830320996845977,9.849621776975628,0.45378419204147347,,False,0.997289972899729,1.0,9.126201430591459e-07,9.333952402960282e-07,True,0.001487743860842962,4.0549124865595667e-10,0.06623178060232902,3.097539441959542e-10,3.826280033245797,0.14761614097096012,True,True,False,357,4.352829933166504,t5_lam0.75_D0.00_n1600,t5,0.75,0.0,1600
True,5,5,0.0609642702484436,0.018583211234626328,-0.0054795181204465755,0.018488424239388634,,0.07061336069941627,6.964494191562908,0.7287926152805312,,False,1.0,1.0,9.66861028120133e-07,9.945493262030496e-07,True,0.0017756162298736596,9.370974158170757e-12,0.07904838893904051,7.435826456553558e-12,7.281618162072695,0.026231112282260084,True,True,True,358,4.604549884796143,t5_lam0.75_D0.00_n1600,t5,0.75,0.0,1600
True,5,5,0.061604451344012726,0.018975542126984157,-0.0025386181505252584,0.0156041706542485,,0.06801170273663953,10.63926608010114,0.3863040423955686,,False,1.0,1.0,8.001879291273044e-07,9.881397639434184e-07,True,0.0017357097285826484,1.578563015097193e-11,0.07745584825851823,1.2496774929007796e-11,19.75843906615094,5.1228244221106125e-05,True,True,True,359,4.59445595741272,t5_lam0.75_D0.00_n1600,t5,0.75,0.0,1600
True,5,5,0.0773528611272254,0.029917325622839098,0.00721534518581813,0.019606030813537415,,0.08884187760238689,14.839725207893249,0.13801536429111144,,False,0.997289972899729,1.0,9.912921366904439e-07,7.543393218353968e-07,True,0.0014330154301432497,8.313312237324301e-10,0.06470250257042115,6.081219043135659e-10,12.925819171458864,0.001560249420243489,True,True,True,360,5.000187873840332,t5_lam0.75_D0.00_n1600,t5,0.75,0.0,1600
True,5,5,0.05605042822665208,0.01570825252195538,-0.0065142245776606475,0.015588311226911282,,0.06184863083686287,7.401480772279181,0.687076417605003,,False,1.0,1.0,9.60753502990764e-07,9.98566926986836e-07,True,0.001688198737514872,2.9378441441746815e-11,0.0760031254998043,1.971402376151603e-11,25.48137761304376,2.9294706800692877e-06,True,True,True,361,5.210459232330322,t5_lam0.75_D0.00_n1600,t5,0.75,0.0,1600
True,5,5,0.06637711190571603,0.02202960492471974,-0.0016862562122579826,0.019344077372765844,,0.07762978760033525,8.856613143969307,0.545763544857755,,False,1.0,1.0,7.334960861814092e-07,9.66998121977681e-07,True,0.0014926285774649044,3.803342941522158e-10,0.06735270015304226,2.47173677047922e-10,6.960133562983198,0.030805353736585425,True,True,True,362,4.721230983734131,t5_lam0.75_D0.00_n1600,t5,0.75,0.0,1600
True,5,5,0.06141828386756272,0.018861027966182577,-0.0039487043618299696,0.016919890960853383,,0.06911156148250905,9.068247352599979,0.5256391524246224,,False,0.994579945799458,1.0,9.388425869807728e-07,9.132524634945317e-07,True,0.0023666536617196134,4.23749584379346e-15,0.10596273316681182,2.5552349069286705e-15,9.437975682539559,0.008924206692425453,True,True,True,363,4.581121921539307,t5_lam0.75_D0.00_n1600,t5,0.75,0.0,1600
True,5,5,0.08872193064350622,0.03935790488555564,0.016238016403951356,0.02587424908505786,,0.10844110738659447,12.319636252485402,0.26423383909853676,,False,1.0,1.0,9.74088618200086e-07,9.975577572505987e-07,True,0.0017503411688902187,1.3038093597708342e-11,0.07730912334521527,1.3273208238916615e-11,17.420887726814335,0.00016485506510055184,True,True,True,364,4.522936105728149,t5_lam0.75_D0.00_n1600,t5,0.75,0.0,1600
True,5,5,0.04005020042395916,0.008020092769996493,-0.016822349197217284,0.014627747470664169,,0.03804774443783729,3.606382085987464,0.9633621710381688,,False,1.0,1.0,7.791540869426289e-07,9.203066393652645e-07,True,0.0022824121893680834,1.2673841730366715e-14,0.10160320372156657,9.443005090851216e-15,20.597216150395866,3.3679942521498844e-05,True,True,True,365,4.495131015777588,t5_lam0.75_D0.00_n1600,t5,0.75,0.0,1600
True,5,5,0.07427388487695556,0.027583049873576244,0.0036126562408039242,0.020326020479532674,,0.08607669225528261,11.211993170218456,0.341242147825829,,False,1.0,1.0,9.182480175257496e-07,8.088531996315305e-07,True,0.002063426707476933,2.193085700148444e-13,0.09176121237767638,1.7309088634455077e-13,11.934049566789948,0.002561852156658438,True,True,True,366,4.4490461349487305,t5_lam0.75_D0.00_n1600,t5,0.75,0.0,1600
True,5,5,0.03708280963240396,0.006875673851165559,-0.01578753681188977,0.01388539577756774,,0.0375550443868708,2.608341580431657,0.9892011107730094,,False,1.0,1.0,9.014185763442772e-07,9.027552092171966e-07,True,0.0015625693807684571,1.520909385343319e-10,0.06969525443882295,8.931246617835785e-11,11.746842659889062,0.0028132318556921584,True,True,True,367,4.415311098098755,t5_lam0.75_D0.00_n1600,t5,0.75,0.0,1600
True,5,5,0.06234791667867339,0.019436313570854,-0.004656541273957655,0.017701770849507855,,0.06994323514296315,8.709498460846769,0.5598772650970506,,False,1.0,1.0,9.584013643662948e-07,9.97479069639565e-07,True,0.0019932298006716427,5.475154234220964e-13,0.08867053035378453,4.231760940418929e-13,8.510841090448023,0.014187123163957585,True,True,True,368,4.717720031738281,t5_lam0.75_D0.00_n1600,t5,0.75,0.0,1600
True,5,5,0.07131444102399097,0.025428747492821424,0.003407033698998578,0.018915434412688486,,0.08309049837144067,10.873069476528428,0.367492268716104,,False,1.0,1.0,8.554246558624779e-07,9.503776390195253e-07,True,0.0022926496835414417,1.1093601193701144e-14,0.10211004054866962,9.977496655993612e-15,7.912668759792997,0.019133120656575433,True,True,True,369,4.693811893463135,t5_lam0.75_D0.00_n1600,t5,0.75,0.0,1600
True,5,5,0.06624461943516792,0.021941748020551134,-0.002944288514906534,0.018912411958810074,,0.07505179663398154,10.654884403160306,0.3850299193411641,,False,1.0,1.0,9.493843706937813e-07,9.343412674803993e-07,True,0.0018254138667071955,4.890004886583871e-12,0.0803448020291861,4.016561266526921e-12,18.37745585852415,0.00010218476832047321,True,True,True,370,4.7764670848846436,t5_lam0.75_D0.00_n1600,t5,0.75,0.0,1600
True,5,5,0.06264743240254941,0.019623503933159994,-0.003320709509888803,0.01818867245097742,,0.07293420917585071,7.8634932986750234,0.6421687647675389,,False,1.0,1.0,9.967551254069514e-07,7.390498800149191e-07,True,0.0011886544943679525,2.0680880546135484e-08,0.05196325382668557,2.249088628947795e-08,11.42945338344547,0.0032970515099932313,True,True,True,371,4.629519701004028,t5_lam0.75_D0.00_n1600,t5,0.75,0.0,1600
True,5,5,0.07053078893391551,0.024872960938202696,0.0018733392262566852,0.018561487908010217,,0.08050375138260724,11.286511613719263,0.3356361619616536,,False,1.0,1.0,9.944745067197167e-07,9.371670491289344e-07,True,0.0015743623431075074,1.3032358038736896e-10,0.06994052154022591,1.1128920740897661e-10,10.487376499423952,0.0052807441710318705,True,True,True,372,4.405410051345825,t5_lam0.75_D0.00_n1600,t5,0.75,0.0,1600
True,5,5,0.04943637779402222,0.012219777246966466,-0.009690122953438882,0.015175393761023429,,0.055265140033835515,4.7922021267319455,0.9046197336696169,,False,1.0,1.0,9.407317548419561e-07,7.929766181802217e-07,True,0.0018004959721181451,6.7707503229499554e-12,0.08225275531452342,4.167107943139811e-12,6.174969833992469,0.04561653963205965,True,True,True,373,4.497630834579468,t5_lam0.75_D0.00_n1600,t5,0.75,0.0,1600
True,5,5,0.0518023536577574,0.013417419222416856,-0.007978011042772105,0.014947331789090138,,0.057633604544154345,6.3649279685383116,0.783728650774335,,False,1.0,1.0,8.890059590447983e-07,8.83736936842934e-07,True,0.0024882812540956154,8.721485947211517e-16,0.1109406594851562,5.781948785853616e-16,16.73136590353808,0.0002327180433003947,True,True,True,374,4.44028115272522,t5_lam0.75_D0.00_n1600,t5,0.75,0.0,1600
True,5,5,0.03870078491542723,0.007488753765350799,-0.015859493003366892,0.013660138339290043,,0.036357764201538,3.396159630757436,0.970507110181979,,False,1.0,1.0,8.861474415895362e-07,8.845880319453631e-07,True,0.002605275928010068,1.908407243159518e-16,0.11510303188068159,1.7719521633480356e-16,11.690908178370899,0.0028930207249554165,True,True,True,375,4.455998182296753,t5_lam0.75_D0.00_n1600,t5,0.75,0.0,1600
True,5,5,0.07734372907026997,0.029910262132476627,0.0055941825713350275,0.020564737619118686,,0.08879207828567566,13.07310159357667,0.21961330583799632,,False,1.0,1.0,9.880550564072676e-07,8.761041825840709e-07,True,0.0022144034508510494,3.070573419115653e-14,0.09949383385998609,1.731357231701751e-14,40.6244923970691,1.50835497796349e-09,True,True,True,376,4.521845102310181,t5_lam0.75_D0.00_n1600,t5,0.75,0.0,1600
True,5,5,0.041742239533461276,0.008712072806344288,-0.012175048695330405,0.012750980791551559,,0.04194865506030372,4.344484227484108,0.9304715934207158,,False,1.0,1.0,9.613725255969342e-07,7.336848298154244e-07,True,0.001624262688089843,6.781059846885166e-11,0.07245520402574016,5.313211867728671e-11,11.825548803442635,0.002704672620035847,True,True,True,377,4.600656747817993,t5_lam0.75_D0.00_n1600,t5,0.75,0.0,1600
True,5,5,0.04835703800422107,0.011692015622708406,-0.011746583521360838,0.015068192437338389,,0.05106542364613839,5.538929131722299,0.8524002463886134,,False,1.0,1.0,8.008080753134983e-07,8.00178923318378e-07,True,0.0015577265922087518,1.6205149689791677e-10,0.06858965613644114,1.4900811179631637e-10,8.494010573507692,0.014307015226148358,True,True,True,378,4.527553081512451,t5_lam0.75_D0.00_n1600,t5,0.75,0.0,1600
True,5,5,0.06576908735575492,0.021627864258044603,0.0011633851943070352,0.016954586576818673,,0.07622492823040239,9.853671447543759,0.4534237496313118,,False,1.0,1.0,9.842684856256227e-07,7.841673960884745e-07,True,0.001605499243039744,8.668857933608083e-11,0.07204233598513403,5.852506164281412e-11,6.030340145799995,0.049037494828822734,True,True,True,379,4.49612283706665,t5_lam0.75_D0.00_n1600,t5,0.75,0.0,1600
True,5,5,0.060609744097767135,0.018367705397984088,-0.003827335951584507,0.016871590904428288,,0.06917219317038578,7.663020027706469,0.6617145522057432,,False,1.0,1.0,8.18005191757988e-07,9.580457897392238e-07,True,0.0014046517571652515,1.2063428497189888e-09,0.06296366802795071,7.653989413281866e-10,3.401721045041913,0.18252638838516655,True,True,False,380,4.705143928527832,t5_lam0.75_D0.00_n1600,t5,0.75,0.0,1600
True,5,5,0.05070706717297794,0.012856033306424484,-0.01003836990030219,0.015124696381143108,,0.054478512826179194,5.947267320132754,0.819673976863484,,False,1.0,1.0,8.127158495164652e-07,8.967817261325767e-07,True,0.0024607578558607027,1.2470998637232786e-15,0.10997553284938764,8.692975121009479e-16,34.281040052950424,3.59721781488549e-08,True,True,True,381,4.6685631275177,t5_lam0.75_D0.00_n1600,t5,0.75,0.0,1600
True,5,5,0.057144355105862285,0.016327386602324443,-0.006489492173939484,0.016018098091563633,,0.06302052771729764,8.167035211845745,0.612525058555507,,False,1.0,1.0,8.8397717033552e-07,9.300647683286325e-07,True,0.002105625749492801,1.2656192768850203e-13,0.09141127512465615,1.5590286142891597e-13,8.34674304391659,0.015400250215138276,True,True,True,382,4.827976942062378,t5_lam0.75_D0.00_n1600,t5,0.75,0.0,1600
True,5,5,0.06551267902389657,0.021459555564440486,-0.002193653380125657,0.02022546946849127,,0.07883436234525966,7.67809169068419,0.6602474276606116,,False,1.0,1.0,9.12114199973077e-07,9.79755077280954e-07,True,0.0019313378604423187,1.2272353688671324e-12,0.0869201523155946,6.471217176642878e-13,8.662365535769418,0.013151982544461545,True,True,True,383,4.706700086593628,t5_lam0.75_D0.00_n1600,t5,0.75,0.0,1600
True,5,5,0.06278955804788515,0.019712642999243694,-0.0031250422611506234,0.017088393129272173,,0.07068643880732049,8.985854776116694,0.5334465374164732,,False,1.0,1.0,8.22299131579658e-07,9.908535196824379e-07,True,0.0022108001294222765,3.218004238841997e-14,0.0969624412135424,3.841488571483807e-14,7.773807413835938,0.020508748927745422,True,True,True,384,4.7540202140808105,t5_lam0.75_D0.00_n1600,t5,0.75,0.0,1600
True,5,5,0.08690299437779514,0.037760652159135474,0.013846124014196097,0.021823147940798687,,0.09974167439552774,17.24196541429265,0.06917844710426965,,False,1.0,1.0,8.30767215788161e-07,9.68775871917397e-07,True,0.0016111021257970647,8.055797818654235e-11,0.07255630322472752,4.7203017898718784e-11,27.48642703128263,1.0749746095989344e-06,True,True,True,385,4.769834041595459,t5_lam0.75_D0.00_n1600,t5,0.75,0.0,1600
True,5,5,0.06051575849427153,0.018310785130684987,-0.005118251668659108,0.016279656259615943,,0.06581701903838158,9.706929038601274,0.466570696045588,,False,1.0,1.0,8.695790820707158e-07,8.008979642142238e-07,True,0.0019910008231081022,5.636598211603913e-13,0.08787229924753455,4.816395819746924e-13,18.38163790503872,0.0001019713208329779,True,True,True,386,4.921421766281128,t5_lam0.75_D0.00_n1600,t5,0.75,0.0,1600
True,5,5,0.04959563789736764,0.012298636492234047,-0.009298545023017184,0.014531331400105419,,0.05404325699822324,6.299506807534537,0.7895036292942259,,False,1.0,1.0,8.337499919324765e-07,9.876059228113855e-07,True,0.0017152030026682333,2.0638626042300066e-11,0.07687144762347084,1.338954680086116e-11,11.564070519597902,0.0030824354627640395,True,True,True,387,4.877701044082642,t5_lam0.75_D0.00_n1600,t5,0.75,0.0,1600
True,5,5,0.07106821914666926,0.02525345886339504,0.003966307360914887,0.018529005038648173,,0.08299856444847398,11.257085053072586,0.3378426981449279,,False,1.0,1.0,9.005958188740825e-07,9.957997416220083e-07,True,0.0023887994673986684,3.1773956178561596e-15,0.10596976911148014,2.3230176087469738e-15,10.270593673225779,0.005885304272117107,True,True,True,388,4.614175081253052,t5_lam0.75_D0.00_n1600,t5,0.75,0.0,1600
True,5,5,0.06880479344175376,0.02367049800281201,0.0035142349818660067,0.016442854980263766,,0.0781796963841507,12.95668558915375,0.22610366952358718,,False,1.0,1.0,9.65054883170835e-07,9.341330643802239e-07,True,0.002080448120635327,1.7568823614825756e-13,0.09299540549470067,1.1310194108452095e-13,25.17730814482786,3.4104917378613027e-06,True,True,True,389,4.496983051300049,t5_lam0.75_D0.00_n1600,t5,0.75,0.0,1600
True,5,5,0.06799661590149687,0.023117698870278487,0.0011221237346450003,0.017513652271760875,,0.07736862179852728,10.965343774743733,0.36022442031597823,,False,1.0,0.994579945799458,8.884430561255487e-07,8.347260303706866e-07,True,0.0018208462934728173,5.190540739537527e-12,0.08239772098729667,2.4206732188936294e-12,18.143539249841535,0.00011486309409525446,True,True,True,390,4.6224939823150635,t5_lam0.75_D0.00_n1600,t5,0.75,0.0,1600
True,5,5,0.08059921564042039,0.03248116780925493,0.009159576555408108,0.021492329215832662,,0.09435180148540413,12.82249742617682,0.2337662358674124,,False,0.997289972899729,0.997289972899729,7.14019445193075e-07,7.61992343063582e-07,True,0.001922168851792008,1.38316559462771e-12,0.08573259515084644,7.949036012762733e-13,21.979518583503953,1.6873616803722724e-05,True,True,True,391,4.585983991622925,t5_lam0.75_D0.00_n1600,t5,0.75,0.0,1600
True,5,5,0.1009297712719848,0.05093409364507584,0.02645471944969419,0.024921259771633515,,0.1161434836512711,23.099884343975006,0.01038383282990283,,True,1.0,1.0,9.477504248665841e-07,9.80463507119617e-07,True,0.002060215103143155,2.286806580674486e-13,0.09092319438166062,1.8764770581294516e-13,36.30448112174401,1.3079227387812532e-08,True,True,True,392,4.428379774093628,t5_lam0.75_D0.00_n1600,t5,0.75,0.0,1600
True,5,5,0.0640422379183503,0.020507041187952928,-0.0017263890831364925,0.0162588153214892,,0.07073469059570302,11.533193280669858,0.3175115575302654,,False,1.0,0.997289972899729,9.97587324506364e-07,6.725988440641608e-07,True,0.001897843226754493,1.899812070889609e-12,0.08534368354453518,1.311238974183533e-12,11.855197940253605,0.0026648727525859857,True,True,True,393,4.336308002471924,t5_lam0.75_D0.00_n1600,t5,0.75,0.0,1600
True,5,5,0.07990424405321941,0.031923441088582256,0.010783553591439114,0.020672307538791675,,0.09464298560810185,13.100990634647372,0.2180800199457935,,False,1.0,1.0,9.276169145440786e-07,7.746714884122178e-07,True,0.0013815332362297928,1.6342628648885214e-09,0.062011783037076385,1.1232520708333813e-09,8.281231680731706,0.015913048588641194,True,True,True,394,4.451102256774902,t5_lam0.75_D0.00_n1600,t5,0.75,0.0,1600
True,5,5,0.06848745602726002,0.023452658165429373,0.0024390464371260093,0.016368416686953484,,0.07663249440298084,12.961392965099144,0.2258383988323402,,False,0.997289972899729,1.0,9.500280432897179e-07,8.511797229173513e-07,True,0.001976179351485896,6.838236946028422e-13,0.0869538463327375,7.384880802224978e-13,6.034924263824896,0.0489252267085811,True,True,True,395,4.406829118728638,t5_lam0.75_D0.00_n1600,t5,0.75,0.0,1600
True,5,5,0.07555499821444558,0.028542788775924376,0.006237384206469004,0.019219452143910597,,0.08700640180285654,12.727066496113823,0.23933469429234452,,False,1.0,1.0,7.356461098684782e-07,8.447906265048876e-07,True,0.0018127624651739901,5.768462068013366e-12,0.08071833849690535,5.550062046562359e-12,19.669334289863496,5.35621902315251e-05,True,True,True,396,4.2604711055755615,t5_lam0.75_D0.00_n1600,t5,0.75,0.0,1600
True,5,5,0.04657407620734167,0.010845722872836347,-0.012249178612739074,0.01486839940490082,,0.0494108532113647,5.298619074993471,0.8703583307448808,,False,1.0,1.0,8.966433720290242e-07,9.606928754466613e-07,True,0.0018722423520543376,2.6534289721340116e-12,0.08454765572347558,1.7045624826220244e-12,10.444545262902329,0.005395054213661009,True,True,True,397,4.316975116729736,t5_lam0.75_D0.00_n1600,t5,0.75,0.0,1600
True,5,5,0.0747362030608977,0.027927500239798675,0.0069345692930814495,0.01755958674260263,,0.08463748488042443,14.91914570306059,0.13503758251846956,,False,1.0,1.0,9.413829373029042e-07,9.61147593303441e-07,True,0.0019003270729799097,1.8392254183705644e-12,0.08268684111823975,2.428673832740805e-12,29.45873787587348,4.0097412498778743e-07,True,True,True,398,4.406268835067749,t5_lam0.75_D0.00_n1600,t5,0.75,0.0,1600
True,5,5,0.07222099522474447,0.026079360756262823,0.004181985088263812,0.01946446146110992,,0.08508604482431606,10.698072359011936,0.38151961273797824,,False,1.0,1.0,8.645168926689127e-07,9.253694496934847e-07,True,0.0011194880036777357,5.151575028164882e-08,0.04994401881969572,4.0973854040559835e-08,10.649381299473804,0.00486985727286561,True,True,True,399,4.47499680519104,t5_lam0.75_D0.00_n1600,t5,0.75,0.0,1600
True,5,5,0.09680171416352025,0.04685285932497938,0.02270691147856081,0.025529692186354248,,0.11375369731682593,18.73237786392547,0.04379654417118721,,True,1.0,1.0,8.268198661073323e-07,9.941964705525048e-07,True,0.00223868338291255,2.238695589449504e-14,0.0989581275622902,1.6601354872361232e-14,29.507426055924803,3.913306320719985e-07,True,True,True,400,4.240623950958252,t5_lam0.75_D0.00_n1600,t5,0.75,0.0,1600
True,5,5,0.0753043589194336,0.028353732361334393,0.006605092167089807,0.01922985083907109,,0.08744756379164796,12.348852968968298,0.26238723711137774,,False,1.0,1.0,9.731246563648829e-07,9.880709968626242e-07,True,0.001952189887747885,9.349933743934021e-13,0.08739666307355978,5.706988675889108e-13,11.445929866613044,0.0032700011797065147,True,True,True,401,4.29250693321228,t5_lam0.75_D0.00_n1600,t5,0.75,0.0,1600
True,5,5,0.052922082441654014,0.01400373404980612,-0.008438500982416603,0.015463918454850366,,0.058305027870546165,6.53627792178691,0.7683771806715182,,False,0.997289972899729,1.0,9.753316513174365e-07,9.416067278315155e-07,True,0.002061704416149769,2.242857327961629e-13,0.09091877062657248,2.0174662501528883e-13,6.64344520677303,0.03609060837212563,True,True,True,402,4.248966932296753,t5_lam0.75_D0.00_n1600,t5,0.75,0.0,1600
True,5,5,0.07844820014428677,0.03077060052939038,0.009367979271010046,0.019181410003383036,,0.09046390560341498,14.725248870842902,0.14240447359642747,,False,1.0,1.0,9.90921006478119e-07,8.434858322477898e-07,True,0.0012412743931550496,1.033805724705968e-08,0.05533131419697741,9.98010280294174e-09,2.3762566981750863,0.304791193261056,True,True,False,403,4.241529941558838,t5_lam0.75_D0.00_n1600,t5,0.75,0.0,1600
True,5,5,0.0669044333991837,0.022381016042329033,-0.001220635883467356,0.019592817901611378,,0.078748564055731,9.08126347929312,0.5244091611718698,,False,1.0,1.0,8.573634322229329e-07,8.853093743581142e-07,True,0.0016837174325330148,3.1151663570470067e-11,0.07503153958937489,2.6392284666840962e-11,10.938420616409957,0.0042145590469146845,True,True,True,404,4.390162944793701,t5_lam0.75_D0.00_n1600,t5,0.75,0.0,1600
True,5,5,0.05692117859948375,0.016200102865771636,-0.006294003272596632,0.01582866085351249,,0.06283601983271724,7.523946288774402,0.675226566656724,,False,0.997289972899729,1.0,9.962904064395824e-07,9.763675282668296e-07,True,0.0017566906631992783,1.1999928316150633e-11,0.07890449474461893,8.533923796847626e-12,12.933438410267826,0.0015543167715182933,True,True,True,405,4.408581972122192,t5_lam0.75_D0.00_n1600,t5,0.75,0.0,1600
True,5,5,0.06224459906113177,0.01937195056140523,-0.0026715169952982454,0.01661568157828884,,0.07022655781543179,9.70653984824157,0.46660579570032745,,False,1.0,1.0,9.619882062637039e-07,9.683060727822547e-07,True,0.002628151929447694,1.4180285719261952e-16,0.11738864296159585,1.148767119908413e-16,13.097623226948265,0.0014318161386648253,True,True,True,406,4.428757905960083,t5_lam0.75_D0.00_n1600,t5,0.75,0.0,1600
True,5,5,0.07269602466885337,0.026423560013272687,-0.0007857775726158277,0.02193025425451391,,0.08400747666474613,10.299367004078853,0.4146330689657303,,False,1.0,1.0,9.266509960177857e-07,9.922291400157322e-07,True,0.002967355061100595,1.740772490466011e-18,0.13168310376733547,9.686151175946772e-19,27.856082816441337,8.935697798264763e-07,True,True,True,407,4.516855239868164,t5_lam0.75_D0.00_n1600,t5,0.75,0.0,1600
True,5,5,0.08324331869725098,0.03464725053866047,0.01192836931859962,0.022751323492401245,,0.09934884627716825,13.566409445507503,0.1937031574446749,,False,1.0,1.0,9.07856917476025e-07,8.390309287173859e-07,True,0.0014070237767045395,1.1693523097958535e-09,0.06319599803992966,8.220699009115658e-10,3.7382118782823777,0.15426151936591415,True,True,False,408,4.344387054443359,t5_lam0.75_D0.00_n1600,t5,0.75,0.0,1600
True,5,5,0.0644356275036732,0.02075975045896063,-0.0028493220311860377,0.018257901088025177,,0.07373228979758245,8.343392399398098,0.5953334922770032,,False,0.997289972899729,1.0,9.598118903494373e-07,9.169435225740398e-07,True,0.0018616753664814428,3.0458460621812864e-12,0.08278192007045165,2.205465186484973e-12,20.329274012981006,3.850829033439589e-05,True,True,True,409,4.348583221435547,t5_lam0.75_D0.00_n1600,t5,0.75,0.0,1600
True,5,5,0.072721051877202,0.026441756930633525,0.003029213544167207,0.01915157396425794,,0.08310324836142839,11.673356765232988,0.3075121363545444,,False,1.0,1.0,9.422112404602544e-07,9.467242438721874e-07,True,0.0015407943356840982,2.022981500949576e-10,0.06992378503854559,1.0785909934452502e-10,0.31450157411421664,0.8544897369777708,True,True,False,410,4.413928985595703,t5_lam0.75_D0.00_n1600,t5,0.75,0.0,1600
True,5,5,0.08286003714790528,0.034328928780761214,0.010642865779342765,0.02030279690942546,,0.09384880916993073,17.107989649264134,0.07200833687661329,,False,1.0,1.0,8.942229846258637e-07,8.280917345443809e-07,True,0.0022808894316769935,1.2927403053657859e-14,0.10243611342485841,8.944243963018596e-15,18.84398366609894,8.09246702395914e-05,True,True,True,411,4.420685052871704,t5_lam0.75_D0.00_n1600,t5,0.75,0.0,1600
True,5,5,0.055056246220951476,0.01515595123971017,-0.007743029564473244,0.016122993381707133,,0.061281211764687406,6.5154376816606465,0.7702609133393807,,False,1.0,1.0,8.226178769100465e-07,9.439724244964066e-07,True,0.001699381944174509,2.5381500817397322e-11,0.07579397293364551,1.73862230214665e-11,18.92566113636706,7.76863829013878e-05,True,True,True,412,4.303905963897705,t5_lam0.75_D0.00_n1600,t5,0.75,0.0,1600
True,5,5,0.06912565284852497,0.023891779408673937,-0.0004493212516150785,0.020151055173041398,,0.08086558592709421,9.281398290953767,0.5056224002223861,,False,1.0,0.997289972899729,9.856080953396924e-07,9.222932019540762e-07,True,0.002001900083818631,4.889974049007991e-13,0.09033004396440021,2.7209483982207927e-13,10.238754073267732,0.0059797468981830516,True,True,True,413,4.3746068477630615,t5_lam0.75_D0.00_n1600,t5,0.75,0.0,1600
True,5,5,0.06477830041801719,0.02098114102523443,-0.0013619051207541463,0.017235386000264752,,0.07346806388314579,10.005137815450754,0.44004264143886124,,False,0.997289972899729,1.0,9.67762347779711e-07,8.136368406713795e-07,True,0.0022095869678419294,3.269218190963153e-14,0.09825479794284642,2.897560552623015e-14,9.154682649151338,0.010282197012957035,True,True,True,414,4.2362751960754395,t5_lam0.75_D0.00_n1600,t5,0.75,0.0,1600
True,5,5,0.05122734162098151,0.013121202647763725,-0.00992116144381717,0.01610897924235721,,0.057577341879354,5.004262752388585,0.8908930810191301,,False,1.0,1.0,8.916245384851546e-07,8.849118441614098e-07,True,0.001773061085585692,9.689084114772992e-12,0.07910141698556339,6.554254072196301e-12,8.666732618111666,0.013123295979639252,True,True,True,415,4.343216896057129,t5_lam0.75_D0.00_n1600,t5,0.75,0.0,1600
True,5,5,0.04250467786238086,0.009033238200923848,-0.013372006378735217,0.013575080575339103,,0.04232496696223113,4.293118177420528,0.9331566316456503,,False,1.0,1.0,9.206579082053893e-07,8.684368156292557e-07,True,0.0015974906025202514,9.627119758516523e-11,0.0705417792786907,8.452821218367648e-11,6.86552901943641,0.03229753040525588,True,True,True,416,4.73734188079834,t5_lam0.75_D0.00_n1600,t5,0.75,0.0,1600
True,5,5,0.0788082920473071,0.03105373447706824,0.008716871276958523,0.020486819040736164,,0.09210286627549859,12.669176107270811,0.24276112297969588,,False,1.0,1.0,9.097615283601466e-07,7.965215163490542e-07,True,0.0017698853149231283,1.009956635275859e-11,0.07877771597510247,7.872126476393387e-12,18.561153511097963,9.321734433712663e-05,True,True,True,417,4.499490261077881,t5_lam0.75_D0.00_n1600,t5,0.75,0.0,1600
True,5,5,0.07247210701598453,0.02626103147668157,0.0027780671634260318,0.01869506019200687,,0.08188858861443958,14.430186576918107,0.15425806575189407,,False,1.0,1.0,9.576943038498395e-07,8.534765607980642e-07,True,0.0023792613095825663,3.596854092949912e-15,0.10599910209020283,2.9305702502187675e-15,26.32791446508852,1.9185185994011634e-06,True,True,True,418,4.788830995559692,t5_lam0.75_D0.00_n1600,t5,0.75,0.0,1600
True,5,5,0.08669920844040371,0.03758376372096285,0.015945737075654026,0.020930079076530488,,0.10037196177924024,17.688097904126288,0.06045849992591606,,False,1.0,1.0,9.802585674957213e-07,7.263891249458211e-07,True,0.001977217487898656,6.746294706452583e-13,0.08756164060792059,6.661441752351502e-13,17.39557787410524,0.00016695455020445285,True,True,True,419,4.775497198104858,t5_lam0.75_D0.00_n1600,t5,0.75,0.0,1600
True,5,5,0.07532212180557174,0.02836711016646693,0.006140122964444238,0.019490392357618572,,0.08740591001137211,11.883831671183984,0.2929064752994005,,False,1.0,1.0,8.305749755609667e-07,9.329913697761121e-07,True,0.0018505256808169642,3.52304597197526e-12,0.08352126524571764,2.1254145400621606e-12,16.585554072136553,0.00025031835353446876,True,True,True,420,5.31219482421875,t5_lam0.75_D0.00_n1600,t5,0.75,0.0,1600
True,5,5,0.04864165044033571,0.011830050787799053,-0.0117249189400845,0.015210514353858083,,0.05156384540093261,5.312183776025279,0.869372349928804,,False,1.0,1.0,7.544535105837749e-07,9.855662004184173e-07,True,0.0013912680485632708,1.4381208441064313e-09,0.062324452919351396,1.1150862645368332e-09,5.634154446717119,0.059780412409760786,True,True,False,421,5.26971173286438,t5_lam0.75_D0.00_n1600,t5,0.75,0.0,1600
True,5,5,0.08007894240604693,0.03206318508435491,0.0072972357408274575,0.021511277969378833,,0.09239062650412273,12.871392837382198,0.23095156148149187,,False,1.0,1.0,8.930328109595588e-07,9.478470218271669e-07,True,0.0012833831450934493,5.9388246455309224e-09,0.056031392432467325,6.000180615409881e-09,7.642243359896138,0.02190321870894282,True,True,True,422,5.313522815704346,t5_lam0.75_D0.00_n1600,t5,0.75,0.0,1600
True,5,5,0.05735519384009232,0.01644809130217282,-0.005537621503600928,0.015703014672226876,,0.06370484931947273,8.699833349449698,0.5608076438866931,,False,1.0,1.0,9.782625161574808e-07,8.434606585076003e-07,True,0.002000634389671155,4.971328827976256e-13,0.08891155190616974,4.2468105976501573e-13,23.876287515394974,6.536270875159442e-06,True,True,True,423,5.228928804397583,t5_lam0.75_D0.00_n1600,t5,0.75,0.0,1600
True,5,5,0.06368186284914572,0.020276898279687032,-0.003026127808632685,0.018032057872720008,,0.0729848860856954,8.410732621640236,0.5887838179944691,,False,1.0,1.0,8.11224002096819e-07,7.576345336378318e-07,True,0.0015928323034533284,1.0232555775026075e-10,0.07112060381454946,7.673303878612413e-11,11.95932728133619,0.0025296770296201238,True,True,True,424,5.27453088760376,t5_lam0.75_D0.00_n1600,t5,0.75,0.0,1600
True,5,5,0.06282168321210678,0.01973281940801149,-0.002425470654764259,0.017086771280787682,,0.07166556643092917,9.225391336844877,0.5108551932838731,,False,1.0,1.0,6.408949774751924e-07,7.756467398492494e-07,True,0.0014308582243703146,8.552032752333505e-10,0.06400635017769765,5.468085664422456e-10,11.040007361696413,0.004005833197199344,True,True,True,425,5.390390872955322,t5_lam0.75_D0.00_n1600,t5,0.75,0.0,1600
True,5,5,0.06149167902987916,0.018906132949568402,-0.003995880440563801,0.017446442990289836,,0.07028650594447916,7.788129421143334,0.6495233717616308,,False,1.0,1.0,7.297353357234867e-07,9.788710778995817e-07,True,0.0013736911894571802,1.8115861845703775e-09,0.06241681342343174,1.0486889992552255e-09,12.520579575539145,0.0019106920212186732,True,True,True,426,5.088651895523071,t5_lam0.75_D0.00_n1600,t5,0.75,0.0,1600
True,5,5,0.07631951804217182,0.029123344170946953,0.0076391729950913145,0.0186582350893159,,0.08755482699916184,13.981701600953665,0.17382789205838275,,False,1.0,1.0,8.518922473180686e-07,8.421280038679063e-07,True,0.0013566578467757297,2.2659553137429773e-09,0.0619141207137756,1.213257250802954e-09,2.465032198124314,0.2915580650410648,True,True,False,427,5.035737037658691,t5_lam0.75_D0.00_n1600,t5,0.75,0.0,1600
True,5,5,0.08589927264729415,0.03689342520667088,0.013053765444311471,0.023039989317504558,,0.10094669428775963,13.979466901994181,0.17393024817398153,,False,1.0,1.0,9.108521955592762e-07,9.77718840547455e-07,True,0.0012923305412189607,5.2792675768585195e-09,0.058149429092734156,3.6160038149562257e-09,5.418652928158477,0.06658163674001348,True,True,False,428,4.756669998168945,t5_lam0.75_D0.00_n1600,t5,0.75,0.0,1600
True,5,5,0.04909548627966039,0.012051833865181608,-0.009343644538988321,0.014623206841685579,,0.0542390823525247,5.277691664822705,0.8718728058254589,,False,1.0,1.0,9.907277680263934e-07,8.702628641131087e-07,True,0.0016429056119517233,5.3130458441172425e-11,0.07426987432627839,2.8676324570493924e-11,5.713734725247457,0.05744844381913329,True,True,False,429,4.910007953643799,t5_lam0.75_D0.00_n1600,t5,0.75,0.0,1600
True,5,5,0.05317824640355426,0.014139629452785657,-0.009366957883533835,0.016049807019362625,,0.05836544423567078,6.7181363891524235,0.7517596435145986,,False,1.0,1.0,8.472133109691591e-07,9.97093723759946e-07,True,0.0021435652032405616,7.721782756823941e-14,0.09514823151462028,7.318754659190017e-14,6.179971568375299,0.04550260125646472,True,True,True,430,5.173069000244141,t5_lam0.75_D0.00_n1600,t5,0.75,0.0,1600
True,5,5,0.053606664924983734,0.014368372621897408,-0.007636555595504949,0.015615696508410108,,0.0600815769495556,6.288735467441113,0.7904496435792455,,False,1.0,1.0,9.023226611774394e-07,9.087978942566526e-07,True,0.0024309781360992463,1.8364203317934286e-15,0.1051187044987052,2.7240005997979175e-15,10.293935970513758,0.0058170152917301175,True,True,True,431,4.957309007644653,t5_lam0.75_D0.00_n1600,t5,0.75,0.0,1600
True,5,5,0.062345226201576565,0.019434636150628744,-0.0032753656503056415,0.01716266965125843,,0.07064660469369599,9.628681404231976,0.4736514649009005,,False,1.0,1.0,8.651476052010286e-07,9.88736883402762e-07,True,0.0016635647579357183,4.054705717066284e-11,0.07417987344840808,3.31037807627646e-11,6.174102629093698,0.045636323364204014,True,True,True,432,4.9560558795928955,t5_lam0.75_D0.00_n1600,t5,0.75,0.0,1600
True,5,5,0.09197404380448808,0.042296123668749463,0.018445001674069785,0.02421543748273979,,0.1079591143403566,17.890073349691875,0.05684650156719946,,False,1.0,1.0,9.439378358006274e-07,9.030701114892888e-07,True,0.003177550372752053,1.1427348288307255e-19,0.1414731469534301,9.739130644317329e-20,22.87366898961102,1.0790607320250313e-05,True,True,True,433,4.916983127593994,t5_lam0.75_D0.00_n1600,t5,0.75,0.0,1600
True,5,5,0.08069093058597,0.032555131394149145,0.011544512599607998,0.019544771056464568,,0.09348026546792633,15.489190986564417,0.11521849109860764,,False,1.0,1.0,9.74388257825938e-07,9.917787248632872e-07,True,0.0013659915589021498,2.004423765866442e-09,0.06227375077527471,1.079456492471258e-09,15.14533987863123,0.0005143174175107315,True,True,True,434,4.723659038543701,t5_lam0.75_D0.00_n1600,t5,0.75,0.0,1600
True,5,5,0.08655977009779509,0.0374629689969157,0.014596871646151338,0.02049265915504592,,0.09828967024383478,18.733538904099667,0.04378061837056445,,True,1.0,1.0,8.838569628225136e-07,9.977831778465483e-07,True,0.002044805079090193,2.795363727060653e-13,0.08998964329056125,2.119046922306166e-13,12.797597784044108,0.001663554181881977,True,True,True,435,4.637708902359009,t5_lam0.75_D0.00_n1600,t5,0.75,0.0,1600
True,5,5,0.05206339356985687,0.01355298475004907,-0.008187768673313214,0.014699495226589745,,0.05655218716283001,6.6605187750485095,0.7570581087084653,,False,1.0,1.0,7.693972714655728e-07,7.08969689090547e-07,True,0.0021025302541388046,1.3176921995504148e-13,0.09271381737700236,1.3156258508141474e-13,3.5475826733298366,0.16968842177706847,True,True,False,436,4.247949123382568,t5_lam0.75_D0.00_n1600,t5,0.75,0.0,1600
True,5,5,0.037748252280873876,0.007124652751302499,-0.0163316058015436,0.014166512576520778,,0.03733693557645095,2.726765276158702,0.9871433784716654,,False,1.0,1.0,6.49241396068644e-07,9.906056893603935e-07,True,0.0018708860528413838,2.700819113815298e-12,0.08285318243218166,2.4035410668397387e-12,5.114952698138869,0.07750007700042685,True,True,False,437,4.2797088623046875,t5_lam0.75_D0.00_n1600,t5,0.75,0.0,1600
True,5,5,0.04098929925490869,0.00840061326704229,-0.015476495680345216,0.014310787237811914,,0.04015633103833204,3.8528190923956576,0.9537423784119633,,False,1.0,1.0,8.467954705723356e-07,9.640678089068728e-07,True,0.0015489425211291643,1.8181455369820524e-10,0.06836551339217604,1.7481958995517972e-10,3.6387050660621787,0.16213069122474336,True,True,False,438,4.618470907211304,t5_lam0.75_D0.00_n1600,t5,0.75,0.0,1600
True,5,5,0.07042944423134706,0.02480153307368213,0.004412677778813181,0.01724760235978916,,0.0809721669174404,11.809251175606441,0.29802548972480164,,False,1.0,1.0,9.370733328022552e-07,8.822213326189858e-07,True,0.001565389082419411,1.4657619051453055e-10,0.07084768540229197,8.080430645400742e-11,17.116145745148817,0.00019198892448497783,True,True,True,439,4.449540853500366,t5_lam0.75_D0.00_n1600,t5,0.75,0.0,1600
True,5,5,0.09669326795453058,0.046747940338633255,0.023214803629772268,0.02454476993530442,,0.11277176728290392,18.839480501498763,0.04234953350503616,,True,1.0,1.0,7.185778509085848e-07,8.270650832343641e-07,True,0.001481624767770123,4.393690917225239e-10,0.06694270412511276,3.0151055607573863e-10,18.985847614755127,7.538337429144393e-05,True,True,True,440,4.1535890102386475,t5_lam0.75_D0.00_n1600,t5,0.75,0.0,1600
True,5,5,0.09985089456632859,0.049851005728480335,0.028736480191367323,0.02693889826809541,,0.12086937140046752,17.85851242129847,0.057397755619626664,,False,1.0,1.0,8.181812908067921e-07,6.578240012626633e-07,True,0.0022250261711861635,2.6741114120455605e-14,0.0993444816006348,1.831466292638494e-14,21.550631146057203,2.0909319840025544e-05,True,True,True,441,4.223546266555786,t5_lam0.75_D0.00_n1600,t5,0.75,0.0,1600
True,5,5,0.05115311903744094,0.013083207936293015,-0.010764754556255404,0.01693032651117889,,0.058451953621978886,4.520545429583775,0.9208250546845176,,False,1.0,1.0,9.83312274815806e-07,8.190326631305399e-07,True,0.0014939653264069734,3.7372635712853037e-10,0.0655676418719833,3.8970465099727737e-10,6.293851213217054,0.0429840738872852,True,True,True,442,4.353726863861084,t5_lam0.75_D0.00_n1600,t5,0.75,0.0,1600
True,5,5,0.06327034549012871,0.020015683092201253,-0.0023609415797071,0.01813118238812243,,0.07411099720326901,8.056300385893032,0.6233375025924581,,False,1.0,1.0,8.797326693499882e-07,9.016597133758843e-07,True,0.001879900047061308,2.401057569072696e-12,0.08208478676307737,2.7807769178604814e-12,2.893245004752857,0.23536388812108283,True,True,False,443,4.317602157592773,t5_lam0.75_D0.00_n1600,t5,0.75,0.0,1600
True,5,5,0.030351264099526244,0.004605996162195953,-0.019017088822771006,0.013042648273263905,,0.02207332550640923,2.0149417582545555,0.9962243485945104,,False,1.0,1.0,7.67250265572405e-07,7.991330726201086e-07,True,0.0023928700273369123,3.0136323021784134e-15,0.10517249963037952,2.911679127032903e-15,6.802363469783602,0.03333385489642552,True,True,True,444,4.48823618888855,t5_lam0.75_D0.00_n1600,t5,0.75,0.0,1600
True,5,5,0.0784995109703299,0.03081086611290472,0.009167834708842318,0.019914047368420416,,0.09156803781895959,13.643956039156183,0.1898599538283421,,False,1.0,1.0,8.79069188764555e-07,9.866808884851751e-07,True,0.0021946297537213297,3.971853381143415e-14,0.0949902248571092,4.73476063161445e-14,23.895310227857053,6.4743967941135314e-06,True,True,True,445,4.653259992599487,t5_lam0.75_D0.00_n1600,t5,0.75,0.0,1600
True,5,5,0.08186929375695116,0.03351290630130982,0.008465111496510778,0.022190379445976394,,0.09483146905078972,13.787788490095636,0.18289314550400204,,False,1.0,1.0,8.345933517946111e-07,9.132046560489066e-07,True,0.002955979000015824,2.0173639681974066e-18,0.13265203281024546,9.839108109348436e-19,39.33468762871456,2.87462440101382e-09,True,True,True,446,4.485013008117676,t5_lam0.75_D0.00_n1600,t5,0.75,0.0,1600
True,5,5,0.05796725185344619,0.016801011437204305,-0.00654061618251511,0.017850862647309212,,0.06755951448482146,5.777647392817441,0.8335855009538586,,False,1.0,1.0,9.779613575002247e-07,8.223481938158093e-07,True,0.002345478556250522,5.5806243384070086e-15,0.10409270591329156,3.8642463776622986e-15,11.507891660105276,0.0031702468291068446,True,True,True,447,4.6131272315979,t5_lam0.75_D0.00_n1600,t5,0.75,0.0,1600
True,5,5,0.0846297770376839,0.03581099580724045,0.01515829727731131,0.02122680953815212,,0.10007326509587755,16.350657106880153,0.09002482166024518,,False,1.0,1.0,7.535193279922645e-07,9.010943727846453e-07,True,0.0017278140151493532,1.75018324500479e-11,0.07750687097451489,1.1767063499014383e-11,18.214148834805737,0.00011087862566420223,True,True,True,448,4.292556047439575,t5_lam0.75_D0.00_n1600,t5,0.75,0.0,1600
True,5,5,0.051548190959408415,0.013286079955938179,-0.011126726540357162,0.015500132426143296,,0.05360731759566554,6.378216643514641,0.7825495869530389,,False,1.0,0.997289972899729,9.198186335878761e-07,9.494648815445499e-07,True,0.002104576476842264,1.2830354599357804e-13,0.09426974571620682,8.733586003489029e-14,18.017626546232208,0.0001223269385819586,True,True,True,449,4.228744745254517,t5_lam0.75_D0.00_n1600,t5,0.75,0.0,1600
True,5,5,0.09868952969984604,0.04869811636188397,0.025114607023939285,0.023970918153914646,,0.11361624768558648,21.395558068852566,0.018498069591617778,,True,1.0,1.0,8.445077258559426e-07,9.373102119751484e-07,True,0.002028585033378456,3.453371504282521e-13,0.09084434439594032,2.25140106007468e-13,17.65235097150253,0.00014683875386001745,True,True,True,450,4.331392765045166,t5_lam0.75_D0.00_n1600,t5,0.75,0.0,1600
True,5,5,0.0581705622625657,0.016919071569715165,-0.00603489528562301,0.015990624378186283,,0.06366685357398356,8.392678875488286,0.5905387828637407,,False,1.0,0.994579945799458,9.851271376864537e-07,9.366571591471327e-07,True,0.002643882976311933,1.1560974573647291e-16,0.11712853577761098,1.029545736405441e-16,23.79967237825639,6.791517240622731e-06,True,True,True,451,4.3104088306427,t5_lam0.75_D0.00_n1600,t5,0.75,0.0,1600
True,5,5,0.07962906898623498,0.03170394313807285,0.009070758699639608,0.020243054104037515,,0.09205174595111229,14.176245123619276,0.165103254770761,,False,0.997289972899729,1.0,8.869754445980329e-07,6.934112813095045e-07,True,0.0028223653547416795,1.1407751515350535e-17,0.12651948992576886,6.467510798854875e-18,21.80559191849372,1.840669760615524e-05,True,True,True,452,4.348880767822266,t5_lam0.75_D0.00_n1600,t5,0.75,0.0,1600
True,5,5,0.07093340301069552,0.025157738313388744,0.001632224301124103,0.01923921256704255,,0.081581753930293,10.191237288109964,0.4238787372813905,,False,1.0,1.0,8.769726226950846e-07,9.201571573724046e-07,True,0.0020617986244280792,2.2401058594196852e-13,0.0943619881172479,8.312289366539258e-14,40.36252073139529,1.7194517177344606e-09,True,True,True,453,4.277079105377197,t5_lam0.75_D0.00_n1600,t5,0.75,0.0,1600
True,5,5,0.06409985538174537,0.020543957299803354,-0.002335525623936293,0.018623941591962463,,0.07523048883496043,7.324027445519225,0.6945414293603732,,False,1.0,1.0,7.687595184132307e-07,5.915393237017781e-07,True,0.001247357609730719,9.542189581856972e-09,0.055975697136496846,6.790791108219226e-09,4.6940103160930375,0.09565520589763528,True,True,False,454,4.330629110336304,t5_lam0.75_D0.00_n1600,t5,0.75,0.0,1600
True,5,5,0.03886554372429051,0.007552652444923688,-0.013921742224358508,0.012627726111524653,,0.03701086021786747,3.8867808659922836,0.9523099689058088,,False,1.0,1.0,9.032693796631573e-07,9.793409156659614e-07,True,0.00132486235386495,3.441561877718618e-09,0.05763353020612483,4.061655576802043e-09,7.4733644153567,0.023833045196556192,True,True,True,455,4.372331142425537,t5_lam0.75_D0.00_n1600,t5,0.75,0.0,1600
True,5,5,0.04075994980404441,0.008306867540141101,-0.01405482255575714,0.01359315904389742,,0.04075275303418343,4.147237301455784,0.9404604658018728,,False,1.0,1.0,9.879369569440488e-07,8.932881493068248e-07,True,0.0015181838118441138,2.720657811685871e-10,0.0681672172719547,1.934503901051178e-10,5.328388898298952,0.06965544193970238,True,True,False,456,4.299086093902588,t5_lam0.75_D0.00_n1600,t5,0.75,0.0,1600
True,5,5,0.10290683968072838,0.05294908826537567,0.030621162665383755,0.02479590091649568,,0.11950463607861496,23.88461882368003,0.007912607639492622,,True,1.0,1.0,9.715064635980489e-07,8.701327995302725e-07,True,0.0023163674989982786,8.148846130899858e-15,0.1043077730073276,5.866435551207043e-15,27.9518152224937,8.518055096394789e-07,True,True,True,457,4.228495121002197,t5_lam0.75_D0.00_n1600,t5,0.75,0.0,1600
True,5,5,0.06261417171704173,0.01960267249905594,-0.0023260702439102145,0.016199691472669312,,0.06974245626647335,9.651838414979448,0.47155097759936115,,False,1.0,1.0,9.703185574689296e-07,9.306371913480058e-07,True,0.0018328418102666524,4.437997180777329e-12,0.08048275917472163,5.299669128816853e-12,6.577588023061393,0.03729880421107043,True,True,True,458,4.266648054122925,t5_lam0.75_D0.00_n1600,t5,0.75,0.0,1600
True,5,5,0.07249589992477716,0.02627827752951653,0.0027933794034525304,0.0201629976784389,,0.08480396130493771,10.186842883556956,0.4242567878950341,,False,1.0,1.0,9.769810161716102e-07,9.556219469860114e-07,True,0.0019643536669168246,7.978390958848052e-13,0.08821143764958311,4.058118351941542e-13,15.087495658619572,0.0005294097616232678,True,True,True,459,4.409795045852661,t5_lam0.75_D0.00_n1600,t5,0.75,0.0,1600
True,5,5,0.05740670661553375,0.016477649822209832,-0.006235715636874493,0.016870271430781826,,0.06559483442116885,6.891081721052917,0.7356859502157422,,False,1.0,0.997289972899729,9.407837376302937e-07,9.838469324930246e-07,True,0.0015685118655098913,1.4070196270992249e-10,0.07112883456778478,7.652950673297505e-11,15.575989940859555,0.00041468350367912385,True,True,True,460,4.331316947937012,t5_lam0.75_D0.00_n1600,t5,0.75,0.0,1600
True,5,5,0.05308386703903763,0.014089484699091128,-0.007885365527836148,0.015436282476581924,,0.05916934965067147,6.831055073000387,0.7412923324517475,,False,1.0,1.0,9.825998362012427e-07,9.707324424084575e-07,True,0.0020307620939409676,3.3567614770052715e-13,0.0879746914977094,4.2927135465842253e-13,1.4060020471516805,0.49509727351107624,True,True,False,461,4.268896818161011,t5_lam0.75_D0.00_n1600,t5,0.75,0.0,1600
True,5,5,0.05747142769939442,0.0165148250090336,-0.004752898900307192,0.014902973921449155,,0.06286543057476286,8.836221096148147,0.5477142599132265,,False,1.0,1.0,8.124348264173696e-07,9.404662023719881e-07,True,0.0026436342051218073,1.1598369630794372e-16,0.1180874369679933,6.33765199440842e-17,47.757029171686455,4.262779605648182e-11,True,True,True,462,4.251156330108643,t5_lam0.75_D0.00_n1600,t5,0.75,0.0,1600
True,5,5,0.0820145275743443,0.03363191366621441,0.011547823246249037,0.021200437965581905,,0.09635293511553876,13.328969091605018,0.2058559094644023,,False,1.0,1.0,9.635633783294328e-07,9.473662694482622e-07,True,0.0021372439093065177,8.384293762057789e-14,0.09441447802659941,8.00838270234056e-14,9.822385845137378,0.007363698767327127,True,True,True,463,4.369459867477417,t5_lam0.75_D0.00_n1600,t5,0.75,0.0,1600
True,5,5,0.05864468308171672,0.017195994268774956,-0.005309209710490672,0.017013563274791636,,0.06734331674252274,7.040289185781278,0.7216360124504356,,False,1.0,1.0,9.83737221007986e-07,9.862025609703188e-07,True,0.0017245997669493875,1.8252862857896536e-11,0.07797617188333554,1.1210918562150409e-11,7.428391624595923,0.024375035338907076,True,True,True,464,4.402317762374878,t5_lam0.75_D0.00_n1600,t5,0.75,0.0,1600
True,5,5,0.03342344066861513,0.005585631930642178,-0.016128933469985566,0.012421068674450397,,0.029332256612124068,2.624465102415608,0.9889351761164864,,False,1.0,1.0,8.584753815532492e-07,9.650195251360916e-07,True,0.0021886241515092528,4.29480947703086e-14,0.09681456071655904,3.878757907171725e-14,15.390098993115572,0.000455074463409791,True,True,True,465,4.48724102973938,t5_lam0.75_D0.00_n1600,t5,0.75,0.0,1600
True,5,5,0.06279294328023288,0.019714768628972715,-0.002501495113646869,0.016485768582989054,,0.07016435153718062,10.04989792232535,0.4361265325181656,,False,1.0,1.0,8.690159375637018e-07,7.183065240089178e-07,True,0.0012140932342871924,1.4789271891109805e-08,0.053401165668953594,1.4926580074846568e-08,3.5529231332736355,0.16923591907935473,True,True,False,466,4.278645992279053,t5_lam0.75_D0.00_n1600,t5,0.75,0.0,1600
True,5,5,0.06701318459137803,0.02245383454539053,0.0011049530688229114,0.017018108694531155,,0.0762853208407448,11.011503693252475,0.3566224598162578,,False,1.0,1.0,7.716049208501372e-07,9.030326924263083e-07,True,0.0023695810196738224,4.079247613256129e-15,0.1053466470222798,3.4290262969454173e-15,26.482355168394967,1.775945529488869e-06,True,True,True,467,4.26433801651001,t5_lam0.75_D0.00_n1600,t5,0.75,0.0,1600
True,5,5,0.07010991120785516,0.024576998247866678,0.005085683457560896,0.016031132820415954,,0.07931525757552939,14.202819314618548,0.16393978868556028,,False,1.0,1.0,8.120646203425732e-07,9.149198479430319e-07,True,0.0013502466912344777,2.465136580108635e-09,0.06111209689659399,1.7529587078067376e-09,22.998336269607485,1.0138523976913236e-05,True,True,True,468,4.232879161834717,t5_lam0.75_D0.00_n1600,t5,0.75,0.0,1600
True,5,5,0.06243915153014164,0.019493238219019944,-0.0034178583311842148,0.017215910755128513,,0.07056882444204632,8.478402548621137,0.5822129157148932,,False,1.0,1.0,7.541293017017579e-07,9.187909487139632e-07,True,0.0024672108567885976,1.1467945645310646e-15,0.10943019143067839,6.938709867392211e-16,20.074317130665715,4.374389204387279e-05,True,True,True,469,4.262568950653076,t5_lam0.75_D0.00_n1600,t5,0.75,0.0,1600
True,5,5,0.08955660152658669,0.04010192438495914,0.01638996598321453,0.022510058795295922,,0.10335929356912993,18.674963557641583,0.04459072610698994,,True,1.0,1.0,8.136382726768728e-07,8.445861768913692e-07,True,0.0030734162394335796,4.403557476715694e-19,0.13387663382499107,5.249543136323628e-19,45.5493227965217,1.2855537143973745e-10,True,True,True,470,4.148305892944336,t5_lam0.75_D0.00_n1600,t5,0.75,0.0,1600
True,5,5,0.09809812710493812,0.04811621270748298,0.02517367640197496,0.022647632436698577,,0.11173693816938284,24.6819354554004,0.005982123516084058,,True,1.0,1.0,9.685153044856183e-07,9.477277807242747e-07,True,0.0017998273443923499,6.830139557077951e-12,0.07912573775414297,7.074706529618143e-12,10.765445275246737,0.00459529356348452,True,True,True,471,4.153196096420288,t5_lam0.75_D0.00_n1600,t5,0.75,0.0,1600
True,5,5,0.08583224693751916,0.03683587307171634,0.016007927992436576,0.021117259809533995,,0.10073999144473371,16.332845289458668,0.09049253040953045,,False,1.0,0.997289972899729,9.604302295269462e-07,8.546171952012375e-07,True,0.003022961145754526,8.46732658013941e-19,0.13322139918658704,1.0219927208499678e-18,19.762542486656947,5.112324645652185e-05,True,True,True,472,4.341058969497681,t5_lam0.75_D0.00_n1600,t5,0.75,0.0,1600
True,5,5,0.06395346898452688,0.020450230975774204,-0.0026279049079836643,0.016895029658969746,,0.07093933451058787,9.806586056202535,0.45762303258546033,,False,0.997289972899729,1.0,8.23140945993025e-07,8.193586856388177e-07,True,0.0018587923524733237,3.1626549359342235e-12,0.08297135229682492,2.2954242988998114e-12,15.320425413907026,0.00047120717109346537,True,True,True,473,4.379338979721069,t5_lam0.75_D0.00_n1600,t5,0.75,0.0,1600
True,5,5,0.04361097290687247,0.009509584789419824,-0.016267029366754025,0.01543955422406742,,0.04272886002976721,4.482868646535843,0.9229467697184942,,False,1.0,1.0,9.75054893414967e-07,9.563284056299603e-07,True,0.0015166424010559709,2.7761822885626775e-10,0.06705818990518535,2.268267486814623e-10,16.02722981614264,0.00033092628607404964,True,True,True,474,4.461258888244629,t5_lam0.75_D0.00_n1600,t5,0.75,0.0,1600
True,5,5,0.05458784084829548,0.014899161842394185,-0.006773025393265587,0.015389113222098716,,0.060893042797466344,6.89906260350246,0.7349384712579621,,False,1.0,0.997289972899729,8.320544997442175e-07,8.463870186105574e-07,True,0.002171003329234015,5.40214191794417e-14,0.09507251701086425,4.718743792671038e-14,22.201767558526875,1.5098973761561983e-05,True,True,True,475,4.417338132858276,t5_lam0.75_D0.00_n1600,t5,0.75,0.0,1600
True,5,5,0.042881958133734153,0.009194311666916644,-0.010775407122884398,0.012540990964682131,,0.04439073631049308,4.792497026213543,0.9046012894085468,,False,1.0,1.0,8.342845474927423e-07,7.840419212798199e-07,True,0.0027113165208785717,4.8182354254910727e-17,0.11916617372385951,5.632812189071815e-17,15.998414588978742,0.0003357286564034592,True,True,True,476,4.44927716255188,t5_lam0.75_D0.00_n1600,t5,0.75,0.0,1600
True,5,5,0.09071925719329346,0.04114991812851463,0.01697206340335239,0.023372816353711787,,0.10527765684590999,17.31706437560556,0.0676360155525478,,False,1.0,1.0,8.873132042418588e-07,9.387167935296267e-07,True,0.002099232602106186,1.3755263528045148e-13,0.09371918468171644,1.1003460850190219e-13,12.4833678120083,0.00194657491231805,True,True,True,477,4.578360080718994,t5_lam0.75_D0.00_n1600,t5,0.75,0.0,1600
True,5,5,0.06641825089133783,0.022056920257323493,-0.0015109788030649995,0.018747446599883796,,0.07658436750777917,9.403779099249373,0.49425940992106265,,False,1.0,1.0,8.909833064571512e-07,8.174139842565452e-07,True,0.001476851170956929,4.677536595633493e-10,0.06559111640206765,4.0599309484419546e-10,11.130276877505315,0.0038290504195866754,True,True,True,478,4.529918909072876,t5_lam0.75_D0.00_n1600,t5,0.75,0.0,1600
True,5,5,0.05603176958729771,0.015697796015420103,-0.006365508080837717,0.015541744847404275,,0.061965131002152424,7.665159482674966,0.6615063198040486,,False,1.0,1.0,8.08352179406146e-07,9.63531274253788e-07,True,0.002310854464567637,8.75459592993478e-15,0.1019709543150425,8.126450709275995e-15,15.184639600163003,0.0005043097980390687,True,True,True,479,4.36577296257019,t5_lam0.75_D0.00_n1600,t5,0.75,0.0,1600
True,5,5,0.054606087381764416,0.014909123895724453,-0.009676819035249671,0.016931417456479806,,0.06028745205674329,5.718036587648975,0.8383701457729079,,False,1.0,1.0,9.20387970193211e-07,9.870811678941009e-07,True,0.0017770848034779723,9.192892425886645e-12,0.08001515898077823,5.3021288036778985e-12,16.3485788852588,0.00028180662685016656,True,True,True,480,4.240333080291748,t5_lam0.75_D0.00_n1600,t5,0.75,0.0,1600
True,5,5,0.07274716663189983,0.026460751264847,0.0036525429950353405,0.0192373323610023,,0.08401802056928133,11.880339941745103,0.29314475549706326,,False,1.0,1.0,8.075403085105716e-07,9.873783335316382e-07,True,0.0018240963631693727,4.974860479374099e-12,0.08058945095043714,4.9267970796145865e-12,7.601159446823575,0.022357806754430432,True,True,True,481,4.22929310798645,t5_lam0.75_D0.00_n1600,t5,0.75,0.0,1600
True,5,5,0.0903184191401341,0.0407870841798647,0.015510219657280912,0.02351338369580745,,0.10410215570412688,17.02777441455612,0.07375165760438038,,False,1.0,1.0,9.055853689618228e-07,8.29472617335546e-07,True,0.002194294570282181,3.98922028462271e-14,0.09802152622868826,2.6602042556626023e-14,6.768524768471925,0.03390264024700655,True,True,True,482,4.276681900024414,t5_lam0.75_D0.00_n1600,t5,0.75,0.0,1600
True,5,5,0.06708578776608853,0.02250251460098337,-0.003084193848446711,0.020261896664989648,,0.07777359496625759,8.190329378383773,0.610251844003138,,False,1.0,0.997289972899729,9.024011370851041e-07,9.842024650117797e-07,True,0.0019130792533167283,1.557309590082584e-12,0.082599245725314,2.0531559385388696e-12,21.455359194978495,2.192946048576845e-05,True,True,True,483,4.28272008895874,t5_lam0.75_D0.00_n1600,t5,0.75,0.0,1600
True,5,5,0.08804890190198052,0.03876304563072294,0.015684195878841983,0.022255664366125832,,0.10226583606628237,16.479673210286315,0.08669997805598624,,False,1.0,1.0,9.656668143256783e-07,9.369305802269643e-07,True,0.001118284433748007,5.234114152213615e-08,0.051202979422504624,2.941555417650847e-08,6.25146861945395,0.04390468214840938,True,True,True,484,4.250518083572388,t5_lam0.75_D0.00_n1600,t5,0.75,0.0,1600
True,5,5,0.07109148920073978,0.0252699991838945,0.00253001760228257,0.017995358618414576,,0.08016202154895323,12.602096153761401,0.24677743230226531,,False,1.0,1.0,6.233605020449281e-07,9.509288414612412e-07,True,0.0018951714343312478,1.9672147231131852e-12,0.08464958057359298,1.3340520306973574e-12,13.707718056752583,0.0010553751019474558,True,True,True,485,4.173671007156372,t5_lam0.75_D0.00_n1600,t5,0.75,0.0,1600
True,5,5,0.07724599758030147,0.029834720710879704,0.00713231642422589,0.019417631073408225,,0.08839850374539947,14.374422525208264,0.15658777680664507,,False,1.0,1.0,8.986631354841875e-07,8.91684578767707e-07,True,0.0014965540313738011,3.6125466881539996e-10,0.06571491232155946,4.234758070356996e-10,9.966452360583439,0.006851921327353635,True,True,True,486,4.3971641063690186,t5_lam0.75_D0.00_n1600,t5,0.75,0.0,1600
True,5,5,0.055886333805110475,0.015616411530881169,-0.008335205122787136,0.016545517261701923,,0.06144875744050722,7.740771739492224,0.6541412282249215,,False,0.997289972899729,1.0,8.815220363256799e-07,9.598354181425277e-07,True,0.0017074179953343138,2.2849896399488252e-11,0.07530388593928175,1.9949264196888836e-11,8.044777800499762,0.017910128283693504,True,True,True,487,4.443645000457764,t5_lam0.75_D0.00_n1600,t5,0.75,0.0,1600
True,5,5,0.06913403199463805,0.02389757189917819,0.0009694049402088033,0.018708322885724476,,0.07967666872174305,10.570496545199342,0.3919434780521495,,False,1.0,1.0,9.179203644869274e-07,9.56791190734953e-07,True,0.0022902584495699215,1.1444089354414254e-14,0.10029531901439803,1.2415686356126064e-14,25.636162009648686,2.711303601890796e-06,True,True,True,488,4.628577709197998,t5_lam0.75_D0.00_n1600,t5,0.75,0.0,1600
True,5,5,0.054516628009633084,0.01486031364770355,-0.008880373007693888,0.01626337686567649,,0.05978377943270691,6.956429854768435,0.7295517423804208,,False,1.0,1.0,8.11533076688475e-07,8.935168746516154e-07,True,0.0021456444661515483,7.515520540099464e-14,0.09523282775919299,6.647815635460983e-14,22.896214087790153,1.066965268387438e-05,True,True,True,489,4.600149869918823,t5_lam0.75_D0.00_n1600,t5,0.75,0.0,1600
True,5,5,0.06344600590144181,0.020126978324228946,-0.002242092446013543,0.016957786840278117,,0.07162539318326687,9.72629586064301,0.46482559392269585,,False,1.0,1.0,9.949887927609128e-07,9.950790842919032e-07,True,0.0016213571436197553,7.043897226508048e-11,0.07310058352605767,4.439594468467864e-11,3.333983720461994,0.18881419169285582,True,True,False,490,4.459683895111084,t5_lam0.75_D0.00_n1600,t5,0.75,0.0,1600
True,5,5,0.07688062953258971,0.029553155986636534,0.008401372372186789,0.01983329301559606,,0.09058061196887694,12.83289933682754,0.23316527309673346,,False,1.0,1.0,9.293956460130689e-07,8.108108209841933e-07,True,0.0018824526945335424,2.3223866312404475e-12,0.08246355865141797,2.3209527402076668e-12,17.396166105563076,0.0001669054534656388,True,True,True,491,4.330888986587524,t5_lam0.75_D0.00_n1600,t5,0.75,0.0,1600
True,5,5,0.07011205553003107,0.024578501653230802,0.003181458718536794,0.016973773192151466,,0.07886803042640128,13.539608814518168,0.19504570119090894,,False,1.0,0.997289972899729,8.945227595511622e-07,7.948471879651988e-07,True,0.00179612484722481,7.168567945490111e-12,0.07734267944432392,1.1356065191176694e-11,3.5949644314056863,0.16571559954116077,True,True,False,492,4.450437784194946,t5_lam0.75_D0.00_n1600,t5,0.75,0.0,1600
True,5,5,0.08661028744170188,0.037506709453671114,0.014632446676714095,0.021528906105458042,,0.10004433614010785,17.510569547389416,0.06380260341143372,,False,1.0,1.0,9.859027638344913e-07,7.781064221099317e-07,True,0.0014263138740157706,9.077616715444896e-10,0.06288411055076683,8.765986217282307e-10,15.33856703503909,0.0004669522669959225,True,True,True,493,4.527719974517822,t5_lam0.75_D0.00_n1600,t5,0.75,0.0,1600
True,5,5,0.07982261686164327,0.03185825081320348,0.011185011326730675,0.020612874876872994,,0.09496333327116535,13.014294886892776,0.22287367212653722,,False,1.0,1.0,9.826516573758848e-07,9.255583144484813e-07,True,0.0013069062223143003,4.358176883559603e-09,0.06030747903204979,2.006980230613245e-09,10.951940239774991,0.0041861654970779556,True,True,True,494,4.5401291847229,t5_lam0.75_D0.00_n1600,t5,0.75,0.0,1600
True,5,5,0.05534858060651281,0.015317326875778227,-0.009341525030030544,0.016495148347515313,,0.05964994477194861,7.259771123647619,0.7007144258938972,,False,1.0,1.0,9.152825230138871e-07,9.968656327476493e-07,True,0.0022946027637361765,1.0815317175001467e-14,0.10087408617794445,1.2693962165767132e-14,16.474259232411097,0.0002646427866535998,True,True,True,495,4.523371934890747,t5_lam0.75_D0.00_n1600,t5,0.75,0.0,1600
True,5,5,0.058447852894855164,0.017080757540093146,-0.00409745502053864,0.015580307610552846,,0.0656199214594148,8.469188378184658,0.5831069322257708,,False,1.0,0.997289972899729,7.427554648376926e-07,9.575490777041673e-07,True,0.0015727961406447459,1.330243690071957e-10,0.07038605456729805,9.390552016682647e-11,11.043058399001952,0.003999726882769635,True,True,True,496,4.52358603477478,t5_lam0.75_D0.00_n1600,t5,0.75,0.0,1600
True,5,5,0.10220114086940252,0.0522253659750373,0.028574937654795355,0.024160340304702013,,0.11688897384558246,25.058193067987276,0.005236286493151963,,True,0.997289972899729,1.0,9.559873402114845e-07,9.2467181996202e-07,True,0.0014432131844012942,7.272043204831389e-10,0.06320592436404247,6.993107337754406e-10,2.668225151761606,0.26339181202012046,True,True,False,497,4.807024002075195,t5_lam0.75_D0.00_n1600,t5,0.75,0.0,1600
True,5,5,0.050483413450798875,0.012742875168221503,-0.010499309786676365,0.015370756457913802,,0.054375242017136644,5.921827124095162,0.8217876511409192,,False,1.0,1.0,9.895859926880455e-07,8.69017805835297e-07,True,0.002041440060078205,2.9206748874128427e-13,0.08939818725414803,3.214738278082163e-13,17.046635084674566,0.00019877887293791524,True,True,True,498,4.482141971588135,t5_lam0.75_D0.00_n1600,t5,0.75,0.0,1600
True,5,5,0.05417193038374666,0.014672990207507472,-0.0058706004617730175,0.014757360900378883,,0.06066811046908751,7.559791315057059,0.6717489159447478,,False,1.0,1.0,9.795806298571385e-07,9.714535825536793e-07,True,0.0021728265427326037,5.2754264030139426e-14,0.09809385402349123,3.32264004554877e-14,23.412181679880916,8.243456367308883e-06,True,True,True,499,4.296160697937012,t5_lam0.75_D0.00_n1600,t5,0.75,0.0,1600
