applicable,K_x,K_y,D_hat,Q_hat,Q_bc,s_Q,Z,U_D,T0,p_exact,decision,mt_reject,success_x,success_y,max_residual_x,max_residual_y,correct_cardinality,mmd_stat,mmd_p,energy_stat,energy_p,gec_stat,gec_p,mmd_reject,energy_reject,gec_reject,rep,seconds,name,family,lam,D,n
True,5,5,0.06854528915551074,0.023492283327062893,0.0005432846558960196,0.018090425162406287,,0.07784521320848722,11.091973485929394,0.35039748023065276,,False,1.0,1.0,9.72275161182045e-07,9.77422642204908e-07,True,0.003539226891317956,1.0586762187449663e-21,0.15388514715339854,1.6606431404427832e-21,35.485999627559806,1.969305475678654e-08,True,True,True,0,5.739160060882568,t5_lam1.00_D0.04_n1600,t5,1.0,0.04,1600
True,5,5,0.1059084814814722,0.056083032248556694,0.03265654181077896,0.026282827012028387,,0.12319735804638991,25.0938867152551,0.005170357694018657,,True,1.0,1.0,7.940222411586891e-07,8.608359872282455e-07,True,0.003843574847821694,2.067902348694499e-23,0.17093313494542786,9.795831722504791e-24,66.85032109649742,3.0453500291645987e-15,True,True,True,1,5.96164083480835,t5_lam1.00_D0.04_n1600,t5,1.0,0.04,1600
True,5,5,0.08534181005424511,0.03641612271667426,0.014349354767598195,0.02061915567348873,,0.09824952698289509,17.530601150000983,0.06341712275035484,,False,1.0,1.0,8.135341766565841e-07,8.253891019839586e-07,True,0.0036749960455902766,1.8285407246867697e-22,0.16196618257003093,1.5506535633568688e-22,54.2848939467322,1.6299904282504626e-12,True,True,True,2,5.822245836257935,t5_lam1.00_D0.04_n1600,t5,1.0,0.04,1600
True,5,5,0.0646838122669758,0.020919977846946845,-0.002802063486374285,0.01807882487497527,,0.07339612684637968,9.657971661881783,0.47099534817109656,,False,1.0,1.0,9.767787761471724e-07,9.812144624323313e-07,True,0.003245380626558588,4.7473427028080974e-20,0.14092691181961683,6.070599476039319e-20,34.25793735086597,3.639011462465423e-08,True,True,True,3,5.877011060714722,t5_lam1.00_D0.04_n1600,t5,1.0,0.04,1600
True,5,5,0.06792672341400748,0.02307019876881536,-0.0011131627996449692,0.01803891573466788,,0.07557541025068334,11.18793120395744,0.34306518326469987,,False,1.0,1.0,9.897694863117114e-07,8.311003503815763e-07,True,0.003320481881389105,1.7954152017347878e-20,0.14879134607265224,7.489464179615387e-21,58.86786377053734,1.648184408607377e-13,True,True,True,4,6.30593729019165,t5_lam1.00_D0.04_n1600,t5,1.0,0.04,1600
True,5,5,0.08268498902373186,0.034184037049273294,0.009708267307762461,0.024397112166440638,,0.09983781422073926,11.869360930224133,0.29389486315908514,,False,1.0,1.0,8.672007528098959e-07,8.776679876107622e-07,True,0.0032022949807613945,8.294016624118008e-20,0.13921052612745377,9.069563734617432e-20,19.224962446089435,6.688865256731374e-05,True,True,True,5,6.30378794670105,t5_lam1.00_D0.04_n1600,t5,1.0,0.04,1600
True,5,5,0.07009975411929795,0.02456987763793015,0.0006900824363690605,0.018042974471100034,,0.07793347732027715,13.404651685092576,0.2019187609559612,,False,1.0,1.0,9.139651348813288e-07,9.945839934769846e-07,True,0.0036793575861564587,1.728260521006292e-22,0.16623813143653077,4.730980898265441e-23,32.83974162233024,7.395043161964011e-08,True,True,True,6,6.361813068389893,t5_lam1.00_D0.04_n1600,t5,1.0,0.04,1600
True,5,5,0.07468101007651189,0.02788626633024035,0.0016010509323952718,0.022194253228447883,,0.08730102960754493,9.71203420099549,0.46611039140205457,,False,1.0,1.0,8.761884463230843e-07,9.650932867961907e-07,True,0.0030374290053435827,7.019737439061254e-19,0.13320936082534554,6.282095467948133e-19,48.34900563839675,3.17063918666772e-11,True,True,True,7,6.206434011459351,t5_lam1.00_D0.04_n1600,t5,1.0,0.04,1600
True,5,5,0.12405171819916727,0.07694414394082805,0.05364365810755405,0.029168975323450475,,0.14256391756878004,34.18090733293145,0.0001721070718320335,,True,1.0,1.0,9.873904812019557e-07,9.851903988254251e-07,True,0.003240533239051455,5.05487665525048e-20,0.14613917126577775,1.8892564693678136e-20,55.18081236026805,1.04145100282234e-12,True,True,True,8,5.441719055175781,t5_lam1.00_D0.04_n1600,t5,1.0,0.04,1600
True,5,5,0.06396599410260581,0.020458242007673006,-0.003540271332279143,0.01916772089145411,,0.07481687496336993,7.420558636310436,0.6852339602255264,,False,1.0,1.0,9.014060545813048e-07,9.760693198871762e-07,True,0.002945447081009533,2.312474824199939e-18,0.1299685418140039,1.9696160882075134e-18,42.22554176945617,6.77392068245732e-10,True,True,True,9,5.756724834442139,t5_lam1.00_D0.04_n1600,t5,1.0,0.04,1600
True,5,5,0.08072115023674402,0.03257952047771499,0.009799892629767128,0.02008783097268051,,0.09256504120105902,15.572144770068432,0.11255286591336673,,False,1.0,1.0,9.627967262439837e-07,8.300371545588915e-07,True,0.002477044707224847,1.009238489176507e-15,0.11135885540369268,4.76650086121011e-16,36.12925762624852,1.4276816870310642e-08,True,True,True,10,5.737016201019287,t5_lam1.00_D0.04_n1600,t5,1.0,0.04,1600
True,5,5,0.07999325302176409,0.031994602645019854,0.008773832676546786,0.020083041776435266,,0.09144123444347661,14.888051061982633,0.13619693164148927,,False,0.997289972899729,1.0,7.265874219336434e-07,9.527031239662161e-07,True,0.0043196414495183,4.409923957342841e-26,0.19015152594252055,3.4048434701095024e-26,55.02685738601332,1.1247855811098282e-12,True,True,True,11,5.599003791809082,t5_lam1.00_D0.04_n1600,t5,1.0,0.04,1600
True,5,5,0.09183499325858706,0.042168329934023654,0.018342979521579858,0.0248833031435895,,0.10887825397924603,16.51750823815255,0.08574564906443406,,False,1.0,0.997289972899729,9.347741695827905e-07,9.44417157816262e-07,True,0.002515213721875112,6.146640695519819e-16,0.11258214295646675,2.866992364546782e-16,36.73031854457183,1.0570917143494463e-08,True,True,True,12,5.925909042358398,t5_lam1.00_D0.04_n1600,t5,1.0,0.04,1600
True,5,5,0.09172208189352418,0.04206470153441179,0.019386349226542893,0.02313614355577189,,0.10718387832871529,18.210218567937122,0.051519409128367645,,False,1.0,1.0,9.987201155073826e-07,9.990124575922531e-07,True,0.002910007955803622,3.661101239215858e-18,0.12793768655921237,2.8057437713021413e-18,28.708810554109206,5.833927089796658e-07,True,True,True,13,6.06367301940918,t5_lam1.00_D0.04_n1600,t5,1.0,0.04,1600
True,5,5,0.10408583948173568,0.05416930990308823,0.029110386483755003,0.026671627593347864,,0.12081499068192837,22.60495982186296,0.0123025028250351,,True,1.0,1.0,9.489241608284678e-07,9.56227190259038e-07,True,0.002729162930118083,3.8221975633245214e-17,0.12163828696519986,1.772153442147959e-17,28.68019838879699,5.91798758749216e-07,True,True,True,14,6.050371170043945,t5_lam1.00_D0.04_n1600,t5,1.0,0.04,1600
True,5,5,0.07108927182403015,0.025268422842354234,0.00033839576306437386,0.0201644088479603,,0.08186073147970795,11.30188737707051,0.33448696893417884,,False,1.0,1.0,9.739031949172571e-07,9.81457288264192e-07,True,0.0028767991350624016,5.631396924342916e-18,0.12943581935498283,2.491173270751502e-18,38.1080471262944,5.308144153061048e-09,True,True,True,15,6.025429964065552,t5_lam1.00_D0.04_n1600,t5,1.0,0.04,1600
True,5,5,0.0450901883461968,0.010165625425477508,-0.011133554092840996,0.013704630107480607,,0.04776726168722009,4.8404846401522414,0.9015757657091572,,False,1.0,1.0,8.42171785789915e-07,9.463314747835077e-07,True,0.0030208442818257905,8.702829103024434e-19,0.13646656040559837,2.971181744616237e-19,35.62845705665869,1.8339135138798448e-08,True,True,True,16,5.103251934051514,t5_lam1.00_D0.04_n1600,t5,1.0,0.04,1600
True,5,5,0.063343388207363,0.020061924147943472,-0.008531612024290064,0.020655200472095372,,0.0713346611229713,7.189948934810122,0.7073991742348175,,False,1.0,1.0,9.117710864389418e-07,8.214580597678287e-07,True,0.004519843768795069,3.326019369510368e-27,0.19936645896026414,3.0827540613929285e-27,85.92961282185675,2.190895481594281e-19,True,True,True,17,5.407085180282593,t5_lam1.00_D0.04_n1600,t5,1.0,0.04,1600
True,5,5,0.051903755304699796,0.01346999907365076,-0.012203643695641827,0.01747954230889575,,0.0575285057490581,7.061232225533527,0.7196518895828035,,False,1.0,1.0,9.996911312954799e-07,9.470531202265264e-07,True,0.003442094520262141,3.7202270828426885e-21,0.15352047501161092,2.1441287309274857e-21,76.73480137463662,2.1739502265820622e-17,True,True,True,18,5.314290285110474,t5_lam1.00_D0.04_n1600,t5,1.0,0.04,1600
True,5,5,0.09349267871471238,0.04370440486626216,0.01617591668538636,0.026818464634500952,,0.10980743645920803,15.244291352866401,0.12340601421289796,,False,1.0,0.997289972899729,8.312152596767241e-07,8.911614137998751e-07,True,0.003911094163035772,8.640118253852075e-24,0.17436238771364768,4.3084544786311916e-24,44.88117691892602,1.7954621796154623e-10,True,True,True,19,5.274092197418213,t5_lam1.00_D0.04_n1600,t5,1.0,0.04,1600
True,5,5,0.0955424829969674,0.04564183028612902,0.021865133067234477,0.023821332981816015,,0.11049682259793109,21.58957259961862,0.017337594010297587,,True,1.0,1.0,7.946763718128127e-07,9.923966627653959e-07,True,0.004174840304993067,2.861439906590423e-25,0.18465690625819273,1.529721226294455e-25,54.983310827831524,1.1495444138500437e-12,True,True,True,20,5.0672807693481445,t5_lam1.00_D0.04_n1600,t5,1.0,0.04,1600
True,5,5,0.06743804168916735,0.022739447334349364,-0.0016277536545188653,0.01890555605206216,,0.07677124303702518,10.408651593444446,0.40540136043281005,,False,1.0,1.0,9.164533783795109e-07,9.665307758592075e-07,True,0.004058848125630562,1.2803646603423383e-24,0.17836730210666574,1.0148306147619568e-24,40.98711635258872,1.2582321253994269e-09,True,True,True,21,5.013177156448364,t5_lam1.00_D0.04_n1600,t5,1.0,0.04,1600
True,5,5,0.055088550938699535,0.015173742222628466,-0.00968228556641454,0.01562242066138018,,0.056593833091986734,8.817102525061916,0.5495448646194608,,False,1.0,1.0,9.920576747136555e-07,9.649761049260029e-07,True,0.0033950208048318295,6.84138249377982e-21,0.150251067669691,6.14382146853894e-21,42.32901119249461,6.43238465678511e-10,True,True,True,22,5.2987220287323,t5_lam1.00_D0.04_n1600,t5,1.0,0.04,1600
True,5,5,0.08698586028627502,0.03783269944871678,0.014902093633494925,0.02201765002841983,,0.10111172547206329,17.722920478135254,0.059821363797242705,,False,1.0,0.997289972899729,8.093687190635247e-07,7.911138652798236e-07,True,0.0029863312676070525,1.3611966052912864e-18,0.13258924047285442,1.0527277550697214e-18,23.169866638755536,9.305235870710257e-06,True,True,True,23,5.235615968704224,t5_lam1.00_D0.04_n1600,t5,1.0,0.04,1600
True,5,5,0.07590019635425366,0.028804199033071298,0.004147643486217687,0.020132030230077664,,0.08632715265553198,13.598758359393916,0.1920924827360238,,False,1.0,1.0,8.738515830643256e-07,6.296599310239207e-07,True,0.0027209186355748177,4.2537645767987346e-17,0.12071470083131404,3.6199535307502645e-17,33.30156787866694,5.870247547691697e-08,True,True,True,24,4.869024038314819,t5_lam1.00_D0.04_n1600,t5,1.0,0.04,1600
True,5,5,0.06488389929961827,0.02104960194161502,-0.000696929903139399,0.017982267765312816,,0.07600166899673708,8.482961789646957,0.5817706352813465,,False,0.997289972899729,0.997289972899729,8.550409075776856e-07,7.955712317431674e-07,True,0.0028335924914575346,9.861889743695152e-18,0.12733913909697944,4.7434935937406206e-18,20.083198262957644,4.3550075044855904e-05,True,True,True,25,4.972332000732422,t5_lam1.00_D0.04_n1600,t5,1.0,0.04,1600
True,5,5,0.07888850398124303,0.031116980301992992,0.004990813358681352,0.02289979988661142,,0.09236626251899235,11.441483716857077,0.3241717398004477,,False,0.994579945799458,1.0,7.646630936900801e-07,8.969951299056485e-07,True,0.0034499145830458465,3.3621808111602035e-21,0.1532314657068285,2.2461618503431914e-21,54.51141049597753,1.4554510723504907e-12,True,True,True,26,5.190889835357666,t5_lam1.00_D0.04_n1600,t5,1.0,0.04,1600
True,5,5,0.07044399989413867,0.024811785605427045,5.729185777132717e-05,0.020436677693839875,,0.08206416426836027,9.669000549617667,0.4699969440191245,,False,0.997289972899729,1.0,8.027798517442484e-07,8.540179356312065e-07,True,0.002680713805293148,7.167576652632079e-17,0.1182933888549167,6.406198594444617e-17,35.653048764844556,1.81150204731696e-08,True,True,True,27,5.220845937728882,t5_lam1.00_D0.04_n1600,t5,1.0,0.04,1600
True,5,5,0.06756575995643024,0.02282565959244976,-0.0006909405679611513,0.017993529634721464,,0.07603391600249094,10.963475725595966,0.3603706638858806,,False,1.0,1.0,9.197386449168744e-07,6.67517082847539e-07,True,0.0030091344038705235,1.0129029735784846e-18,0.13347378202810495,7.063802349962415e-19,22.19901129553331,1.5119796477796797e-05,True,True,True,28,4.877485036849976,t5_lam1.00_D0.04_n1600,t5,1.0,0.04,1600
True,5,5,0.06893504011946451,0.023760198781360903,0.002888422940957841,0.016458179423195746,,0.07740764698428632,14.29823312606831,0.15981771397901137,,False,1.0,1.0,8.766976991511711e-07,9.517277899174125e-07,True,0.004436093697939132,9.805015349933677e-27,0.19560009713259255,1.1726751708325306e-26,62.64010158539094,2.499624471574688e-14,True,True,True,29,4.884073257446289,t5_lam1.00_D0.04_n1600,t5,1.0,0.04,1600
True,5,5,0.05474952503087242,0.01498755245553063,-0.009913276365700071,0.01882009716145566,,0.06487376774922106,5.677645419441984,0.8415800613715414,,False,1.0,1.0,9.549097413524653e-07,8.77303302142207e-07,True,0.002884486191125673,5.097141438582608e-18,0.12912648896733547,1.5577614005029826e-18,48.04287604579305,3.695064462194002e-11,True,True,True,30,4.948385000228882,t5_lam1.00_D0.04_n1600,t5,1.0,0.04,1600
True,5,5,0.09606343596716317,0.0461409186490863,0.023194233991079137,0.023884517836897434,,0.11178619752284896,19.55205182259281,0.0337858145633117,,True,1.0,0.997289972899729,8.231894526112049e-07,7.102874850951773e-07,True,0.0021577358006974598,6.420732453791494e-14,0.09555531849044697,4.498700340811718e-14,33.67109562494421,4.879940033050658e-08,True,True,True,31,4.988484144210815,t5_lam1.00_D0.04_n1600,t5,1.0,0.04,1600
True,5,5,0.07413744236499402,0.02748180180211405,0.005313183554831728,0.018617305413147062,,0.08477726804717164,13.3233027529291,0.20615309291784134,,False,1.0,0.997289972899729,8.699002641371303e-07,9.5254753507181e-07,True,0.0028001519842052397,1.521711441661779e-17,0.12473601798215314,9.695510858461182e-18,16.80768375648341,0.00022400506869967322,True,True,True,32,5.026108980178833,t5_lam1.00_D0.04_n1600,t5,1.0,0.04,1600
True,5,5,0.10682553512812541,0.05705847477705178,0.030944646840689944,0.028912153996857037,,0.12530036568613814,22.009059381137586,0.0150585153009855,,True,1.0,1.0,9.081384414773956e-07,7.86981825795358e-07,True,0.0033581845400302017,1.1020635839918331e-20,0.14734385216376727,1.1703285187265294e-20,42.101332448449845,7.207950880599028e-10,True,True,True,33,4.989958763122559,t5_lam1.00_D0.04_n1600,t5,1.0,0.04,1600
True,5,5,0.09129907735295635,0.04167760762750554,0.017747351941894408,0.022028228553943364,,0.1039043440614146,20.455804697517614,0.025224642271263555,,True,1.0,0.997289972899729,9.95082321088495e-07,8.461593785054751e-07,True,0.0032839841040080394,2.8798802350739634e-20,0.14540129925033604,2.689128972387748e-20,36.157870557022406,1.4074020194668324e-08,True,True,True,34,5.082180976867676,t5_lam1.00_D0.04_n1600,t5,1.0,0.04,1600
True,5,5,0.07450151317237823,0.02775237732487023,0.0018898857846795548,0.02219102072461679,,0.08762518668661513,10.204880816725815,0.42270612321618184,,False,1.0,1.0,9.095952576420577e-07,9.582415434145985e-07,True,0.003127188329609515,2.194088226667545e-19,0.13819054478320622,1.6085843644489408e-19,25.959476156684087,2.3065951580192633e-06,True,True,True,35,5.128843069076538,t5_lam1.00_D0.04_n1600,t5,1.0,0.04,1600
True,5,5,0.0597507245853193,0.0178507454423534,-0.006460636167284237,0.016971035367913397,,0.06550455390390782,9.080194214833039,0.5245101681845932,,False,1.0,0.997289972899729,8.958373147027745e-07,6.720600920892169e-07,True,0.002791057332494198,1.712252808330139e-17,0.12363851717997847,1.5361988150599366e-17,28.375972140277774,6.890265241125028e-07,True,True,True,36,4.8561389446258545,t5_lam1.00_D0.04_n1600,t5,1.0,0.04,1600
True,5,5,0.10042686746420133,0.05042777854336131,0.026940761523286193,0.02542298751561768,,0.11726709235441282,22.699569723716884,0.011911517216815501,,True,0.997289972899729,1.0,9.242735807774577e-07,8.662089825695058e-07,True,0.003540891440272491,1.0361224521875914e-21,0.15555950142440808,1.0052999933608142e-21,59.8597852684987,1.0037204785350293e-13,True,True,True,37,4.841022968292236,t5_lam1.00_D0.04_n1600,t5,1.0,0.04,1600
True,5,5,0.07887279606281011,0.031104589793828172,0.008540398437978842,0.02016821889686364,,0.0913391114907915,14.094638073742901,0.1687184778542677,,False,1.0,1.0,9.711263626968002e-07,9.509209374210247e-07,True,0.003133209188944618,2.0294641257162432e-19,0.13882257210206575,1.1589583505714767e-19,36.22156370115265,1.3632872697904731e-08,True,True,True,38,4.987547159194946,t5_lam1.00_D0.04_n1600,t5,1.0,0.04,1600
True,5,5,0.07160836993367965,0.02563879322279358,0.0018907079953499328,0.019044870651849025,,0.08150672679216782,12.907794636583892,0.22887292227396916,,False,1.0,1.0,9.638301460722848e-07,8.8325701629504e-07,True,0.003343132276241126,1.3391367871971582e-20,0.14742530025872994,9.185715750757288e-21,27.341410510866524,1.1558145141992746e-06,True,True,True,39,4.889867782592773,t5_lam1.00_D0.04_n1600,t5,1.0,0.04,1600
True,5,5,0.07864768385535142,0.030927290879056532,0.0023846639909501366,0.02450217459262827,,0.09239821939608246,12.513764259440363,0.2521416915248567,,False,1.0,1.0,8.769883187789712e-07,9.853181824754e-07,True,0.0035913405707881257,5.394978939239818e-22,0.15913569558840696,3.2026853430465583e-22,42.81183390036247,5.052756721336618e-10,True,True,True,40,4.834605932235718,t5_lam1.00_D0.04_n1600,t5,1.0,0.04,1600
True,5,5,0.10921795730695168,0.059642810991515596,0.03677938018670311,0.02753256834507056,,0.12811434352825737,24.541159028732768,0.006286515548379825,,True,1.0,1.0,9.766465882126615e-07,8.372505740891947e-07,True,0.0019612720296683303,8.305549748434789e-13,0.08943583287684055,3.478004032494618e-13,19.084875467384272,7.174174704580452e-05,True,True,True,41,4.885048151016235,t5_lam1.00_D0.04_n1600,t5,1.0,0.04,1600
True,5,5,0.08967302824744887,0.04020625997533882,0.014976010001894281,0.02585653231910352,,0.10724385387271353,16.56834695612592,0.08447789738183789,,False,1.0,0.997289972899729,9.424970085749568e-07,8.293074439290212e-07,True,0.00266078106730778,9.283934640279209e-17,0.11693418763378598,7.862341254641948e-17,38.20720107407958,5.051399329765583e-09,True,True,True,42,4.969841957092285,t5_lam1.00_D0.04_n1600,t5,1.0,0.04,1600
True,5,5,0.0663682360953121,0.022023713812015438,-0.001247660481715717,0.017525041745799906,,0.07426771572673986,11.690302031547308,0.30631800096244893,,False,0.997289972899729,0.997289972899729,9.83877609803592e-07,8.670678634159942e-07,True,0.0026258383729104336,1.461265907585381e-16,0.11792023558350151,7.04255719994171e-17,42.74623239652398,5.221239008493061e-10,True,True,True,43,4.844206094741821,t5_lam1.00_D0.04_n1600,t5,1.0,0.04,1600
True,5,5,0.07393384461354024,0.027331066896695566,0.002079980793006069,0.02136091122598692,,0.08627346416837459,9.876380538586606,0.45140506725967255,,False,1.0,1.0,7.277064137496396e-07,6.276032203360605e-07,True,0.003778712825542648,4.782814383414147e-23,0.16646329433157472,3.328096811437674e-23,50.089670705682664,1.3279025536590932e-11,True,True,True,44,4.841881275177002,t5_lam1.00_D0.04_n1600,t5,1.0,0.04,1600
True,5,5,0.09701648261911759,0.04706098949892773,0.02251587942782188,0.025099220756721607,,0.11296054507939583,19.1401695086486,0.03851801522727945,,True,1.0,1.0,9.999930587779351e-07,8.030893727129162e-07,True,0.0026866754119527583,6.63390515822399e-17,0.12102753622187475,2.4559314963665673e-17,29.71554682818268,3.526557691193798e-07,True,True,True,45,4.840846061706543,t5_lam1.00_D0.04_n1600,t5,1.0,0.04,1600
True,5,5,0.0840572031755607,0.03532806702848747,0.010245204020542312,0.021803556255302545,,0.09603006050973534,18.12392775042555,0.0529087932405646,,False,1.0,1.0,8.72284805533846e-07,8.01265944858863e-07,True,0.0030198995542278263,8.81003448226491e-19,0.13262855862251283,7.694600116251371e-19,32.728020771874874,7.819888983827308e-08,True,True,True,46,4.8260838985443115,t5_lam1.00_D0.04_n1600,t5,1.0,0.04,1600
True,5,5,0.05617197779629798,0.015776455447738966,-0.011058444461262869,0.017965146816128947,,0.06081380178538835,8.023330638578816,0.6265579318096395,,False,1.0,1.0,8.472297428639182e-07,9.454722780929471e-07,True,0.0028918999063411986,4.629966994714475e-18,0.12952606141750178,2.265328562989821e-18,39.542289063967914,2.5912005599259176e-09,True,True,True,47,4.746903657913208,t5_lam1.00_D0.04_n1600,t5,1.0,0.04,1600
True,5,5,0.0651237810436228,0.02120553428708863,-0.0029347821954115796,0.01918518500210651,,0.0756598162025765,8.976141100799726,0.5343693675064891,,False,1.0,1.0,8.61758260056441e-07,8.54902767855673e-07,True,0.004359452607834232,2.637433300309486e-26,0.1916192526615986,2.1196472159809792e-26,37.84455420629743,6.055631913351083e-09,True,True,True,48,4.7883288860321045,t5_lam1.00_D0.04_n1600,t5,1.0,0.04,1600
True,5,5,0.06375308094080159,0.02032227664722199,-0.00162759440959815,0.0171762903652428,,0.07297244561509926,9.068290857736553,0.5256350397220948,,False,0.997289972899729,1.0,8.952080682451867e-07,9.746645752194113e-07,True,0.0029859513712610134,1.3679155786443522e-18,0.12960423252367217,1.831144755961751e-18,28.933583574470596,5.213773447297958e-07,True,True,True,49,4.84929895401001,t5_lam1.00_D0.04_n1600,t5,1.0,0.04,1600
True,5,5,0.06179964641997994,0.019095981488172695,-0.00429703363602036,0.01713418894941751,,0.06911757982206967,8.51269637992807,0.5788875884690853,,False,1.0,1.0,9.721491526782567e-07,9.094636131455466e-07,True,0.0026416488053701784,1.190118241452073e-16,0.11656484090749863,1.0018615793700687e-16,46.64999968749302,7.414489892226882e-11,True,True,True,50,4.8326380252838135,t5_lam1.00_D0.04_n1600,t5,1.0,0.04,1600
True,5,5,0.09178580354282564,0.04212316866001093,0.012820048398771416,0.030551715512194055,,0.11231486853359475,17.73893396387767,0.05953040679668387,,False,1.0,1.0,8.894108189050947e-07,9.973722346385956e-07,True,0.002940038452900599,2.4804334961929262e-18,0.12926529647354404,1.769825953059853e-18,46.155873568157816,9.492473665295395e-11,True,True,True,51,4.833673000335693,t5_lam1.00_D0.04_n1600,t5,1.0,0.04,1600
True,5,5,0.07246004798833265,0.026252292772357348,0.0032708028803967067,0.018750873812174374,,0.08259932890630661,13.46439378547236,0.19885298860642087,,False,1.0,1.0,8.027142297774097e-07,9.011961063704522e-07,True,0.0026825843172827405,6.995664039491008e-17,0.1179970605678663,4.5849912617851726e-17,32.52695226510352,8.646932306553717e-08,True,True,True,52,4.715430021286011,t5_lam1.00_D0.04_n1600,t5,1.0,0.04,1600
True,5,5,0.06834945859569773,0.023358242451624992,-0.001592733681944309,0.020485524187609492,,0.08012859050057884,7.950432235034231,0.6336787590550301,,False,1.0,0.997289972899729,8.236884806942519e-07,9.472435576983155e-07,True,0.002958783003087508,1.9453541395537787e-18,0.13379809564674744,8.370067987264489e-19,40.95730007784428,1.2771305428556265e-09,True,True,True,53,4.648406982421875,t5_lam1.00_D0.04_n1600,t5,1.0,0.04,1600
True,5,5,0.0648255335788276,0.021011749018898525,-0.00010345349638503365,0.016413602821165246,,0.07334101258552343,10.84018949004153,0.37010360625765903,,False,1.0,1.0,8.226599410442441e-07,9.954344401174869e-07,True,0.0028422756724041775,8.81154210802651e-18,0.12465807497686894,5.576260965391388e-18,13.966575096265743,0.0009272498084873836,True,True,True,54,4.7246928215026855,t5_lam1.00_D0.04_n1600,t5,1.0,0.04,1600
True,5,5,0.07494733625892483,0.028085516061541742,0.0017709520106160732,0.02446245986342856,,0.09166037076199436,9.651120741139053,0.4716160129249334,,False,1.0,1.0,8.538124578379386e-07,9.601999100238834e-07,True,0.00416223199546173,3.367541638015728e-25,0.18077308284468271,2.5186821776003616e-25,23.441453032317998,8.123686404112644e-06,True,True,True,55,4.663083076477051,t5_lam1.00_D0.04_n1600,t5,1.0,0.04,1600
True,5,5,0.05511678496395982,0.015189299923816934,-0.007806562556752302,0.01688701493514566,,0.06319826770997085,5.937112353023762,0.8205188142145762,,False,1.0,1.0,9.495790108491592e-07,8.060271726515509e-07,True,0.0032061046320265682,7.894741271275441e-20,0.1395940630690736,8.515277961261483e-20,35.1047636286866,2.382854001619134e-08,True,True,True,56,4.660412073135376,t5_lam1.00_D0.04_n1600,t5,1.0,0.04,1600
True,5,5,0.09112483012034435,0.04151867332230809,0.020312284117912117,0.02312866256741012,,0.10803291038239542,18.46259964921167,0.04764388953776845,,True,1.0,1.0,8.749852005498875e-07,8.564124654249358e-07,True,0.0018265452959342716,4.8182906660222466e-12,0.08111308896208512,3.307837821429075e-12,34.46923541648724,3.274165527015817e-08,True,True,True,57,4.728377103805542,t5_lam1.00_D0.04_n1600,t5,1.0,0.04,1600
True,5,5,0.08745125391892689,0.038238609059963125,0.012897409799055633,0.021531979699825076,,0.09829991322860705,19.993527929083704,0.02931396244862536,,True,1.0,0.997289972899729,9.982413172271809e-07,7.742709354872614e-07,True,0.003527055969232994,1.2392114763341006e-21,0.15634670517692495,7.437651272490806e-22,54.04779946620638,1.835141119346105e-12,True,True,True,58,4.819944858551025,t5_lam1.00_D0.04_n1600,t5,1.0,0.04,1600
True,5,5,0.05682875933209197,0.016147539436124153,-0.010814946787648053,0.019174434657799826,,0.06438041876840815,6.227029907655522,0.795842080627882,,False,1.0,1.0,7.65031141845009e-07,9.18858972381637e-07,True,0.0029887546443058055,1.3191061212112749e-18,0.13536102652842222,4.613453768366876e-19,41.19878545798546,1.1318722363020835e-09,True,True,True,59,4.778075933456421,t5_lam1.00_D0.04_n1600,t5,1.0,0.04,1600
True,5,5,0.07875355690409591,0.03101061362523336,0.005548658158448558,0.020648462252955413,,0.08889584488174106,14.506080150771009,0.1511335568085746,,False,1.0,1.0,8.191456652685724e-07,8.302109425746657e-07,True,0.004382254525310623,1.9648192464262986e-26,0.19194195106963963,2.3847807225152942e-26,67.85822531890037,1.8398126310055063e-15,True,True,True,60,4.663393020629883,t5_lam1.00_D0.04_n1600,t5,1.0,0.04,1600
True,5,5,0.07514141719115242,0.028231162887474074,0.005573892031509112,0.01963969418739605,,0.0870382838156466,11.952288402764784,0.2882623571049189,,False,1.0,0.997289972899729,8.829032859414737e-07,8.144597686774789e-07,True,0.0019093150513898747,1.6357007005367455e-12,0.08550828340780442,1.1054564170468153e-12,11.176558665716845,0.0037414601367202777,True,True,True,61,4.664708852767944,t5_lam1.00_D0.04_n1600,t5,1.0,0.04,1600
True,5,5,0.06348102157093467,0.020149200498447362,-0.005010495576627635,0.017843163438308895,,0.0697694725810116,10.721931379750977,0.3795885248925925,,False,1.0,1.0,7.958984716289756e-07,9.036474741011252e-07,True,0.003779390931971822,4.74106750966942e-23,0.1674888257389773,3.438814687992698e-23,40.565965299600705,1.5531469875027322e-09,True,True,True,62,4.587657928466797,t5_lam1.00_D0.04_n1600,t5,1.0,0.04,1600
True,5,5,0.06834500088337052,0.023355195728739588,-0.001210455000790353,0.02066882046638166,,0.08097744044874021,8.627233414361358,0.5678074806289545,,False,1.0,1.0,9.678062726998565e-07,7.91275310318522e-07,True,0.002552120495690078,3.805810968064189e-16,0.11519766509463424,2.131774386321661e-16,18.917173505830757,7.801677011456699e-05,True,True,True,63,4.689391851425171,t5_lam1.00_D0.04_n1600,t5,1.0,0.04,1600
True,5,5,0.08204697731224019,0.03365853243037628,0.009422256346222683,0.021681331728723614,,0.09495775216100237,15.198220357849078,0.1250004832924717,,False,0.997289972899729,1.0,8.383897031302368e-07,8.9781047342881e-07,True,0.003079292601990107,4.0807241944856615e-19,0.1376883378482026,2.046601892595096e-19,49.87125831724765,1.48113230219517e-11,True,True,True,64,4.5802388191223145,t5_lam1.00_D0.04_n1600,t5,1.0,0.04,1600
True,5,5,0.057366029098798364,0.016454306472820902,-0.005107472345008891,0.015322856339315842,,0.0633977657019096,8.581020371843527,0.5722729396959259,,False,1.0,1.0,8.14975092145203e-07,9.620442131956257e-07,True,0.0022430566800992354,2.114855393080053e-14,0.099202627460027,1.750816192071678e-14,31.49922156820218,1.4455427648581602e-07,True,True,True,65,4.552979946136475,t5_lam1.00_D0.04_n1600,t5,1.0,0.04,1600
True,5,5,0.07486762499245661,0.028025806360055572,0.004512615489976467,0.020069757157374007,,0.08663074320622947,12.365280234592671,0.2613531366918039,,False,0.994579945799458,1.0,9.288705023937941e-07,9.225651370114191e-07,True,0.004539594104989012,2.5775669876672513e-27,0.20048042231896407,2.1864633376399115e-27,56.77922541262835,4.683255569555506e-13,True,True,True,66,4.578178882598877,t5_lam1.00_D0.04_n1600,t5,1.0,0.04,1600
True,5,5,0.08660294089516044,0.03750034685845326,0.015624672945647861,0.021195803240117436,,0.10048747860435626,17.789332109085564,0.058623004626774514,,False,1.0,1.0,9.70808805706737e-07,9.522479986431608e-07,True,0.003493578095295777,1.9109673785010117e-21,0.1546460813343447,1.6192178905287346e-21,47.24122863172917,5.516930887758074e-11,True,True,True,67,4.544373989105225,t5_lam1.00_D0.04_n1600,t5,1.0,0.04,1600
True,5,5,0.08681796571096412,0.0376867958509507,0.010793988712140282,0.03043059827992787,,0.11031579094869678,9.525116068684781,0.48309530208660734,,False,1.0,1.0,9.072626820231065e-07,9.586397951797015e-07,True,0.003155220581455137,1.5259980660506098e-19,0.1393292879353258,1.241606658038401e-19,28.234422226957662,7.395594887463629e-07,True,True,True,68,4.488149881362915,t5_lam1.00_D0.04_n1600,t5,1.0,0.04,1600
True,5,5,0.07321966034310719,0.02680559330379992,0.0034873735065538806,0.02163682274683546,,0.08840450200910846,11.670770548431323,0.3076946678780605,,False,1.0,1.0,8.357990842893126e-07,9.251180661414965e-07,True,0.0029862167567916787,1.3632183985807133e-18,0.13243786136628327,8.744694834658786e-19,19.687524689206935,5.3077240118594265e-05,True,True,True,69,4.461002826690674,t5_lam1.00_D0.04_n1600,t5,1.0,0.04,1600
True,5,5,0.09048180505765256,0.04093478523245521,0.018103367575283153,0.022573283449939065,,0.10510291597298246,20.394164062871976,0.02573742042077846,,True,1.0,1.0,9.85393061043596e-07,8.823442910258575e-07,True,0.0038215707559872865,2.7482770179508684e-23,0.16974082622084272,1.7127646955523696e-23,71.69483452681558,2.7018702664736344e-16,True,True,True,70,4.651539087295532,t5_lam1.00_D0.04_n1600,t5,1.0,0.04,1600
True,5,5,0.059027625450757376,0.0174213028317745,-0.008821357557636793,0.018028726352121698,,0.06454960630703516,7.68384792773513,0.6596869733154702,,False,1.0,1.0,7.826968690871736e-07,8.770373873967946e-07,True,0.004238023289344107,1.2652534750776356e-25,0.1873814176107187,9.655333967458197e-26,71.98021465618737,2.3425829837841505e-16,True,True,True,71,4.603203058242798,t5_lam1.00_D0.04_n1600,t5,1.0,0.04,1600
True,5,5,0.06484569505739891,0.021024820837385848,-0.006058098456267574,0.021878507057644516,,0.07736774939182654,6.684421150997448,0.7548637021464604,,False,1.0,1.0,8.818274012778516e-07,8.300896188577693e-07,True,0.0035334457607750047,1.140890886820813e-21,0.15753314532278284,5.196386342585781e-22,50.85936581701462,9.037098924074771e-12,True,True,True,72,4.510723114013672,t5_lam1.00_D0.04_n1600,t5,1.0,0.04,1600
True,5,5,0.07224913123896827,0.026099684823928306,0.0031655565336889922,0.019691003614495925,,0.08432600458613838,11.115281491452226,0.348607364021025,,False,1.0,1.0,8.069396998587572e-07,9.944058247259442e-07,True,0.002689069017341519,6.430989216908129e-17,0.11989652137135089,3.5862433135863155e-17,21.81099419178124,1.8357045689255656e-05,True,True,True,73,4.360882759094238,t5_lam1.00_D0.04_n1600,t5,1.0,0.04,1600
True,5,5,0.08031122942722216,0.032249467860559565,0.009354812199176225,0.021549543930813066,,0.09465797134201025,13.06146686543686,0.22025541917124428,,False,1.0,1.0,8.832924508491932e-07,9.55733926739042e-07,True,0.0035550883094708184,8.622822945844956e-22,0.1573037194316072,5.380374504331933e-22,54.66884548781589,1.3452748908976023e-12,True,True,True,74,4.475500106811523,t5_lam1.00_D0.04_n1600,t5,1.0,0.04,1600
True,5,5,0.09041140511107305,0.04087111087079284,0.016494036598880248,0.022541180716132897,,0.10350940001331282,20.57886831462826,0.0242292545853839,,True,1.0,1.0,8.485247919398393e-07,9.639980278024224e-07,True,0.003117704485878919,2.48090820370012e-19,0.13897439621730376,1.4358498783968927e-19,50.90983994399107,8.811882933295207e-12,True,True,True,75,4.621167898178101,t5_lam1.00_D0.04_n1600,t5,1.0,0.04,1600
True,5,5,0.06810722971918275,0.023192973700107644,-0.0003504407625920733,0.018859916906197944,,0.07832159595484632,10.190273651620922,0.42396162364857476,,False,0.997289972899729,1.0,9.663699901049022e-07,8.970007890517046e-07,True,0.0028006908649054634,1.5111115921950143e-17,0.1239067600954795,1.1109390206876445e-17,32.101534684136816,1.0696465950202647e-07,True,True,True,76,4.525998115539551,t5_lam1.00_D0.04_n1600,t5,1.0,0.04,1600
True,5,5,0.09988264666118911,0.04988271552021976,0.02697124117716715,0.025750035318040074,,0.11775082179260904,20.290552871347607,0.026621272615639093,,True,1.0,1.0,7.694226389916764e-07,9.453556491362874e-07,True,0.003394056944588179,6.927261524008333e-21,0.1516229117768985,3.988067220925601e-21,44.53939006345628,2.130072247611051e-10,True,True,True,77,4.479094982147217,t5_lam1.00_D0.04_n1600,t5,1.0,0.04,1600
True,5,5,0.08203189711291982,0.03364616071972332,0.009907804473207153,0.0216621914657939,,0.09543473023321801,15.957050196388884,0.10086850626693529,,False,1.0,1.0,8.444120824984898e-07,8.130818203813545e-07,True,0.0024602469489777784,1.2554067002691582e-15,0.10908101869536022,8.222246915416842e-16,39.11930228904043,3.201484768738233e-09,True,True,True,78,4.445764064788818,t5_lam1.00_D0.04_n1600,t5,1.0,0.04,1600
True,5,5,0.10464825022991588,0.05475628138091544,0.028220463281962975,0.027584346142533713,,0.1213199695693948,22.960774570485377,0.010892295615576357,,True,1.0,1.0,8.827046118573127e-07,9.92535291339418e-07,True,0.0031851844436456495,1.0351539377663841e-19,0.1430477290159151,4.9371124899244937e-20,72.41599851489569,1.883934163456676e-16,True,True,True,79,4.542760848999023,t5_lam1.00_D0.04_n1600,t5,1.0,0.04,1600
True,5,5,0.08883679003401845,0.039459876317741394,0.015279827135787877,0.02095843397456377,,0.09975307842274547,23.08514957021597,0.010436603351026407,,True,1.0,1.0,9.358219843162737e-07,8.673425320339094e-07,True,0.0032871008586909515,2.765982554802758e-20,0.14433694163669897,2.4185827909798466e-20,66.27802735356138,4.054237855563585e-15,True,True,True,80,4.382981300354004,t5_lam1.00_D0.04_n1600,t5,1.0,0.04,1600
True,5,5,0.08167197452034484,0.03335155711025929,0.008451213606879018,0.020456506111146133,,0.09175965549036535,18.557998493179937,0.04624949197959671,,True,1.0,1.0,9.44889146966816e-07,9.583977413726091e-07,True,0.00330571076069047,2.1737663098267502e-20,0.1467450319537143,1.4617440594508802e-20,64.2516587756451,1.116682140340377e-14,True,True,True,81,4.464292049407959,t5_lam1.00_D0.04_n1600,t5,1.0,0.04,1600
True,5,5,0.09889140125551954,0.048897546211400855,0.0268475716880645,0.026237601795956817,,0.11832547161507748,19.24165825800265,0.037298466586916636,,True,1.0,0.997289972899729,8.595278052595119e-07,9.530093085408937e-07,True,0.0031351981707927806,1.9778426818264445e-19,0.13931115775765496,9.164104022081479e-20,31.68883702294081,1.3147902398550742e-07,True,True,True,82,4.448029041290283,t5_lam1.00_D0.04_n1600,t5,1.0,0.04,1600
True,5,5,0.08399977170958924,0.035279808236315546,0.010123737633732793,0.022539597127200738,,0.0971576818562834,16.43287984901078,0.08789318649055253,,False,1.0,1.0,8.304692240472412e-07,9.648292113612712e-07,True,0.0022602927626794007,1.6899872726239928e-14,0.10081569879160077,1.115717302716355e-14,26.483823921910947,1.7746417951432521e-06,True,True,True,83,4.486761808395386,t5_lam1.00_D0.04_n1600,t5,1.0,0.04,1600
True,5,5,0.0852081000912622,0.03630210160581279,0.012486261757209217,0.024124806746025376,,0.1021450318252556,14.273459562101218,0.1608797013922188,,False,1.0,1.0,8.022866111995559e-07,7.768661580800136e-07,True,0.003265337496784445,3.666274781526443e-20,0.14452927947603833,2.17322422812512e-20,42.72088626363991,5.287829176939237e-10,True,True,True,84,4.3140552043914795,t5_lam1.00_D0.04_n1600,t5,1.0,0.04,1600
True,5,5,0.058868743570622516,0.01732764484791855,-0.008356024640484145,0.019106604739256215,,0.06792870301074447,7.071573820535212,0.7186711135323796,,False,1.0,1.0,9.274104793240837e-07,6.694768649845291e-07,True,0.002920260624977599,3.205402503543422e-18,0.128341510324395,1.9328171732505942e-18,21.435288505402973,2.2150638123483646e-05,True,True,True,85,4.417987108230591,t5_lam1.00_D0.04_n1600,t5,1.0,0.04,1600
True,5,5,0.07259789080310905,0.026352268745300726,0.0034102438178831643,0.01808539908612955,,0.08143473227016615,13.206836404060613,0.21233622035078614,,False,1.0,1.0,9.049588096963208e-07,9.977581103775352e-07,True,0.002926007095719232,2.975276324059484e-18,0.13095128620646826,1.5879928237659384e-18,27.919695335567024,8.655958979925026e-07,True,True,True,86,4.404324769973755,t5_lam1.00_D0.04_n1600,t5,1.0,0.04,1600
True,5,5,0.0622251953839199,0.019359874702835032,-0.003516614610840057,0.017114802906822147,,0.07019220900499705,8.528337551448674,0.5773720573783058,,False,1.0,1.0,7.492358822430195e-07,9.59073559243775e-07,True,0.0027803594704460797,1.9671525161900824e-17,0.12420804620370109,1.0113357035773414e-17,39.940608621077146,2.1232788609598166e-09,True,True,True,87,4.392716884613037,t5_lam1.00_D0.04_n1600,t5,1.0,0.04,1600
True,5,5,0.118854846047544,0.07063237214492692,0.04849569456648322,0.02729543333725499,,0.1366694458103048,33.70762994973287,0.0002069804311393891,,True,1.0,1.0,9.236084115285652e-07,8.872406461605878e-07,True,0.0026491429549956097,1.0797933238352544e-16,0.12074790080351519,2.844061621242694e-17,44.466172214653106,2.209496855939516e-10,True,True,True,88,4.313425779342651,t5_lam1.00_D0.04_n1600,t5,1.0,0.04,1600
True,5,5,0.09207187513616205,0.04238615095544508,0.017575797911333804,0.023611554991090706,,0.10621991317676123,21.578664241470857,0.017400981544815498,,True,1.0,1.0,9.812482519947574e-07,9.64894394323552e-07,True,0.002469227357973684,1.1171368446224486e-15,0.1097902123646216,7.141699017167309e-16,26.011670638622476,2.2471780715813865e-06,True,True,True,89,4.517096996307373,t5_lam1.00_D0.04_n1600,t5,1.0,0.04,1600
True,5,5,0.04344607672283623,0.00943780791303286,-0.014101552107330894,0.015531688061553002,,0.04784516973194565,3.8054135165182537,0.9556984347755245,,False,0.997289972899729,1.0,9.421982507754111e-07,8.337945757677537e-07,True,0.003451092861060984,3.311305793462626e-21,0.15570049154516402,1.4654305439169125e-21,52.7201540451301,3.564215927043361e-12,True,True,True,90,4.51810097694397,t5_lam1.00_D0.04_n1600,t5,1.0,0.04,1600
True,5,5,0.0915796423506289,0.04193415446534551,0.016279513509235836,0.02224338790247032,,0.10282668017231972,22.04313092029873,0.01488637730507459,,True,1.0,1.0,9.998014281071764e-07,9.157343556936528e-07,True,0.0033633032021308596,1.0314124014783381e-20,0.15131241945530324,3.971483385376597e-21,44.14492010504232,2.594492365937931e-10,True,True,True,91,4.517700910568237,t5_lam1.00_D0.04_n1600,t5,1.0,0.04,1600
True,5,5,0.11947052739920391,0.07136603458521967,0.04968839643022168,0.031201062038084065,,0.14213344186946444,25.53395219722133,0.004420232481142504,,True,0.997289972899729,1.0,9.292411071316384e-07,6.876380083118766e-07,True,0.0034337355875562205,4.1452184264601915e-21,0.15188960301484536,3.8754795958654945e-21,40.262062737910185,1.8080238766442286e-09,True,True,True,92,4.488656044006348,t5_lam1.00_D0.04_n1600,t5,1.0,0.04,1600
True,5,5,0.07168765743825807,0.02569560114492519,0.00036359088166338857,0.021168183756174668,,0.08388343663558678,9.800498271769111,0.45816730707003317,,False,1.0,1.0,9.897637712295485e-07,9.493399492972915e-07,True,0.003379633193111021,8.349053814738066e-21,0.15272567275228727,2.117103792505002e-21,41.58878950316375,9.313418207969613e-10,True,True,True,93,4.4609880447387695,t5_lam1.00_D0.04_n1600,t5,1.0,0.04,1600
True,5,5,0.0925570146649739,0.042834004818460975,0.01914234403288116,0.02566398822220241,,0.11077531145721113,14.58368358134815,0.14799317117462732,,False,1.0,1.0,8.251011833686887e-07,8.92494226131942e-07,True,0.003361543856156545,1.055169844844242e-20,0.14926016932898012,7.208535526222151e-21,52.36939564552557,4.247469072373804e-12,True,True,True,94,4.363783836364746,t5_lam1.00_D0.04_n1600,t5,1.0,0.04,1600
True,5,5,0.08780593408716066,0.03854941030459401,0.010940874156418447,0.027768911529407168,,0.1064111544924294,11.926467158008478,0.2900079371842618,,False,1.0,0.997289972899729,7.598249166913034e-07,9.936759689045628e-07,True,0.0032689056280693868,3.5007473089203547e-20,0.14550382763503505,2.2360584106872834e-20,17.213737290965156,0.0001828455692116949,True,True,True,95,4.520774841308594,t5_lam1.00_D0.04_n1600,t5,1.0,0.04,1600
True,5,5,0.12806116063044107,0.08199830431007817,0.058390441653259226,0.03238243505301763,,0.1494354759752421,32.11175964749964,0.00038362100550272784,,True,1.0,1.0,9.739180461413191e-07,8.140180778445332e-07,True,0.002459076817922586,1.27464103892901e-15,0.11098238706922128,5.333144179441496e-16,25.356928775596657,3.117546050784073e-06,True,True,True,96,4.291901111602783,t5_lam1.00_D0.04_n1600,t5,1.0,0.04,1600
True,5,5,0.07389807884047572,0.027304630281565826,0.002534212065614626,0.019472767549278323,,0.08314332732796782,14.314549406503167,0.1591214289087044,,False,1.0,1.0,9.033969047262672e-07,9.56156244909889e-07,True,0.003828672836911277,2.5071992218212007e-23,0.16817753564086976,2.3158342672333034e-23,71.35644443273807,3.199963077749046e-16,True,True,True,97,4.438133001327515,t5_lam1.00_D0.04_n1600,t5,1.0,0.04,1600
True,5,5,0.08652073091841322,0.03742918439328233,0.01579608305708842,0.021667207617216043,,0.10142531054147855,18.71447675460514,0.04404276225582392,,True,1.0,1.0,7.696323510782861e-07,9.735789303963802e-07,True,0.003444512203148882,3.605637600689753e-21,0.15208410101230893,3.581505425906789e-21,51.68640123525098,5.97641265987092e-12,True,True,True,98,4.335599660873413,t5_lam1.00_D0.04_n1600,t5,1.0,0.04,1600
True,5,5,0.056313838704550194,0.015856242148210478,-0.007577340105411379,0.016659379020841362,,0.0629680869961583,7.094747771344346,0.7164709360976782,,False,1.0,1.0,8.306753074802446e-07,9.513711021765261e-07,True,0.002557247485363269,3.560649751599431e-16,0.11220934193098774,3.721039542107915e-16,11.207908223771602,0.003683270819596353,True,True,True,99,4.360627889633179,t5_lam1.00_D0.04_n1600,t5,1.0,0.04,1600
True,5,5,0.08558005180530845,0.03661972633499638,0.009353468575263202,0.02388648588193046,,0.0986339105108194,16.604446873940145,0.08358774549158443,,False,1.0,1.0,9.380017387954705e-07,7.518442025284147e-07,True,0.002377018507236985,3.703274717269829e-15,0.10805788137259752,1.5224216741642148e-15,34.39451536242064,3.3988021568614716e-08,True,True,True,100,4.411231994628906,t5_lam1.00_D0.04_n1600,t5,1.0,0.04,1600
True,5,5,0.07968192669993264,0.03174604721306719,0.009533724597822667,0.019757321697004015,,0.0916860151277028,15.03111108513593,0.13093171238563453,,False,1.0,1.0,9.441454093983655e-07,7.517429709122091e-07,True,0.003541221555479004,1.0317069985034018e-21,0.15716338019713888,9.121857854813802e-22,51.572097224483706,6.327925793379768e-12,True,True,True,101,4.321843862533569,t5_lam1.00_D0.04_n1600,t5,1.0,0.04,1600
True,5,5,0.10533038549608705,0.05547245054377152,0.03136735384986091,0.024472456029530708,,0.1196837181160787,29.498224115163737,0.0010343443048237754,,True,1.0,1.0,9.636996582695846e-07,9.290449461710342e-07,True,0.002693740478771529,6.052679823527387e-17,0.12105212076188056,3.0977669727514945e-17,42.247638213901936,6.699492806368581e-10,True,True,True,102,4.462701082229614,t5_lam1.00_D0.04_n1600,t5,1.0,0.04,1600
True,5,5,0.06513392566151469,0.021212141360398607,-0.0030604019110444455,0.01902320275245325,,0.07513984579776765,8.22019754894668,0.6073380003495873,,False,1.0,1.0,8.342120893849401e-07,8.268039758774694e-07,True,0.003447881461136641,3.451811043528447e-21,0.15224264534457532,2.726548279502955e-21,64.0380707278276,1.242537845901506e-14,True,True,True,103,4.452474117279053,t5_lam1.00_D0.04_n1600,t5,1.0,0.04,1600
True,5,5,0.07023844265122109,0.024667194130344364,-0.0003736295527769287,0.02204938494578416,,0.08472824941817851,10.672663108211339,0.3835825697804751,,False,1.0,1.0,8.906109403545382e-07,9.406330899020452e-07,True,0.0028063302939697167,1.4045183624382147e-17,0.12503808443694064,7.91098855387042e-18,40.9877390969348,1.2578404079164775e-09,True,True,True,104,4.36062216758728,t5_lam1.00_D0.04_n1600,t5,1.0,0.04,1600
True,5,5,0.08942186293025167,0.03998134784958359,0.01815205444903681,0.022069416510332052,,0.10435805118989064,17.185813229018045,0.07035219874345368,,False,1.0,1.0,8.703326081763379e-07,9.707568466503077e-07,True,0.003281813488050873,2.961962431897734e-20,0.146656624198471,1.4133066766786298e-20,56.23618099228574,6.144244025690614e-13,True,True,True,105,4.385680198669434,t5_lam1.00_D0.04_n1600,t5,1.0,0.04,1600
True,5,5,0.07030282209310985,0.024712433971277273,-0.0004913313635488518,0.02119472411631814,,0.08291065971443343,9.672853711605535,0.4696483552927151,,False,1.0,1.0,9.615992420113e-07,9.677887529409654e-07,True,0.003849091227920673,1.9255830184760225e-23,0.1699168941250732,8.052838353701308e-24,83.11925089338138,8.930669108064636e-19,True,True,True,106,4.389642953872681,t5_lam1.00_D0.04_n1600,t5,1.0,0.04,1600
True,5,5,0.11342126014420424,0.06432191126349626,0.0395627028453758,0.02952871326420832,,0.13276529211900143,24.160208645517795,0.00718631612779951,,True,1.0,1.0,8.701663638889408e-07,8.990549404990315e-07,True,0.0022561160501406666,1.7843664234743516e-14,0.09960711891917187,1.2310057027924531e-14,42.11402700131467,7.16234491380174e-10,True,True,True,107,4.41956901550293,t5_lam1.00_D0.04_n1600,t5,1.0,0.04,1600
True,5,5,0.05739928129151522,0.016473387463912442,-0.0101498006387356,0.020247575279007553,,0.06805071196675747,5.825942427054622,0.8296685918719084,,False,1.0,1.0,8.714972423608389e-07,8.049399397508038e-07,True,0.003946983189861146,5.433586697556039e-24,0.17348682161714676,5.476734503409859e-24,57.58462026063893,3.1308235300997965e-13,True,True,True,108,4.353916883468628,t5_lam1.00_D0.04_n1600,t5,1.0,0.04,1600
True,5,5,0.08522356386302431,0.03631527918757491,0.010726364435967278,0.023428516995310063,,0.0992601083918381,15.70066846604233,0.10852773337484159,,False,1.0,1.0,9.914216941885591e-07,9.464521317316822e-07,True,0.0030273639371686113,7.997731378974199e-19,0.1313940934923687,9.480866785058825e-19,14.988440765862894,0.0005562902414440566,True,True,True,109,4.406432867050171,t5_lam1.00_D0.04_n1600,t5,1.0,0.04,1600
True,5,5,0.07429848708922601,0.02760132591873942,0.004569330264226158,0.01953745649807423,,0.08568032031509938,13.542847528358662,0.19488307022224818,,False,1.0,1.0,8.868349407290361e-07,7.544468979286544e-07,True,0.0031946968554939768,9.151676254845125e-20,0.14269920483798967,5.39436104402411e-20,55.29710945559732,9.826192074408352e-13,True,True,True,110,4.393683910369873,t5_lam1.00_D0.04_n1600,t5,1.0,0.04,1600
True,5,5,0.07130238833622031,0.025420152912245832,0.0007537207568043928,0.019193948759362176,,0.08040517021829129,13.896478770212337,0.1777661189308968,,False,1.0,1.0,9.393962337639974e-07,8.966179937776048e-07,True,0.003154554266214394,1.5392255518072178e-19,0.14093496103835382,9.367028672311338e-20,40.103586384522686,1.957117337940135e-09,True,True,True,111,4.454803943634033,t5_lam1.00_D0.04_n1600,t5,1.0,0.04,1600
True,5,5,0.08018298563399788,0.03214655592590955,0.006565003751930119,0.02301754126922057,,0.09426079778159398,12.46887447835347,0.25490077108129633,,False,1.0,0.997289972899729,8.850567397068438e-07,9.660648359220207e-07,True,0.0034498407839522556,3.3653931601638325e-21,0.1563875570167316,9.302266102409366e-22,55.32740500776197,9.67846878144996e-13,True,True,True,112,4.430175065994263,t5_lam1.00_D0.04_n1600,t5,1.0,0.04,1600
True,5,5,0.08695602218284142,0.03780674896931405,0.011623462079368013,0.026446647777218956,,0.10499935866131249,14.330261511600282,0.1584532906922216,,False,1.0,1.0,7.632277298872085e-07,9.636611057911032e-07,True,0.0042570697626028355,9.893518486544023e-26,0.1906300490455608,4.388966833129756e-26,72.5900483654327,1.72691625293381e-16,True,True,True,113,4.567505836486816,t5_lam1.00_D0.04_n1600,t5,1.0,0.04,1600
True,5,5,0.07959361876825763,0.03167572074313366,0.004554355669174882,0.023110166772538566,,0.09226830149562561,14.570259890699123,0.14853247173640538,,False,1.0,1.0,9.311465904537152e-07,8.278085972798383e-07,True,0.0035913086197293755,5.397209058970778e-22,0.15895243432922523,4.569905290512716e-22,25.678271451295302,2.6548146280599535e-06,True,True,True,114,4.479657888412476,t5_lam1.00_D0.04_n1600,t5,1.0,0.04,1600
True,5,5,0.07151270690980285,0.025570336247836827,0.0010174331265262876,0.01976668689734362,,0.0818910737045694,13.162492020651253,0.21472810810487164,,False,1.0,1.0,9.834390631722758e-07,9.271693086075126e-07,True,0.0022857427778923494,1.2136459435310092e-14,0.10101163694114887,9.415093823532974e-15,26.327034405439143,1.919362990569143e-06,True,True,True,115,4.425449371337891,t5_lam1.00_D0.04_n1600,t5,1.0,0.04,1600
True,5,5,0.06349537369648446,0.020158312404281054,-0.005583015208041157,0.019114583039684614,,0.07191338683784705,8.47423345842618,0.5826173984157792,,False,0.997289972899729,1.0,9.222415255745978e-07,9.73475384726333e-07,True,0.0039739792304366766,3.833346360849476e-24,0.17538550720606827,2.401455627450255e-24,58.6550331513135,1.8332486897291576e-13,True,True,True,116,4.474017858505249,t5_lam1.00_D0.04_n1600,t5,1.0,0.04,1600
True,5,5,0.07319593334141221,0.026788223288602295,0.002971043146291142,0.018672655021628185,,0.08207901983263431,13.84869098300745,0.18000583375903234,,False,0.997289972899729,1.0,8.795992386837352e-07,8.142984659972139e-07,True,0.003091310158260942,3.4923395891255844e-19,0.13807908344200187,2.0859815929891683e-19,44.39073918392813,2.2944228673736777e-10,True,True,True,117,4.397785902023315,t5_lam1.00_D0.04_n1600,t5,1.0,0.04,1600
True,5,5,0.06258433610304157,0.01958399562729236,-0.001736147272149293,0.01585515477128872,,0.06977572867305921,10.025887265955319,0.43822504714920496,,False,1.0,1.0,6.882433191263862e-07,8.839304183301403e-07,True,0.0025239961936835437,5.483933533238187e-16,0.11349946280702529,2.0306271323934445e-16,11.411242175119503,0.003327210254365753,True,True,True,118,4.624454975128174,t5_lam1.00_D0.04_n1600,t5,1.0,0.04,1600
True,5,5,0.0795262892278835,0.031622153391784896,0.009558159098964854,0.021756164235193765,,0.09523010527115384,11.779030747987914,0.3001173825228832,,False,1.0,1.0,9.531224932338356e-07,8.586380578895597e-07,True,0.002812401463301435,1.2981564910236823e-17,0.1244067587982782,8.177223776872168e-18,31.848771696076334,1.2137440068774833e-07,True,True,True,119,4.540452003479004,t5_lam1.00_D0.04_n1600,t5,1.0,0.04,1600
True,5,5,0.09993368074016405,0.04993370273138517,0.02775446050009338,0.026174523994581905,,0.1190022867228271,19.708079955974714,0.03213784890005786,,True,1.0,1.0,9.682985526619028e-07,8.625645257544785e-07,True,0.0032600538487873327,3.9258740759279395e-20,0.14401064079736037,3.7998156105521533e-20,22.99301131068072,1.0165553555672673e-05,True,True,True,120,4.34227991104126,t5_lam1.00_D0.04_n1600,t5,1.0,0.04,1600
True,5,5,0.06672926741859589,0.022263975651112412,-0.00979965848323991,0.023444234565954257,,0.07584546891366815,10.588728886389543,0.39044370183681226,,False,1.0,1.0,9.251460848920371e-07,9.8741932420592e-07,True,0.0037770935474627848,4.883996779925712e-23,0.16618863704773262,3.887862154965684e-23,42.7056158192319,5.328357451986511e-10,True,True,True,121,4.54742693901062,t5_lam1.00_D0.04_n1600,t5,1.0,0.04,1600
True,5,5,0.07368194129466134,0.027145142364749603,0.001659811744916407,0.01904659162656225,,0.08122643296726856,15.24422259245487,0.1234083809714201,,False,1.0,1.0,8.676519665971089e-07,8.904543164931567e-07,True,0.002787240585360933,1.7991630658699965e-17,0.12430643419720366,1.0241884303227869e-17,42.359322797452876,6.33563174148551e-10,True,True,True,122,4.479259252548218,t5_lam1.00_D0.04_n1600,t5,1.0,0.04,1600
True,5,5,0.0897000952311443,0.04023053542238178,0.01668977782865045,0.025824451277448167,,0.10878163464150797,13.715722784635918,0.1863576915344525,,False,1.0,1.0,8.088420229977467e-07,9.971523765926884e-07,True,0.003741045438516102,7.783703781411368e-23,0.16538568875790552,5.403531517287625e-23,46.759539731871534,7.019318664572431e-11,True,True,True,123,4.515383005142212,t5_lam1.00_D0.04_n1600,t5,1.0,0.04,1600
True,5,5,0.06610090245582334,0.02184664652737136,-0.0014607534741439762,0.017783553702745317,,0.07455278577478233,9.714840266964512,0.46585747190519533,,False,1.0,1.0,9.059861914736506e-07,9.377080094901186e-07,True,0.003136623529760534,1.9416591601586738e-19,0.13852184383791538,1.216275642876289e-19,30.419126480778807,2.480679241973317e-07,True,True,True,124,4.410243034362793,t5_lam1.00_D0.04_n1600,t5,1.0,0.04,1600
True,5,5,0.06522035745721606,0.021268475134235194,-0.002368367772456685,0.019998523364220585,,0.07813613238042347,7.3872289749784175,0.6884518699661215,,False,1.0,1.0,8.051467899943698e-07,5.939330510353731e-07,True,0.004117550177247597,5.997608455485925e-25,0.18285511786366704,3.31681642426257e-25,64.00054606388984,1.2660708299334771e-14,True,True,True,125,4.529112100601196,t5_lam1.00_D0.04_n1600,t5,1.0,0.04,1600
True,5,5,0.06079521004756321,0.018480287823636657,-0.007500084038283682,0.018346118948351683,,0.06734477894298223,7.63291652783623,0.6646434469086505,,False,1.0,1.0,9.63381092690763e-07,8.479062954012172e-07,True,0.0023223499211219396,7.538867169086197e-15,0.10215530963821716,7.212942088491954e-15,23.508425940506708,7.856157252445005e-06,True,True,True,126,4.48116397857666,t5_lam1.00_D0.04_n1600,t5,1.0,0.04,1600
True,5,5,0.09972917319951388,0.04972953993529318,0.019211278475507527,0.03270410736360154,,0.12083438921825017,14.695754191595128,0.14355407711210663,,False,1.0,1.0,9.044462971811543e-07,9.037839167292395e-07,True,0.004808880860105659,7.980703299423441e-29,0.2142322207737565,3.49824015681965e-29,71.88845222542079,2.4525673532872294e-16,True,True,True,127,4.4965150356292725,t5_lam1.00_D0.04_n1600,t5,1.0,0.04,1600
True,5,5,0.07147342367514145,0.02554225145923135,-0.0015999319405175863,0.021338004440334856,,0.08185103793486533,10.36295420370095,0.40924764251352846,,False,1.0,1.0,8.756062402305941e-07,7.535188829650122e-07,True,0.003514824243719787,1.4516829122906697e-21,0.15861878752687963,5.313390761250012e-22,77.89805530962737,1.2152124604642277e-17,True,True,True,128,4.4860169887542725,t5_lam1.00_D0.04_n1600,t5,1.0,0.04,1600
True,5,5,0.0671555264488808,0.022549323663131643,-0.0023271658996684708,0.018675142702580482,,0.07535344757674642,10.657984833363011,0.38477728460812305,,False,1.0,1.0,9.948687302919435e-07,7.940855980844928e-07,True,0.0028208142387402234,1.1639582046606856e-17,0.1254278207542277,6.266079177813401e-18,33.522898461003905,5.255270687404846e-08,True,True,True,129,4.522581100463867,t5_lam1.00_D0.04_n1600,t5,1.0,0.04,1600
True,5,5,0.10007351371155722,0.05007354073288616,0.027845560496763,0.023712890613319184,,0.1156285385426838,24.0505553971792,0.007467326235155657,,True,1.0,1.0,7.580756958981257e-07,9.486039028610714e-07,True,0.003054722626342052,5.610453682239879e-19,0.13432600980255083,4.2054547044767156e-19,45.99991796065576,1.0262300579273235e-10,True,True,True,130,4.397157192230225,t5_lam1.00_D0.04_n1600,t5,1.0,0.04,1600
True,5,5,0.12311426504545747,0.07578561128841577,0.049788918200567814,0.03410666576481541,,0.14552621144456832,24.671749882963876,0.006003664944170882,,True,0.997289972899729,1.0,8.388984837506769e-07,8.013227437406341e-07,True,0.00422189043334838,1.5583529587961453e-25,0.18877163150004567,5.613993959801174e-26,80.28465481102137,3.6847558500884255e-18,True,True,True,131,4.4439697265625,t5_lam1.00_D0.04_n1600,t5,1.0,0.04,1600
True,5,5,0.09113278457871833,0.04152592212535541,0.01915824394899093,0.022121849612480367,,0.10539966652599456,19.64760042064436,0.03276760644826775,,True,1.0,1.0,7.902952032176848e-07,7.882500053166814e-07,True,0.0028172155071711463,1.219576466136848e-17,0.1259959992016414,7.704033029536375e-18,35.99696032922961,1.525314440562111e-08,True,True,True,132,4.334503173828125,t5_lam1.00_D0.04_n1600,t5,1.0,0.04,1600
True,5,5,0.061020380894565296,0.018617434422589146,-0.00477494107721816,0.017752138919786217,,0.06989238729810077,7.6616049890375475,0.6618522720453072,,False,1.0,1.0,9.786058650278556e-07,8.213357609517193e-07,True,0.0035143498454635225,1.4606202373164812e-21,0.15311807915495945,1.1609626061727733e-21,38.74236900058891,3.865462492746736e-09,True,True,True,133,4.423830032348633,t5_lam1.00_D0.04_n1600,t5,1.0,0.04,1600
True,5,5,0.05477949879211549,0.015003967439576913,-0.008913038685345816,0.01655147065693592,,0.06051728324387356,6.57024238894942,0.765297758938309,,False,1.0,1.0,8.922035328869707e-07,9.641411439624347e-07,True,0.002791818588579707,1.6954273997111838e-17,0.12426519123116903,9.63170794637526e-18,31.28969010469946,1.6052035943645997e-07,True,True,True,134,4.403917074203491,t5_lam1.00_D0.04_n1600,t5,1.0,0.04,1600
True,5,5,0.07613140955673835,0.028979957605479154,0.004671651844053111,0.020485861766145686,,0.08759896788355938,12.376935800599718,0.26062123191295394,,False,1.0,1.0,9.145417204703584e-07,7.500582995257438e-07,True,0.003353779619986367,1.1667265147758674e-20,0.14986472166933662,7.296953254036114e-21,52.14660687382725,4.747972472445897e-12,True,True,True,135,4.409423112869263,t5_lam1.00_D0.04_n1600,t5,1.0,0.04,1600
True,5,5,0.09509777111527519,0.04521793035546635,0.01988094122780585,0.02334217895557825,,0.10795870408988713,21.75185889315459,0.01641985146865721,,True,0.997289972899729,1.0,9.79200706783686e-07,9.027009790249879e-07,True,0.0030238208614798293,8.373512678796344e-19,0.13392707828556988,5.23363285376812e-19,28.1922565533502,7.553170238622259e-07,True,True,True,136,4.370168209075928,t5_lam1.00_D0.04_n1600,t5,1.0,0.04,1600
True,5,5,0.06719509661705068,0.02257590504687388,-0.0010617360169393117,0.018136119672538104,,0.07585450046669734,10.04991555170519,0.4361249936039148,,False,0.997289972899729,1.0,7.259905281271841e-07,8.472259240626356e-07,True,0.0042867871410291565,6.740340853609983e-26,0.19003966269469344,4.2650003461769494e-26,82.49241257807668,1.2218002487841082e-18,True,True,True,137,4.319926023483276,t5_lam1.00_D0.04_n1600,t5,1.0,0.04,1600
True,5,5,0.06682787153484154,0.022329822069386423,-0.002709028592477125,0.020095253743561733,,0.07790343049202716,8.300758608328247,0.5994849604938446,,False,1.0,1.0,6.850279872177208e-07,8.360909774676317e-07,True,0.002558773486969962,3.490778117418223e-16,0.11241120109833914,2.8659211742412273e-16,26.78589417138003,1.5258680668462944e-06,True,True,True,138,4.446727991104126,t5_lam1.00_D0.04_n1600,t5,1.0,0.04,1600
True,5,5,0.09382541561138835,0.04401604307324878,0.01992782231387993,0.027073578681805887,,0.11354285217767289,14.921161143838859,0.1349627256199393,,False,1.0,1.0,8.532617836854105e-07,7.643578233728699e-07,True,0.0022781145617402814,1.3402582547619726e-14,0.1014937613633991,1.1519694816415008e-14,25.874509926561345,2.406697786143585e-06,True,True,True,139,4.352705955505371,t5_lam1.00_D0.04_n1600,t5,1.0,0.04,1600
True,5,5,0.08666476908833243,0.0375539110056699,0.012639791326034037,0.026306609565733757,,0.10574527269152743,11.837359750768975,0.29608891144755006,,False,1.0,1.0,9.233835554817675e-07,9.633347312706525e-07,True,0.0033285296464336217,1.6177800934007288e-20,0.14918495059295184,5.981762277157897e-21,50.89064728289338,8.896851716887165e-12,True,True,True,140,4.367532968521118,t5_lam1.00_D0.04_n1600,t5,1.0,0.04,1600
True,5,5,0.07331902913916097,0.026878400169545673,0.0008829830351853724,0.022444516034924148,,0.08694932620831611,10.6275993011941,0.3872574158890855,,False,0.997289972899729,1.0,9.86943054317878e-07,9.997429685623832e-07,True,0.0029962902218421245,1.1963631294944e-18,0.13211833434123996,1.0221419613234838e-18,40.03653975332625,2.0238385091715783e-09,True,True,True,141,4.427610874176025,t5_lam1.00_D0.04_n1600,t5,1.0,0.04,1600
True,5,5,0.07720389503503956,0.029802207042907033,0.004845756220278365,0.02288462767920008,,0.09218201457968324,12.098310460337164,0.2785308437712787,,False,1.0,1.0,9.91271455791125e-07,8.114404653398988e-07,True,0.004200446786129772,2.0556383452357548e-25,0.18402689927332783,1.9800910798113569e-25,30.051849747084795,2.9807375724201594e-07,True,True,True,142,4.474883794784546,t5_lam1.00_D0.04_n1600,t5,1.0,0.04,1600
True,5,5,0.09115099455526479,0.04154251904206956,0.013466751453463856,0.02580517361847944,,0.10574732608811649,18.104339699055647,0.05322887917353023,,False,1.0,1.0,7.464077442405413e-07,9.443702056475643e-07,True,0.0030028337666553194,1.0990851835236428e-18,0.1364026353423531,2.8421643263780137e-19,28.72550319740509,5.78543789253682e-07,True,True,True,143,4.34884786605835,t5_lam1.00_D0.04_n1600,t5,1.0,0.04,1600
True,5,5,0.10230283013045335,0.05232934526350197,0.02817341920459471,0.03357527477456202,,0.12915094401004223,14.531946232711013,0.15008073577487066,,False,1.0,1.0,9.949378317409246e-07,9.67063453691998e-07,True,0.0034068205720697176,5.872465864676676e-21,0.14938488095722213,5.50380572502497e-21,50.60563927480008,1.0259473047475727e-11,True,True,True,144,4.4370622634887695,t5_lam1.00_D0.04_n1600,t5,1.0,0.04,1600
True,5,5,0.07294941689990789,0.026608087130182832,0.003778071666953535,0.020135356747338417,,0.08590434941581819,10.293371196917093,0.4151428629290312,,False,1.0,1.0,9.312410924721179e-07,8.82973725241199e-07,True,0.0030961660813248557,3.2793960497401088e-19,0.1386671431250591,1.5698155433743602e-19,54.55376378243599,1.4249535614173603e-12,True,True,True,145,4.377295255661011,t5_lam1.00_D0.04_n1600,t5,1.0,0.04,1600
True,5,5,0.07279624418566906,0.026496465837697786,0.0006053011378111608,0.01920335453601494,,0.08023965166426178,14.537857062658848,0.14984100606249445,,False,1.0,1.0,9.918921178887502e-07,8.515745972637631e-07,True,0.003119617236950318,2.420189129274012e-19,0.13674615346077215,1.9962479968840035e-19,53.310888721106,2.652696726958901e-12,True,True,True,146,4.423258066177368,t5_lam1.00_D0.04_n1600,t5,1.0,0.04,1600
True,5,5,0.09940543499130539,0.0494072025290532,0.027368127461673174,0.024935119357383836,,0.11694678189256327,20.706080778720377,0.0232389157885764,,True,1.0,1.0,7.791760728375033e-07,6.986676491306691e-07,True,0.0026797544310000663,7.257382794546951e-17,0.11789199260775061,6.128656279387429e-17,41.543854153095296,9.52503745599356e-10,True,True,True,147,4.381167650222778,t5_lam1.00_D0.04_n1600,t5,1.0,0.04,1600
True,5,5,0.07511825269326715,0.028213759438447686,0.004321905524352031,0.020280867032452504,,0.08681124722108544,13.118202806793736,0.21713787198998058,,False,1.0,1.0,8.369581934433569e-07,8.364389717665753e-07,True,0.003064941559695997,4.914645384513481e-19,0.1370448704656831,2.0617707473533025e-19,31.637358720229336,1.349071112545011e-07,True,True,True,148,4.395953178405762,t5_lam1.00_D0.04_n1600,t5,1.0,0.04,1600
True,5,5,0.07544469635456251,0.028459511040160684,0.0028327223189273908,0.020802466817974794,,0.08608104938255676,12.63243711633883,0.2449546921547911,,False,1.0,1.0,9.692513164649476e-07,8.638973238155614e-07,True,0.0022010552499375827,3.653174449893512e-14,0.0990581222206074,2.366464690418303e-14,46.898183816055145,6.54920792534712e-11,True,True,True,149,4.4702441692352295,t5_lam1.00_D0.04_n1600,t5,1.0,0.04,1600
True,5,5,0.08290211154285416,0.034363800491319166,0.012001584209729972,0.01983907199605192,,0.09448169530420944,17.162638279620698,0.07084178708500116,,False,1.0,1.0,9.937268852448983e-07,7.906866136727347e-07,True,0.0035887620185461157,5.577954638247915e-22,0.1589081847481742,3.866238545651651e-22,46.594220320030864,7.624188288953148e-11,True,True,True,150,4.461392879486084,t5_lam1.00_D0.04_n1600,t5,1.0,0.04,1600
True,5,5,0.058296408413662605,0.01699235616966276,-0.007316531587009907,0.01709834672379229,,0.06451007058823244,8.115135762930137,0.6175916233041675,,False,1.0,0.997289972899729,9.980590068088474e-07,9.139548140591162e-07,True,0.003927221179446594,7.014585741068317e-24,0.17589075581022356,2.8073997553027563e-24,52.83622346804903,3.363255426677258e-12,True,True,True,151,4.454312086105347,t5_lam1.00_D0.04_n1600,t5,1.0,0.04,1600
True,5,5,0.03130778092377792,0.004900885731856364,-0.02076693634644137,0.014843904973611403,,0.027015234914863656,2.8483296343567344,0.9847713387250563,,False,0.997289972899729,1.0,8.01414137244053e-07,9.895565825458349e-07,True,0.004024599768324718,1.9930048556833424e-24,0.17956159368674732,1.371032910165613e-24,45.56123909993572,1.2779169633917748e-10,True,True,True,152,4.236806154251099,t5_lam1.00_D0.04_n1600,t5,1.0,0.04,1600
True,5,5,0.05995106313819917,0.017970649857001718,-0.006388195010608333,0.0178132290816058,,0.06769336666467167,7.614798913611614,0.6664051748580159,,False,1.0,1.0,9.198233488119449e-07,9.696716083275588e-07,True,0.0036736650610348642,1.860286411872963e-22,0.16366691243782017,1.0770531266360092e-22,61.19079329048259,5.159267730222598e-14,True,True,True,153,4.430540084838867,t5_lam1.00_D0.04_n1600,t5,1.0,0.04,1600
True,5,5,0.07924048573852753,0.031395272900388925,0.007762243796975446,0.020506677439279076,,0.09109635180367824,14.13469534238719,0.1669359247785047,,False,1.0,1.0,9.115023608142358e-07,8.12730935867403e-07,True,0.0022728162573957046,1.4358966084947847e-14,0.1017936445142147,8.350447199535327e-15,7.146801720824796,0.028060262190930555,True,True,True,154,4.5085461139678955,t5_lam1.00_D0.04_n1600,t5,1.0,0.04,1600
True,5,5,0.09217074111178673,0.04247722758548006,0.02073210216311227,0.02186424166612677,,0.10648528477511283,20.11750600804286,0.02816066505522406,,True,1.0,1.0,9.544259038597816e-07,8.687645357934823e-07,True,0.003147421020695933,1.6882241024544204e-19,0.13809092208680046,1.4863485368615033e-19,41.32032518642242,1.065136802256673e-09,True,True,True,155,4.588915824890137,t5_lam1.00_D0.04_n1600,t5,1.0,0.04,1600
True,5,5,0.068385905523394,0.023383160371272853,0.001137467653487538,0.018525666826673445,,0.07951034891765464,9.671702351320498,0.4697525046569866,,False,1.0,1.0,9.329018705085903e-07,9.657064255743773e-07,True,0.0021842036713202377,4.5491952493150525e-14,0.0992938580048798,1.668400849859377e-14,24.93977324533982,3.84058206789828e-06,True,True,True,156,4.374875068664551,t5_lam1.00_D0.04_n1600,t5,1.0,0.04,1600
True,5,5,0.05522989161992446,0.01525170464174301,-0.0069826818970081805,0.016210271519459616,,0.06273889065905312,6.179493736061239,0.7999641837021216,,False,1.0,1.0,8.582531829667981e-07,8.392915525765499e-07,True,0.0027888832330742663,1.7612304969237724e-17,0.12509903563032418,9.12445295730676e-18,48.392061781830854,3.103110923535989e-11,True,True,True,157,4.3609442710876465,t5_lam1.00_D0.04_n1600,t5,1.0,0.04,1600
True,5,5,0.0828539941711514,0.03432392175056595,0.010931135464483686,0.02202892278160923,,0.09712413603183045,13.490840476204824,0.1975076381034315,,False,1.0,1.0,9.977340144616843e-07,8.253206857109853e-07,True,0.0029595846978305337,1.9252424867709787e-18,0.1290814061987237,1.7950153466051506e-18,34.0094268842342,4.120470277350038e-08,True,True,True,158,4.36494517326355,t5_lam1.00_D0.04_n1600,t5,1.0,0.04,1600
True,5,5,0.0927336735055673,0.042997671009185764,0.021525806470890446,0.02083247610617656,,0.10563349880839397,24.303230267312607,0.0068349455576379664,,True,1.0,1.0,8.689808168545655e-07,8.128178531154262e-07,True,0.0037114270139745947,1.14158592502905e-22,0.16182164392510912,1.3319483587905847e-22,39.24623898226226,3.0046057032442684e-09,True,True,True,159,4.476246118545532,t5_lam1.00_D0.04_n1600,t5,1.0,0.04,1600
True,5,5,0.06362819819246363,0.02024273802609716,-0.0016717698074372907,0.016883565256158358,,0.07224849305006525,9.263297143554837,0.5073114356187174,,False,1.0,1.0,8.394206693151157e-07,9.912642887028211e-07,True,0.003483810115208764,2.1684119922602623e-21,0.15435176536546277,1.714919048014377e-21,25.87293746010699,2.4085907559712013e-06,True,True,True,160,4.325149059295654,t5_lam1.00_D0.04_n1600,t5,1.0,0.04,1600
True,5,5,0.0705233209668844,0.024867694000990988,0.0015280027184091903,0.018576365410394556,,0.08010418807936641,11.363824990208743,0.32988385587740865,,False,1.0,1.0,9.369568258693122e-07,9.769545485085592e-07,True,0.003864559408314389,1.5766286995712478e-23,0.1735948404648183,4.5208390277537096e-24,52.2855476206519,4.429325457807242e-12,True,True,True,161,4.385257959365845,t5_lam1.00_D0.04_n1600,t5,1.0,0.04,1600
True,5,5,0.06265434080894511,0.01962783211101722,-0.005312718308015021,0.017892581293533535,,0.06945208265873339,10.148721814407148,0.4275438068972958,,False,1.0,0.997289972899729,9.895924759800992e-07,9.054557301638155e-07,True,0.0033853626339809435,7.752320572041001e-21,0.1507669328430829,5.09546231188779e-21,42.68721141880403,5.37761636164035e-10,True,True,True,162,4.512628078460693,t5_lam1.00_D0.04_n1600,t5,1.0,0.04,1600
True,5,5,0.06694620011034824,0.02240896854607395,-0.003984277585407495,0.019444398278036228,,0.07483169308001704,11.228472490376152,0.3399972236797344,,False,1.0,1.0,9.657027956380674e-07,9.407916929345366e-07,True,0.003319525010427282,1.8177937669106294e-20,0.14653680852789727,1.3798635234027463e-20,45.485350921598965,1.32733804825148e-10,True,True,True,163,4.49695611000061,t5_lam1.00_D0.04_n1600,t5,1.0,0.04,1600
True,5,5,0.10326441544075961,0.05331769748160896,0.029309778890908973,0.028585783342708906,,0.12355501471119064,18.890498871479622,0.04167575901695528,,True,1.0,1.0,9.531622727444697e-07,9.5615186582726e-07,True,0.003890169553900456,1.1323233305236234e-23,0.1728886468763986,5.2506468355634446e-24,56.93048649463941,4.3421211007061086e-13,True,True,True,164,4.456272125244141,t5_lam1.00_D0.04_n1600,t5,1.0,0.04,1600
True,5,5,0.05712198368503393,0.016314605100566412,-0.007023918711140921,0.017021184195823862,,0.06476640772556254,6.58693317093759,0.763780276871101,,False,0.997289972899729,1.0,9.5995400952263e-07,9.148481476093468e-07,True,0.0034124703042055196,5.458404490187469e-21,0.15211088216775004,2.217199621013369e-21,28.996800563521525,5.051551224045317e-07,True,True,True,165,4.5376129150390625,t5_lam1.00_D0.04_n1600,t5,1.0,0.04,1600
True,5,5,0.08773969388330112,0.038491269413676935,0.012885503143724285,0.02726517425337572,,0.1074548499639297,11.49475311770768,0.32029189274435177,,False,1.0,1.0,7.548274306821412e-07,7.611599258731866e-07,True,0.0032390354334691056,5.1538737875939535e-20,0.14247100304901814,3.028018883936308e-20,46.716769080441594,7.171045663734332e-11,True,True,True,166,4.466199159622192,t5_lam1.00_D0.04_n1600,t5,1.0,0.04,1600
True,5,5,0.09623223009298282,0.04630321054334394,0.024826357896674655,0.02251169507459665,,0.11122481844350256,22.480908357894844,0.012833599129332551,,True,1.0,1.0,9.938060560599317e-07,9.133048186141302e-07,True,0.003356263606537512,1.129809456225359e-20,0.14642716635903905,1.0883311688862152e-20,66.96190965822434,2.8800900637621153e-15,True,True,True,167,4.6496031284332275,t5_lam1.00_D0.04_n1600,t5,1.0,0.04,1600
True,5,5,0.07941701879739513,0.03153531437332906,0.004215257167377005,0.022901420467135825,,0.09152567037185365,14.433051354285475,0.15413915978857012,,False,1.0,1.0,9.764877853981918e-07,6.63120844137566e-07,True,0.0031085134257132527,2.794614271604175e-19,0.13904032673898437,1.5702454910766697e-19,54.66947017805046,1.3448547664693457e-12,True,True,True,168,4.5611207485198975,t5_lam1.00_D0.04_n1600,t5,1.0,0.04,1600
True,5,5,0.02955888257842159,0.004368637696424577,-0.017522134025240586,0.012169194634963545,,0.022335666129120014,1.693388164216743,0.9981958988150089,,False,1.0,1.0,8.689707187942129e-07,8.689364334815122e-07,True,0.0032565711511997985,4.1069629836018784e-20,0.1435581502213666,3.765767271015973e-20,26.066326908822482,2.1865984202581317e-06,True,True,True,169,4.543929100036621,t5_lam1.00_D0.04_n1600,t5,1.0,0.04,1600
True,5,5,0.08934457688949778,0.03991226709781691,0.015138299262962632,0.0228154394922688,,0.10263172770865042,17.715407226383622,0.05995831698303197,,False,1.0,0.997289972899729,8.430443279326421e-07,9.460121147324103e-07,True,0.003533906519382865,1.1341104314082583e-21,0.1569582811716246,5.881804761097373e-22,37.22721272519832,8.245433025048524e-09,True,True,True,170,4.590970277786255,t5_lam1.00_D0.04_n1600,t5,1.0,0.04,1600
True,5,5,0.0806356757558819,0.0325105610230386,0.009595463163161969,0.020638978439314313,,0.09332048189507097,15.697404821340825,0.10862838740793214,,False,1.0,1.0,9.483216615427478e-07,9.456834657255649e-07,True,0.003045604312588341,6.314109092640899e-19,0.13337555925687752,7.63347414553535e-19,47.0412126855933,6.097200187381001e-11,True,True,True,171,4.53525710105896,t5_lam1.00_D0.04_n1600,t5,1.0,0.04,1600
True,5,5,0.09718384242471845,0.047223496142162535,0.02343966276264685,0.026585912334478694,,0.11590478600284632,16.53739398113686,0.08524778120628725,,False,1.0,1.0,9.82424320041533e-07,9.40724738899319e-07,True,0.0028165354736792506,1.2303812371358029e-17,0.12501053685791633,7.797574147074883e-18,69.32753465662198,8.82504903867017e-16,True,True,True,172,4.56754207611084,t5_lam1.00_D0.04_n1600,t5,1.0,0.04,1600
True,5,5,0.10226556703759881,0.05229123100760809,0.026528096781729626,0.028822731906288056,,0.12160367749080409,20.9732495737178,0.021280872295713904,,True,1.0,1.0,8.399643980946426e-07,9.451534280256079e-07,True,0.0034752919130519987,2.4210783509760533e-21,0.154537570006489,1.2865600965188486e-21,81.9268563348513,1.6210976904233703e-18,True,True,True,173,4.546635866165161,t5_lam1.00_D0.04_n1600,t5,1.0,0.04,1600
True,5,5,0.11386249746772019,0.06482334164793294,0.041020038800039425,0.029332451088614778,,0.1336170852552353,25.912589365739585,0.0038595439739995507,,True,1.0,1.0,9.630214019073865e-07,8.872501565468538e-07,True,0.00393125296735648,6.658447275102922e-24,0.17393754597781733,5.6076443007362624e-24,64.48028496022607,9.960566174374811e-15,True,True,True,174,4.494606018066406,t5_lam1.00_D0.04_n1600,t5,1.0,0.04,1600
True,5,5,0.09662839826122574,0.046685236752650267,0.021860383086288692,0.02641058515670595,,0.11428204572128309,16.237337124991797,0.09303693181270319,,False,0.997289972899729,1.0,7.738283416213662e-07,8.719947152990164e-07,True,0.0029860006003286223,1.3670430294267502e-18,0.13095801988842212,1.496427969428872e-18,41.20710951297181,1.127171142762322e-09,True,True,True,175,4.485785961151123,t5_lam1.00_D0.04_n1600,t5,1.0,0.04,1600
True,5,5,0.06703529345075498,0.02246865284014417,-0.002600198820563525,0.019939851304799295,,0.07771478356015493,8.470734373444959,0.5829569140391364,,False,0.997289972899729,1.0,9.788491991269977e-07,9.396244893515716e-07,True,0.0035450756267179514,9.815285202349561e-22,0.156780937889512,8.335942753698384e-22,51.48097580829584,6.62289914756367e-12,True,True,True,176,4.598412990570068,t5_lam1.00_D0.04_n1600,t5,1.0,0.04,1600
True,5,5,0.06637041832633027,0.022025162144060383,-0.0020678194061966026,0.01837079237228787,,0.07503258633065175,9.671084645984697,0.46980838511191414,,False,1.0,1.0,9.585425654212792e-07,9.590924941975835e-07,True,0.003348818234820505,1.2441137547621628e-20,0.14962835822252551,6.1669424176948305e-21,39.92316514053646,2.141878540589648e-09,True,True,True,177,4.3788087368011475,t5_lam1.00_D0.04_n1600,t5,1.0,0.04,1600
True,5,5,0.08053991900919605,0.03243339277003929,0.009796744874066093,0.020017953039325506,,0.09243738154550343,15.290130111549857,0.12183681080453775,,False,1.0,0.997289972899729,7.748014761070475e-07,7.869430217973324e-07,True,0.003657349727727544,2.297277258797811e-22,0.16253286353780177,1.4941883179200667e-22,64.27750823117438,1.102342197228992e-14,True,True,True,178,4.50384783744812,t5_lam1.00_D0.04_n1600,t5,1.0,0.04,1600
True,5,5,0.09192640287074845,0.042252317723775745,0.01890623736924998,0.02294919457964569,,0.10644651549881307,23.95312499053157,0.007725787802396489,,True,1.0,1.0,8.822511200039151e-07,8.490842002586439e-07,True,0.0030501269560584622,5.954705507177492e-19,0.1350346022254803,4.000231241275212e-19,38.61853280611581,4.112369709004189e-09,True,True,True,179,4.4619457721710205,t5_lam1.00_D0.04_n1600,t5,1.0,0.04,1600
True,5,5,0.10129356757301215,0.0513019341583419,0.027129909810478865,0.02405372647614819,,0.11549438864851388,25.74083427793886,0.0041048374633144,,True,0.994579945799458,1.0,9.963354162010111e-07,9.091726693948569e-07,True,0.0024593725738228985,1.269751807922032e-15,0.11263566025147108,3.5944697023431285e-16,32.55864135812399,8.511005280188121e-08,True,True,True,180,4.392845630645752,t5_lam1.00_D0.04_n1600,t5,1.0,0.04,1600
True,5,5,0.06823404824445113,0.02327942669913042,-8.790385059832817e-05,0.017297904350955115,,0.07531881154098204,12.694127403858433,0.24127980052891176,,False,1.0,1.0,9.306015241888832e-07,9.7601455181225e-07,True,0.003152534188515053,1.5800325649362436e-19,0.1382962332057545,1.1221573684838248e-19,33.42439430055186,5.520583679155261e-08,True,True,True,181,4.377133131027222,t5_lam1.00_D0.04_n1600,t5,1.0,0.04,1600
True,5,5,0.10020952454897847,0.05020974405166159,0.026351387663895193,0.02455621276084152,,0.1155359366498211,23.458134206145616,0.00917617726844793,,True,1.0,1.0,8.997428523475667e-07,8.912947480029237e-07,True,0.003550866787396055,9.106819123208117e-22,0.1561122173620593,9.002060627614802e-22,43.041747121557535,4.504051698669362e-10,True,True,True,182,4.394963979721069,t5_lam1.00_D0.04_n1600,t5,1.0,0.04,1600
True,5,5,0.09415955541979715,0.044330109384269255,0.019630089286514114,0.025942979599551188,,0.11162660379565789,16.159343315290954,0.09516096581267022,,False,1.0,1.0,9.908321753580013e-07,9.83269750843347e-07,True,0.002582988162128968,2.5489138983191714e-16,0.11613148004189115,1.5497372740460034e-16,63.193090931490175,1.8958093333018283e-14,True,True,True,183,4.398408889770508,t5_lam1.00_D0.04_n1600,t5,1.0,0.04,1600
True,5,5,0.06682171825746401,0.022325710154399495,-0.0017527069156795284,0.01977995186768755,,0.07846326357578033,8.90961002075813,0.5407029228000092,,False,1.0,1.0,8.808736011707988e-07,9.831718357757805e-07,True,0.002687376952765857,6.573777952485732e-17,0.1192829021096443,4.571995796522229e-17,23.754529544069474,6.94655453248108e-06,True,True,True,184,4.423144102096558,t5_lam1.00_D0.04_n1600,t5,1.0,0.04,1600
True,5,5,0.11033549894416113,0.060869611636284904,0.037767079276838415,0.02604565521779964,,0.12697115399031678,28.35106285760659,0.0015856915818318544,,True,1.0,0.997289972899729,9.968828533040532e-07,8.276506910780469e-07,True,0.0038162514841848403,2.943905026821445e-23,0.16799709190282056,2.0483151990385084e-23,49.897662846245254,1.4617065161251493e-11,True,True,True,185,4.2985382080078125,t5_lam1.00_D0.04_n1600,t5,1.0,0.04,1600
True,5,5,0.06931247404415838,0.024021095290610653,-0.0006614381321553113,0.020274123867714305,,0.08085360603574582,9.394492522410271,0.4951181261394534,,False,1.0,1.0,7.305544326895695e-07,8.812008642941861e-07,True,0.0033383172254666423,1.4252605092402244e-20,0.14679582310616374,1.0734210973046754e-20,44.1411654762672,2.599367618544024e-10,True,True,True,186,4.295018911361694,t5_lam1.00_D0.04_n1600,t5,1.0,0.04,1600
True,5,5,0.08485424611051957,0.03600121541492313,0.012855172106163201,0.02097265187621625,,0.09731609796076711,17.958271055968776,0.05567164231690233,,False,1.0,1.0,8.682038816127888e-07,9.213642912286683e-07,True,0.0031983728391050403,8.726194556221429e-20,0.1417287446508921,6.391802250331549e-20,38.26021479861561,4.919261598516993e-09,True,True,True,187,4.206457138061523,t5_lam1.00_D0.04_n1600,t5,1.0,0.04,1600
True,5,5,0.07032592919823204,0.024728681587973728,0.0003526464383794316,0.019427732510749786,,0.08038460390165426,10.306008200436619,0.41406879889040027,,False,1.0,1.0,8.069577554239891e-07,8.076335674102297e-07,True,0.003535400398032602,1.1124026934260811e-21,0.15402962607573437,1.0038429349757876e-21,61.127157549161254,5.326064125129231e-14,True,True,True,188,4.326714038848877,t5_lam1.00_D0.04_n1600,t5,1.0,0.04,1600
True,5,5,0.06983677501910567,0.024385875725345903,-0.00015715026844803637,0.020120122813673667,,0.08116342367881255,8.889899872473357,0.5425834659242306,,False,1.0,1.0,8.135297317776226e-07,9.436157684646969e-07,True,0.002652375117840601,1.0354265435498959e-16,0.11687756396957576,8.682127106111886e-17,20.40830429261895,3.7016302053646905e-05,True,True,True,189,4.247481107711792,t5_lam1.00_D0.04_n1600,t5,1.0,0.04,1600
True,5,5,0.06674355854694275,0.022273513037545878,0.0003330249673392689,0.01898577754409326,,0.07945042482106043,9.662384495034946,0.4705957570887519,,False,1.0,1.0,8.618865861233034e-07,9.573008920046066e-07,True,0.002763874855243704,2.4362154610557013e-17,0.12262714107759386,1.4365728242117863e-17,31.098794564155803,1.7659669172996923e-07,True,True,True,190,4.406384229660034,t5_lam1.00_D0.04_n1600,t5,1.0,0.04,1600
True,5,5,0.06156033171357862,0.018948372203429167,-0.005431862800764402,0.017251931495917416,,0.06774221622033588,9.768034651345912,0.46107482039065795,,False,1.0,0.997289972899729,9.851722005826876e-07,8.609807998834167e-07,True,0.0021525129925533144,6.872550310907741e-14,0.09444020968985258,6.424408534619132e-14,13.700300586247021,0.0010592964759672066,True,True,True,191,4.456665992736816,t5_lam1.00_D0.04_n1600,t5,1.0,0.04,1600
True,5,5,0.10390012176611461,0.05397617651506721,0.027787338161803163,0.029357193959751882,,0.12334960488272259,20.11615116524281,0.02817303739754106,,True,1.0,1.0,9.958917263783143e-07,9.722022146444377e-07,True,0.0032660736974538342,3.631492922874867e-20,0.14374725752558276,2.2347133118454265e-20,28.830222417862796,5.490308472581019e-07,True,True,True,192,4.343609094619751,t5_lam1.00_D0.04_n1600,t5,1.0,0.04,1600
True,5,5,0.06621514624212664,0.02192222795933109,-0.003039959616491717,0.01920595325953793,,0.07556589476942584,9.505313574978675,0.48491010781059163,,False,1.0,1.0,9.583839342379936e-07,9.150821418004314e-07,True,0.002662883549387331,9.033997669260997e-17,0.11923816870098232,4.2588229935843487e-17,32.81564625970707,7.484675129811218e-08,True,True,True,193,4.234489917755127,t5_lam1.00_D0.04_n1600,t5,1.0,0.04,1600
True,5,5,0.06733265162439897,0.022668429873863385,-0.003068136386263135,0.019634245576700193,,0.0764556389850063,10.026096560673533,0.43820673286427025,,False,0.997289972899729,1.0,8.226477885198802e-07,8.52686015278959e-07,True,0.0029949308755070534,1.2176276364178857e-18,0.13338827462946962,5.629489299683881e-19,44.6736796946377,1.9917448878680208e-10,True,True,True,194,4.4590582847595215,t5_lam1.00_D0.04_n1600,t5,1.0,0.04,1600
True,5,5,0.08433670480570471,0.035563398887422874,0.00955541524319161,0.02263985982728978,,0.09674158443377091,17.44903724540937,0.06499989843699457,,False,1.0,0.997289972899729,9.838249899454037e-07,8.68885041362056e-07,True,0.0035286686389664305,1.213624989223813e-21,0.15510490372084954,1.1077344337446054e-21,67.63681674554488,2.055189426690541e-15,True,True,True,195,4.4090659618377686,t5_lam1.00_D0.04_n1600,t5,1.0,0.04,1600
True,5,5,0.0905863966762651,0.04102947631394826,0.019437827498228297,0.02200688109696612,,0.10548547358614152,17.772547680296906,0.05892380784814495,,False,1.0,1.0,8.607406274680975e-07,9.220825602125011e-07,True,0.003120155057383613,2.403385690144013e-19,0.13557060398659435,3.6902731520982587e-19,20.676432698971187,3.2372011551795674e-05,True,True,True,196,4.372375726699829,t5_lam1.00_D0.04_n1600,t5,1.0,0.04,1600
True,5,5,0.07806697859890652,0.030472265737810644,0.007229454467051151,0.02037228426993959,,0.09026503214174103,13.474865442813043,0.1983194277657952,,False,1.0,0.994579945799458,7.017516185796988e-07,9.133041929223421e-07,True,0.0028391991678501315,9.170229199792791e-18,0.12526326837733048,8.081623394920823e-18,43.69423823487095,3.2502496621197627e-10,True,True,True,197,4.388972043991089,t5_lam1.00_D0.04_n1600,t5,1.0,0.04,1600
True,5,5,0.09581283629367897,0.045900497993196634,0.02308561805041934,0.02158587148634668,,0.10825083561399888,26.590311022918286,0.0030223445298599863,,True,1.0,1.0,9.558173911484507e-07,9.69785944987593e-07,True,0.0033826425554757834,8.030107845714932e-21,0.14906456314023883,4.9759385106763486e-21,92.22038374113893,9.431876621479166e-21,True,True,True,198,4.468365907669067,t5_lam1.00_D0.04_n1600,t5,1.0,0.04,1600
True,5,5,0.06338525049578864,0.02008844990206937,-0.00491534172528325,0.019477747539735416,,0.07365147922519365,8.440618319107081,0.5858804104308598,,False,1.0,1.0,9.221803036539178e-07,8.90694994073121e-07,True,0.00270437208762002,5.272617544003826e-17,0.12242614361432407,1.8016811734012587e-17,32.523471670926114,8.66199363946866e-08,True,True,True,199,4.509342908859253,t5_lam1.00_D0.04_n1600,t5,1.0,0.04,1600
True,5,5,0.07796614053204698,0.030393595347314492,0.0035859214354566384,0.021265693950494078,,0.08782354497464424,16.27182158628479,0.09211110624968695,,False,1.0,1.0,8.265374994326477e-07,9.384241044993552e-07,True,0.0037540120850303588,6.582276535370556e-23,0.16707215184863133,4.2972955567275926e-23,85.65888858953693,2.508468661947324e-19,True,True,True,200,4.398952960968018,t5_lam1.00_D0.04_n1600,t5,1.0,0.04,1600
True,5,5,0.0652864355707338,0.02131159334765788,-0.00370630083126227,0.0197881042226161,,0.07595029186224575,8.425837541168706,0.5873160949880647,,False,1.0,1.0,5.748469991634276e-07,8.993810684872002e-07,True,0.003744502137886524,7.443480223097138e-23,0.16416869821141486,5.1613937414769914e-23,55.90825383150769,7.238972621123984e-13,True,True,True,201,4.323678016662598,t5_lam1.00_D0.04_n1600,t5,1.0,0.04,1600
True,5,5,0.07785495527450395,0.030306970303975056,0.004415735303814606,0.02210616705478027,,0.09030741316399786,11.778430317802753,0.3001590480044222,,False,1.0,1.0,9.625159252665417e-07,9.164725190183723e-07,True,0.002614578318354811,1.6912888758048524e-16,0.11841192675876086,7.556102324907452e-17,25.740367892536238,2.5736538267724322e-06,True,True,True,202,4.461360216140747,t5_lam1.00_D0.04_n1600,t5,1.0,0.04,1600
True,5,5,0.06677466426974561,0.022294278941686202,-0.0013106422311015171,0.01879807953403185,,0.07695381351196705,9.222609764203796,0.5111155928107506,,False,1.0,1.0,7.154206350603061e-07,8.893682302088451e-07,True,0.00314437167669327,1.75624214563363e-19,0.13769526231472523,1.4772140398578902e-19,45.580708219567704,1.2655373570402046e-10,True,True,True,203,4.449517011642456,t5_lam1.00_D0.04_n1600,t5,1.0,0.04,1600
True,5,5,0.0645907447500325,0.020859821536819256,-0.006425373073174593,0.020590903601219155,,0.07408596276960819,8.62106852646899,0.568402757132173,,False,1.0,1.0,9.829909106370696e-07,9.951969294193234e-07,True,0.003469123929016567,2.6222245237126313e-21,0.15171645248422208,2.4766041489040547e-21,35.31939286097971,2.1403819907662116e-08,True,True,True,204,4.42497992515564,t5_lam1.00_D0.04_n1600,t5,1.0,0.04,1600
True,5,5,0.08302863967565356,0.03446877503194756,0.011338321156151118,0.02152430052424488,,0.09668779130898458,15.311397928901053,0.12111454707647125,,False,1.0,1.0,9.053402954399187e-07,9.85443977865218e-07,True,0.0035442723603291647,9.917813128417694e-22,0.15685599606419484,7.427573135708572e-22,68.59112005455137,1.2753445375494145e-15,True,True,True,205,4.370691776275635,t5_lam1.00_D0.04_n1600,t5,1.0,0.04,1600
True,5,5,0.08125215725020328,0.0330095652890588,0.007550887756684197,0.022146252294631755,,0.09378510667146635,15.563837127730377,0.11281741156299879,,False,1.0,0.997289972899729,9.08809671057431e-07,7.902539936470565e-07,True,0.00326827882767379,3.529273849330765e-20,0.1460057131522705,1.1330344651480778e-20,39.51217922769945,2.6305059999352353e-09,True,True,True,206,4.299262762069702,t5_lam1.00_D0.04_n1600,t5,1.0,0.04,1600
True,5,5,0.10153369995479547,0.051545461132552164,0.03073814540505037,0.02368187512623434,,0.11806046213652459,25.441740325128322,0.0045681977687217394,,True,1.0,1.0,8.719079206337143e-07,9.0670657002494e-07,True,0.0032764806921206967,3.1736980731669995e-20,0.14459951310958793,2.5124652335786643e-20,50.85916905430767,9.037988049834387e-12,True,True,True,207,4.389390707015991,t5_lam1.00_D0.04_n1600,t5,1.0,0.04,1600
True,5,5,0.0678457518368777,0.023015230211555972,-0.0049150561083505726,0.02407933012485284,,0.08329695958686062,7.637673878974551,0.6641807208007509,,False,1.0,1.0,8.717181200744414e-07,9.312111170183226e-07,True,0.0032345070122664485,5.465130617113101e-20,0.1445550954173738,2.8246477141464644e-20,66.9411993640416,2.910068769078441e-15,True,True,True,208,4.357593774795532,t5_lam1.00_D0.04_n1600,t5,1.0,0.04,1600
True,5,5,0.07664376683431547,0.029371334972764573,0.006508048780496163,0.021668404874977617,,0.09181438136736103,11.677423884430866,0.30722523505360816,,False,1.0,1.0,8.543869279929412e-07,8.737787239429444e-07,True,0.0031252016425040397,2.2512884319106137e-19,0.1367739820703715,1.9724078986130023e-19,35.3530242120095,2.1046909472514716e-08,True,True,True,209,4.340117692947388,t5_lam1.00_D0.04_n1600,t5,1.0,0.04,1600
True,5,5,0.09821179274175061,0.0482277811677429,0.025116073660315416,0.02967851876004925,,0.12160007638593795,14.348624932711097,0.15767534160545346,,False,1.0,0.997289972899729,7.149262991503579e-07,7.446189535111745e-07,True,0.0031245949812059473,2.2690507921363356e-19,0.13696214265108297,2.2247902354224034e-19,29.856084712911,3.287256395410037e-07,True,True,True,210,4.433629989624023,t5_lam1.00_D0.04_n1600,t5,1.0,0.04,1600
True,5,5,0.09113369913577733,0.04152675559085191,0.017422207398570224,0.023463929564790188,,0.10584605523660222,16.96846568508046,0.07506467257207104,,False,1.0,1.0,9.741835158849603e-07,9.626951836211059e-07,True,0.003335727017337245,1.4738595181527117e-20,0.14931104514509597,5.362000563831546e-21,56.3619615160555,5.769730953335629e-13,True,True,True,211,4.432974815368652,t5_lam1.00_D0.04_n1600,t5,1.0,0.04,1600
True,5,5,0.08494862945185737,0.03608134822874485,0.011677152394468121,0.021758384845193192,,0.0974335780146558,17.58586960813242,0.06236438401008086,,False,0.997289972899729,1.0,8.550537023816082e-07,9.958682640217037e-07,True,0.003449293768559195,3.3892997151863416e-21,0.15171554089187117,3.4835100282053454e-21,32.68507399692612,7.989624364662048e-08,True,True,True,212,4.469072103500366,t5_lam1.00_D0.04_n1600,t5,1.0,0.04,1600
True,5,5,0.06670360020800298,0.022246851403545473,-6.840442672069458e-05,0.018486553869010738,,0.07789643220912673,9.329171310724806,0.5011748431668925,,False,1.0,1.0,9.7887963369946e-07,9.477631003317861e-07,True,0.0040111850639806745,2.370200585424961e-24,0.18089990180945162,7.415964674025884e-25,45.02106666793637,1.674170127061293e-10,True,True,True,213,4.268180847167969,t5_lam1.00_D0.04_n1600,t5,1.0,0.04,1600
True,5,5,0.06923037975456144,0.023964227404803952,-6.638784200992467e-05,0.02107862583132611,,0.0831923870408823,8.638695033513535,0.5667011115455078,,False,1.0,1.0,9.354539161111826e-07,8.390317919857852e-07,True,0.003920156853463595,7.68514779143409e-24,0.1704699531942429,1.0638173818033505e-23,32.03036918324763,1.1083928234965864e-07,True,True,True,214,4.433744192123413,t5_lam1.00_D0.04_n1600,t5,1.0,0.04,1600
True,5,5,0.06914315586525091,0.02390388001503191,-0.0019868631314717763,0.022061177999741454,,0.08282577559700238,8.526424189722169,0.5775574110843474,,False,0.997289972899729,1.0,9.734633223228466e-07,8.979326828036562e-07,True,0.0032944148106286,2.5160833467958832e-20,0.1449332767279313,2.1045286351959228e-20,28.141550196721127,7.747115283561849e-07,True,True,True,215,4.661224842071533,t5_lam1.00_D0.04_n1600,t5,1.0,0.04,1600
True,5,5,0.08174562225802386,0.03341173379175763,0.010077006515759688,0.020994884209330825,,0.09445688747243759,16.123043529017586,0.09616389656501394,,False,1.0,1.0,9.096991384239264e-07,9.97956173978061e-07,True,0.0028296824579155887,1.0374904654508488e-17,0.12565445429174227,7.008737477061823e-18,20.927030523420868,2.8559661816829233e-05,True,True,True,216,4.633933067321777,t5_lam1.00_D0.04_n1600,t5,1.0,0.04,1600
True,5,5,0.09028766837926931,0.04075931530682454,0.016584063506682636,0.022245156871857248,,0.10312525439431554,19.23830239449305,0.037338218033229426,,True,1.0,1.0,9.68725979887431e-07,9.421615435147479e-07,True,0.003741673533555495,7.720747880075672e-23,0.16938136464275777,1.2487997130951038e-23,89.6980506441008,3.3290152443169546e-20,True,True,True,217,4.491477012634277,t5_lam1.00_D0.04_n1600,t5,1.0,0.04,1600
True,5,5,0.06965900771262347,0.024261886777536677,-0.005052962261861461,0.023021789633683763,,0.08101174225507939,9.490200089940046,0.4862971054970038,,False,1.0,1.0,9.813221762171528e-07,8.941539691435913e-07,True,0.002865381210482936,6.530080480354163e-18,0.1267791467589132,3.565579142658316e-18,64.31727456418947,1.0806406068949815e-14,True,True,True,218,4.421704292297363,t5_lam1.00_D0.04_n1600,t5,1.0,0.04,1600
True,5,5,0.08688643245327092,0.037746260722284056,0.01582828106155766,0.022269264244977358,,0.1024284737018466,18.040017979091086,0.054292335392594274,,False,1.0,1.0,8.590197909328517e-07,8.646752796709209e-07,True,0.003115584216161825,2.549997183009795e-19,0.1405264134239673,1.0892238018627835e-19,38.47765811828528,4.412479506387063e-09,True,True,True,219,4.447061061859131,t5_lam1.00_D0.04_n1600,t5,1.0,0.04,1600
True,5,5,0.057595885416901756,0.01658643008478438,-0.0050689535701424,0.015713350724409707,,0.06446271536394266,7.70325107548713,0.6577973098111499,,False,1.0,1.0,8.713884778795919e-07,7.378429495773776e-07,True,0.003960851719339112,4.54204832252499e-24,0.1740240707041163,3.646795860643623e-24,47.48216103273579,4.89079812818708e-11,True,True,True,220,4.54118013381958,t5_lam1.00_D0.04_n1600,t5,1.0,0.04,1600
True,5,5,0.08374706550803196,0.03506785490603298,0.007763284624243964,0.02594817565313502,,0.10044325309355226,13.65914298077385,0.18911446579631194,,False,1.0,1.0,9.689891233201365e-07,9.868094529047394e-07,True,0.004360250609740773,2.6103978023288346e-26,0.19085137843526415,1.611336031397081e-26,74.20833271523549,7.688919167743956e-17,True,True,True,221,4.499381065368652,t5_lam1.00_D0.04_n1600,t5,1.0,0.04,1600
True,5,5,0.07210100758469258,0.025992776473639484,0.0008551015335668891,0.024074760225468478,,0.0899494949495724,7.654985841674337,0.6624964287279496,,False,1.0,1.0,8.366492438905609e-07,8.247506377705946e-07,True,0.002154783927592911,6.672312146952305e-14,0.09852817955232879,2.618121193833184e-14,13.006743080356046,0.001498378822747562,True,True,True,222,4.344159126281738,t5_lam1.00_D0.04_n1600,t5,1.0,0.04,1600
True,5,5,0.07779100197595583,0.030257199942115814,0.007348331143605467,0.019310397628792983,,0.0884433250406165,14.964570755066266,0.13335889169787163,,False,1.0,1.0,9.757125133956345e-07,8.213897535484613e-07,True,0.003020894196260358,8.69720136935986e-19,0.13390421010086312,5.04903586235883e-19,40.54770328534348,1.567393728277819e-09,True,True,True,223,4.6644370555877686,t5_lam1.00_D0.04_n1600,t5,1.0,0.04,1600
True,5,5,0.07451454421241151,0.02776208649591715,0.0036939028659807548,0.021046975685226163,,0.08753638918550896,11.292976168798646,0.33515268360700673,,False,1.0,1.0,8.884193223300139e-07,7.80310245237257e-07,True,0.0028202887400472884,1.1719187395718513e-17,0.12440510116508662,9.318359945491216e-18,61.641565994656844,4.118167589466515e-14,True,True,True,224,4.495667934417725,t5_lam1.00_D0.04_n1600,t5,1.0,0.04,1600
True,5,5,0.07111471414908953,0.025286512842533568,-0.00016734790079432627,0.020504808867389267,,0.08192687145824332,10.327811387337777,0.4122192382317843,,False,1.0,1.0,7.853286751426839e-07,9.951544342744005e-07,True,0.0043007353895652385,5.629333802036866e-26,0.18859903756943708,4.9913740945817733e-26,78.73996736124124,7.97688507094969e-18,True,True,True,225,4.43463397026062,t5_lam1.00_D0.04_n1600,t5,1.0,0.04,1600
True,5,5,0.1242464585051092,0.0771859122553091,0.05086031940493883,0.031640171508589825,,0.1434599388458042,36.145150365239644,7.947540516579006e-05,,True,1.0,1.0,9.851511149584837e-07,9.935453912733114e-07,True,0.00271974596931094,4.3189890487252277e-17,0.1230020134826963,1.623872663403385e-17,40.945609255923536,1.2846177573323421e-09,True,True,True,226,4.640756130218506,t5_lam1.00_D0.04_n1600,t5,1.0,0.04,1600
True,5,5,0.06775602365782285,0.022954393709597246,-0.001470743008082944,0.02052979918208436,,0.08037135265398222,8.966280131426362,0.5353066896673414,,False,0.997289972899729,1.0,9.974496298381276e-07,7.776008533306891e-07,True,0.0027868290845203523,1.8087929090917837e-17,0.12393284683929155,8.307689005256838e-18,39.50261701836353,2.6431128377412367e-09,True,True,True,227,4.662205934524536,t5_lam1.00_D0.04_n1600,t5,1.0,0.04,1600
True,5,5,0.06734956699903558,0.02267982087478791,-0.0007255671165254905,0.018175303101933497,,0.07638081710957556,10.878030373237968,0.367099254551585,,False,1.0,1.0,9.973018892052907e-07,9.465254848559498e-07,True,0.004652550986930443,5.999011604664209e-28,0.20492632989545007,4.314635810826312e-28,80.05035129784936,4.142734284260667e-18,True,True,True,228,4.655756235122681,t5_lam1.00_D0.04_n1600,t5,1.0,0.04,1600
True,5,5,0.07276525852630698,0.026473914242001458,-0.0008701159420602088,0.021413287399996053,,0.08288740254438855,10.403981608499413,0.40579349890424044,,False,1.0,1.0,7.862121796741773e-07,8.809205356153847e-07,True,0.003753081106082674,6.661985231077963e-23,0.16537544332139156,6.50407093072012e-23,52.64249210125621,3.705340158890789e-12,True,True,True,229,4.649917840957642,t5_lam1.00_D0.04_n1600,t5,1.0,0.04,1600
True,5,5,0.08226034261589578,0.0338338198364228,0.009738859519551172,0.020918163919856587,,0.09396401152812996,15.880560015205894,0.10310293549129237,,False,0.997289972899729,1.0,9.284933762268548e-07,7.954880050202811e-07,True,0.003388057662710639,7.486571964990323e-21,0.1492194158818084,5.689325903546635e-21,75.30336321075224,4.4471568217468075e-17,True,True,True,230,4.621387004852295,t5_lam1.00_D0.04_n1600,t5,1.0,0.04,1600
True,5,5,0.04562049951465579,0.010406149879833546,-0.015306265668101438,0.015443767597856957,,0.04493655856655959,4.719110559396672,0.9091348028210194,,False,1.0,1.0,9.148061978997652e-07,9.905147915106824e-07,True,0.002360423523011452,4.595031991196702e-15,0.10470576874137387,3.3170786499831055e-15,33.51223388430191,5.283368151387323e-08,True,True,True,231,4.482802152633667,t5_lam1.00_D0.04_n1600,t5,1.0,0.04,1600
True,5,5,0.04068598753643828,0.008276747909076055,-0.01703647717687762,0.015752177742288053,,0.042127305906998445,3.0913024984952644,0.9791929480213583,,False,1.0,1.0,8.321965929486086e-07,9.791889600614699e-07,True,0.003614844593874717,3.980694467623072e-22,0.15964726481167374,2.4273808535040777e-22,49.726425552648955,1.5923696403330733e-11,True,True,True,232,4.557645797729492,t5_lam1.00_D0.04_n1600,t5,1.0,0.04,1600
True,5,5,0.07385587014770664,0.027273447776374526,0.003614492992673385,0.020178956689074105,,0.08579734621862566,10.598811163346253,0.389615775693971,,False,1.0,1.0,9.076811042216208e-07,9.618404516661278e-07,True,0.0033261055127335815,1.6693527059550964e-20,0.14723283769916173,1.624453998167883e-20,28.14356627442512,7.739309825128753e-07,True,True,True,233,4.420144081115723,t5_lam1.00_D0.04_n1600,t5,1.0,0.04,1600
True,5,5,0.08899429357706662,0.03959992144640561,0.01599693449499687,0.02404437969335261,,0.10540058789343276,14.759313872508187,0.14108633534100712,,False,1.0,1.0,8.32364121835927e-07,8.21481674521724e-07,True,0.0026859202086304303,6.69924667847123e-17,0.1184188516404076,5.24352278706769e-17,39.39561045884517,2.7883795134041087e-09,True,True,True,234,4.724291086196899,t5_lam1.00_D0.04_n1600,t5,1.0,0.04,1600
True,5,5,0.09754810476101945,0.047578163712334136,0.0220772758155338,0.02618528844157094,,0.11414748572038039,19.93535843775028,0.029870051037051367,,True,1.0,1.0,9.829700983940117e-07,9.221632475841713e-07,True,0.003803902712703909,3.4534519380855424e-23,0.16938359678120782,1.3735809300547446e-23,38.318414364012085,4.778174906844894e-09,True,True,True,235,4.6794350147247314,t5_lam1.00_D0.04_n1600,t5,1.0,0.04,1600
True,5,5,0.06115280855197822,0.018698329968974504,-0.005834705815961565,0.01793748174027444,,0.06880381687509007,9.987426206900027,0.44159712292904296,,False,0.997289972899729,1.0,8.346832551740191e-07,9.265394534625143e-07,True,0.0034025734304478283,6.204292708713016e-21,0.15067817017786686,3.186421597287663e-21,35.39303642766647,2.063002673711651e-08,True,True,True,236,4.440090179443359,t5_lam1.00_D0.04_n1600,t5,1.0,0.04,1600
True,5,5,0.05925604869924513,0.017556396537236552,-0.006136955304914725,0.017761385276629856,,0.06793809489091134,7.054891035311536,0.7202529424616287,,False,1.0,1.0,9.83685954759625e-07,9.023414302559941e-07,True,0.0029163624965123417,3.371562898413699e-18,0.12960985798166694,2.307213358346172e-18,23.722966148579893,7.057052586529738e-06,True,True,True,237,4.428493022918701,t5_lam1.00_D0.04_n1600,t5,1.0,0.04,1600
True,5,5,0.08186596372173227,0.033510180080439926,0.011951036420340004,0.019288900370152916,,0.09346491764730938,18.398838028471342,0.048597108127905464,,True,1.0,0.997289972899729,9.560634028425181e-07,8.84503146470831e-07,True,0.00320981619687203,7.524243716407189e-20,0.1417020270860348,4.802443651762357e-20,31.63655222447423,1.3496152323080084e-07,True,True,True,238,4.355393886566162,t5_lam1.00_D0.04_n1600,t5,1.0,0.04,1600
True,5,5,0.06738295657785846,0.0227023141858678,-0.005300102977346531,0.021798659583746178,,0.07817352659520847,8.317294129302097,0.5978744084052132,,False,1.0,0.997289972899729,9.777803385415486e-07,7.368359077716816e-07,True,0.0028749280683017086,5.769699831883535e-18,0.12667338543029993,6.23879676722114e-18,31.859050939079367,1.207521825607657e-07,True,True,True,239,4.695996284484863,t5_lam1.00_D0.04_n1600,t5,1.0,0.04,1600
True,5,5,0.07412828784809193,0.02747501529644787,0.0032200638746842265,0.019053412021730172,,0.08313860444393792,13.862278400241571,0.17936671378614732,,False,1.0,1.0,9.503812793930345e-07,9.004773586878629e-07,True,0.004381434290950019,1.9857376370989127e-26,0.1935432106265738,1.731694060784067e-26,128.73260992430951,1.1119082035744878e-28,True,True,True,240,4.623194932937622,t5_lam1.00_D0.04_n1600,t5,1.0,0.04,1600
True,5,5,0.07447473391128535,0.02773242995578379,0.0020663646897219855,0.021313161505604677,,0.08616657785245778,12.039311587302656,0.2824341397925089,,False,1.0,1.0,8.800467142498096e-07,9.427583266317214e-07,True,0.0034586813417452934,3.001604977737019e-21,0.1509461902901,2.722098591787267e-21,38.73129372680719,3.886927398019954e-09,True,True,True,241,4.6286866664886475,t5_lam1.00_D0.04_n1600,t5,1.0,0.04,1600
True,5,5,0.09659695208406391,0.046654855759654695,0.020690557266306326,0.026046515698988974,,0.11272378904493656,18.874830413824213,0.041881632275587,,True,1.0,1.0,9.761998698678822e-07,9.435963714838827e-07,True,0.0033765214209642517,8.692185106041336e-21,0.14901796623970276,5.062804706771068e-21,42.89165875640796,4.8550604450932e-10,True,True,True,242,4.754326105117798,t5_lam1.00_D0.04_n1600,t5,1.0,0.04,1600
True,5,5,0.10558288816390521,0.05573873136515858,0.03385857062612051,0.025053326672553115,,0.12252969099011843,24.791925684528746,0.0057541714529973104,,True,1.0,1.0,8.666714098693904e-07,8.378291175207263e-07,True,0.0033551301561560026,1.1465076134941953e-20,0.14803865101906433,8.823832837208388e-21,45.08973639485937,1.61766335167603e-10,True,True,True,243,4.749497175216675,t5_lam1.00_D0.04_n1600,t5,1.0,0.04,1600
True,5,5,0.1070703431310298,0.0573202918909823,0.030293086901172564,0.028933541671080348,,0.12480747402251247,21.894709458579612,0.015650066963788296,,True,1.0,1.0,7.643528287225571e-07,9.021419437289242e-07,True,0.0034260934567420433,4.576125773960759e-21,0.15271021434107832,2.4726262039795704e-21,43.17454965791719,4.2146902490427193e-10,True,True,True,244,4.7234110832214355,t5_lam1.00_D0.04_n1600,t5,1.0,0.04,1600
True,5,5,0.1207294197294211,0.07287796394101366,0.04913433163830164,0.032533920068564606,,0.14328144894718883,23.72256634361662,0.00837183637006154,,True,1.0,1.0,9.706044326437284e-07,8.603956972127093e-07,True,0.0033657042862999947,9.998501972478397e-21,0.14878167830234115,6.746863528101632e-21,43.66391020706614,3.299912082356502e-10,True,True,True,245,4.574595212936401,t5_lam1.00_D0.04_n1600,t5,1.0,0.04,1600
True,5,5,0.0669085198434448,0.02238375013820323,-0.00020866301460508926,0.01755655219084742,,0.07572224974638973,10.456078014058894,0.4014309992780356,,False,1.0,1.0,8.569314158030515e-07,8.966688677097793e-07,True,0.003074915723060917,4.318828618939636e-19,0.13615471010001387,4.2969301003415887e-19,55.57496021128295,8.551665876110439e-13,True,True,True,246,4.658881902694702,t5_lam1.00_D0.04_n1600,t5,1.0,0.04,1600
True,5,5,0.05783895589496675,0.016726724095099545,-0.006094424837565331,0.016166758059184997,,0.06402737819422571,10.133059372495367,0.42889817309489847,,False,1.0,1.0,8.683090527838991e-07,8.742727729860019e-07,True,0.0031569021084042873,1.4931202438957084e-19,0.13881981792747874,1.0974991379636004e-19,35.15935782158883,2.3186887528463487e-08,True,True,True,247,4.608367681503296,t5_lam1.00_D0.04_n1600,t5,1.0,0.04,1600
True,5,5,0.04933946082797456,0.012171911973976181,-0.0108340101748402,0.016268746904822814,,0.056437039570681136,4.5027870553420035,0.9218289621806566,,False,1.0,1.0,7.49226680906008e-07,9.261000382612429e-07,True,0.00404175208074698,1.5968396574651124e-24,0.17928121810196138,1.2677389116806683e-24,41.35169246705115,1.0485618969428901e-09,True,True,True,248,4.687646865844727,t5_lam1.00_D0.04_n1600,t5,1.0,0.04,1600
True,5,5,0.06536943603509625,0.021365815837732696,-0.0011593212659009276,0.018748764422284334,,0.07704498931786827,8.165956379391378,0.6126303525793002,,False,1.0,1.0,9.099973613841748e-07,7.512264355639819e-07,True,0.003874577700315394,1.3851349290707993e-23,0.16977993888758908,1.2548838798098665e-23,29.21005366569984,4.5406438451398436e-07,True,True,True,249,4.566524982452393,t5_lam1.00_D0.04_n1600,t5,1.0,0.04,1600
True,5,5,0.061969632354060444,0.019201176670487076,-0.0042275712425959774,0.018256256101413532,,0.07183494667690513,8.63598918588551,0.5669622600769557,,False,1.0,0.997289972899729,9.780114080965673e-07,9.58086900223698e-07,True,0.002702533531689102,5.399933864561067e-17,0.11951664024514083,5.0483234208048325e-17,21.353424893998888,2.3076115254989462e-05,True,True,True,250,4.716444730758667,t5_lam1.00_D0.04_n1600,t5,1.0,0.04,1600
True,5,5,0.08617684709786123,0.03713224487864077,0.012538511499739467,0.021621653529834632,,0.09808462339120853,18.353414200040422,0.04928673760182158,,True,1.0,1.0,8.891624729771546e-07,8.507868724297733e-07,True,0.004026070693788853,1.9554845241942223e-24,0.18094454067879806,4.303694793305784e-25,70.39760150102876,5.168387464187224e-16,True,True,True,251,4.960885047912598,t5_lam1.00_D0.04_n1600,t5,1.0,0.04,1600
True,5,5,0.08438559264075768,0.03560464122665948,0.01219381041341238,0.021923958706667215,,0.09824002586441868,15.310824400488599,0.12113397628059962,,False,1.0,1.0,7.836664572758725e-07,8.841463719705114e-07,True,0.0030271502252920933,8.01991199027724e-19,0.1352149755428975,3.1477969868069933e-19,42.91425798732925,4.800508915114234e-10,True,True,True,252,5.104913949966431,t5_lam1.00_D0.04_n1600,t5,1.0,0.04,1600
True,5,5,0.06410684615020273,0.020548438616628816,-0.0018901677253724998,0.01662206445407164,,0.0713452104619902,10.89817162678072,0.36550626609120634,,False,0.997289972899729,0.997289972899729,9.477758299650413e-07,8.483920383079689e-07,True,0.002294749089869703,1.079475138039009e-14,0.10084359927269973,1.0571524893855076e-14,23.28564206551954,8.781871371558653e-06,True,True,True,253,5.038984775543213,t5_lam1.00_D0.04_n1600,t5,1.0,0.04,1600
True,5,5,0.06599444569066416,0.021776334310090108,-0.0028810455508046055,0.019275112323701847,,0.07592587551649753,8.616852233852475,0.5688099550774567,,False,1.0,0.997289972899729,9.284195982662521e-07,8.646300902407263e-07,True,0.0031264141958530843,2.2162019607546313e-19,0.13829623710539857,1.7848532273557232e-19,41.13669629416202,1.167561854976487e-09,True,True,True,254,5.386886835098267,t5_lam1.00_D0.04_n1600,t5,1.0,0.04,1600
True,5,5,0.05402260229861224,0.014592207795570123,-0.009496130136223739,0.01641234145901051,,0.05916040777309723,6.338565387967771,0.786061754649482,,False,1.0,1.0,7.559142718815767e-07,9.435559305111318e-07,True,0.003172984747170995,1.2123471462295366e-19,0.13897485073087198,1.22311012618126e-19,11.389004720677974,0.0033644110269635693,True,True,True,255,5.034075975418091,t5_lam1.00_D0.04_n1600,t5,1.0,0.04,1600
True,5,5,0.066224201295188,0.021928224185927894,-0.0018582607379058827,0.018053180430300027,,0.07461444708752113,12.208489221896212,0.27134544240074665,,False,1.0,1.0,8.464215974784909e-07,9.129651658777407e-07,True,0.0027130669306240354,4.710023333869582e-17,0.12106648884982055,2.5479334061208237e-17,31.08743759402483,1.7760234600065909e-07,True,True,True,256,5.030865907669067,t5_lam1.00_D0.04_n1600,t5,1.0,0.04,1600
True,5,5,0.08643494837592904,0.03735500150374759,0.012189794121373165,0.02433684163899373,,0.10219621946022818,13.449470858609637,0.199615315804595,,False,0.994579945799458,0.997289972899729,9.214031712269693e-07,9.804834656311349e-07,True,0.002394367429913672,2.955538144921881e-15,0.10792014875980446,1.4895623527981741e-15,32.138472235058,1.0500728402492873e-07,True,True,True,257,4.8748040199279785,t5_lam1.00_D0.04_n1600,t5,1.0,0.04,1600
True,5,5,0.10219579035361974,0.052219897830004997,0.024446134162036493,0.028928617239671543,,0.12002456011283782,21.09648773533428,0.02043070691545913,,True,1.0,1.0,8.669743608353386e-07,9.218826544654417e-07,True,0.003824571097293204,2.643724885679594e-23,0.16832986396042793,2.1081069577262647e-23,70.44240268414507,5.053899612718755e-16,True,True,True,258,4.733580112457275,t5_lam1.00_D0.04_n1600,t5,1.0,0.04,1600
True,5,5,0.0717091796231008,0.025711032211090674,0.0013178761693502447,0.020386364486739764,,0.08348707892329067,9.651844111413318,0.47155046140670365,,False,1.0,1.0,9.158729085838535e-07,8.761208800476422e-07,True,0.002737343542506536,3.437268801995221e-17,0.12178299657298129,2.062721659823246e-17,28.61420591500983,6.11651624513101e-07,True,True,True,259,4.800007104873657,t5_lam1.00_D0.04_n1600,t5,1.0,0.04,1600
True,5,5,0.07806089197386093,0.030467514278773932,0.007499965773220058,0.01911580790069567,,0.0882526733088431,14.85721217888378,0.13735501118516036,,False,1.0,1.0,6.911350986377834e-07,9.59651122223109e-07,True,0.004046395690786336,1.5038522969811634e-24,0.18173684158183898,8.422215936571065e-25,58.64311123048154,1.84420924787275e-13,True,True,True,260,4.81829309463501,t5_lam1.00_D0.04_n1600,t5,1.0,0.04,1600
True,5,5,0.11113553282440948,0.06175553328082699,0.03808807109724366,0.027576857959767213,,0.12918820838783418,26.621666987901243,0.0029881889589301247,,True,1.0,1.0,8.692615065032135e-07,9.523195853761555e-07,True,0.002691653971508538,6.21881949630645e-17,0.12106583966160596,2.3745609393537922e-17,24.55281846906601,4.660400196051938e-06,True,True,True,261,4.884263277053833,t5_lam1.00_D0.04_n1600,t5,1.0,0.04,1600
True,5,5,0.08745364291166657,0.03824069829260645,0.012153687539242605,0.029327073503745377,,0.10990216627505629,10.312753522875946,0.4134961107355481,,False,1.0,1.0,9.561291984015585e-07,9.147470062939876e-07,True,0.0035918603417988597,5.358829148062838e-22,0.1577823620513824,3.5175390592679105e-22,59.69252876284394,1.0912696419444847e-13,True,True,True,262,4.754727840423584,t5_lam1.00_D0.04_n1600,t5,1.0,0.04,1600
True,5,5,0.07809169065607138,0.030491560747617732,0.006648403651235715,0.02209019643043509,,0.09271843761615844,11.362611923826655,0.3299736064514146,,False,1.0,0.997289972899729,9.916839211231624e-07,9.634161270661278e-07,True,0.004302595929135956,5.495697871782529e-26,0.1926429252944875,2.614927736651628e-26,83.25691214657417,8.336643635642772e-19,True,True,True,263,4.594478130340576,t5_lam1.00_D0.04_n1600,t5,1.0,0.04,1600
True,5,5,0.0910224352415192,0.041425418586482785,0.01784607355819641,0.02292930174850887,,0.105414817461964,19.83700465862651,0.030832593369368128,,True,1.0,1.0,8.198842820610422e-07,9.90983511414256e-07,True,0.0032482932383799132,4.571632496151292e-20,0.14642794720884297,1.4313328849723708e-20,38.547096010280896,4.261911769541369e-09,True,True,True,264,4.651604890823364,t5_lam1.00_D0.04_n1600,t5,1.0,0.04,1600
True,5,5,0.07553825440894923,0.028530139395755688,0.0009791880599464807,0.02363036419686254,,0.08927225584171158,9.979668151797618,0.4422788827149884,,False,0.997289972899729,1.0,7.575891333520543e-07,8.676182971863425e-07,True,0.002250925336789549,1.909040874901559e-14,0.1031216868659121,5.193290065289739e-15,14.403558316649278,0.0007452586949431763,True,True,True,265,4.808439016342163,t5_lam1.00_D0.04_n1600,t5,1.0,0.04,1600
True,5,5,0.07299531207704502,0.026641577926125974,-2.9351415159927646e-05,0.022468472106439406,,0.08593950944841948,8.954507057892584,0.5364264165876453,,False,1.0,1.0,7.469812042752739e-07,9.691676775841691e-07,True,0.003260441629751087,3.9062114799078385e-20,0.14751853521258204,1.6155151607122353e-20,42.232656149870124,6.74986736461959e-10,True,True,True,266,4.756574869155884,t5_lam1.00_D0.04_n1600,t5,1.0,0.04,1600
True,5,5,0.11463324908675285,0.06570390898092761,0.03946842235073334,0.032712883586881174,,0.13658427989095678,21.71955103731649,0.01659882763471323,,True,1.0,1.0,9.590076349919594e-07,8.6698416456606e-07,True,0.0037346528127489348,8.454404203840295e-23,0.1667883318034493,4.7859770892860314e-23,34.616099451989584,3.042352357379826e-08,True,True,True,267,4.689920902252197,t5_lam1.00_D0.04_n1600,t5,1.0,0.04,1600
True,5,5,0.054635710128814866,0.014925304106399417,-0.00879278696467329,0.01640336728936752,,0.06031310175320121,9.156349435385842,0.5173326157146082,,False,1.0,1.0,8.626940965123212e-07,9.457674107243881e-07,True,0.003187698305313958,1.0019939316161136e-19,0.13960930952904754,8.598604703292794e-20,42.67846661293525,5.401180946588086e-10,True,True,True,268,4.6448142528533936,t5_lam1.00_D0.04_n1600,t5,1.0,0.04,1600
True,5,5,0.08411779965598652,0.03537902109482343,0.013061118612332067,0.020875240776591933,,0.09736306704001736,16.258978974439277,0.0924549526737125,,False,1.0,1.0,9.818662579738435e-07,8.522640507342983e-07,True,0.002772171665057924,2.187604968974303e-17,0.12176819208280532,1.7281213142267143e-17,24.04273138488958,6.014329461676253e-06,True,True,True,269,4.548418998718262,t5_lam1.00_D0.04_n1600,t5,1.0,0.04,1600
True,5,5,0.07539223325558878,0.028419944176325533,0.005899040338823883,0.020729002875867156,,0.08943737015619531,11.539594826395593,0.3170501254170078,,False,0.997289972899729,1.0,9.084883366048766e-07,6.545069410933904e-07,True,0.0032874021739285743,2.75521314087468e-20,0.14874349511027513,7.64013354616183e-21,75.57989688354328,3.8728789264690466e-17,True,True,True,270,4.420370817184448,t5_lam1.00_D0.04_n1600,t5,1.0,0.04,1600
True,5,5,0.07737593390518128,0.029935175738494916,0.006439321254488723,0.019775677671603344,,0.08828070728992686,15.658697694652894,0.10982831114338848,,False,1.0,1.0,8.852761707497508e-07,7.31473334132526e-07,True,0.0033860597106418287,7.682692529072676e-21,0.14967897317413575,5.793659797457194e-21,67.30442451262509,2.426777240392373e-15,True,True,True,271,4.653374910354614,t5_lam1.00_D0.04_n1600,t5,1.0,0.04,1600
True,5,5,0.07809742353690767,0.0304960378155157,0.006584445244671819,0.02018343012478547,,0.08920003754455129,14.570196368053313,0.14853502766035323,,False,1.0,1.0,7.921135560158956e-07,9.607660348988462e-07,True,0.003149577613753942,1.6417164332624122e-19,0.13870581839859475,1.6993850997216383e-19,23.321591602147755,8.625429483709653e-06,True,True,True,272,4.618705749511719,t5_lam1.00_D0.04_n1600,t5,1.0,0.04,1600
True,5,5,0.07231339767254294,0.026146137414736696,0.0022927939399776873,0.019277084776720126,,0.08246305445715287,12.838649078838111,0.23283359066718368,,False,1.0,1.0,8.620394431402563e-07,7.722640491359318e-07,True,0.0034916104084500087,1.960243534463864e-21,0.1556252459507438,9.792829167169068e-22,58.099856525566466,2.419783192161746e-13,True,True,True,273,4.652428150177002,t5_lam1.00_D0.04_n1600,t5,1.0,0.04,1600
True,5,5,0.04437252508771751,0.009844604913300598,-0.014003185004307611,0.015482880822930967,,0.047882956619130744,3.583303831495237,0.9641938425676316,,False,1.0,1.0,8.937723137872883e-07,9.725062864971566e-07,True,0.00365645174293725,2.324111618580423e-22,0.16104041001868055,2.3034600101021944e-22,33.41631969544733,5.5429169985811484e-08,True,True,True,274,4.6504528522491455,t5_lam1.00_D0.04_n1600,t5,1.0,0.04,1600
True,5,5,0.07901988277314463,0.031220709367407604,0.007999003035163068,0.019831505629149673,,0.09013204424307532,15.181633078310531,0.1255788272118222,,False,1.0,1.0,9.426323721177896e-07,7.644053950860833e-07,True,0.003879081719496677,1.3068007257127085e-23,0.1724042049658356,8.406093343406609e-24,46.11344406829255,9.69600542453799e-11,True,True,True,275,4.533527135848999,t5_lam1.00_D0.04_n1600,t5,1.0,0.04,1600
True,5,5,0.06276026398213465,0.019694253675536136,-0.0011348740080706493,0.016377385594534225,,0.07183805131973132,9.64209783191792,0.4724340057219313,,False,1.0,1.0,8.134516761004801e-07,8.801902717730246e-07,True,0.0027044579240645635,5.2667474687130905e-17,0.1201265820395884,3.564357210682547e-17,35.04887500645521,2.4503803091262002e-08,True,True,True,276,4.501710891723633,t5_lam1.00_D0.04_n1600,t5,1.0,0.04,1600
True,5,5,0.07957764702967514,0.03166300953389782,0.006406033624941649,0.020653430034171895,,0.08986423418205683,14.694709171123531,0.14359495046960682,,False,1.0,1.0,9.615558820248514e-07,8.053683752149571e-07,True,0.0038032113356027027,3.484456711705323e-23,0.16513020347260662,4.690020112537549e-23,63.85877745857255,1.3590726234503737e-14,True,True,True,277,4.607730865478516,t5_lam1.00_D0.04_n1600,t5,1.0,0.04,1600
True,5,5,0.04177763979221297,0.008726855933039481,-0.015308501092303618,0.014267553030997332,,0.04039686933032017,4.3606611518703335,0.9296138259994219,,False,1.0,0.997289972899729,8.927549389056716e-07,9.765176081663725e-07,True,0.0035456988574566564,9.736467726131023e-22,0.1584824127402388,4.665656465263519e-22,77.76902753885534,1.2961946913714375e-17,True,True,True,278,4.388164281845093,t5_lam1.00_D0.04_n1600,t5,1.0,0.04,1600
True,5,5,0.07393422571861823,0.027331348663057944,0.0036574336539266193,0.02033897176657067,,0.08615342724771194,10.904496319230311,0.36500691941322916,,False,1.0,1.0,9.83693406883783e-07,8.239085520371642e-07,True,0.002517307642923143,5.981703904114337e-16,0.11350208239254535,2.6916298099682315e-16,30.798371080151362,2.05219532598985e-07,True,True,True,279,4.6832921504974365,t5_lam1.00_D0.04_n1600,t5,1.0,0.04,1600
True,5,5,0.06819252242689901,0.02325110057471562,-0.0004093169288367088,0.018396710634445586,,0.07726652481147037,11.115874444241765,0.34856189977363017,,False,1.0,1.0,7.102210747485982e-07,8.514373336496974e-07,True,0.003475604269061002,2.4113129279578137e-21,0.15308251279895224,1.7672205618369503e-21,61.04598008180123,5.5466894873147437e-14,True,True,True,280,4.52926778793335,t5_lam1.00_D0.04_n1600,t5,1.0,0.04,1600
True,5,5,0.11602232407024086,0.06730589841329995,0.04259633956666517,0.027232864327287318,,0.13220470129891831,31.498526325353424,0.000485194534774508,,True,1.0,1.0,8.98804867145354e-07,9.182242164080268e-07,True,0.0039290650174531126,6.849409971761418e-24,0.17862154219525048,1.102301340851044e-24,89.51983447940424,3.639275488363298e-20,True,True,True,281,4.619123935699463,t5_lam1.00_D0.04_n1600,t5,1.0,0.04,1600
True,5,5,0.09464453239357556,0.04478793755999287,0.0218915750209615,0.022912161576096022,,0.10915926629535506,20.699087381941425,0.023292361915550678,,True,1.0,1.0,9.335732983418806e-07,8.505040055627682e-07,True,0.003103484193451142,2.982760096448722e-19,0.1388173601105188,1.258988374406282e-19,32.64479730278883,8.152153231629236e-08,True,True,True,282,4.529232978820801,t5_lam1.00_D0.04_n1600,t5,1.0,0.04,1600
True,5,5,0.11860966205933808,0.07034125966915192,0.04494219678453313,0.03173851840138776,,0.13938967959725126,24.79716780314548,0.00574351769185078,,True,1.0,1.0,9.90556422828626e-07,9.92441011046183e-07,True,0.004006110313353571,2.530828471226146e-24,0.17733626221847684,1.1518110038956776e-24,63.88125527696354,1.3438836433098498e-14,True,True,True,283,4.537384986877441,t5_lam1.00_D0.04_n1600,t5,1.0,0.04,1600
True,5,5,0.07376644818557464,0.02720744438957534,0.002458531554587709,0.019417919192095304,,0.08294355474122901,13.56989475541064,0.19352910657204445,,False,1.0,1.0,9.539862841898566e-07,6.555458419109111e-07,True,0.002502353053202415,7.264315360895717e-16,0.10939958256668851,7.244746371559441e-16,38.14234948956436,5.217879494028023e-09,True,True,True,284,4.51513409614563,t5_lam1.00_D0.04_n1600,t5,1.0,0.04,1600
True,5,5,0.06447146460324116,0.020782848740434894,-0.003537719313536334,0.018972494517360293,,0.07438986101030255,8.55775791606804,0.574523414052295,,False,1.0,1.0,6.96386272974716e-07,8.764529541938525e-07,True,0.002788039796598587,1.7806064046689662e-17,0.12285007682118197,1.1638717386538453e-17,14.310329117095684,0.0007808210540229952,True,True,True,285,4.540004014968872,t5_lam1.00_D0.04_n1600,t5,1.0,0.04,1600
True,5,5,0.0755759146543532,0.028558594379210392,0.002259741175530374,0.025022086286283305,,0.09318520328616144,9.752080826349525,0.46250682160362955,,False,0.997289972899729,1.0,9.789292140984675e-07,7.968973681677368e-07,True,0.0035897947766904766,5.50393585213335e-22,0.1583243608618909,3.669027321166013e-22,37.76755291263728,6.293323947327862e-09,True,True,True,286,4.3381028175354,t5_lam1.00_D0.04_n1600,t5,1.0,0.04,1600
True,5,5,0.03860536334548729,0.007451870395185467,-0.015603922702265394,0.013671737289822345,,0.03710548198211843,3.4024466678859504,0.9703073563260203,,False,1.0,1.0,9.735988679695363e-07,9.691797976031491e-07,True,0.0023254925535068564,7.236962852648164e-15,0.10354749584482528,6.181436858900033e-15,13.088699938799955,0.001438218664931003,True,True,True,287,4.4065210819244385,t5_lam1.00_D0.04_n1600,t5,1.0,0.04,1600
True,5,5,0.08248364863768473,0.03401776146292515,0.011192846989499742,0.020285114980800042,,0.09440221601085044,16.751271916289834,0.08005209125503349,,False,1.0,1.0,9.648987818089694e-07,8.856523910389208e-07,True,0.0033769864827119566,8.640020607445666e-21,0.15060200734503207,4.4093138167851886e-21,31.09698496109239,1.7675654899578432e-07,True,True,True,288,4.440719127655029,t5_lam1.00_D0.04_n1600,t5,1.0,0.04,1600
True,5,5,0.08575567319511028,0.036770177425732783,0.013243469077971678,0.021858822903808386,,0.0991947914078061,16.46995723871566,0.08694655169325775,,False,1.0,1.0,9.967868839757736e-07,9.526222276060772e-07,True,0.0037677362662819434,5.512072295684888e-23,0.16560001174308184,5.625417914903383e-23,41.83011885803283,8.254772359560096e-10,True,True,True,289,4.3749518394470215,t5_lam1.00_D0.04_n1600,t5,1.0,0.04,1600
True,5,5,0.0830512252549249,0.03448753008172139,0.009271028708204038,0.02381991482843482,,0.09843912027992753,12.475732087944746,0.254477837716705,,False,1.0,1.0,8.79768041647101e-07,9.511085193435175e-07,True,0.0032891598215311927,2.6932231129565853e-20,0.14508678802884722,1.778630048874948e-20,38.73105398539068,3.8873933546867995e-09,True,True,True,290,4.418192148208618,t5_lam1.00_D0.04_n1600,t5,1.0,0.04,1600
True,5,5,0.07012988833886748,0.024591006192110097,0.0012171715645316467,0.01859065003744718,,0.0797446797046827,11.362971938857216,0.32994696850676075,,False,1.0,1.0,9.933249834426886e-07,7.37211201209096e-07,True,0.0030582600736413093,5.359091540372092e-19,0.13518988400529253,4.4223687194083665e-19,25.741901300372042,2.5716813525485987e-06,True,True,True,291,4.392359733581543,t5_lam1.00_D0.04_n1600,t5,1.0,0.04,1600
True,5,5,0.042772648794201014,0.009147497424360329,-0.013375781757278962,0.013722718254002075,,0.042886084303534924,4.8537286690976025,0.9007323277091475,,False,1.0,1.0,9.838558712323644e-07,9.681987488584696e-07,True,0.003504585507882263,1.6573033102378893e-21,0.1557248976494356,8.929278100288659e-22,50.97971890060994,8.509316870476056e-12,True,True,True,292,4.395551919937134,t5_lam1.00_D0.04_n1600,t5,1.0,0.04,1600
True,5,5,0.05675575604669403,0.01610607922215923,-0.008540238958634708,0.016917509221123922,,0.06210730624124016,7.360719532257988,0.6910081402366915,,False,1.0,1.0,8.934858315778499e-07,9.793273753865439e-07,True,0.003458794474725314,2.997214048115917e-21,0.15271716084643114,3.106831205259973e-21,40.213935954259505,1.85205875302555e-09,True,True,True,293,4.440510988235474,t5_lam1.00_D0.04_n1600,t5,1.0,0.04,1600
True,5,5,0.07338729989296136,0.02692847892789723,0.0022417148942002717,0.020963960291619867,,0.08570222986029925,12.883076871479288,0.23028280797747558,,False,1.0,1.0,9.681095194572576e-07,9.805830137904703e-07,True,0.0032562768361045005,4.1226440144384206e-20,0.14359417389746507,2.8320971029707454e-20,32.35500528386324,9.423231740767447e-08,True,True,True,294,4.260770797729492,t5_lam1.00_D0.04_n1600,t5,1.0,0.04,1600
True,5,5,0.06727201759705762,0.022627621757894144,-0.0017775021720018852,0.019580047033585374,,0.07801129303770246,9.586225389257265,0.47751315990970356,,False,0.997289972899729,1.0,9.409397325464149e-07,8.022080333472788e-07,True,0.0020945610421439784,1.4618302037742736e-13,0.09215369618608853,1.1466872301555168e-13,19.84101687535715,4.915615758767137e-05,True,True,True,295,4.4306321144104,t5_lam1.00_D0.04_n1600,t5,1.0,0.04,1600
True,5,5,0.059467893730034874,0.017682151923433607,-0.005304267630050239,0.016502049187031523,,0.0660896176829162,8.61564612975388,0.5689264486155661,,False,1.0,0.997289972899729,6.945627936406862e-07,9.919237077098067e-07,True,0.0023083509622029664,9.04434945900359e-15,0.10341695829657774,5.625031239019879e-15,18.384361970645934,0.00010183252709124758,True,True,True,296,4.414426803588867,t5_lam1.00_D0.04_n1600,t5,1.0,0.04,1600
True,5,5,0.11985174668637046,0.07182220591886956,0.04401685876518685,0.031404744498741005,,0.13832791956609863,28.065929228698675,0.0017618856205627554,,True,0.997289972899729,1.0,8.854424733025529e-07,8.901260867715982e-07,True,0.003741376618305029,7.7504448842339e-23,0.1682930388938017,2.4497765715959546e-23,62.67665818975675,2.4543506053226542e-14,True,True,True,297,4.340865135192871,t5_lam1.00_D0.04_n1600,t5,1.0,0.04,1600
True,5,5,0.0618030024552995,0.01909805556244878,-0.005343900996969856,0.017155284084626132,,0.0676373125589867,9.764089952840939,0.4614287012426245,,False,1.0,0.997289972899729,6.93437599429951e-07,9.9318658191148e-07,True,0.003286952672305905,2.7712943720554906e-20,0.1458883171664678,2.3009963392187387e-20,49.96062910127144,1.4164042931760561e-11,True,True,True,298,4.374454736709595,t5_lam1.00_D0.04_n1600,t5,1.0,0.04,1600
True,5,5,0.07958204054021427,0.03166650588272154,0.00786357234195198,0.021793920668640405,,0.0935001409616668,12.39126448064712,0.25972353521419617,,False,1.0,1.0,8.232309078163686e-07,8.924197727460006e-07,True,0.003477348293857967,2.3575078110389367e-21,0.1510577195787014,3.359395732570521e-21,32.185647638380246,1.0255938716315865e-07,True,True,True,299,4.680215120315552,t5_lam1.00_D0.04_n1600,t5,1.0,0.04,1600
True,5,5,0.0652325262904483,0.021276412431170143,-0.0013626011507622687,0.01807450249713221,,0.07532238689392295,8.693232584551168,0.5614432520334705,,False,1.0,1.0,7.522151753351636e-07,8.749949056332839e-07,True,0.002728821429624256,3.839172307290586e-17,0.1208284967509128,2.995035845930231e-17,37.76781685015773,6.2924934799679135e-09,True,True,True,300,4.824384927749634,t5_lam1.00_D0.04_n1600,t5,1.0,0.04,1600
True,5,5,0.10124695800651451,0.05125473252786457,0.025883933665934486,0.026234833497201304,,0.11750437838333856,20.321165111692487,0.02635723883410249,,True,1.0,1.0,9.703033594273917e-07,9.189314544287034e-07,True,0.0034852074275753694,2.1295600105860963e-21,0.15585240669040065,1.1059716824516226e-21,31.485193142324974,1.455717752671594e-07,True,True,True,301,4.928008317947388,t5_lam1.00_D0.04_n1600,t5,1.0,0.04,1600
True,5,5,0.0738660358775836,0.027280956281342333,0.002647117314126878,0.018889792895888453,,0.08211950032883925,15.133120363763899,0.12728337677071258,,False,1.0,1.0,9.157269846120459e-07,8.429462334588897e-07,True,0.003327473757725349,1.6400449097945587e-20,0.14728229698305917,1.2997341344174383e-20,34.71011741817267,2.9026439683718436e-08,True,True,True,302,4.642523765563965,t5_lam1.00_D0.04_n1600,t5,1.0,0.04,1600
True,5,5,0.06564231447198327,0.021544567246193712,-0.0025371120205490323,0.0182947968713597,,0.07423631317306566,9.113998369216233,0.5213200282146911,,False,1.0,0.994579945799458,7.274225687336333e-07,9.252245752902815e-07,True,0.0028181262408734516,1.20525472530483e-17,0.12666508505238364,7.823212068353302e-18,31.087533470858972,1.7759383222939378e-07,True,True,True,303,5.33512020111084,t5_lam1.00_D0.04_n1600,t5,1.0,0.04,1600
True,5,5,0.09173964080062574,0.04208080847113918,0.0176850870737015,0.027289063505777773,,0.11186742345945858,14.272600613685892,0.16091662647560442,,False,1.0,1.0,9.420680129001657e-07,9.55579336794334e-07,True,0.0039993068856567365,2.763385859184543e-24,0.17568043326665453,3.801137969079459e-24,52.02937869315669,5.0345883712366426e-12,True,True,True,304,5.214018821716309,t5_lam1.00_D0.04_n1600,t5,1.0,0.04,1600
True,5,5,0.08646866635100423,0.03738415130260646,0.016174121407651773,0.020349350475511816,,0.0996451949101451,19.208930629305208,0.03768780487619281,,True,1.0,1.0,9.211051706793433e-07,7.986281843189824e-07,True,0.0021569669441459066,6.485330987229354e-14,0.09492561137073932,5.885621583954432e-14,28.41737141558429,6.749105267706645e-07,True,True,True,305,5.115474224090576,t5_lam1.00_D0.04_n1600,t5,1.0,0.04,1600
True,5,5,0.09198675000187086,0.04230781087953345,0.017280901782368078,0.02599967264050659,,0.10958700436151753,16.137657761399964,0.09575901400546724,,False,1.0,1.0,9.285956089482203e-07,7.112508865461878e-07,True,0.002113760798072715,1.1383766401378264e-13,0.09366435735436866,8.008057316377417e-14,41.56198206485951,9.439093023388146e-10,True,True,True,306,4.645916700363159,t5_lam1.00_D0.04_n1600,t5,1.0,0.04,1600
True,5,5,0.07013902920935365,0.024597417092152827,0.0005559938884277284,0.018162439070937883,,0.07801352147999092,12.587501547979487,0.24765781257465566,,False,1.0,1.0,6.739542124077257e-07,7.016135205152155e-07,True,0.0033344629786759366,1.498174525419571e-20,0.148829510900952,6.843093944277199e-21,67.79274548328719,1.90104484466421e-15,True,True,True,307,5.043094873428345,t5_lam1.00_D0.04_n1600,t5,1.0,0.04,1600
True,5,5,0.056751578077469785,0.016103708071415743,-0.011083193997521081,0.019479540469437905,,0.06474225636318498,5.396213682235643,0.8631894659668488,,False,1.0,0.997289972899729,8.747453289880926e-07,9.842575294605234e-07,True,0.002998657107448659,1.160220178607791e-18,0.13292634445440452,6.500522400777423e-19,34.909986967022064,2.6265921892187277e-08,True,True,True,308,5.038197994232178,t5_lam1.00_D0.04_n1600,t5,1.0,0.04,1600
True,5,5,0.06906582013833355,0.023850437556903203,0.0005714656830344,0.018180209759657336,,0.07807080074515096,11.292497163356858,0.3351884923784699,,False,1.0,1.0,8.077541165138022e-07,9.682204424834582e-07,True,0.0039555460684415145,4.8643918164141614e-24,0.1769750154626248,2.0987186472509878e-24,38.823347967665214,3.7120780945821995e-09,True,True,True,309,5.133180856704712,t5_lam1.00_D0.04_n1600,t5,1.0,0.04,1600
True,5,5,0.1029805376537838,0.053024955677311914,0.028907872118555306,0.02830678099370864,,0.12285632544022954,20.679422653547533,0.023443262906506897,,True,1.0,0.997289972899729,9.909355061279883e-07,9.613659885809038e-07,True,0.004567142198977187,1.8062989999170294e-27,0.199451314515775,1.6089112880213164e-27,77.45160165851519,1.519142075717774e-17,True,True,True,310,4.829568862915039,t5_lam1.00_D0.04_n1600,t5,1.0,0.04,1600
True,5,5,0.08215344134604716,0.03374593962499205,0.011491526602087042,0.020346819326679966,,0.09482517194131829,15.878352183089072,0.10316806341645658,,False,1.0,0.994579945799458,9.7849885055265e-07,9.794092915468231e-07,True,0.002283846541210595,1.2439553993200308e-14,0.10168946354940504,7.445008161200664e-15,22.375183156346708,1.3844928326946413e-05,True,True,True,311,4.770059108734131,t5_lam1.00_D0.04_n1600,t5,1.0,0.04,1600
True,5,5,0.09531749968157092,0.045427128727731365,0.020206671498921427,0.024092050401150634,,0.10939338918047262,21.20205485232851,0.019727859828154507,,True,1.0,1.0,9.896694090487481e-07,8.737351353291417e-07,True,0.002472451863744148,1.0712986324192064e-15,0.1097726280833001,6.885747712706194e-16,35.13803317216274,2.3435436351819133e-08,True,True,True,312,4.955896854400635,t5_lam1.00_D0.04_n1600,t5,1.0,0.04,1600
True,5,5,0.10136590976625719,0.05137523831370497,0.02773367645522542,0.02890110459359861,,0.12269618019230259,17.35683726543029,0.06683166113085438,,False,1.0,1.0,9.919146364995787e-07,9.925553046085772e-07,True,0.003137384619717416,1.9226104225062696e-19,0.13649907136114517,2.1419094713056603e-19,53.42885915470464,2.5007521298723663e-12,True,True,True,313,4.842684984207153,t5_lam1.00_D0.04_n1600,t5,1.0,0.04,1600
True,5,5,0.07489725620124843,0.028047994932377234,0.0016521574207466194,0.021060196373033357,,0.08519753260422601,15.860174017931882,0.10370565126209287,,False,1.0,1.0,9.168863864620958e-07,9.978508766361744e-07,True,0.003223464171569065,6.305282243002322e-20,0.14353187082527658,3.5655963831570367e-20,63.79993879057535,1.3996495818727659e-14,True,True,True,314,4.820644855499268,t5_lam1.00_D0.04_n1600,t5,1.0,0.04,1600
True,5,5,0.07848677652957302,0.030800870450015668,0.00547413243051921,0.021061302785076775,,0.08957331377690107,13.131488994767839,0.21641278185408774,,False,1.0,1.0,9.100988169304293e-07,7.57481596448051e-07,True,0.0036861359810324997,1.5832180562781734e-22,0.1641794167357758,9.972482895547543e-23,52.44940251927903,4.080909402256188e-12,True,True,True,315,4.826251029968262,t5_lam1.00_D0.04_n1600,t5,1.0,0.04,1600
True,5,5,0.08251231665022232,0.034041411994932776,0.011188104882233058,0.02130975323411923,,0.09616603327455588,13.889814166648367,0.17807711661420164,,False,1.0,1.0,9.526767592681874e-07,9.670056674570845e-07,True,0.0014458677268786686,7.023111890277604e-10,0.06608138490856157,3.10796952987036e-10,14.282622581223862,0.0007917132493488765,True,True,True,316,4.949697971343994,t5_lam1.00_D0.04_n1600,t5,1.0,0.04,1600
True,5,5,0.07496992350260202,0.02810244714993,-0.0003114181820774338,0.024617248265897212,,0.08964413189233127,9.38967016493832,0.49556427623921107,,False,1.0,1.0,9.662824187942297e-07,8.519786456252509e-07,True,0.003826181834016863,2.589246855425607e-23,0.1671559651706321,2.0611025682839424e-23,41.45068304821237,9.979264655890853e-10,True,True,True,317,4.918657064437866,t5_lam1.00_D0.04_n1600,t5,1.0,0.04,1600
True,5,5,0.06826165853577293,0.023298270130272303,0.0010533575429076299,0.01678825530424079,,0.0757199843770129,13.27835517235475,0.20852240488692828,,False,1.0,1.0,8.312661995088757e-07,9.042357881104879e-07,True,0.002695611144357196,5.907505143268175e-17,0.11928731820367562,5.199180387525154e-17,29.514448690127352,3.8995895573596236e-07,True,True,True,318,4.720153093338013,t5_lam1.00_D0.04_n1600,t5,1.0,0.04,1600
True,5,5,0.060954783095721235,0.018577427911232115,-0.0056338378640152335,0.017103134299094887,,0.06707952686191088,10.434882885396604,0.40320266210438044,,False,0.997289972899729,1.0,8.169107909321893e-07,9.392581754156671e-07,True,0.003985089529168997,3.3206801100315714e-24,0.17556247286950477,3.5403596975830914e-24,90.85378153270656,1.8678930670115827e-20,True,True,True,319,4.873747110366821,t5_lam1.00_D0.04_n1600,t5,1.0,0.04,1600
True,5,5,0.07959146581244024,0.031674007150864214,0.0056983264477935315,0.02273912956676642,,0.09284488805465677,13.609824391819863,0.19154395306115826,,False,1.0,1.0,9.41827242513307e-07,9.457003182429558e-07,True,0.002748937967534016,2.9571905032312545e-17,0.12488759557749753,1.0437643186305098e-17,50.30886307731383,1.190060902371831e-11,True,True,True,320,4.903659105300903,t5_lam1.00_D0.04_n1600,t5,1.0,0.04,1600
True,5,5,0.09656897190792205,0.04662783167676519,0.022789928256947103,0.021356710903091655,,0.10762768384170632,30.127842316128522,0.0008163475350189831,,True,1.0,1.0,9.520368492546311e-07,9.493267550823099e-07,True,0.002747582145427482,3.009671737375047e-17,0.12244448935203045,1.685669208190033e-17,31.44855374146465,1.4826318421206567e-07,True,True,True,321,4.840308904647827,t5_lam1.00_D0.04_n1600,t5,1.0,0.04,1600
True,5,5,0.08105818956645755,0.03285215047895884,0.008783483334016764,0.01999849411992196,,0.09129959355959706,17.276444577290587,0.06846642880397122,,False,1.0,1.0,9.92994786878524e-07,9.932518327157903e-07,True,0.0034198820080085894,4.95916397040912e-21,0.15033655911748572,4.26342767424709e-21,42.151839563031096,7.028203661038061e-10,True,True,True,322,4.8595921993255615,t5_lam1.00_D0.04_n1600,t5,1.0,0.04,1600
True,5,5,0.11126268667217969,0.06189692722755816,0.03516063975384658,0.03507538645417125,,0.1362751014526973,23.047877966795166,0.01057122576363684,,True,1.0,1.0,9.406710293190656e-07,7.166130110513792e-07,True,0.0028516543109816835,7.802407402231989e-18,0.12707832626181248,4.964503227263344e-18,26.72346214658519,1.5742508127618115e-06,True,True,True,323,4.635154962539673,t5_lam1.00_D0.04_n1600,t5,1.0,0.04,1600
True,5,5,0.07677527877200035,0.029472217152591837,0.0058711262659981375,0.021070024890468168,,0.09003136467592002,11.44723653487697,0.32375123181479737,,False,1.0,1.0,9.700661701971452e-07,9.495021621390377e-07,True,0.003662918517714795,2.137648778974322e-22,0.16154715499084626,1.8475591644809218e-22,36.21870317408366,1.3652385249313996e-08,True,True,True,324,4.812842130661011,t5_lam1.00_D0.04_n1600,t5,1.0,0.04,1600
True,5,5,0.05950184458983449,0.01770234754796408,-0.005896021951994571,0.016301157063463034,,0.06467920124328717,9.15103970810726,0.5178319565937256,,False,1.0,1.0,9.527424253122357e-07,8.662943956780589e-07,True,0.0031658035519631436,1.3305214712813814e-19,0.14149264594018157,7.380017841339523e-20,37.1307121672952,8.653031771055261e-09,True,True,True,325,4.740720987319946,t5_lam1.00_D0.04_n1600,t5,1.0,0.04,1600
True,5,5,0.0943515214685907,0.044511048017189664,0.02085499491834542,0.024005993919780033,,0.10985566993639481,21.585978069178765,0.017358457486625897,,True,1.0,1.0,9.756499647508898e-07,9.476693784331664e-07,True,0.0035330556148013515,1.1466639098581572e-21,0.15710433746351832,7.178040515860542e-22,55.89399348356816,7.290772205845559e-13,True,True,True,326,4.771313905715942,t5_lam1.00_D0.04_n1600,t5,1.0,0.04,1600
True,5,5,0.08277739031452397,0.03426048173641523,0.012130387586390998,0.019550088661237388,,0.0941142091589258,18.827699763483054,0.04250652704501419,,True,1.0,1.0,9.94857698060661e-07,9.732628850728002e-07,True,0.0030986649127907246,3.174928895621126e-19,0.13661892095273745,2.894781626132403e-19,33.25294734874272,6.01470358903209e-08,True,True,True,327,5.275347948074341,t5_lam1.00_D0.04_n1600,t5,1.0,0.04,1600
True,5,5,0.08102990915733323,0.03282923089022838,0.008898343059354653,0.02217841356335412,,0.09526655976686406,14.575915943048141,0.14830503913164392,,False,1.0,1.0,9.168568096181642e-07,9.36009324958692e-07,True,0.004081448982505819,9.56144610798626e-25,0.1805747261749103,5.626059817391447e-25,51.17515786627693,7.717127295392778e-12,True,True,True,328,5.261606931686401,t5_lam1.00_D0.04_n1600,t5,1.0,0.04,1600
True,5,5,0.06993757131191876,0.024456319405048613,-0.0031744004730528547,0.022545524948233937,,0.08235252031307194,10.709342302904123,0.3806067260407439,,False,1.0,1.0,8.400799896696784e-07,8.919159866922643e-07,True,0.003279133476797877,3.066542985514654e-20,0.14380507121335956,2.6418042017157915e-20,48.117013673201875,3.560600414257817e-11,True,True,True,329,5.300014019012451,t5_lam1.00_D0.04_n1600,t5,1.0,0.04,1600
True,5,5,0.06203346560875579,0.019240754277163437,-0.005810676900905393,0.01764211505978216,,0.0681293182738129,10.570315840821685,0.3919583593092101,,False,1.0,1.0,8.532285619151779e-07,9.334051633766363e-07,True,0.0018950327330727063,1.9707784311965648e-12,0.08484439360316547,1.216348223974785e-12,28.99296414386575,5.061250458859078e-07,True,True,True,330,5.213007688522339,t5_lam1.00_D0.04_n1600,t5,1.0,0.04,1600
True,5,5,0.06684821551205383,0.022343419585729968,-0.005616666055023124,0.02040211013309013,,0.07475535939964914,8.921740668654998,0.5395464768737561,,False,1.0,1.0,8.935172211134535e-07,9.112697450519437e-07,True,0.003441669834499837,3.740728548107988e-21,0.15095222859162621,2.5940762925081696e-21,27.312114996154257,1.172869206315666e-06,True,True,True,331,5.103873014450073,t5_lam1.00_D0.04_n1600,t5,1.0,0.04,1600
True,5,5,0.12073885164446302,0.07288935148211825,0.04864111894290934,0.03404825322443734,,0.14466894051626095,27.58368745017176,0.0021039155763141653,,True,1.0,1.0,9.948519636601236e-07,9.74676433543363e-07,True,0.0027202416265507917,4.291299076181324e-17,0.12127408007202684,2.5336098461833076e-17,41.43175579674103,1.0074152967260408e-09,True,True,True,332,5.046149015426636,t5_lam1.00_D0.04_n1600,t5,1.0,0.04,1600
True,5,5,0.0929420493417376,0.04319112267920992,0.015677275764010908,0.025107993800574144,,0.1067485366947579,18.132700839246326,0.05276599999857915,,False,1.0,0.997289972899729,9.650177637511275e-07,9.735943388420516e-07,True,0.0033632727412904904,1.0318191447293011e-20,0.14984741496493242,4.082724924361392e-21,74.21218604227514,7.674119469274245e-17,True,True,True,333,5.055156946182251,t5_lam1.00_D0.04_n1600,t5,1.0,0.04,1600
True,5,5,0.07117996784161205,0.02533293910966463,0.0005542409656574335,0.022857518640470188,,0.08735160376838619,9.002035757392942,0.531910386172812,,False,1.0,1.0,9.348441031192244e-07,9.446098307847586e-07,True,0.002611527351360801,1.7596283880180875e-16,0.11581461183173239,1.1311335635388343e-16,27.67257960254627,9.79435157570126e-07,True,True,True,334,4.810728073120117,t5_lam1.00_D0.04_n1600,t5,1.0,0.04,1600
True,5,5,0.06407535845645813,0.020528257806618003,-0.0029875089890487247,0.017584791168700452,,0.07202346637585895,10.805840069912472,0.37284368492644243,,False,1.0,1.0,9.64276446078751e-07,9.841828901554013e-07,True,0.0035986405756368535,4.908874843707032e-22,0.15743568091257162,5.158387081840796e-22,60.33778882668865,7.903430364441397e-14,True,True,True,335,5.3331122398376465,t5_lam1.00_D0.04_n1600,t5,1.0,0.04,1600
True,5,5,0.08606154554646175,0.03703294810922855,0.013819666877789061,0.023024266733960776,,0.10167715133995697,15.835668690838158,0.10443419664347557,,False,1.0,1.0,7.055221598936894e-07,8.638795069924844e-07,True,0.00395393272323205,4.966874280918006e-24,0.17495423761764384,3.7824828067378654e-24,52.04821538350828,4.987393477905211e-12,True,True,True,336,5.370018005371094,t5_lam1.00_D0.04_n1600,t5,1.0,0.04,1600
True,5,5,0.11357744134612874,0.06449917591366656,0.03871451156898041,0.030260706379560114,,0.13303303665745092,26.690544826850584,0.0029144638724426185,,True,1.0,1.0,9.56314733599681e-07,9.252486773978463e-07,True,0.0023594216360341056,4.6552814998772926e-15,0.10267534710180776,4.446403854715995e-15,18.53480927903227,9.445333645801259e-05,True,True,True,337,5.262959003448486,t5_lam1.00_D0.04_n1600,t5,1.0,0.04,1600
True,5,5,0.09965922612279297,0.049659806756969904,0.026258681588297705,0.025799188670133883,,0.11721311415091125,20.102305235264335,0.02829976738149489,,True,1.0,1.0,9.870090210937162e-07,9.945464703394916e-07,True,0.002618961871134531,1.5977219028391164e-16,0.11690199756765578,8.849440751370346e-17,41.543995233981484,9.524365579328443e-10,True,True,True,338,5.258397102355957,t5_lam1.00_D0.04_n1600,t5,1.0,0.04,1600
True,5,5,0.07590208505073989,0.028805632575248766,0.005586666170998195,0.01933951204122492,,0.08648390913398707,14.033635190168564,0.17146292425850929,,False,1.0,1.0,8.976555181997157e-07,9.976288240167843e-07,True,0.0036951099314683697,1.4097521144751068e-22,0.16200849325367406,1.2094259791195769e-22,41.58972112607094,9.309080921353527e-10,True,True,True,339,4.72198486328125,t5_lam1.00_D0.04_n1600,t5,1.0,0.04,1600
True,5,5,0.038009181214026216,0.0072234892828034174,-0.014927649624082535,0.013705424478276027,,0.03902759930592522,3.162131328806974,0.9773468143720029,,False,0.997289972899729,1.0,8.172220935320526e-07,8.088694182778466e-07,True,0.0023032944364663422,9.659179208304546e-15,0.10155758215759479,5.910195228772045e-15,16.37238930255386,0.00027847155193166966,True,True,True,340,4.814148902893066,t5_lam1.00_D0.04_n1600,t5,1.0,0.04,1600
True,5,5,0.10672666505462385,0.05695290516840933,0.034768156359418045,0.028007985054692944,,0.12715124235353137,19.666066420530104,0.032574125069652925,,True,1.0,1.0,9.850016211618912e-07,8.423491645743117e-07,True,0.002747644275838172,3.007246545226535e-17,0.12103169891792113,2.213056070832335e-17,25.34174472010165,3.141304620648559e-06,True,True,True,341,4.782366037368774,t5_lam1.00_D0.04_n1600,t5,1.0,0.04,1600
True,5,5,0.11249548748010409,0.06327617351693128,0.0381133082488286,0.030506410282907407,,0.13288482821446437,27.358331304338716,0.0022849925817427586,,True,1.0,1.0,9.258185679364164e-07,9.869724514677256e-07,True,0.0037101749923281395,1.1602180570380499e-22,0.16563237823581672,6.252224500228513e-23,42.96793670530214,4.673379993766863e-10,True,True,True,342,4.72869086265564,t5_lam1.00_D0.04_n1600,t5,1.0,0.04,1600
True,5,5,0.09210299257542277,0.042414806206741915,0.019816186165384737,0.022506970784049334,,0.10661787719816888,19.826662511495606,0.030935459682952544,,True,1.0,1.0,9.23906655267835e-07,8.621544058296445e-07,True,0.0039509768876442725,5.160269305531939e-24,0.17867084799725924,1.5349656088512485e-24,75.00532375080374,5.1617966428886435e-17,True,True,True,343,4.715458154678345,t5_lam1.00_D0.04_n1600,t5,1.0,0.04,1600
True,5,5,0.07657479502493189,0.029318496165551676,0.007650836228889544,0.020867029501529445,,0.09162319071958105,11.793424749944773,0.2991197449327843,,False,1.0,1.0,9.925237950963064e-07,8.63283035378618e-07,True,0.0028053298279815796,1.4228639611905463e-17,0.126788035368771,5.462807399081307e-18,45.411754991294615,1.3770911804494163e-10,True,True,True,344,4.95993185043335,t5_lam1.00_D0.04_n1600,t5,1.0,0.04,1600
True,5,5,0.05689272922872595,0.01618391319546564,-0.005448627838073181,0.014772645429320285,,0.061400670315579414,9.66278436846195,0.4705595552206284,,False,1.0,1.0,7.9134982713533e-07,8.295926942955702e-07,True,0.00255111736285044,3.855718472903991e-16,0.11420220048521046,1.965921808938758e-16,40.018959578686406,2.041706642565767e-09,True,True,True,345,4.952269077301025,t5_lam1.00_D0.04_n1600,t5,1.0,0.04,1600
True,5,5,0.08074670989538527,0.03260015579464755,0.007924960833838021,0.021306674308843917,,0.0927052548122421,14.132106724119094,0.16705065147383186,,False,1.0,1.0,9.549443930092879e-07,8.155455900990843e-07,True,0.0024295380389429085,1.871114936498355e-15,0.10720700805431663,1.7946985315678942e-15,17.6452643068393,0.0001473599752490667,True,True,True,346,4.790173768997192,t5_lam1.00_D0.04_n1600,t5,1.0,0.04,1600
True,5,5,0.055806196959578946,0.015571658095456593,-0.008973149203690734,0.01643922520006308,,0.060111513025218485,7.527214474105382,0.6749096490103875,,False,1.0,1.0,6.350890064518807e-07,9.042169840779122e-07,True,0.003482481823891285,2.2060019823712267e-21,0.1540298683037523,7.710689288932291e-22,43.30451145367426,3.9495245441689334e-10,True,True,True,347,4.612298965454102,t5_lam1.00_D0.04_n1600,t5,1.0,0.04,1600
True,5,5,0.07353363438171939,0.027035976926921924,0.004946473261726647,0.01861690012442003,,0.08434281113879503,12.673973839463343,0.2424757586853471,,False,1.0,1.0,9.290443235565023e-07,7.473547950710175e-07,True,0.0026758580721362698,7.633835855103821e-17,0.119047836455632,5.823990314200555e-17,17.932341595370403,0.0001276560784026304,True,True,True,348,4.843056917190552,t5_lam1.00_D0.04_n1600,t5,1.0,0.04,1600
True,5,5,0.04738414543982672,0.011226286195313255,-0.011480559974110986,0.014733590298191181,,0.05050552339276527,5.037428968217396,0.8886637322056458,,False,1.0,1.0,9.652572214670796e-07,8.948479369013205e-07,True,0.003054039653395966,5.660325526302942e-19,0.13498772816206414,4.456114503000953e-19,19.481808775354036,5.8827308083792335e-05,True,True,True,349,4.874974966049194,t5_lam1.00_D0.04_n1600,t5,1.0,0.04,1600
True,5,5,0.09963499739592373,0.04963566353042864,0.023795371732086294,0.026674517229788957,,0.11633662204541113,21.10986543058392,0.020340359627008052,,True,1.0,1.0,9.296860152734274e-07,8.075038581875118e-07,True,0.0030075679635696347,1.0336763138091555e-18,0.1308329950486509,8.38593702249676e-19,37.13739888530252,8.62414988753081e-09,True,True,True,350,4.7487969398498535,t5_lam1.00_D0.04_n1600,t5,1.0,0.04,1600
True,5,5,0.03889835826216608,0.007565411377459121,-0.016235180062538008,0.014627876166480373,,0.039561433504093926,3.9837903730242914,0.9480752641903916,,False,1.0,1.0,8.564814357217402e-07,7.261888113257318e-07,True,0.0032949656680815436,2.4982030737422998e-20,0.1470283552418438,1.8038730931362027e-20,36.27041645215254,1.3303905129241732e-08,True,True,True,351,4.531642913818359,t5_lam1.00_D0.04_n1600,t5,1.0,0.04,1600
True,5,5,0.07198014172137478,0.02590570401114599,0.003597130946420786,0.018492931815915766,,0.08248066066272276,12.839596651722907,0.23277896299204975,,False,1.0,1.0,7.44495401994527e-07,9.576397879274115e-07,True,0.003737011223626219,8.200487688800873e-23,0.1667414061962147,4.9377854094487173e-23,47.09505170756957,5.93525604788086e-11,True,True,True,352,4.798532247543335,t5_lam1.00_D0.04_n1600,t5,1.0,0.04,1600
True,5,5,0.0666779902276982,0.02222977190402508,-0.001806805379761637,0.01849825522583278,,0.07565727568545333,10.030591295439178,0.43781351566758936,,False,0.997289972899729,1.0,7.832075801623805e-07,9.232432705808235e-07,True,0.0033947825047505363,6.862515193591002e-21,0.15049498466436084,4.769966097972921e-21,42.56405950980174,5.719155616715719e-10,True,True,True,353,4.832185745239258,t5_lam1.00_D0.04_n1600,t5,1.0,0.04,1600
True,5,5,0.0444588265712517,0.00988293630046318,-0.014384492250222938,0.015278164845086125,,0.046359147119806786,5.389460319798699,0.8636911014774857,,False,1.0,1.0,8.738989160915234e-07,9.381171748917489e-07,True,0.0026610891149763576,9.24688681906125e-17,0.11808765782157245,5.841532395255735e-17,32.30015487439887,9.685242223852095e-08,True,True,True,354,4.688255786895752,t5_lam1.00_D0.04_n1600,t5,1.0,0.04,1600
True,5,5,0.07581565051291382,0.028740064313481445,0.0033917413940999057,0.0210499157035851,,0.08719606824411821,13.011149699645797,0.22304909296855643,,False,1.0,1.0,9.239311871757211e-07,9.463711176670817e-07,True,0.003765090756467118,5.703864757640048e-23,0.16366047406789933,5.218253099078522e-23,50.250175689804,1.225499085834292e-11,True,True,True,355,4.4651939868927,t5_lam1.00_D0.04_n1600,t5,1.0,0.04,1600
True,5,5,0.07855532713340496,0.03085469710518135,0.007841014784137481,0.02207444967499974,,0.09396834934702061,11.563254744045686,0.3153486168434792,,False,0.994579945799458,1.0,8.980519064853835e-07,8.598867499113768e-07,True,0.003871965706300856,1.4326967961353173e-23,0.17139281981902496,1.1961380255717993e-23,47.397545933404054,5.1021552894518193e-11,True,True,True,356,4.748858213424683,t5_lam1.00_D0.04_n1600,t5,1.0,0.04,1600
True,5,5,0.0757355838733255,0.02867939332316761,0.004438646485499343,0.019025333126557773,,0.08453701518586741,14.718301092601271,0.1426745786065588,,False,1.0,1.0,9.997663832194282e-07,9.163880577988956e-07,True,0.003625342582804679,3.475285596158235e-22,0.15847818662970348,3.3738749318763926e-22,79.48872726117905,5.485828020918038e-18,True,True,True,357,4.881072759628296,t5_lam1.00_D0.04_n1600,t5,1.0,0.04,1600
True,5,5,0.07364674975861105,0.027119218750037376,0.0033882657074702366,0.02138421456090017,,0.08782046297700254,12.378246126322031,0.2605390449701264,,False,1.0,1.0,8.508156629569025e-07,9.02858023213616e-07,True,0.003201625025269709,8.366292193819634e-20,0.14177382981562447,5.278576729485457e-20,50.05327308219331,1.3522900408078622e-11,True,True,True,358,4.850548028945923,t5_lam1.00_D0.04_n1600,t5,1.0,0.04,1600
True,5,5,0.08018176358190575,0.03214557605552314,0.009836901301841929,0.020652491700858627,,0.0936025931067985,13.370755871240485,0.20367468879066875,,False,1.0,1.0,9.024906661313614e-07,8.865965727020872e-07,True,0.0030247481943580018,8.273485520695835e-19,0.13228393800378418,6.893693457964572e-19,33.055140708676205,6.639989549484337e-08,True,True,True,359,4.4177162647247314,t5_lam1.00_D0.04_n1600,t5,1.0,0.04,1600
True,5,5,0.06169858142134322,0.019033574747030595,-0.004844669111466773,0.01685809934210083,,0.06765269652407951,10.299345549450683,0.4146348925393433,,False,1.0,1.0,9.424605852379904e-07,9.826009205566178e-07,True,0.003045125305683632,6.353423190983355e-19,0.13214161640404526,7.468851372664358e-19,23.424663287181883,8.192170772836033e-06,True,True,True,360,4.579026937484741,t5_lam1.00_D0.04_n1600,t5,1.0,0.04,1600
True,5,5,0.07580427177189093,0.028731438094333504,0.004982503036619675,0.022194577523008754,,0.09109262799370346,10.098861728263397,0.4318630724745609,,False,1.0,1.0,9.2236238260064e-07,9.184162626929124e-07,True,0.002764240157299858,2.424696760831357e-17,0.12006542331568061,3.112245102128664e-17,9.652757294131527,0.00801549570985532,True,True,True,361,4.70568585395813,t5_lam1.00_D0.04_n1600,t5,1.0,0.04,1600
True,5,5,0.052582100963505275,0.01382438670868131,-0.010986240590908173,0.016511805111836825,,0.0568740044920568,6.939717826723111,0.7311234442963892,,False,1.0,1.0,9.021455297212913e-07,9.662873010581035e-07,True,0.0025485653740404926,3.985655657934694e-16,0.11240164015307452,3.260049084423974e-16,36.070912237625706,1.4699444708416678e-08,True,True,True,362,4.705929756164551,t5_lam1.00_D0.04_n1600,t5,1.0,0.04,1600
True,5,5,0.07738857275689721,0.02994495596674787,0.0071857744794002094,0.02075382116709937,,0.09090959520227317,12.257213875072681,0.2682109405335305,,False,1.0,1.0,9.8482308121015e-07,8.177882327599835e-07,True,0.003942043902650755,5.791727928863918e-24,0.1757362670651648,3.1674639163903127e-24,48.78169354070389,2.553817382688132e-11,True,True,True,363,4.471657037734985,t5_lam1.00_D0.04_n1600,t5,1.0,0.04,1600
True,5,5,0.08820738398951468,0.03890271295136845,0.013172143427465036,0.023391529125440506,,0.10163442817213747,15.51359887672214,0.11442859957113584,,False,1.0,1.0,7.827854696362103e-07,8.86734040736774e-07,True,0.0029362589609753923,2.6049928160598367e-18,0.13097219162663828,1.1981810593747336e-18,43.47269866768009,3.630976411895902e-10,True,True,True,364,4.760127782821655,t5_lam1.00_D0.04_n1600,t5,1.0,0.04,1600
True,5,5,0.057118340289801936,0.016312523987308057,-0.0109640706942397,0.01843048183832638,,0.0622115330208068,7.265471841998222,0.7001675563411658,,False,1.0,0.997289972899729,9.981551627707352e-07,9.977550466907837e-07,True,0.0033809879317537738,8.203933644556421e-21,0.14730791084438347,9.6872910647592e-21,38.86564663676827,3.6343944869799837e-09,True,True,True,365,4.87549901008606,t5_lam1.00_D0.04_n1600,t5,1.0,0.04,1600
True,5,5,0.11026473469672347,0.06079155858869406,0.03635073424098237,0.02883312282683796,,0.12944265208890313,23.698000251412218,0.008443632386869375,,True,1.0,1.0,9.822195588990659e-07,9.818847755855708e-07,True,0.0030092221518229763,1.0117517350454159e-18,0.13498632700181246,3.9733965703173053e-19,48.92733207921925,2.3744598577970234e-11,True,True,True,366,4.869221210479736,t5_lam1.00_D0.04_n1600,t5,1.0,0.04,1600
True,5,5,0.06217620545447622,0.019329402623586192,-0.004814034362591212,0.01869575945737387,,0.07202465326467387,7.586557172516157,0.6691497323845965,,False,1.0,1.0,9.927981302189754e-07,9.419900956604982e-07,True,0.0030548637698917616,5.600202072575661e-19,0.1355577256178651,3.3434108429455294e-19,27.204180646383712,1.2379047525755884e-06,True,True,True,367,4.478131055831909,t5_lam1.00_D0.04_n1600,t5,1.0,0.04,1600
True,5,5,0.0538226473501808,0.014484386838909624,-0.008991729722513223,0.01636840229546719,,0.0598863860331992,5.770131284045567,0.8341918482376012,,False,1.0,1.0,7.960355596415324e-07,9.214569398310928e-07,True,0.0035565436010564474,8.462008461290306e-22,0.1571849014111616,7.465271975662948e-22,47.74893559428595,4.280065125822156e-11,True,True,True,368,5.0588390827178955,t5_lam1.00_D0.04_n1600,t5,1.0,0.04,1600
True,5,5,0.07133623992208774,0.02544429563110832,0.0030566611964128985,0.018459466038460905,,0.0817554657027441,12.618780911342956,0.245773839480333,,False,0.997289972899729,1.0,9.950667997594215e-07,9.545817895174658e-07,True,0.003733856955377387,8.541852184597633e-23,0.16530120698610296,5.40824996054491e-23,45.99627730523092,1.028099834227589e-10,True,True,True,369,4.880774974822998,t5_lam1.00_D0.04_n1600,t5,1.0,0.04,1600
True,5,5,0.09591389999169875,0.04599738105808794,0.022152817702183542,0.028317343902198738,,0.11724393675183999,14.145469325969197,0.16645911732721688,,False,1.0,1.0,8.558511774567655e-07,9.138820180411041e-07,True,0.0031231125712943195,2.313046113591733e-19,0.13812520494098013,1.7118871534171442e-19,14.876207487561448,0.0005883998972984767,True,True,True,370,4.976027011871338,t5_lam1.00_D0.04_n1600,t5,1.0,0.04,1600
True,5,5,0.061632956425238805,0.018993106588576926,-0.004822116799520777,0.021420305574051925,,0.07798865368034938,5.585931825557931,0.8487698818796335,,False,1.0,1.0,6.834563611574145e-07,7.124117074781672e-07,True,0.003049581052899685,5.99697735647577e-19,0.13493304411597584,5.961565890307077e-19,20.41837589353637,3.683036390941943e-05,True,True,True,371,4.595992088317871,t5_lam1.00_D0.04_n1600,t5,1.0,0.04,1600
True,5,5,0.05781807520367408,0.01671464910128856,-0.008793879141995416,0.020877804636176105,,0.07148014204882795,6.0473041350862635,0.8112734126123202,,False,1.0,1.0,8.582699737657863e-07,9.042302249871526e-07,True,0.0027217436382639304,4.208468737858279e-17,0.1212700176905161,2.6931878679865864e-17,58.06781175395316,2.4588661571053654e-13,True,True,True,372,4.910676956176758,t5_lam1.00_D0.04_n1600,t5,1.0,0.04,1600
True,5,5,0.07051969515737634,0.024865137025446446,0.0006811661952031492,0.020852876556283022,,0.08364340479819864,9.009280067102727,0.5312230902618532,,False,1.0,1.0,9.469427715728867e-07,9.20021891549465e-07,True,0.0032011586037749952,8.416981931084578e-20,0.1437650690151662,3.653184982511624e-20,18.701416833711058,8.690383314250708e-05,True,True,True,373,4.909351825714111,t5_lam1.00_D0.04_n1600,t5,1.0,0.04,1600
True,5,5,0.05881975095358873,0.017298815511211013,-0.008120579546752254,0.018348156930254517,,0.06642206399661438,7.030999263611512,0.7225152282533667,,False,1.0,1.0,8.785571198381495e-07,8.846790506614894e-07,True,0.002997828154264975,1.1727525064195437e-18,0.13382499290020108,7.114538948895381e-19,42.88614521181279,4.868463206924419e-10,True,True,True,374,4.840029954910278,t5_lam1.00_D0.04_n1600,t5,1.0,0.04,1600
True,5,5,0.08368162566658674,0.03501307237101375,0.01251991273194723,0.021256908341923505,,0.09745195279309195,15.474421327373749,0.11569873784213862,,False,1.0,1.0,9.624910476996549e-07,8.564907634785029e-07,True,0.0028940828129487128,4.500756987358532e-18,0.1286746685760623,3.0651644153431455e-18,30.920245425406915,1.93087436320252e-07,True,True,True,375,4.598313808441162,t5_lam1.00_D0.04_n1600,t5,1.0,0.04,1600
True,5,5,0.08682400554964599,0.03769203969842479,0.014326123533853097,0.021807241128882684,,0.10019565180036616,17.08474690398243,0.0725096545520541,,False,1.0,0.997289972899729,9.873123063877232e-07,9.475046764666773e-07,True,0.003235936535621051,5.364894707475493e-20,0.14171577224630624,6.926961865798223e-20,34.11813811731132,3.902477802210951e-08,True,True,True,376,4.908441066741943,t5_lam1.00_D0.04_n1600,t5,1.0,0.04,1600
True,5,5,0.0744413119453884,0.02770754462075313,0.0036781375141664054,0.020891867229715016,,0.08722637342083156,13.247345085431384,0.2101694222917773,,False,1.0,0.997289972899729,9.934072283753521e-07,9.199641122040231e-07,True,0.004020065400895096,2.1132591004162133e-24,0.17782841705480018,2.0320623880183923e-24,59.61646442241627,1.1335723272574625e-13,True,True,True,377,5.161571979522705,t5_lam1.00_D0.04_n1600,t5,1.0,0.04,1600
True,5,5,0.08606200417978571,0.03703334281720727,0.013616250045721527,0.02180953027716654,,0.09948842648693047,15.877360095556181,0.10319734021409378,,False,1.0,1.0,7.716590280117085e-07,9.757181818761768e-07,True,0.0042416101669284795,1.2079788996728446e-25,0.1882817958738385,6.258993841543703e-26,31.553795997059588,1.4066312374680393e-07,True,True,True,378,5.1481029987335205,t5_lam1.00_D0.04_n1600,t5,1.0,0.04,1600
True,5,5,0.07081578315734756,0.02507437572094235,0.00046638928448079417,0.020312448988570406,,0.08231329743801737,10.357950630327958,0.4096700097928484,,False,1.0,1.0,8.924998055854958e-07,7.006581021528614e-07,True,0.003497446037610952,1.8176859754580454e-21,0.1566024902522356,1.4353530586498237e-21,32.693524831975665,7.955936089492346e-08,True,True,True,379,4.940943002700806,t5_lam1.00_D0.04_n1600,t5,1.0,0.04,1600
True,5,5,0.08120036550474874,0.03296749679052395,0.0062249489775081865,0.024495828846299302,,0.09645413614825037,12.117847628263,0.2772468425647286,,False,1.0,1.0,9.289116396415577e-07,9.40645086857228e-07,True,0.0022541910771627875,1.829621997216365e-14,0.10021030200111049,1.2029267821122564e-14,44.65897316578832,2.0064446942412353e-10,True,True,True,380,4.618170976638794,t5_lam1.00_D0.04_n1600,t5,1.0,0.04,1600
True,5,5,0.07033278204025467,0.024733501147609846,0.002215197410136531,0.019181424416581317,,0.08217765259709701,11.127186296782874,0.3476952950352982,,False,1.0,0.997289972899729,8.21185594984741e-07,8.544448852505067e-07,True,0.003828855961408428,2.501271172260775e-23,0.17085496571805178,1.670368060721593e-23,53.023225353696716,3.063041691479854e-12,True,True,True,381,4.87994909286499,t5_lam1.00_D0.04_n1600,t5,1.0,0.04,1600
True,5,5,0.050066065893359706,0.012533054770191182,-0.011640321056478548,0.015272473572614369,,0.05192429583914778,6.859942886497636,0.7385977498966327,,False,0.997289972899729,1.0,8.543014840108846e-07,8.949240767630257e-07,True,0.0032816853158051445,2.966881811235852e-20,0.14472912108072927,1.9817277246140375e-20,49.46957964259916,1.8105781273159188e-11,True,True,True,382,4.862576723098755,t5_lam1.00_D0.04_n1600,t5,1.0,0.04,1600
True,5,5,0.0774214405675727,0.029970397297790965,0.004331985811643128,0.020525794984662282,,0.08728563929791339,17.78164623417885,0.05876057518974524,,False,0.997289972899729,0.997289972899729,8.685786460526313e-07,9.667146023569164e-07,True,0.0024470241834006028,1.4907599386197303e-15,0.10864618403640006,1.3620120567426307e-15,26.508998121108956,1.7524441968777493e-06,True,True,True,383,4.868396997451782,t5_lam1.00_D0.04_n1600,t5,1.0,0.04,1600
True,5,5,0.033992073956279956,0.00577730545924603,-0.01676678794779347,0.01324044925907577,,0.03166011067088755,2.5761499215566346,0.9897189525078972,,False,1.0,1.0,8.540676860526036e-07,8.421433968199775e-07,True,0.003173948173230813,1.1973130388621325e-19,0.13821109648366034,1.2515379035965964e-19,16.47655723383566,0.00026433888652739964,True,True,True,384,4.7012457847595215,t5_lam1.00_D0.04_n1600,t5,1.0,0.04,1600
True,5,5,0.0595259215577631,0.01771667668650483,-0.008143699603022057,0.018884898036144907,,0.0677040522071458,9.06070857747634,0.5263519797373081,,False,1.0,1.0,9.496515457095862e-07,9.433531545013739e-07,True,0.0033045114733483544,2.207780063038838e-20,0.1470545126494174,1.0495817129505731e-20,92.54754184900115,8.008600513297482e-21,True,True,True,385,4.85344672203064,t5_lam1.00_D0.04_n1600,t5,1.0,0.04,1600
True,5,5,0.07162867247246396,0.02565333360083758,0.002700449155753168,0.01780742406705019,,0.07998881824243137,15.025741431920002,0.13112618468938966,,False,1.0,1.0,8.41661721619768e-07,9.673532676170038e-07,True,0.0026482946214701282,1.0917499338058786e-16,0.11976621768690804,4.565331407377736e-17,19.82195943369897,4.962679159942146e-05,True,True,True,386,4.834704875946045,t5_lam1.00_D0.04_n1600,t5,1.0,0.04,1600
True,5,5,0.08400790437115602,0.035286639984166465,0.01162699733696973,0.022776465004149822,,0.09908677854101307,13.621713488195665,0.19095601752108957,,False,1.0,1.0,9.954938073935488e-07,8.519970735011749e-07,True,0.003390259408037253,7.276241730646889e-21,0.15259704637027194,3.2996347353272456e-21,36.330214196891156,1.291202100749558e-08,True,True,True,387,4.788491725921631,t5_lam1.00_D0.04_n1600,t5,1.0,0.04,1600
True,5,5,0.0956621405365441,0.04575622566016756,0.02141392411951993,0.022128993080453355,,0.10752941797358308,26.920268803701134,0.0026810499469454565,,True,1.0,1.0,7.828908479459123e-07,9.817888368558739e-07,True,0.003372095075067045,9.204715557288781e-21,0.14912324142943834,8.876247545194138e-21,23.027218652874254,9.99316372313061e-06,True,True,True,388,4.730458736419678,t5_lam1.00_D0.04_n1600,t5,1.0,0.04,1600
True,5,5,0.08640425729405518,0.03732847839268644,0.012505501439106757,0.024122601135809343,,0.10216031461271687,13.39330812387504,0.2025050660493182,,False,1.0,1.0,8.491198728191279e-07,8.581675486792767e-07,True,0.003223689854332076,6.286881687466022e-20,0.14571061311010813,1.7529995059192945e-20,70.2946622099203,5.441367363914564e-16,True,True,True,389,4.932239055633545,t5_lam1.00_D0.04_n1600,t5,1.0,0.04,1600
True,5,5,0.07453100232921572,0.0277743515409878,0.004465893358705293,0.019988491777087298,,0.086422261663922,12.950927659344606,0.2264284660859382,,False,1.0,1.0,8.756766059554833e-07,8.985607373958438e-07,True,0.002473728612716824,1.053673296159353e-15,0.11034642644263193,5.587067784763221e-16,29.92446246364466,3.1767682902971493e-07,True,True,True,390,4.80453085899353,t5_lam1.00_D0.04_n1600,t5,1.0,0.04,1600
True,5,5,0.11945874534621234,0.07135195919845605,0.04861560716957742,0.02802091549986997,,0.1376269680404529,31.336715850316857,0.0005161083602222935,,True,1.0,1.0,8.511377849521755e-07,8.48513186828986e-07,True,0.003052042583604791,5.808713635522284e-19,0.1388923384166432,1.6381163917122145e-19,63.98415510116534,1.2764895246175086e-14,True,True,True,391,4.955916166305542,t5_lam1.00_D0.04_n1600,t5,1.0,0.04,1600
True,5,5,0.05573421738717068,0.015531514938801992,-0.010602388828598075,0.01821332757659897,,0.0622187577738836,6.67741839470777,0.7555071442153187,,False,1.0,1.0,9.393067798538327e-07,8.17663981307302e-07,True,0.0036776272438072475,1.7673687867795626e-22,0.16117355630955804,1.3141524913610533e-22,40.94567597665748,1.2845749027273648e-09,True,True,True,392,5.258083820343018,t5_lam1.00_D0.04_n1600,t5,1.0,0.04,1600
True,5,5,0.0934334905288174,0.043649085761993056,0.018047244475038596,0.023696204801169386,,0.10679328900940073,21.813147460937657,0.016085313695986907,,True,1.0,1.0,9.486665914321864e-07,9.780737761642394e-07,True,0.002921019502971188,3.174020271163266e-18,0.12870527855171282,2.9740068897503527e-18,40.095646629668245,1.96490229632353e-09,True,True,True,393,5.445198059082031,t5_lam1.00_D0.04_n1600,t5,1.0,0.04,1600
True,5,5,0.07990928844907688,0.03192747190218886,0.005121292118454371,0.02336120767833099,,0.09332422975639679,13.215084759919595,0.21189361145804755,,False,1.0,1.0,7.251160164857769e-07,9.431502514469457e-07,True,0.003137854532402678,1.9109427922408216e-19,0.13709724090847003,2.170924901628025e-19,25.067909328186502,3.6022400709162947e-06,True,True,True,394,5.319475889205933,t5_lam1.00_D0.04_n1600,t5,1.0,0.04,1600
True,5,5,0.08283680292498738,0.03430967959416598,0.011782829760878164,0.019267663319403747,,0.09324732237944343,21.627763863804848,0.017117375142933343,,True,1.0,0.997289972899729,9.457127217164779e-07,8.990154652360519e-07,True,0.0024514421702915533,1.407582841705715e-15,0.10860208063445809,1.1907698130935171e-15,25.386181396869894,3.0722797006496364e-06,True,True,True,395,5.057569742202759,t5_lam1.00_D0.04_n1600,t5,1.0,0.04,1600
True,5,5,0.0772154817007555,0.02981115307139854,0.0068868574904164676,0.019846997159118755,,0.08891823519581178,14.221181421092206,0.1631397967227294,,False,1.0,1.0,9.438277548031553e-07,9.787535321309765e-07,True,0.002287111859741535,1.1922228926486913e-14,0.10241577658495829,5.626211434898728e-15,29.20842280082692,4.544347943429284e-07,True,True,True,396,5.004662752151489,t5_lam1.00_D0.04_n1600,t5,1.0,0.04,1600
True,5,5,0.06588942277027217,0.021707080164998303,-0.005948527022360525,0.02221879995913985,,0.07822805977005932,7.35002410987226,0.6920386601795093,,False,1.0,1.0,9.86970301691304e-07,7.063675161863841e-07,True,0.0041315181782072595,5.007431361657354e-25,0.18340304074640718,3.6541714304399997e-25,50.72519618707493,9.664148645046698e-12,True,True,True,397,5.240827798843384,t5_lam1.00_D0.04_n1600,t5,1.0,0.04,1600
True,5,5,0.08023941753001954,0.03219182062778403,0.009212100696347692,0.02112290383875076,,0.09376159734908962,14.71460171165877,0.14281857228527342,,False,1.0,1.0,9.29862550240834e-07,9.133646742399944e-07,True,0.0037091135298051706,1.1762524061174642e-22,0.16329470465907317,7.171828561755449e-23,43.4244180501245,3.719695852560753e-10,True,True,True,398,5.291931867599487,t5_lam1.00_D0.04_n1600,t5,1.0,0.04,1600
True,5,5,0.05803637497150373,0.016841104099164925,-0.00979193665547055,0.018598613652566817,,0.06449815573676994,7.087455403708708,0.7171636420920877,,False,1.0,0.997289972899729,8.752677409380303e-07,8.878641681500366e-07,True,0.0038550771743055055,1.7822100946560803e-23,0.17072914760398236,1.0581708625653326e-23,39.006036640296465,3.3880262232498454e-09,True,True,True,399,5.020845174789429,t5_lam1.00_D0.04_n1600,t5,1.0,0.04,1600
True,5,5,0.06084974791397144,0.01851345910596936,-0.0075551111477788375,0.018581084260781783,,0.06783517183771114,8.77760047130525,0.5533322912364932,,False,1.0,1.0,8.206035351546561e-07,9.331500741457424e-07,True,0.002384404463525893,3.3642221882470064e-15,0.10608797180216085,2.007196633541699e-15,13.162913535017232,0.0013858289929886863,True,True,True,400,4.878149032592773,t5_lam1.00_D0.04_n1600,t5,1.0,0.04,1600
True,5,5,0.10103187189007125,0.05103719568805884,0.02885992305922737,0.025872505977124934,,0.11951268414191438,20.396395338076896,0.025718690675383262,,True,1.0,0.997289972899729,9.357721541558426e-07,9.878278409421635e-07,True,0.0033641364067343825,1.0203486060954994e-20,0.14832675278229984,1.0029809001272154e-20,60.50940346843051,7.253539580314536e-14,True,True,True,401,5.16558575630188,t5_lam1.00_D0.04_n1600,t5,1.0,0.04,1600
True,5,5,0.0625313856323996,0.019550870945539357,-0.0031161359514801958,0.017289713057106058,,0.0711658784523186,8.871844666977921,0.5443077408613781,,False,1.0,1.0,9.510667033810834e-07,8.507315482436222e-07,True,0.0032273601508629153,5.995061032042479e-20,0.14302663637031734,5.236559803302457e-20,37.88379146687483,5.937986503935524e-09,True,True,True,402,5.116004228591919,t5_lam1.00_D0.04_n1600,t5,1.0,0.04,1600
True,5,5,0.10549456670318352,0.05564551801946219,0.03249379041124134,0.027362117065107713,,0.12449937181114974,22.5997418230001,0.012324416697696754,,True,0.997289972899729,1.0,8.754917851741853e-07,9.124535796059964e-07,True,0.003389569992292971,7.341457281694262e-21,0.1550860255724855,1.5641320819873897e-21,53.36000765645241,2.5883414083501e-12,True,True,True,403,4.969371795654297,t5_lam1.00_D0.04_n1600,t5,1.0,0.04,1600
True,5,5,0.06244363556515482,0.019496038112969342,-0.004145300944806408,0.016445428444039515,,0.06768311706495629,10.725968040644613,0.37926238492410247,,False,1.0,1.0,9.403145497090451e-07,9.467963110857918e-07,True,0.004147790270446399,4.0581535773801707e-25,0.1830298526134371,3.258604302108661e-25,49.74952272659,1.574085800518569e-11,True,True,True,404,4.497879981994629,t5_lam1.00_D0.04_n1600,t5,1.0,0.04,1600
True,5,5,0.09111820785786053,0.041512639016141384,0.01763312956998428,0.0228650577630831,,0.10511213323117977,19.44999155332144,0.03490562962140632,,True,1.0,0.997289972899729,7.377972244790584e-07,8.836214583184316e-07,True,0.002736298229029511,3.484207237533392e-17,0.11973297145548639,3.673310225966542e-17,31.463693034252714,1.4714512134331132e-07,True,True,True,405,4.822865962982178,t5_lam1.00_D0.04_n1600,t5,1.0,0.04,1600
True,5,5,0.11128900618582367,0.0619262144891415,0.03795780919919535,0.030203056172053207,,0.13239140129843485,22.11427765073912,0.014532895635395978,,True,0.997289972899729,0.994579945799458,8.714640958607199e-07,9.542167322288476e-07,True,0.002833098110262629,9.925326754259978e-18,0.12620054370888772,7.870977663134643e-18,22.760869056025413,1.1416686690506531e-05,True,True,True,406,4.9371559619903564,t5_lam1.00_D0.04_n1600,t5,1.0,0.04,1600
True,5,5,0.04052834272100807,0.008212732818557437,-0.01611408567872255,0.01439279330031107,,0.03888432224755103,3.659856361160756,0.9613898233350602,,False,0.997289972899729,1.0,8.899563630156975e-07,8.885506147578092e-07,True,0.0031746704033940136,1.186165180891609e-19,0.1387255459710084,9.308198822223999e-20,33.192366041121076,6.19968028255662e-08,True,True,True,407,4.862643003463745,t5_lam1.00_D0.04_n1600,t5,1.0,0.04,1600
True,5,5,0.06599182842201118,0.02177460709240081,-0.0033867948335131147,0.019452112878253505,,0.0756426911025138,9.406674321046742,0.49399181451259444,,False,1.0,1.0,9.229881411587102e-07,9.961739931736147e-07,True,0.004600652645516069,1.1720809179184447e-27,0.20478895546787593,4.534358809142977e-28,68.61337279245683,1.2612332330496495e-15,True,True,True,408,4.390176773071289,t5_lam1.00_D0.04_n1600,t5,1.0,0.04,1600
True,5,5,0.08454904962083432,0.035742708958931516,0.012047879268157573,0.022056556748139843,,0.09831346462555,14.967963535977692,0.1332342208371799,,False,1.0,1.0,9.495526611732622e-07,9.929856574051814e-07,True,0.0032696860153978336,3.465552933224547e-20,0.14917064077631248,6.0464725848868566e-21,87.94675787660498,7.991056042566642e-20,True,True,True,409,4.6663007736206055,t5_lam1.00_D0.04_n1600,t5,1.0,0.04,1600
True,5,5,0.05611221832762639,0.015742905228236053,-0.008121150440539255,0.015852689637986216,,0.059923624068372885,9.01687187313187,0.5305031252647666,,False,1.0,1.0,9.897118467842312e-07,7.98428949720405e-07,True,0.0035234955794159555,1.2976271346771927e-21,0.15919948463492062,4.497965562083831e-22,39.57109938268107,2.5541414648582695e-09,True,True,True,410,4.718301057815552,t5_lam1.00_D0.04_n1600,t5,1.0,0.04,1600
True,5,5,0.06534564405041433,0.02135026598181725,-0.0007015176643296143,0.016735999115383527,,0.07324855108637386,11.183984316269378,0.3433648140138737,,False,1.0,0.997289972899729,7.601641929205922e-07,7.55839742848036e-07,True,0.003321890140403606,1.7629801670723717e-20,0.1460786693940827,1.6264372542185478e-20,42.685833038460345,5.381323839416627e-10,True,True,True,411,4.716200113296509,t5_lam1.00_D0.04_n1600,t5,1.0,0.04,1600
True,5,5,0.0768867943542376,0.02955789573035412,0.006271901483947354,0.01981859441931301,,0.08817095711812883,13.232166433194017,0.2109792926783173,,False,0.997289972899729,1.0,9.018859710793547e-07,9.71993820641483e-07,True,0.0029434586058343453,2.3728596358206276e-18,0.1300721629789117,2.202904814538813e-18,36.00962247247526,1.5156880703652123e-08,True,True,True,412,4.472195148468018,t5_lam1.00_D0.04_n1600,t5,1.0,0.04,1600
True,5,5,0.08034081187076732,0.03227323026027013,0.008654188892788853,0.020412661435404208,,0.0919021535009337,14.979258718588055,0.13281987786453633,,False,1.0,0.997289972899729,9.245236623628468e-07,9.065101948322554e-07,True,0.002522882673441817,5.563830464585666e-16,0.11016568314975612,6.905899107308595e-16,28.530621479230827,6.377555741564735e-07,True,True,True,413,4.673525094985962,t5_lam1.00_D0.04_n1600,t5,1.0,0.04,1600
True,5,5,0.06143174286372574,0.018869295156374595,-0.005280652077451677,0.01795885771600296,,0.0696549211077311,8.001773003924733,0.628663742120831,,False,1.0,1.0,7.898754380099325e-07,8.289033026766523e-07,True,0.002829948899358745,1.0339113964443255e-17,0.12494929251997482,8.621421167605539e-18,34.177578796251346,3.7882014152194614e-08,True,True,True,414,4.703122138977051,t5_lam1.00_D0.04_n1600,t5,1.0,0.04,1600
True,5,5,0.11238465525530954,0.06315155368427386,0.03306600618819281,0.04239861848132175,,0.1433914415681261,13.262879713835293,0.20934307559696816,,False,0.997289972899729,1.0,9.553873907224598e-07,9.779660048737015e-07,True,0.0038847015430987244,1.2152443768586234e-23,0.17135869885109906,1.1379209739211222e-23,66.76675564544493,3.175288747132425e-15,True,True,True,415,4.707701206207275,t5_lam1.00_D0.04_n1600,t5,1.0,0.04,1600
True,5,5,0.07881007567820435,0.031055140142021483,0.005930445972924268,0.022764066401123717,,0.09313860977809016,11.765229456526487,0.30107610550301733,,False,1.0,1.0,9.046286119447502e-07,9.930334253196737e-07,True,0.0024801208908567106,9.696962843325886e-16,0.11314033257894043,2.1780862260296236e-16,59.02387650665081,1.5245022381978677e-13,True,True,True,416,4.478514909744263,t5_lam1.00_D0.04_n1600,t5,1.0,0.04,1600
True,5,5,0.05937472760944125,0.017626791393476726,-0.006740414406534258,0.018033673195803946,,0.06770869716194723,7.044418874619401,0.7212449917451599,,False,1.0,1.0,8.955674486940778e-07,9.804719554794933e-07,True,0.0037226883925076753,9.86890106417592e-23,0.16696321042204898,6.142968519867899e-23,52.39980434083496,4.183377545549422e-12,True,True,True,417,4.690089225769043,t5_lam1.00_D0.04_n1600,t5,1.0,0.04,1600
True,5,5,0.06891518089855543,0.0237465107914031,0.0022688435661788325,0.017270434376422783,,0.07832774756019124,12.545190868629033,0.2502233461431228,,False,1.0,1.0,8.333996585244631e-07,7.720359975772393e-07,True,0.002591695122807214,2.2764259798274606e-16,0.1135887250971856,2.3994325160746006e-16,25.09411799100524,3.555343071231711e-06,True,True,True,418,4.661181926727295,t5_lam1.00_D0.04_n1600,t5,1.0,0.04,1600
True,5,5,0.08191161961791743,0.03354756714215198,0.008024554407918872,0.020267837763987006,,0.090952933833359,19.282147454155062,0.03682191727994759,,True,1.0,1.0,9.597762728805606e-07,9.419082769222597e-07,True,0.0031498167037290513,1.6366399444966403e-19,0.1403437650539695,9.661637123196794e-20,30.44716235759248,2.4461478282252527e-07,True,True,True,419,4.628392934799194,t5_lam1.00_D0.04_n1600,t5,1.0,0.04,1600
True,5,5,0.08628234999729167,0.03722321960527569,0.01615694460370443,0.021808254946392824,,0.10200816815310532,16.72997879579004,0.08055650235514583,,False,1.0,1.0,9.635129310830674e-07,9.158402709484988e-07,True,0.0041313391314255375,5.0190263544133685e-25,0.18087639636673516,5.897052702276783e-25,44.03233011710866,2.7447386786251826e-10,True,True,True,420,4.485716819763184,t5_lam1.00_D0.04_n1600,t5,1.0,0.04,1600
True,5,5,0.07445453839595108,0.027717391438770764,0.0007374888705485583,0.02430600544771111,,0.09024113262578037,8.905206539717199,0.5411228956334926,,False,1.0,1.0,7.05586762260057e-07,9.173229437183379e-07,True,0.004176654283537737,2.795174845393546e-25,0.18676752651088366,1.0080272888753761e-25,44.23779084724109,2.4767705309776834e-10,True,True,True,421,4.862823247909546,t5_lam1.00_D0.04_n1600,t5,1.0,0.04,1600
True,5,5,0.07181811771105046,0.025789210157791495,0.0011994035659925878,0.019635721216963282,,0.08185021787084334,11.652814732732052,0.30896401105970317,,False,1.0,1.0,8.389299094258107e-07,8.991729621221015e-07,True,0.004176606626366345,2.796895983928823e-25,0.18489664140547277,1.7513504964394378e-25,39.637959050731666,2.470168363261345e-09,True,True,True,422,4.804986953735352,t5_lam1.00_D0.04_n1600,t5,1.0,0.04,1600
True,5,5,0.05898773290233365,0.017397763164785283,-0.00806758546195678,0.01832094480111953,,0.06643445949707485,7.331732156498257,0.6937999833692015,,False,1.0,1.0,8.136403745641187e-07,9.114444733088893e-07,True,0.0034055874791723297,5.9669345698159866e-21,0.14978341380172852,5.528546338295042e-21,33.26130247920466,5.989629183892154e-08,True,True,True,423,4.808432102203369,t5_lam1.00_D0.04_n1600,t5,1.0,0.04,1600
True,5,5,0.05724805449362004,0.016386698716522447,-0.009185235898938868,0.01737153419703123,,0.062271012727848706,7.553468200704506,0.6723626511553279,,False,1.0,1.0,7.113346464707939e-07,9.613011474672018e-07,True,0.004023781954913667,2.0141761969821793e-24,0.17644337324542514,1.923810625569755e-24,41.590726684515616,9.304401685297145e-10,True,True,True,424,4.774054050445557,t5_lam1.00_D0.04_n1600,t5,1.0,0.04,1600
True,5,5,0.08904499097120337,0.039645052085308455,0.015577288192450883,0.024578175170275,,0.10583457730356968,15.389866272222374,0.11848127699373255,,False,1.0,1.0,8.983908626478901e-07,6.880519259431102e-07,True,0.0030929440982942033,3.4191865516900194e-19,0.13735182805070073,1.9836831863155847e-19,34.30008360222256,3.5631284706186206e-08,True,True,True,425,4.724325895309448,t5_lam1.00_D0.04_n1600,t5,1.0,0.04,1600
True,5,5,0.08505982545835733,0.03617586953503107,0.012625662921841644,0.021866311608963997,,0.09858249832490264,16.595133300420436,0.08381660395444543,,False,1.0,1.0,8.54658114964522e-07,8.694793426492853e-07,True,0.0032702255432676226,3.44142811896057e-20,0.1445377401417612,2.3876616889547013e-20,44.97886104247942,1.7098752398497795e-10,True,True,True,426,4.634477853775024,t5_lam1.00_D0.04_n1600,t5,1.0,0.04,1600
True,5,5,0.05609679871391931,0.015734254129749894,-0.0084209055873386,0.01781475798997002,,0.0646247068940762,5.675483846291309,0.841751102561918,,False,1.0,1.0,9.639093915763255e-07,9.732608093568424e-07,True,0.0035493054202891195,9.292633620487567e-22,0.1590594519580212,4.4141503957582655e-22,36.40638066921127,1.2429535087144326e-08,True,True,True,427,4.6941423416137695,t5_lam1.00_D0.04_n1600,t5,1.0,0.04,1600
True,5,5,0.07540459360298456,0.0284292636821563,0.004372854923174508,0.020730919362245193,,0.08771793753412355,13.928071104210042,0.17629786415181217,,False,1.0,1.0,6.802887443691321e-07,8.770903762258006e-07,True,0.0030599754116859123,5.241291263985378e-19,0.13579864049410711,3.489035522579707e-19,24.589248460097892,4.5762794824163654e-06,True,True,True,428,4.59802508354187,t5_lam1.00_D0.04_n1600,t5,1.0,0.04,1600
True,5,5,0.06964327892915494,0.024250931500020383,0.003602731194323576,0.016264941349668577,,0.07791813520032279,14.106435334261626,0.16819189107720972,,False,1.0,1.0,8.18103220713748e-07,9.4221369341513e-07,True,0.0024154221976558253,2.2479080010286666e-15,0.10739650994596701,1.7841538505924733e-15,42.96911523107258,4.67062695559927e-10,True,True,True,429,4.673115015029907,t5_lam1.00_D0.04_n1600,t5,1.0,0.04,1600
True,5,5,0.08878718059522887,0.03941581719024893,0.016049228177479637,0.02432524670067015,,0.10588739154362645,16.496581375543183,0.08627234673471612,,False,1.0,1.0,9.9814502329728e-07,9.920801506905942e-07,True,0.003599102426504021,4.879637267011223e-22,0.15887552478180825,3.4791272563086344e-22,48.35843655742527,3.155723361072975e-11,True,True,True,430,4.779895067214966,t5_lam1.00_D0.04_n1600,t5,1.0,0.04,1600
True,5,5,0.08774093461081806,0.038492358031899244,0.015284095478734994,0.022858755739906738,,0.10284298980982454,15.155719164915311,0.12648691282548158,,False,1.0,1.0,9.184501911870527e-07,8.754842671667946e-07,True,0.002488308138545102,8.718440180412093e-16,0.1100957593588949,6.080795395240859e-16,13.734845188992658,0.0010411570933939426,True,True,True,431,4.834696054458618,t5_lam1.00_D0.04_n1600,t5,1.0,0.04,1600
True,5,5,0.10154804911382644,0.051560031394120534,0.02141411747050243,0.040219467005247,,0.13233990603603887,15.044976586035116,0.13043067500314062,,False,1.0,1.0,9.246315475481809e-07,8.907311457047623e-07,True,0.002922143665693846,3.1280962191906905e-18,0.129216260664413,1.775600521356774e-18,52.59638110055723,3.7917610404566874e-12,True,True,True,432,4.665089845657349,t5_lam1.00_D0.04_n1600,t5,1.0,0.04,1600
True,5,5,0.06877718999779732,0.02365150931996556,0.0006019321685163462,0.019767017986122782,,0.08138277876431277,9.508024171163939,0.48466152554017905,,False,1.0,0.997289972899729,9.076037308339938e-07,7.665221066805594e-07,True,0.0030752319597518317,4.301168839818882e-19,0.1382123333172903,2.0903039954314923e-19,28.528273782420754,6.385046420800806e-07,True,True,True,433,4.5923120975494385,t5_lam1.00_D0.04_n1600,t5,1.0,0.04,1600
True,5,5,0.0833582217270957,0.03474296564751825,0.01013530091061791,0.02265814903286129,,0.097370056513619,13.720786878488354,0.18611252859878197,,False,1.0,1.0,9.133104893016823e-07,7.306061221289143e-07,True,0.0030737881233938564,4.38239024181799e-19,0.13684016249549277,1.9454191378879877e-19,38.16914281838034,5.14844345763813e-09,True,True,True,434,4.6651291847229,t5_lam1.00_D0.04_n1600,t5,1.0,0.04,1600
True,5,5,0.07515416212738481,0.028240740425346203,0.0021796790678503403,0.02195866835614708,,0.08751968276505964,10.310295410893492,0.4137047580789616,,False,1.0,1.0,8.782632446023748e-07,8.584817910715211e-07,True,0.0028558182678268644,7.392250413629697e-18,0.12815242508246572,3.0524263112865162e-18,28.830655591191892,5.489119473746891e-07,True,True,True,435,4.636366844177246,t5_lam1.00_D0.04_n1600,t5,1.0,0.04,1600
True,5,5,0.08732182981656203,0.0381255098125631,0.01304443270431481,0.02263411359282175,,0.10027386153958497,15.943760909899723,0.10125366606799409,,False,1.0,1.0,9.452579458217723e-07,9.320273742673982e-07,True,0.0022544035336244067,1.8245713489577797e-14,0.10122389477919112,8.569299198962265e-15,22.17776071828314,1.5281305198229585e-05,True,True,True,436,4.512701034545898,t5_lam1.00_D0.04_n1600,t5,1.0,0.04,1600
True,5,5,0.054073278023917044,0.014619596981259149,-0.012726119738567524,0.018675971006650756,,0.05998853041800992,5.330073201023776,0.8680668365582364,,False,1.0,0.997289972899729,8.522406162880679e-07,9.798867248136436e-07,True,0.002717554665054745,4.4435643030868965e-17,0.11933211652226734,4.8743333265299136e-17,16.197241315656026,0.00030395811130015643,True,True,True,437,4.539889097213745,t5_lam1.00_D0.04_n1600,t5,1.0,0.04,1600
True,5,5,0.06553584371542688,0.021474734057464286,-0.005558285270338033,0.019083049462234887,,0.0718756396158161,12.107437142700096,0.27793049989650187,,False,1.0,0.997289972899729,9.971593103652859e-07,6.525484609430288e-07,True,0.00464720374129494,6.42759562637502e-28,0.2065107322692471,2.624570807679342e-28,87.49265816771606,1.0027915722302892e-19,True,True,True,438,4.547601938247681,t5_lam1.00_D0.04_n1600,t5,1.0,0.04,1600
True,5,5,0.045650903280883406,0.010420024851802857,-0.018616809104629074,0.024616236640379433,,0.06614120805548497,2.948754338238781,0.9826044243000712,,False,1.0,1.0,8.560366854525451e-07,7.260574482573898e-07,True,0.0030596266335524425,5.2650318286123945e-19,0.13367751319404703,5.416235104976204e-19,32.71514608933946,7.870390651730926e-08,True,True,True,439,4.5637500286102295,t5_lam1.00_D0.04_n1600,t5,1.0,0.04,1600
True,5,5,0.058351815642875525,0.017024671944100664,-0.010078218874898279,0.018326989337746315,,0.06335139463089144,7.946971597748287,0.6340167779689838,,False,1.0,1.0,9.60734708156206e-07,9.81278601461701e-07,True,0.0029717548008795567,1.6442740432585676e-18,0.13300431114972772,1.0019531636116048e-18,41.355079809219305,1.0467874810407882e-09,True,True,True,440,4.471428155899048,t5_lam1.00_D0.04_n1600,t5,1.0,0.04,1600
True,5,5,0.047899071852659174,0.011471605421731031,-0.013940978474582082,0.015271200583280709,,0.0472819441070915,6.309478802166966,0.788626591996544,,False,0.997289972899729,1.0,8.649579524730974e-07,9.582601221763887e-07,True,0.0038246255463266396,2.6418647330654112e-23,0.17019121694800823,1.8071816647027104e-23,54.858665472471884,1.2234666916349304e-12,True,True,True,441,4.505292177200317,t5_lam1.00_D0.04_n1600,t5,1.0,0.04,1600
True,5,5,0.07839306705092515,0.030727364808254228,1.7813680281288102e-05,0.03128619904483362,,0.1014682528209701,8.262973828971408,0.6031669505844607,,False,1.0,1.0,9.124590507070215e-07,8.60399044094918e-07,True,0.0033780619407493733,8.520586070983632e-21,0.1485391292259812,6.1751070233082305e-21,33.377426529532656,5.65176270216554e-08,True,True,True,442,4.6373677253723145,t5_lam1.00_D0.04_n1600,t5,1.0,0.04,1600
True,5,5,0.06510420746550595,0.021192789148558204,-0.0005840977768224107,0.01697910949330666,,0.07395140574140456,10.711436893381848,0.38043720350962756,,False,1.0,1.0,9.69984623945824e-07,9.209297987073931e-07,True,0.003752371720003251,6.723369026591788e-23,0.1665751802241181,5.460212215552738e-23,68.65953254400983,1.2324574745179872e-15,True,True,True,443,4.497364044189453,t5_lam1.00_D0.04_n1600,t5,1.0,0.04,1600
True,5,5,0.06640936739464738,0.02205102038878628,-0.0020243770463257635,0.01923574415556438,,0.07696181714988919,8.70792522395304,0.5600286825142556,,False,1.0,0.997289972899729,9.493147486185906e-07,8.012367333599413e-07,True,0.0028490623437186923,8.06913795013091e-18,0.12547006527770588,7.94201094240575e-18,25.543641129554942,2.839676090951596e-06,True,True,True,444,4.384334087371826,t5_lam1.00_D0.04_n1600,t5,1.0,0.04,1600
True,5,5,0.07135988313557681,0.0254611646056159,0.0014158501713421277,0.019374056738600678,,0.08158840317911983,11.346481601830625,0.3311685640212712,,False,1.0,1.0,9.461120131506136e-07,6.839409351094358e-07,True,0.003311565982281726,2.0150807112118086e-20,0.14860141649349493,8.613210209332171e-21,75.06487391574944,5.010369290325332e-17,True,True,True,445,4.506678104400635,t5_lam1.00_D0.04_n1600,t5,1.0,0.04,1600
True,5,5,0.09359437031252422,0.04379953077098958,0.01773241788518558,0.02387146017587453,,0.10676841830438477,19.060902413258823,0.0394959133413814,,True,1.0,0.997289972899729,9.660548330193269e-07,9.395981422364325e-07,True,0.003007007193029636,1.0412161084909697e-18,0.1326188606400328,8.485474504964514e-19,43.89323994404246,2.942415839132789e-10,True,True,True,446,4.614243030548096,t5_lam1.00_D0.04_n1600,t5,1.0,0.04,1600
True,5,5,0.05413982554228094,0.014655603548743078,-0.010965962782587171,0.018831951820632898,,0.06326111202335322,5.796247401456723,0.8320812167851916,,False,1.0,1.0,7.525828008774691e-07,8.519182113795767e-07,True,0.0031556184254420212,1.5181544649285638e-19,0.13577552077869642,2.184430118046176e-19,29.4101218681088,4.10840434913157e-07,True,True,True,447,4.527130126953125,t5_lam1.00_D0.04_n1600,t5,1.0,0.04,1600
True,5,5,0.054131463949134664,0.014651076946382329,-0.008680243597922393,0.015435351360529752,,0.05780769857158354,8.363848050784881,0.5933428877447269,,False,1.0,0.997289972899729,7.722796179986847e-07,8.912928085098179e-07,True,0.002899776273534288,4.180471098861537e-18,0.12770271132018132,2.9633140811651262e-18,34.97966124824137,2.5366647302425204e-08,True,True,True,448,4.407591104507446,t5_lam1.00_D0.04_n1600,t5,1.0,0.04,1600
True,5,5,0.07812369167612951,0.03051655600553474,0.006672217404145166,0.022787206059068914,,0.093972161769851,11.943529454819167,0.28885365029827165,,False,1.0,1.0,8.823161719580118e-07,7.218416292722467e-07,True,0.0025150333785110696,6.161057268539989e-16,0.1137721322635173,2.3939288209933573e-16,26.058781011707175,2.194863926473841e-06,True,True,True,449,4.4702019691467285,t5_lam1.00_D0.04_n1600,t5,1.0,0.04,1600
True,5,5,0.07226780343962443,0.026113177069940964,0.0031174610655953228,0.01881393520116093,,0.08253923990255162,12.099688720712509,0.27844012367149246,,False,1.0,1.0,7.711875787284579e-07,9.856607516741279e-07,True,0.0029283710027985794,2.885477226599901e-18,0.13214701697588563,1.2263174224710248e-18,43.860388956506085,2.9911455816133023e-10,True,True,True,450,4.6146039962768555,t5_lam1.00_D0.04_n1600,t5,1.0,0.04,1600
True,5,5,0.09233786887293262,0.0426314101399745,0.019735613378435265,0.024555889825488605,,0.1096598904074876,17.50280963996925,0.06395249669327106,,False,0.997289972899729,1.0,8.319960211425991e-07,8.041544516690166e-07,True,0.002930933273299766,2.79120211644175e-18,0.13022986062116135,1.8424784379181302e-18,47.29247889054123,5.377354785284245e-11,True,True,True,451,4.640393972396851,t5_lam1.00_D0.04_n1600,t5,1.0,0.04,1600
True,5,5,0.06839023101683334,0.02338611849267916,-0.0005053097685678715,0.018729841743590128,,0.07784926249567613,10.357401253709241,0.40971639905611873,,False,1.0,1.0,9.900469271137893e-07,8.012765026509058e-07,True,0.002754415252646814,2.7543316187294322e-17,0.12235410038328273,1.401223877406854e-17,30.451954414331475,2.4402938046367756e-07,True,True,True,452,4.555100917816162,t5_lam1.00_D0.04_n1600,t5,1.0,0.04,1600
True,5,5,0.08309600260173192,0.034524728241935185,0.012092408971382897,0.02026112453967817,,0.09530896406591355,16.3713508411816,0.0894841034859144,,False,1.0,1.0,9.43027102550034e-07,9.424079521263959e-07,True,0.0031124418721228506,2.655946031287008e-19,0.13796586832108343,2.0064583034600067e-19,50.231089693402865,1.2372500017113803e-11,True,True,True,453,4.352865934371948,t5_lam1.00_D0.04_n1600,t5,1.0,0.04,1600
True,5,5,0.0730106246161104,0.026652756534172928,0.0004266222511886131,0.02252711448428224,,0.08657993787871564,10.337107083446025,0.4114320647672065,,False,1.0,1.0,8.032284723935106e-07,9.183228036962688e-07,True,0.003143523093041976,1.7756533934619665e-19,0.13856117824110445,2.1908055589854945e-19,40.01062011416437,2.0502377865532914e-09,True,True,True,454,4.502300024032593,t5_lam1.00_D0.04_n1600,t5,1.0,0.04,1600
True,5,5,0.0632575945267651,0.020007616326563112,-0.006879661119231467,0.019559749864496778,,0.07112420739473954,8.280478372196217,0.6014609022920593,,False,0.994579945799458,1.0,8.745140401208215e-07,9.668860262182858e-07,True,0.003270444542372957,3.431683642823713e-20,0.1472086280384104,1.4814818823729882e-20,36.609494971633566,1.1229209237961394e-08,True,True,True,455,4.610391855239868,t5_lam1.00_D0.04_n1600,t5,1.0,0.04,1600
True,5,5,0.09755135977785657,0.04758133897254407,0.024650959435220346,0.023312296964752274,,0.1122464036397273,22.118761245509617,0.014510887101300374,,True,1.0,1.0,9.453409201373391e-07,7.955846624829673e-07,True,0.003422790004829893,4.776001174039022e-21,0.15089412320560028,3.822666266710594e-21,61.46214078777382,4.5046982515533963e-14,True,True,True,456,4.496755838394165,t5_lam1.00_D0.04_n1600,t5,1.0,0.04,1600
True,5,5,0.06879957875428198,0.02366691018383324,-0.00010730105259493944,0.019044463522527155,,0.07901652212769031,10.762546615045615,0.3763146740635755,,False,1.0,1.0,8.023499873523265e-07,9.894413294226503e-07,True,0.0031274652633678053,2.186231115113172e-19,0.13976851654229192,1.468881994707614e-19,32.913935288344994,7.12573657514979e-08,True,True,True,457,4.514272928237915,t5_lam1.00_D0.04_n1600,t5,1.0,0.04,1600
True,5,5,0.09525241893567962,0.045365116565491095,0.020088912719730387,0.02550953384316247,,0.1113987091339011,18.426814411529342,0.04817675070920347,,True,1.0,1.0,8.202672281898949e-07,9.644989241800948e-07,True,0.004008033358522206,2.4687167263639095e-24,0.17710129085735585,2.013580390777104e-24,64.78407230624299,8.556919396462578e-15,True,True,True,458,4.538516998291016,t5_lam1.00_D0.04_n1600,t5,1.0,0.04,1600
True,5,5,0.06472158584648383,0.02094441837241888,-0.0019954941067669915,0.017183573490527702,,0.07248305881116589,10.320104252499826,0.4128725156407438,,False,1.0,1.0,9.456406421161891e-07,9.556902365433451e-07,True,0.0032607821820806833,3.889024888035561e-20,0.144280383172349,2.4514339469028148e-20,28.37031811736096,6.909771659355825e-07,True,True,True,459,4.472503900527954,t5_lam1.00_D0.04_n1600,t5,1.0,0.04,1600
True,5,5,0.08619595520348486,0.03714871346720584,0.014692690915022965,0.0214243246256478,,0.09993254623045035,18.494264047525277,0.04717687411491051,,True,1.0,1.0,9.578118953658825e-07,9.909028306767503e-07,True,0.0030662071787432906,4.8347077559637625e-19,0.13655547164558152,4.155931551007468e-19,39.93398657075294,2.130320742184296e-09,True,True,True,460,4.452514886856079,t5_lam1.00_D0.04_n1600,t5,1.0,0.04,1600
True,5,5,0.09036954052323219,0.04083326927190053,0.01721846691892931,0.023508767093483932,,0.10572317412734425,16.30764950835498,0.09115776900501404,,False,0.997289972899729,1.0,8.445979864227935e-07,8.979412924323276e-07,True,0.003601286641490185,4.74370732138195e-22,0.1584967307916385,3.0227431057801146e-22,41.91660219711616,7.905429733179213e-10,True,True,True,461,4.620537042617798,t5_lam1.00_D0.04_n1600,t5,1.0,0.04,1600
True,5,5,0.08794428693049744,0.03867098801856832,0.017214918064049834,0.02072372127198429,,0.10129403354808669,20.45686672502643,0.025215891445084456,,True,0.997289972899729,1.0,9.957946207434423e-07,8.973185569411873e-07,True,0.0025723639420798298,2.9259841671379115e-16,0.11493998678994376,1.8697874208557928e-16,23.89242808270701,6.483733595661853e-06,True,True,True,462,4.558426856994629,t5_lam1.00_D0.04_n1600,t5,1.0,0.04,1600
True,5,5,0.12471710285751264,0.07777177872585694,0.05052064042095699,0.03196990327080735,,0.14360115025251866,32.82909530469251,0.0002909944851638936,,True,1.0,1.0,8.459995902195086e-07,9.941787779125272e-07,True,0.003421029659245202,4.886053478176898e-21,0.15200662343637109,3.049616586680184e-21,29.88333596143443,3.242769245786337e-07,True,True,True,463,4.745874881744385,t5_lam1.00_D0.04_n1600,t5,1.0,0.04,1600
True,5,5,0.06849247789522941,0.023456097641142454,0.0012669668782873122,0.017821709461823307,,0.07820622778915085,12.034176356933845,0.282775717138232,,False,1.0,0.997289972899729,9.264736893953285e-07,9.86922097850237e-07,True,0.0034432341580430126,3.665765453538342e-21,0.15295138813454623,2.1577094068587614e-21,33.410764726520355,5.558333764429961e-08,True,True,True,464,4.51867413520813,t5_lam1.00_D0.04_n1600,t5,1.0,0.04,1600
True,5,5,0.09519586268200311,0.045311261358853966,0.023313531077076524,0.02166810549359373,,0.10858581213711235,23.983818087481524,0.0076434583626521346,,True,1.0,1.0,9.63472345072537e-07,8.565106728645172e-07,True,0.0031244276079872564,2.2739759175986385e-19,0.13937466196679343,1.4506168330508088e-19,51.59434648613165,6.257920070931581e-12,True,True,True,465,4.486623048782349,t5_lam1.00_D0.04_n1600,t5,1.0,0.04,1600
True,5,5,0.06428213494847938,0.02066096436767257,-0.0014469696567172563,0.01699047013953286,,0.07280091589520568,9.752630577292429,0.46245744220896234,,False,1.0,1.0,7.860235810290248e-07,9.316557681402063e-07,True,0.004179216880288656,2.7041698380409905e-25,0.18781998434389183,1.1266156155632193e-25,88.87766409290484,5.0171889835459283e-20,True,True,True,466,4.449556827545166,t5_lam1.00_D0.04_n1600,t5,1.0,0.04,1600
True,5,5,0.10038899198279953,0.05038974855661294,0.027072703367485518,0.02406154578828836,,0.11545598661603525,22.867267179805314,0.011247263510388225,,True,1.0,0.997289972899729,9.893172071656841e-07,9.048144762361093e-07,True,0.0036435757670525678,2.7452176680567717e-22,0.16299554584695017,1.744967314178023e-22,48.166042882782776,3.474374912506618e-11,True,True,True,467,4.514668226242065,t5_lam1.00_D0.04_n1600,t5,1.0,0.04,1600
True,5,5,0.11432467940763451,0.06535066160829205,0.038933901199419016,0.03575923689168388,,0.1398231824110166,18.574085830877703,0.046018053385840835,,True,1.0,1.0,9.846287428432875e-07,7.415523166037832e-07,True,0.002491171785462182,8.40003383010046e-16,0.10936096554496579,7.05076065640646e-16,19.370110454656736,6.22062408944781e-05,True,True,True,468,4.4578001499176025,t5_lam1.00_D0.04_n1600,t5,1.0,0.04,1600
True,5,5,0.07895430841206941,0.031168914084140863,0.006019274406689857,0.026153659054840347,,0.09903354518656414,9.388534356541056,0.4956693810222301,,False,1.0,1.0,9.833524681432277e-07,6.811677070326359e-07,True,0.0032969773432748165,2.4339789511773168e-20,0.14643777784005352,1.8242013683684718e-20,23.930941101686088,6.360073965762208e-06,True,True,True,469,4.516818046569824,t5_lam1.00_D0.04_n1600,t5,1.0,0.04,1600
True,5,5,0.10322124892002334,0.05327313114304709,0.02954673729319387,0.027202008947924163,,0.12189344557567755,20.571293405693755,0.02428944958898472,,True,1.0,1.0,9.605708179326499e-07,9.244722234287709e-07,True,0.003499973095253677,1.759215977174451e-21,0.15410662998109556,1.0367195595562993e-21,68.856457629152,1.116889489763607e-15,True,True,True,470,4.492153882980347,t5_lam1.00_D0.04_n1600,t5,1.0,0.04,1600
True,5,5,0.08316990017152674,0.03458616147270862,0.013467766167700176,0.0207813892392765,,0.09762183119673018,15.307388079456793,0.12125044295772323,,False,1.0,1.0,9.918738024928303e-07,9.339263510881407e-07,True,0.003686034058665331,1.5853061350979544e-22,0.16061843571939352,1.5361782591841383e-22,45.06668767652406,1.6364137206256655e-10,True,True,True,471,4.479001998901367,t5_lam1.00_D0.04_n1600,t5,1.0,0.04,1600
True,5,5,0.0823089949074239,0.033873853213351665,0.0072275273452105625,0.022226705781941768,,0.09358119999852611,15.897319729662069,0.10260970960818683,,False,1.0,1.0,9.58965372115419e-07,7.70379154592304e-07,True,0.003782342858083482,4.5635407860783534e-23,0.1683401724879597,2.663449796759224e-23,59.6607556336676,1.1087446086576254e-13,True,True,True,472,4.530596017837524,t5_lam1.00_D0.04_n1600,t5,1.0,0.04,1600
True,5,5,0.0820224522661336,0.03363841337875083,0.006773769537329024,0.023066828252399002,,0.09456778061322388,15.803156392867068,0.10540763158105713,,False,0.994579945799458,1.0,8.475466630135697e-07,8.327988270815144e-07,True,0.003509031995088857,1.5646510812620041e-21,0.15400654416628096,1.4766154052427243e-21,59.355473058354946,1.2915843973636373e-13,True,True,True,473,4.5665600299835205,t5_lam1.00_D0.04_n1600,t5,1.0,0.04,1600
True,5,5,0.06883812797798228,0.023693439317565335,-0.0002168690488674012,0.019692419447002462,,0.08021755232115263,9.240888019721883,0.5094053396643798,,False,1.0,1.0,9.4900283293639e-07,8.843836327784438e-07,True,0.0037861549442759178,4.344085555473573e-23,0.16678233629054454,3.9518593811391845e-23,61.88264384210135,3.6505191153528723e-14,True,True,True,474,4.650229215621948,t5_lam1.00_D0.04_n1600,t5,1.0,0.04,1600
True,5,5,0.07474340289722547,0.027932881383284872,0.004352052856966413,0.019482153515073982,,0.08531980277410539,12.694038502642197,0.24128506635753433,,False,1.0,1.0,8.835234310440221e-07,9.076734256561632e-07,True,0.0034431525957567583,3.669636562244188e-21,0.1530607670087036,1.9263864494692577e-21,35.662551321560734,1.8029155115079506e-08,True,True,True,475,4.551136016845703,t5_lam1.00_D0.04_n1600,t5,1.0,0.04,1600
True,5,5,0.07296126455675501,0.02661673062860398,0.002782099381387765,0.02289362699506247,,0.08993193512683957,9.530734728741947,0.4825809006232048,,False,1.0,1.0,9.853967919390186e-07,9.365205466317224e-07,True,0.0031742561532235774,1.1925465079746348e-19,0.14301646079220473,5.1315278701970413e-20,71.83581347564207,2.5179743529447703e-16,True,True,True,476,4.601208925247192,t5_lam1.00_D0.04_n1600,t5,1.0,0.04,1600
True,5,5,0.0845594386318061,0.0357514933086309,0.010570165677041495,0.02268995188934319,,0.09786911191748095,15.20541786521549,0.12475023559002599,,False,1.0,1.0,9.932642775019619e-07,9.175300393215693e-07,True,0.0026807993101906854,7.159626778989122e-17,0.1173792262746432,8.25795593661176e-17,20.351549082468075,3.8081782444928256e-05,True,True,True,477,4.716023683547974,t5_lam1.00_D0.04_n1600,t5,1.0,0.04,1600
True,5,5,0.07471537957723567,0.02791193972685203,0.0055349704673923715,0.018654488957048302,,0.08511036868363273,13.735655075236092,0.18539422357301968,,False,1.0,1.0,8.116898236777514e-07,8.727164934892673e-07,True,0.0029632225644982985,1.8365629481989127e-18,0.1304712841647963,1.3731001062045908e-18,50.965766542682616,8.5688869319363e-12,True,True,True,478,4.454970121383667,t5_lam1.00_D0.04_n1600,t5,1.0,0.04,1600
True,5,5,0.0803392852806247,0.032272003797008,0.006098000002349512,0.0255894188481762,,0.09817214310215754,11.241466109464586,0.3390177024524104,,False,1.0,1.0,9.726709812588868e-07,9.434080772253263e-07,True,0.003006758185419848,1.04458173414988e-18,0.13280448020858546,8.805000940978951e-19,37.83764852412309,6.0765771875726706e-09,True,True,True,479,4.542159080505371,t5_lam1.00_D0.04_n1600,t5,1.0,0.04,1600
True,5,5,0.07413432476231085,0.027479490539818883,0.00017173784262903766,0.021578801181012533,,0.08445792707671934,11.241531151810939,0.339012803858757,,False,1.0,1.0,9.855293638213581e-07,9.565318240798965e-07,True,0.0026692209046701907,8.320622592937257e-17,0.11669467521822204,8.156674220313465e-17,28.484341345475173,6.526853526414619e-07,True,True,True,480,4.659564018249512,t5_lam1.00_D0.04_n1600,t5,1.0,0.04,1600
True,5,5,0.08996936315521861,0.04047243153277805,0.014030154052614333,0.03146348376791337,,0.11470220524889259,9.723754957005644,0.46505437890523604,,False,1.0,1.0,9.75351991407095e-07,8.107507257734499e-07,True,0.0045155225380930225,3.51680994678709e-27,0.20001521434289193,3.0639288596449052e-27,33.47113527954287,5.393060875588329e-08,True,True,True,481,4.570955038070679,t5_lam1.00_D0.04_n1600,t5,1.0,0.04,1600
True,5,5,0.09708271149302704,0.04712526435419162,0.023419920500431783,0.024413384223208927,,0.11276201850458055,21.737757191628454,0.016497746161385902,,True,1.0,1.0,7.496252807773322e-07,8.271241321803191e-07,True,0.003296037238732467,2.4637842562959835e-20,0.14676265824670673,1.7370354457826436e-20,44.83985928494205,1.8329400959944257e-10,True,True,True,482,4.494320869445801,t5_lam1.00_D0.04_n1600,t5,1.0,0.04,1600
True,5,5,0.09834986898644234,0.048363483648251854,0.021723615905805675,0.027725266809875318,,0.11604104582105967,17.581318305188546,0.062450478670780296,,False,1.0,1.0,9.644446951290769e-07,8.778711590879046e-07,True,0.0020887368200514763,1.5770561899233515e-13,0.0917101237336654,1.3052613821189877e-13,13.087034764581523,0.0014394166058775526,True,True,True,483,4.642289876937866,t5_lam1.00_D0.04_n1600,t5,1.0,0.04,1600
True,5,5,0.06064839904434861,0.018391141533212724,-0.004212149227024734,0.016458687305365014,,0.06761653981396129,9.0706589833535,0.5254111879008714,,False,1.0,1.0,9.665956124546328e-07,9.643169872364263e-07,True,0.0028575715403267865,7.226069539649404e-18,0.12765665494906822,3.967634147138561e-18,23.232837060078577,9.016822758244868e-06,True,True,True,484,4.598315238952637,t5_lam1.00_D0.04_n1600,t5,1.0,0.04,1600
True,5,5,0.052905746595005715,0.013995090113874793,-0.009735158418252607,0.015812263176012396,,0.05705032868813743,6.802259338923754,0.7439717060296656,,False,0.997289972899729,1.0,9.386415139534529e-07,9.249247050488881e-07,True,0.0029265198972558905,2.955561742537939e-18,0.1296257388781286,2.4248190980251822e-18,22.27724954323655,1.4539742851332636e-05,True,True,True,485,4.580798864364624,t5_lam1.00_D0.04_n1600,t5,1.0,0.04,1600
True,5,5,0.08249610961714877,0.03402804050982314,0.01055040911043257,0.020545065232754994,,0.0941743427632858,16.609538012004585,0.08346287637420685,,False,1.0,1.0,7.024619418377776e-07,8.982395796903392e-07,True,0.003688126774591239,1.5429799137663588e-22,0.16285756388616854,1.0773033985309723e-22,49.923983696594135,1.4425958648651567e-11,True,True,True,486,4.433204889297485,t5_lam1.00_D0.04_n1600,t5,1.0,0.04,1600
True,5,5,0.09433563115118462,0.04449605652346177,0.021900857265368317,0.022711652303341552,,0.10886523864905677,20.513556836992827,0.0247528652567801,,True,1.0,1.0,8.270599498659892e-07,9.095045960834874e-07,True,0.002092054749189593,1.510344325345229e-13,0.09235791953927962,1.320995102710872e-13,16.299505334148833,0.00028880678222163475,True,True,True,487,4.464242935180664,t5_lam1.00_D0.04_n1600,t5,1.0,0.04,1600
True,5,5,0.07851019101837689,0.030819250468710143,0.007204575184204774,0.019764267754331512,,0.08912227856597583,14.688484158262867,0.14383862793192062,,False,1.0,1.0,8.281399263571413e-07,8.995938126349169e-07,True,0.004097086711403088,7.8124323177566955e-25,0.1797256522482596,8.951651175394911e-25,55.54680666473415,8.672897007463356e-13,True,True,True,488,4.403561115264893,t5_lam1.00_D0.04_n1600,t5,1.0,0.04,1600
True,5,5,0.10318826323919687,0.05323908835160894,0.028114463382371495,0.025716428101689556,,0.11867116197094583,23.695369416587376,0.008451355866639214,,True,1.0,1.0,7.500705850335424e-07,8.947065062231028e-07,True,0.004019920580032043,2.1172171717136457e-24,0.17963617823173694,5.849268119939763e-25,76.8973059018117,2.0042975094092995e-17,True,True,True,489,4.483393907546997,t5_lam1.00_D0.04_n1600,t5,1.0,0.04,1600
True,5,5,0.1149548544753391,0.06607309283723194,0.04019736203838995,0.027903923447127874,,0.1312213639058629,32.331712917718875,0.0003525164412361463,,True,1.0,0.997289972899729,9.332686808983199e-07,9.374452588286408e-07,True,0.0029967623196245053,1.1890652577484656e-18,0.1344759358138477,5.5421746904036225e-19,34.22047216539583,3.707822070515648e-08,True,True,True,490,4.564863920211792,t5_lam1.00_D0.04_n1600,t5,1.0,0.04,1600
True,5,5,0.06720838135375244,0.02258483262095709,0.00087809867479045,0.017271828070108988,,0.0765346035724906,12.178464580087233,0.27329011740195036,,False,1.0,1.0,9.875636325578435e-07,7.970588462567701e-07,True,0.0032248977313704195,6.189309219836822e-20,0.141842010246484,4.9171965748615735e-20,47.688732481208824,4.410860443493052e-11,True,True,True,491,4.56332802772522,t5_lam1.00_D0.04_n1600,t5,1.0,0.04,1600
True,5,5,0.07570600254476077,0.028656994106536618,0.006944707426740752,0.020919939070502686,,0.09094497796190937,10.964360170379136,0.36030141894022805,,False,1.0,1.0,5.934989249430763e-07,9.050390109536758e-07,True,0.0032412938886441267,5.005332247939646e-20,0.14145579230193234,5.426765704080328e-20,19.06941234931218,7.229857238866726e-05,True,True,True,492,4.614096164703369,t5_lam1.00_D0.04_n1600,t5,1.0,0.04,1600
True,5,5,0.09016917488147752,0.04065240049403239,0.017894318150670035,0.02297846712238765,,0.10553722863398916,19.535243105192357,0.03396793014413221,,True,1.0,1.0,8.012706079765417e-07,9.90113530666416e-07,True,0.003977599674893214,3.658136810812781e-24,0.17481839071776956,1.9311902482151672e-24,56.69059132148703,4.895471275087375e-13,True,True,True,493,4.440917015075684,t5_lam1.00_D0.04_n1600,t5,1.0,0.04,1600
True,5,5,0.08979229714501737,0.04031328313289547,0.017833321360302936,0.023215849242326676,,0.10584894443432352,16.20666705884571,0.093867182306057,,False,1.0,0.997289972899729,7.717088920772591e-07,9.894725788000286e-07,True,0.002812491049099917,1.2966489051556077e-17,0.12330749679962211,1.4305280203622463e-17,28.48801882126722,6.514863380240057e-07,True,True,True,494,4.488998889923096,t5_lam1.00_D0.04_n1600,t5,1.0,0.04,1600
True,5,5,0.0981808482285551,0.04819739479439287,0.02589851109811214,0.023833129717740206,,0.11410567116137746,20.839097531167006,0.022243912495332384,,True,1.0,0.997289972899729,8.725207515751872e-07,9.156661247309997e-07,True,0.0027898516440753767,1.739243570667823e-17,0.12503337819586435,8.692937489644049e-18,55.24740507290916,1.0073454257289155e-12,True,True,True,495,4.581233263015747,t5_lam1.00_D0.04_n1600,t5,1.0,0.04,1600
True,5,5,0.08326501026573191,0.0346653096727622,0.011592355601562354,0.02056000074920273,,0.09530010220772425,16.1402294152243,0.0956879213666204,,False,0.997289972899729,1.0,9.032932011108752e-07,8.02697733386908e-07,True,0.002951043618725135,2.150647447272009e-18,0.13186170457441068,1.1789737513235017e-18,38.87357461709981,3.620016299299646e-09,True,True,True,496,4.553045988082886,t5_lam1.00_D0.04_n1600,t5,1.0,0.04,1600
True,5,5,0.05710329736982647,0.016303932852534155,-0.011117553038425626,0.018747143090362964,,0.06279928864045535,7.879562940981255,0.6405998466427019,,False,1.0,1.0,9.419324564589545e-07,8.633829789063787e-07,True,0.0033365146441695368,1.4589087673789652e-20,0.15120475145329842,3.453750540520978e-21,67.4686987765572,2.235415253667667e-15,True,True,True,497,3.971724033355713,t5_lam1.00_D0.04_n1600,t5,1.0,0.04,1600
True,5,5,0.07598791414974566,0.028870815484145582,0.006004728295666697,0.021122131271692282,,0.09027462824831221,11.501662876737088,0.319790915296852,,False,1.0,0.997289972899729,9.734001652811685e-07,7.358415326619488e-07,True,0.0036667140124315295,2.035257001237974e-22,0.16245690663623877,1.2898622092825022e-22,62.93547306407814,2.1564314950605195e-14,True,True,True,498,3.9463889598846436,t5_lam1.00_D0.04_n1600,t5,1.0,0.04,1600
True,5,5,0.07322071477388085,0.026806365359990075,-0.00037818296676562016,0.02241213880687986,,0.08542424109990156,13.42545896649711,0.20084679279354883,,False,1.0,1.0,7.28946922031114e-07,9.008841051805556e-07,True,0.0026621766395071743,9.117272779936418e-17,0.1200504695179901,4.08303491362829e-17,42.85215728977445,4.951904673288008e-10,True,True,True,499,3.718865156173706,t5_lam1.00_D0.04_n1600,t5,1.0,0.04,1600
