applicable,K_x,K_y,D_hat,Q_hat,Q_bc,s_Q,Z,U_D,T0,p_exact,decision,mt_reject,success_x,success_y,max_residual_x,max_residual_y,correct_cardinality,mmd_stat,mmd_p,energy_stat,energy_p,gec_stat,gec_p,mmd_reject,energy_reject,gec_reject,rep,seconds,name,family,lam,D,n
True,5,5,0.20606430256746056,0.21231248396306968,0.12891071594347395,0.09498378944248677,,0.23880751517050014,24.865007542333217,0.005607337867344682,,True,1.0,1.0,9.012841099359554e-07,9.907091218604646e-07,True,0.0020731254106958652,0.00015853710541087444,0.0918811077595923,0.0001366744112868346,7.219297952381086,0.02706134437551868,True,True,True,0,0.4584009647369385,t5_lam1.00_D0.12_n400,t5,1.0,0.12,400
True,5,5,0.1981121892673627,0.1962421976815367,0.08352355775315114,0.16588104002211307,,0.2669732526213089,10.840450173361829,0.37008285832334137,,False,1.0,1.0,9.366470022405049e-07,9.161707089453081e-07,True,0.003194346941894287,3.6434834937919094e-06,0.1415550167385044,3.270722509282799e-06,9.586350879228965,0.00828610354012022,True,True,True,1,0.45801806449890137,t5_lam1.00_D0.12_n400,t5,1.0,0.12,400
True,5,5,0.1318362776562101,0.0869040205312266,-0.03492750467816694,0.09093840554274377,,0.15142843954026536,10.052473940936292,0.4359016945215847,,False,1.0,1.0,6.624722504217029e-07,8.979501739697299e-07,True,0.005551776556769953,1.5022895295867926e-09,0.24576446094453586,1.1357080074414607e-09,27.544302063473786,1.0443132853808958e-06,True,True,True,2,0.4522392749786377,t5_lam1.00_D0.12_n400,t5,1.0,0.12,400
True,5,5,0.14726868026103435,0.10844032092913385,0.027928481024274615,0.07206324526943016,,0.17115020968470374,13.684379029976437,0.18788086953327632,,False,1.0,1.0,9.719853544701276e-07,7.560192299164348e-07,True,0.0035403635217095063,1.1504704339134207e-06,0.15691557927771052,9.662995501770939e-07,26.40202666359074,1.8487268743638903e-06,True,True,True,3,0.46080994606018066,t5_lam1.00_D0.12_n400,t5,1.0,0.12,400
True,5,5,0.1732843425649158,0.15013731689077545,0.05446364190130859,0.10424053805457888,,0.2125671983142063,13.90640558443815,0.17730370774193285,,False,1.0,1.0,8.327423842233605e-07,9.59423476762433e-07,True,0.0029974830755101897,7.034279313698465e-06,0.13482581773767272,5.339293030931937e-06,21.716446894336958,1.9245689446385653e-05,True,True,True,4,0.4737989902496338,t5_lam1.00_D0.12_n400,t5,1.0,0.12,400
True,5,5,0.14599355135367673,0.10657058518429322,0.012836647944717033,0.07699902111554804,,0.1670262057871993,12.777396226243686,0.23638554523586788,,False,1.0,1.0,9.851018364013102e-07,9.630478882888465e-07,True,0.0026967414165692074,1.9279809138092445e-05,0.11808992073959822,1.714378449509149e-05,4.213656200896048,0.1216231316144998,True,True,False,5,0.4669971466064453,t5_lam1.00_D0.12_n400,t5,1.0,0.12,400
True,5,5,0.16530275363567185,0.13662500179767811,0.037105464372451116,0.09670496319708585,,0.19807623473369357,13.453550327059185,0.19940668992326946,,False,1.0,1.0,9.356402391178127e-07,7.072328670587892e-07,True,0.003496723665979261,1.3302065591284377e-06,0.15124860652393998,1.450961693593956e-06,13.560947078711198,0.0011357369548153952,True,True,True,6,0.47605299949645996,t5_lam1.00_D0.12_n400,t5,1.0,0.12,400
True,5,5,0.1366450384633427,0.09335933268324201,0.009009817287834065,0.06655170413034249,,0.1539335111055609,14.809728710885565,0.13915432342873957,,False,1.0,1.0,8.134103168940103e-07,9.413908987054239e-07,True,0.0019506852120935595,0.00024055692408647794,0.08717125443989203,0.00021248347030997287,7.721218579446939,0.021055166917222402,True,True,True,7,0.449033260345459,t5_lam1.00_D0.12_n400,t5,1.0,0.12,400
True,5,5,0.21306973827567918,0.22699356684433214,0.14737010595971184,0.08797815241975256,,0.24169455478344198,35.97098687952667,8.514793791740252e-05,,True,1.0,1.0,9.726965030860168e-07,9.45744326043966e-07,True,0.0020781840528197246,0.00015583358813806066,0.09449720276308268,0.00013164007842239478,9.421833782147377,0.008996524966203907,True,True,True,8,0.4564332962036133,t5_lam1.00_D0.12_n400,t5,1.0,0.12,400
True,5,5,0.08321658241069896,0.034624997940583255,-0.05749238756725432,0.056977870863478296,,0.08512093746959154,4.144301845578586,0.9406025325858202,,False,1.0,1.0,9.142381537951272e-07,9.061053271861693e-07,True,0.0029842418620023774,7.352942731891113e-06,0.12891946547617095,8.53570035728594e-06,4.31769248596729,0.11545825499297101,True,True,False,9,0.48153185844421387,t5_lam1.00_D0.12_n400,t5,1.0,0.12,400
True,5,5,0.18323917324110772,0.16788297305042343,0.06356691841160357,0.09612175938025365,,0.2105578984304177,18.508957045412394,0.04696158904046181,,True,0.9966666666666667,1.0,8.036022168381203e-07,7.458080776194628e-07,True,0.002817802441617824,1.2841425984171678e-05,0.12446969156586556,1.1582311962281173e-05,12.053301152184257,0.002413564505925266,True,True,True,10,0.49654173851013184,t5_lam1.00_D0.12_n400,t5,1.0,0.12,400
True,5,5,0.14051658882808524,0.09872455867940585,-0.013001389289054144,0.09885744248528539,,0.17297666520893162,11.212702983384958,0.34118846459223306,,False,1.0,1.0,9.062303917170139e-07,8.279950205172597e-07,True,0.002521131557332114,3.481036035363758e-05,0.11100362816948753,3.0655995199407465e-05,9.695107234367718,0.007847552202248266,True,True,True,11,0.4912137985229492,t5_lam1.00_D0.12_n400,t5,1.0,0.12,400
False,5,4,,,,,,,,,not_applicable,False,1.0,0.9966666666666667,7.867059257649287e-07,7.23938832423106e-07,False,0.0026621062641868044,2.1659835623265255e-05,0.11758404788311565,1.6399538098890136e-05,15.708443472410202,0.00038811000666045376,True,True,True,12,0.5081827640533447,t5_lam1.00_D0.12_n400,t5,1.0,0.12,400
True,5,5,0.14333881202810117,0.10273007516813662,0.014090334485335865,0.07127751194964323,,0.16206875611035176,17.40300352764244,0.0659087600356135,,False,1.0,0.9933333333333333,6.777368256728083e-07,7.582134796305084e-07,True,0.0029135302292917324,9.316926501920203e-06,0.1314628493727077,8.325699472037512e-06,24.998526664242704,3.7293994892030105e-06,True,True,True,13,0.47130513191223145,t5_lam1.00_D0.12_n400,t5,1.0,0.12,400
True,5,5,0.14974107813813312,0.11211195240985243,0.03689744875277723,0.06710067024308074,,0.17162064536237084,15.768601220675198,0.10645083220180875,,False,1.0,1.0,8.575644314916913e-07,8.705532260787785e-07,True,0.003016940200344752,6.590999007588873e-06,0.13153909210817602,7.481635661528178e-06,6.339697251206107,0.04200995665401163,True,True,True,14,0.45260000228881836,t5_lam1.00_D0.12_n400,t5,1.0,0.12,400
True,5,5,0.1937103583636133,0.18761851468679747,0.10633938392129612,0.09130121561791868,,0.22650232651145463,23.88621144371409,0.007908215965038457,,True,0.9966666666666667,1.0,9.292870574252978e-07,9.999133528345783e-07,True,0.0031757491614351104,3.876845787070618e-06,0.14282688358210527,3.333598095118704e-06,14.116312477370345,0.0008603629363886278,True,True,True,15,0.44785118103027344,t5_lam1.00_D0.12_n400,t5,1.0,0.12,400
True,5,5,0.17412667942122684,0.1516005024313135,0.045957405043652186,0.10052099510249196,,0.2055722395766302,15.939252156523699,0.10138463206792929,,False,1.0,0.9966666666666667,9.068457988815823e-07,9.01076365573646e-07,True,0.003934712998547452,3.106790083529525e-07,0.17676146698470946,2.7981710398913416e-07,30.14274195073019,2.84830669497235e-07,True,True,True,16,0.4860270023345947,t5_lam1.00_D0.12_n400,t5,1.0,0.12,400
True,5,5,0.14543333024146013,0.10575426772560802,-0.020671533663198113,0.10415315337859889,,0.17357716349221936,12.75248121928593,0.23784202220324657,,False,1.0,1.0,9.531786024499761e-07,7.023016418561755e-07,True,0.0016313611187793674,0.0007185228578293478,0.07424725645210506,0.0007166837930345641,4.366248480528485,0.11268891285705127,True,True,False,17,0.48846006393432617,t5_lam1.00_D0.12_n400,t5,1.0,0.12,400
True,5,5,0.15320435147731187,0.11735786655791855,0.0393500833362688,0.06284445881615806,,0.16894970811092205,22.50360296241483,0.012734843223134238,,True,1.0,1.0,9.729763018526936e-07,9.97728404275032e-07,True,0.0024211100496429076,4.8775855382706865e-05,0.10678900355031642,5.418217982828791e-05,4.260096889500271,0.11883153694884921,True,True,False,18,0.4591491222381592,t5_lam1.00_D0.12_n400,t5,1.0,0.12,400
True,5,5,0.15985836575430457,0.12777348550818507,0.027146874757548983,0.08846052110522558,,0.18582329441676385,19.115370994907813,0.03882153018864213,,True,1.0,1.0,9.729566429781637e-07,9.484215224550295e-07,True,0.002372367176507151,5.750334492396337e-05,0.11018648516743719,4.366710153857011e-05,19.415214515240798,6.081906447971209e-05,True,True,True,19,0.4805150032043457,t5_lam1.00_D0.12_n400,t5,1.0,0.12,400
True,5,5,0.171105670910601,0.14638575308883445,0.04429271896966128,0.0981646498802446,,0.20285916265409507,17.240977567467365,0.06919894398333722,,False,1.0,1.0,9.504723474345282e-07,9.430005841706588e-07,True,0.0025041026492900235,3.686647031067315e-05,0.11135654790685066,3.7712577761355875e-05,9.469381851858484,0.00878516367849531,True,True,True,20,0.48232102394104004,t5_lam1.00_D0.12_n400,t5,1.0,0.12,400
True,5,5,0.1736717626128687,0.15080940564530312,0.06759322648295801,0.08680797329330177,,0.20512417517335782,17.13801477996504,0.07136530635786022,,False,1.0,1.0,9.932834719886426e-07,9.753590263000312e-07,True,0.004568557715178898,3.8199675130284854e-08,0.20544326156598194,3.189677083162213e-08,22.913294130901704,1.0578921594124991e-05,True,True,True,21,0.47374820709228516,t5_lam1.00_D0.12_n400,t5,1.0,0.12,400
True,5,5,0.21684720408706573,0.2351135496018877,0.1493456504497365,0.09797591249842832,,0.24919939224510815,29.43328673248064,0.00105981296853007,,True,1.0,1.0,9.442256545520972e-07,7.887161688095161e-07,True,0.0019482482162371012,0.00024256487214932996,0.08470200269603367,0.000271848002065897,7.923377001306312,0.019030953370188466,True,True,True,22,0.4747481346130371,t5_lam1.00_D0.12_n400,t5,1.0,0.12,400
True,5,5,0.20521655752473375,0.2105691774115118,0.12482753300557307,0.10186711895106011,,0.24181978127494919,23.773243314455865,0.008225563630993513,,True,1.0,1.0,9.732342023916882e-07,8.97911120101538e-07,True,0.0019917063858705926,0.00020916340673949146,0.08728557988626888,0.00021058539894580614,12.160744366150936,0.002287325190758003,True,True,True,23,0.4623737335205078,t5_lam1.00_D0.12_n400,t5,1.0,0.12,400
True,5,5,0.19125526972725526,0.18289289099222583,0.10075309760518394,0.10052479486781213,,0.23069532766922587,18.55551299442554,0.04628534388418925,,True,1.0,1.0,7.588287445150891e-07,8.615167858135678e-07,True,0.0026240297734026635,2.46185373200979e-05,0.11540154404561438,2.3834858113238862e-05,17.35822152267139,0.00017010226187331084,True,True,True,24,0.4666130542755127,t5_lam1.00_D0.12_n400,t5,1.0,0.12,400
True,5,5,0.17630657540185435,0.15542004264964876,0.045444915045318765,0.09560635872447674,,0.20134715342060233,17.649518101244833,0.06117151145616854,,False,1.0,1.0,8.637384834641859e-07,6.232975409460933e-07,True,0.00323597801683944,3.1709093141727864e-06,0.14250429555064786,3.3252972511516774e-06,13.933010667392399,0.0009429424237192191,True,True,True,25,0.4962430000305176,t5_lam1.00_D0.12_n400,t5,1.0,0.12,400
True,5,5,0.15066543025333926,0.11350035936711916,0.03049088424066132,0.07462124386690833,,0.17506107954812558,14.162720916401387,0.1656979611050081,,False,1.0,1.0,8.384211059947325e-07,9.911430084882796e-07,True,0.001823826411564415,0.000371075215239953,0.08313474380986952,0.00029291949281505617,9.660414034794693,0.007984868088233354,True,True,True,26,0.46779298782348633,t5_lam1.00_D0.12_n400,t5,1.0,0.12,400
True,5,5,0.17200160783004617,0.14792276548060498,0.04835015708935003,0.09619496803641768,,0.2032618012114094,14.057814163940932,0.1703708223564127,,False,1.0,1.0,7.80597803364113e-07,9.447564319002794e-07,True,0.00361697443408155,8.917929158923328e-07,0.1658284713632046,5.560407034032223e-07,18.12470797384842,0.00011594971097626196,True,True,True,27,0.48803210258483887,t5_lam1.00_D0.12_n400,t5,1.0,0.12,400
True,5,5,0.20513620314131095,0.21040430919616596,0.1306568170206049,0.08979299587095121,,0.23594624470577086,28.874605372093484,0.0013056288438892264,,True,1.0,0.9966666666666667,9.680448953123131e-07,9.051021943787709e-07,True,0.0024000761223828735,5.236559631813769e-05,0.11256426716792176,3.319752900763181e-05,9.923525667932989,0.0070005760954271416,True,True,True,28,0.4730069637298584,t5_lam1.00_D0.12_n400,t5,1.0,0.12,400
True,5,5,0.19571574874443218,0.1915232715329685,0.10889453163362794,0.08516048035403158,,0.22314616582719335,27.707671711599346,0.0020102963525725206,,True,0.9966666666666667,0.9933333333333333,8.329952016753057e-07,7.629269230587542e-07,True,0.002925276615817475,8.957509833640136e-06,0.12709274638416027,1.0601036405696555e-05,13.6786833005179,0.0010708081338910052,True,True,True,29,0.4623570442199707,t5_lam1.00_D0.12_n400,t5,1.0,0.12,400
True,5,5,0.13116050541424856,0.08601539090260563,-0.02384404767697726,0.08630265313215886,,0.15369527275943726,8.04701071660533,0.6242448736014117,,False,1.0,1.0,9.090751941915367e-07,7.784899176592143e-07,True,0.0037359939272125367,6.005876997402221e-07,0.16220358144291608,5.899397069545777e-07,15.612135605100004,0.0004072563156543262,True,True,True,30,0.4745969772338867,t5_lam1.00_D0.12_n400,t5,1.0,0.12,400
True,5,5,0.26188998438304695,0.34293181960076285,0.26688450207001985,0.12337495158305781,,0.30653490458881666,36.89466361261355,5.901765262129644e-05,,True,1.0,1.0,7.251286202478902e-07,7.638699223961919e-07,True,0.0013376330106348651,0.0019877091118134763,0.06075305118937321,0.0016508921932918603,8.161366630447821,0.01689591647034249,True,True,True,31,0.46898818016052246,t5_lam1.00_D0.12_n400,t5,1.0,0.12,400
True,5,5,0.19871256164131548,0.19743341077026802,0.09865728021410293,0.1123351861983899,,0.23808915080985674,18.54517452555261,0.046434742653623164,,True,1.0,0.9966666666666667,9.687221307706233e-07,8.35585355865133e-07,True,0.0029314180650630976,8.775169015743028e-06,0.13743715821005226,4.965280637222111e-06,23.159982586289317,9.351336411701557e-06,True,True,True,32,0.46570706367492676,t5_lam1.00_D0.12_n400,t5,1.0,0.12,400
True,5,5,0.14820894956238018,0.10982946365192076,0.01777697206117035,0.08408763484595966,,0.1766854964162696,12.890266726300812,0.22987202091452463,,False,1.0,1.0,8.232589542758736e-07,9.684670360243103e-07,True,0.0012965325191687008,0.0022942819169709866,0.058219058634551096,0.0021433193427820196,5.351542933763414,0.06885368955869416,True,True,False,33,0.4734320640563965,t5_lam1.00_D0.12_n400,t5,1.0,0.12,400
True,5,5,0.20324924030163563,0.20655126841596014,0.1259637668660504,0.10007420608013266,,0.24106894768976186,26.545444315974542,0.0030718728199166786,,True,0.9966666666666667,1.0,7.910567491225449e-07,6.254424555986451e-07,True,0.004166745816025292,1.4408718724630043e-07,0.19218327155876347,1.0050941390517464e-07,45.51140700455578,1.3101575899669486e-10,True,True,True,34,0.4581608772277832,t5_lam1.00_D0.12_n400,t5,1.0,0.12,400
True,5,5,0.12992819128497093,0.08440667445292,-0.008508687712544608,0.07364658775326548,,0.15008608814011642,9.568580170707786,0.4791221376424659,,False,1.0,1.0,9.437595650363727e-07,8.287873679367413e-07,True,0.002033882428650401,0.00018117997482215603,0.08881342741859212,0.00016363093746310807,10.316718181380494,0.005751129028354535,True,True,True,35,0.46409082412719727,t5_lam1.00_D0.12_n400,t5,1.0,0.12,400
True,5,5,0.1596062886885541,0.12737083694467033,0.03415607150110833,0.10199246112883883,,0.20095708054735764,14.82951635793634,0.1384021090962191,,False,1.0,1.0,9.636789120701724e-07,9.919060642303736e-07,True,0.0029962949874273773,7.062296634257447e-06,0.13013448988049492,7.671669251125543e-06,3.3636804781990266,0.18603131874394713,True,True,False,36,0.45250606536865234,t5_lam1.00_D0.12_n400,t5,1.0,0.12,400
True,5,5,0.20522434593885358,0.21058516083015122,0.11949391939509872,0.10493607976194179,,0.24170163871583397,24.57530371102164,0.006211353211251772,,True,1.0,1.0,8.322042061842802e-07,8.605239114994819e-07,True,0.0037240002059393588,6.249846549142935e-07,0.16416581413247772,5.576720592045798e-07,14.898887028513178,0.0005817652662076375,True,True,True,37,0.479341983795166,t5_lam1.00_D0.12_n400,t5,1.0,0.12,400
True,5,5,0.22753072763844245,0.2588511600983954,0.1689808660873413,0.1318504724398998,,0.27779690203289725,26.734178424275242,0.0028686710566186214,,True,1.0,1.0,9.8436149247867e-07,9.344776513330277e-07,True,0.0035423886627580416,1.1427481259750593e-06,0.15919038150062476,1.067350368090727e-06,24.363920018027343,5.122028484408683e-06,True,True,True,38,0.46588778495788574,t5_lam1.00_D0.12_n400,t5,1.0,0.12,400
True,5,5,0.10983685249799144,0.06032067083332765,-0.04122355650218337,0.06514313952090768,,0.11482802167571067,9.202572556801197,0.5129928081890629,,False,1.0,0.9966666666666667,8.999572054757812e-07,9.416495080793287e-07,True,0.004096659701385677,1.817001251960681e-07,0.18130873516423146,2.109622326568047e-07,14.757033147887615,0.0006245266382751603,True,True,True,39,0.4769010543823242,t5_lam1.00_D0.12_n400,t5,1.0,0.12,400
True,5,5,0.22361812218051633,0.2500253228377016,0.1541350534120048,0.1162164163223463,,0.26279042878732034,24.82362809551999,0.0056900292126929415,,True,1.0,1.0,9.739722712624504e-07,9.931004788208458e-07,True,0.0035792267056807877,1.0110079017142022e-06,0.15721041328651425,9.552866073859237e-07,11.429621965245204,0.0032967736102669197,True,True,True,40,0.467540979385376,t5_lam1.00_D0.12_n400,t5,1.0,0.12,400
True,5,5,0.16059877194017508,0.12895982774346182,0.04803797414739722,0.078662332350163,,0.18837515590864148,15.705613603105485,0.10837537388572178,,False,1.0,1.0,9.208078144573377e-07,8.404474746255254e-07,True,0.005255246437756343,3.979819801021268e-09,0.23206139137414544,4.961562928065179e-09,23.536472837340362,7.746755722691947e-06,True,True,True,41,0.4529290199279785,t5_lam1.00_D0.12_n400,t5,1.0,0.12,400
True,5,5,0.1572591043227719,0.12365212946200226,0.01763841004623866,0.08609505685744988,,0.17846690257905432,16.563782799484915,0.08459103355649805,,False,1.0,1.0,9.126236455433968e-07,9.729267698328617e-07,True,0.0017074337115200243,0.0005530910273811455,0.07351653603086124,0.000555585957835636,8.44780612783498,0.014641386569278436,True,True,True,42,0.4910421371459961,t5_lam1.00_D0.12_n400,t5,1.0,0.12,400
True,5,5,0.18212853663541423,0.1658540192847871,0.07191688434087644,0.09393256970980184,,0.2128014155577523,22.02305889432577,0.014987560158227964,,True,1.0,1.0,9.661587964720917e-07,8.924557632739623e-07,True,0.0034874006482842534,1.3721162307709842e-06,0.15581939179893925,1.145557188158264e-06,21.519603821535668,2.1236229190236195e-05,True,True,True,43,0.46605610847473145,t5_lam1.00_D0.12_n400,t5,1.0,0.12,400
True,5,5,0.14351890594983174,0.10298838182518325,0.016716426579069188,0.07523434858100995,,0.1676102131219185,12.775835477293011,0.236476584408089,,False,1.0,1.0,7.370214214443686e-07,6.984299528276715e-07,True,0.0014224208913097085,0.0014798850202256614,0.0663353229707907,0.0011492758349324291,11.947659547447046,0.002544477960175539,True,True,True,44,0.47017383575439453,t5_lam1.00_D0.12_n400,t5,1.0,0.12,400
True,5,5,0.19849741111329908,0.19700611109341037,0.03675089558097827,0.17243142002823728,,0.25313053636999905,17.35627954326256,0.0668428808600111,,False,1.0,1.0,8.895312880225319e-07,8.721835859726089e-07,True,0.0022418104070676837,8.943509822045488e-05,0.10077839949006906,6.929686524370941e-05,28.918161222573016,5.254133182226043e-07,True,True,True,45,0.48439502716064453,t5_lam1.00_D0.12_n400,t5,1.0,0.12,400
True,5,5,0.20298752862655256,0.20601968388957748,0.11062369998923083,0.10143520234036386,,0.23557154346793877,29.661303511131415,0.0009729801984261767,,True,1.0,1.0,9.566976880576143e-07,8.046390966785796e-07,True,0.0025080974844472175,3.637342247829917e-05,0.11194229642336508,2.7574733518731534e-05,24.68917107467636,4.353260134589973e-06,True,True,True,46,0.47016000747680664,t5_lam1.00_D0.12_n400,t5,1.0,0.12,400
True,5,5,0.270018093615503,0.36454885439875273,0.2760172525069521,0.1387629956661392,,0.31757269064422167,38.16655369788431,3.549966228865096e-05,,True,1.0,1.0,9.66793519308679e-07,8.66172896267528e-07,True,0.0015810229333437034,0.0008546872680462058,0.07053217764887268,0.000781639421256095,8.906161570728258,0.011642643177360384,True,True,True,47,0.469555139541626,t5_lam1.00_D0.12_n400,t5,1.0,0.12,400
True,5,5,0.18873062285256956,0.17809624001159424,0.083195923533695,0.09839377188651689,,0.22137717862989764,19.481362240744264,0.034557833942217744,,True,1.0,1.0,9.000035351752285e-07,9.736756722135403e-07,True,0.0013318201180341066,0.002028408835473785,0.05938749974555998,0.00194634136320399,6.373999031713337,0.04129559200369727,True,True,True,48,0.45879197120666504,t5_lam1.00_D0.12_n400,t5,1.0,0.12,400
True,5,5,0.15496722419741144,0.12007420287725389,0.03771572656330985,0.07684205070627359,,0.181168238038522,14.482777427769314,0.15208728574126573,,False,1.0,1.0,8.703236889456913e-07,6.97848600757114e-07,True,0.0029037999279171137,9.62559643753263e-06,0.1290074872268331,9.68945812873829e-06,4.991186736423313,0.08244751513995857,True,True,False,49,0.44918131828308105,t5_lam1.00_D0.12_n400,t5,1.0,0.12,400
True,5,5,0.17085500029395254,0.1459571556272326,0.05130581428961627,0.07931393434942803,,0.19066495581100576,24.90902053221385,0.0055206480280708195,,True,1.0,1.0,7.824941320402708e-07,9.183913231817306e-07,True,0.0019120568465891186,0.00027445286546975474,0.08212029505210823,0.00029378408544391334,17.25970656144562,0.000178690860635814,True,True,True,50,0.45330309867858887,t5_lam1.00_D0.12_n400,t5,1.0,0.12,400
False,5,6,,,,,,,,,not_applicable,False,1.0,1.0,6.839025627254289e-07,9.597575359310964e-07,False,0.002845242196413241,1.1712597200551442e-05,0.1301102533941095,9.319863527211913e-06,20.170879650230994,4.16820563503498e-05,True,True,True,51,0.4790008068084717,t5_lam1.00_D0.12_n400,t5,1.0,0.12,400
True,5,5,0.1447485101840829,0.1047606560025578,0.012501341050410397,0.06957583589797649,,0.15933826098924103,17.834239819802825,0.05782498844614979,,False,1.0,1.0,7.607016431589242e-07,9.968252926080405e-07,True,0.0037345040561395366,6.035655976379722e-07,0.16456563529624202,5.230721505538915e-07,15.286682056386068,0.00047922467127429395,True,True,True,52,0.45246171951293945,t5_lam1.00_D0.12_n400,t5,1.0,0.12,400
True,5,5,0.16772068727684775,0.14065114470309076,0.06822595921034609,0.07457627928986489,,0.19539346083470976,19.483563684448207,0.03453354778911314,,True,0.9966666666666667,1.0,7.725771852170805e-07,5.371862036969267e-07,True,0.002020033448229855,0.00018992608534664803,0.09453085464013102,0.0001306692673968716,24.264240170633524,5.383778616114226e-06,True,True,True,53,0.43906712532043457,t5_lam1.00_D0.12_n400,t5,1.0,0.12,400
True,5,5,0.15794997516515963,0.12474097327337272,0.03849927341324161,0.07612797072560834,,0.1809522822037423,17.427087756449595,0.065431844457266,,False,1.0,1.0,9.794594946977514e-07,7.695053073959203e-07,True,0.003840402418779428,4.247291626052613e-07,0.17461222633573198,3.15155940314114e-07,9.751722148906879,0.007628522663983551,True,True,True,54,0.4536898136138916,t5_lam1.00_D0.12_n400,t5,1.0,0.12,400
True,5,5,0.2117996554523611,0.22429547024869437,0.139626745211114,0.10033775455185254,,0.24684718540258677,29.270119385679614,0.001126528263694197,,True,0.9966666666666667,1.0,6.893613072331331e-07,9.149240932285683e-07,True,0.0031286421388933756,4.53729494323041e-06,0.14077313774448633,4.36629901427969e-06,33.72163105011657,4.758179889169863e-08,True,True,True,55,0.46178293228149414,t5_lam1.00_D0.12_n400,t5,1.0,0.12,400
True,5,5,0.12938469775706352,0.0837020000684334,-0.012937804336611167,0.07154940921177645,,0.1447414943349794,11.914576699214091,0.290814261999648,,False,0.9966666666666667,1.0,9.210987007772139e-07,8.171414506551607e-07,True,0.003566560697486848,1.0544908247075107e-06,0.15744797941926203,1.0057774808103774e-06,28.14524155901013,7.732829766268997e-07,True,True,True,56,0.46597814559936523,t5_lam1.00_D0.12_n400,t5,1.0,0.12,400
True,5,5,0.18567818929830912,0.17238194990549355,0.06710715995180394,0.1007351228821994,,0.21577844757342743,20.894148608146075,0.021843886360960036,,True,1.0,1.0,9.602796866266137e-07,8.38163407932233e-07,True,0.0029386953717182892,8.5639219324509e-06,0.13345069850074373,6.144027142506023e-06,23.92001609165943,6.394910963698326e-06,True,True,True,57,0.4760289192199707,t5_lam1.00_D0.12_n400,t5,1.0,0.12,400
True,5,5,0.10659277453055874,0.05681009791061265,-0.038839164787186624,0.06437176532950814,,0.11579548081710604,7.086818945980377,0.7172240841740272,,False,1.0,1.0,8.453817549133395e-07,9.611420110769818e-07,True,0.0015206760254635287,0.0010527999435577117,0.06879510540191092,0.000995269351788139,9.277676091621759,0.009668925951889297,True,True,True,58,0.4661087989807129,t5_lam1.00_D0.12_n400,t5,1.0,0.12,400
True,5,5,0.1502402952040819,0.11286073151504836,0.0030038608197826833,0.08545076960647224,,0.16944489908686136,15.602490977524678,0.11159106227972308,,False,1.0,1.0,9.108074649571103e-07,8.119525818898346e-07,True,0.002130498276318419,0.0001304557916344895,0.09966227893372225,8.731120803666593e-05,13.490522538194046,0.001176441271409212,True,True,True,59,0.47417616844177246,t5_lam1.00_D0.12_n400,t5,1.0,0.12,400
True,5,5,0.1272891222941732,0.08101260327210488,-0.015333186346616734,0.0754004502765849,,0.147437795537371,9.230878692053423,0.5103416305134593,,False,0.9966666666666667,1.0,8.90679300389127e-07,9.100054375837895e-07,True,0.003982162262739804,2.654771739255805e-07,0.1749107954117366,2.9450750095236424e-07,22.36269375681112,1.3931656260770264e-05,True,True,True,60,0.4560680389404297,t5_lam1.00_D0.12_n400,t5,1.0,0.12,400
True,5,5,0.14470320489456803,0.1046950875337967,-0.0025863177803732845,0.07966894129825156,,0.16028563832698156,15.940420939859383,0.10135066823318296,,False,1.0,1.0,9.819216687096562e-07,9.192520547282046e-07,True,0.0027976549092286786,1.3739271221398573e-05,0.12718570041601865,1.0408259985114177e-05,22.268543059805744,1.4603175835826421e-05,True,True,True,61,0.48602819442749023,t5_lam1.00_D0.12_n400,t5,1.0,0.12,400
True,5,5,0.10540748064881601,0.05555368488365261,-0.03483169117503814,0.0739907040360507,,0.13181212897101144,4.3456199051815805,0.9304115648852308,,False,1.0,0.9966666666666667,8.030244514153306e-07,7.666920763535754e-07,True,0.0028000848123671267,1.362772689456793e-05,0.12447054487821628,1.2371740520594545e-05,7.101293431281856,0.02870606898611304,True,True,True,62,0.44831204414367676,t5_lam1.00_D0.12_n400,t5,1.0,0.12,400
True,5,5,0.18371385328575535,0.16875389944550018,-0.0341684809219614,0.19486364061047062,,0.23931305233820382,16.82427678259229,0.07834384908647783,,False,1.0,1.0,9.448778730158064e-07,9.75596298989747e-07,True,0.0024772914405716134,4.0354014692260965e-05,0.10488534961996171,4.112294598900821e-05,11.232076827866546,0.003639028917133057,True,True,True,63,0.4860110282897949,t5_lam1.00_D0.12_n400,t5,1.0,0.12,400
True,5,5,0.1952842107526661,0.19067961484645857,0.06995391674558105,0.12672763970677464,,0.2359670886171496,21.041952500082783,0.020802919872167144,,True,1.0,1.0,9.372258031223267e-07,7.922785826508879e-07,True,0.004314009771010468,8.853926706031331e-08,0.1993343827724281,6.200520995460226e-08,15.46216002325885,0.00043896976854198173,True,True,True,64,0.46134090423583984,t5_lam1.00_D0.12_n400,t5,1.0,0.12,400
True,5,5,0.211448711437351,0.22355278784258067,0.10980444184808955,0.11874936984142283,,0.24703431888300686,23.066811606207356,0.010502634011666526,,True,1.0,1.0,9.362035810829471e-07,9.407779272512817e-07,True,0.004094700785306179,1.8288217585616704e-07,0.19405460915562658,8.307642896794648e-08,56.13665158308049,6.457746496484433e-13,True,True,True,65,0.4852769374847412,t5_lam1.00_D0.12_n400,t5,1.0,0.12,400
True,5,5,0.12467784078784007,0.07772281991758999,-0.014219172603039537,0.07281886191839365,,0.14529776084572582,8.956047326155513,0.5362798828784621,,False,1.0,1.0,9.996926575697271e-07,8.483427402036878e-07,True,0.002210331386477763,9.950253627885482e-05,0.09876910439452581,9.154449906585169e-05,0.5769330870460563,0.7494118774093048,True,True,False,66,0.4562549591064453,t5_lam1.00_D0.12_n400,t5,1.0,0.12,400
True,5,5,0.2143182792704668,0.22966162414726896,0.13389212260869282,0.10904813679791747,,0.25030395359764,25.174894525418132,0.005023671722472315,,True,1.0,1.0,9.515060854824709e-07,9.420987810976835e-07,True,0.004608771687971426,3.345316644488247e-08,0.20612048878668698,2.9791245608646765e-08,25.977380799770195,2.2860379312418824e-06,True,True,True,67,0.4591708183288574,t5_lam1.00_D0.12_n400,t5,1.0,0.12,400
True,5,5,0.18436426385444984,0.169950908932966,0.0751046614001312,0.0936693576629561,,0.21409205687566232,20.923748364320993,0.021631592920717688,,True,0.9966666666666667,1.0,7.326922192641479e-07,9.99175536373341e-07,True,0.0023483918911884967,6.235632528641122e-05,0.10658795024686427,4.82023200269801e-05,4.816298681873015,0.08998166596206397,True,True,False,68,0.46825599670410156,t5_lam1.00_D0.12_n400,t5,1.0,0.12,400
True,5,5,0.10466349442313648,0.0547722353243096,-0.03442435612003019,0.06096297529092134,,0.11476133050552763,7.332203341476882,0.6937546314330244,,False,1.0,1.0,8.527349530483348e-07,9.789547180904793e-07,True,0.00408169086335085,1.9093062057615364e-07,0.18426313186541868,1.3933383740273276e-07,12.925309031935129,0.001560647443451249,True,True,True,69,0.4538838863372803,t5_lam1.00_D0.12_n400,t5,1.0,0.12,400
True,5,5,0.14099369562623545,0.09939611103171762,-0.006209872891230983,0.09832586110673976,,0.17636426870163727,9.047459548337633,0.5276055001397185,,False,1.0,1.0,9.200080396726039e-07,8.361365847035217e-07,True,0.00361115460300632,9.092094903577923e-07,0.16660297377085587,5.590849711063466e-07,21.493475114460068,2.1515486985567035e-05,True,True,True,70,0.4519648551940918,t5_lam1.00_D0.12_n400,t5,1.0,0.12,400
True,5,5,0.14948511784980784,0.11172900229285468,0.03922077345402583,0.06598703897892716,,0.1719068316561633,16.37538825833612,0.0893789405621065,,False,1.0,1.0,8.448757222834983e-07,9.830838132235328e-07,True,0.0010055146934411319,0.006395691325081902,0.04712576146145638,0.00507893608495521,8.492828451622032,0.014315474043649076,True,True,True,71,0.45462512969970703,t5_lam1.00_D0.12_n400,t5,1.0,0.12,400
True,5,5,0.19273288718051726,0.18572982900468996,0.09027922240934125,0.09863858754467343,,0.2247332912096326,25.92091604828761,0.00384801788617484,,True,1.0,1.0,9.002106347458882e-07,9.392712035967562e-07,True,0.004917183668632363,1.21048298565661e-08,0.219503959938552,9.507920647360361e-09,38.335811327777705,4.736792282916547e-09,True,True,True,72,0.46779966354370117,t5_lam1.00_D0.12_n400,t5,1.0,0.12,400
True,5,5,0.18986198699072634,0.1802378705203337,0.09489087681091724,0.08867061413962174,,0.21942700749109648,23.843635934238485,0.008026422066072356,,True,1.0,1.0,7.906722204015226e-07,8.757569383936966e-07,True,0.0035406461707805817,1.1493894964528752e-06,0.16224024918377822,8.61124451635406e-07,26.662913255518987,1.6226391525543886e-06,True,True,True,73,0.4656221866607666,t5_lam1.00_D0.12_n400,t5,1.0,0.12,400
True,5,5,0.18883092675989685,0.17828559450500764,0.08279682767832389,0.0944274654244019,,0.21822748986572982,21.03698408036875,0.020837144098974154,,True,1.0,0.9933333333333333,9.985461994246248e-07,9.528898549481713e-07,True,0.0032402492313110998,3.1260466448839856e-06,0.14418289636527745,3.021155862721652e-06,26.533334414125505,1.7312494112850937e-06,True,True,True,74,0.4686920642852783,t5_lam1.00_D0.12_n400,t5,1.0,0.12,400
True,5,5,0.17088152650115435,0.14600248049682357,0.026637960643680694,0.12392437654761777,,0.21469765759119483,17.111702529270374,0.07192854140457101,,False,0.9966666666666667,1.0,7.280834667401172e-07,8.841182690566571e-07,True,0.004305820919406809,9.096839231237826e-08,0.19398707967388085,7.166897694101521e-08,29.591904514919534,3.7514536073430003e-07,True,True,True,75,0.46109890937805176,t5_lam1.00_D0.12_n400,t5,1.0,0.12,400
True,5,5,0.18055539244236057,0.16300124870007418,0.0777732305211981,0.08766697125289966,,0.21070005512594464,20.68616724556939,0.02339140445064394,,True,1.0,1.0,9.349055409114974e-07,9.487666032450128e-07,True,0.002193540915952135,0.00010533111385200912,0.0996060466796321,8.864458682415199e-05,6.04764648192045,0.048614995758841775,True,True,True,76,0.45473313331604004,t5_lam1.00_D0.12_n400,t5,1.0,0.12,400
True,5,5,0.16157433131290364,0.13053132269605974,0.0539358278584811,0.07006731887820862,,0.18394907526055568,21.131598370708193,0.02019438236704039,,True,1.0,1.0,8.975971227725441e-07,6.509790465465121e-07,True,0.003653477791823481,7.899285470929016e-07,0.16001973292043992,8.199928122200109e-07,6.6914467407487095,0.03523471818556464,True,True,True,77,0.43911004066467285,t5_lam1.00_D0.12_n400,t5,1.0,0.12,400
True,5,5,0.23168537938989153,0.2683905751151899,0.17427799059276436,0.12226841936081721,,0.27400424947070734,24.412189280807116,0.006578342960062937,,True,1.0,1.0,8.694464749916689e-07,8.883394490308035e-07,True,0.0015223216259363937,0.0010468251485371378,0.06697451549384995,0.0009871284249423715,6.971910947548985,0.0306244835548514,True,True,True,78,0.4866607189178467,t5_lam1.00_D0.12_n400,t5,1.0,0.12,400
True,5,5,0.20068124955691294,0.20136481961861985,0.09152283701192122,0.10908973239675376,,0.23279152862932412,25.659837567836185,0.004225651579285772,,True,1.0,1.0,7.575256709002848e-07,9.20029572285246e-07,True,0.002320548339341145,6.851186844996783e-05,0.09915409795470805,8.388933703404528e-05,14.450558173688352,0.0007279493496503162,True,True,True,79,0.4815652370452881,t5_lam1.00_D0.12_n400,t5,1.0,0.12,400
True,5,5,0.2002008971697718,0.2004019961379077,0.1167839979184231,0.09453384473359386,,0.2333573805552943,22.305202670093973,0.013623078971921955,,True,0.9966666666666667,0.9933333333333333,9.690779664764368e-07,8.636447843948396e-07,True,0.002705310367274486,1.8732680389972275e-05,0.11694708014200074,1.9925815221470218e-05,2.592073539891048,0.27361404241200465,True,True,False,80,0.45344090461730957,t5_lam1.00_D0.12_n400,t5,1.0,0.12,400
True,5,5,0.11781222404530049,0.06939860067250041,-0.02252373629877112,0.06360209317917301,,0.12813461464311435,11.914818909167519,0.29079782134381593,,False,1.0,1.0,9.121534030090206e-07,7.171592857208374e-07,True,0.0021740754297661148,0.00011251988368523127,0.09740627242214411,9.431018026087149e-05,8.91527517638244,0.011589710641173144,True,True,True,81,0.4543418884277344,t5_lam1.00_D0.12_n400,t5,1.0,0.12,400
True,5,5,0.1430106392553965,0.10226021470118579,0.021107147021596773,0.07724332162212927,,0.17214012010541596,10.787588065029057,0.37430464712618605,,False,1.0,1.0,9.574758903310077e-07,9.356542201910382e-07,True,0.0035826776282834776,9.994755922957751e-07,0.15820573019214304,8.860174731319421e-07,23.772934765209346,6.882921341135708e-06,True,True,True,82,0.44740915298461914,t5_lam1.00_D0.12_n400,t5,1.0,0.12,400
True,5,5,0.24643743591988018,0.3036570491138253,0.2226217051534477,0.10847491860192152,,0.2832126651296103,40.197251896846446,1.564162824155612e-05,,True,1.0,1.0,9.822605545285631e-07,9.3437540509787e-07,True,0.0024295391895658314,4.740770977564317e-05,0.10838092290235242,3.662612180289477e-05,17.139943328549236,0.00018971802553357622,True,True,True,83,0.4438159465789795,t5_lam1.00_D0.12_n400,t5,1.0,0.12,400
True,5,5,0.22378747156515444,0.25040416214762407,0.15546283491985152,0.11123981663802572,,0.26016765778179457,29.438978966903917,0.0010575562904165206,,True,1.0,1.0,9.546382628193386e-07,8.432758072522241e-07,True,0.0023426833331104606,6.357130197589387e-05,0.10436522964638527,5.069740125866855e-05,18.237986517914464,0.00010956492533801628,True,True,True,84,0.4523148536682129,t5_lam1.00_D0.12_n400,t5,1.0,0.12,400
True,5,5,0.17498065067025512,0.15309114054492926,0.06469886591792062,0.08574757035479286,,0.20285022455904658,20.65662328518689,0.02361936072221605,,True,1.0,1.0,7.300714833547453e-07,7.54239988522628e-07,True,0.003920876640489779,3.2525858544362344e-07,0.17254235510633967,3.229228010146003e-07,11.88975493121219,0.0026192232736370388,True,True,True,85,0.4465489387512207,t5_lam1.00_D0.12_n400,t5,1.0,0.12,400
True,5,5,0.14755103608511586,0.1088565412489558,0.01161951228112422,0.08097211602457999,,0.17018036961182686,11.93210817773741,0.28962595549911707,,False,1.0,1.0,9.954364448653889e-07,8.036777017911841e-07,True,0.0019098044702988068,0.00027657173585955583,0.08428749900908805,0.00024598776262778273,3.1853746429634526,0.20337833374243403,True,True,False,86,0.4671361446380615,t5_lam1.00_D0.12_n400,t5,1.0,0.12,400
True,5,5,0.09347142672542748,0.04368453807043479,-0.04346765340378256,0.05526011562550314,,0.09739317040592116,7.771632188060517,0.6511323926684625,,False,1.0,1.0,9.837006500566979e-07,9.982581779592246e-07,True,0.0036903200710614935,6.989404170659167e-07,0.16539923241426827,5.688937231270834e-07,19.091977228525007,7.148745242224911e-05,True,True,True,87,0.4505479335784912,t5_lam1.00_D0.12_n400,t5,1.0,0.12,400
True,5,5,0.18711249220024018,0.17505542368692473,0.09120926140536041,0.08221110096925728,,0.2128071845640165,29.377556881965155,0.0010821557523294815,,True,1.0,1.0,9.463811614131819e-07,8.950634850707416e-07,True,0.003232817357875733,3.204522659170945e-06,0.14612791144002013,2.9208519460186803e-06,16.07773768457212,0.0003226737386520031,True,True,True,88,0.4384748935699463,t5_lam1.00_D0.12_n400,t5,1.0,0.12,400
True,5,5,0.23969164667400455,0.2872604274264792,0.1767020623688506,0.14133121375229202,,0.28606685299445717,31.693972929732805,0.00045025925475001015,,True,0.9966666666666667,1.0,9.4504358628853e-07,9.4252940426391e-07,True,0.0037525172122930364,5.685328948940882e-07,0.16499353567642397,5.171002252725553e-07,30.002998383691004,3.054440578350676e-07,True,True,True,89,0.48362183570861816,t5_lam1.00_D0.12_n400,t5,1.0,0.12,400
True,5,5,0.19173021515203764,0.18380237701123323,0.09122664755502091,0.09666535432489236,,0.2237082949811514,24.8250067478016,0.005687255440728731,,True,1.0,1.0,7.928089988408602e-07,7.076189506449359e-07,True,0.0016126513529085306,0.0007663672468832306,0.07332054379346238,0.0006004736694524436,9.91363474322155,0.007035282930912492,True,True,True,90,0.4654970169067383,t5_lam1.00_D0.12_n400,t5,1.0,0.12,400
True,5,5,0.16509855384176583,0.13628766240321227,0.03859804140067265,0.09707229410139848,,0.19913199463163014,10.970942056572113,0.3597863700385441,,False,1.0,1.0,6.64613037217442e-07,9.619651394512817e-07,True,0.004078670802385908,1.9284915774121735e-07,0.17406403137736712,2.4594151332417833e-07,14.108321130327617,0.0008638075429710983,True,True,True,91,0.4666423797607422,t5_lam1.00_D0.12_n400,t5,1.0,0.12,400
True,5,5,0.1287346335947354,0.08286302943385387,-0.012553455580620251,0.07634463083193938,,0.15034778837187224,11.177029142366917,0.34389323070054467,,False,0.9966666666666667,1.0,9.442762823423674e-07,9.702758390439135e-07,True,0.0012994164329543983,0.0022712849163333106,0.05615419929665446,0.0023986932540112802,0.9730571109744791,0.6147567883520164,True,True,False,92,0.4419741630554199,t5_lam1.00_D0.12_n400,t5,1.0,0.12,400
True,5,5,0.14258524796489733,0.10165276468605627,0.012781045010221342,0.07362792866845563,,0.1636387548995988,15.47220108866025,0.11577107886732416,,False,1.0,1.0,8.680945909771577e-07,9.75935345936477e-07,True,0.0038927395405720234,3.570571580958564e-07,0.1712603895993541,3.935460854343364e-07,12.660388386524044,0.0017816877437498197,True,True,True,93,0.44892311096191406,t5_lam1.00_D0.12_n400,t5,1.0,0.12,400
True,5,5,0.20340977236300517,0.20687767746384794,0.12400795709797746,0.10440317114363777,,0.24320192919416792,22.50475137529762,0.012729865056738426,,True,0.9966666666666667,1.0,9.825287392851082e-07,8.894228644609242e-07,True,0.003865845434655562,3.9036043210072216e-07,0.16909351906191758,4.6510450230684073e-07,20.699186608800808,3.2005803750693974e-05,True,True,True,94,0.45093774795532227,t5_lam1.00_D0.12_n400,t5,1.0,0.12,400
True,5,5,0.18522117799561572,0.1715344238904178,0.07034596094256367,0.09747338490081038,,0.2147907873387024,21.016729956617784,0.02097720804028612,,True,1.0,0.9966666666666667,9.471303984166913e-07,9.844908548451292e-07,True,0.0024270729723195094,4.780396286179387e-05,0.11493418655532081,2.4994116405898194e-05,33.002068083411544,6.818549065630985e-08,True,True,True,95,0.46578478813171387,t5_lam1.00_D0.12_n400,t5,1.0,0.12,400
True,5,5,0.1871754749564027,0.17517329212577465,0.08856684184261546,0.08081847569767214,,0.21047631919939158,26.74274095328475,0.002859766674592951,,True,1.0,1.0,8.751618516322955e-07,8.069802500077783e-07,True,0.002810223357916886,1.3172047447712865e-05,0.13134850170902307,8.254203843617959e-06,26.359215856877185,1.88872619230684e-06,True,True,True,96,0.45212388038635254,t5_lam1.00_D0.12_n400,t5,1.0,0.12,400
True,5,5,0.1065561600303177,0.05677107620203338,-0.039284967952621805,0.06693856589190642,,0.11901191111616564,6.810985535132334,0.7431604629463904,,False,1.0,1.0,8.88512933867842e-07,8.743815081572715e-07,True,0.002401931816329561,5.203848461991449e-05,0.10461087237537718,4.405451336724743e-05,2.86246109763126,0.23901462204543503,True,True,False,97,0.462177038192749,t5_lam1.00_D0.12_n400,t5,1.0,0.12,400
True,5,5,0.24498620492682252,0.3000912030222354,0.18419216095041285,0.14023329648796767,,0.2880470125857957,27.40952431426453,0.002242580095952722,,True,0.9966666666666667,1.0,8.569283704117154e-07,8.968948393250943e-07,True,0.004833441163759191,1.59498825294297e-08,0.2165961459118973,1.1063811379553462e-08,34.28984931008537,3.58140824972557e-08,True,True,True,98,0.4795060157775879,t5_lam1.00_D0.12_n400,t5,1.0,0.12,400
True,5,5,0.12445367039424125,0.07744358037299222,-0.008892735058443457,0.0657537203746587,,0.14089890729552645,11.285020070509518,0.335747777805052,,False,1.0,1.0,9.915869491832869e-07,8.45387245850234e-07,True,0.0035011448939127983,1.3107830403829227e-06,0.16254923482723155,8.423542057124915e-07,12.339868251794933,0.002091373763347282,True,True,True,99,0.44705700874328613,t5_lam1.00_D0.12_n400,t5,1.0,0.12,400
True,5,5,0.17372136551185838,0.1508955641765235,0.06507728576176468,0.08665661586945617,,0.2037718011276242,17.711091079859198,0.060037120341083855,,False,1.0,1.0,6.142759140716788e-07,7.433643385917773e-07,True,0.004203014838943116,1.2779632464631383e-07,0.1840261894371777,1.5518100620296097e-07,12.793060728203528,0.0016673322847361506,True,True,True,100,0.45147180557250977,t5_lam1.00_D0.12_n400,t5,1.0,0.12,400
True,5,5,0.13426139473746931,0.09013061058425276,0.005447229225193889,0.07088962326348294,,0.15623718069867829,10.511231983498334,0.3968414668036486,,False,0.9966666666666667,1.0,8.91047238297994e-07,8.714572530888832e-07,True,0.0017941618877691202,0.00041075216120323665,0.07916108109461674,0.00042430338156267415,1.173343982037704,0.5561751640906081,True,True,False,101,0.4640510082244873,t5_lam1.00_D0.12_n400,t5,1.0,0.12,400
True,5,5,0.1517352310643511,0.11511790173076009,0.025778531257635906,0.08607983134924241,,0.1829575109471094,11.229526728461014,0.3399176818706851,,False,0.9966666666666667,1.0,9.162669271307887e-07,8.845518025753919e-07,True,0.0039960018130452595,2.535801802170957e-07,0.1833089811790574,2.0842001700657522e-07,14.888391702097636,0.0005848261987378658,True,True,True,102,0.4577827453613281,t5_lam1.00_D0.12_n400,t5,1.0,0.12,400
True,5,5,0.21744574367018007,0.2364132572013883,0.1659569558403096,0.0923979341730687,,0.2521658315425407,35.704415037400544,9.460912600213542e-05,,True,0.9933333333333333,1.0,8.148687928005235e-07,9.903428744381e-07,True,0.0022771053633653562,7.936015702963754e-05,0.0977059047848782,8.05423773285419e-05,12.19202051669361,0.0022518340570401784,True,True,True,103,0.4465620517730713,t5_lam1.00_D0.12_n400,t5,1.0,0.12,400
True,5,5,0.13890057005609108,0.09646684180953534,0.016190702837883153,0.06524812324443262,,0.1571714446127316,14.184723919091422,0.16473130511035267,,False,1.0,1.0,9.962668491735814e-07,7.391884379835859e-07,True,0.003328312988924491,2.3306054171812835e-06,0.14827013156109803,2.158208571187428e-06,7.8686132081125315,0.01955925693595802,True,True,True,104,0.44762492179870605,t5_lam1.00_D0.12_n400,t5,1.0,0.12,400
True,5,5,0.15424917702037694,0.1189640430573179,0.046016847805387284,0.06968589883521878,,0.1792428248225687,16.467730698112735,0.08700314405702927,,False,1.0,1.0,9.129397604867761e-07,9.748677792055767e-07,True,0.0014336975315956723,0.0014230642508152051,0.06476494814543556,0.0012677025532041788,4.3562334858847604,0.1132546174865072,True,True,False,105,0.44283318519592285,t5_lam1.00_D0.12_n400,t5,1.0,0.12,400
True,5,5,0.2625601773189201,0.3446892335687139,0.23543732209854656,0.1511704942566628,,0.31115612089903194,28.579289196107066,0.0014570910574452781,,True,1.0,1.0,9.879157165933846e-07,9.055720222189572e-07,True,0.004436725625864319,5.902840576992178e-08,0.19944175193902056,5.491661248881383e-08,14.958662963012827,0.0005646347582063386,True,True,True,106,0.45951175689697266,t5_lam1.00_D0.12_n400,t5,1.0,0.12,400
True,5,5,0.23458244314464521,0.2751446131585535,0.19037123283585855,0.1203413261429624,,0.2786808567570655,29.515892441390587,0.0010275183677903974,,True,1.0,1.0,8.31673913863801e-07,7.690905043939975e-07,True,0.0036963663511514217,6.850458324863002e-07,0.17150974724387427,3.9006418368237744e-07,23.331674303426716,8.582055093884186e-06,True,True,True,107,0.45067596435546875,t5_lam1.00_D0.12_n400,t5,1.0,0.12,400
True,5,5,0.19733727668980006,0.19471000385673348,0.08858877139345482,0.10908517873531648,,0.23152447960545758,19.26207591341283,0.037057450067439664,,True,1.0,1.0,8.703142333694613e-07,8.25547133787973e-07,True,0.0031329566552493705,4.472374551722269e-06,0.13853466936817116,3.4330394370424277e-06,17.07033197429671,0.00019643755033871342,True,True,True,108,0.4698069095611572,t5_lam1.00_D0.12_n400,t5,1.0,0.12,400
True,5,5,0.1707019124427312,0.14569571455802932,0.06686671927398362,0.07973395460395856,,0.19900623291519734,18.13582261907687,0.05271527340737601,,False,1.0,1.0,9.104670649619307e-07,9.632820983175889e-07,True,0.0012632511979225145,0.002577415875704546,0.06120162580592864,0.0016799984639015622,10.45775635377609,0.0053595343810061554,True,True,True,109,0.4507100582122803,t5_lam1.00_D0.12_n400,t5,1.0,0.12,400
True,5,5,0.17100061759348043,0.14620605608675863,0.04413917202390087,0.09703866773877401,,0.201868064145155,13.081222889226233,0.21916595478381506,,False,1.0,1.0,8.949141042543116e-07,9.810193481928072e-07,True,0.0016777265477916018,0.0006125489704996972,0.0765789135464807,0.0005183387367926966,7.0532313750272895,0.029404260872170587,True,True,True,110,0.4793238639831543,t5_lam1.00_D0.12_n400,t5,1.0,0.12,400
True,5,5,0.16078159810443257,0.12925361144507638,0.0376388627586724,0.09187600831390622,,0.19429948443761996,13.405122759884755,0.2018944418823224,,False,0.9966666666666667,1.0,9.767799706909835e-07,9.877484908235617e-07,True,0.00427498813135487,1.007290988112332e-07,0.19063984181551955,7.266862802495126e-08,18.18293111342467,0.00011262289227927493,True,True,True,111,0.44005608558654785,t5_lam1.00_D0.12_n400,t5,1.0,0.12,400
True,5,5,0.1869844717047437,0.17481596329351046,0.0875813701975523,0.09359596475608337,,0.21978763945891872,18.61601130868929,0.04541985561496754,,True,1.0,1.0,8.046610245917279e-07,9.634528879515723e-07,True,0.004210232393218751,1.247816254939761e-07,0.1837170301665817,1.3602713948077787e-07,18.61301530363419,9.083120610624832e-05,True,True,True,112,0.4512057304382324,t5_lam1.00_D0.12_n400,t5,1.0,0.12,400
True,5,5,0.1909433528948477,0.18229682007363174,0.08457595033551951,0.09471309901185418,,0.21925562011724203,20.79601705094791,0.022561721452804953,,True,1.0,1.0,9.822102793247918e-07,9.72530122153801e-07,True,0.0032527700842538356,2.9981700526283495e-06,0.14347430903233618,2.846843547762641e-06,8.784552837393278,0.012372532075025196,True,True,True,113,0.46995091438293457,t5_lam1.00_D0.12_n400,t5,1.0,0.12,400
True,5,5,0.16957114222457115,0.1437718613767287,0.030849792118544772,0.10153808588861685,,0.19892967650209772,11.973079489449582,0.2868622325663752,,False,1.0,1.0,8.971215546540997e-07,8.40923065632481e-07,True,0.004524125396832049,4.42326437873585e-08,0.20492841973924047,3.1324306227111504e-08,22.40049617245506,1.3670804106731044e-05,True,True,True,114,0.48801708221435547,t5_lam1.00_D0.12_n400,t5,1.0,0.12,400
True,5,5,0.18599412392447381,0.1729690706721626,0.05271413590853377,0.1266699242899311,,0.2285027878615468,17.412477612919634,0.0657207837977139,,False,1.0,1.0,9.456769568065034e-07,9.169708180129476e-07,True,0.002507502933245234,3.6446380795545456e-05,0.11140503950123352,2.9589479163427476e-05,3.4204168217403117,0.1808281021475895,True,True,False,115,0.4761221408843994,t5_lam1.00_D0.12_n400,t5,1.0,0.12,400
True,5,5,0.12027922327003242,0.07233545775221153,-0.006340233200290618,0.05820962288015561,,0.13372066116917813,10.949013524563611,0.36150411216362094,,False,1.0,1.0,7.928709636022473e-07,9.063715704276636e-07,True,0.004896313525821747,1.29661090580301e-08,0.2110767217088193,1.6531861191389497e-08,7.270720685708321,0.02637442883793427,True,True,True,116,0.4404580593109131,t5_lam1.00_D0.12_n400,t5,1.0,0.12,400
True,5,5,0.20693671178876716,0.21411401342973643,0.13463947675499385,0.09122602536500347,,0.2386180778771746,30.6117055114914,0.0006798983067461535,,True,1.0,1.0,8.206470030794838e-07,9.084417258671574e-07,True,0.001956848263680576,0.0002355533365875257,0.08910423917147468,0.0001713075617297381,25.152824896523107,3.452498285493796e-06,True,True,True,117,0.4418959617614746,t5_lam1.00_D0.12_n400,t5,1.0,0.12,400
True,5,5,0.1450400238653511,0.10518304261430805,0.0009838437925751703,0.07617909267720027,,0.1589259580311161,17.726672004537743,0.05975308573166057,,False,1.0,0.9966666666666667,9.80828273955185e-07,9.067196851043928e-07,True,0.00614762761928166,2.128694303269881e-10,0.2704732120122941,2.0324162964502013e-10,45.506535193661776,1.3133529001335125e-10,True,True,True,118,0.48493099212646484,t5_lam1.00_D0.12_n400,t5,1.0,0.12,400
True,5,5,0.14032042723960134,0.09844911150352129,0.010145146915183173,0.07092320811994661,,0.15925039593439724,14.423606831471977,0.15453145332533666,,False,1.0,1.0,8.496504050445606e-07,7.006053642460143e-07,True,0.0024296652640623338,4.738754204105885e-05,0.10690107358817189,4.8196277146424866e-05,4.989348083559054,0.08252334617128511,True,True,False,119,0.45521092414855957,t5_lam1.00_D0.12_n400,t5,1.0,0.12,400
True,5,5,0.19629953455971694,0.1926675363418075,0.08334668912737674,0.11020093771796127,,0.2300482998095046,19.06761510610285,0.03941222516182363,,True,1.0,1.0,8.586856000981811e-07,9.439550263129603e-07,True,0.0020720584693770115,0.0001591133212300659,0.0937381624047623,0.00012762115768797186,11.596958925356915,0.0030321617570381273,True,True,True,120,0.4771451950073242,t5_lam1.00_D0.12_n400,t5,1.0,0.12,400
True,5,5,0.22549991962971674,0.25425106876504355,0.15395394412393587,0.11487583950925741,,0.26188084519102695,26.291808411483373,0.003366921307879067,,True,1.0,1.0,8.219532621402857e-07,8.824238417782901e-07,True,0.0033453574242299213,2.2019142814996487e-06,0.1522268567908436,1.3631418426643265e-06,33.629515421922385,4.982456452574102e-08,True,True,True,121,0.46114397048950195,t5_lam1.00_D0.12_n400,t5,1.0,0.12,400
True,5,5,0.2328491223845126,0.27109356897618864,0.1150238727942777,0.19276382282939045,,0.29397011614115864,18.91962922737587,0.04129546824244597,,True,1.0,0.9966666666666667,9.483796828502429e-07,9.186374001964815e-07,True,0.002730271273544124,1.7226188720304606e-05,0.12650689885619737,1.0279338873710494e-05,33.73162882108018,4.734453644599465e-08,True,True,True,122,0.4737892150878906,t5_lam1.00_D0.12_n400,t5,1.0,0.12,400
True,5,5,0.1342181441388353,0.09007255108036583,0.0013250614888007939,0.07353059189349737,,0.15637910490644744,9.506938800913039,0.48476105583106777,,False,0.9966666666666667,1.0,8.893179509962743e-07,8.185027202505405e-07,True,0.004265922757546036,1.0379375545991151e-07,0.1917746711333656,8.767216228000527e-08,26.197117010074727,2.0481809400878086e-06,True,True,True,123,0.4522671699523926,t5_lam1.00_D0.12_n400,t5,1.0,0.12,400
True,5,5,0.12777124115498778,0.0816274503314302,-0.010424379029553843,0.07351008390705394,,0.14865325364920262,8.691305614472567,0.5616288375785938,,False,1.0,0.9966666666666667,8.751889418548023e-07,8.957447598107494e-07,True,0.003105878754919169,4.895803701653565e-06,0.13312603633186315,5.455931467555991e-06,3.790623175345716,0.15027150500240646,True,True,False,124,0.4584970474243164,t5_lam1.00_D0.12_n400,t5,1.0,0.12,400
True,5,5,0.16572758780343927,0.13732816679573337,0.025772681281646198,0.11024330222733568,,0.20352237066100945,12.968628304510357,0.2254311377397411,,False,1.0,1.0,9.171908514448537e-07,9.926214633660564e-07,True,0.004778834429867278,1.909436580133915e-08,0.21469579727289156,1.740103876596325e-08,33.190407793667944,6.205753509353421e-08,True,True,True,125,0.45328593254089355,t5_lam1.00_D0.12_n400,t5,1.0,0.12,400
True,5,5,0.2041297326700764,0.20834473879978427,0.11032939026455843,0.1070559659458424,,0.2393410888825279,24.08898501886969,0.007367668441477616,,True,1.0,0.9966666666666667,9.370119374869182e-07,9.457859742282491e-07,True,0.0022305956927316036,9.289847625787567e-05,0.09995565161058026,7.861391189425398e-05,24.325160858095717,5.222259323854143e-06,True,True,True,126,0.4544968605041504,t5_lam1.00_D0.12_n400,t5,1.0,0.12,400
True,5,5,0.14291831171689295,0.10212821912003492,0.01639373904756798,0.07097061239264568,,0.16317475800415843,14.16821588974853,0.16545611685649947,,False,0.9933333333333333,1.0,8.018079346394725e-07,9.767041888936008e-07,True,0.001194742944904368,0.003277163484085497,0.05360948201023333,0.002873569648249636,5.6863752976138295,0.05823972197960636,True,True,False,127,0.45023322105407715,t5_lam1.00_D0.12_n400,t5,1.0,0.12,400
True,5,5,0.10395576824041768,0.05403400875227716,-0.035303806666883535,0.06308797399265374,,0.11701852517610459,5.792851766905406,0.8323562391333864,,False,1.0,1.0,9.876077223032689e-07,9.089832403823285e-07,True,0.0022475609482249677,8.770988198134958e-05,0.10072248627194218,7.946711603408217e-05,11.101096503900724,0.0038853265216000294,True,True,True,128,0.4528777599334717,t5_lam1.00_D0.12_n400,t5,1.0,0.12,400
True,5,5,0.14292654034518,0.10213997967521182,-0.003750227261266989,0.07891325181734621,,0.1587769008420493,15.534638495606035,0.1137514489787866,,False,1.0,1.0,8.489659158185193e-07,9.160142334835099e-07,True,0.003436490526857358,1.6254673718587398e-06,0.15612839410136603,1.1398713457247644e-06,20.97646433862538,2.786240777359465e-05,True,True,True,129,0.4606289863586426,t5_lam1.00_D0.12_n400,t5,1.0,0.12,400
True,5,5,0.14958420669168862,0.11187717445790912,0.022798761391159078,0.08229433537184926,,0.17785437717700744,11.089388966778102,0.3505963370989068,,False,1.0,1.0,8.974516724524768e-07,8.297120295819767e-07,True,0.001540911946180178,0.0009816629933529185,0.06724972080475002,0.0009880237217650425,3.203308137033755,0.20156284335700606,True,True,False,130,0.4600410461425781,t5_lam1.00_D0.12_n400,t5,1.0,0.12,400
True,5,5,0.11189136504834821,0.06259838786191359,-0.07340303344224446,0.10169228966595723,,0.13701525320036814,6.903323580787047,0.7345391985273472,,False,1.0,1.0,7.6734482851386e-07,9.788970399232539e-07,True,0.004488681542656403,4.9722824166487255e-08,0.19516740943791172,5.4719283725101095e-08,37.62704603948723,6.75135224357991e-09,True,True,True,131,0.46820592880249023,t5_lam1.00_D0.12_n400,t5,1.0,0.12,400
True,5,5,0.1770491103108091,0.15673193730924523,0.04765424286665802,0.12592965357721386,,0.22573882709621784,12.507365038262408,0.2525336490039891,,False,1.0,1.0,9.997970266561686e-07,9.999029492559644e-07,True,0.0030346050270132715,6.212878563356458e-06,0.13260283765252973,6.602709791388114e-06,13.634802570547151,0.0010945616830821366,True,True,True,132,0.4590480327606201,t5_lam1.00_D0.12_n400,t5,1.0,0.12,400
True,5,5,0.14954931488886425,0.11182498791864337,-0.013864783170115025,0.09931413375030997,,0.1729117867217998,13.85600867042982,0.17966139904575482,,False,1.0,1.0,9.657442973420793e-07,8.232420293327865e-07,True,0.0031422233837269903,4.336072050404008e-06,0.14203217174926974,3.1892806870700323e-06,17.239061528258564,0.00018054495299597793,True,True,True,133,0.4704620838165283,t5_lam1.00_D0.12_n400,t5,1.0,0.12,400
True,5,5,0.1656477588645535,0.13719590008424631,0.04266314451663944,0.08389682830460632,,0.19008479520634788,16.33486080166753,0.09043949967168514,,False,1.0,0.9966666666666667,9.972300483182187e-07,7.141074497723345e-07,True,0.0013964292627118128,0.0016197637486094854,0.061808543027846004,0.0015129988923388666,2.3948710689527846,0.3019676053310899,True,True,False,134,0.47030115127563477,t5_lam1.00_D0.12_n400,t5,1.0,0.12,400
True,5,5,0.18481329081248654,0.1707797623047036,0.05555502597504555,0.11657514872916835,,0.22239787866552388,26.54740074209614,0.003069696895317898,,True,1.0,1.0,7.916677511765868e-07,9.973252226113532e-07,True,0.004229901698959462,1.1692278140021794e-07,0.18690445496268415,1.3817708975103972e-07,12.94461853693834,0.001545652282406806,True,True,True,135,0.4667088985443115,t5_lam1.00_D0.12_n400,t5,1.0,0.12,400
True,5,5,0.20609315085386828,0.21237193414437652,0.12090053990847344,0.11823627441402938,,0.251150116351006,16.630081818366328,0.0829606743752613,,False,1.0,0.9966666666666667,8.011332225907717e-07,9.69543534644831e-07,True,0.0031460036247339183,4.281673583023142e-06,0.13535284247531018,4.61837464977757e-06,11.043177039535411,0.00399948962494127,True,True,True,136,0.46240687370300293,t5_lam1.00_D0.12_n400,t5,1.0,0.12,400
True,5,5,0.17213156537597052,0.1481463789939101,0.047447114295777706,0.09813515873942977,,0.2043844837945323,12.239775328219128,0.26932974229951845,,False,1.0,0.9966666666666667,8.015573276685894e-07,9.93322180168978e-07,True,0.003348347616195639,2.1800837347486117e-06,0.14938920680947512,1.5130529868066029e-06,17.573727215024135,0.00015272622667935476,True,True,True,137,0.46853184700012207,t5_lam1.00_D0.12_n400,t5,1.0,0.12,400
True,5,5,0.24152212717836916,0.29166468958382163,0.20870848546391446,0.12389242392270905,,0.2872258304209396,26.650533707652592,0.002957074314275482,,True,0.9933333333333333,1.0,7.995399740662245e-07,9.580882942793272e-07,True,0.0032182701790102273,3.3638999229381153e-06,0.14319895822990433,3.1138980307395303e-06,21.801824014074977,1.8441407630524846e-05,True,True,True,138,0.4625511169433594,t5_lam1.00_D0.12_n400,t5,1.0,0.12,400
True,5,5,0.22476948222549645,0.25260660069958885,0.16067575578919513,0.12401351752009801,,0.270059193464373,22.46457061515761,0.012905141279533584,,True,0.9966666666666667,1.0,9.290257921278695e-07,7.5407856501374e-07,True,0.004114184886678164,1.714599467955463e-07,0.18417657156762812,1.2591031408651194e-07,40.97579102220964,1.265377283883486e-09,True,True,True,139,0.4525740146636963,t5_lam1.00_D0.12_n400,t5,1.0,0.12,400
True,5,5,0.10979577655061758,0.060275562741765716,-0.03074733968906424,0.06672499247523055,,0.12570243131469527,6.636317536168688,0.7592745854418017,,False,1.0,1.0,7.797789645018823e-07,9.684304794093319e-07,True,0.004114308177857701,1.713899943303683e-07,0.17953406331501792,1.7618685208080978e-07,16.075330843954802,0.00032306228452727494,True,True,True,140,0.45728611946105957,t5_lam1.00_D0.12_n400,t5,1.0,0.12,400
True,5,5,0.1621364591860073,0.13144115698687905,0.024839162632993544,0.08895377349334457,,0.18501626933572143,16.971069713753025,0.07500658945671,,False,0.9966666666666667,1.0,8.941218932779675e-07,9.532784170627323e-07,True,0.0026528283180956413,2.2346093716424577e-05,0.12398380514678733,1.3510316416409422e-05,27.243359740865085,1.213890738718943e-06,True,True,True,141,0.46123218536376953,t5_lam1.00_D0.12_n400,t5,1.0,0.12,400
True,5,5,0.1981523822262009,0.19632183290959213,0.08826762635648862,0.1144714595689378,,0.23518351209678146,23.454190826704966,0.009188711400057486,,True,1.0,1.0,8.850899765764305e-07,9.447621683677834e-07,True,0.0036446319642185255,8.13488056622502e-07,0.16049688435789844,7.216052467826344e-07,13.622916505342058,0.001101086066960014,True,True,True,142,0.45607590675354004,t5_lam1.00_D0.12_n400,t5,1.0,0.12,400
True,5,5,0.16173189340903776,0.13078602672836176,0.02256724396704486,0.08765037060022816,,0.1826139501530323,23.194009171607277,0.010052672607731485,,True,1.0,1.0,8.397555091566934e-07,8.257717578300793e-07,True,0.0014487998461926348,0.0013504095893836737,0.06540005900259693,0.001025034486701707,11.661099980608922,0.002936461510657689,True,True,True,143,0.4862401485443115,t5_lam1.00_D0.12_n400,t5,1.0,0.12,400
True,5,5,0.18820374502174367,0.17710324820104753,0.06673651785459488,0.10589322266766622,,0.21950643235635964,26.35804356808977,0.0032873383466752765,,True,0.9933333333333333,1.0,9.362805644558108e-07,9.73252680665215e-07,True,0.00238661526276349,5.480113016000305e-05,0.1048645872823679,5.9199263973844885e-05,15.87397031913489,0.00035728200445538636,True,True,True,144,0.45029711723327637,t5_lam1.00_D0.12_n400,t5,1.0,0.12,400
True,5,5,0.15046529610545697,0.11319902666051423,0.00814518695410571,0.09773274755309565,,0.18379404301486363,10.055085950665998,0.43567377554219044,,False,1.0,1.0,7.615271518002069e-07,7.878624509289976e-07,True,0.002293892481753297,7.497703684808465e-05,0.10054930284111058,7.929697790647812e-05,1.089340057992025,0.5800331458855583,True,True,False,145,0.4764716625213623,t5_lam1.00_D0.12_n400,t5,1.0,0.12,400
True,5,5,0.22825942436554322,0.26051182405844575,0.13137614934147873,0.1928565474605557,,0.29953194851745363,19.51606755300371,0.03417679600550292,,True,1.0,1.0,8.990996761178207e-07,9.963477681715696e-07,True,0.003227114489425919,3.2660793202648718e-06,0.1426101989086562,3.342080972148891e-06,24.613035873798793,4.522172957187092e-06,True,True,True,146,0.46776294708251953,t5_lam1.00_D0.12_n400,t5,1.0,0.12,400
True,5,5,0.13945294388765322,0.0972356177946648,0.014836999949894153,0.06762548401053609,,0.1587898123929701,14.622899964543361,0.14642697647215747,,False,1.0,1.0,8.882064147018808e-07,9.229632350808512e-07,True,0.004795934536486269,1.8048068032004626e-08,0.2150322864123494,1.2209044227961371e-08,25.469423669289704,2.947032474833639e-06,True,True,True,147,0.45366501808166504,t5_lam1.00_D0.12_n400,t5,1.0,0.12,400
True,5,5,0.17505386722931934,0.15321928215970082,0.047314621799725315,0.09068982090153976,,0.19823526559984347,18.155589612109544,0.05239509994749207,,False,1.0,1.0,8.485612033202087e-07,8.195154812978457e-07,True,0.0011941286026008148,0.0032842434014726356,0.05311859953386559,0.0031805401593729674,9.942281485884445,0.006935232203451414,True,True,True,148,0.5177810192108154,t5_lam1.00_D0.12_n400,t5,1.0,0.12,400
True,5,5,0.19596623401148874,0.19201382436322784,0.08766204573646762,0.10051689761920615,,0.22494338370146771,22.47144532320458,0.012874991408551095,,True,1.0,1.0,8.220686070137317e-07,9.319790926289245e-07,True,0.002685773226968036,2.0003621543247508e-05,0.1259257154564186,1.1862361025055277e-05,27.362781980726844,1.143529540554456e-06,True,True,True,149,0.5226738452911377,t5_lam1.00_D0.12_n400,t5,1.0,0.12,400
True,5,5,0.11647010348638795,0.06782642503064959,-0.03350309952616909,0.07689829022279847,,0.13636959489062647,9.717225180037556,0.4656425614683025,,False,1.0,1.0,9.972267016632619e-07,9.361825174432244e-07,True,0.0030825882164542844,5.292065255240453e-06,0.13679351137852408,4.689548319041194e-06,23.07393279481079,9.762457488242448e-06,True,True,True,150,0.5508420467376709,t5_lam1.00_D0.12_n400,t5,1.0,0.12,400
True,5,5,0.1309241391549983,0.08570565106738678,-0.03297560936777438,0.08791912513341331,,0.14942455118642373,7.558141913564555,0.6719090213977842,,False,1.0,1.0,9.583353260850174e-07,8.605207047978048e-07,True,0.001883027835207177,0.0003030613241503851,0.08350697500181099,0.00028592441687372283,3.1764700128250256,0.20428585695297954,True,True,False,151,0.5650320053100586,t5_lam1.00_D0.12_n400,t5,1.0,0.12,400
True,5,5,0.18758748975379633,0.17594533156065323,0.08512322547056397,0.09065359007018356,,0.21644172975361167,24.210447748569706,0.007060968502807336,,True,1.0,1.0,9.565332259825464e-07,7.795363778655137e-07,True,0.002662562784056865,2.1626620337623567e-05,0.12094377879726849,1.7331534339907106e-05,9.963058627099553,0.006863557994917345,True,True,True,152,0.49033212661743164,t5_lam1.00_D0.12_n400,t5,1.0,0.12,400
True,5,5,0.14770541265400405,0.10908444463644809,0.017993066797907686,0.0792639059170597,,0.17226177169176193,15.948409507474583,0.10111879193557172,,False,1.0,1.0,9.909520141073806e-07,8.083096861386086e-07,True,0.0025262146129274065,3.421925273419831e-05,0.1132278013329197,2.8805742135979233e-05,8.171180534260808,0.016813212099937875,True,True,True,153,0.45990705490112305,t5_lam1.00_D0.12_n400,t5,1.0,0.12,400
True,5,5,0.17363185336453937,0.15074010251402453,0.05840349805717869,0.08800215701264062,,0.20157091317894732,16.100340687400642,0.09679583471475584,,False,1.0,1.0,7.536509942435257e-07,8.965836852984999e-07,True,0.0034366420666377207,1.6246475485344795e-06,0.15422995518357704,1.1637704152528615e-06,28.107644145210173,7.879571926557309e-07,True,True,True,154,0.4568359851837158,t5_lam1.00_D0.12_n400,t5,1.0,0.12,400
True,5,5,0.2310430344457244,0.26690441882944094,0.1789262828547858,0.10453650291279094,,0.26490508821829495,33.1782911625499,0.00025421500678097386,,True,1.0,1.0,9.637713682789702e-07,9.542160669340333e-07,True,0.00364984872093427,7.995101098121456e-07,0.16427083739664725,6.320727543184264e-07,31.509291220108455,1.438282999791994e-07,True,True,True,155,0.4570949077606201,t5_lam1.00_D0.12_n400,t5,1.0,0.12,400
True,5,5,0.1537341918858564,0.11817100877398659,0.028044944615128936,0.08030452444520449,,0.17896040506739846,15.997687061229097,0.09969863015131465,,False,1.0,1.0,8.762268305142395e-07,9.968549165881196e-07,True,0.0019818568332762273,0.00021630280130090476,0.0892284930971104,0.00017243057395852616,9.672162803609563,0.007938099406739658,True,True,True,156,0.4533858299255371,t5_lam1.00_D0.12_n400,t5,1.0,0.12,400
True,5,5,0.2583470433043584,0.33371597392052016,0.21923954995149086,0.1489329921744049,,0.30470068011157964,28.741648208280328,0.0013718269450045714,,True,1.0,1.0,9.845373005495006e-07,6.485651477483957e-07,True,0.0038012974458717166,4.835608776687811e-07,0.16845451190990904,3.6910166320089323e-07,17.428684445925988,0.00016421365182428538,True,True,True,157,0.5032739639282227,t5_lam1.00_D0.12_n400,t5,1.0,0.12,400
True,5,5,0.20563281594503455,0.21142427496742228,0.12445211022838794,0.10749098064929398,,0.2454624368875815,21.207240596250877,0.019693925177032966,,True,1.0,1.0,7.82033904547124e-07,8.924463935041527e-07,True,0.002473675990273635,4.0849022938940266e-05,0.11263827915177675,3.07576153501627e-05,22.20027138792677,1.5110273307864161e-05,True,True,True,158,0.46465015411376953,t5_lam1.00_D0.12_n400,t5,1.0,0.12,400
True,5,5,0.21011029216911764,0.22073167437695987,0.12134228104830928,0.11421866686746533,,0.24868263691332435,23.478234329481577,0.009112540995269869,,True,1.0,1.0,8.639153281005644e-07,9.316258948212839e-07,True,0.002296034432111471,7.443557890837118e-05,0.10602528532309292,5.167643504266762e-05,21.404058854748023,2.2499230994189328e-05,True,True,True,159,0.4641118049621582,t5_lam1.00_D0.12_n400,t5,1.0,0.12,400
True,5,5,0.12290485561915107,0.07552801767382186,-0.03230393709048082,0.07992125163615907,,0.14082245810505986,7.12922527101073,0.7131915815391792,,False,1.0,1.0,7.464258093103435e-07,8.635798932968688e-07,True,0.003340832927233741,2.235364037927912e-06,0.1489762171566958,2.162399140373122e-06,2.4311641607120613,0.29653735547881444,True,True,False,160,0.47656798362731934,t5_lam1.00_D0.12_n400,t5,1.0,0.12,400
True,5,5,0.18722484068160328,0.17526570484125864,0.08607404961682671,0.0903146401206441,,0.21662336576929325,23.936055327262125,0.007771939982923452,,True,1.0,1.0,9.918295517324797e-07,9.044416584399161e-07,True,0.004002115917458193,2.4849589329340894e-07,0.18293714617193177,2.041328927021905e-07,22.20689729287612,1.5060296521585387e-05,True,True,True,161,0.4473907947540283,t5_lam1.00_D0.12_n400,t5,1.0,0.12,400
True,5,5,0.19620644691188874,0.19248484904893906,0.10330695064752471,0.09430684745169392,,0.2273446329803291,27.06074764884157,0.0025473221165308937,,True,0.9933333333333333,1.0,6.210372372085272e-07,9.822620210708038e-07,True,0.003689436737416189,7.00993873987145e-07,0.16634274261018647,4.7121801456030986e-07,16.84016829665544,0.00022039610608605632,True,True,True,162,0.446242094039917,t5_lam1.00_D0.12_n400,t5,1.0,0.12,400
True,5,5,0.24204349593191649,0.2929252696147184,0.21314279108348122,0.11812318115766272,,0.28546037694843346,33.96940511370151,0.00018691501289064822,,True,1.0,1.0,7.600008788443793e-07,8.448262843632405e-07,True,0.003405258809463882,1.8036005506496752e-06,0.15192668674857382,1.3778032135184099e-06,18.320062058301133,0.00010515963498522866,True,True,True,163,0.45832085609436035,t5_lam1.00_D0.12_n400,t5,1.0,0.12,400
True,5,5,0.2440060671013792,0.29769480391141384,0.1953972982594796,0.13356775329573556,,0.2881307695168045,30.007602556195295,0.0008541918034585906,,True,0.9966666666666667,1.0,6.493923054227463e-07,9.832138686626018e-07,True,0.0021365958853090715,0.00012778253228784732,0.09765857416678073,9.346690818667044e-05,31.726384467061497,1.2903369907885706e-07,True,True,True,164,0.4737071990966797,t5_lam1.00_D0.12_n400,t5,1.0,0.12,400
True,5,5,0.16441060041042876,0.1351542276365884,0.04604077133135126,0.0884379664977834,,0.19570808940125242,14.226588328905214,0.16290484246591488,,False,1.0,1.0,9.097903269289814e-07,8.770373976274263e-07,True,0.002277340764382003,7.92969457515183e-05,0.10271150969046637,6.104723599898109e-05,10.538065563816634,0.005148587972960785,True,True,True,165,0.4909031391143799,t5_lam1.00_D0.12_n400,t5,1.0,0.12,400
True,5,5,0.15227814064702078,0.11594316059456919,0.025417705905515092,0.08598343988366713,,0.18267341287441302,11.652813720998072,0.3089640826826111,,False,1.0,1.0,8.908657362455972e-07,9.681250711470804e-07,True,0.0025866832913784502,2.7914918745004338e-05,0.11402150877546642,2.5565632409660125e-05,2.2412318260357904,0.32607889652428296,True,True,False,166,0.4797968864440918,t5_lam1.00_D0.12_n400,t5,1.0,0.12,400
True,5,5,0.17852837596116058,0.1593619051166475,0.05370609582369182,0.10785276923067884,,0.21499214612144976,18.93401386936233,0.04110885529261769,,True,1.0,1.0,7.593315845017585e-07,9.189824132570142e-07,True,0.0028707701676149644,1.0752044786939853e-05,0.12701995986320616,1.0508776246881403e-05,18.783670750183642,8.340224128066197e-05,True,True,True,167,0.45247936248779297,t5_lam1.00_D0.12_n400,t5,1.0,0.12,400
True,5,5,0.13754447438360953,0.09459241216731709,0.00409326095073978,0.07799525594633805,,0.16271695706292094,10.12892355960142,0.42925617934389165,,False,1.0,0.9966666666666667,9.741733838700776e-07,9.729676994350879e-07,True,0.0020699098812648063,0.00016028010298459105,0.09305744522728406,0.0001325799889524346,4.509689608034659,0.10488982095200976,True,True,False,168,0.46707797050476074,t5_lam1.00_D0.12_n400,t5,1.0,0.12,400
True,5,5,0.19221691304971714,0.18473670831181258,0.058385146093459656,0.1312603550691281,,0.2342175130957773,18.387297303977164,0.0487714833586298,,True,1.0,0.99,8.962664309999657e-07,9.509804293951109e-07,True,0.005290768853234843,3.5411770973353405e-09,0.22549948477357828,4.019299114668743e-09,17.29969335802036,0.00017515370083784928,True,True,True,169,0.6509969234466553,t5_lam1.00_D0.12_n400,t5,1.0,0.12,400
True,5,5,0.2273792934355626,0.2585067154162784,0.1555350967278996,0.13445958003884578,,0.2744818480822245,21.288685968099113,0.019168091473741038,,True,1.0,1.0,9.779475734609071e-07,9.709612581708876e-07,True,0.003901517577265356,3.468159193109514e-07,0.1782772351852756,2.3178432509172003e-07,40.645344883403645,1.4927102020236696e-09,True,True,True,170,0.6472129821777344,t5_lam1.00_D0.12_n400,t5,1.0,0.12,400
True,5,5,0.21478028825622836,0.23065286111714273,0.13725074333270273,0.09944153944743452,,0.245282498422718,32.909448756753875,0.0002820953415206337,,True,1.0,1.0,9.023467683370688e-07,7.447588028773916e-07,True,0.004304541886423764,9.135378625587837e-08,0.19676601751445044,5.7379703499904985e-08,41.787168896841905,8.433960581221899e-10,True,True,True,171,0.6726360321044922,t5_lam1.00_D0.12_n400,t5,1.0,0.12,400
True,5,5,0.09705861286108579,0.04710187165259064,-0.0181800056781648,0.04653161176690519,,0.10803488761000032,7.316766444640269,0.6952399346918336,,False,1.0,1.0,8.57361203262418e-07,9.169535342432829e-07,True,0.0018327641224060017,0.0003598961196713056,0.08188240874804913,0.00032839772546322315,2.7357263611060345,0.25465052078486716,True,True,False,172,0.6370160579681396,t5_lam1.00_D0.12_n400,t5,1.0,0.12,400
True,5,5,0.22128872652753934,0.2448435024409005,0.15481963658943274,0.10299130237627388,,0.25464691392102223,29.34494420835095,0.0010954422737075203,,True,1.0,1.0,6.622509715553271e-07,9.241270048487478e-07,True,0.001375795636177828,0.001740293231574339,0.06253565952414096,0.0015617312304285894,3.0438954103142395,0.2182863152606995,True,True,False,173,0.48073720932006836,t5_lam1.00_D0.12_n400,t5,1.0,0.12,400
True,5,5,0.15160402275930998,0.11491889858402687,0.03366575824920265,0.07811004964470306,,0.18008073562080537,12.789237093621054,0.235695727162045,,False,1.0,0.9966666666666667,9.358969519658023e-07,9.234693945072978e-07,True,0.0038631004046262153,3.939300990948755e-07,0.16623183191446209,5.223226017675554e-07,6.431389899429721,0.040127437580199085,True,True,True,174,0.46691298484802246,t5_lam1.00_D0.12_n400,t5,1.0,0.12,400
True,5,5,0.21358366836916134,0.22808991697013947,0.1337607028308688,0.11823397696890017,,0.25621798870378365,22.80690288935343,0.011482214891235961,,True,1.0,1.0,7.940640774056238e-07,9.726867452313248e-07,True,0.004194509672917559,1.3144266868766662e-07,0.1878125676760234,9.057995838996776e-08,17.65272257784488,0.0001468114732883855,True,True,True,175,0.4524059295654297,t5_lam1.00_D0.12_n400,t5,1.0,0.12,400
True,5,5,0.19779369502295155,0.19561172895416185,0.0805692442630905,0.14153763423497007,,0.25035092781318463,16.471741708455532,0.08690121890369788,,False,1.0,0.9966666666666667,8.679903086977637e-07,9.192313010938572e-07,True,0.003963407483904203,2.8249732917071795e-07,0.17384403625799175,3.128262597238416e-07,11.708804941753257,0.002867248353748852,True,True,True,176,0.46742773056030273,t5_lam1.00_D0.12_n400,t5,1.0,0.12,400
True,5,5,0.1386311377817989,0.09609296181338053,-0.01753250938313808,0.09637171494250382,,0.16791953756223407,12.744309039967943,0.23832122562854074,,False,1.0,1.0,9.97256919111943e-07,8.531993144686192e-07,True,0.0020021399916775465,0.0002018593781721375,0.08995881343819638,0.00017709242129174425,10.759908347750795,0.004608033093453027,True,True,True,177,0.4657158851623535,t5_lam1.00_D0.12_n400,t5,1.0,0.12,400
True,5,5,0.2132956877499413,0.22747525206360228,0.07967456278129728,0.18575080787286313,,0.2775634892489076,20.578016908619027,0.024236013445715097,,True,1.0,1.0,9.79397341955482e-07,9.166244262496913e-07,True,0.0028463327453364514,1.166985284132651e-05,0.12497276809618292,1.0074929814258168e-05,19.094566175034334,7.139497369557721e-05,True,True,True,178,0.46452784538269043,t5_lam1.00_D0.12_n400,t5,1.0,0.12,400
True,5,5,0.19777762296198978,0.19557994072247492,0.11971897041051457,0.09499354102644209,,0.23493379531468914,22.528533467687907,0.012627187016394346,,True,1.0,1.0,8.721809190117142e-07,6.6290469730564e-07,True,0.0013849311742544716,0.0016858461942932173,0.06768953538024426,0.0009359928317171577,7.145630074880772,0.02807670535304346,True,True,True,179,0.44252896308898926,t5_lam1.00_D0.12_n400,t5,1.0,0.12,400
True,5,5,0.21977199335024306,0.24149864530569637,0.1563963527911802,0.11683681339487426,,0.2640362888184848,24.636559811069308,0.006078661292468625,,True,1.0,1.0,9.998666896051389e-07,9.898382373266101e-07,True,0.002372920418131173,5.739596109627418e-05,0.10580588844085323,5.3404743447654234e-05,5.731392914229523,0.05694345864163346,True,True,False,180,0.44488096237182617,t5_lam1.00_D0.12_n400,t5,1.0,0.12,400
True,5,5,0.11440274188240364,0.06543993675105936,-0.027551368957947076,0.05982158203498198,,0.11903476569663844,11.424972834941777,0.3253806402389871,,False,1.0,1.0,7.642472978803312e-07,8.56392460395607e-07,True,0.0016501654050905348,0.000673474989275429,0.07691215080548977,0.00046629637096310875,4.1744503920834966,0.12403081997907454,True,True,False,181,0.4758870601654053,t5_lam1.00_D0.12_n400,t5,1.0,0.12,400
True,5,5,0.1492833601625049,0.11142760810704078,-0.005548241596651529,0.09578478302482445,,0.1743580833620803,11.225136913401228,0.34024897093875817,,False,1.0,1.0,8.259467934950393e-07,7.698345827533109e-07,True,0.005503765867263535,1.7588186523602078e-09,0.2459733544638385,1.5649399694211812e-09,31.23330759866049,1.651100196765605e-07,True,True,True,182,0.48865509033203125,t5_lam1.00_D0.12_n400,t5,1.0,0.12,400
True,5,5,0.13222629492438484,0.08741896534715202,-0.007516614921201342,0.07346335111785149,,0.15054557091658735,10.258342305056761,0.41812799007312806,,False,1.0,1.0,9.881801799872598e-07,9.316586863662496e-07,True,0.0023200333754946887,6.86312948685526e-05,0.10581370162331238,5.491082135533219e-05,17.92866043025635,0.00012789125631962895,True,True,True,183,0.49991822242736816,t5_lam1.00_D0.12_n400,t5,1.0,0.12,400
True,5,5,0.09960342238423753,0.04960420875326415,-0.02377727234653585,0.05096220496567191,,0.109588407533547,7.273925642194755,0.6993562940382119,,False,1.0,1.0,9.583233320291457e-07,9.259295792228902e-07,True,0.0013423304905136326,0.0019554246160760516,0.0610763825793972,0.001770406694703601,0.2773584645853356,0.8705072142823008,True,True,False,184,0.49321985244750977,t5_lam1.00_D0.12_n400,t5,1.0,0.12,400
True,5,5,0.16170469525667858,0.13074204234027642,0.010998939421501194,0.10069339070436359,,0.18794936995457862,19.207085286661304,0.037709868618582366,,True,1.0,1.0,9.455745900412692e-07,9.325556682680783e-07,True,0.003897077824550284,3.519583881321709e-07,0.17818689837121868,2.677020923826514e-07,24.819460468911128,4.078708211720771e-06,True,True,True,185,0.5159101486206055,t5_lam1.00_D0.12_n400,t5,1.0,0.12,400
True,5,5,0.279997433544205,0.3919928139567074,0.12134393457977638,0.38598155917730365,,0.38890284188443475,43.012172338751014,4.9481680587357755e-06,,True,1.0,1.0,9.185245009981081e-07,8.839202844467158e-07,True,0.0019533217111397756,0.00023840345492417292,0.09318387548673525,0.0001271969031829838,19.860705772817923,4.867461645696998e-05,True,True,True,186,0.5514721870422363,t5_lam1.00_D0.12_n400,t5,1.0,0.12,400
True,5,5,0.25499501662581325,0.3251122925199939,0.21641147184664783,0.1302163843595736,,0.2934615354519224,36.61688464201128,6.591107669079406e-05,,True,0.9966666666666667,1.0,9.472739058046221e-07,9.971840674721682e-07,True,0.0021874865781329337,0.00010751607066991574,0.1008191536624147,7.165535787962824e-05,51.375650706898725,6.981025058281097e-12,True,True,True,187,0.5002889633178711,t5_lam1.00_D0.12_n400,t5,1.0,0.12,400
True,5,5,0.18078988248535088,0.16342490804533494,0.06777483399556221,0.08888062569529236,,0.2068673263404253,21.59721629670132,0.017293306630286352,,True,1.0,1.0,7.700403972177912e-07,9.145178749415989e-07,True,0.003052424146232535,5.8535068060811986e-06,0.13928413283617264,3.962288893134382e-06,19.922531263780872,4.719296930404805e-05,True,True,True,188,0.4790480136871338,t5_lam1.00_D0.12_n400,t5,1.0,0.12,400
True,5,5,0.15530988209188804,0.12060579737698084,-0.018996080180464822,0.12378795882113447,,0.192154621521002,11.709021540272913,0.3050025424593191,,False,0.9966666666666667,1.0,9.119896470595861e-07,9.746941948500838e-07,True,0.0031102581942044722,4.824688144377281e-06,0.14369381841003534,2.5682461153367264e-06,25.367149453997023,3.1016549719775532e-06,True,True,True,189,0.504824161529541,t5_lam1.00_D0.12_n400,t5,1.0,0.12,400
True,5,5,0.2753960256382752,0.3792148546867876,0.2667577551629278,0.2041712148006181,,0.3471568862479362,28.340879564571548,0.0015916790494796826,,True,0.9966666666666667,1.0,7.001307485383855e-07,9.759847831030945e-07,True,0.006114870301103972,2.3698374713862205e-10,0.275878840956692,1.725214759213366e-10,42.769897379813365,5.159822811430267e-10,True,True,True,190,0.4640679359436035,t5_lam1.00_D0.12_n400,t5,1.0,0.12,400
True,5,5,0.16793539088026666,0.14101147755053972,0.060035364894219734,0.07974452465552576,,0.19555226181426916,17.119754754343493,0.071755757584712,,False,1.0,1.0,5.353928145498782e-07,8.711608594405902e-07,True,0.0036719447913751103,7.429261256552803e-07,0.1609889916149656,7.639230538011255e-07,15.661276469020859,0.0003973717829535881,True,True,True,191,0.4727139472961426,t5_lam1.00_D0.12_n400,t5,1.0,0.12,400
True,5,5,0.23599320782006866,0.27846397068603057,0.17571298121270518,0.1274873241064988,,0.27763680183276046,32.48114787073419,0.00033280562699919744,,True,1.0,1.0,9.442953729885384e-07,9.361854107685217e-07,True,0.0023706454393216023,5.783882749497861e-05,0.11027746913288004,3.877478737577734e-05,7.929861272269501,0.01896935235439752,True,True,True,192,0.46108007431030273,t5_lam1.00_D0.12_n400,t5,1.0,0.12,400
True,5,5,0.17211441646738196,0.14811686177953703,0.06322908605345368,0.08308790983423486,,0.1999482612578123,17.76343625971535,0.05908768104725426,,False,0.9966666666666667,1.0,8.616364424904892e-07,9.593516217528063e-07,True,0.003016756400220783,6.595052366240809e-06,0.1341780570383918,5.615674366071142e-06,22.18484424584107,1.522727815696875e-05,True,True,True,193,0.49843788146972656,t5_lam1.00_D0.12_n400,t5,1.0,0.12,400
True,5,5,0.14700945038881966,0.10805889251811415,0.011101295953073312,0.07896021098180211,,0.16791622040252333,11.497062142878109,0.32012442318230544,,False,1.0,0.9966666666666667,9.492095341258443e-07,8.864004430690183e-07,True,0.0030914298651868355,5.137978944211279e-06,0.13842922337541935,3.7434528967260466e-06,20.353749978250377,3.8039898477534e-05,True,True,True,194,0.4904651641845703,t5_lam1.00_D0.12_n400,t5,1.0,0.12,400
True,5,5,0.13021391585454845,0.08477831941087711,-0.006938576512667688,0.07260331975039547,,0.14998883778967537,10.970252031438779,0.35984034469213727,,False,1.0,1.0,9.574158504634541e-07,9.903008760972287e-07,True,0.0030908078303970954,5.148670551752882e-06,0.1349430047276314,5.284585276651444e-06,16.689426160257362,0.00023764963753069175,True,True,True,195,0.4864776134490967,t5_lam1.00_D0.12_n400,t5,1.0,0.12,400
True,5,5,0.17878699242728938,0.15982394330597813,0.029315450801517928,0.12258600195061116,,0.21491927820624232,15.156641535305194,0.12645449525641053,,False,1.0,1.0,8.494010431875739e-07,9.179514971888355e-07,True,0.001993123924034005,0.00020815564021078666,0.08954392891038446,0.00018724947946007357,6.590935395132579,0.03705071246626272,True,True,True,196,0.5139579772949219,t5_lam1.00_D0.12_n400,t5,1.0,0.12,400
True,5,5,0.2517562380571693,0.3169060170034904,0.21452511121445456,0.13058730229695203,,0.2930263158937792,33.671086131671565,0.00020994441559440795,,True,1.0,1.0,9.41725891842867e-07,8.487578221789859e-07,True,0.004620894148919383,3.214176542771594e-08,0.2037563576299634,3.0013246841403134e-08,42.382443859121885,6.262810214160938e-10,True,True,True,197,0.4744691848754883,t5_lam1.00_D0.12_n400,t5,1.0,0.12,400
True,5,5,0.20676969809804113,0.21376854025777536,0.14140667285896552,0.09555012186230667,,0.24436556114143243,27.426031963042657,0.0022290668790503065,,True,0.9966666666666667,1.0,6.685361031178344e-07,9.90173301611207e-07,True,0.0020773975792751356,0.0001562508393778702,0.09287894789063975,0.00014701877771834023,11.690579368027915,0.002893496391623788,True,True,True,198,0.44454193115234375,t5_lam1.00_D0.12_n400,t5,1.0,0.12,400
True,5,5,0.14631579837626363,0.10704156427241715,0.010949335555895834,0.07888302717811622,,0.16775003363023916,12.107903128680316,0.2778998727322297,,False,1.0,0.9966666666666667,9.115992775412478e-07,9.94393868238732e-07,True,0.0017424054798841025,0.0004905116031324644,0.07969633134443696,0.0004376034353839916,9.717420805465672,0.007760485341517358,True,True,True,199,0.4731171131134033,t5_lam1.00_D0.12_n400,t5,1.0,0.12,400
True,5,5,0.22370020107419897,0.2502088998031852,0.15423450452019646,0.10248607823170726,,0.25409018163307784,39.23214961742275,2.311850735434697e-05,,True,1.0,0.9966666666666667,9.81064196504356e-07,8.895041146898815e-07,True,0.004345838353063479,7.969921757941545e-08,0.19633264835103803,5.1304065770388594e-08,30.361621429671683,2.5530403322631554e-07,True,True,True,200,0.4656040668487549,t5_lam1.00_D0.12_n400,t5,1.0,0.12,400
True,5,5,0.26753185783729344,0.35786647478936895,0.21474071859469065,0.23885943827336745,,0.3486056603012149,20.535533972343575,0.02457550497333568,,True,1.0,1.0,7.694683759985052e-07,9.172678111986886e-07,True,0.004631387621928375,3.104824359113131e-08,0.2029484963387117,2.8400044868694624e-08,17.01022897288618,0.00020243038942462116,True,True,True,201,0.49040794372558594,t5_lam1.00_D0.12_n400,t5,1.0,0.12,400
True,5,5,0.13354894515847962,0.08917660376471298,0.01441132998139577,0.06422050991409826,,0.15494816464758351,11.122908383176512,0.3480228656388232,,False,1.0,1.0,7.813602411130693e-07,9.99296323189094e-07,True,0.0033940429886252475,1.8722434692429215e-06,0.1498250710224879,1.8232916013522343e-06,17.590346536352808,0.00015146238189416724,True,True,True,202,0.4398808479309082,t5_lam1.00_D0.12_n400,t5,1.0,0.12,400
True,5,5,0.11967519879563175,0.0716107660338699,-0.02519231414581251,0.07015975315113357,,0.13432066876757984,10.925304628860218,0.3633670319149435,,False,1.0,1.0,9.26038592156262e-07,8.404641845956058e-07,True,0.004403820324582089,6.580521651574685e-08,0.19383023588824141,7.439485872173312e-08,10.546049692718011,0.005128075448843461,True,True,True,203,0.4618959426879883,t5_lam1.00_D0.12_n400,t5,1.0,0.12,400
True,5,5,0.17652217961706923,0.15580039948380425,0.03714757782384587,0.11436287156494737,,0.21225350970291865,14.46337619237974,0.15288513922528843,,False,1.0,0.9966666666666667,9.109706873061888e-07,8.433432660804086e-07,True,0.0032801319632134,2.736688411413402e-06,0.1449740809322698,2.4206354923746462e-06,14.88484417596137,0.0005858644623951102,True,True,True,204,0.474301815032959,t5_lam1.00_D0.12_n400,t5,1.0,0.12,400
True,5,5,0.143940963306733,0.10359500458835129,0.011492952628962647,0.07920977235306921,,0.1683932504430679,11.336712774072673,0.33189363672080574,,False,1.0,1.0,9.575791666760945e-07,9.083630428159629e-07,True,0.0050572823290544865,7.632328251234287e-09,0.22662615406303502,7.210254864961338e-09,36.62685435253166,1.1132164944254541e-08,True,True,True,205,0.44170498847961426,t5_lam1.00_D0.12_n400,t5,1.0,0.12,400
True,5,5,0.24600417439858802,0.3025902691076545,0.2115506674011618,0.09879449774888911,,0.27351532145248136,49.02184305335783,4.035871961659489e-07,,True,1.0,1.0,8.353140072503724e-07,9.615676056146248e-07,True,0.0027675817712558303,1.5198104872676072e-05,0.12846979032604056,9.631046625731997e-06,50.13765103732671,1.2964250363002579e-11,True,True,True,206,0.4585580825805664,t5_lam1.00_D0.12_n400,t5,1.0,0.12,400
True,5,5,0.21866300797523663,0.23906755528389204,0.14243409530495266,0.12101463288702487,,0.2613371206405154,27.943615050093037,0.0018431533091101454,,True,1.0,1.0,8.290753703898866e-07,9.127205555102255e-07,True,0.0027012952645815765,1.8987075853097908e-05,0.12503604419111453,1.2322373353605896e-05,10.757183859489308,0.004614314637015386,True,True,True,207,0.45780229568481445,t5_lam1.00_D0.12_n400,t5,1.0,0.12,400
True,5,5,0.19915132702105398,0.19830625527123394,0.11378998007443333,0.1043474881841213,,0.23892522867096358,21.210446112217262,0.01967297619807703,,True,0.9966666666666667,1.0,7.845663476664366e-07,6.82108115534217e-07,True,0.003109783020100953,4.83235385142252e-06,0.13487194019812637,5.466623904874168e-06,21.024449371764653,2.7201874111377125e-05,True,True,True,208,0.4494321346282959,t5_lam1.00_D0.12_n400,t5,1.0,0.12,400
True,5,5,0.171545748921143,0.1471397198645792,0.05247165225013058,0.08839524832201993,,0.19893159480478764,18.163362866171173,0.052269677628746854,,False,1.0,1.0,8.803803508043445e-07,7.369792212355966e-07,True,0.0034097827329204267,1.7766330046200037e-06,0.15236081669428816,1.3055836218886198e-06,16.441335878240665,0.00026903530567281983,True,True,True,209,0.46372413635253906,t5_lam1.00_D0.12_n400,t5,1.0,0.12,400
True,5,5,0.16550869179354752,0.13696563529605754,0.04294000063679365,0.08493524386427889,,0.19112615967625182,20.660384545990432,0.023590224677863435,,True,1.0,1.0,9.40171358826071e-07,8.306703510398561e-07,True,0.0021154773949034534,0.000137283822077886,0.09589059883285592,0.00010991607320389804,5.390970736003676,0.06750960681794432,True,True,False,210,0.45754122734069824,t5_lam1.00_D0.12_n400,t5,1.0,0.12,400
True,5,5,0.17954722289833472,0.16118602625252149,0.060078982211800386,0.09519264121534016,,0.20816192897546987,17.265032114427626,0.06870137517042532,,False,1.0,1.0,9.140110975162457e-07,9.208830809336905e-07,True,0.0030612135767769614,5.684003279332569e-06,0.13973803936513102,4.18641237446128e-06,14.773296712213671,0.0006194687165282175,True,True,True,211,0.4825608730316162,t5_lam1.00_D0.12_n400,t5,1.0,0.12,400
True,5,5,0.19581502445134555,0.19171761900440526,0.06882577777452853,0.11319200258633734,,0.22583624765327903,20.568011058320685,0.02431557649027465,,True,1.0,1.0,7.644130850468594e-07,8.94092753011627e-07,True,0.0037694944300260204,5.373829525914419e-07,0.17336271583148136,3.5754589762080867e-07,16.64426829250158,0.00024307654936930583,True,True,True,212,0.4922909736633301,t5_lam1.00_D0.12_n400,t5,1.0,0.12,400
True,5,5,0.10477382749669009,0.05488777464153087,-0.019780517809190337,0.055756836749058764,,0.11994275079790366,6.773103090390989,0.7466777117598736,,False,1.0,1.0,9.688358005771365e-07,9.216816947717683e-07,True,0.0031860114685494214,3.746280223514168e-06,0.14006868716220713,3.60606615423782e-06,7.626455653942626,0.022076803723057734,True,True,True,213,0.4373738765716553,t5_lam1.00_D0.12_n400,t5,1.0,0.12,400
True,5,5,0.19615982358305692,0.19239338194068006,0.10511107912381608,0.09439316179705433,,0.22819904191960053,25.69573158757407,0.004171696339408898,,True,1.0,1.0,6.591974746040604e-07,9.906438061169773e-07,True,0.0016970676990561682,0.0005731457644545819,0.07926114029862594,0.0004419949701690222,2.7480522312352473,0.25308595228023767,True,True,False,214,0.46222400665283203,t5_lam1.00_D0.12_n400,t5,1.0,0.12,400
True,5,5,0.13587229191331945,0.09230639854889146,0.003961256312974171,0.07468297291060629,,0.15925062962293335,11.702055257670484,0.3054916226508346,,False,1.0,1.0,9.969223444192043e-07,9.141271073503638e-07,True,0.002205036192004605,0.00010130477112767902,0.10240322938475648,8.094960853231205e-05,4.2806743777530905,0.11761517780515131,True,True,False,215,0.45454907417297363,t5_lam1.00_D0.12_n400,t5,1.0,0.12,400
True,5,5,0.18142216980373438,0.16457001848147512,0.08526351140545234,0.08456737590559217,,0.21183222908024837,24.05932416688303,0.007444473884426606,,True,1.0,1.0,9.651894746397346e-07,8.583073183297999e-07,True,0.001853090207083222,0.00033572053926260497,0.0820418003626988,0.00034505792648235954,10.153416296518873,0.0062404177716345165,True,True,True,216,0.4386920928955078,t5_lam1.00_D0.12_n400,t5,1.0,0.12,400
True,5,5,0.19434979987970297,0.18885922356640295,0.08883819769941399,0.10089648084465981,,0.22574239307821312,22.06033572339535,0.014800161504680453,,True,1.0,1.0,9.808473000553058e-07,8.784204157233361e-07,True,0.0025114898214754033,3.5959942893483844e-05,0.1180702126274145,2.2071224457197047e-05,10.953003226713246,0.00418394116861596,True,True,True,217,0.46866583824157715,t5_lam1.00_D0.12_n400,t5,1.0,0.12,400
True,5,5,0.17633401982013774,0.15546843272964367,0.06439782391724447,0.08993524776502063,,0.2060719012356211,18.987784694823564,0.04041810984301426,,True,1.0,1.0,9.588183540547074e-07,7.032329152822972e-07,True,0.002560184765031697,3.051959882123014e-05,0.1142819530988047,2.6047071022015597e-05,14.464547036080205,0.0007228755229610639,True,True,True,218,0.47244715690612793,t5_lam1.00_D0.12_n400,t5,1.0,0.12,400
True,5,5,0.19938636461644793,0.19877461197481558,0.09620744335997243,0.10744843500771577,,0.23364262941196037,20.316729433521328,0.02639534544380599,,True,1.0,1.0,9.731671320471313e-07,8.93438875296885e-07,True,0.00367433976836597,7.370394646262699e-07,0.15809159679319978,9.102779874661827e-07,12.095105659015084,0.0023636391627778904,True,True,True,219,0.4850597381591797,t5_lam1.00_D0.12_n400,t5,1.0,0.12,400
True,5,5,0.16551815458592137,0.13698129748764482,0.05735998557108196,0.07733721647158277,,0.19212932445761424,19.115385147950903,0.03882135634109427,,True,1.0,0.9966666666666667,9.552845508798216e-07,9.26226902929558e-07,True,0.0023811466301003562,5.58228445441297e-05,0.10577867964597713,4.8544097932922014e-05,17.643592029619,0.00014748324014004908,True,True,True,220,0.44938182830810547,t5_lam1.00_D0.12_n400,t5,1.0,0.12,400
True,5,5,0.21280570523934725,0.22643134091207973,0.12972971409849157,0.11805015724026373,,0.25452109672769013,23.42282272046487,0.009288997689808436,,True,1.0,1.0,9.817936416766114e-07,8.723957803035861e-07,True,0.005392564945496907,2.53430054583565e-09,0.24250671764504333,1.938532313100065e-09,35.68218183591812,1.785305994434257e-08,True,True,True,221,0.4623758792877197,t5_lam1.00_D0.12_n400,t5,1.0,0.12,400
True,5,5,0.1493913685625591,0.11158890500497189,0.020277503902899188,0.08764069936092085,,0.18134697467301372,10.592416969064264,0.39014072909852887,,False,1.0,1.0,9.47904324906115e-07,9.631253581495862e-07,True,0.004711907978402276,2.380763795166677e-08,0.2083951420270829,2.960113738568612e-08,2.718545515564633,0.25684749939417134,True,True,False,222,0.4694037437438965,t5_lam1.00_D0.12_n400,t5,1.0,0.12,400
True,5,5,0.1531390000088205,0.11725776661850762,0.02083213840248746,0.07966587777354467,,0.17428186733138654,16.093805064519348,0.09697842534178236,,False,1.0,1.0,8.529150967624473e-07,9.89170830236549e-07,True,0.0018773833668264412,0.0003089639324158477,0.08850291808810132,0.00021991622734155412,8.332609215391855,0.015509467924583005,True,True,True,223,0.4598519802093506,t5_lam1.00_D0.12_n400,t5,1.0,0.12,400
True,5,5,0.1504956676133809,0.11324472985198614,-0.04248789755147936,0.17312353939843717,,0.22012495730321724,7.9037109547412,0.6382418633836036,,False,1.0,1.0,9.90761579277544e-07,8.862749270863781e-07,True,0.0015219494050545046,0.00104817358826417,0.07049101270554689,0.0007726994196505303,6.383723744799916,0.04109528548720526,True,True,True,224,0.47502994537353516,t5_lam1.00_D0.12_n400,t5,1.0,0.12,400
True,5,5,0.14918436314047875,0.1112798710281512,-0.008484255678611705,0.0941217826356439,,0.17107442816783885,12.771874885674752,0.23670772668700257,,False,1.0,1.0,9.393445557587451e-07,9.129632660732036e-07,True,0.004266367517321557,1.0364124239573043e-07,0.1984128078941518,4.562593051135496e-08,38.34882026742987,4.706081945944646e-09,True,True,True,225,0.4793260097503662,t5_lam1.00_D0.12_n400,t5,1.0,0.12,400
True,5,5,0.18316851849962976,0.16775353084674605,0.07484480042213935,0.09198131175046736,,0.21266903614144192,22.845158061926632,0.011332782905859252,,True,1.0,1.0,6.626986179315581e-07,9.809793755173333e-07,True,0.0038134164432712878,4.645037017265926e-07,0.16893021873831549,4.0454165194590033e-07,24.041374163325095,6.018412235647446e-06,True,True,True,226,0.47917795181274414,t5_lam1.00_D0.12_n400,t5,1.0,0.12,400
True,5,5,0.15445339543042486,0.11927925679993591,0.03294208930876642,0.08195011010122351,,0.18316005303440835,13.136952687441575,0.21611514788873568,,False,1.0,1.0,9.957952548185549e-07,8.885766478331707e-07,True,0.0021763786188300845,0.00011164416854110042,0.09755553984217501,9.217466705687666e-05,6.338114577506151,0.04204321383785998,True,True,True,227,0.4619870185852051,t5_lam1.00_D0.12_n400,t5,1.0,0.12,400
True,5,5,0.20507176249725692,0.21027213886865675,0.13228536982694264,0.09371596383076602,,0.23934678307310966,24.912549584226156,0.005513752964475891,,True,0.9966666666666667,1.0,8.544010185841292e-07,7.986748481499047e-07,True,0.00471818008423997,2.332038389636319e-08,0.20599069197939765,2.087300256532904e-08,45.301902360483,1.4548455586020507e-10,True,True,True,228,0.4505939483642578,t5_lam1.00_D0.12_n400,t5,1.0,0.12,400
True,5,5,0.16646108007212976,0.13854645589389997,0.050297521931174954,0.08860103919411388,,0.19800669817017943,15.499440999913697,0.1148862105205994,,False,1.0,1.0,9.992232016854244e-07,9.316989374251578e-07,True,0.0009984046509927647,0.006559515517733965,0.04533830341448916,0.005952413815889477,6.4840197531079955,0.039085259554804054,True,True,True,229,0.46797895431518555,t5_lam1.00_D0.12_n400,t5,1.0,0.12,400
True,5,5,0.14283651377601225,0.10201134833842468,0.025256976861450106,0.06785304111588024,,0.1654480568883135,15.711943445231526,0.10818062120618951,,False,1.0,1.0,6.954212467569562e-07,9.649932272209439e-07,True,0.00254699291934168,3.1906011083003367e-05,0.11638784968684651,2.3811246057809113e-05,18.93656108189,7.726414586592287e-05,True,True,True,230,0.4453449249267578,t5_lam1.00_D0.12_n400,t5,1.0,0.12,400
True,5,5,0.15635428644121388,0.12223331444270578,0.013168724166407325,0.10165070519833319,,0.18993117453122882,11.246447604291493,0.33864265956628814,,False,1.0,1.0,7.961010840973091e-07,8.167800379107495e-07,True,0.0030129593650740634,6.679350744514423e-06,0.13475389493994008,5.572551006363958e-06,16.287692857114227,0.00029051759121256,True,True,True,231,0.4784271717071533,t5_lam1.00_D0.12_n400,t5,1.0,0.12,400
True,5,5,0.1873346735206091,0.17547139951536594,0.0802226347926667,0.09457351462617278,,0.21715534685522947,20.423907780992263,0.025488787013349674,,True,0.9966666666666667,1.0,7.860527712369359e-07,8.565437820488594e-07,True,0.0039227355080004985,3.232606779054434e-07,0.17221661696304494,3.82985454680198e-07,17.066105490541847,0.00019685310933007077,True,True,True,232,0.4768860340118408,t5_lam1.00_D0.12_n400,t5,1.0,0.12,400
True,5,5,0.20487544812763478,0.20986974622749585,0.11228757814893434,0.11113252001259002,,0.24293386209579762,24.40191402088793,0.006602142532476787,,True,1.0,1.0,7.959705814823473e-07,7.557998189959931e-07,True,0.0034696810715668476,1.4554564087134797e-06,0.15380015274417075,1.1658244845807355e-06,17.36525033740676,0.0001695055024729574,True,True,True,233,0.45824289321899414,t5_lam1.00_D0.12_n400,t5,1.0,0.12,400
True,5,5,0.1559456489596233,0.12159522714719029,0.03217367268406872,0.08296209808763756,,0.18364867580411418,15.993063034172119,0.09983115133774371,,False,1.0,1.0,9.186445549350659e-07,8.04488879003627e-07,True,0.0015765229778633844,0.0008680632388091617,0.07159768144325215,0.0007488997122383835,6.565135896987619,0.03753175334277811,True,True,True,234,0.4618833065032959,t5_lam1.00_D0.12_n400,t5,1.0,0.12,400
True,5,5,0.26432608692807785,0.34934140115354884,0.2512696819411995,0.11824275951830178,,0.29858389567946525,45.07578239322389,2.1073236969220404e-06,,True,1.0,1.0,8.747516588861224e-07,9.245234002266683e-07,True,0.0034589962262490275,1.5081449832905698e-06,0.15999880746388986,9.550694102407183e-07,33.17144257744595,6.264880132158437e-08,True,True,True,235,0.48766279220581055,t5_lam1.00_D0.12_n400,t5,1.0,0.12,400
True,5,5,0.21410938880903857,0.22921415188090027,0.142851931065345,0.09793102981696747,,0.24654984917897502,27.244179892621958,0.002382376315158526,,True,1.0,1.0,8.669857125337409e-07,9.453819044667203e-07,True,0.0012396562364493278,0.0027994133855623196,0.05767257223038345,0.0022592778673793754,11.330817879938374,0.0034637310249987204,True,True,True,236,0.573448896408081,t5_lam1.00_D0.12_n400,t5,1.0,0.12,400
True,5,5,0.17750883896732597,0.1575469395576403,0.03461720133466921,0.11601139098613483,,0.2123388605818061,13.918771093604821,0.1767290590547277,,False,1.0,1.0,8.782626938901331e-07,9.758583723793636e-07,True,0.0039750235902830805,2.7183094999372393e-07,0.17384652589229407,2.589998698407826e-07,21.16026921539374,2.5415925106787937e-05,True,True,True,237,0.6225042343139648,t5_lam1.00_D0.12_n400,t5,1.0,0.12,400
True,5,5,0.1861541336564191,0.1732668073868598,0.08275878804112861,0.10741143643142453,,0.22778712818393612,14.483906674516387,0.15204095331826972,,False,1.0,1.0,6.370700960558821e-07,9.213891255905396e-07,True,0.0038441542480209174,4.194765941518371e-07,0.17248139737819948,3.551707327428879e-07,12.208739124247685,0.0022330887501162424,True,True,True,238,0.5882077217102051,t5_lam1.00_D0.12_n400,t5,1.0,0.12,400
True,5,5,0.1419628816793007,0.10076729887345566,0.013220697717594057,0.07560688293234401,,0.1658812547163515,11.433324123518904,0.32476879765402716,,False,0.9933333333333333,1.0,9.964308222644347e-07,9.908620965972455e-07,True,0.0021907090367279474,0.00010634749504875567,0.09990608251474276,8.911636586021131e-05,10.95274268322312,0.004184486253437041,True,True,True,239,0.5996780395507812,t5_lam1.00_D0.12_n400,t5,1.0,0.12,400
True,5,5,0.16136158186271846,0.13018780050619394,0.05655008581118956,0.06820744136509327,,0.18370701844276016,22.926589248271263,0.011020817110284924,,True,0.9966666666666667,1.0,9.841331409496169e-07,7.307500244712427e-07,True,0.0027152840523412083,1.811546786988349e-05,0.12025689913129067,1.6374834901836664e-05,25.348563469858483,3.1306129718653503e-06,True,True,True,240,0.47041893005371094,t5_lam1.00_D0.12_n400,t5,1.0,0.12,400
True,5,5,0.2293357352963854,0.26297439741966877,0.15836740623121415,0.1840490985987648,,0.303677866693818,17.890092529048452,0.05684616803322488,,False,1.0,1.0,9.771396553036269e-07,8.27949789677284e-07,True,0.0023544435968509345,6.109380454940002e-05,0.1033444710514909,6.35543518142461e-05,26.25201283739586,1.9927271730608214e-06,True,True,True,241,0.4680478572845459,t5_lam1.00_D0.12_n400,t5,1.0,0.12,400
True,5,5,0.18549632204556124,0.17204442746215284,0.06429436899473263,0.11735926217905245,,0.22686259147170815,14.647339453849254,0.1454579391351726,,False,1.0,1.0,9.058082742594782e-07,6.919396996967133e-07,True,0.00381686860100818,4.592142662399824e-07,0.16856957470293,3.7847714554218415e-07,23.576425574485004,7.5935391258645705e-06,True,True,True,242,0.46699023246765137,t5_lam1.00_D0.12_n400,t5,1.0,0.12,400
True,5,5,0.19993851419151726,0.19987704728555772,0.08275003007616659,0.1514396580180942,,0.2576222431512929,21.50965692560051,0.017807055342950368,,True,1.0,1.0,8.28728164221759e-07,8.043675126923997e-07,True,0.0022969235626380266,7.421197488338849e-05,0.10635418239488459,5.1153880382054574e-05,12.558431023269218,0.0018748708318090473,True,True,True,243,0.4787781238555908,t5_lam1.00_D0.12_n400,t5,1.0,0.12,400
True,5,5,0.20352839182338045,0.20711903139105736,0.11283072950420533,0.09669454037964975,,0.23318623242124642,23.243199445725544,0.009883624241628438,,True,1.0,0.9966666666666667,8.912407773018579e-07,9.465187342410124e-07,True,0.0015128154447157408,0.001081819324635269,0.06533325173835138,0.0011138142257578385,7.78294822834103,0.020415229466707905,True,True,True,244,0.48420000076293945,t5_lam1.00_D0.12_n400,t5,1.0,0.12,400
True,5,5,0.2323652249650368,0.26996798886526086,0.17631102484528335,0.10620724238901375,,0.2649552387469879,39.10269386129325,2.435847322771601e-05,,True,1.0,1.0,9.207647394315221e-07,7.718339823014873e-07,True,0.004544171635376383,4.140084543532064e-08,0.2041729323175076,2.985870538223592e-08,46.48285926838866,8.060748262437275e-11,True,True,True,245,0.44989514350891113,t5_lam1.00_D0.12_n400,t5,1.0,0.12,400
True,5,5,0.20509786034448285,0.21032566158942498,0.10774689662726056,0.11041188423987737,,0.24056528630613724,23.18525155289518,0.010083055982056954,,True,1.0,1.0,9.513015413052571e-07,8.518758062665666e-07,True,0.0022589965767348215,8.437793893927932e-05,0.09816442439179023,8.976912495280201e-05,7.451176524422722,0.024098919772417512,True,True,True,246,0.46359801292419434,t5_lam1.00_D0.12_n400,t5,1.0,0.12,400
False,5,6,,,,,,,,,not_applicable,False,1.0,1.0,8.681204617717536e-07,9.915695205217525e-07,False,0.002175419767862366,0.00011200790489758601,0.09893179587315096,8.977104425259358e-05,6.164357674427077,0.04585922792307844,True,True,True,247,0.4582648277282715,t5_lam1.00_D0.12_n400,t5,1.0,0.12,400
True,5,5,0.13828680110980798,0.09561619680591793,-0.0017683902618960134,0.07369231509654214,,0.1545604616343404,14.582545034807257,0.14803884923480315,,False,0.9966666666666667,1.0,9.285649391184353e-07,9.031901055750132e-07,True,0.002655747158675124,2.212787389931354e-05,0.12363040224249083,1.4327341062077918e-05,12.243202122090452,0.0021949389170943887,True,True,True,248,0.46225714683532715,t5_lam1.00_D0.12_n400,t5,1.0,0.12,400
True,5,5,0.17360234548633977,0.15068887179179236,0.06816041351148233,0.0922626746094924,,0.20972315488526744,16.088814025262586,0.09711806599563988,,False,1.0,1.0,9.479244189837419e-07,9.62852525823155e-07,True,0.0026084454841001858,2.594366980104837e-05,0.113714128399312,2.822258877442285e-05,5.76516864807709,0.05598987971024964,True,True,False,249,0.4580059051513672,t5_lam1.00_D0.12_n400,t5,1.0,0.12,400
True,5,5,0.23881429894533465,0.28516134690375833,0.20586375908368332,0.09680759136615871,,0.2702214191579733,43.28989816911979,4.413209420158328e-06,,True,1.0,1.0,9.335141954621924e-07,8.409278409314433e-07,True,0.001351548402416461,0.0018936088503526108,0.06315338776285166,0.0014413028383502878,33.1726442939126,6.261116958030548e-08,True,True,True,250,0.4452958106994629,t5_lam1.00_D0.12_n400,t5,1.0,0.12,400
True,5,5,0.15360069925819406,0.1179658740630309,0.022200166780539946,0.08723523478044874,,0.18203810541044654,12.270751213761177,0.26734476041961913,,False,1.0,1.0,9.106075709955615e-07,6.493859172134791e-07,True,0.004200118046041576,1.2902671431852425e-07,0.18193674447786443,1.404985051574633e-07,15.880244308346695,0.0003561629688566202,True,True,True,251,0.4719698429107666,t5_lam1.00_D0.12_n400,t5,1.0,0.12,400
True,5,5,0.19935870225192837,0.19871946081786512,0.1170430717102187,0.09695229714905364,,0.23516607294298064,24.486986128026484,0.006407554509504894,,True,1.0,1.0,6.793557247418428e-07,8.595121242852713e-07,True,0.0023282906858417742,6.674131361105338e-05,0.1046975605059146,6.552370849736924e-05,8.93260079695079,0.011489744794377671,True,True,True,252,0.4538559913635254,t5_lam1.00_D0.12_n400,t5,1.0,0.12,400
True,5,5,0.2496507544588462,0.31162749600935563,0.2156209555414509,0.13007656251568003,,0.29311358248185876,29.451603613165112,0.0010525679277010246,,True,1.0,1.0,9.430003231454994e-07,8.034442965301425e-07,True,0.003269378156282399,2.8366106407281084e-06,0.14225497242081925,2.551156268539206e-06,24.880315942126646,3.9564714770369e-06,True,True,True,253,0.4701497554779053,t5_lam1.00_D0.12_n400,t5,1.0,0.12,400
True,5,5,0.24933088814120355,0.3108294589064068,0.162073908790873,0.23796568660001502,,0.33271388052947387,19.078751796142495,0.039273741461957494,,True,1.0,1.0,8.449236838735794e-07,9.31983500219572e-07,True,0.0017236209452882452,0.0005231811202281072,0.08173610486336731,0.00035098161200409285,8.215941639342761,0.016441102662561165,True,True,True,254,0.4893529415130615,t5_lam1.00_D0.12_n400,t5,1.0,0.12,400
True,5,5,0.1864516221840635,0.1738210370753438,0.060469840737512034,0.10404016562414994,,0.2152211348882943,21.245533717364648,0.019445030961254793,,True,1.0,1.0,9.892502457244317e-07,7.679144362142598e-07,True,0.0026412999871626283,2.3229323748861166e-05,0.11899290253900688,2.070953297550047e-05,23.291496041839043,8.756204519644007e-06,True,True,True,255,0.4698500633239746,t5_lam1.00_D0.12_n400,t5,1.0,0.12,400
True,5,5,0.17892353605364117,0.1600681587696932,0.055827832622,0.09868575947038496,,0.2088786547329924,21.473817259606335,0.018021452729087947,,True,1.0,1.0,9.398208368795999e-07,9.126103390758797e-07,True,0.00250683907543701,3.65280176679197e-05,0.11674607005324557,2.005215595748216e-05,13.68078135521823,0.0010696854158556972,True,True,True,256,0.45621490478515625,t5_lam1.00_D0.12_n400,t5,1.0,0.12,400
True,5,5,0.1688091173589745,0.1424825905175801,0.05870667258231958,0.07932038447115615,,0.19451328729466583,21.433887439713644,0.01826317408463843,,True,1.0,1.0,7.270310198346543e-07,6.167837771367713e-07,True,0.003097903806271935,5.028018203863359e-06,0.1402744839813905,4.2963621498086106e-06,4.277897076743842,0.1177786176352991,True,True,False,257,0.4426717758178711,t5_lam1.00_D0.12_n400,t5,1.0,0.12,400
True,5,5,0.1497966911915653,0.11219524345970591,0.018856757095904272,0.07888679533625173,,0.1724030095580216,12.744703961066433,0.2382980513199866,,False,0.9966666666666667,1.0,8.128560412340557e-07,8.968079221836866e-07,True,0.004512878659036437,4.590554996558308e-08,0.2016629899247102,3.553308223284274e-08,14.70930256208871,0.0006396104229810187,True,True,True,258,0.4606800079345703,t5_lam1.00_D0.12_n400,t5,1.0,0.12,400
True,5,5,0.1581424270830133,0.12504513621853086,0.02431073631228521,0.08604982907328437,,0.18212639004934525,16.369518836931142,0.08953185766277003,,False,1.0,1.0,9.382492044539551e-07,9.255519507690876e-07,True,0.0019595000216132163,0.00023343285438476747,0.09371730708295813,0.000132742705542282,14.842448917657135,0.0005984159610221615,True,True,True,259,0.4725220203399658,t5_lam1.00_D0.12_n400,t5,1.0,0.12,400
True,5,5,0.267278354404722,0.35718859366648087,0.2575271200443848,0.14249047099272472,,0.3136568469084619,34.78102135216312,0.00013607556530967016,,True,1.0,1.0,7.138365938422086e-07,8.602602056397797e-07,True,0.0044346024222144415,5.944375974916562e-08,0.19846563579095147,5.538939083327737e-08,23.191799811284362,9.203746710776409e-06,True,True,True,260,0.48581790924072266,t5_lam1.00_D0.12_n400,t5,1.0,0.12,400
True,5,5,0.15928474614132979,0.12685815176653936,-0.001603410388241494,0.10734221776330634,,0.18706085952157264,15.681341631795757,0.10912496719448626,,False,1.0,1.0,9.724934364583443e-07,8.839286927192522e-07,True,0.0023878758226213515,5.45682969547889e-05,0.10468540323174537,5.769777833715592e-05,2.9092552424319003,0.23348729342920907,True,True,False,261,0.49515223503112793,t5_lam1.00_D0.12_n400,t5,1.0,0.12,400
True,5,5,0.22858159722271323,0.2612477329444335,0.15323517200704243,0.14798078136476264,,0.2816529413849552,19.595557235676,0.03331863046494662,,True,1.0,1.0,9.555211662898885e-07,8.709416945679291e-07,True,0.003166670322569799,3.996156398035831e-06,0.14065094098818787,3.848612078846514e-06,29.22182953095045,4.51398739281171e-07,True,True,True,262,0.4733240604400635,t5_lam1.00_D0.12_n400,t5,1.0,0.12,400
True,5,5,0.18943901218350837,0.17943569668531717,0.07453236970162201,0.09453860983513024,,0.21449221196858692,25.17554877852582,0.005022503439990214,,True,1.0,1.0,8.848811131377631e-07,8.180795093281164e-07,True,0.004029954573363048,2.2660745355085243e-07,0.180581243293799,1.701319053535807e-07,24.097236200524016,5.85263775378259e-06,True,True,True,263,0.45593810081481934,t5_lam1.00_D0.12_n400,t5,1.0,0.12,400
True,5,5,0.14727500515899986,0.10844963572291717,0.014100436590497784,0.07906905310933666,,0.16979838360656366,13.048500204963535,0.22097274855348809,,False,1.0,1.0,9.256542216825284e-07,6.965854799487513e-07,True,0.004313812735137031,8.859694522060986e-08,0.19397516992563915,6.96629359111318e-08,20.289423902832745,3.928326520956632e-05,True,True,True,264,0.4692981243133545,t5_lam1.00_D0.12_n400,t5,1.0,0.12,400
True,5,5,0.20732691819159052,0.21492225503411233,0.12354843893557517,0.10521401471702618,,0.24356111867414357,23.52355132135561,0.008970606800825643,,True,1.0,1.0,9.059708973574769e-07,8.322544694391408e-07,True,0.0020840188727144966,0.0001527728538992672,0.09256190429494847,0.0001393315310321147,14.41044463966503,0.0007426970614809621,True,True,True,265,0.47434401512145996,t5_lam1.00_D0.12_n400,t5,1.0,0.12,400
True,5,5,0.12337701801017249,0.07610944286541214,0.002611119762355632,0.06049788476902538,,0.14291345979128714,11.254602468231882,0.3380292844159514,,False,1.0,1.0,8.236862986515803e-07,7.74854596463023e-07,True,0.0015482808234069186,0.0009569831297716395,0.0658236450088732,0.0011419034092106212,7.313585348958367,0.025815177767125243,True,True,True,266,0.44778013229370117,t5_lam1.00_D0.12_n400,t5,1.0,0.12,400
True,5,5,0.17935064501264855,0.16083326933226538,0.08136296849332818,0.08986426257064953,,0.21409181521766799,17.228309293541436,0.06946228004478341,,False,1.0,1.0,9.881857380813713e-07,9.589338922582933e-07,True,0.0033573163566436044,2.1158990734577293e-06,0.1481049998164851,2.5669913098676098e-06,9.01618203809155,0.011019476079906438,True,True,True,267,0.4566531181335449,t5_lam1.00_D0.12_n400,t5,1.0,0.12,400
True,5,5,0.14344705850667094,0.10288529297108139,0.02179088692835407,0.06426332604176703,,0.1596838450489714,17.997054131984914,0.055013354434610015,,False,1.0,1.0,9.517517975355761e-07,9.413289104076394e-07,True,0.00342430512146132,1.692766492198632e-06,0.14958477371608223,1.9621222715860086e-06,24.57972243519059,4.598128350492082e-06,True,True,True,268,0.4593780040740967,t5_lam1.00_D0.12_n400,t5,1.0,0.12,400
True,5,5,0.08983127544464603,0.04034829024005933,-0.042002527635445305,0.05312231708219103,,0.09526374786797205,6.330718683564322,0.7867546445857768,,False,1.0,1.0,9.695643374831947e-07,7.788168183388439e-07,True,0.0024695406622479883,4.1422698881460066e-05,0.10851918275940227,3.882678848718102e-05,2.959910335819964,0.22764789408591957,True,True,False,269,0.44718122482299805,t5_lam1.00_D0.12_n400,t5,1.0,0.12,400
True,5,5,0.16270566135813438,0.13236566118993953,0.03099487427120934,0.08928780036211706,,0.18860553360882948,14.794182562647876,0.13974770533755243,,False,1.0,1.0,9.96890280323901e-07,9.885105009531193e-07,True,0.002872585943816718,1.0686814325967112e-05,0.13338771983171507,6.953205172455411e-06,19.36788336913661,6.227554878514512e-05,True,True,True,270,0.46431493759155273,t5_lam1.00_D0.12_n400,t5,1.0,0.12,400
True,5,5,0.18150964443217324,0.1647287551094698,0.06186210651597902,0.10539946314961791,,0.21690034382470033,18.937570299037624,0.04106283684956153,,True,1.0,1.0,9.86674905894168e-07,9.453947304936471e-07,True,0.0042861125481488405,9.709197824233212e-08,0.1863031734943069,1.1907983796000661e-07,10.282956913993875,0.00584903576981107,True,True,True,271,0.4536559581756592,t5_lam1.00_D0.12_n400,t5,1.0,0.12,400
True,5,5,0.22016186225405715,0.24235622795587217,0.15377787819219105,0.11123611934696999,,0.2595168636324281,24.010589731434568,0.007572331914954668,,True,1.0,1.0,9.066913831333883e-07,7.053428605242445e-07,True,0.0024796672535016655,4.0032018647218886e-05,0.11348359948944248,3.028093237867753e-05,9.149881918904805,0.010306907685511048,True,True,True,272,0.45106005668640137,t5_lam1.00_D0.12_n400,t5,1.0,0.12,400
True,5,5,0.1860279851439312,0.17303205628355345,0.0863640441497066,0.08961192524922104,,0.21622328478403616,21.834696808088488,0.01596922220060601,,True,1.0,1.0,9.050716829727203e-07,9.901444407551836e-07,True,0.003830229543027998,4.393053736318709e-07,0.17409279842036537,3.3376692678577957e-07,19.004735888932117,7.46747945989319e-05,True,True,True,273,0.4569261074066162,t5_lam1.00_D0.12_n400,t5,1.0,0.12,400
True,5,5,0.18747663044094007,0.17573743480744408,0.08811293124946933,0.08768734649429424,,0.21556705739438,23.6630069546014,0.008546916524082921,,True,0.9966666666666667,1.0,8.926719730045433e-07,8.60318129628874e-07,True,0.002939980763119378,8.527143400534704e-06,0.132490649718827,6.386299848855186e-06,38.952639565277245,3.4796998995549275e-09,True,True,True,274,0.4476909637451172,t5_lam1.00_D0.12_n400,t5,1.0,0.12,400
True,5,5,0.20515304783878638,0.21043886518771687,0.06195849290619493,0.17615085606063097,,0.2652172194214133,24.407763567902766,0.006588583726544654,,True,1.0,1.0,9.677793651583035e-07,7.823705531032159e-07,True,0.0037100599930494256,6.545925640412975e-07,0.16388822330094863,6.457074109307311e-07,34.596437848579654,3.072408616619788e-08,True,True,True,275,0.46884608268737793,t5_lam1.00_D0.12_n400,t5,1.0,0.12,400
True,5,5,0.17499211693132463,0.153111204940532,0.044435427229607305,0.10704103976339517,,0.210001080814878,17.187689907472276,0.07031268500097612,,False,1.0,1.0,9.016927218721115e-07,8.82260576630158e-07,True,0.002370553579062947,5.7856781786593575e-05,0.1083110841308817,4.3541140513781046e-05,20.67535913978062,3.238939285160117e-05,True,True,True,276,0.47096967697143555,t5_lam1.00_D0.12_n400,t5,1.0,0.12,400
True,5,5,0.23375663646560885,0.27321082545857406,0.1874874257188278,0.10524892985105276,,0.2685540950040021,36.449761490858364,7.043377226174276e-05,,True,1.0,1.0,8.292693670956088e-07,8.135175381511062e-07,True,0.0022846124630084698,7.736905632619987e-05,0.10369206346611846,5.782352652627032e-05,19.581032703365107,5.597998444844539e-05,True,True,True,277,0.45886993408203125,t5_lam1.00_D0.12_n400,t5,1.0,0.12,400
True,5,5,0.21699499115062176,0.2354341309222921,0.14414359678713745,0.12374405686295993,,0.26369848597664197,25.640108950190626,0.004255592349615381,,True,1.0,1.0,9.89796164773657e-07,8.671097787368232e-07,True,0.0022851000159760096,7.724149475372042e-05,0.10325787491608798,6.299013435718304e-05,19.522278450777613,5.764890961016397e-05,True,True,True,278,0.4418318271636963,t5_lam1.00_D0.12_n400,t5,1.0,0.12,400
True,5,5,0.1855443895241219,0.17213360241939535,0.08702353396952793,0.07908460834052011,,0.2083776086024931,31.816123254073776,0.0004296861363236991,,True,1.0,1.0,9.823770146688146e-07,9.931780580494495e-07,True,0.003994381647050374,2.5494484588054134e-07,0.18292318873868615,1.5985637481701974e-07,32.49777004892289,8.774025591574609e-08,True,True,True,279,0.45016026496887207,t5_lam1.00_D0.12_n400,t5,1.0,0.12,400
True,5,5,0.17890893285886186,0.1600420312834837,0.06381062679763898,0.08918954664798553,,0.20518985164365974,21.478209889079903,0.01799504561343745,,True,0.9966666666666667,1.0,9.405563026753616e-07,8.165700771662645e-07,True,0.004156721784529405,1.4894607751069893e-07,0.18685540084223648,1.1786771073198999e-07,27.88580694173086,8.803876889498821e-07,True,True,True,280,0.46013975143432617,t5_lam1.00_D0.12_n400,t5,1.0,0.12,400
True,5,5,0.16386692450074894,0.13426184472667077,0.04105222687440738,0.08807536363779088,,0.19283324827378576,13.473011763704898,0.19841379538540255,,False,1.0,0.9966666666666667,8.297608481428535e-07,9.040244219623523e-07,True,0.0011357770946469079,0.004032830314734767,0.04928788302808513,0.004245835510588846,1.7818170509762594,0.410282830964249,True,True,False,281,0.46390295028686523,t5_lam1.00_D0.12_n400,t5,1.0,0.12,400
True,5,5,0.1675578272302094,0.1403781273305435,0.06953346785465643,0.07167247415579397,,0.1936100188122504,21.622014282644386,0.017150359315842596,,True,1.0,1.0,9.972394048446957e-07,8.69215316717052e-07,True,0.0038058364168325034,4.763331998836252e-07,0.17143192744963118,4.1170228529950835e-07,16.26769441508128,0.0002934371129623704,True,True,True,282,0.44289588928222656,t5_lam1.00_D0.12_n400,t5,1.0,0.12,400
True,5,5,0.11195598294837972,0.06267071058968945,-0.04606009970123644,0.07865593200089493,,0.1290870987602432,5.680424156297955,0.8413600740912461,,False,1.0,0.9966666666666667,9.453461740410481e-07,9.066325523451653e-07,True,0.003421423627741038,1.7090851648201715e-06,0.15091297977581655,1.6793597369408552e-06,10.758840273019228,0.004610494612520778,True,True,True,283,0.4785909652709961,t5_lam1.00_D0.12_n400,t5,1.0,0.12,400
True,5,5,0.16904926909100002,0.14288827690100664,0.05012554177566245,0.08341704261778542,,0.1935636158347391,17.880742770735473,0.057008972574049015,,False,1.0,1.0,7.932076050896909e-07,9.532067223656751e-07,True,0.004451028810434541,5.630509681090328e-08,0.19831525617641982,4.7973436673439225e-08,12.148480062086517,0.0023013945100897036,True,True,True,284,0.46175527572631836,t5_lam1.00_D0.12_n400,t5,1.0,0.12,400
True,5,5,0.1572587229304496,0.12365152968857958,0.05035066278522499,0.07647016409601597,,0.18768744739706547,15.48663999582726,0.11530131609595057,,False,1.0,1.0,9.775614899881719e-07,8.937091990290997e-07,True,0.0017094254368974543,0.0005493196141704433,0.07398008546909231,0.0006015186769871052,4.036802748436323,0.13286770112450746,True,True,False,285,0.43400096893310547,t5_lam1.00_D0.12_n400,t5,1.0,0.12,400
True,5,5,0.21198027716549134,0.22467818953579266,0.11008269341122726,0.13114184768693896,,0.2552613708433794,26.896808337675044,0.002704033762424864,,True,1.0,1.0,6.855578293621712e-07,8.135390403797076e-07,True,0.0027748875595148253,1.4829991618663555e-05,0.1272271088102759,1.0616730071723382e-05,25.030099958918264,3.6709870560417407e-06,True,True,True,286,0.4535558223724365,t5_lam1.00_D0.12_n400,t5,1.0,0.12,400
True,5,5,0.17761163811163141,0.15772946996348558,0.048527120613320776,0.10367003786104384,,0.20930798283641985,16.994279271170917,0.07449066083950588,,False,0.9966666666666667,1.0,9.524897638735376e-07,9.113545080571356e-07,True,0.003994619143821347,2.5474434287437754e-07,0.17785676295479652,2.1214998901372034e-07,17.240179330239286,0.00018044407443613326,True,True,True,287,0.4662950038909912,t5_lam1.00_D0.12_n400,t5,1.0,0.12,400
True,5,5,0.17636559453331266,0.15552411467544422,0.04882936725061986,0.09213908913188429,,0.20019224869769792,17.498171196427297,0.06404224551287453,,False,1.0,1.0,9.248797524935635e-07,9.314051274966015e-07,True,0.0021772356237159916,0.00011132007337544897,0.10017468634760464,7.33902137656055e-05,6.089969997522487,0.04759702599652589,True,True,True,288,0.47504687309265137,t5_lam1.00_D0.12_n400,t5,1.0,0.12,400
True,5,5,0.1822456394146513,0.1660673654282755,0.08278108460633599,0.08506496216724091,,0.21104525398767535,26.497604613058805,0.0031255451117050428,,True,1.0,1.0,9.332776269831519e-07,9.852847804270253e-07,True,0.003597095990896261,9.52701952022447e-07,0.15445727013931768,1.2090557036006526e-06,13.556261181105807,0.0011384010480521957,True,True,True,289,0.4548790454864502,t5_lam1.00_D0.12_n400,t5,1.0,0.12,400
True,5,5,0.23712923386679835,0.28115136777127375,0.18348242087224517,0.15086937397973516,,0.29381642495228566,27.848779010702117,0.001908651580392628,,True,1.0,1.0,8.426452861100156e-07,6.85335358387441e-07,True,0.004528769493792216,4.3559799385166726e-08,0.20506472305666837,4.3622053752914457e-08,21.904668367988922,1.7517079457297514e-05,True,True,True,290,0.44104790687561035,t5_lam1.00_D0.12_n400,t5,1.0,0.12,400
True,5,5,0.21881586326979144,0.23940191009252032,0.1510473304308817,0.09902276323602162,,0.25056946409744696,32.72651675481279,0.0003027551319587224,,True,1.0,1.0,9.960010719166079e-07,9.351092578553695e-07,True,0.0026127934283530713,2.5566915707996394e-05,0.11448311636154633,2.5068800684261864e-05,15.705506064321542,0.00038868044419629864,True,True,True,291,0.46428966522216797,t5_lam1.00_D0.12_n400,t5,1.0,0.12,400
True,5,5,0.14993979877618324,0.1124097162852116,-0.0017713174129135867,0.08175947157851722,,0.16291779887455285,16.59802684203481,0.08374544306443966,,False,1.0,1.0,9.472055280552038e-07,9.809913019595495e-07,True,0.002613278753984477,2.5525204258743315e-05,0.11916971712495958,2.096503342262628e-05,16.568168572825133,0.00025250379329465697,True,True,True,292,0.49534082412719727,t5_lam1.00_D0.12_n400,t5,1.0,0.12,400
True,5,5,0.13089939047250784,0.0856732521303704,-0.021730896160211843,0.08281542728587772,,0.1513197672338284,8.71531076931047,0.5593179392039805,,False,1.0,1.0,9.031601258044333e-07,9.265039065108445e-07,True,0.0020857786186656126,0.0001518616909703377,0.09236208597381117,0.00014711521427306459,8.028219432064194,0.0180590250565157,True,True,True,293,0.4768810272216797,t5_lam1.00_D0.12_n400,t5,1.0,0.12,400
True,5,5,0.24633536399406242,0.3034055577704361,0.21593576237042666,0.11745465150179472,,0.2860529572982859,33.50974618103329,0.00022353514361803564,,True,0.9966666666666667,1.0,9.510097178807177e-07,8.096289395337943e-07,True,0.0024879284569782035,3.8932340844856265e-05,0.11176715185780572,3.6416225971530453e-05,30.666044651864166,2.1925677049236135e-07,True,True,True,294,0.4641437530517578,t5_lam1.00_D0.12_n400,t5,1.0,0.12,400
True,5,5,0.15496885689944329,0.12007673304360066,0.030739821891973745,0.07510728407049343,,0.17565893686675857,16.0860457536128,0.0971955930255055,,False,0.9966666666666667,0.9966666666666667,9.926495512852687e-07,9.351169035815513e-07,True,0.0031474446189915513,4.261118125431668e-06,0.14318054957499224,2.909126801838965e-06,9.359065215403167,0.00928335184037647,True,True,True,295,0.45233798027038574,t5_lam1.00_D0.12_n400,t5,1.0,0.12,400
True,5,5,0.2704013745234941,0.3655845167209746,0.2548949692592435,0.17598708506092942,,0.3299599867918322,33.7599626116171,0.000202807139611569,,True,1.0,1.0,9.913573030272994e-07,7.77253606156098e-07,True,0.0023458756468908836,6.288896316917049e-05,0.10618178057026076,4.7508493352623673e-05,17.602100987723077,0.00015057481406603198,True,True,True,296,0.4608268737792969,t5_lam1.00_D0.12_n400,t5,1.0,0.12,400
True,5,5,0.22794143476129522,0.25978648840518903,0.1580576101952449,0.11452292413310415,,0.2632227411621836,30.857215130637684,0.000619440697790052,,True,1.0,1.0,7.248809848559692e-07,9.767756592322355e-07,True,0.003269718636248199,2.833391546781294e-06,0.14939256869670223,2.14686004796447e-06,22.506664471027747,1.2964026409913048e-05,True,True,True,297,0.4632530212402344,t5_lam1.00_D0.12_n400,t5,1.0,0.12,400
True,5,5,0.147118670361258,0.10821951584432246,0.0020844001097192755,0.0804215661669796,,0.1639305370604229,15.411765081099364,0.11775518794323642,,False,1.0,1.0,8.556844633830121e-07,8.327481791799594e-07,True,0.005094762283821646,6.746763996050764e-09,0.22037643554690528,7.3266400924807755e-09,45.15581403282738,1.565090912762243e-10,True,True,True,298,0.45565128326416016,t5_lam1.00_D0.12_n400,t5,1.0,0.12,400
True,5,5,0.17388220569400706,0.1511751072850649,0.05283993404791751,0.09156162208926187,,0.20171534410202904,15.61734454796597,0.11112287274861067,,False,0.9966666666666667,1.0,9.211832979489698e-07,9.629815702582294e-07,True,0.002448265418528468,4.450469381600606e-05,0.10927277386086721,4.246514985699528e-05,9.971407518271462,0.006834966164581567,True,True,True,299,0.4667673110961914,t5_lam1.00_D0.12_n400,t5,1.0,0.12,400
True,5,5,0.14217079632614782,0.10106267664005503,0.023176178948129317,0.06737710680413822,,0.16370806788207645,12.911225585828568,0.22867774573100488,,False,1.0,1.0,9.123086109083005e-07,6.670937192947743e-07,True,0.0030978311516509727,5.029239052534549e-06,0.14230647174514152,3.322827674631849e-06,16.351614100140193,0.0002813792793712981,True,True,True,300,0.44327211380004883,t5_lam1.00_D0.12_n400,t5,1.0,0.12,400
True,5,5,0.1862624014688606,0.17346841100473503,0.07684293775752828,0.09403568506987194,,0.21518265515955207,20.925408792435825,0.021619741477598556,,True,1.0,1.0,9.492062367426834e-07,7.889756830730109e-07,True,0.0014436035498893846,0.0013749743554294768,0.06590969450252204,0.001107513895651951,21.223490897414806,2.462507195924858e-05,True,True,True,301,0.45609331130981445,t5_lam1.00_D0.12_n400,t5,1.0,0.12,400
True,5,5,0.14908766829804937,0.11113566419274595,0.026740753780819748,0.07475668909347488,,0.17303442719592274,13.877438573841946,0.17865577915290254,,False,1.0,1.0,7.893521871295563e-07,8.883844143236853e-07,True,0.0012801502884550353,0.0024294745319321342,0.05745717698972836,0.002306279354047041,7.749737191222399,0.0207570652639746,True,True,True,302,0.45154523849487305,t5_lam1.00_D0.12_n400,t5,1.0,0.12,400
True,5,5,0.15894040739717286,0.12631026551789643,0.018439325014329072,0.09036104535714054,,0.18279497706728604,14.690391957569144,0.14376391061772567,,False,1.0,1.0,9.89447670052498e-07,9.695058038093459e-07,True,0.001705277562831486,0.0005572032574701846,0.08076934388155982,0.0003777047862240343,7.900119225187444,0.019253553986884418,True,True,True,303,0.48432421684265137,t5_lam1.00_D0.12_n400,t5,1.0,0.12,400
True,5,5,0.21868576402683193,0.23911731693999608,0.15134969182608757,0.11548785523813068,,0.26127009372807036,22.23223022202893,0.013964269695226073,,True,1.0,1.0,6.403898084634058e-07,8.842669681921286e-07,True,0.004191457612524362,1.3277641893913188e-07,0.18104018035696035,1.6659488856093252e-07,17.55388704847708,0.00015424882322202042,True,True,True,304,0.4532139301300049,t5_lam1.00_D0.12_n400,t5,1.0,0.12,400
True,5,5,0.1464107503136358,0.10718053903700901,0.012895940031898603,0.07420953872202607,,0.1642922815918136,16.874258699994094,0.07719303201256039,,False,1.0,1.0,7.749671588216777e-07,9.835501709142601e-07,True,0.0028457400832280605,1.1693062923250065e-05,0.12514642894322026,1.1816036089894055e-05,20.095871165724876,4.327499454906242e-05,True,True,True,305,0.46317481994628906,t5_lam1.00_D0.12_n400,t5,1.0,0.12,400
True,5,5,0.20111703133738126,0.20224030146980598,0.1035075702813739,0.09735422523907467,,0.22962622705819838,23.9925748184145,0.007620123747528599,,True,1.0,1.0,9.508696706891489e-07,9.327416345865239e-07,True,0.005403768644523063,2.442708307856846e-09,0.23707476286757995,2.5971682477274188e-09,19.714798095108975,5.2358354317975603e-05,True,True,True,306,0.4744248390197754,t5_lam1.00_D0.12_n400,t5,1.0,0.12,400
True,5,5,0.20339917130398041,0.20685611443572988,0.10528432008698504,0.10759686391812608,,0.2375985740493064,23.837415167307135,0.008043833788542214,,True,1.0,1.0,9.325190732395821e-07,9.749634629345905e-07,True,0.0048592233680868355,1.4651048066203321e-08,0.21624869769030006,1.3517016223866481e-08,27.244182946773847,1.2133912005173431e-06,True,True,True,307,0.4700899124145508,t5_lam1.00_D0.12_n400,t5,1.0,0.12,400
True,5,5,0.2001244851427945,0.20024904776834287,0.12214408287855161,0.09419478398494549,,0.23540633591987264,23.471768028157655,0.00913296709974182,,True,1.0,0.9966666666666667,8.579994802612569e-07,8.500526072233557e-07,True,0.0018899848895136372,0.00029594226425282816,0.08443814432405097,0.00027674822507480466,3.6647266925564623,0.1600349026015078,True,True,False,308,0.4412970542907715,t5_lam1.00_D0.12_n400,t5,1.0,0.12,400
True,5,5,0.15673908573156006,0.1228357049798267,0.010005727179530063,0.10300570107567972,,0.18943865930191808,12.329119140236587,0.2636334472582306,,False,0.9966666666666667,1.0,9.114029998466998e-07,8.215950309432624e-07,True,0.003710232311257224,6.542181228580436e-07,0.16473872089752964,5.853980937615935e-07,15.205161774742042,0.0004991614899716626,True,True,True,309,0.48949122428894043,t5_lam1.00_D0.12_n400,t5,1.0,0.12,400
True,5,5,0.14709443148025134,0.10818385886249177,0.011519878599212455,0.07800404884545381,,0.16722746261278792,12.657061358970488,0.24348281951509088,,False,1.0,1.0,9.043949745145391e-07,9.64491334079859e-07,True,0.0034778377335568174,1.4164806720427405e-06,0.16057132756559067,1.0482470862093538e-06,21.73224073597158,1.909430627790447e-05,True,True,True,310,0.46587276458740234,t5_lam1.00_D0.12_n400,t5,1.0,0.12,400
True,5,5,0.2191623358234138,0.24016064721787406,0.11625987282787006,0.17173943702133335,,0.2823990469895442,19.15565953300567,0.038329537379804095,,True,1.0,1.0,9.332163159314868e-07,9.63514890591337e-07,True,0.004090562848274457,1.854044893102079e-07,0.17992528177804856,1.572377975392907e-07,34.6628488391248,2.9720629997401137e-08,True,True,True,311,0.4835178852081299,t5_lam1.00_D0.12_n400,t5,1.0,0.12,400
True,5,5,0.2035879217041185,0.20724020931901144,0.11746484051917745,0.08702337026472638,,0.22830048038874273,40.352774520524335,1.4684354139718315e-05,,True,1.0,1.0,9.702142872232829e-07,8.141174811974699e-07,True,0.0013933223658498832,0.0016373567670502649,0.06623421820435618,0.0011463747219770204,23.861666788093935,6.584228472336102e-06,True,True,True,312,0.46605992317199707,t5_lam1.00_D0.12_n400,t5,1.0,0.12,400
True,5,5,0.1428898062838228,0.10208748369914206,-0.004124734816439782,0.08124909067296905,,0.16094603236085217,13.903614959431273,0.17743360228459604,,False,1.0,1.0,8.629402636746112e-07,9.253690414956693e-07,True,0.004484783281731582,5.036688397915605e-08,0.2084110556842891,2.280307910060695e-08,34.28279366278324,3.594065138962855e-08,True,True,True,313,0.4531419277191162,t5_lam1.00_D0.12_n400,t5,1.0,0.12,400
True,5,5,0.14981452626860955,0.11222196140543951,0.009839725508745165,0.07837633499182806,,0.16658770926284874,21.158430695027768,0.020015507796978783,,True,1.0,1.0,8.463883140613004e-07,9.88609426820373e-07,True,0.001469143030831367,0.0012584377220120103,0.06818020576897593,0.0008538993360306027,4.077868444076052,0.13016736648782573,True,True,False,314,0.45645999908447266,t5_lam1.00_D0.12_n400,t5,1.0,0.12,400
True,5,5,0.1636846202225385,0.13396327448698328,0.019806240158587285,0.09466856602484318,,0.1873617753667196,16.922465084694753,0.07609733258863631,,False,1.0,1.0,9.835330732065615e-07,9.653759647785388e-07,True,0.0036132293992461734,9.029616195237486e-07,0.15929630539104664,9.562616055940939e-07,7.53788292787212,0.023076477647023797,True,True,True,315,0.4765808582305908,t5_lam1.00_D0.12_n400,t5,1.0,0.12,400
False,6,5,,,,,,,,,not_applicable,False,1.0,0.9966666666666667,9.662630099228586e-07,8.88839492123726e-07,False,0.0029887211244549166,7.2435546485593435e-06,0.13550987924431326,5.3402771667615215e-06,29.622978969864235,3.693616893883792e-07,True,True,True,316,0.4525010585784912,t5_lam1.00_D0.12_n400,t5,1.0,0.12,400
True,5,5,0.20874031434815593,0.21786259417083473,0.05016078090348536,0.17190506253629942,,0.2580385422791088,22.810957630254187,0.011466288209148126,,True,1.0,0.9966666666666667,8.471617737588302e-07,9.343694680342674e-07,True,0.0022683813168039293,8.173889203950404e-05,0.0994534455726167,7.699065963979394e-05,26.894405800424416,1.4452866242142215e-06,True,True,True,317,0.4785480499267578,t5_lam1.00_D0.12_n400,t5,1.0,0.12,400
True,5,5,0.1881954370381778,0.1770876126099537,0.06967209369496939,0.11379144530876271,,0.22664614059239474,21.11444811492393,0.020309496311982072,,True,1.0,1.0,9.168107837929014e-07,9.84929733599221e-07,True,0.004219007665307584,1.2121211313435107e-07,0.18978869405024465,9.008186957818018e-08,18.226703041385434,0.00011018480893605215,True,True,True,318,0.4591832160949707,t5_lam1.00_D0.12_n400,t5,1.0,0.12,400
True,5,5,0.16650939539743476,0.1386268937780963,0.04365282150252396,0.08384385003080433,,0.19055901045254603,20.130975223564803,0.02803793921137018,,True,1.0,1.0,8.970586727544923e-07,8.55639004312082e-07,True,0.0019711359517749624,0.00022435320640441792,0.0888269033269172,0.00019875430873069017,17.200639563305682,0.00018404692942493656,True,True,True,319,0.4754207134246826,t5_lam1.00_D0.12_n400,t5,1.0,0.12,400
True,5,5,0.13464900019308526,0.09065176626498736,-0.004764420268067532,0.07033061644243836,,0.14894237091775467,14.83423273981261,0.13822332400795204,,False,1.0,0.9966666666666667,9.39418525116885e-07,9.985880730236764e-07,True,0.002780502183014125,1.4553186693318947e-05,0.12227131317957583,1.4168262433988839e-05,13.039030424767518,0.0014743836920833849,True,True,True,320,0.46547508239746094,t5_lam1.00_D0.12_n400,t5,1.0,0.12,400
True,5,5,0.18698226515264355,0.1748118374080675,0.07928634796324974,0.09262811386526476,,0.21524220636864155,22.128299432787713,0.014464171824408534,,True,1.0,1.0,6.359283638455793e-07,9.465901610672354e-07,True,0.0030619159491870633,5.670672557924667e-06,0.13568896690739332,4.469674067208617e-06,22.50739864013451,1.295926838941966e-05,True,True,True,321,0.4620180130004883,t5_lam1.00_D0.12_n400,t5,1.0,0.12,400
True,5,5,0.22708382043964837,0.2578353075273323,0.1750498521939329,0.09850482100208172,,0.25964431990375314,33.67200891740363,0.00020986906124638373,,True,0.9966666666666667,0.9966666666666667,9.548579573440385e-07,8.599212226927295e-07,True,0.004001488662275659,2.4901275944084834e-07,0.17506062881833018,2.166590371404802e-07,50.57091190429138,1.0439170901991526e-11,True,True,True,322,0.4528791904449463,t5_lam1.00_D0.12_n400,t5,1.0,0.12,400
True,5,5,0.22048496607254495,0.24306810132005652,0.14036664169885196,0.11951566929225461,,0.25959677340512133,27.193728443089544,0.002426684387778234,,True,1.0,1.0,9.65089823840077e-07,9.192317632238713e-07,True,0.0033577624707554227,2.112756421690433e-06,0.15005254947669905,1.6407921863402108e-06,9.928781776436733,0.00698220235582136,True,True,True,323,0.4735088348388672,t5_lam1.00_D0.12_n400,t5,1.0,0.12,400
True,5,5,0.18982506532261945,0.1801677771236837,0.06890677521840621,0.1429452284616788,,0.24658903167375687,11.36430214325089,0.32984855739412344,,False,1.0,1.0,8.982446081701585e-07,9.442892512422085e-07,True,0.0015954053050883015,0.0008133168405270838,0.07321386962943388,0.0006407674608156022,6.552066857443508,0.03777780837727621,True,True,True,324,0.4886777400970459,t5_lam1.00_D0.12_n400,t5,1.0,0.12,400
True,5,5,0.1807073996821918,0.16327582149949707,0.04550730424884515,0.14316971744565105,,0.23706561676419535,15.154098554977779,0.126543887775029,,False,1.0,1.0,7.754754632788542e-07,6.820855683608268e-07,True,0.0020953461865044587,0.0001470026849935035,0.09027088435131701,0.00016701915912522558,10.27213571728694,0.0058807683217501775,True,True,True,325,0.45853590965270996,t5_lam1.00_D0.12_n400,t5,1.0,0.12,400
True,5,5,0.19756048987013874,0.195150735788646,0.10141337352705138,0.10464702724251705,,0.23389844626957018,18.776920547646515,0.04318934222556714,,True,0.9933333333333333,1.0,9.849309846577497e-07,8.513176734526836e-07,True,0.004052312824567306,2.104353466962753e-07,0.17550123787386018,2.40002713592048e-07,24.098577065254446,5.848715271037198e-06,True,True,True,326,0.4541749954223633,t5_lam1.00_D0.12_n400,t5,1.0,0.12,400
True,5,5,0.17550396393972867,0.15400820679278793,0.06658227370144389,0.09071097068172777,,0.20774433461905645,18.84595935783031,0.042263420863589946,,True,1.0,0.9966666666666667,9.14627747801648e-07,9.578406756507784e-07,True,0.005184583741151861,5.020819547942579e-09,0.23023490764391497,5.2258074089584196e-09,24.96255467090027,3.797083311895182e-06,True,True,True,327,0.4428868293762207,t5_lam1.00_D0.12_n400,t5,1.0,0.12,400
True,5,5,0.1533933566005646,0.11764760924593987,0.024000550129447545,0.08883115479856897,,0.1844531362087191,14.996998895080988,0.13217130948109312,,False,1.0,1.0,9.72797328199257e-07,9.872913291418524e-07,True,0.0031769057822902402,3.861904872023598e-06,0.14256005766674992,3.5561491606318283e-06,8.947742986388414,0.011403083323310642,True,True,True,328,0.44970703125,t5_lam1.00_D0.12_n400,t5,1.0,0.12,400
True,5,5,0.18736418593866677,0.1755266908622965,0.07421071611008734,0.09526373072980898,,0.21489793350236852,21.20911069654705,0.01968170098669246,,True,1.0,1.0,9.370661382353118e-07,9.079147134606516e-07,True,0.002063470495159913,0.00016382885297420958,0.09179481635087922,0.00014496595262565047,4.018513047318864,0.13408832911909788,True,True,False,329,0.46415209770202637,t5_lam1.00_D0.12_n400,t5,1.0,0.12,400
True,5,5,0.11889107838091902,0.07067544259288915,-0.030587360515155884,0.07808282140154456,,0.13989099432756827,9.275599614742067,0.5061632517469393,,False,1.0,1.0,9.63037871836949e-07,8.665014119924199e-07,True,0.0039867091314999365,2.615080538599256e-07,0.17744629900470973,2.4706175807405044e-07,24.013783271104487,6.102014255005958e-06,True,True,True,330,0.4525299072265625,t5_lam1.00_D0.12_n400,t5,1.0,0.12,400
True,5,5,0.17685168023259298,0.15638258400545657,0.07761940532324356,0.08112475601905744,,0.20545449836727522,20.395220258036733,0.025728552936205837,,True,1.0,0.9966666666666667,6.249205153960278e-07,9.548283471160109e-07,True,0.003517603693806874,1.2409428042496508e-06,0.15854948752746373,1.049337851934789e-06,29.97865038143305,3.0918526063785794e-07,True,True,True,331,0.44274401664733887,t5_lam1.00_D0.12_n400,t5,1.0,0.12,400
True,5,5,0.38484332505522595,0.7405219241978115,-1.8423488552160379,4.266526252434185,,1.017394940579518,20.394181162142594,0.025737276837979772,,True,0.9966666666666667,1.0,9.758302558535121e-07,9.83046611566324e-07,True,0.0037237371477001997,6.255307449515282e-07,0.16645516452904624,4.2261580662426126e-07,24.12725412411216,5.765451660400842e-06,True,True,True,332,0.5565388202667236,t5_lam1.00_D0.12_n400,t5,1.0,0.12,400
True,5,5,0.2237098211363859,0.2502304203643689,0.16056591957072092,0.13903678382424792,,0.2790200988185987,31.506019144996944,0.00048380771464524196,,True,1.0,1.0,9.632228305469128e-07,8.791220453436828e-07,True,0.0030301561529316825,6.306005897667494e-06,0.1329151018158334,7.2235360296093476e-06,33.212076391794426,6.138881430103576e-08,True,True,True,333,0.4465320110321045,t5_lam1.00_D0.12_n400,t5,1.0,0.12,400
True,5,5,0.1351782962599338,0.09136585889869217,0.0010445696156371198,0.06841342526227245,,0.15071472409188122,12.782872383640564,0.2360663286298568,,False,1.0,1.0,9.78290621880028e-07,9.68220398553095e-07,True,0.004168502460831761,1.4325220521375768e-07,0.18681259541684683,1.0784124038560581e-07,28.825915324809177,5.502144847841146e-07,True,True,True,334,0.45302700996398926,t5_lam1.00_D0.12_n400,t5,1.0,0.12,400
True,5,5,0.15816030530232292,0.12507341086662,0.03485346724041721,0.08071410558502035,,0.18309361351946823,16.350544454614564,0.09002777304427094,,False,1.0,1.0,9.912989964319969e-07,9.28568311713686e-07,True,0.002799204280282514,1.36680421225699e-05,0.12401419430217152,1.623638584785827e-05,2.541147917711502,0.28067048223024416,True,True,False,335,0.45509791374206543,t5_lam1.00_D0.12_n400,t5,1.0,0.12,400
True,5,5,0.2669836107525244,0.3564012420522774,0.2747381425517622,0.1284278497536563,,0.3117637429274426,36.27685531838743,7.543401845090469e-05,,True,1.0,1.0,9.730642840733116e-07,6.531365907572774e-07,True,0.0029688936559344515,7.740493808653136e-06,0.13181494251751352,6.288608801748178e-06,17.13959120414925,0.00018975143064713256,True,True,True,336,0.45630884170532227,t5_lam1.00_D0.12_n400,t5,1.0,0.12,400
True,5,5,0.18866757882280324,0.17797727649429335,0.09283534531296055,0.08765082002509678,,0.21771913766892964,26.713498822943613,0.0028902867606744862,,True,1.0,1.0,9.145730484777899e-07,9.138116291079271e-07,True,0.002380737803962327,5.5899991466076964e-05,0.10590755317314623,4.854007743128166e-05,9.51619187170289,0.00858193440426027,True,True,True,337,0.46367597579956055,t5_lam1.00_D0.12_n400,t5,1.0,0.12,400
True,5,5,0.17572172766100208,0.15439062786083693,0.03836855928504024,0.0997476215223495,,0.20121570332648472,16.628666596711525,0.08299518431049825,,False,1.0,1.0,9.283883523335351e-07,8.559194013813776e-07,True,0.004049722409445276,2.1224815858096862e-07,0.17893418032719563,1.95441535967004e-07,35.28529831181073,2.1771824528600223e-08,True,True,True,338,0.4846920967102051,t5_lam1.00_D0.12_n400,t5,1.0,0.12,400
True,5,5,0.14089716713989842,0.09926005854024236,-0.042036546391337304,0.10324079948178345,,0.15986210125332637,11.96484049168823,0.28741649084193066,,False,1.0,0.9966666666666667,8.933715303807082e-07,7.278779742032658e-07,True,0.002024814308629235,0.0001868597505468959,0.09678723397985603,0.00010610652155802405,29.959186338740302,3.1220894762253344e-07,True,True,True,339,0.47203898429870605,t5_lam1.00_D0.12_n400,t5,1.0,0.12,400
True,5,5,0.1957419272249376,0.19157451036866385,0.09527153234218903,0.0985599342664363,,0.2268868430264018,21.680386155307836,0.01681825270416084,,True,1.0,1.0,8.809119886270115e-07,9.244035786279468e-07,True,0.0018686209486436145,0.0003183575969195797,0.08800727781188103,0.00020785922766407272,21.33345687711754,2.330766134012628e-05,True,True,True,340,0.467418909072876,t5_lam1.00_D0.12_n400,t5,1.0,0.12,400
True,5,5,0.08277364524982302,0.03425738173971775,-0.055815159525717,0.055818488591697926,,0.08485055554949147,4.908782085767466,0.8971875057460509,,False,1.0,1.0,8.425264861970317e-07,7.732208303236614e-07,True,0.0034071698348363223,1.7921590109068715e-06,0.1534526115963622,1.7217524335855718e-06,5.2502795592162155,0.07242963214104509,True,True,False,341,0.4555630683898926,t5_lam1.00_D0.12_n400,t5,1.0,0.12,400
True,5,5,0.197970288851875,0.1959611763404741,0.06624213964606443,0.12432541150240141,,0.23269690315000913,18.26842365620349,0.050601033719322806,,False,1.0,1.0,9.74802569558492e-07,9.992672737241197e-07,True,0.00661080867077349,4.673866601103498e-11,0.29601441493946273,3.3849394389875714e-11,49.929196576690686,1.4388407211338875e-11,True,True,True,342,0.4590730667114258,t5_lam1.00_D0.12_n400,t5,1.0,0.12,400
True,5,5,0.2388337769384912,0.28520786503352485,0.19060340554404268,0.11767269896261452,,0.2771850541518673,37.02748968218763,5.597709802952169e-05,,True,1.0,1.0,9.708893160819518e-07,9.26161077171888e-07,True,0.005622671982304275,1.1903537539979685e-09,0.24739965558225516,1.219745591492312e-09,42.036188471019415,7.446593611187481e-10,True,True,True,343,0.44234299659729004,t5_lam1.00_D0.12_n400,t5,1.0,0.12,400
True,5,5,0.20870442611016454,0.21778768738986565,0.11470570877654833,0.10908365555333267,,0.2425416893049822,24.916698421578797,0.005505657519756948,,True,1.0,1.0,9.640207544703482e-07,9.261775489877763e-07,True,0.002104521085945765,0.0001424901748045258,0.09361548159292499,0.00014151102532968462,14.116885348140784,0.0008601165332904829,True,True,True,344,0.4786200523376465,t5_lam1.00_D0.12_n400,t5,1.0,0.12,400
True,5,5,0.19191352660048377,0.18415400846117297,0.08861774197606001,0.10283675077760566,,0.22705468261038322,18.136241544287415,0.052708469552371434,,False,1.0,1.0,8.181560571355704e-07,7.585943855746173e-07,True,0.002837952931532488,1.2002367766680878e-05,0.12729498466191466,1.0579651436817914e-05,15.080500415297408,0.0005312646786811621,True,True,True,345,0.4706707000732422,t5_lam1.00_D0.12_n400,t5,1.0,0.12,400
True,5,5,0.11777270802259564,0.06935205377487781,-0.03540156337422226,0.07884873532388849,,0.13732666522115242,12.416583587953157,0.2581428487164408,,False,1.0,1.0,7.530065798608242e-07,7.789867971347796e-07,True,0.004133862381667824,1.6064974348117262e-07,0.1777898409333434,1.651507940313779e-07,25.367629822228082,3.1009100931790415e-06,True,True,True,346,0.44948577880859375,t5_lam1.00_D0.12_n400,t5,1.0,0.12,400
True,5,5,0.14017516615261907,0.09824538602957181,0.0013314597778728843,0.07940502437181755,,0.16244451490526052,12.846023040955671,0.23240873836878723,,False,1.0,1.0,9.579299981010489e-07,7.522402703380274e-07,True,0.002914349792956128,9.291386130859494e-06,0.1327803658470438,7.525780787694336e-06,8.709032370614503,0.012848654448440227,True,True,True,347,0.4542880058288574,t5_lam1.00_D0.12_n400,t5,1.0,0.12,400
True,5,5,0.1217048091651563,0.07406030286963557,-0.01837416126928293,0.06742633681710053,,0.13603844559269004,10.071181164630852,0.4342706818964465,,False,1.0,1.0,6.679461289874487e-07,9.548841129557584e-07,True,0.0029580492645999144,8.0266231880561e-06,0.13621903297793445,5.5012796072227345e-06,11.596753918524247,0.003032472579907033,True,True,True,348,0.47229909896850586,t5_lam1.00_D0.12_n400,t5,1.0,0.12,400
True,5,5,0.194460925918844,0.1890752585460707,0.10147905496385605,0.0973186940430379,,0.2287155708869545,23.436134407478985,0.009246312612924105,,True,1.0,1.0,8.87412362896591e-07,9.831012728475123e-07,True,0.004235256866829011,1.1487037847942616e-07,0.1860395683959184,1.183696162645789e-07,22.056324913726456,1.6237901381417393e-05,True,True,True,349,0.4609508514404297,t5_lam1.00_D0.12_n400,t5,1.0,0.12,400
True,5,5,0.18122309447496018,0.16420904985540175,0.07202614347678868,0.10187010782916361,,0.21890068972825372,20.72043953785547,0.023129539658746645,,True,1.0,1.0,9.406155753325957e-07,9.801736456925561e-07,True,0.005139350301474252,5.826249135917843e-09,0.22438075029958154,5.933139842324189e-09,25.332914809795923,3.1552039996606832e-06,True,True,True,350,0.4542269706726074,t5_lam1.00_D0.12_n400,t5,1.0,0.12,400
True,5,5,0.2649372902651151,0.35095883886510926,0.25009079102192794,0.15519681307140978,,0.3179203774198017,28.274054577717912,0.0016315175813729178,,True,1.0,1.0,8.960410883982142e-07,8.421467813493183e-07,True,0.005282650711719297,3.6369494982864707e-09,0.23227917960154626,3.1670897384563674e-09,13.679805745317275,0.0010702073409854863,True,True,True,351,0.4531059265136719,t5_lam1.00_D0.12_n400,t5,1.0,0.12,400
True,5,5,0.17163647873461158,0.14729540416208386,0.029909232078097522,0.12354908284899616,,0.2159302614775413,14.282102990378714,0.1605085193653716,,False,1.0,1.0,8.845774109953555e-07,9.421661334286525e-07,True,0.002546218995317194,3.198928589999096e-05,0.11061079019596237,3.452143025222187e-05,11.314380685289578,0.0034923153361100462,True,True,True,352,0.47812318801879883,t5_lam1.00_D0.12_n400,t5,1.0,0.12,400
True,5,5,0.17085863620942252,0.14596336783671893,0.06920401165797198,0.07905341891874226,,0.19961729107939488,18.32061054405269,0.049790290398413005,,True,1.0,1.0,9.66656569867453e-07,9.986620745928243e-07,True,0.0026941285922045216,1.9449810935137325e-05,0.12053761499047107,1.5889500975371657e-05,16.198759573777252,0.0003037274554245252,True,True,True,353,0.45625758171081543,t5_lam1.00_D0.12_n400,t5,1.0,0.12,400
True,5,5,0.18058342785032883,0.16305187207087457,0.0770468730087923,0.08309636835332654,,0.20675020477922482,21.58007573390278,0.017392767222726136,,True,1.0,1.0,8.828998467692958e-07,6.433503165264223e-07,True,0.003409984804961306,1.7754379152661312e-06,0.149279839211562,1.616799528011574e-06,17.688465848882117,0.00014421101855150638,True,True,True,354,0.4629988670349121,t5_lam1.00_D0.12_n400,t5,1.0,0.12,400
True,5,5,0.1647358383114742,0.13568948212092088,0.049929881349734834,0.07864103967571055,,0.1893583273519081,17.438490801915663,0.06520712265692441,,False,1.0,1.0,9.82343787741729e-07,9.973333237244165e-07,True,0.004159566432703244,1.4755075645804528e-07,0.18270633503100395,1.4134495399624057e-07,14.775044367350603,0.0006189276441223344,True,True,True,355,0.457050085067749,t5_lam1.00_D0.12_n400,t5,1.0,0.12,400
True,5,5,0.1637821590501782,0.13412297811568938,0.04252193853497613,0.07602954879366129,,0.18307343751823407,19.50737791972238,0.034271835920415675,,True,1.0,1.0,9.002627390732199e-07,8.122238938017123e-07,True,0.001727946109810012,0.0005154693969377871,0.0780775821417274,0.0004295372444330816,3.985913854540748,0.13629182401839307,True,True,False,356,0.47272205352783203,t5_lam1.00_D0.12_n400,t5,1.0,0.12,400
True,5,5,0.18935424620521005,0.1792751527797165,0.09695889360464252,0.0866090025942281,,0.21882322803962473,23.104850377042517,0.01036610485854058,,True,1.0,1.0,9.953007385434758e-07,9.71556156536479e-07,True,0.0015475097412732794,0.0009595359760378083,0.07417175957459486,0.0006303493293386717,6.3597952920255825,0.04158991179662564,True,True,True,357,0.45035505294799805,t5_lam1.00_D0.12_n400,t5,1.0,0.12,400
True,5,5,0.23762213301575125,0.2823213904947769,0.1695738161999391,0.14018461555381131,,0.2828982112125926,31.966129680265443,0.0004056749572100191,,True,1.0,1.0,8.379377526850586e-07,9.432487292665815e-07,True,0.003177002744249207,3.860654971724245e-06,0.14835569004581042,2.5746677962453577e-06,20.66682101333224,3.252796078466251e-05,True,True,True,358,0.46196508407592773,t5_lam1.00_D0.12_n400,t5,1.0,0.12,400
True,5,5,0.15963428404411903,0.12741552321139238,0.03422694771965129,0.07840692946392637,,0.18066259713981686,18.265537435924582,0.05064622044813951,,False,1.0,1.0,8.246303665643906e-07,9.583791032772012e-07,True,0.0022427877438871515,8.913949783139091e-05,0.09883879031315414,8.984945978044597e-05,7.687016248823727,0.02141833122318379,True,True,True,359,0.45177292823791504,t5_lam1.00_D0.12_n400,t5,1.0,0.12,400
True,5,5,0.23229961439968666,0.26981555425121556,0.1814166038177265,0.11733940280436918,,0.27365041425322667,29.368169205399987,0.0010859641830044202,,True,1.0,1.0,9.711787928861634e-07,8.754809662094147e-07,True,0.004085327260441202,1.8864591249331374e-07,0.1791404907233169,1.9686714839495065e-07,28.399177950676204,6.810780167359773e-07,True,True,True,360,0.446152925491333,t5_lam1.00_D0.12_n400,t5,1.0,0.12,400
True,5,5,0.1566521462872177,0.12269947468195924,0.017689899551281002,0.08896165719664174,,0.18111808526527146,12.877252156460884,0.2306160094579719,,False,0.9966666666666667,0.9966666666666667,9.454144304377582e-07,8.90219911473138e-07,True,0.0015793776915566486,0.0008595533641720969,0.07521624860222086,0.0006063235475437342,5.513441896065799,0.06349964599169935,True,True,False,361,0.4644789695739746,t5_lam1.00_D0.12_n400,t5,1.0,0.12,400
True,5,5,0.21094765228726903,0.2224945600275528,0.05074938650886307,0.187822340899304,,0.26821246994112674,25.220278286410846,0.004943246406686503,,True,1.0,1.0,7.73937960898731e-07,9.029362961665235e-07,True,0.0023535998273674827,6.126827937078568e-05,0.11164934586190284,3.7078203470721134e-05,27.78668138458075,9.251215595945647e-07,True,True,True,362,0.4911668300628662,t5_lam1.00_D0.12_n400,t5,1.0,0.12,400
True,5,5,0.1378804178413827,0.0950550481205714,0.004479540998337139,0.07571815959254151,,0.1606392420488963,10.155089861735885,0.4269937887451254,,False,1.0,1.0,9.506268885920173e-07,8.482995812100255e-07,True,0.0037716529797657532,5.335470358258582e-07,0.16846084600081437,4.534159580239411e-07,16.372294888424374,0.0002784846980665433,True,True,True,363,0.4743232727050781,t5_lam1.00_D0.12_n400,t5,1.0,0.12,400
True,5,5,0.2303404075990505,0.2652835168644836,0.16612982528655812,0.11460513408295483,,0.266322547205514,33.51086779270904,0.00022343775140715974,,True,1.0,1.0,8.616099248162239e-07,8.926698884519303e-07,True,0.003437738799648836,1.6187266221257633e-06,0.15361929025174884,1.2526426572975658e-06,24.068234431870273,5.938124495557847e-06,True,True,True,364,0.45496129989624023,t5_lam1.00_D0.12_n400,t5,1.0,0.12,400
True,5,5,0.1873151348979387,0.17543479880916485,0.09013907669468632,0.08389347381405904,,0.21360316541441968,29.87355490265429,0.0008983963455083039,,True,1.0,0.9966666666666667,7.162521744602297e-07,9.07431891257895e-07,True,0.0026113554298325308,2.569090744776951e-05,0.11793307447810604,2.030766072452459e-05,8.458342652959498,0.01456445472706227,True,True,True,365,0.45624589920043945,t5_lam1.00_D0.12_n400,t5,1.0,0.12,400
True,5,5,0.0781273195536501,0.030519390303190785,-0.05455414983106874,0.05253933232640672,,0.07983152447953136,3.9293100808847665,0.9504795786886883,,False,1.0,1.0,7.765840862332249e-07,5.6733493228692e-07,True,0.0028798549843688463,1.0429634364138545e-05,0.12500383590732078,1.0725947933157062e-05,15.418004477868228,0.00044876901808140065,True,True,True,366,0.4615359306335449,t5_lam1.00_D0.12_n400,t5,1.0,0.12,400
True,5,5,0.11936252745368611,0.07123706480065986,-0.01685529052895371,0.0648850074691511,,0.13406793005148757,12.348175746474274,0.26242993271681064,,False,1.0,0.9966666666666667,8.95438476905353e-07,9.024564409611861e-07,True,0.00287179776630254,1.0715080089738784e-05,0.12718125599294725,1.0416051266403542e-05,25.37725699492517,3.08601946210775e-06,True,True,True,367,0.4429197311401367,t5_lam1.00_D0.12_n400,t5,1.0,0.12,400
True,5,5,0.17734190646821296,0.15725075894890195,0.07113889096072461,0.09422272213351254,,0.2126600466487645,16.19417798173456,0.09420711863345706,,False,1.0,1.0,9.054796777553403e-07,8.593144975485786e-07,True,0.003190994681309304,3.684480356396762e-06,0.14211277460467991,3.1725727644606676e-06,9.77204358105365,0.007551403865720521,True,True,True,368,0.4728062152862549,t5_lam1.00_D0.12_n400,t5,1.0,0.12,400
True,5,5,0.18092193966415657,0.16366374125920355,0.06740029884705004,0.0965213005448533,,0.21267990508100434,18.098247291519858,0.053328791775902884,,False,0.9966666666666667,1.0,7.834425508104698e-07,9.834391258951712e-07,True,0.0010449049090673949,0.005560794488366849,0.046289841148942135,0.005429959173527023,2.1113833217891353,0.3479516794879686,True,True,False,369,0.505742073059082,t5_lam1.00_D0.12_n400,t5,1.0,0.12,400
True,5,5,0.16945438316250408,0.14357393986492373,0.032739812133051355,0.09925250875820485,,0.19798770726891976,18.461819825031547,0.04765544406800248,,True,1.0,0.9966666666666667,8.191098443821948e-07,7.919479747675754e-07,True,0.004916890277381815,1.2116531336535793e-08,0.22529794087476693,8.97463655126312e-09,22.93617149034839,1.045860215785352e-05,True,True,True,370,0.4823911190032959,t5_lam1.00_D0.12_n400,t5,1.0,0.12,400
True,5,5,0.13558331626879788,0.09191417825222438,-0.0013038106768039626,0.06931362621732144,,0.15013790913950803,15.254947415999872,0.12303969568291724,,False,1.0,1.0,9.543893671567021e-07,9.432266082720109e-07,True,0.0031564654723729713,4.134669112709876e-06,0.14075074531970955,3.4271649240784596e-06,19.226698072668196,6.683063088534183e-05,True,True,True,371,0.4680631160736084,t5_lam1.00_D0.12_n400,t5,1.0,0.12,400
True,5,5,0.21152173541280492,0.22370722276022326,0.12205955699651427,0.10885828198341087,,0.24540395145173752,23.985612079982516,0.007638672249529805,,True,1.0,1.0,9.534645042765219e-07,9.934659469398686e-07,True,0.005003206289051461,9.119129987264705e-09,0.2213224941053712,7.766247370318138e-09,33.949162365831185,4.246518883373287e-08,True,True,True,372,0.45990514755249023,t5_lam1.00_D0.12_n400,t5,1.0,0.12,400
True,5,5,0.14290999533558024,0.10211633383407782,-0.002415095507082257,0.08494537442287432,,0.1657151844009072,10.302583658828103,0.4143597131984821,,False,0.9966666666666667,1.0,8.336137059888652e-07,7.430350919555234e-07,True,0.0023093789238061357,7.11497266914363e-05,0.10380762211816812,6.158520043728545e-05,7.59140753557122,0.022467088638357953,True,True,True,373,0.4887568950653076,t5_lam1.00_D0.12_n400,t5,1.0,0.12,400
True,5,5,0.15126814857861776,0.11441026387201389,0.021341805175122658,0.08567763132471085,,0.18014936458849048,11.169523392371145,0.344464063471094,,False,0.9966666666666667,1.0,9.864269365882632e-07,9.896837159818843e-07,True,0.0037026008875022556,6.710085753890002e-07,0.16092866563567834,6.55207284503472e-07,10.328920350942248,0.005716147723031256,True,True,True,374,0.4662911891937256,t5_lam1.00_D0.12_n400,t5,1.0,0.12,400
True,5,5,0.1937834813165218,0.18776018815575374,0.10714484491782533,0.0911963050121746,,0.22678157684506625,25.956717130035813,0.003798837068840606,,True,1.0,1.0,9.54580817921675e-07,7.66590614174007e-07,True,0.005290017467954707,3.5499343476253213e-09,0.24559621896362566,2.104493289793235e-09,22.51243875803656,1.2926651384765177e-05,True,True,True,375,0.4280219078063965,t5_lam1.00_D0.12_n400,t5,1.0,0.12,400
True,5,5,0.23103023854722285,0.2668748556159335,0.18485042035512322,0.10555326327336581,,0.26775738581293423,31.60298834752933,0.0004662054878213168,,True,1.0,1.0,9.655707525984122e-07,7.741864637957391e-07,True,0.0006654264896060804,0.021836953720744755,0.0291367418384307,0.02137502929330543,3.673492784364665,0.15933499725627048,True,True,False,376,0.451495885848999,t5_lam1.00_D0.12_n400,t5,1.0,0.12,400
True,5,5,0.22013062523056953,0.24228746082200728,0.1513684713265555,0.10262284147335135,,0.2530486215461619,33.21869503346686,0.0002502651785699971,,True,1.0,1.0,9.998237661200483e-07,8.913540697176176e-07,True,0.0014549878279837367,0.0013217354939092567,0.0669321768053943,0.001086718313842865,17.01907916661098,0.0002015365943668623,True,True,True,377,0.46195387840270996,t5_lam1.00_D0.12_n400,t5,1.0,0.12,400
True,5,5,0.1677312039948571,0.14066878396782187,0.06273979313595851,0.07118942074722878,,0.18965018853278906,22.180110481226148,0.014212887199487807,,True,1.0,0.9966666666666667,8.051367042597974e-07,7.256905196468709e-07,True,0.002297045617911893,7.41813324620069e-05,0.09926068408448709,7.900989177958841e-05,4.840220855363614,0.08891179859345504,True,True,False,378,0.4627227783203125,t5_lam1.00_D0.12_n400,t5,1.0,0.12,400
True,5,5,0.16009224106253708,0.12814762824212744,0.017578229862751274,0.10509299492940971,,0.1951618936880781,11.974796195294967,0.2867468407266448,,False,1.0,1.0,9.75022660541029e-07,9.933654842573566e-07,True,0.0030764361228701863,5.4020080399529664e-06,0.13520971998271455,5.201277861154397e-06,7.043353378018997,0.029549847703254147,True,True,True,379,0.46399879455566406,t5_lam1.00_D0.12_n400,t5,1.0,0.12,400
True,5,5,0.22553272351274087,0.2543250468753721,0.16542215929551002,0.10382352354360411,,0.25930547952524596,30.96306516843628,0.0005950227568382703,,True,1.0,1.0,8.645455180102528e-07,9.724836464348167e-07,True,0.003389185089988783,1.9027823362976723e-06,0.14608636129919383,2.1614151640074083e-06,17.911001998695163,0.00012902543540616455,True,True,True,380,0.45244479179382324,t5_lam1.00_D0.12_n400,t5,1.0,0.12,400
True,5,5,0.17385862382457945,0.15113410539088312,0.08298818535635656,0.06819803712845157,,0.19756719063552092,25.78519872074135,0.0040400789716712624,,True,1.0,1.0,9.530125087631141e-07,6.405957124314277e-07,True,0.0033849340760423023,1.929915743840037e-06,0.15328512723042748,1.9043203058788886e-06,18.05480344840556,0.00012007407377031091,True,True,True,381,0.43290114402770996,t5_lam1.00_D0.12_n400,t5,1.0,0.12,400
True,5,5,0.15121081111893048,0.11432354699622435,0.02601417189941657,0.0746403927550848,,0.17250315512459485,15.338479441936052,0.12020014107958779,,False,1.0,1.0,8.197911535145341e-07,9.013350963898301e-07,True,0.002700021990159496,1.9068472654961398e-05,0.11848479469135753,1.990741340003151e-05,5.558190570325219,0.06209465993266702,True,True,False,382,0.45486903190612793,t5_lam1.00_D0.12_n400,t5,1.0,0.12,400
True,5,5,0.20958888884837107,0.21963751164347423,0.13715916098967945,0.10157299207855564,,0.24667057603630183,24.749910329903866,0.005840247471830451,,True,1.0,1.0,9.871380614207951e-07,9.77402618408295e-07,True,0.003871397054083813,3.832398428507653e-07,0.17272045159199825,3.379812321481995e-07,29.648068506919472,3.647570747901701e-07,True,True,True,383,0.44498777389526367,t5_lam1.00_D0.12_n400,t5,1.0,0.12,400
True,5,5,0.20507424480115644,0.21027722940382315,0.11586969376208575,0.10310290533377857,,0.23893885475141363,23.65033746016748,0.008584607021695966,,True,1.0,1.0,9.518045334154801e-07,8.012114950713477e-07,True,0.004244821136064153,1.1129420996982294e-07,0.18555550261615356,8.935374453451742e-08,31.32205378571937,1.5794374796340067e-07,True,True,True,384,0.4771461486816406,t5_lam1.00_D0.12_n400,t5,1.0,0.12,400
True,5,5,0.18724587096151735,0.175305080960686,0.0818115858478963,0.09359041826456735,,0.21714240708727311,22.238262909323407,0.013935759840036201,,True,1.0,1.0,8.522181804187145e-07,6.864531257180061e-07,True,0.0038768763840871957,3.7633965217585526e-07,0.1717786054865513,3.281741911215263e-07,10.494358334428043,0.005262341668279373,True,True,True,385,0.4975271224975586,t5_lam1.00_D0.12_n400,t5,1.0,0.12,400
True,5,5,0.23545735317853594,0.277200825829209,0.13013059347515282,0.21389934161750934,,0.31047180269301267,24.015420863813468,0.007559564117596918,,True,1.0,1.0,9.813878590005395e-07,9.922958810622023e-07,True,0.0030962665955929446,5.055601304345363e-06,0.1349345203261948,4.965645107358275e-06,21.316567541292734,2.350532020707789e-05,True,True,True,386,0.5179738998413086,t5_lam1.00_D0.12_n400,t5,1.0,0.12,400
True,5,5,0.15426545480812626,0.11898915273579024,-0.004382084151804605,0.09664131419377112,,0.1758287416852982,14.042769301231012,0.17104969201493508,,False,1.0,1.0,8.280933238209672e-07,9.720749244410247e-07,True,0.003629647719951576,8.550151866622221e-07,0.16183079648601764,6.252750845472041e-07,19.350256403075992,6.282683910293066e-05,True,True,True,387,0.5258140563964844,t5_lam1.00_D0.12_n400,t5,1.0,0.12,400
True,5,5,0.1380552565031333,0.09529626924072965,-0.009790774654653417,0.08982197111023196,,0.16610431680479706,11.530984840473646,0.31767084992875755,,False,0.9966666666666667,1.0,9.060752557646398e-07,8.48025560606935e-07,True,0.004584755277814996,3.621167145894648e-08,0.20268416466262232,3.2785734111937284e-08,8.297929355175173,0.015780746190356288,True,True,True,388,0.4913051128387451,t5_lam1.00_D0.12_n400,t5,1.0,0.12,400
True,5,5,0.1217280663527031,0.07408861068984043,-0.02194438217212888,0.0687391491391363,,0.13499737523591904,8.21691658424798,0.6076580266233486,,False,1.0,1.0,8.730695851874474e-07,8.276634434973786e-07,True,0.0034655149008237683,1.4757772018879388e-06,0.15679593638667802,1.1932379120737416e-06,22.23597178685975,1.4842944945808671e-05,True,True,True,389,0.4939241409301758,t5_lam1.00_D0.12_n400,t5,1.0,0.12,400
True,5,5,0.2638003018807251,0.34795299636180854,0.24805908204733615,0.14151814055665254,,0.3101082742596122,32.202154695666046,0.00037052590092501544,,True,1.0,1.0,9.755056801703077e-07,9.843435003898605e-07,True,0.003055193999883448,5.799549914871374e-06,0.1375317675706172,4.743375454631193e-06,19.496895562651027,5.838522005996528e-05,True,True,True,390,0.5016319751739502,t5_lam1.00_D0.12_n400,t5,1.0,0.12,400
False,5,4,,,,,,,,,not_applicable,False,1.0,1.0,9.01334041490531e-07,9.575821670755352e-07,False,0.0018022529018243301,0.000399523912857277,0.08148178545946348,0.00032408899210511984,2.1855374608068736,0.3352868883855811,True,True,False,391,0.5157148838043213,t5_lam1.00_D0.12_n400,t5,1.0,0.12,400
True,5,5,0.16742893134928855,0.14016223526382388,0.039286452453556595,0.08247327645231319,,0.1870523564955627,19.68966476590457,0.032328406004619586,,True,1.0,1.0,8.433364098705203e-07,8.203168945514149e-07,True,0.002712886794464199,1.826192920816088e-05,0.12160024334621869,1.6005213306681705e-05,24.793276467352154,4.132457739515412e-06,True,True,True,392,0.47348999977111816,t5_lam1.00_D0.12_n400,t5,1.0,0.12,400
True,5,5,0.17996969220030837,0.16194545055336868,0.06371718586334074,0.09142586955872835,,0.20692963006984147,21.66546639702276,0.016902558028613002,,True,1.0,1.0,9.100943998101738e-07,8.468030589796323e-07,True,0.0028306626349714785,1.229938067829828e-05,0.130502737393922,7.853650706268042e-06,31.6101393480396,1.3675570555117495e-07,True,True,True,393,0.46002697944641113,t5_lam1.00_D0.12_n400,t5,1.0,0.12,400
True,5,5,0.17011180951207075,0.14469013867735522,0.0660399064857487,0.07780705175268854,,0.19698787666430606,18.893897945367357,0.04163121999950312,,True,1.0,1.0,9.00431888228371e-07,9.172102897446857e-07,True,0.003514910427493461,1.2521104321269791e-06,0.15495902558651423,1.3086933512160264e-06,17.22010720223214,0.0001822641405896558,True,True,True,394,0.4544341564178467,t5_lam1.00_D0.12_n400,t5,1.0,0.12,400
True,5,5,0.2721812465090918,0.37041315475621506,0.2878654044299252,0.136960400266804,,0.3203576799633507,35.080281787050275,0.00012098673084876407,,True,1.0,1.0,9.879483769724663e-07,7.345749220760875e-07,True,0.0017415802221274425,0.0004919026618596296,0.08237221490952935,0.00033588775441639957,27.41754865311208,1.1126407360904628e-06,True,True,True,395,0.4554738998413086,t5_lam1.00_D0.12_n400,t5,1.0,0.12,400
True,5,5,0.08573153344302306,0.036749479132460905,-0.04867243991141108,0.05777547790613602,,0.09629098033705066,4.260574638408357,0.9348273075835279,,False,1.0,0.9933333333333333,8.646799160555405e-07,9.643212525249485e-07,True,0.005725330244772839,8.498959841177337e-10,0.24923520313325467,9.152764223097077e-10,20.89803221468859,2.8976769307913538e-05,True,True,True,396,0.4473118782043457,t5_lam1.00_D0.12_n400,t5,1.0,0.12,400
True,5,5,0.17652132122367475,0.1557988842327588,0.0661864567339224,0.08151342658559574,,0.2001320124810032,23.105238541810916,0.010364720382411008,,True,1.0,1.0,8.179372728999629e-07,8.440118332955883e-07,True,0.002508133750215694,3.636897700184598e-05,0.11045692177534061,3.197672443163809e-05,13.68410635286106,0.001067908542546701,True,True,True,397,0.4555470943450928,t5_lam1.00_D0.12_n400,t5,1.0,0.12,400
True,5,5,0.21425765619108988,0.2295317161824964,0.13494718449812515,0.11354357695338188,,0.25365715005374434,23.74261754206242,0.008313667089831155,,True,1.0,1.0,9.223135584006393e-07,8.758401449049966e-07,True,0.003488204154383922,1.3684526722297206e-06,0.1555938669060132,1.301214554520251e-06,8.093419908521737,0.017479789445821126,True,True,True,398,0.4715418815612793,t5_lam1.00_D0.12_n400,t5,1.0,0.12,400
True,5,5,0.18886069404548816,0.17834180877671746,0.06409191506698238,0.10625851617951353,,0.21857338392372339,19.595730174663515,0.03331678532265062,,True,1.0,1.0,8.674352117075759e-07,7.198134794798535e-07,True,0.0025784131003559886,2.8702918352854097e-05,0.11802273187431057,1.7102987060376454e-05,13.28592073947979,0.0013031636815425873,True,True,True,399,0.46285176277160645,t5_lam1.00_D0.12_n400,t5,1.0,0.12,400
True,5,5,0.19821168526136282,0.1964393608707478,0.13081233173037615,0.0775279264237993,,0.22730350753940834,32.383715045625195,0.0003455310674010454,,True,1.0,1.0,9.65933606525653e-07,6.063954091169167e-07,True,0.003016557493559731,6.599441689725585e-06,0.13778094855595985,5.2683209915410275e-06,18.063481479038707,0.00011955419921257451,True,True,True,400,0.4259357452392578,t5_lam1.00_D0.12_n400,t5,1.0,0.12,400
True,5,5,0.15478072456232767,0.11978536348019572,0.034507765019685374,0.0743791169845677,,0.1771160779608669,16.342549124343797,0.09023746018586459,,False,0.9966666666666667,1.0,8.444800220868296e-07,6.873530010036313e-07,True,0.002439519998083362,4.583750848974227e-05,0.10998113961794005,3.8014576071865265e-05,8.45700630096424,0.014574189598070839,True,True,True,401,0.4583759307861328,t5_lam1.00_D0.12_n400,t5,1.0,0.12,400
True,5,5,0.12529857256914698,0.07849866143932895,-0.01155413580759343,0.068537418636251,,0.14225321495005688,11.259889366821834,0.33763201194017123,,False,1.0,1.0,7.197616818734032e-07,9.312298455175467e-07,True,0.0023969852805039234,5.291502979639479e-05,0.10705931775048859,4.648765434651593e-05,20.436784049768935,3.649292963081929e-05,True,True,True,402,0.45400285720825195,t5_lam1.00_D0.12_n400,t5,1.0,0.12,400
True,5,5,0.1540923458467334,0.11872225524274646,0.04387553256161045,0.07286989797415276,,0.18096179074046506,22.023593985975708,0.014984854368486358,,True,1.0,1.0,8.662281673464975e-07,9.83067725094739e-07,True,0.002234750566931409,9.159988379826243e-05,0.10199367139294485,6.644487678162415e-05,15.080766773122997,0.0005311939301400606,True,True,True,403,0.43455004692077637,t5_lam1.00_D0.12_n400,t5,1.0,0.12,400
True,5,5,0.17023168900403338,0.14489413970582968,0.046353376038428235,0.0932871268430255,,0.1998984967297457,18.482644429494446,0.047347764009993146,,True,0.9966666666666667,1.0,8.866461319730917e-07,9.982726227423408e-07,True,0.004402625433417436,6.606545939209219e-08,0.19614392633306493,6.104280602419998e-08,31.94289153418863,1.1579484756041927e-07,True,True,True,404,0.4727628231048584,t5_lam1.00_D0.12_n400,t5,1.0,0.12,400
True,5,5,0.1392970554099519,0.09701834822941607,0.019671393976232035,0.062483701709751156,,0.15649149328884948,16.807204849121938,0.0787403955436446,,False,1.0,1.0,8.991353002222694e-07,9.383488718601869e-07,True,0.0026655895714009694,2.1407689223778117e-05,0.11919074529577177,2.1365347124910667e-05,7.8304488956861995,0.019936073534749334,True,True,True,405,0.44625306129455566,t5_lam1.00_D0.12_n400,t5,1.0,0.12,400
True,5,5,0.12509644880458198,0.078245607517587,-0.017971334435968656,0.07015699700408184,,0.13958986821558284,10.156237148280052,0.42689473530121336,,False,1.0,1.0,9.219024585001357e-07,8.598115575438055e-07,True,0.004041692792915405,2.17967466936497e-07,0.1819776461368807,1.7942505780378916e-07,38.51739858974883,4.325667838857664e-09,True,True,True,406,0.4611656665802002,t5_lam1.00_D0.12_n400,t5,1.0,0.12,400
True,5,5,0.14972401721052778,0.11208640664829209,0.025598372565605293,0.07178673832982475,,0.16951522024551882,18.867836144039096,0.04197383284587321,,True,1.0,1.0,9.218008864109544e-07,8.275318909659164e-07,True,0.002731222814184785,1.7171231801063267e-05,0.12084104654080338,1.658091988294748e-05,9.07325765372613,0.010709449173797597,True,True,True,407,0.45911407470703125,t5_lam1.00_D0.12_n400,t5,1.0,0.12,400
True,5,5,0.17214695982820802,0.14817287889047334,0.08526334686771028,0.06546646774581202,,0.19644139267634544,27.274945276061242,0.0023557421012380566,,True,1.0,1.0,9.366087169043728e-07,8.927807605382792e-07,True,0.002632673501707011,2.3913103380746553e-05,0.11927682251595621,2.170027012561074e-05,5.414727326608473,0.06671245156793255,True,True,False,408,0.4156508445739746,t5_lam1.00_D0.12_n400,t5,1.0,0.12,400
True,5,5,0.22529174413933126,0.2537818498867095,0.1587950917454618,0.11577584639106886,,0.264283715955103,31.625729927533612,0.0004621687796706307,,True,1.0,1.0,9.476525035473062e-07,8.677746881673504e-07,True,0.0023693333082861335,5.809581887050773e-05,0.10648136585873365,4.7993143287233376e-05,17.85997748737267,0.00013235951440176917,True,True,True,409,0.4649641513824463,t5_lam1.00_D0.12_n400,t5,1.0,0.12,400
True,5,5,0.10505074142990353,0.05517829137486226,-0.03943033247756782,0.06268379517088676,,0.11284975441740974,7.455040956699448,0.6819003565200805,,False,1.0,1.0,8.232273348496005e-07,9.973230769457036e-07,True,0.002102655401387825,0.00014339634013593302,0.09027347325368494,0.00016161209632973146,6.099596367578468,0.047368483154331724,True,True,True,410,0.46451377868652344,t5_lam1.00_D0.12_n400,t5,1.0,0.12,400
True,5,5,0.21654306996038386,0.2344545057393385,0.15593738351077835,0.09748507061710919,,0.2515098628240852,29.83078582905735,0.0009129630101984918,,True,1.0,1.0,7.642436820081455e-07,8.898524767246065e-07,True,0.0013876247342091415,0.001670124642013263,0.06048307905695429,0.0016481439683092174,5.250238453519877,0.07243112079157538,True,True,False,411,0.44747209548950195,t5_lam1.00_D0.12_n400,t5,1.0,0.12,400
True,5,5,0.1652139353838597,0.13647822222511083,0.055592542578162096,0.07641195033192433,,0.19040956710421017,18.822410014727645,0.042577192984294146,,True,1.0,1.0,9.852146639444867e-07,8.521822409841581e-07,True,0.002090750041239543,0.00014931703999026709,0.09431899155079898,0.00011538140431710704,8.154616624937272,0.0169530365710118,True,True,True,412,0.43630003929138184,t5_lam1.00_D0.12_n400,t5,1.0,0.12,400
True,5,5,0.1867237998018098,0.17432888706213173,0.059381758857329284,0.12015755326138865,,0.22672597828433294,18.15537761447109,0.052398524374517016,,False,1.0,0.9966666666666667,9.150343995768775e-07,9.864538342041432e-07,True,0.003341226384379584,2.232435069293924e-06,0.14922554766207421,1.8349532202397386e-06,12.591590599857607,0.0018440421431080753,True,True,True,413,0.4659240245819092,t5_lam1.00_D0.12_n400,t5,1.0,0.12,400
True,5,5,0.1558687967869155,0.12147540905900382,-0.0066062297630691685,0.10992218653844105,,0.1866545887178356,16.001868968806235,0.09957891161399343,,False,0.9966666666666667,1.0,8.604034820870956e-07,9.270559030857724e-07,True,0.0024193856460870654,4.906060066736173e-05,0.10923444888306447,4.426059864770903e-05,5.278057058425481,0.07143062862980386,True,True,False,414,0.457550048828125,t5_lam1.00_D0.12_n400,t5,1.0,0.12,400
True,5,5,0.1445106089481222,0.10441658049278549,0.022328418751032766,0.06647161541365551,,0.16227414855947167,14.989537499817157,0.13244376604844432,,False,1.0,1.0,9.946702638776797e-07,8.258491743503314e-07,True,0.0035621487067238216,1.0700737833609377e-06,0.16130503190447343,7.790920601659298e-07,29.970075642431397,3.1051369781003673e-07,True,True,True,415,0.4439408779144287,t5_lam1.00_D0.12_n400,t5,1.0,0.12,400
True,5,5,0.14854072290877793,0.11032173181131172,0.015182433374045373,0.07155303230544012,,0.163019445515573,18.758842285786216,0.04343484884546825,,True,1.0,1.0,9.521587146095857e-07,8.474813704534876e-07,True,0.003330278216695594,2.31539055455622e-06,0.1529596910484181,1.4032128206340053e-06,26.626440870991846,1.6525013711205462e-06,True,True,True,416,0.4633159637451172,t5_lam1.00_D0.12_n400,t5,1.0,0.12,400
True,5,5,0.18837707057856806,0.17742960359881405,0.08781069937739314,0.09299794504610398,,0.21944416446354229,20.398767953696215,0.02569878841894941,,True,1.0,1.0,9.050780720588101e-07,8.802345403559851e-07,True,0.001983919595544007,0.00021478756707181594,0.0884274095897257,0.00018567402435121878,27.818280556425044,9.106198839268083e-07,True,True,True,417,0.45502591133117676,t5_lam1.00_D0.12_n400,t5,1.0,0.12,400
True,5,5,0.2595439393356159,0.3368152822292494,0.2439746086722015,0.1282839499683828,,0.30165640356450485,35.78484611710096,9.165060070566604e-05,,True,0.9966666666666667,1.0,9.77103758892383e-07,7.887933853176257e-07,True,0.005143962149295159,5.738528359758495e-09,0.23569541263077443,3.041393888777085e-09,36.95457243463389,9.449668104098492e-09,True,True,True,418,0.4568288326263428,t5_lam1.00_D0.12_n400,t5,1.0,0.12,400
True,5,5,0.21400195858898077,0.2289841913995992,0.15011992930234422,0.08557064688634171,,0.24119333249239172,42.19178481323042,6.931770285162075e-06,,True,1.0,1.0,9.288035991461474e-07,9.421017459611144e-07,True,0.004107126903860186,1.755125517276497e-07,0.1848955384109847,1.2370227361280133e-07,65.37961300470397,6.353271598298072e-15,True,True,True,419,0.4539182186126709,t5_lam1.00_D0.12_n400,t5,1.0,0.12,400
True,5,5,0.2084778019948699,0.2173149696230609,0.11153453911974981,0.1143318785138201,,0.24478306484288567,21.715334964315954,0.016622318491898953,,True,1.0,1.0,8.372368230773832e-07,7.663835314915472e-07,True,0.004851935205654767,1.5007071901944177e-08,0.214768149551196,1.3057364409340786e-08,41.398899490496774,1.0241019597183752e-09,True,True,True,420,0.47532105445861816,t5_lam1.00_D0.12_n400,t5,1.0,0.12,400
True,5,5,0.16864506561977857,0.1422057907894971,0.050878561415607496,0.08364388077371183,,0.1941445348592352,17.935612572638,0.056059527450925004,,False,1.0,1.0,7.98840761747726e-07,8.519547451432081e-07,True,0.0033431392975025852,2.2182497530794802e-06,0.15079934633771436,1.6675491570509827e-06,23.12824632586879,9.500908209432233e-06,True,True,True,421,0.4576239585876465,t5_lam1.00_D0.12_n400,t5,1.0,0.12,400
True,5,5,0.11934374378214445,0.0712146458996907,-0.009893060165936635,0.062445162523329746,,0.13624983808881128,9.336057703793816,0.5005349722504148,,False,1.0,1.0,8.55082273854806e-07,9.679472457085598e-07,True,0.0019767360570471064,0.0002201110707618648,0.08692858354748317,0.0002190960605333647,1.3861434312269325,0.5000377338970149,True,True,False,422,0.45584678649902344,t5_lam1.00_D0.12_n400,t5,1.0,0.12,400
True,5,5,0.18005751884277243,0.16210355045907676,0.0727519276459167,0.08579190761669162,,0.20681733875684483,19.924237531695297,0.02997747225473953,,True,1.0,1.0,9.167513035794803e-07,9.59494363553328e-07,True,0.0031254618897458217,4.585752779163595e-06,0.13869161895649654,4.95938207709944e-06,20.42132784216456,3.677604333605737e-05,True,True,True,423,0.4468400478363037,t5_lam1.00_D0.12_n400,t5,1.0,0.12,400
True,5,5,0.22065922395547574,0.24345246558316397,0.12589041996981498,0.12811273358003383,,0.2594675757999836,21.649863250863998,0.016991150273790313,,True,1.0,1.0,9.776412768662078e-07,8.56844512472035e-07,True,0.003236209501480927,3.168461443003895e-06,0.14876724950966078,2.221659311762014e-06,23.866807166609703,6.567327487713429e-06,True,True,True,424,0.4935948848724365,t5_lam1.00_D0.12_n400,t5,1.0,0.12,400
True,5,5,0.2648757301832082,0.3507957622004386,0.22528373209408686,0.16045662555285858,,0.3127975046585572,33.51635810748534,0.00022296161376839902,,True,0.9933333333333333,1.0,9.93841907370657e-07,9.611924877552954e-07,True,0.004322560395670305,8.6072162171246e-08,0.19830749617233354,4.601861657783945e-08,39.06060601210101,3.2968347150035743e-09,True,True,True,425,0.4814329147338867,t5_lam1.00_D0.12_n400,t5,1.0,0.12,400
True,5,5,0.14672675691509116,0.10764370597410125,0.013183627328066383,0.0791461633111693,,0.16933250196565144,13.358631292695046,0.2043056972263516,,False,1.0,1.0,9.068908281859429e-07,9.165759024232359e-07,True,0.003315080959734179,2.435692758704047e-06,0.15093674552695457,1.7899413380008015e-06,12.947105218750837,0.001543731703911574,True,True,True,426,0.4547257423400879,t5_lam1.00_D0.12_n400,t5,1.0,0.12,400
True,5,5,0.19933374648409577,0.19866971243692882,0.10428022394639508,0.11950228350591684,,0.24529328910513853,16.560102303153172,0.08468236286041984,,False,1.0,1.0,7.842300149753995e-07,9.32979947178386e-07,True,0.003301431647466614,2.549078093237665e-06,0.1459406617129741,2.077253410883331e-06,6.949226532269562,0.030973810128517756,True,True,True,427,0.4552319049835205,t5_lam1.00_D0.12_n400,t5,1.0,0.12,400
True,5,5,0.22676076969674433,0.2571022333672996,0.17621068211765983,0.09843256418059736,,0.2600453200195108,40.212302014311575,1.5546363201066797e-05,,True,1.0,1.0,7.081719873611346e-07,9.838747124079408e-07,True,0.002041645091171176,0.00017645618909127543,0.09039546836360732,0.00017669198344976035,35.75690842647721,1.7198318608268327e-08,True,True,True,428,0.4506230354309082,t5_lam1.00_D0.12_n400,t5,1.0,0.12,400
True,5,5,0.21250154024465462,0.2257845230317528,0.12824064710796004,0.11119261813299712,,0.24945389487207867,24.25169812817306,0.006959612396284192,,True,1.0,1.0,8.67512891725565e-07,9.134745324608347e-07,True,0.0026655346077617235,2.1411644890982513e-05,0.11547682417440984,2.1988678435856634e-05,20.280562671640183,3.9457700399360896e-05,True,True,True,429,0.46829915046691895,t5_lam1.00_D0.12_n400,t5,1.0,0.12,400
True,5,5,0.1078687240793138,0.05817830817249567,-0.030023140680862453,0.06420331077342506,,0.12294869491547951,6.1712291194958375,0.8006779371414496,,False,1.0,1.0,9.570509193166436e-07,8.104800196995847e-07,True,0.003996915421133645,2.528138791566761e-07,0.17868133904293795,1.798633968277359e-07,10.978909426847135,0.004130095646066153,True,True,True,430,0.4590580463409424,t5_lam1.00_D0.12_n400,t5,1.0,0.12,400
True,5,5,0.15549015578037909,0.12088594272303278,0.016139496229511163,0.09878522049374441,,0.18901149406734372,10.693969107554615,0.381852306348012,,False,1.0,1.0,9.155475258433302e-07,8.349219544018458e-07,True,0.00434580694665539,7.970748920912485e-08,0.19513921516659158,6.522563105257605e-08,12.433603508163976,0.0019956174972887747,True,True,True,431,0.45800209045410156,t5_lam1.00_D0.12_n400,t5,1.0,0.12,400
True,5,5,0.11842305486213468,0.0701200996144008,-0.028140553220253967,0.07094539919108818,,0.13308211296393477,8.495936332192827,0.5805123235247327,,False,1.0,1.0,8.648046018977427e-07,9.065651293314257e-07,True,0.002841856301484686,1.1846312703613849e-05,0.12578186944473005,1.1906414703079083e-05,3.0822350323438297,0.21414166089343326,True,True,False,432,0.45911192893981934,t5_lam1.00_D0.12_n400,t5,1.0,0.12,400
True,5,5,0.1361426813559301,0.09267414843391161,0.01156254264526825,0.07182002454288695,,0.16105649350608597,11.350642043055327,0.33086008005862033,,False,1.0,1.0,8.918409263211623e-07,9.625110837340385e-07,True,0.0016029789298432102,0.0007923510562406087,0.07602720564024358,0.0005660955792256366,11.072291202824308,0.003941690442320249,True,True,True,433,0.4516947269439697,t5_lam1.00_D0.12_n400,t5,1.0,0.12,400
True,5,5,0.18833820296588902,0.17735639348210205,0.0788262527379335,0.09901469900407939,,0.21985947308055742,18.960076597215295,0.04077271009649757,,True,1.0,1.0,9.471480260593526e-07,9.249036138897831e-07,True,0.003193390581152427,3.6551325297007915e-06,0.14348649802856595,3.3100790650015493e-06,18.88974393703026,7.909412424907858e-05,True,True,True,434,0.48610615730285645,t5_lam1.00_D0.12_n400,t5,1.0,0.12,400
True,5,5,0.19393208958915853,0.18804827686208705,0.10601180578103125,0.09473551264993037,,0.22883961954363422,25.606812493766093,0.00430658720787141,,True,1.0,1.0,7.566008314408074e-07,9.72145075335111e-07,True,0.002583536413147664,2.8212164162007007e-05,0.12008116526081276,1.5229630039357006e-05,21.926661012672927,1.7325511208552663e-05,True,True,True,435,0.4532029628753662,t5_lam1.00_D0.12_n400,t5,1.0,0.12,400
True,5,5,0.13326688716929627,0.08880031607896971,-0.012061071030634612,0.07140513735703263,,0.14518259409037199,13.388611438335534,0.20274821204590565,,False,1.0,1.0,8.694547233641284e-07,8.592314810503788e-07,True,0.0040671702933109954,2.00333584708919e-07,0.17791026426548726,2.1983797023727633e-07,8.185704979950495,0.016691553099008046,True,True,True,436,0.4604191780090332,t5_lam1.00_D0.12_n400,t5,1.0,0.12,400
True,5,5,0.15414837005816384,0.11880859995794313,0.027971133621399538,0.07728048146239859,,0.17611712798440807,15.900407198498304,0.10251907139111503,,False,1.0,1.0,9.729905096152244e-07,8.778775293168441e-07,True,0.0023990889126135223,5.25404580749818e-05,0.10685065658872482,4.838456723559213e-05,6.710043202245307,0.03490861608131373,True,True,True,437,0.4510462284088135,t5_lam1.00_D0.12_n400,t5,1.0,0.12,400
True,5,5,0.18585275631271456,0.17270623514516628,0.07983404170439412,0.09353813284357514,,0.216189999199971,18.918922040601522,0.041304662621911716,,True,1.0,1.0,9.77544936185726e-07,8.242546522591018e-07,True,0.0030767847782303265,5.3957164575271244e-06,0.1355716082375959,4.668737517315368e-06,13.282724763908647,0.0013052477859314794,True,True,True,438,0.4709749221801758,t5_lam1.00_D0.12_n400,t5,1.0,0.12,400
True,5,5,0.12195783360594474,0.07436856588927653,-0.01845067290394503,0.06591377164251983,,0.13414010097528983,11.804066341056643,0.29838366726681614,,False,0.9966666666666667,1.0,8.379872708771213e-07,8.23683923351096e-07,True,0.004636233443247197,3.055591885836186e-08,0.2049579647142436,3.135767569543271e-08,10.0579543828513,0.006545501943480137,True,True,True,439,0.4505150318145752,t5_lam1.00_D0.12_n400,t5,1.0,0.12,400
True,5,5,0.15850372828966067,0.1256171594086129,0.03852884322186299,0.08906808941229848,,0.19237089859816123,11.09824799213955,0.34991500813101484,,False,1.0,0.9966666666666667,6.78595292968825e-07,8.232697802665932e-07,True,0.0025429469015363516,3.234378673274928e-05,0.11270806957276251,2.6878257781521087e-05,3.203185797407901,0.20157517329553334,True,True,False,440,0.44251513481140137,t5_lam1.00_D0.12_n400,t5,1.0,0.12,400
True,5,5,0.22373216795580445,0.25028041489102143,0.1580691524812353,0.122035636324241,,0.2678805373693632,28.164939285521662,0.0016986546135108985,,True,1.0,1.0,9.54557572352605e-07,6.872271879147684e-07,True,0.001321504729091975,0.0021027255074118935,0.06278819116769915,0.0016052784438653949,18.09246960660746,0.00011783387041795113,True,True,True,441,0.4460577964782715,t5_lam1.00_D0.12_n400,t5,1.0,0.12,400
True,5,5,0.20269518105816525,0.20542668212101195,0.12613196288433998,0.09708301116283405,,0.2390896509307326,23.761178639438434,0.008260164202775649,,True,1.0,1.0,9.971518102538702e-07,9.823259306921785e-07,True,0.001632364882084434,0.0007160430515128579,0.07141852048454425,0.0007326179560215983,4.350657331342084,0.11357082070606968,True,True,False,442,0.4617922306060791,t5_lam1.00_D0.12_n400,t5,1.0,0.12,400
True,5,5,0.1963351322754766,0.1927374208281445,0.10552642498897721,0.09453623567353625,,0.22848400167842492,23.110113165895225,0.010347348896706712,,True,1.0,0.9966666666666667,9.59611166977002e-07,9.067622154719302e-07,True,0.0027774347114805607,1.4703765886010418e-05,0.1255179367833094,1.113523273568903e-05,12.062164462435359,0.0024028920861205007,True,True,True,443,0.45418596267700195,t5_lam1.00_D0.12_n400,t5,1.0,0.12,400
True,5,5,0.2186489905903544,0.2390369054309044,0.13927557413184005,0.10779744872170123,,0.2516293300224939,31.310014682784676,0.0005213911348321956,,True,1.0,1.0,9.782290517679273e-07,8.413786059668844e-07,True,0.0050527568286233004,7.74684709024789e-09,0.22830610592454764,5.2946996834330396e-09,40.03686580438737,2.0235085987175054e-09,True,True,True,444,0.45035791397094727,t5_lam1.00_D0.12_n400,t5,1.0,0.12,400
True,5,5,0.21512003680717823,0.23138315117960856,0.1007491201337351,0.18474417197953316,,0.2844736337421859,13.398974543762984,0.20221202308624114,,False,1.0,1.0,9.664875863486142e-07,9.852430875697648e-07,True,0.005068851783703049,7.347208997879265e-09,0.22645443712117636,4.896290217167242e-09,29.263863933806952,4.4201060280780424e-07,True,True,True,445,0.47664380073547363,t5_lam1.00_D0.12_n400,t5,1.0,0.12,400
True,5,5,0.20692442772129055,0.214088593938918,0.11572759638575862,0.10747519587556646,,0.24187127242771267,25.24851830526022,0.0048938270370071065,,True,1.0,0.9966666666666667,6.417958116802321e-07,8.302818951213779e-07,True,0.003915885191234225,3.306848436295802e-07,0.1757718704413813,3.035659995157084e-07,26.85866332497828,1.4713478647472908e-06,True,True,True,446,0.47621583938598633,t5_lam1.00_D0.12_n400,t5,1.0,0.12,400
True,5,5,0.12584613446539233,0.07918624779940805,-0.013399764315750767,0.0667530309823469,,0.13885186408944356,13.743742788185699,0.18500442909129267,,False,1.0,0.9966666666666667,9.141466916776562e-07,9.596400281699477e-07,True,0.0020760325012841277,0.0001569777330520135,0.09076177225092787,0.0001517831218271786,7.3354696685043175,0.025534243782734407,True,True,True,447,0.4571409225463867,t5_lam1.00_D0.12_n400,t5,1.0,0.12,400
True,5,5,0.14642145903409284,0.10719621832836265,0.0150562171745873,0.09081830076904844,,0.18134995372931656,8.418979017884514,0.5879824593932732,,False,1.0,0.9966666666666667,7.371133393167837e-07,9.509085576169135e-07,True,0.003206634203097299,3.4970897520649836e-06,0.14213321988819916,2.9082354585969427e-06,12.937254154598406,0.001551354160853733,True,True,True,448,0.44596099853515625,t5_lam1.00_D0.12_n400,t5,1.0,0.12,400
True,5,5,0.12589453137995515,0.07924716515689256,-0.0010028802869592457,0.06856737431251032,,0.14951950644749504,8.697313043629553,0.5610503121241669,,False,1.0,1.0,9.590072948402436e-07,9.475217666510702e-07,True,0.005723843461797658,8.540520317552877e-10,0.2508954686851818,9.566259948476921e-10,12.946913792952788,0.0015438794660195274,True,True,True,449,0.428070068359375,t5_lam1.00_D0.12_n400,t5,1.0,0.12,400
True,5,5,0.19566518248476797,0.19142431818398778,0.10472210342042786,0.09858554994992837,,0.23103285602726423,21.352389205390264,0.018766019784687154,,True,1.0,1.0,9.152833354740948e-07,7.60786147521953e-07,True,0.003570019696458344,1.042433100364826e-06,0.15719818296333019,8.806967001894381e-07,13.002510461804926,0.001501553213560026,True,True,True,450,0.4561798572540283,t5_lam1.00_D0.12_n400,t5,1.0,0.12,400
True,5,5,0.21462211390877337,0.23031325889335247,0.1332120363516952,0.1028339378386414,,0.24591006973252913,29.7738294354487,0.0009327190344039143,,True,1.0,1.0,8.142138174521148e-07,8.102315079327843e-07,True,0.003348820296920123,2.1766527553106943e-06,0.15174365367779596,1.4272795128151467e-06,30.148806291943227,2.8396832236586823e-07,True,True,True,451,0.47225093841552734,t5_lam1.00_D0.12_n400,t5,1.0,0.12,400
True,5,5,0.20865721319593267,0.21768916309346448,0.11344075646964163,0.1274172565955807,,0.2541745436179984,21.511232262247002,0.01779768671457927,,True,1.0,1.0,9.159446908171997e-07,7.599588337984653e-07,True,0.0021113013419360167,0.00013924527285576023,0.09326860491098812,0.00012751978712844127,14.842458984013412,0.0005984129490956092,True,True,True,452,0.4639909267425537,t5_lam1.00_D0.12_n400,t5,1.0,0.12,400
True,5,5,0.1562184382845999,0.1220210023003967,0.03409587971013561,0.07323386519107522,,0.1758151691324448,17.879183060457038,0.057036172301749885,,False,0.9966666666666667,1.0,6.763611117393399e-07,9.795259785510232e-07,True,0.002147494616438661,0.000123141012942891,0.10219856795501443,7.600873725534539e-05,25.69811348518728,2.628606388307125e-06,True,True,True,453,0.4445960521697998,t5_lam1.00_D0.12_n400,t5,1.0,0.12,400
True,5,5,0.19931374497407106,0.19862984467794517,0.11058598532240563,0.09232284341803589,,0.22910414626061867,26.6433947876983,0.002964739939646521,,True,1.0,1.0,9.504246630293156e-07,9.765798605444274e-07,True,0.0025898120479063607,2.7622504983657654e-05,0.11474575367793476,2.38873652647303e-05,15.04525889746883,0.0005407089285673327,True,True,True,454,0.4710500240325928,t5_lam1.00_D0.12_n400,t5,1.0,0.12,400
True,5,5,0.2217622552799023,0.24589248933414273,0.1526204565371374,0.1051180338779873,,0.2551565150331665,35.64039609002824,9.703084291306568e-05,,True,1.0,1.0,7.779879916103276e-07,8.314998069457024e-07,True,0.002229319958918773,9.330090804642789e-05,0.09808073249007003,8.482826554273814e-05,6.712015354594794,0.03487421049275611,True,True,True,455,0.4631311893463135,t5_lam1.00_D0.12_n400,t5,1.0,0.12,400
True,5,5,0.16268423474402358,0.13233080117124285,0.04791018989286393,0.08575650881769077,,0.19440529543010832,15.652895890001345,0.11000914907568612,,False,1.0,1.0,8.768460685387825e-07,9.427303251769416e-07,True,0.004190058053011714,1.3339255376298438e-07,0.190398366705683,1.175333189424393e-07,29.03456853694196,4.95705285899804e-07,True,True,True,456,0.43359899520874023,t5_lam1.00_D0.12_n400,t5,1.0,0.12,400
True,5,5,0.18099333814696447,0.16379294226790714,0.07691417099169447,0.0835013606210642,,0.20700806113030223,24.00482908432849,0.007587583155020827,,True,1.0,1.0,7.896822948732943e-07,9.95746458047485e-07,True,0.004011051122427381,2.41248864081326e-07,0.1798925880367085,2.2081213732902704e-07,21.995639925044525,1.673815084071247e-05,True,True,True,457,0.4530932903289795,t5_lam1.00_D0.12_n400,t5,1.0,0.12,400
True,5,5,0.1685889571521218,0.1421111823681998,0.057230268340247775,0.07955535671541172,,0.19395215151011388,17.809695567720524,0.05825991985178217,,False,1.0,0.9966666666666667,8.686226739434003e-07,9.546674068335629e-07,True,0.003391878019696098,1.8857922018890424e-06,0.14828082171588297,2.0930073554616895e-06,11.634532457227287,0.0029757289981311983,True,True,True,458,0.4741170406341553,t5_lam1.00_D0.12_n400,t5,1.0,0.12,400
True,5,5,0.18219975040296105,0.16598374523450654,0.08387158060903328,0.08659439076371415,,0.21274711670449567,22.752121126640418,0.01169945977674022,,True,1.0,1.0,8.516208141771633e-07,9.87153896840367e-07,True,0.003033006052892744,6.246189560364906e-06,0.13190947683715626,7.17951162007626e-06,8.756968178473445,0.012544360345842723,True,True,True,459,0.4635462760925293,t5_lam1.00_D0.12_n400,t5,1.0,0.12,400
True,5,5,0.1441049969473964,0.10383125072604563,0.011202954090211506,0.07952024670467046,,0.16852425362449439,13.95648095681793,0.1749859178567484,,False,0.9966666666666667,1.0,8.627686614021621e-07,9.31444494690661e-07,True,0.002817339253480975,1.2861390343335586e-05,0.1218868536765192,1.2666560403175932e-05,9.742254756006973,0.007664719379176584,True,True,True,460,0.45819616317749023,t5_lam1.00_D0.12_n400,t5,1.0,0.12,400
True,5,5,0.18875788768331456,0.17814770081333398,0.08428850502039653,0.09987288298058956,,0.2229640234769364,16.72951752398631,0.0805674604397001,,False,1.0,1.0,9.833869564938142e-07,9.270222524905762e-07,True,0.0031904644978930532,3.6910065576683038e-06,0.1442166146720649,3.0053566854758525e-06,13.5834419015449,0.001123034423232723,True,True,True,461,0.47417497634887695,t5_lam1.00_D0.12_n400,t5,1.0,0.12,400
True,5,5,0.14400663209267492,0.10368955043337517,0.012965146509843054,0.07899231388836545,,0.16905380238871298,10.63804596120131,0.38640368227650823,,False,1.0,1.0,9.315775977564602e-07,9.227851228289464e-07,True,0.004083162804343432,1.900024943126212e-07,0.17450360083898694,2.4881439863274974e-07,20.996954777033974,2.7578408599439842e-05,True,True,True,462,0.47220301628112793,t5_lam1.00_D0.12_n400,t5,1.0,0.12,400
True,5,5,0.14251235210663124,0.10154885251482221,0.013241430637993712,0.07163192817225228,,0.16190458146553494,13.643753780965723,0.1898698979817949,,False,0.9933333333333333,0.9966666666666667,7.849376947878367e-07,7.573686986698263e-07,True,0.002396889311299569,5.2932181928746144e-05,0.10480447941435014,5.34677761350468e-05,11.323300510175866,0.0034767745964161432,True,True,True,463,0.4606199264526367,t5_lam1.00_D0.12_n400,t5,1.0,0.12,400
True,5,5,0.1500057943850426,0.1125086917454384,-0.004547336437083174,0.09114606687302887,,0.17051369577918354,12.900051957493648,0.2293138483695253,,False,1.0,1.0,9.401116782057601e-07,9.689791703902213e-07,True,0.003040686081977731,6.087813988747021e-06,0.1342546302217807,6.557696343733531e-06,16.50485078486531,0.00026062567058339784,True,True,True,464,0.4953463077545166,t5_lam1.00_D0.12_n400,t5,1.0,0.12,400
True,5,5,0.14436587700313083,0.1042075322144155,-0.005327707504989884,0.08709030118215265,,0.16608617658719824,10.917998174878777,0.36394232902434676,,False,1.0,1.0,8.823810748750073e-07,8.904150194792149e-07,True,0.004607673366425763,3.357459845177472e-08,0.20659222415065187,2.6887902271698104e-08,28.35222135196106,6.97257763544259e-07,True,True,True,465,0.4666171073913574,t5_lam1.00_D0.12_n400,t5,1.0,0.12,400
True,5,5,0.0870783683526721,0.03791321117481823,-0.06769214210714321,0.06447513527488473,,0.08758997430977786,4.3536062906973845,0.9299886187728903,,False,0.9966666666666667,0.9966666666666667,8.508314098236471e-07,9.974621536305716e-07,True,0.0026564985891116897,2.2072042458276093e-05,0.11996149251921283,1.787721167649471e-05,9.567775795125828,0.008363419557310757,True,True,True,466,0.47244715690612793,t5_lam1.00_D0.12_n400,t5,1.0,0.12,400
True,5,5,0.1938860596952099,0.18795902072067244,0.10028102553795312,0.09169014778159609,,0.22409725463388788,22.985961400280864,0.010798515962333327,,True,1.0,1.0,9.432361644355585e-07,6.748704678497288e-07,True,0.0034332127124960445,1.6433021108923948e-06,0.15857721775255257,1.0327901086017718e-06,13.271875467044843,0.0013123475356996584,True,True,True,467,0.4645390510559082,t5_lam1.00_D0.12_n400,t5,1.0,0.12,400
False,5,4,,,,,,,,,not_applicable,False,1.0,1.0,6.957347882437648e-07,9.148257906920228e-07,False,0.0036084626102740954,9.173805946100826e-07,0.16340627165766683,5.873824698885558e-07,42.822479655688134,5.025932968559304e-10,True,True,True,468,0.4564940929412842,t5_lam1.00_D0.12_n400,t5,1.0,0.12,400
True,5,5,0.20851545197811575,0.21739346856818947,0.12579929417498759,0.09456314752517041,,0.23720954043111808,29.891953435102867,0.0008921998287955547,,True,0.9966666666666667,1.0,9.275136385212615e-07,9.867387729773494e-07,True,0.0026577174851856976,2.198177904564773e-05,0.11663590845361571,2.059020810689422e-05,13.866627017770998,0.0009747656168054623,True,True,True,469,0.4865279197692871,t5_lam1.00_D0.12_n400,t5,1.0,0.12,400
True,5,5,0.31214753079752305,0.48718040491495307,0.14939409907971146,0.6435786218045351,,0.49152552922169374,30.874957846950082,0.0006152806300603391,,True,1.0,1.0,9.23212781833545e-07,9.98132954686672e-07,True,0.004912390496914234,1.2297424510208594e-08,0.2254653205127335,7.639276836472296e-09,40.13846162732477,1.9232856957110852e-09,True,True,True,470,0.5367460250854492,t5_lam1.00_D0.12_n400,t5,1.0,0.12,400
True,5,5,0.20816354967413397,0.21666031706467825,0.11700887600961753,0.10413366111389026,,0.24012226309966986,26.191603182705123,0.003490859254203611,,True,1.0,1.0,9.67030735470015e-07,9.978739806915872e-07,True,0.0011827385212539137,0.00341836037592706,0.05341084825235789,0.003218141326396307,1.7961653100812593,0.40734994182425566,True,True,False,471,0.5226411819458008,t5_lam1.00_D0.12_n400,t5,1.0,0.12,400
True,5,5,0.15041015182813067,0.1131160688648066,0.03324991765281089,0.07251214375922399,,0.17465496289152335,14.713498626349459,0.14286153200249257,,False,0.9966666666666667,1.0,8.981167362623545e-07,9.919805669803684e-07,True,0.002124543779523815,0.00013312064368865817,0.09620818700705619,0.00010021949825782489,8.962005525211064,0.0113220541279183,True,True,True,472,0.4875459671020508,t5_lam1.00_D0.12_n400,t5,1.0,0.12,400
True,5,5,0.20751932321728647,0.21532134754280308,0.11937610239743707,0.11117606645822696,,0.24586356319774166,20.18531615712309,0.027547836835212544,,True,1.0,1.0,8.37064052517051e-07,9.167749928737322e-07,True,0.002813676068563362,1.3020383164817365e-05,0.13312302693930697,8.074054807209946e-06,14.342652861079465,0.0007683029545424777,True,True,True,473,0.4714491367340088,t5_lam1.00_D0.12_n400,t5,1.0,0.12,400
True,5,5,0.1449970264247808,0.10512068836014288,0.017371981993166946,0.07289920853028176,,0.16569882893134313,14.906008126867384,0.13552639241870446,,False,1.0,1.0,9.019288353267119e-07,9.02106058001554e-07,True,0.0009455460173919396,0.007919914528089279,0.04063993592902245,0.008343874584892648,4.059469073973814,0.13137039049972007,True,True,False,474,0.4870781898498535,t5_lam1.00_D0.12_n400,t5,1.0,0.12,400
True,5,5,0.14488965818688807,0.1049650652475663,0.010179572018209765,0.08595100124270567,,0.1741013429887229,9.244448955586762,0.5090723946885215,,False,1.0,1.0,9.813934599676328e-07,9.972745102937293e-07,True,0.004780115218200373,1.9013936093068096e-08,0.2155348334332712,1.9203904532686153e-08,12.252707141019746,0.002184532197720209,True,True,True,475,0.477586030960083,t5_lam1.00_D0.12_n400,t5,1.0,0.12,400
True,5,5,0.17353182939386932,0.15056647906391485,0.061906902928349605,0.08629556276606988,,0.20191605797159276,20.79098343480025,0.022599130626286112,,True,0.9966666666666667,1.0,9.346671895752857e-07,9.939012844252935e-07,True,0.003395535412726591,1.862960530400584e-06,0.14885478330300758,1.6559587420143347e-06,17.168534232770256,0.00018702521392318465,True,True,True,476,0.4502856731414795,t5_lam1.00_D0.12_n400,t5,1.0,0.12,400
True,5,5,0.1899078709238464,0.18032499719414152,0.05944546212917415,0.09605473968294335,,0.2085384612403875,35.07130855214224,0.00012141429962752307,,True,1.0,0.9966666666666667,8.991270388599348e-07,7.649427920738724e-07,True,0.002593995393753265,2.723633246320006e-05,0.11956318526705868,1.9384106060928292e-05,35.04116625473171,2.4598432209359838e-08,True,True,True,477,0.46504807472229004,t5_lam1.00_D0.12_n400,t5,1.0,0.12,400
True,5,5,0.2061685180878279,0.21252728925265513,0.10884573092708812,0.12520345201768845,,0.2509131654916607,23.471328043284743,0.009134358530387576,,True,1.0,0.9966666666666667,7.161854756563261e-07,9.525623617807818e-07,True,0.002541265612111088,3.252747166645958e-05,0.11104201311147764,3.616853896614522e-05,7.227517608094768,0.02695035513811411,True,True,True,478,0.4591407775878906,t5_lam1.00_D0.12_n400,t5,1.0,0.12,400
True,5,5,0.22706020556380896,0.2577816847533959,0.12523313003990805,0.15743906545612335,,0.2771993318459706,20.653229359778177,0.023645680088517012,,True,1.0,1.0,8.937623292904036e-07,8.497863239401783e-07,True,0.003183007406298508,3.784036866508868e-06,0.1450127187196318,2.9472590731895937e-06,14.634643909028327,0.0006639378883437159,True,True,True,479,0.5046441555023193,t5_lam1.00_D0.12_n400,t5,1.0,0.12,400
True,5,5,0.19768035562457062,0.19538761499928353,0.10394508956604587,0.10075347623470955,,0.23223686631483675,21.39827469420409,0.01848132818511084,,True,1.0,1.0,9.621326359777161e-07,7.689756312999315e-07,True,0.0033555361448884434,2.1284865414221174e-06,0.14918203677810626,1.8331431794050887e-06,10.963224971163903,0.0041626121313250025,True,True,True,480,0.46550583839416504,t5_lam1.00_D0.12_n400,t5,1.0,0.12,400
True,5,5,0.1668388757483055,0.1391760523047926,0.020121381827391704,0.09445768094027407,,0.18734483762059012,22.4468218680208,0.012983289779228408,,True,1.0,1.0,9.650015146581025e-07,9.196850599405768e-07,True,0.003166816949494814,3.994200509636651e-06,0.14225235538802,3.087866326407092e-06,19.595973855490872,5.55633399415894e-05,True,True,True,481,0.4803948402404785,t5_lam1.00_D0.12_n400,t5,1.0,0.12,400
True,5,5,0.22684044477011228,0.2572829369175118,0.16983068863190992,0.10979248400016914,,0.264735057803684,28.6738332922083,0.0014068346623862145,,True,1.0,1.0,9.545259065406125e-07,6.91589686481314e-07,True,0.002719281255108725,1.787387646876808e-05,0.12705029160016953,1.1864868540328027e-05,30.322971999384077,2.60285690466913e-07,True,True,True,482,0.474212646484375,t5_lam1.00_D0.12_n400,t5,1.0,0.12,400
True,5,5,0.12792628833207248,0.08182567623210274,-0.011565892898245639,0.07354588520827512,,0.14792317136536948,8.17071277267906,0.6121661374724794,,False,1.0,1.0,9.70114930085876e-07,8.433804874128071e-07,True,0.004201540143732981,1.2842121332601045e-07,0.18613420724342733,1.2265788449743552e-07,23.060803331557462,9.826756222720952e-06,True,True,True,483,0.4702720642089844,t5_lam1.00_D0.12_n400,t5,1.0,0.12,400
True,5,5,0.20519911420035686,0.2105333823430555,0.10190547029262795,0.11433615321652052,,0.24082014309542338,26.341583078813898,0.003306944978543276,,True,1.0,1.0,9.163031647060364e-07,7.911560687616663e-07,True,0.0015431299863486875,0.0009741673657884168,0.07318179780433844,0.0006603192598483286,15.09867724160211,0.0005264582005020534,True,True,True,484,0.4685509204864502,t5_lam1.00_D0.12_n400,t5,1.0,0.12,400
True,5,5,0.16244385442313183,0.13194002919921824,0.03638729827421128,0.09750646525118813,,0.19837901163875463,16.572537517101793,0.08437413939315162,,False,1.0,1.0,9.206362221419441e-07,9.208836694194309e-07,True,0.0008662447035889416,0.010524046917867543,0.04182450253590602,0.008291211768471536,8.773617267776629,0.012440367704252131,True,True,True,485,0.44513368606567383,t5_lam1.00_D0.12_n400,t5,1.0,0.12,400
True,5,5,0.15538487183770314,0.12072229198009715,0.032639603010507834,0.07808288613566651,,0.17948510883836447,17.472356547939633,0.06454379949245057,,False,1.0,1.0,7.012762879275434e-07,8.446210801961219e-07,True,0.0031891141049411216,3.70768143212056e-06,0.1440050569950954,2.996568624679188e-06,15.82485903995113,0.0003661638965648518,True,True,True,486,0.45805907249450684,t5_lam1.00_D0.12_n400,t5,1.0,0.12,400
True,5,5,0.19416081561950346,0.1884921116101541,0.06857991179959685,0.10868597830381303,,0.22241962027275952,23.4841923369894,0.009093759016785205,,True,1.0,1.0,9.880733506121592e-07,9.739845015852268e-07,True,0.006610030549891549,4.6857771693589987e-11,0.2984055414720678,2.076151667427789e-11,43.393289808741045,3.77804252726091e-10,True,True,True,487,0.4810972213745117,t5_lam1.00_D0.12_n400,t5,1.0,0.12,400
True,5,5,0.16192601537317297,0.13110017227316523,0.031621465543896415,0.08779995977165926,,0.1876377082680896,15.274741243838037,0.12236171153843019,,False,1.0,1.0,9.79624208065252e-07,8.91747773959102e-07,True,0.0020836461708936154,0.00015296653714661827,0.08894842478281016,0.00016645976546715425,12.071781963520912,0.0023913649153544016,True,True,True,488,0.47525691986083984,t5_lam1.00_D0.12_n400,t5,1.0,0.12,400
True,5,5,0.24954033004604284,0.31135188159744,0.22422855270736755,0.11685281118258109,,0.28859463716448774,35.73210077210277,9.358031216387302e-05,,True,0.9966666666666667,1.0,7.919151761566485e-07,9.981600498722051e-07,True,0.0025180422069466762,3.517462378985275e-05,0.11670641116080469,2.806956930524225e-05,21.69649403797628,1.94386536311336e-05,True,True,True,489,0.4548308849334717,t5_lam1.00_D0.12_n400,t5,1.0,0.12,400
True,5,5,0.2107343219670936,0.22204477227465336,0.13391220862026304,0.11070082620611367,,0.2513956499671041,25.884037188077496,0.0038993197203298123,,True,1.0,1.0,9.275878002639048e-07,8.452386733557137e-07,True,0.0022954694787999125,7.457800886183774e-05,0.1035234066348627,6.933005417420893e-05,19.044905307990103,7.318993444785133e-05,True,True,True,490,0.44507908821105957,t5_lam1.00_D0.12_n400,t5,1.0,0.12,400
True,5,5,0.26334479218161233,0.34675239784588285,0.1648079302083971,0.24776728426113093,,0.33833381337526247,35.80079535171349,9.107482844358655e-05,,True,1.0,1.0,9.072561929119294e-07,9.416830365680272e-07,True,0.002026017763134108,0.00018609577010786043,0.0902952006826053,0.00015308434501460307,20.444844872980838,3.634614410544387e-05,True,True,True,491,0.4690580368041992,t5_lam1.00_D0.12_n400,t5,1.0,0.12,400
True,5,5,0.24017932132123135,0.2884305319516365,0.20042805674573524,0.12050526765427208,,0.28236203119882197,37.37879716583369,4.8658594483462424e-05,,True,1.0,1.0,9.376926564190583e-07,9.832609322668333e-07,True,0.003925030399164862,3.208110928877033e-07,0.17028006215143182,3.4423224988216026e-07,30.36654750081565,2.5467598408200745e-07,True,True,True,492,0.45732808113098145,t5_lam1.00_D0.12_n400,t5,1.0,0.12,400
True,5,5,0.18431521425387964,0.16986049102726777,0.09095429329730993,0.09126019753215778,,0.2195741151431049,19.218214115905077,0.03757698739784723,,True,1.0,0.9933333333333333,8.060161932448948e-07,8.644190722035134e-07,True,0.003085158120066166,5.2468066550324045e-06,0.13809309655503008,4.83812239160938e-06,20.92294030781344,2.861812916972391e-05,True,True,True,493,0.43935632705688477,t5_lam1.00_D0.12_n400,t5,1.0,0.12,400
True,5,5,0.1638517346946203,0.1342369548121812,0.03940322485929171,0.08538156073514612,,0.1896541034142284,16.129442805898695,0.0959864231430482,,False,1.0,1.0,9.917025291918133e-07,6.970821224525806e-07,True,0.001954162070544252,0.00023772114795921602,0.08317640135059468,0.00028402039556934487,14.491442601403538,0.0007132195214594365,True,True,True,494,0.47734689712524414,t5_lam1.00_D0.12_n400,t5,1.0,0.12,400
True,5,5,0.24492202072808927,0.29993398118765296,0.2144458507333605,0.11004098525165347,,0.2812284354178489,44.61993647643897,2.546320845330062e-06,,True,1.0,1.0,9.019899883392668e-07,9.96606776620825e-07,True,0.0022176118522346756,9.707716271798888e-05,0.1023615037605332,7.750720730208328e-05,18.75579044174963,8.457302286450905e-05,True,True,True,495,0.4699840545654297,t5_lam1.00_D0.12_n400,t5,1.0,0.12,400
True,5,5,0.23675962727196548,0.28027560552980013,0.1534050663509297,0.1856845802512098,,0.3029287116290213,27.030583239303077,0.0025754822438999263,,True,1.0,1.0,7.41662268096364e-07,7.428709561687832e-07,True,0.0026445335944443914,2.2978103582636134e-05,0.11999490150302201,1.6712335886167643e-05,14.933221310043743,0.0005718632577612055,True,True,True,496,0.48840880393981934,t5_lam1.00_D0.12_n400,t5,1.0,0.12,400
True,5,5,0.15785224688580932,0.12458665923449248,0.04229955451680788,0.08286064689872999,,0.18899375127222018,16.386367190600275,0.08909351999301726,,False,1.0,1.0,9.65787054140214e-07,7.2308815151134e-07,True,0.004985094513800493,9.679372032602743e-09,0.22600465669685255,7.63732063289949e-09,31.02747483416036,1.8300773502900753e-07,True,True,True,497,0.44340991973876953,t5_lam1.00_D0.12_n400,t5,1.0,0.12,400
True,5,5,0.1816662048516896,0.16501304992608026,0.08527535956111353,0.08291436046147384,,0.21055039591153968,23.293243351672384,0.009714417682521499,,True,1.0,1.0,9.243028056339648e-07,9.575181423544512e-07,True,0.0031930071018661296,3.659814023376745e-06,0.14855357879047323,2.438096627268446e-06,29.816317646209978,3.353272812415969e-07,True,True,True,498,0.4233880043029785,t5_lam1.00_D0.12_n400,t5,1.0,0.12,400
True,5,5,0.1850857231907154,0.17128362464515062,0.07825685070158099,0.0933185381407025,,0.21529151707585914,20.256498008307133,0.02691789001883674,,True,1.0,1.0,8.034732243336971e-07,8.192735877975105e-07,True,0.0018101614413369375,0.0003888481215059543,0.08454941166993228,0.0002786016887190328,13.39797340595915,0.0012321598141825975,True,True,True,499,0.4247767925262451,t5_lam1.00_D0.12_n400,t5,1.0,0.12,400
