applicable,K_x,K_y,D_hat,Q_hat,Q_bc,s_Q,Z,U_D,T0,p_exact,decision,mt_reject,success_x,success_y,max_residual_x,max_residual_y,correct_cardinality,mmd_stat,mmd_p,energy_stat,energy_p,gec_stat,gec_p,mmd_reject,energy_reject,gec_reject,rep,seconds,name,family,lam,D,n
True,5,5,0.24197432757395773,0.292757876024345,0.1891317937971715,0.1262719519063879,,0.2817199573593023,34.45129393739363,0.00015484236923339059,,True,1.0,1.0,9.65999925011631e-07,6.784435564387782e-07,True,0.003842724784732241,4.2147012267156805e-07,0.16852059966886448,3.9068234431918296e-07,29.273085504234793,4.3997727807005997e-07,True,True,True,0,0.4578239917755127,t5_lam1.00_D0.16_n400,t5,1.0,0.16,400
True,5,5,0.23516389144425853,0.27651027919603505,0.18229932713595864,0.12867809497814567,,0.28069768733281986,24.93492627284089,0.005470225099751028,,True,1.0,1.0,9.97340479703316e-07,7.806295734078023e-07,True,0.002931283772965805,8.77911604367292e-06,0.13076447639719332,8.643631988670203e-06,5.122534495882315,0.0772068382164309,True,True,False,1,0.47551894187927246,t5_lam1.00_D0.16_n400,t5,1.0,0.16,400
True,5,5,0.2062898425180435,0.21277749563059595,0.11992128180003553,0.10486929846082381,,0.24183297034489654,23.017965314947975,0.010680459309965043,,True,1.0,1.0,8.814374242979468e-07,9.54080438353763e-07,True,0.0033267477013201544,2.3427956572321214e-06,0.14881187038071936,2.0683825540922982e-06,14.728629004313499,0.0006334594928004597,True,True,True,2,0.46843409538269043,t5_lam1.00_D0.16_n400,t5,1.0,0.16,400
True,5,5,0.2104725611397657,0.22149349496366208,0.14159776691394435,0.09682520100597311,,0.24530024458566058,26.503673127579177,0.0031186869769493342,,True,1.0,1.0,8.450741195817323e-07,9.529809275455192e-07,True,0.004075847197597693,1.946603668696296e-07,0.1808883902742391,2.238451838376692e-07,19.86216874787631,4.863902460112979e-05,True,True,True,3,0.44639086723327637,t5_lam1.00_D0.16_n400,t5,1.0,0.16,400
True,5,5,0.19765751775468357,0.19534247162471524,0.09917784759833724,0.11168513173629321,,0.23785858891842945,19.28783835855776,0.03675538765938573,,True,0.9966666666666667,1.0,9.131900195414704e-07,9.644946794318525e-07,True,0.0019146967344454877,0.0002719902702188786,0.09524684797575386,0.00014133083931157576,18.519325481157317,9.518742258691566e-05,True,True,True,4,0.4713897705078125,t5_lam1.00_D0.16_n400,t5,1.0,0.16,400
True,5,5,0.24202448169075652,0.29287924868839665,0.20999246196724794,0.10004076226960572,,0.2736950392789021,47.95859480490275,6.315677606401107e-07,,True,1.0,1.0,9.310034660427342e-07,9.185142300492587e-07,True,0.0020192630327614414,0.00019042493303824356,0.09759359381136387,0.00010707377446808314,45.95423608707897,1.0499398600654751e-10,True,True,True,5,0.4697389602661133,t5_lam1.00_D0.16_n400,t5,1.0,0.16,400
True,5,5,0.30011848839841376,0.45035553539274403,0.3754482207583053,0.1289674127451911,,0.34280628272270053,58.88453565037712,5.8885978884309095e-09,,True,1.0,1.0,8.665962016100536e-07,7.920254731411848e-07,True,0.002907390213326507,9.510525849464999e-06,0.13633981009885848,6.481378329367925e-06,40.169477687947996,1.8936894060766223e-09,True,True,True,6,0.45713305473327637,t5_lam1.00_D0.16_n400,t5,1.0,0.16,400
True,5,5,0.13989655781221003,0.0978552344385251,0.009578709777161173,0.07344967490040133,,0.16148849738324572,11.687802401364689,0.3064939497571463,,False,1.0,1.0,9.673425257223036e-07,9.753108702875046e-07,True,0.0018812582711089736,0.00030489947830291623,0.08400016182441582,0.00030088593445919614,3.308067907012962,0.1912767487124705,True,True,False,7,0.471447229385376,t5_lam1.00_D0.16_n400,t5,1.0,0.16,400
True,5,5,0.21115039603081598,0.22292244871985212,0.12576110623212872,0.1017043928446425,,0.24209500022905728,36.35785140535822,7.304970040025453e-05,,True,1.0,1.0,9.593942276373559e-07,8.859884073664239e-07,True,0.0029758588028209487,7.562141349239538e-06,0.13517788271392076,5.3313343801504075e-06,10.02365605938824,0.006658719836190151,True,True,True,8,0.48616814613342285,t5_lam1.00_D0.16_n400,t5,1.0,0.16,400
True,5,5,0.0956500427860313,0.0457446534248481,-0.041523563908131736,0.0585938198151711,,0.10474224852636445,6.1482618531929765,0.802656849803292,,False,1.0,1.0,9.15462823477532e-07,9.86579822230082e-07,True,0.002466696205234714,4.18219928822082e-05,0.10732287684116064,3.827336063722792e-05,11.203874624613281,0.003690706734489808,True,True,True,9,0.4718809127807617,t5_lam1.00_D0.16_n400,t5,1.0,0.16,400
True,5,5,0.2115291714424743,0.2237229518556984,0.14738591437515902,0.0899865518882857,,0.24306403297298537,33.30726005614041,0.00024181624950388297,,True,0.9966666666666667,1.0,8.859016611428187e-07,7.62834421057262e-07,True,0.002037918057682691,0.00017870850328434925,0.0949944186340604,0.00011481371599142503,27.98884432750681,8.361798095847826e-07,True,True,True,10,0.4488189220428467,t5_lam1.00_D0.16_n400,t5,1.0,0.16,400
True,5,5,0.12986174845101514,0.08432036855377369,-0.00014231442676136685,0.0704486668261451,,0.15214166471819562,10.674426688520233,0.38343917348914297,,False,1.0,1.0,7.833384264026662e-07,8.848407563886326e-07,True,0.0018284436983411639,0.0003652569556755202,0.08529243032306148,0.00024613285691863765,12.946106089966229,0.0015445030899645788,True,True,True,11,0.46828627586364746,t5_lam1.00_D0.16_n400,t5,1.0,0.16,400
True,5,5,0.21859608538357905,0.23892124272512488,0.140618408647459,0.11106681042421993,,0.25428608086470983,28.052192495524483,0.0017708365376817702,,True,1.0,1.0,7.275153527690597e-07,9.55817211824764e-07,True,0.0032483838057697683,3.0423589814965502e-06,0.147288171579832,2.61111859769839e-06,7.8793278317074265,0.019454752080520707,True,True,True,12,0.4459559917449951,t5_lam1.00_D0.16_n400,t5,1.0,0.16,400
True,5,5,0.23909176945328714,0.28582437110151904,0.16400947057816068,0.13180259210828915,,0.27597298500001244,36.83591045048004,6.0413874787260234e-05,,True,0.9933333333333333,1.0,8.725396434718318e-07,8.334501801317054e-07,True,0.005448651406277963,2.107834852376638e-09,0.24647914858243386,1.2748720485055613e-09,53.590396528191285,2.306711349242887e-12,True,True,True,13,0.49004578590393066,t5_lam1.00_D0.16_n400,t5,1.0,0.16,400
True,5,5,0.2901069048758359,0.4208100812831866,0.3230890133769891,0.14083795649827718,,0.3330906293895443,55.68733948647691,2.3491398440130743e-08,,True,1.0,0.9966666666666667,8.853317359976195e-07,9.725333999452015e-07,True,0.002132205746608593,0.00012970159217281336,0.09676387162203028,0.00010409629371317192,23.232605961663047,9.017864705168031e-06,True,True,True,14,0.4609522819519043,t5_lam1.00_D0.16_n400,t5,1.0,0.16,400
True,5,5,0.15707388438827957,0.12336102578411308,0.006044094244899184,0.10078684582697336,,0.1853772926506346,18.36897295049474,0.04904952655862308,,True,1.0,1.0,8.924309427474077e-07,9.819014021860693e-07,True,0.0017080501973663848,0.0005519209012296074,0.0765676195510223,0.0004781871169356485,1.6899681410548413,0.4295642008873981,True,True,False,15,0.4571709632873535,t5_lam1.00_D0.16_n400,t5,1.0,0.16,400
True,5,5,0.15484642168950977,0.11988707155022743,0.02854056581551187,0.07447135109511556,,0.17380163277040245,17.754665565091727,0.05924581421071824,,False,1.0,0.9966666666666667,8.206138859071896e-07,9.942162490409235e-07,True,0.0019176241227475304,0.00026928551583739355,0.08533897545532025,0.00023235516149349792,6.170536254900163,0.04571777406650885,True,True,True,16,0.46361398696899414,t5_lam1.00_D0.16_n400,t5,1.0,0.16,400
True,5,5,0.23788166914687617,0.28293844258051926,0.1799674805574503,0.14149925297312207,,0.2873022937678062,23.127474692112173,0.010285702797266181,,True,0.9966666666666667,1.0,9.700656374897866e-07,9.942844932539103e-07,True,0.0026754708234076564,2.0708346381548104e-05,0.1207659037539264,1.7298176184505112e-05,9.906945667596126,0.007058852092704218,True,True,True,17,0.4752480983734131,t5_lam1.00_D0.16_n400,t5,1.0,0.16,400
True,5,5,0.1882657444252856,0.17721995262003476,0.07761432148732614,0.10681211422682559,,0.22507981472165609,22.708357652333802,0.011875803989608077,,True,1.0,1.0,8.398409462668647e-07,8.359426785327946e-07,True,0.0026044459845369914,2.629515518113553e-05,0.1158564550631415,2.3608679416531703e-05,3.655141206168354,0.16080374976353798,True,True,False,18,0.4637300968170166,t5_lam1.00_D0.16_n400,t5,1.0,0.16,400
True,5,5,0.15050445585114205,0.11325795615524185,0.029422128508993117,0.07261207604268308,,0.17254469864257,16.80218288241118,0.07885738376749063,,False,1.0,1.0,9.55808046952505e-07,9.760039443288169e-07,True,0.0033704359717988707,2.025407410770516e-06,0.15360729862159303,1.5004528771697421e-06,27.28220283725026,1.190542563986367e-06,True,True,True,19,0.4626119136810303,t5_lam1.00_D0.16_n400,t5,1.0,0.16,400
True,5,5,0.28465037852882213,0.4051291899830086,0.313723569664532,0.14015669211827045,,0.3299275111404898,43.59354341899008,3.8936232392353434e-06,,True,1.0,1.0,6.603560056778512e-07,9.998621193958488e-07,True,0.0038566356182711727,4.0246680122043124e-07,0.17463960638988307,2.9986206719354874e-07,41.370106608343306,1.0389520207711492e-09,True,True,True,20,0.45247888565063477,t5_lam1.00_D0.16_n400,t5,1.0,0.16,400
True,5,5,0.25908493088183465,0.33562500705022513,0.23505550043971274,0.15091370372352644,,0.3108975565571512,43.43544947990275,4.15611239238524e-06,,True,0.9966666666666667,1.0,8.714386620284196e-07,9.116013440135232e-07,True,0.002265121394889542,8.264605454169432e-05,0.1061371463538456,5.533618857389773e-05,32.60491571627622,8.316345252713237e-08,True,True,True,21,0.4471912384033203,t5_lam1.00_D0.16_n400,t5,1.0,0.16,400
True,5,5,0.2365119478854798,0.27968950746291954,0.1787843304764907,0.1176306690220307,,0.2728624426549415,35.28503516124025,0.0001116223730983515,,True,1.0,1.0,9.567358777988833e-07,9.453358693236767e-07,True,0.002488645900360424,3.8838284593999195e-05,0.11741971229589757,2.088462925220124e-05,38.90906475890227,3.5563454460619244e-09,True,True,True,22,0.4613809585571289,t5_lam1.00_D0.16_n400,t5,1.0,0.16,400
True,5,5,0.1974739290399422,0.19497976325236063,0.08750643448913466,0.11282682636293644,,0.23370496316922096,25.32909945584345,0.004755405502213923,,True,1.0,1.0,9.130687350860665e-07,6.749171084520684e-07,True,0.0027174114244891707,1.7986483720731548e-05,0.12264093856057927,1.5511533702936057e-05,9.332541921730488,0.009407284332067393,True,True,True,23,0.4889400005340576,t5_lam1.00_D0.16_n400,t5,1.0,0.16,400
True,5,5,0.22750514403036945,0.25879295280139575,0.16066645653236525,0.1145326881754349,,0.2642180781408537,32.87568130796541,0.0002858021583944972,,True,1.0,1.0,8.589963747878271e-07,9.568164847381763e-07,True,0.0027726652182732785,1.4941009853339993e-05,0.1220394456341227,1.349486110955148e-05,18.759220575762704,8.442809877613632e-05,True,True,True,24,0.4647231101989746,t5_lam1.00_D0.16_n400,t5,1.0,0.16,400
True,5,5,0.2086881626394212,0.2177537461290876,0.09702414149533013,0.12665463807457975,,0.24712445540760578,23.396362544753472,0.009374401993646739,,True,1.0,1.0,9.56113950660415e-07,9.576530954395397e-07,True,0.002922375745161153,9.04495526679486e-06,0.13014854199763004,8.993581745756746e-06,20.92233759636546,2.8626754706371277e-05,True,True,True,25,0.4746828079223633,t5_lam1.00_D0.16_n400,t5,1.0,0.16,400
True,5,5,0.2851380397084014,0.40651850844374954,0.3266284178996446,0.1254108616571152,,0.32646927223108146,48.723229913744944,4.577561134624609e-07,,True,0.9966666666666667,1.0,8.053108547482193e-07,8.313406916852775e-07,True,0.0029949686424705813,7.093706662445509e-06,0.1378698950563624,5.154595169204956e-06,22.51916412127121,1.2883256174808861e-05,True,True,True,26,0.4597330093383789,t5_lam1.00_D0.16_n400,t5,1.0,0.16,400
True,5,5,0.17005179840003937,0.14458807069543816,0.062444986699126515,0.07534135115799603,,0.19306500532762574,22.131988299338474,0.01444614293336779,,True,1.0,1.0,8.997178127149541e-07,9.654865478439742e-07,True,0.004141205564755669,1.5679299180139824e-07,0.18810735789318167,1.1298974040176274e-07,20.20029196108721,4.1073558847185784e-05,True,True,True,27,0.4584660530090332,t5_lam1.00_D0.16_n400,t5,1.0,0.16,400
True,5,5,0.22157124686621169,0.2454690871892386,0.1577376310051688,0.11902244239325245,,0.2658992768189988,25.42037947325681,0.004603146516432649,,True,1.0,1.0,8.758814582982846e-07,9.05197684192967e-07,True,0.003938879709430588,3.064181829465051e-07,0.17369187475904596,3.101293284829495e-07,11.565995958000489,0.0030794693709431512,True,True,True,28,0.45177292823791504,t5_lam1.00_D0.16_n400,t5,1.0,0.16,400
True,5,5,0.19212442071346683,0.18455896517242604,0.09993999437804275,0.08368905704997734,,0.2179891022059803,28.94231136540604,0.001273121304378269,,True,1.0,1.0,9.920376648783145e-07,9.309095307857595e-07,True,0.0017741421497998264,0.0004399224953809524,0.08137303112889714,0.00035457500355751186,19.464369007928788,5.934251839184052e-05,True,True,True,29,0.4638679027557373,t5_lam1.00_D0.16_n400,t5,1.0,0.16,400
True,5,5,0.13789925799035546,0.09508102677145308,0.0014446917568541884,0.07269390990582629,,0.15557347661008036,12.647565978781211,0.24404960138336604,,False,1.0,1.0,9.434122312250808e-07,9.98872628521845e-07,True,0.002561028524052885,3.0433011450473048e-05,0.11502563205840237,2.556232856269551e-05,11.066296764237876,0.003953522275403622,True,True,True,30,0.46906280517578125,t5_lam1.00_D0.16_n400,t5,1.0,0.16,400
True,5,5,0.22815989440647821,0.26028468707787644,0.10052149379613229,0.19027681970760546,,0.2875757329181231,23.047153664359076,0.010573858156734239,,True,1.0,1.0,9.84314299967398e-07,9.71703117558949e-07,True,0.004512842594147788,4.591101517526545e-08,0.197116595167888,5.018524424167756e-08,22.594402128388083,1.2407603792779395e-05,True,True,True,31,0.48847317695617676,t5_lam1.00_D0.16_n400,t5,1.0,0.16,400
True,5,5,0.22824411355617516,0.2604768768652209,0.17346133240163356,0.11605220910348345,,0.2699445237307951,36.14717542542259,7.941168366621368e-05,,True,1.0,1.0,8.779772241294191e-07,9.791302358849647e-07,True,0.0023272359345844888,6.69797842439178e-05,0.1074918242592679,4.834307060898287e-05,22.872484985036287,1.0796997275713482e-05,True,True,True,32,0.44562482833862305,t5_lam1.00_D0.16_n400,t5,1.0,0.16,400
True,5,5,0.19738122197793084,0.19479673394750602,0.08242883814006953,0.10649219677270413,,0.226977053573123,20.463467589075677,0.02516156547423908,,True,1.0,1.0,9.711573219069321e-07,8.297430981115712e-07,True,0.0015910390518411453,0.000825657663987764,0.07247635974456604,0.000668087932149048,5.984452127167897,0.050175618195722894,True,True,False,33,0.47860097885131836,t5_lam1.00_D0.16_n400,t5,1.0,0.16,400
True,5,5,0.1656463475904025,0.13719356235020222,0.027016173530519896,0.09544680268447707,,0.19183961692361853,17.061229286086157,0.07302006384092187,,False,1.0,1.0,9.413329897467551e-07,9.295078523451968e-07,True,0.002322119729925246,6.81487343073342e-05,0.10627166555351064,5.361459235362332e-05,19.77113909241791,5.090397484451323e-05,True,True,True,34,0.494189977645874,t5_lam1.00_D0.16_n400,t5,1.0,0.16,400
True,5,5,0.23142786522229158,0.2677942840067358,0.14459729011747974,0.1253614619822047,,0.2648767809902741,30.08274703243924,0.0008303454887715825,,True,1.0,0.9966666666666667,9.523304811158729e-07,9.690987800190315e-07,True,0.0020028441152395654,0.00020137581477108453,0.09231020896618625,0.00014959583785896944,27.790221046402387,9.234856988875532e-07,True,True,True,35,0.49466800689697266,t5_lam1.00_D0.16_n400,t5,1.0,0.16,400
True,5,5,0.20481886498340632,0.20975383726545416,0.11558718530492652,0.10113423638955119,,0.23746081817396625,28.436472324080988,0.0015363259205937471,,True,1.0,1.0,9.181861015470405e-07,9.602465260065473e-07,True,0.002302751766905327,7.27628993183722e-05,0.10827844855535047,4.438237622562268e-05,36.438492690147406,1.2231559940260436e-08,True,True,True,36,0.4639458656311035,t5_lam1.00_D0.16_n400,t5,1.0,0.16,400
True,5,5,0.18448656950134973,0.1701764716318817,0.06810946466906986,0.10959468502126672,,0.22287964457119208,24.040722487192994,0.0074930315045431475,,True,1.0,1.0,9.958882358954407e-07,9.824273562276524e-07,True,0.0020900809049819733,0.00014965702468726724,0.0935249429899203,0.00012683377903004238,8.765170336989595,0.012493020276625789,True,True,True,37,0.4458489418029785,t5_lam1.00_D0.16_n400,t5,1.0,0.16,400
True,5,5,0.22620608115248003,0.2558459557518119,0.15705934895851864,0.1655479846023702,,0.2930397760940428,23.565653308392044,0.008840630359435851,,True,1.0,1.0,8.560086364863064e-07,7.679542889979294e-07,True,0.0022534914021408925,8.596575209725511e-05,0.10240529039218108,6.806706637735839e-05,20.44681120242552,3.6310427419336215e-05,True,True,True,38,0.4635000228881836,t5_lam1.00_D0.16_n400,t5,1.0,0.16,400
True,5,5,0.2533967942361771,0.3210496766458574,0.21639834664060095,0.12807559900402618,,0.29225466982970716,46.57546790450074,1.1278427036522927e-06,,True,1.0,1.0,9.379430829688576e-07,9.721111196647694e-07,True,0.004197046634601758,1.303442406839262e-07,0.18751237987526706,1.1045991087261712e-07,51.21232561965208,7.575037531999095e-12,True,True,True,39,0.46417832374572754,t5_lam1.00_D0.16_n400,t5,1.0,0.16,400
True,5,5,0.1617106490346984,0.130751670056117,0.04019760705769866,0.08426711726536197,,0.18910562155809876,16.550637546796423,0.08491762441295728,,False,1.0,1.0,7.189741642058818e-07,9.70825120349651e-07,True,0.0013682265459054536,0.0017867521324594954,0.06101101463409051,0.001577540734913207,10.755306017004946,0.004618649149610731,True,True,True,40,0.4735229015350342,t5_lam1.00_D0.16_n400,t5,1.0,0.16,400
True,5,5,0.1913947607597774,0.18315977223146215,0.07291151756746012,0.10587090304999014,,0.2222852475707122,22.54377326868944,0.012561802620919646,,True,1.0,1.0,9.38794568307702e-07,8.98058206418208e-07,True,0.0028097945397508044,1.3191007218226303e-05,0.12398459653157279,1.2715660606804644e-05,10.346885835832587,0.005665030968293622,True,True,True,41,0.46443819999694824,t5_lam1.00_D0.16_n400,t5,1.0,0.16,400
True,5,5,0.24006357837653736,0.2881526083147395,0.19330591412754272,0.15954332786208925,,0.3019044006361643,23.014589004073503,0.010692855849229141,,True,1.0,1.0,7.436219991844024e-07,9.292979139991069e-07,True,0.0023990754610650187,5.254284476113764e-05,0.10793759836398838,4.2890942570039575e-05,22.23711174017358,1.4834487224250568e-05,True,True,True,42,0.4635770320892334,t5_lam1.00_D0.16_n400,t5,1.0,0.16,400
True,5,5,0.21435396516192481,0.2297381119031984,0.12763297292464554,0.10440317393504546,,0.24468792869160932,32.75631248935818,0.0002992919363826263,,True,1.0,0.9966666666666667,8.357855524881166e-07,9.478625953632477e-07,True,0.004685428491908195,2.597969834022892e-08,0.20899495275859192,2.3461419661732117e-08,43.283438626913316,3.9913583696438943e-10,True,True,True,43,0.4581618309020996,t5_lam1.00_D0.16_n400,t5,1.0,0.16,400
True,5,5,0.21762032957278898,0.23679303921684647,0.15490905841538272,0.09228842645788644,,0.24767317634345526,33.16661194448522,0.00025536807987184765,,True,1.0,1.0,9.257871213457202e-07,9.694018233058364e-07,True,0.0030686748303947603,5.543984975232472e-06,0.14129692190723106,3.7273112563842714e-06,31.975076517484066,1.1394633343431127e-07,True,True,True,44,0.44649696350097656,t5_lam1.00_D0.16_n400,t5,1.0,0.16,400
True,5,5,0.14323710112882151,0.10258433569894121,0.021963464537113453,0.0665900881896607,,0.16216930203641824,16.237558252025117,0.09303096922591461,,False,1.0,1.0,9.981031369692246e-07,9.390333083212236e-07,True,0.0017218298548550717,0.0005264086187516631,0.07787437539318835,0.0005201305169509086,9.896141942786404,0.00709708621520677,True,True,True,45,0.44733405113220215,t5_lam1.00_D0.16_n400,t5,1.0,0.16,400
True,5,5,0.28474676918446606,0.40540361280495796,0.2598396851551964,0.25955497910442615,,0.37061290693348103,24.97479094990727,0.005393493911647044,,True,1.0,1.0,9.357314689849963e-07,9.923310918815521e-07,True,0.0016273275013719162,0.0007285757483255833,0.07562920172168978,0.0005487205103449993,13.706856061503867,0.0010558300641459722,True,True,True,46,0.4737870693206787,t5_lam1.00_D0.16_n400,t5,1.0,0.16,400
True,5,5,0.22970583518678786,0.2638238535942987,0.1477196929406539,0.14623162036333362,,0.27865724611797693,26.67404186679433,0.0029319666688200274,,True,1.0,0.9966666666666667,9.292248003662278e-07,7.697901150479295e-07,True,0.0011723686684669491,0.003545303383865528,0.05432859017272759,0.0029326009409979515,4.033116738512671,0.1331128027493243,True,True,False,47,0.4829869270324707,t5_lam1.00_D0.16_n400,t5,1.0,0.16,400
True,5,5,0.19240025734822513,0.1850892951383163,0.09545585929837631,0.09712418631440141,,0.2259251776240665,24.985861671339933,0.005372368828011789,,True,1.0,0.99,9.686497986165194e-07,9.642603545285748e-07,True,0.002190415284824702,0.00010645348809317787,0.0998169278399044,8.61508338216056e-05,11.012387309402838,0.004061537612799017,True,True,True,48,0.4612460136413574,t5_lam1.00_D0.16_n400,t5,1.0,0.16,400
True,5,5,0.20242028532227355,0.20486985954975315,0.12931069050944527,0.08283879175229555,,0.23046404386606006,33.27827013432717,0.00024455060732026863,,True,1.0,1.0,8.89241865897653e-07,9.548845455319955e-07,True,0.0037834802101499856,5.130111865107895e-07,0.1606266000668405,6.199668535649568e-07,39.07850203888471,3.2674661847776662e-09,True,True,True,49,0.46723318099975586,t5_lam1.00_D0.16_n400,t5,1.0,0.16,400
True,5,5,0.17325896650993403,0.1500933473804522,0.07694655114891621,0.07105621391149208,,0.1968875934733693,23.908399014078675,0.0078472747264397,,True,1.0,0.9966666666666667,9.09222122539386e-07,7.913236165097826e-07,True,0.0033656819755481246,2.057740341840112e-06,0.14717434418739914,2.0074520748795707e-06,3.080986674720375,0.2142753653042602,True,True,False,50,0.45519518852233887,t5_lam1.00_D0.16_n400,t5,1.0,0.16,400
True,5,5,0.21597942490971656,0.23323555992165945,0.12265929092240752,0.1035290257039711,,0.2420534587013111,35.13299480771852,0.00011850467614872988,,True,1.0,1.0,8.740150126322749e-07,9.630606789859921e-07,True,0.00383948357909569,4.26025559913946e-07,0.17306452390136118,3.294678375520317e-07,29.63833038480105,3.665374300710367e-07,True,True,True,51,0.4882540702819824,t5_lam1.00_D0.16_n400,t5,1.0,0.16,400
True,5,5,0.2322357911625044,0.2696673134843718,0.08615700163297163,0.3001934647934882,,0.34056755893234153,17.330154715331588,0.06737032909922347,,False,1.0,1.0,8.878921563429456e-07,9.472413662614003e-07,True,0.002884449988972951,1.0270277377055337e-05,0.1347861323947906,5.256715107956048e-06,35.05751303339082,2.4398199052491662e-08,True,True,True,52,0.48044323921203613,t5_lam1.00_D0.16_n400,t5,1.0,0.16,400
True,5,5,0.24707330971711433,0.30522610187284555,0.20024193315265343,0.1309597294670854,,0.2883232627281997,31.909401580680502,0.00041459702244268015,,True,0.9966666666666667,1.0,7.239126581023353e-07,9.831194056949354e-07,True,0.004498893595281398,4.80744665004613e-08,0.19670758000635857,4.408130017954887e-08,38.84561847683304,3.670972445633188e-09,True,True,True,53,0.47624802589416504,t5_lam1.00_D0.16_n400,t5,1.0,0.16,400
True,5,5,0.2080017569440525,0.21632365445906349,0.1281237487287697,0.09391045574621944,,0.23773628350405598,29.463962404758366,0.0010477067771361428,,True,1.0,1.0,8.873584722022022e-07,8.593800059519814e-07,True,0.001403935674707664,0.0015780441561246094,0.0641981013823869,0.0012527652819922974,11.72776399865981,0.0028401966128461195,True,True,True,54,0.46961426734924316,t5_lam1.00_D0.16_n400,t5,1.0,0.16,400
True,5,5,0.18752846031215947,0.17583461713524584,0.09160189640697973,0.09643577369191739,,0.2237072321280657,20.230330557691882,0.027147893653270354,,True,1.0,1.0,7.763493726673043e-07,9.671907095608056e-07,True,0.0015408396371466401,0.0009819083331612077,0.06803794673113465,0.0010253928250342542,4.131749077987336,0.12670743151013308,True,True,False,55,0.45156288146972656,t5_lam1.00_D0.16_n400,t5,1.0,0.16,400
True,5,5,0.193844798827823,0.18787903016299584,0.09380272225417521,0.09780581313591293,,0.22568959600642627,24.95077051304141,0.005439603761240448,,True,1.0,1.0,7.868889427272836e-07,9.436281923303224e-07,True,0.0029679327985285037,7.76542716731333e-06,0.13733384199373874,5.309592680204127e-06,30.010864413769866,3.042451010649173e-07,True,True,True,56,0.4565093517303467,t5_lam1.00_D0.16_n400,t5,1.0,0.16,400
True,5,5,0.20136912065908644,0.20274761377506856,0.11006629141122479,0.09833776139571583,,0.2331598228294302,22.201535904069168,0.01411018338228186,,True,1.0,0.9966666666666667,8.771042784319228e-07,9.700318520729062e-07,True,0.0020224258928760045,0.00018838534154725988,0.09541984866004659,0.00013200350186472063,6.363199531260667,0.04151918100507551,True,True,True,57,0.4714241027832031,t5_lam1.00_D0.16_n400,t5,1.0,0.16,400
True,5,5,0.19058048152781115,0.18160459969686182,0.08084813221968772,0.08644625623656697,,0.21120585708108625,30.749265582031686,0.000645348738724127,,True,1.0,1.0,9.137518553689061e-07,9.779680861369075e-07,True,0.0022316445147959087,9.256893263935886e-05,0.10424394478606648,6.697703030102636e-05,9.675619279370888,0.00792439233060027,True,True,True,58,0.47090816497802734,t5_lam1.00_D0.16_n400,t5,1.0,0.16,400
True,5,5,0.24241013302539713,0.29381336296695365,0.20557731872727747,0.11059378916955845,,0.2783838766743261,38.94155530212582,2.599381380781348e-05,,True,1.0,1.0,8.21920545197092e-07,9.772544745380493e-07,True,0.0031818679359071674,3.7984580147762723e-06,0.14293016397112873,3.5631136266818055e-06,28.751031341019168,5.712061435240598e-07,True,True,True,59,0.4568827152252197,t5_lam1.00_D0.16_n400,t5,1.0,0.16,400
True,5,5,0.21501362575663494,0.23115429630507134,0.11903053261678934,0.13346424484425787,,0.2602151724312809,24.90690466539196,0.005524785971804911,,True,1.0,1.0,8.989670486605437e-07,9.352064200203035e-07,True,0.0022733553263978804,8.037400305736079e-05,0.10238138554668814,6.048330939073498e-05,20.6690046163428,3.249246608822152e-05,True,True,True,60,0.4873380661010742,t5_lam1.00_D0.16_n400,t5,1.0,0.16,400
True,5,5,0.21210055674849715,0.2249332308651123,0.11134488979473589,0.12289577327232148,,0.25039586585992973,27.184870467642067,0.002434545502475503,,True,1.0,0.9966666666666667,8.954463716407042e-07,9.81058346633983e-07,True,0.00388355074137744,3.681025663463909e-07,0.17668117041295492,2.688539183430797e-07,24.959491170832564,3.8029039511308366e-06,True,True,True,61,0.4897902011871338,t5_lam1.00_D0.16_n400,t5,1.0,0.16,400
True,5,5,0.16649857707846707,0.13860888084577122,0.062154066660518065,0.07328144643644334,,0.1911498467798245,24.106829806641795,0.007321825340322422,,True,1.0,1.0,9.434707155026925e-07,9.049417451829454e-07,True,0.00217306755877357,0.00011290526647025683,0.09569507799222057,0.00011641959343793948,1.2616425272016203,0.5321545823071167,True,True,False,62,0.45771098136901855,t5_lam1.00_D0.16_n400,t5,1.0,0.16,400
True,5,5,0.19565930288530364,0.19141281402781496,0.08618610780470268,0.11649547679304076,,0.2357134342082253,21.787662877406817,0.016223631417397567,,True,1.0,1.0,7.526955234390075e-07,8.710835809441209e-07,True,0.0028870022907282467,1.0182820801972839e-05,0.12818012277748392,9.165128461193546e-06,16.3350712953864,0.0002837163326411615,True,True,True,63,0.4730250835418701,t5_lam1.00_D0.16_n400,t5,1.0,0.16,400
True,5,5,0.27849130121753846,0.38778702426918876,0.3091385623509809,0.11670927256515536,,0.3165780259678946,54.87108888373288,3.3380746137927124e-08,,True,1.0,1.0,8.496554475450048e-07,9.033660663294627e-07,True,0.0037087338670143753,6.574813868022525e-07,0.16578533854880287,6.611015026879165e-07,37.97390436725374,5.676379703167228e-09,True,True,True,64,0.4360959529876709,t5_lam1.00_D0.16_n400,t5,1.0,0.16,400
True,5,5,0.2040290969057148,0.2081393619208078,0.12234380939031338,0.10094053668550113,,0.2401567060333265,24.042551314006715,0.007488244185393919,,True,1.0,1.0,8.310943225054165e-07,6.74370615511214e-07,True,0.0031990517348735536,3.5867164969101937e-06,0.14603217289904633,2.63102030694568e-06,18.142972297087834,0.00011489565968457207,True,True,True,65,0.4575529098510742,t5_lam1.00_D0.16_n400,t5,1.0,0.16,400
True,5,5,0.2408456974256589,0.2900332498422602,0.10294744558427199,0.20699610462606785,,0.29780051680387865,34.56986090319185,0.00014781858125297647,,True,1.0,1.0,9.408293457623771e-07,8.39689437275307e-07,True,0.0017102108901621334,0.0005478394739979754,0.07672283981807615,0.00045020314341403557,20.135407459982094,4.2427928141030265e-05,True,True,True,66,0.46760988235473633,t5_lam1.00_D0.16_n400,t5,1.0,0.16,400
True,5,5,0.2512781829793538,0.31570362620702797,0.2212922568627263,0.12732782487926841,,0.2935056699374759,32.6074555224633,0.00031698939932843853,,True,1.0,1.0,7.364264025356497e-07,8.363851635433254e-07,True,0.004761212026963767,2.0236236171589872e-08,0.21016278203437905,1.828098013059421e-08,38.89803301944913,3.5760159844359547e-09,True,True,True,67,0.474945068359375,t5_lam1.00_D0.16_n400,t5,1.0,0.16,400
True,5,5,0.17277544083301463,0.1492567647752127,0.06187840997122733,0.09484414028933555,,0.20875015598616217,13.857760425321175,0.17957902502467282,,False,1.0,1.0,9.575550905429857e-07,7.217655213391814e-07,True,0.002580709879554176,2.8481861366272902e-05,0.11529609648487434,2.5140519587730436e-05,12.343320449774644,0.002087766958953182,True,True,True,68,0.5472919940948486,t5_lam1.00_D0.16_n400,t5,1.0,0.16,400
True,5,5,0.15086939358280282,0.11380786960021333,-0.017170625751591118,0.10901860921507418,,0.18008277486813046,14.109569225467986,0.16805223140615363,,False,1.0,1.0,7.361452511361592e-07,8.424109148014117e-07,True,0.0023161084035246277,6.954845114570741e-05,0.1065413699172655,5.918766350681329e-05,18.136146294442554,0.00011528846867052987,True,True,True,69,0.5271730422973633,t5_lam1.00_D0.16_n400,t5,1.0,0.16,400
True,5,5,0.2648371307916337,0.3506935292297244,0.2610274188371551,0.11726547368537535,,0.301301164466627,48.6093530443512,4.802610066166954e-07,,True,1.0,1.0,9.106675653111485e-07,9.836313560086842e-07,True,0.0029668079460570345,7.794718508938865e-06,0.13314295632636086,6.259311815148566e-06,31.234521887646103,1.650098044630425e-07,True,True,True,70,0.5598568916320801,t5_lam1.00_D0.16_n400,t5,1.0,0.16,400
True,5,5,0.15632819903073575,0.12219252906096664,0.018003094268060488,0.09319748552695462,,0.18509420107600838,13.019207511138188,0.2225998861878123,,False,1.0,1.0,9.564276379644356e-07,8.881753066698906e-07,True,0.005033812626175922,8.245216345833333e-09,0.2317037480742484,6.3880900296112896e-09,22.623381077271656,1.2229120323205258e-05,True,True,True,71,0.5531702041625977,t5_lam1.00_D0.16_n400,t5,1.0,0.16,400
True,5,5,0.1261492370406914,0.07956815002974271,0.0003460126757954818,0.06132328776674174,,0.14227708527764368,11.185877743043978,0.34322105217419346,,False,1.0,1.0,9.133696506987846e-07,6.833152588131753e-07,True,0.001229261404730247,0.0029032852092805528,0.05966153436046333,0.0016477568832181958,0.001197586840034492,0.9994013858209848,True,True,False,72,0.4633760452270508,t5_lam1.00_D0.16_n400,t5,1.0,0.16,400
True,5,5,0.23098565044117605,0.2667718535486659,0.1364441191160443,0.12817331317412634,,0.2635414419664934,29.572470047748606,0.0010059537792081405,,True,1.0,1.0,9.752143171836132e-07,8.106118066112445e-07,True,0.0035075255935539365,1.2832514682648327e-06,0.1616420063048425,7.222228241163575e-07,21.607149556451468,2.032670989841332e-05,True,True,True,73,0.49512696266174316,t5_lam1.00_D0.16_n400,t5,1.0,0.16,400
True,5,5,0.1927927940128034,0.1858453071163162,-0.004994423870106374,0.20014105400727644,,0.25464026182662186,29.45029150274712,0.0010530853131991268,,True,1.0,1.0,8.987837118019829e-07,9.657508736289551e-07,True,0.0031243315155954315,4.603101250130047e-06,0.1369378525630615,4.356804260598686e-06,24.39663225409321,5.038933391003843e-06,True,True,True,74,0.49289393424987793,t5_lam1.00_D0.16_n400,t5,1.0,0.16,400
True,5,5,0.23257695225374356,0.27046019359820056,0.17705613197744438,0.11723093379588773,,0.2719867124043078,30.19962492834798,0.0007945383684994602,,True,1.0,0.9933333333333333,9.784424316689897e-07,8.361296005856809e-07,True,0.0019380079632043154,0.00025118856804710155,0.08594870090499139,0.0002568418153314753,27.931140694567404,8.606565168193044e-07,True,True,True,75,0.4692261219024658,t5_lam1.00_D0.16_n400,t5,1.0,0.16,400
True,5,5,0.24923999112280207,0.3106028658744723,0.20394995388760467,0.12752260188428116,,0.28764769010553626,43.419189157420675,4.184082764008257e-06,,True,1.0,1.0,9.708622600376807e-07,9.05412603089831e-07,True,0.001658459085352927,0.0006545236098595783,0.07660165010757213,0.00043354672422381995,22.81009001404326,1.113914577793345e-05,True,True,True,76,0.4512009620666504,t5_lam1.00_D0.16_n400,t5,1.0,0.16,400
True,5,5,0.2156759902804503,0.23258066391726448,0.141296550932128,0.1040889431173852,,0.2500030505991095,28.18398773327209,0.0016867445306365451,,True,1.0,1.0,7.542827247533132e-07,8.43440872422254e-07,True,0.004297727620406148,9.343478581025334e-08,0.19055086929000817,7.400779516003321e-08,30.157349022044926,2.827579767523275e-07,True,True,True,77,0.46978306770324707,t5_lam1.00_D0.16_n400,t5,1.0,0.16,400
True,5,5,0.24619230557840133,0.3030532566300447,0.2086587768111805,0.1133154723950768,,0.2810858027613426,37.68097846229084,4.3123119932472055e-05,,True,1.0,0.9966666666666667,7.809807100552518e-07,8.758080066499466e-07,True,0.0023337206204445435,6.55270970382386e-05,0.10345050478878257,5.757697039491713e-05,23.649584072869832,7.320792019675872e-06,True,True,True,78,0.47833800315856934,t5_lam1.00_D0.16_n400,t5,1.0,0.16,400
True,5,5,0.19572962906355773,0.19155043846678949,0.08438347615063944,0.0974794287014381,,0.22123420531344484,28.334267620950932,0.0015955784041854946,,True,1.0,1.0,9.81653727714089e-07,9.347091174117057e-07,True,0.0022215924669619527,9.577632983215502e-05,0.10220499729359023,7.018091556178765e-05,14.496292026339685,0.0007114922640907645,True,True,True,79,0.4742860794067383,t5_lam1.00_D0.16_n400,t5,1.0,0.16,400
True,5,5,0.26696325422266587,0.3563468955257786,0.2669402102571836,0.12055619865300546,,0.30503688657703737,43.58734769031149,3.903594533517893e-06,,True,1.0,0.9966666666666667,9.30359572796365e-07,8.274830592735242e-07,True,0.004280442360560642,9.892909273659305e-08,0.19003558364753653,9.303138588762786e-08,34.86533687741638,2.6858904326212427e-08,True,True,True,80,0.4636721611022949,t5_lam1.00_D0.16_n400,t5,1.0,0.16,400
True,5,5,0.31721409890601343,0.5031239227237704,0.3562256037795228,0.30727604304557943,,0.4151264187349055,28.43217264060827,0.0015387750524653327,,True,1.0,1.0,9.347061011863932e-07,7.512003858719072e-07,True,0.0016296760685071783,0.0007227053142074641,0.07548541703954724,0.0005333418030592245,13.871969728551678,0.0009721651463575081,True,True,True,81,0.49759793281555176,t5_lam1.00_D0.16_n400,t5,1.0,0.16,400
True,5,5,0.18081239037052407,0.1634656025575139,0.0709340060404689,0.08798945209174028,,0.20768426779466984,20.379008533369507,0.025864975368928192,,True,1.0,1.0,9.490321348597329e-07,9.866200774748489e-07,True,0.004878438213446124,1.3752439116410534e-08,0.21943105352660813,1.0268949707138378e-08,30.045300520455427,2.990514334183082e-07,True,True,True,82,0.48149585723876953,t5_lam1.00_D0.16_n400,t5,1.0,0.16,400
True,5,5,0.20180901586453145,0.20363439442105355,0.11591287479093779,0.09036810408580691,,0.23002398942597507,34.128008604977815,0.00017569905699548106,,True,1.0,1.0,9.286974294603404e-07,7.677906957985741e-07,True,0.004034028622334177,2.2357050758199845e-07,0.17806705580184284,2.086513515564542e-07,30.46058418445125,2.4297869016983305e-07,True,True,True,83,0.4657740592956543,t5_lam1.00_D0.16_n400,t5,1.0,0.16,400
True,5,5,0.2872917822828419,0.4126828408362591,0.23310669125057135,0.30184168070004286,,0.3819926895937054,16.543249912332044,0.08510165593292834,,False,1.0,1.0,8.295979667893626e-07,9.6408763343591e-07,True,0.0028776604089679855,1.0506617030302084e-05,0.12632609798124347,1.0356569985019887e-05,15.655354201224057,0.000398550197871481,True,True,True,84,0.49474477767944336,t5_lam1.00_D0.16_n400,t5,1.0,0.16,400
True,5,5,0.22786448823381025,0.2596111249902813,0.17422209753381981,0.1055891801320899,,0.26378053129104134,32.3212189359338,0.0003539427363275108,,True,1.0,1.0,9.622798956398526e-07,8.950889730255571e-07,True,0.0023746287446724324,5.706564716014372e-05,0.10327528322219041,6.99183456347027e-05,18.731645038499575,8.560023587684221e-05,True,True,True,85,0.46587109565734863,t5_lam1.00_D0.16_n400,t5,1.0,0.16,400
True,5,5,0.19780546543998948,0.19563501078965434,0.09273671738165389,0.100211910316767,,0.2269672406008954,24.60238005033628,0.006152362548697485,,True,1.0,1.0,9.968845567364092e-07,8.330834074676168e-07,True,0.004743459869705189,2.1455690516814616e-08,0.21820962695478807,1.434974975623458e-08,49.20492840665766,2.0667386214462466e-11,True,True,True,86,0.46205615997314453,t5_lam1.00_D0.16_n400,t5,1.0,0.16,400
True,5,5,0.2756380222945843,0.3798815966723487,-0.03271264428391768,0.7953907074237448,,0.5050918026785876,13.843183269948021,0.1802654264584854,,False,1.0,1.0,9.573976014536162e-07,9.129704728824778e-07,True,0.003815748191937654,4.6092431764565835e-07,0.17126178161615402,4.133591774873809e-07,34.274769613838025,3.6085135806267186e-08,True,True,True,87,0.48879504203796387,t5_lam1.00_D0.16_n400,t5,1.0,0.16,400
True,5,5,0.256089313770459,0.32790868313712307,0.2560829548203607,0.10263436343460136,,0.2915137937613314,50.583042266829096,2.0846567149849817e-07,,True,1.0,1.0,8.423872493018691e-07,8.57725065646352e-07,True,0.003267330988668508,2.8560432497155717e-06,0.1451273591693955,2.3700736840460814e-06,50.87175197346554,8.981304411725952e-12,True,True,True,88,0.4387190341949463,t5_lam1.00_D0.16_n400,t5,1.0,0.16,400
True,5,5,0.18835179512106404,0.17738199362663642,0.0870464698101916,0.0946655698588069,,0.22034403814938042,19.123136225129215,0.03872625413463798,,True,0.9966666666666667,1.0,9.405910030801598e-07,9.633489026606623e-07,True,0.001503451647755773,0.0011174464492965963,0.06784713791927212,0.0010953369753581154,16.39448378397938,0.000275412139811438,True,True,True,89,0.46523404121398926,t5_lam1.00_D0.16_n400,t5,1.0,0.16,400
True,5,5,0.18480126007625464,0.1707575286288575,0.06747168811696884,0.11008007880991319,,0.22295170104870626,13.980925760260902,0.17386342241465347,,False,0.9966666666666667,1.0,9.270408699861551e-07,9.048730219549421e-07,True,0.0020314470302099006,0.00018268807240755548,0.0999106218099737,9.271317608220507e-05,16.672210696522633,0.00023970409129746536,True,True,True,90,0.48070764541625977,t5_lam1.00_D0.16_n400,t5,1.0,0.16,400
True,5,5,0.2141432148726009,0.2292865823798646,0.14164211424123446,0.10605276154102115,,0.2514292678707881,27.71608770368523,0.0020040898066326527,,True,1.0,1.0,8.572816586258888e-07,8.742544248504163e-07,True,0.0032189000129203386,3.356837582252474e-06,0.1453942316077567,2.51566218357901e-06,21.137260713336772,2.5710004628265496e-05,True,True,True,91,0.4618539810180664,t5_lam1.00_D0.16_n400,t5,1.0,0.16,400
True,5,5,0.2168584906459363,0.23513802482616822,0.13488358449109633,0.12933804335514987,,0.26367621591892637,23.145084377925635,0.010223532095384425,,True,1.0,1.0,8.931865407093596e-07,8.472408039354512e-07,True,0.0020532906884200585,0.0001696011042905551,0.09592333037506993,0.00013161266143636187,9.145638724809434,0.010328798003433321,True,True,True,92,0.4728047847747803,t5_lam1.00_D0.16_n400,t5,1.0,0.16,400
True,5,5,0.24690245071863529,0.3048041008543406,0.2111791987971397,0.1120540323271721,,0.28124426404285163,45.976211315809856,1.448540976185691e-06,,True,1.0,1.0,6.931345849273316e-07,9.1969851737286e-07,True,0.0036410057115584342,8.23348475322433e-07,0.16312137887385653,6.031234252725911e-07,28.71326523630797,5.820947404677899e-07,True,True,True,93,0.4543430805206299,t5_lam1.00_D0.16_n400,t5,1.0,0.16,400
True,5,5,0.1648297781326932,0.13584427879636435,0.026241221134954446,0.10505499208611208,,0.199520077133683,17.742054660825502,0.05947385402944308,,False,1.0,1.0,9.074673344132332e-07,6.849505771581665e-07,True,0.0015955217507962608,0.000812990281616529,0.07258164288736649,0.0007053316079959932,6.242005453845179,0.044112913029836644,True,True,True,94,0.48188281059265137,t5_lam1.00_D0.16_n400,t5,1.0,0.16,400
True,5,5,0.1857227727996191,0.17246474168189466,0.07446021562453434,0.08750298827376714,,0.20899273827371723,24.64906320120165,0.006051912181105574,,True,1.0,1.0,8.896841098256511e-07,9.4814437204885e-07,True,0.003006800120546265,6.818399259790078e-06,0.13564442076157407,5.2130150871704765e-06,28.151685370810696,7.707955409355539e-07,True,True,True,95,0.46697521209716797,t5_lam1.00_D0.16_n400,t5,1.0,0.16,400
True,5,5,0.13050293631602175,0.08515508193551816,-0.008395908505591826,0.0697324160109572,,0.1458106367081085,12.352300767426083,0.2621699490160802,,False,1.0,0.9966666666666667,7.000696818384832e-07,9.428259381569227e-07,True,0.003478018245412427,1.4156300597346767e-06,0.1537924473147767,1.353828594644956e-06,6.9877735183903456,0.030382552714416856,True,True,True,96,0.4650399684906006,t5_lam1.00_D0.16_n400,t5,1.0,0.16,400
True,5,5,0.15894864339282444,0.12632335618209634,0.04296790589636201,0.07871666407090527,,0.18571230238996617,17.412663654951743,0.06571709733582762,,False,1.0,1.0,9.861150018479448e-07,9.3328811097543e-07,True,0.002487469863197239,3.8992582044197455e-05,0.1151279684181959,2.7542897775484862e-05,17.445951545115136,0.00016280200763564863,True,True,True,97,0.4461030960083008,t5_lam1.00_D0.16_n400,t5,1.0,0.16,400
True,5,5,0.2029994217806718,0.20604382621643544,0.09333613843006118,0.12857097804292994,,0.24690750413248785,26.12012192751189,0.0035819437260844493,,True,1.0,1.0,9.617997414824338e-07,9.942811074496209e-07,True,0.0026976064725758014,1.922385435615442e-05,0.11983562281122247,2.032475111954629e-05,12.39098755847123,0.002038596334588971,True,True,True,98,0.46698498725891113,t5_lam1.00_D0.16_n400,t5,1.0,0.16,400
True,5,5,0.19869412406001888,0.1973967746798909,0.09079042494634183,0.0997570823844604,,0.2257769801022763,25.446932658857204,0.004559741116186511,,True,1.0,1.0,8.594811183689794e-07,8.634844545229129e-07,True,0.0024907662957684754,3.856163546561082e-05,0.11103966653368644,3.209706537047765e-05,11.558731895868004,0.0030906744356196916,True,True,True,99,0.483126163482666,t5_lam1.00_D0.16_n400,t5,1.0,0.16,400
True,5,5,0.14681979893883426,0.10778026680219858,0.021996394130504013,0.07467708885787817,,0.1701935807182881,13.558797548850038,0.1940837164616233,,False,1.0,0.9966666666666667,8.478510276087653e-07,8.422010849812064e-07,True,0.0014907208960834477,0.0011677963469705367,0.06989250468478528,0.0008363628100768596,2.713670059419984,0.25747438753471885,True,True,False,100,0.45676708221435547,t5_lam1.00_D0.16_n400,t5,1.0,0.16,400
True,5,5,0.266030954184254,0.3538623429209232,0.268203366893506,0.13940394323879213,,0.31543698215053045,33.911268442712725,0.00019119962745716874,,True,1.0,1.0,8.7383702272721e-07,8.868807798559356e-07,True,0.0024434707820348844,4.5230504491908866e-05,0.11030294339744777,3.864541964918272e-05,17.352006546293378,0.0001706316747891747,True,True,True,101,0.4406619071960449,t5_lam1.00_D0.16_n400,t5,1.0,0.16,400
True,5,5,0.2062252315714717,0.21264423068353566,0.12717750290126983,0.1041776718650607,,0.24434996391073,22.363759813055655,0.013355003517922289,,True,1.0,1.0,8.922313158411223e-07,7.432188848334208e-07,True,0.0023958900927236555,5.3111100130219613e-05,0.1073386048589212,4.4065129003587874e-05,19.228956013861417,6.675522364240866e-05,True,True,True,102,0.4660458564758301,t5_lam1.00_D0.16_n400,t5,1.0,0.16,400
True,5,5,0.25075691994579463,0.31439516450350824,0.21317513404679855,0.1560067499986375,,0.30652353991527925,33.00052954482911,0.00027233002670547945,,True,1.0,1.0,7.784094612757817e-07,9.092301661532036e-07,True,0.004204334697410834,1.2723963107432942e-07,0.18778010638137113,1.1254746944591101e-07,22.19217158846154,1.517159248413974e-05,True,True,True,103,0.4669530391693115,t5_lam1.00_D0.16_n400,t5,1.0,0.16,400
True,5,5,0.2115913499820595,0.22385449693615195,0.12309937249195738,0.10547906343655648,,0.24355574004856534,29.83206112962572,0.000912525351117637,,True,1.0,1.0,9.098518179419759e-07,9.257152890748193e-07,True,0.0029421444248452374,8.465592926879254e-06,0.1321404713078109,6.753644190103129e-06,6.845529270145327,0.032622121892906,True,True,True,104,0.4659249782562256,t5_lam1.00_D0.16_n400,t5,1.0,0.16,400
True,5,5,0.18446784235698374,0.170141924319205,0.07985943756449446,0.08620686488891775,,0.21055028470422277,22.715415642328743,0.011847194557865905,,True,1.0,0.9966666666666667,9.995998175321728e-07,9.439271994276174e-07,True,0.00331342044902244,2.44921175499211e-06,0.14624936794218102,2.2257575775437233e-06,22.680432669579258,1.1885203501020386e-05,True,True,True,105,0.45440173149108887,t5_lam1.00_D0.16_n400,t5,1.0,0.16,400
True,5,5,0.23786036535931593,0.28288776704433627,0.18324974191315918,0.11403694010830964,,0.2723320827433889,34.66264026086563,0.0001425413097083992,,True,1.0,1.0,9.402784424578156e-07,9.994464745104468e-07,True,0.0030158970329290644,6.614037285798027e-06,0.13350558668385237,6.861427598027341e-06,23.523431097960092,7.797436368639289e-06,True,True,True,106,0.4846470355987549,t5_lam1.00_D0.16_n400,t5,1.0,0.16,400
True,5,5,0.21875465661401092,0.23926799895156914,0.15247062395341004,0.10899834023833017,,0.2575876313902195,24.241183532930478,0.006985314922368692,,True,1.0,1.0,9.897204235003668e-07,7.508985074013875e-07,True,0.004376207952813237,7.209002636020516e-08,0.19273348097313578,6.278600766223171e-08,27.90241157106756,8.731086914009136e-07,True,True,True,107,0.4656391143798828,t5_lam1.00_D0.16_n400,t5,1.0,0.16,400
True,5,5,0.2465143469613061,0.30384661628879606,0.19464302466555952,0.12591894504500192,,0.2834647273029694,35.28671134788004,0.00011154872956462023,,True,1.0,1.0,8.999401674848152e-07,8.210918473158017e-07,True,0.0042188053221980755,1.212932562075666e-07,0.18923953389007064,9.376693688998325e-08,38.01193037209054,5.569474199897004e-09,True,True,True,108,0.45385193824768066,t5_lam1.00_D0.16_n400,t5,1.0,0.16,400
True,5,5,0.20223971179576325,0.20450450513616691,0.11828802083795435,0.09980891798047815,,0.2376800713481237,23.46126529954008,0.009166236601048762,,True,0.9933333333333333,1.0,9.789142749605514e-07,7.803323355694577e-07,True,0.0029893373517171965,7.228634137476192e-06,0.1358177190975296,5.742683653754872e-06,19.915129961168788,4.7367937576141543e-05,True,True,True,109,0.4438908100128174,t5_lam1.00_D0.16_n400,t5,1.0,0.16,400
True,5,5,0.21080097815311188,0.22218526195154373,0.11174204799711394,0.10989327946474622,,0.24186790084767076,25.19254893915348,0.0049922379389584475,,True,1.0,0.9966666666666667,9.508089679511952e-07,9.679887008621495e-07,True,0.0013793947532394915,0.0017186332236653952,0.06769710285173515,0.0009610498946441442,23.126264248059258,9.510328646337106e-06,True,True,True,110,0.4834151268005371,t5_lam1.00_D0.16_n400,t5,1.0,0.16,400
True,5,5,0.18576309667494867,0.17253964043133163,0.09124467462839096,0.10065853355751013,,0.2266332846843455,18.33823948161742,0.049519098572302765,,True,1.0,1.0,9.105567595668916e-07,9.119954912121855e-07,True,0.0032603324894616282,2.923490505345761e-06,0.14495910213462068,3.5033704162630736e-06,8.546739418869953,0.013934747898806065,True,True,True,111,0.44658517837524414,t5_lam1.00_D0.16_n400,t5,1.0,0.16,400
True,5,5,0.29054174618561573,0.42207253138293377,0.3329910060282796,0.1359325780533483,,0.3336405850792717,52.66461101020572,8.59347225116154e-08,,True,1.0,1.0,9.920644410591873e-07,9.665608596585355e-07,True,0.0021831050195583834,0.00010912573782863675,0.10051288590019787,7.410385068183471e-05,49.190647589148995,2.081548792403719e-11,True,True,True,112,0.4622988700866699,t5_lam1.00_D0.16_n400,t5,1.0,0.16,400
True,5,5,0.25799172417714805,0.3327986487194883,0.19764366863576205,0.21173811149061103,,0.3304305885613342,27.12582500829315,0.002487578408660215,,True,0.9966666666666667,1.0,8.078183186526681e-07,9.85730300869012e-07,True,0.0026606361363665666,2.1767147257406698e-05,0.1226512276912002,1.4179444529336727e-05,20.359386611302412,3.7932840934889915e-05,True,True,True,113,0.47121596336364746,t5_lam1.00_D0.16_n400,t5,1.0,0.16,400
True,5,5,0.1410290752450209,0.09944600032232884,0.0005136955355818235,0.07993230539059432,,0.16247500605809717,12.785742002609723,0.23589918309762298,,False,0.9966666666666667,1.0,9.94124952388793e-07,8.420113965694161e-07,True,0.005014238312935321,8.793919513983028e-09,0.23110255266105112,5.952880631077697e-09,16.620280232810874,0.0002460095709702939,True,True,True,114,0.4641690254211426,t5_lam1.00_D0.16_n400,t5,1.0,0.16,400
True,5,5,0.17681090849847947,0.15631048682028842,0.07741132108384385,0.08136517985569836,,0.20554567972937215,19.35336706541682,0.03599725828740069,,True,1.0,1.0,9.903485167585804e-07,9.870332768867391e-07,True,0.0027844554752060307,1.4361405262915698e-05,0.12534389343127522,1.0834686654727212e-05,16.40777575842345,0.0002735878231569158,True,True,True,115,0.44629502296447754,t5_lam1.00_D0.16_n400,t5,1.0,0.16,400
True,5,5,0.25998959579568476,0.3379729496100178,0.22828167272947933,0.14953631697503672,,0.307976306253203,31.956392972728576,0.00040719287085661605,,True,1.0,1.0,8.281753580347189e-07,9.404665243224821e-07,True,0.0022215158151274624,9.580121264492313e-05,0.10037144467170327,7.57795012618165e-05,20.471040288591354,3.5873196953059954e-05,True,True,True,116,0.4749431610107422,t5_lam1.00_D0.16_n400,t5,1.0,0.16,400
True,5,5,0.1770860615703973,0.15679736601257274,0.06314671958242245,0.08463023543109498,,0.2011721000939325,23.691842793031334,0.008461719722641953,,True,1.0,1.0,7.11867260323272e-07,8.025285699079399e-07,True,0.004100416987249339,1.794542862399663e-07,0.18161388883533094,1.4179974304287446e-07,20.307606564720572,3.892774656252649e-05,True,True,True,117,0.45911502838134766,t5_lam1.00_D0.16_n400,t5,1.0,0.16,400
True,5,5,0.1565339168000733,0.12251433554386137,0.026273551207748713,0.0825830550502842,,0.18006142775838568,14.837755720261981,0.13808990416347355,,False,0.9966666666666667,1.0,9.779102889591746e-07,8.21848327724666e-07,True,0.0010705147201790282,0.005078433958932082,0.04968052316652364,0.0042803402450397815,9.497580049836992,0.008662169874496908,True,True,True,118,0.47535085678100586,t5_lam1.00_D0.16_n400,t5,1.0,0.16,400
True,5,5,0.19756330949609585,0.1951563062952508,0.10782172311576232,0.09940329554067233,,0.23294874728865417,20.910087753618207,0.021729327651436852,,True,1.0,1.0,9.374691782258981e-07,9.438674515609989e-07,True,0.004858491726698335,1.4686403078254275e-08,0.2150888314255132,1.2730433784022619e-08,22.179495914308397,1.5268052917866547e-05,True,True,True,119,0.45684814453125,t5_lam1.00_D0.16_n400,t5,1.0,0.16,400
True,5,5,0.23297692487069402,0.271391237611025,0.18761522917935414,0.1015186434642963,,0.2663075432971418,39.56451012395863,2.0212926285873452e-05,,True,1.0,1.0,8.972482609850374e-07,9.162903398084683e-07,True,0.0026304322065373313,2.409404624258826e-05,0.1194108528240805,2.0625476530714553e-05,21.29231026726906,2.3792143575920618e-05,True,True,True,120,0.4489579200744629,t5_lam1.00_D0.16_n400,t5,1.0,0.16,400
True,5,5,0.2515024971216951,0.3162675302922412,0.22922577351369305,0.11189116115463901,,0.28749621067510184,40.99461022388601,1.1308988227176461e-05,,True,1.0,1.0,7.510480862656305e-07,9.848125972886874e-07,True,0.0029529192084243043,8.165656062568911e-06,0.13437214779557674,6.2276419623391866e-06,56.32975968660308,5.863380800373215e-13,True,True,True,121,0.46731019020080566,t5_lam1.00_D0.16_n400,t5,1.0,0.16,400
True,5,5,0.15675772684182576,0.1228649246230823,0.04714149431384407,0.07461040928087757,,0.1843174959833327,17.147974054564617,0.07115314837105892,,False,1.0,1.0,9.911589271317212e-07,9.185856628664964e-07,True,0.0038342940242813857,4.3342236690099385e-07,0.1689413030940669,4.253703545973886e-07,9.180169232533057,0.010151999312745382,True,True,True,122,0.44467997550964355,t5_lam1.00_D0.16_n400,t5,1.0,0.16,400
True,5,5,0.17575352600218586,0.1544465095110051,0.06608732795117025,0.08307187973185559,,0.20135958414030825,20.836200150492825,0.022265154781643887,,True,1.0,1.0,8.07230700949473e-07,9.767090692954121e-07,True,0.0041983163132574735,1.2979796675479743e-07,0.18654360593718722,1.0443556702175692e-07,33.27769905075983,5.940725230344556e-08,True,True,True,123,0.459028959274292,t5_lam1.00_D0.16_n400,t5,1.0,0.16,400
True,5,5,0.2263125630891278,0.2560868810598523,0.16142413377081272,0.11288214375461951,,0.26347627496366954,28.054377294483988,0.0017694099720888421,,True,1.0,1.0,8.561611652907964e-07,9.102517188848998e-07,True,0.002420066197706672,4.894802422723261e-05,0.10833580751447212,4.700110051856213e-05,8.254749653409583,0.01612515463296902,True,True,True,124,0.46903133392333984,t5_lam1.00_D0.16_n400,t5,1.0,0.16,400
True,5,5,0.3205337799427313,0.5137095204218765,0.40811827972356457,0.14776109055770578,,0.3608777204122504,67.2783708243629,1.4825146722327422e-10,,True,1.0,1.0,8.026804634214827e-07,8.179888983903185e-07,True,0.005827169986127274,6.08529471931949e-10,0.2539591113121491,6.561808490360345e-10,80.84162972408346,2.78909399982484e-18,True,True,True,125,0.4464271068572998,t5_lam1.00_D0.16_n400,t5,1.0,0.16,400
True,5,5,0.18623509512394715,0.17341755327912822,0.08946830611026156,0.08709250810336293,,0.215741852195803,22.314295554953233,0.013581120574417594,,True,1.0,1.0,8.568287838393826e-07,7.681533106776447e-07,True,0.004286120570040396,9.708940355356906e-08,0.19903615426357976,6.285604294886583e-08,37.10213822571548,8.77754472172414e-09,True,True,True,126,0.44998598098754883,t5_lam1.00_D0.16_n400,t5,1.0,0.16,400
True,5,5,0.18463175179732907,0.1704444188587526,0.07168416180348579,0.10012722575552813,,0.2174298931812528,21.28900452097017,0.019166060918935836,,True,1.0,1.0,7.561975494704976e-07,9.16026614421679e-07,True,0.004238580231108086,1.1361487211387238e-07,0.1950084577393694,6.297713287616682e-08,37.63516007727349,6.7240173665228336e-09,True,True,True,127,0.4535810947418213,t5_lam1.00_D0.16_n400,t5,1.0,0.16,400
True,5,5,0.24796832158265497,0.307441442542595,0.18979077055123497,0.1302730974933413,,0.2842783662037476,40.68625345747596,1.2822341928334232e-05,,True,1.0,1.0,9.214886760640436e-07,8.5779744312084e-07,True,0.0025727473597947385,2.925562721527521e-05,0.11803100448263952,2.0601437883355824e-05,23.421646476714898,8.20453721055838e-06,True,True,True,128,0.4697909355163574,t5_lam1.00_D0.16_n400,t5,1.0,0.16,400
True,5,5,0.19397558259170497,0.1881326332089568,0.0949394765429392,0.09411431929079504,,0.22349217255934145,22.225302650802067,0.013997076656857026,,True,1.0,0.9966666666666667,8.937671853994164e-07,9.752568145599297e-07,True,0.0022210167477449173,9.596337965036325e-05,0.10195406662927979,6.682444600399495e-05,9.422961493863582,0.0089914536527784,True,True,True,129,0.46973586082458496,t5_lam1.00_D0.16_n400,t5,1.0,0.16,400
True,5,5,0.252743640584368,0.319396739279201,0.2406566230991362,0.11781408367744593,,0.29476890811004725,35.63149046748933,9.737251503854594e-05,,True,1.0,1.0,8.998010692294023e-07,9.6699131892217e-07,True,0.004456811260893929,5.524018992330051e-08,0.19697817931453213,6.203793819365091e-08,15.388555323186736,0.0004554258413775211,True,True,True,130,0.45734500885009766,t5_lam1.00_D0.16_n400,t5,1.0,0.16,400
True,5,5,0.24338440295698413,0.2961798380136382,0.20019505636129847,0.1030158780931291,,0.27189744282592015,44.98967449355215,2.184074778467208e-06,,True,1.0,1.0,9.870075060962563e-07,7.869588583670669e-07,True,0.0024097981388695833,5.067451148120306e-05,0.11181044816753304,3.052453114426216e-05,34.115735876283125,3.907167964516205e-08,True,True,True,131,0.4772908687591553,t5_lam1.00_D0.16_n400,t5,1.0,0.16,400
True,5,5,0.2230834490218895,0.2488311261375099,0.14169705992719123,0.11738330198237301,,0.25875680085224323,36.12716444140324,8.004356875385897e-05,,True,1.0,1.0,8.740321505336102e-07,9.783694037892847e-07,True,0.0026291497071015526,2.4198202350911195e-05,0.117957476735506,1.7819401180283706e-05,21.59400243350943,2.0460768915285247e-05,True,True,True,132,0.46993207931518555,t5_lam1.00_D0.16_n400,t5,1.0,0.16,400
True,5,5,0.17988615863316734,0.16179515033898526,0.06416779924174604,0.09317545068811221,,0.20853190511234745,18.422550594886204,0.04824060181206643,,True,1.0,1.0,8.162286625580928e-07,8.724605926552284e-07,True,0.0024049220422702597,5.151570102912794e-05,0.10856354773445967,3.90016461856331e-05,17.827670438569708,0.0001345149491119513,True,True,True,133,0.47304511070251465,t5_lam1.00_D0.16_n400,t5,1.0,0.16,400
True,5,5,0.18279996025658748,0.16707912734904984,0.09261037090857162,0.08145006707370812,,0.212877339869795,21.804305751120303,0.016133175778253992,,True,1.0,1.0,9.180255526897463e-07,8.254251721494963e-07,True,0.001959908759036084,0.0002331077222242737,0.08424434594655554,0.0002770500516897591,5.624241584345515,0.06007744541387001,True,True,False,134,0.44712305068969727,t5_lam1.00_D0.16_n400,t5,1.0,0.16,400
True,5,5,0.2211666061523662,0.2445733383847793,0.15791178553595087,0.0970681438986452,,0.25202169513321065,36.04383561659502,8.272839892705002e-05,,True,1.0,0.9966666666666667,9.752298144144976e-07,9.098934566502777e-07,True,0.0033139462324622646,2.4449229810201576e-06,0.14761129865124586,2.2710949806661717e-06,29.925713404988343,3.1747819361682116e-07,True,True,True,135,0.4466588497161865,t5_lam1.00_D0.16_n400,t5,1.0,0.16,400
True,5,5,0.3011263866572666,0.45338550370630815,0.34066552767052094,0.18219658341830702,,0.3578693165736033,35.6247795281254,9.763076683817687e-05,,True,0.9966666666666667,1.0,5.715647426083381e-07,9.465705439393905e-07,True,0.004986202964422694,9.644115427594804e-09,0.21748398342366432,1.0175392519673448e-08,30.95157386233752,1.9008643804323534e-07,True,True,True,136,0.47586894035339355,t5_lam1.00_D0.16_n400,t5,1.0,0.16,400
True,5,5,0.16726165804760254,0.13988231126416562,0.04986399598886909,0.08351882785147652,,0.19351498283032548,16.535284895805056,0.08530046414161806,,False,1.0,1.0,9.926130721273006e-07,8.755197303111225e-07,True,0.0013834073588334915,0.0016948065984272154,0.06207187291408076,0.0016640252868555215,3.5322234194103603,0.1709965822185609,True,True,False,137,0.465595006942749,t5_lam1.00_D0.16_n400,t5,1.0,0.16,400
True,5,5,0.19623248056960918,0.19253593215251022,0.0915051322287709,0.10261168147741474,,0.2281606138992818,21.900574339144356,0.015619201352301796,,True,1.0,1.0,8.97116543160089e-07,9.259408441540057e-07,True,0.005781999055039487,7.057101779385781e-10,0.2670181342896358,4.6266007388113157e-10,30.044122487539227,2.9922763152110705e-07,True,True,True,138,0.4636878967285156,t5_lam1.00_D0.16_n400,t5,1.0,0.16,400
True,5,5,0.2214593758863833,0.245221275839932,0.13789300920747008,0.10942588748330942,,0.252143838757474,33.41997161969073,0.00023146685451282708,,True,1.0,1.0,8.915051836274496e-07,8.507080328419244e-07,True,0.0037220206877915272,6.29105756882441e-07,0.1689180968277793,4.329868165719563e-07,49.097922858272824,2.1803264074874242e-11,True,True,True,139,0.4635922908782959,t5_lam1.00_D0.16_n400,t5,1.0,0.16,400
True,5,5,0.20358574233874407,0.20723577241808744,0.11525407544647626,0.10540666712399087,,0.24026344464784447,22.968141534781402,0.010864786062243307,,True,1.0,0.9966666666666667,8.844559150634147e-07,7.150602143207101e-07,True,0.0037190277611030124,6.353884433683338e-07,0.16541263611128768,6.158121794059682e-07,19.670230464362636,5.353819507338703e-05,True,True,True,140,0.45749807357788086,t5_lam1.00_D0.16_n400,t5,1.0,0.16,400
True,5,5,0.1864302829414314,0.17378125198811084,0.07789850597226386,0.096342631568037,,0.21742494472208054,21.110807691540188,0.020334010130820816,,True,1.0,1.0,8.777287928268952e-07,9.825816849191626e-07,True,0.001949783038743745,0.00024129830422141087,0.08662748709494865,0.00021326505760821832,2.953699527552316,0.22835593159958267,True,True,False,141,0.4746108055114746,t5_lam1.00_D0.16_n400,t5,1.0,0.16,400
True,5,5,0.23033372048266781,0.2652681139569387,0.17856154266404703,0.10455502197919929,,0.2647788699207412,33.987312380317405,0.00018561432935447383,,True,1.0,1.0,9.45622874011569e-07,9.130339885771879e-07,True,0.0027483858189002353,1.6209660124426184e-05,0.1224056206067521,1.473253972237099e-05,19.292386792037902,6.467127701791104e-05,True,True,True,142,0.4579651355743408,t5_lam1.00_D0.16_n400,t5,1.0,0.16,400
True,5,5,0.1931330905612699,0.18650195334873837,0.10644813489621073,0.08342139807926569,,0.22075512410463022,26.37229951570997,0.0032704481991140863,,True,1.0,1.0,9.110290228190373e-07,9.689525281351129e-07,True,0.0014844191790866362,0.0011935627894908967,0.0696068029560013,0.0008403648458752398,5.144488186085932,0.07636398510953753,True,True,False,143,0.4633920192718506,t5_lam1.00_D0.16_n400,t5,1.0,0.16,400
True,5,5,0.1746714526394239,0.15255058183583253,0.05748051689359035,0.0912431766392386,,0.20374601194782477,16.457339991066227,0.08726767515418386,,False,1.0,1.0,9.81792943929572e-07,8.630228285647066e-07,True,0.0022508421734178854,8.674052849686793e-05,0.10118086318128859,7.73998771171305e-05,11.513348754797448,0.003161608451006039,True,True,True,144,0.4618220329284668,t5_lam1.00_D0.16_n400,t5,1.0,0.16,400
True,5,5,0.222024437855983,0.2464742550263263,0.16276453383248535,0.10224276272870204,,0.25726986334832525,29.30839435486144,0.0011105212948355448,,True,1.0,1.0,7.960952263200361e-07,9.359186441863917e-07,True,0.005851489016614377,5.618812014823278e-10,0.2614038671517135,4.1192192957433495e-10,41.53660651435537,9.559617088555533e-10,True,True,True,145,0.4408860206604004,t5_lam1.00_D0.16_n400,t5,1.0,0.16,400
True,5,5,0.15117846198144297,0.11427463683537296,0.020870794838418985,0.0779149817605716,,0.17264387343960572,15.325211977879745,0.12064737691377052,,False,1.0,1.0,9.869047696805987e-07,8.965211232454658e-07,True,0.0024397397034628208,4.580353858599554e-05,0.11276136637643483,3.405547755497854e-05,14.693358689520412,0.0006447297348218599,True,True,True,146,0.4573550224304199,t5_lam1.00_D0.16_n400,t5,1.0,0.16,400
True,5,5,0.19978548603746693,0.19957120215613447,0.09019492796798464,0.11683273552480383,,0.23764161114696236,25.208556838397076,0.0049638990134819585,,True,1.0,1.0,6.649167964445088e-07,8.737509519917463e-07,True,0.00514918839762478,5.640718870026327e-09,0.2349038000482369,4.097180783995158e-09,48.886075113200064,2.4239500615752357e-11,True,True,True,147,0.45000505447387695,t5_lam1.00_D0.16_n400,t5,1.0,0.16,400
True,5,5,0.23010668443953958,0.26474543111878923,0.1445738186377152,0.15034546662254206,,0.27995360498036637,27.886627376512287,0.0018822458053955149,,True,1.0,1.0,8.807244281991112e-07,9.330308973182021e-07,True,0.002182982971612331,0.00010917092053197348,0.10000558503977142,8.579935768345958e-05,12.337570076863576,0.002093778315980858,True,True,True,148,0.48616719245910645,t5_lam1.00_D0.16_n400,t5,1.0,0.16,400
True,5,5,0.20589524207077653,0.21196425353691833,0.1335998348856935,0.08856690969397164,,0.2363385019516313,31.112654624250816,0.0005621091646838945,,True,1.0,1.0,7.946611705595789e-07,8.355053197585281e-07,True,0.0017131199111180173,0.000542392578528967,0.07927649031839842,0.00042819273452855764,11.751568456695242,0.002806592321993809,True,True,True,149,0.44196200370788574,t5_lam1.00_D0.16_n400,t5,1.0,0.16,400
True,5,5,0.2266468591939904,0.2568439939125026,0.14165135128949224,0.11640433604693222,,0.2581160381026978,32.37992570758343,0.0003460354780555767,,True,0.9966666666666667,1.0,9.328162376262602e-07,9.53280539764003e-07,True,0.003119365510854956,4.680100928883319e-06,0.14872862644834778,2.3264625486887748e-06,29.10547597068629,4.784385840215981e-07,True,True,True,150,0.4695580005645752,t5_lam1.00_D0.16_n400,t5,1.0,0.16,400
True,5,5,0.24483606886055595,0.2997235030754545,0.13442533566983747,0.20596667849563646,,0.30763952081113793,37.83435410357555,4.0555636833553e-05,,True,1.0,1.0,9.848460319808454e-07,8.064168612519575e-07,True,0.003981675383992734,2.659057504542474e-07,0.1744767901052707,2.3210725610671088e-07,49.61879774624728,1.6804088884955628e-11,True,True,True,151,0.47174501419067383,t5_lam1.00_D0.16_n400,t5,1.0,0.16,400
True,5,5,0.3102217820275141,0.48118777022163234,0.3738782706359784,0.1799164027600848,,0.36600940377645097,39.06185246718747,2.4763100832129433e-05,,True,1.0,1.0,8.962149217914198e-07,7.031152021580697e-07,True,0.0031146459140700944,4.754477725891238e-06,0.14163445773477015,3.119863738407271e-06,32.0600462324421,1.0920673319724342e-07,True,True,True,152,0.46698713302612305,t5_lam1.00_D0.16_n400,t5,1.0,0.16,400
True,5,5,0.19367800425626697,0.18755584666345282,0.09984802980123063,0.0935837364274946,,0.22529073575611835,24.867015827480248,0.005603354018363606,,True,1.0,1.0,6.482149281034071e-07,9.31786799627419e-07,True,0.0018245676115978683,0.00037013496615149116,0.08721723774724068,0.00022982320975136746,12.500993161858965,0.0019294957474968956,True,True,True,153,0.45057201385498047,t5_lam1.00_D0.16_n400,t5,1.0,0.16,400
True,5,5,0.25958806583206756,0.33692981961216917,0.24655197737171447,0.13768552828346703,,0.3075791013536208,32.05268828319251,0.00039242167837334513,,True,1.0,1.0,9.932343667832677e-07,9.661598195000925e-07,True,0.0028829332438681894,1.0322606677019357e-05,0.12629017984292085,9.297888097818646e-06,24.26276979649517,5.387738155858967e-06,True,True,True,154,0.45963311195373535,t5_lam1.00_D0.16_n400,t5,1.0,0.16,400
True,5,5,0.21000922909440645,0.22051938152413447,0.14859181925875817,0.08188085343042255,,0.23802261993418636,38.59507074870625,2.9885468582643837e-05,,True,0.9966666666666667,1.0,9.251098598064134e-07,6.9162323792228e-07,True,0.002435890728957358,4.640232988184048e-05,0.10984781359212233,4.369391153810439e-05,44.47508059211218,2.1996772254245805e-10,True,True,True,155,0.45130491256713867,t5_lam1.00_D0.16_n400,t5,1.0,0.16,400
True,5,5,0.18949477043789645,0.17954134011655537,0.08021228999093219,0.10364838404252005,,0.22391905252163355,17.144994701896497,0.0712165571340716,,False,1.0,1.0,9.58983809376522e-07,9.958371698697676e-07,True,0.0017587370152840132,0.0004637852090320296,0.08142288269701659,0.00033670650203313206,12.961541088039898,0.0015326292659017552,True,True,True,156,0.49207592010498047,t5_lam1.00_D0.16_n400,t5,1.0,0.16,400
True,5,5,0.27664483705597814,0.38266182934864357,0.279372391659354,0.18053374417053736,,0.33950669376181425,37.09995256922954,5.438386229363099e-05,,True,1.0,1.0,9.91401243473901e-07,8.385755477418326e-07,True,0.001561930326983763,0.0009129129150253223,0.07098102597622517,0.000764824493509718,8.597529439498643,0.013585330341692277,True,True,True,157,0.47148895263671875,t5_lam1.00_D0.16_n400,t5,1.0,0.16,400
True,5,5,0.25164939555238197,0.316637091409396,0.22767288037286781,0.10715984336343315,,0.2842305885694791,49.30446720684273,3.5819152457945506e-07,,True,1.0,0.9966666666666667,8.981518017452677e-07,8.708592933602757e-07,True,0.0028031568768544547,1.3488005030692943e-05,0.13098891361203702,8.607319660805071e-06,23.918241730212372,6.400586922862492e-06,True,True,True,158,0.4547581672668457,t5_lam1.00_D0.16_n400,t5,1.0,0.16,400
True,5,5,0.1943532198430781,0.1888658703168592,0.10572357107705482,0.09942307680825377,,0.2320603281768712,20.320960666533743,0.026358994082361562,,True,1.0,1.0,7.244137348429181e-07,9.980200915466723e-07,True,0.004956280994632275,1.0642554313914854e-08,0.21844064520734227,1.0247700299920077e-08,21.414372555971532,2.23835044697327e-05,True,True,True,159,0.4568462371826172,t5_lam1.00_D0.16_n400,t5,1.0,0.16,400
True,5,5,0.19847122966942293,0.1969541450324641,0.10890860507515994,0.09299368536976775,,0.22885349275866712,22.792303951514267,0.01153973220698471,,True,1.0,1.0,9.288413369180984e-07,9.165132405181796e-07,True,0.003808664457651657,4.718848033212749e-07,0.17702252656266165,3.033252558486237e-07,18.80410138149786,8.255459790294526e-05,True,True,True,160,0.45671701431274414,t5_lam1.00_D0.16_n400,t5,1.0,0.16,400
True,5,5,0.22764438918935834,0.2591098396469802,0.1464934099367446,0.12104729652041898,,0.2629062550229743,28.919140032110132,0.0012841570346032022,,True,1.0,1.0,8.851317111673544e-07,7.962996222263195e-07,True,0.0019040968599039014,0.0002820151749604195,0.08430800431552996,0.0002628970444929422,10.337675741214923,0.005691178863847961,True,True,True,161,0.46520209312438965,t5_lam1.00_D0.16_n400,t5,1.0,0.16,400
True,5,5,0.24322305477867479,0.29578727187935117,0.21488294668292746,0.10566819570800565,,0.2788159470498983,43.88325488467797,3.454452296783959e-06,,True,1.0,1.0,7.283488878847814e-07,9.128061836474144e-07,True,0.0019423114709028301,0.00024752740386133434,0.08695676577490506,0.0002247656257241526,6.868931321102025,0.03224263414116081,True,True,True,162,0.4560110569000244,t5_lam1.00_D0.16_n400,t5,1.0,0.16,400
True,5,5,0.31185419455752855,0.4862651933156243,0.3297184771864323,0.3652080713197589,,0.4313773980840187,18.428923574011236,0.04814519424188136,,True,1.0,1.0,7.821214485668989e-07,9.476137612179365e-07,True,0.0024612172715225943,4.2602042727600344e-05,0.10857471944222724,3.7172332344140634e-05,8.947732906434938,0.011403140794730161,True,True,True,163,0.4843599796295166,t5_lam1.00_D0.16_n400,t5,1.0,0.16,400
True,5,5,0.15961814140687244,0.12738975533092162,0.05154703302905034,0.07789838403370745,,0.18956712401708936,16.58408106075274,0.08408890303370332,,False,1.0,0.9966666666666667,8.489290191442582e-07,6.286564406440134e-07,True,0.0025269664289141684,3.413268476497702e-05,0.11348251282655844,2.8501989666368012e-05,16.869081708314166,0.00021723282482044866,True,True,True,164,0.4346632957458496,t5_lam1.00_D0.16_n400,t5,1.0,0.16,400
False,5,4,,,,,,,,,not_applicable,False,1.0,1.0,9.394859068747337e-07,9.263048683681222e-07,False,0.0025648471226470603,3.0044219698682453e-05,0.11556714085573547,2.0419685995450558e-05,35.358820816456365,2.0985997481313104e-08,True,True,True,165,0.5677318572998047,t5_lam1.00_D0.16_n400,t5,1.0,0.16,400
True,5,5,0.21041085584084301,0.22136364127838012,0.12963652410568727,0.09638699632118806,,0.24007458199299303,37.22644922603718,5.17088395555854e-05,,True,1.0,1.0,9.5938635414991e-07,9.681048554363533e-07,True,0.0023174312830628917,6.923796192211066e-05,0.10324984704177369,6.127874064336878e-05,18.72910123578658,8.570918020150074e-05,True,True,True,166,0.483414888381958,t5_lam1.00_D0.16_n400,t5,1.0,0.16,400
True,5,5,0.1874932281503492,0.17576855301119448,0.09324441484912623,0.09408072857867313,,0.22270763007943564,20.603305021488055,0.02403601247342099,,True,1.0,1.0,7.555600610124202e-07,8.724334899301721e-07,True,0.0017669799207471687,0.00045085876100022854,0.07825111634135325,0.00047696486094708817,8.293121877987915,0.015818724605815314,True,True,True,167,0.4742751121520996,t5_lam1.00_D0.16_n400,t5,1.0,0.16,400
True,5,5,0.15316077475350662,0.11729111461547194,0.0198234644115569,0.08221390354948568,,0.17609843943134018,14.766229545193223,0.14081998717554134,,False,1.0,1.0,9.310173874044502e-07,9.938186464958425e-07,True,0.002886620973642711,1.0195839254798642e-05,0.13407481630454127,6.1280125830571316e-06,12.57868121122649,0.0018559833684675805,True,True,True,168,0.4484090805053711,t5_lam1.00_D0.16_n400,t5,1.0,0.16,400
True,5,5,0.2343043060079569,0.27449253906935156,0.16311196697951447,0.13124738432529778,,0.2753160740366876,24.90270529896849,0.005533007366134052,,True,1.0,1.0,7.886441556730305e-07,9.222346525144132e-07,True,0.003164587551573335,4.02404294518874e-06,0.14165204497498057,4.001946979296857e-06,28.758040091322542,5.692079262047132e-07,True,True,True,169,0.47821807861328125,t5_lam1.00_D0.16_n400,t5,1.0,0.16,400
True,5,5,0.22707497300332388,0.25781521682230135,0.15508044488129746,0.13508552986548836,,0.2746912334346356,20.11451908841533,0.02818794812899784,,True,1.0,1.0,8.530394436562562e-07,8.798136423079913e-07,True,0.004256894890676675,1.0693859013338118e-07,0.18582869838706,1.162695456653863e-07,14.967809771749623,0.0005620583511030407,True,True,True,170,0.47942113876342773,t5_lam1.00_D0.16_n400,t5,1.0,0.16,400
True,5,5,0.1935129937208624,0.18723639369405265,0.09986801986782685,0.08697641618907716,,0.22042299947858032,27.860988667916182,0.0019000942792808226,,True,1.0,1.0,7.228482485111814e-07,8.49210985298939e-07,True,0.0027437830448828362,1.646209729871042e-05,0.12677249130506507,1.1758592177102727e-05,8.092247395365067,0.01749004009183238,True,True,True,171,0.4497249126434326,t5_lam1.00_D0.16_n400,t5,1.0,0.16,400
True,5,5,0.15069951457932396,0.11355171847221936,0.013006232501122247,0.0815963665445138,,0.17159272243188375,21.951183556120967,0.015355230110350174,,True,1.0,1.0,8.507806972991573e-07,9.284338188749759e-07,True,0.004006201045825299,2.4515590238576804e-07,0.1780584916183891,2.407479336641275e-07,29.4181394793337,4.0919675227518386e-07,True,True,True,172,0.4367060661315918,t5_lam1.00_D0.16_n400,t5,1.0,0.16,400
True,5,5,0.19227749595700744,0.18485317725748507,0.08241828448678154,0.10876040662797021,,0.22861025077520705,20.198370165019334,0.027431294497167014,,True,1.0,1.0,9.249489448434559e-07,6.985384526933979e-07,True,0.0036491353916221166,8.014071200394327e-07,0.16638206669439548,5.535042250144142e-07,32.30298140727261,9.671564063803065e-08,True,True,True,173,0.4675252437591553,t5_lam1.00_D0.16_n400,t5,1.0,0.16,400
True,5,5,0.2970268992252628,0.4411248943168722,0.34384410032820034,0.1691244602209177,,0.35271208715573865,37.00367110003107,5.6510756407726364e-05,,True,1.0,1.0,9.54277527068673e-07,8.320579113797045e-07,True,0.0025696166800287194,2.95656088831197e-05,0.11876922077489738,2.10483445908111e-05,43.676148291092844,3.279781434635839e-10,True,True,True,174,0.48129725456237793,t5_lam1.00_D0.16_n400,t5,1.0,0.16,400
True,5,5,0.26427060736085617,0.349194769574379,0.22735907662305746,0.18295035914916513,,0.3250494234486922,22.1793540027015,0.014216526290513917,,True,1.0,0.9966666666666667,9.462430475149317e-07,9.862620788726314e-07,True,0.005389342575647714,2.5612752362823107e-09,0.23408307698554806,2.946389173222072e-09,53.41962660535248,2.512322975152801e-12,True,True,True,175,0.48281288146972656,t5_lam1.00_D0.16_n400,t5,1.0,0.16,400
True,5,5,0.2586194112303683,0.33441999932571176,0.24897738687013682,0.11127268788848939,,0.2939403582783956,45.21763385981495,1.986666072699654e-06,,True,1.0,1.0,8.306381356614724e-07,7.382970613699057e-07,True,0.003637196507230007,8.338354719045631e-07,0.1622605344884501,6.297818104613374e-07,23.70174946926676,7.132314694532197e-06,True,True,True,176,0.4462249279022217,t5_lam1.00_D0.16_n400,t5,1.0,0.16,400
True,5,5,0.2561197001682905,0.3279865040714751,0.23515862384593134,0.12022436892248846,,0.2942482329992954,43.15292057909972,4.669498346405006e-06,,True,1.0,1.0,7.429552683499152e-07,7.58063682664561e-07,True,0.003224202821573448,3.2979639235799348e-06,0.1474390826664642,2.5001928778201546e-06,56.73072658819878,4.798209919038546e-13,True,True,True,177,0.45009398460388184,t5_lam1.00_D0.16_n400,t5,1.0,0.16,400
True,5,5,0.29501007336251384,0.435154716926779,0.31425163104288323,0.18504831906582794,,0.35174679240032414,29.633787076195254,0.0009830798179364657,,True,0.9966666666666667,0.9966666666666667,9.534274354058852e-07,9.541365573329886e-07,True,0.003929053346441594,3.1656177900277363e-07,0.17875538951471615,1.973777518551265e-07,39.84947403827659,2.2222691595853526e-09,True,True,True,178,0.49809932708740234,t5_lam1.00_D0.16_n400,t5,1.0,0.16,400
True,5,5,0.2094025131745151,0.21924706261901486,0.13085669279577497,0.12186306491746728,,0.2574115759311122,19.707581098395057,0.032142997268357246,,True,1.0,1.0,9.636985639201996e-07,9.434798516718959e-07,True,0.0031198238635187854,4.672940185077009e-06,0.1374932667994586,4.831883063015851e-06,23.564242262737707,7.6399375311612e-06,True,True,True,179,0.46702003479003906,t5_lam1.00_D0.16_n400,t5,1.0,0.16,400
True,5,5,0.1955821942659674,0.19126197356945307,0.11009383480650443,0.08804043297509355,,0.22579081482822327,27.017249732636152,0.0025880254280718834,,True,0.9966666666666667,1.0,9.298254129800301e-07,9.96671540685318e-07,True,0.002004840892601429,0.00020001084710434905,0.09174971407265473,0.0001608429338321121,9.770342706185303,0.007557828593775886,True,True,True,180,0.4333198070526123,t5_lam1.00_D0.16_n400,t5,1.0,0.16,400
True,5,5,0.2664601555638219,0.35500507251548086,0.26629417771311303,0.11205951298879813,,0.3002051545484032,54.16043369314551,4.529559761976639e-08,,True,1.0,1.0,8.931896029355337e-07,8.470400440437856e-07,True,0.005590509335400901,1.3229014959655857e-09,0.2624575427532299,5.273955384049516e-10,66.74918349383174,3.2033099929089632e-15,True,True,True,181,0.44838404655456543,t5_lam1.00_D0.16_n400,t5,1.0,0.16,400
True,5,5,0.15660443412030658,0.12262474393070724,0.019873635729261124,0.09442227209005365,,0.1871814373497461,12.373483622454724,0.2608378524378687,,False,1.0,1.0,9.024848002268092e-07,8.527006949511186e-07,True,0.004242020022182556,1.1232986186927268e-07,0.18851519523513255,1.0229286385612658e-07,10.143687519655725,0.0062708475387515126,True,True,True,182,0.46349287033081055,t5_lam1.00_D0.16_n400,t5,1.0,0.16,400
True,5,5,0.20102099728828132,0.20204720675387605,0.11206834820554115,0.11099939126960942,,0.2427534137864033,20.09667020867625,0.02835149547199708,,True,1.0,1.0,7.184682986808146e-07,8.574631470049502e-07,True,0.002751917939710937,1.6018582164829386e-05,0.12173704319752109,1.529051537086101e-05,26.664123026637945,1.621657938353833e-06,True,True,True,183,0.46464991569519043,t5_lam1.00_D0.16_n400,t5,1.0,0.16,400
True,5,5,0.19400734780635734,0.18819425501428455,0.08760906624388957,0.09745400964496571,,0.2226686540442436,25.36504430511504,0.00469487942890084,,True,1.0,1.0,9.877779133119503e-07,9.687932717985606e-07,True,0.0042982927452256455,9.326041140948163e-08,0.19336936085296888,7.928039060796658e-08,27.16384112900485,1.263126495902267e-06,True,True,True,184,0.46015501022338867,t5_lam1.00_D0.16_n400,t5,1.0,0.16,400
True,5,5,0.19869984357956558,0.1974081391927191,0.10479193840846249,0.11714489504596311,,0.24391725806250958,16.09625378310907,0.09690997848159451,,False,1.0,1.0,9.830981552416769e-07,9.844015003819608e-07,True,0.0015580272009797938,0.0009253012420552783,0.06975229003023345,0.000857579377257671,5.481573750584034,0.06451955806745789,True,True,False,185,0.4537689685821533,t5_lam1.00_D0.16_n400,t5,1.0,0.16,400
True,5,5,0.2264313520945361,0.2563557860567989,0.1591419870948731,0.11088084107588472,,0.2613521535009696,35.38983196273706,0.00010710870392676276,,True,1.0,1.0,9.039399163623522e-07,9.681273859560582e-07,True,0.0016911019837746381,0.0005850186583159607,0.07713310788342201,0.00044918936430371367,6.243840420108071,0.04407245873715619,True,True,True,186,0.4603860378265381,t5_lam1.00_D0.16_n400,t5,1.0,0.16,400
True,5,5,0.24749443173444569,0.306267468697781,0.19727509243405114,0.1188443961797955,,0.28027012988659544,42.4089987151272,6.34071375534148e-06,,True,1.0,1.0,9.725958263196424e-07,8.568934753798234e-07,True,0.002431582921328718,4.7081841851209314e-05,0.11404900930498967,3.059658902736678e-05,23.91793254190122,6.401576492681901e-06,True,True,True,187,0.48804593086242676,t5_lam1.00_D0.16_n400,t5,1.0,0.16,400
True,5,5,0.2517398102078429,0.31686466021740384,0.23206499086143495,0.12958904986210587,,0.29840241605600815,36.75136344363034,6.248025657891629e-05,,True,1.0,1.0,8.618261741097882e-07,9.760290376423504e-07,True,0.001102593815474615,0.004533817533522711,0.04896410409618158,0.004420881122485899,7.460513251712709,0.023986679444644686,True,True,True,188,0.44883108139038086,t5_lam1.00_D0.16_n400,t5,1.0,0.16,400
True,5,5,0.19416051662100406,0.18849153107267597,0.10302127672303452,0.09513615771037902,,0.22781849388808567,19.968602660436396,0.029551056622268344,,True,1.0,1.0,8.632093788281005e-07,7.614050679334762e-07,True,0.0036949154186823956,6.883546653307294e-07,0.16272518291613727,6.966966515215504e-07,18.56375879817377,9.309599442090715e-05,True,True,True,189,0.44822025299072266,t5_lam1.00_D0.16_n400,t5,1.0,0.16,400
True,5,5,0.16431138831493286,0.13499116164990327,0.054048611705804175,0.07800891507872618,,0.19097741154785625,20.24531060272566,0.027016001094477222,,True,1.0,1.0,6.964974399360591e-07,8.638996782712634e-07,True,0.0014139564518510072,0.001524040804007882,0.06388086852540109,0.0013420686261909423,6.465781571573003,0.03944331165793694,True,True,True,190,0.4571399688720703,t5_lam1.00_D0.16_n400,t5,1.0,0.16,400
True,5,5,0.25182116684741235,0.3170695003619614,0.23073075778300073,0.11886553949006383,,0.2919750576788283,34.404893578872475,0.00015767932171346222,,True,1.0,1.0,8.773866142758785e-07,7.348370142134173e-07,True,0.0030672322804787744,5.570783315766706e-06,0.13142491000938697,6.000081016403548e-06,19.29292074216282,6.46540137042295e-05,True,True,True,191,0.47165536880493164,t5_lam1.00_D0.16_n400,t5,1.0,0.16,400
True,5,5,0.1864654024596381,0.17384673157217406,0.04683117636646719,0.12666604445204935,,0.2259107252854618,18.759391338020606,0.04342737383963058,,True,0.9933333333333333,1.0,6.751554435219785e-07,9.908943961980576e-07,True,0.003413942993679638,1.7521904106990894e-06,0.15830846935189985,9.280338722930208e-07,27.279924528721452,1.191899548385626e-06,True,True,True,192,0.4874727725982666,t5_lam1.00_D0.16_n400,t5,1.0,0.16,400
True,5,5,0.12525615762876596,0.07844552511961134,-0.004214607087510189,0.05835472386597762,,0.13547720997510593,14.900879742947925,0.1357176083830744,,False,1.0,1.0,8.357856227381381e-07,6.814824473940036e-07,True,0.002184712266935696,0.00010853248048360372,0.09619422044529924,0.0001023615741136464,2.338845070195805,0.31054621903916635,True,True,False,193,0.4505116939544678,t5_lam1.00_D0.16_n400,t5,1.0,0.16,400
True,5,5,0.2490460858444655,0.3101197643722444,0.1995064076262073,0.13579433616528117,,0.29081547895087617,37.023411968518005,5.606810663958333e-05,,True,1.0,1.0,9.791563871879024e-07,7.151418252124688e-07,True,0.0027930762790767884,1.3951950353017342e-05,0.12768345258412248,1.0269491405891433e-05,31.80370233724609,1.2414058437029726e-07,True,True,True,194,0.4667787551879883,t5_lam1.00_D0.16_n400,t5,1.0,0.16,400
True,5,5,0.21154753267979184,0.223761792914538,0.08278038916651556,0.13741097078362677,,0.24851612536931555,32.61165067874395,0.0003164769016860497,,True,1.0,1.0,6.822409857178667e-07,9.361762964243003e-07,True,0.004306912358849996,9.064081196111404e-08,0.19420940636350126,6.744467499037345e-08,53.53169119320825,2.3754229820264103e-12,True,True,True,195,0.4494810104370117,t5_lam1.00_D0.16_n400,t5,1.0,0.16,400
True,5,5,0.20230991856596495,0.2046465157508368,0.10807183047094276,0.0988631866260358,,0.23267458028962168,25.50483328376661,0.0044664526233817664,,True,0.9966666666666667,0.9966666666666667,7.776858621831139e-07,8.169639621069376e-07,True,0.0029602569116079815,7.96752611400416e-06,0.14003594305110467,4.606286558299375e-06,26.974810298636438,1.3883353071217925e-06,True,True,True,196,0.4631781578063965,t5_lam1.00_D0.16_n400,t5,1.0,0.16,400
True,5,5,0.1628096904075325,0.13253497645298287,0.049494207073910404,0.07600903407544378,,0.1868250210512404,18.35688041445003,0.049233800992573316,,True,1.0,1.0,5.919755178900429e-07,8.105996812597388e-07,True,0.0029484774976425063,8.287985134943765e-06,0.13100148158759975,6.764187487457044e-06,4.090009058084682,0.1293796040103395,True,True,False,197,0.44754505157470703,t5_lam1.00_D0.16_n400,t5,1.0,0.16,400
True,5,5,0.295445253662832,0.43643948955947576,0.35490851248261823,0.12664009178744937,,0.335622683016709,56.51415840104246,1.6443553721577837e-08,,True,1.0,1.0,9.086740718116041e-07,5.866139415864722e-07,True,0.001644175727984967,0.0006875054839140382,0.07540884462637236,0.0004638004931281613,18.613784795191798,9.079626590509375e-05,True,True,True,198,0.6036458015441895,t5_lam1.00_D0.16_n400,t5,1.0,0.16,400
True,5,5,0.20702609943815628,0.21429902924288685,0.12023824002683853,0.09405912224344197,,0.23450020400709076,29.47357759775572,0.0010439398871478923,,True,1.0,1.0,9.488129267551394e-07,9.541526564647438e-07,True,0.0022470590189604244,8.785912226311712e-05,0.09965388587881084,7.817122834005504e-05,18.955653567201132,7.653007297459475e-05,True,True,True,199,0.6090619564056396,t5_lam1.00_D0.16_n400,t5,1.0,0.16,400
True,5,5,0.2203960896202134,0.2428721815994057,0.12346072815615099,0.12817162851752945,,0.25856693376976336,33.097734251688706,0.00026227316629851314,,True,1.0,1.0,6.662812229312928e-07,8.660427258622706e-07,True,0.0031259768138396835,4.577871725473415e-06,0.14017123951137916,3.4844502241684314e-06,27.246094810121875,1.2122318356608794e-06,True,True,True,200,0.6014461517333984,t5_lam1.00_D0.16_n400,t5,1.0,0.16,400
True,5,5,0.18184011199353847,0.16532913164911306,0.07225612827582241,0.09889533889313652,,0.21675999868185686,18.48687094098391,0.04728553945886729,,True,1.0,1.0,9.874928879317583e-07,9.506764786467862e-07,True,0.0018353053383946703,0.0003567800836433749,0.08081509502744197,0.0003809963789180337,5.085517095037884,0.07864914287373866,True,True,False,201,0.5938611030578613,t5_lam1.00_D0.16_n400,t5,1.0,0.16,400
True,5,5,0.21771133248846025,0.23699112146950443,0.15241967536783138,0.09343241083930491,,0.2474276925534739,37.448926705732184,4.731469579151078e-05,,True,1.0,1.0,6.819571240636312e-07,8.493461226519198e-07,True,0.0025457113812762185,3.2044024149277074e-05,0.11615661084401485,2.5728864136323538e-05,23.620393248387607,7.428425564390158e-06,True,True,True,202,0.46939682960510254,t5_lam1.00_D0.16_n400,t5,1.0,0.16,400
True,5,5,0.2662216010564696,0.35436970434535026,0.27235336910693086,0.11819766185896878,,0.3055392681515223,44.65332983574273,2.5112984190177033e-06,,True,1.0,1.0,9.789932340701647e-07,9.851287799314027e-07,True,0.0030016598643680227,6.93666551432998e-06,0.13151439201604928,6.952560354794328e-06,21.306701568431585,2.3621558096958048e-05,True,True,True,203,0.474776029586792,t5_lam1.00_D0.16_n400,t5,1.0,0.16,400
True,5,5,0.2531039287344676,0.3203079937041122,0.23722633539085747,0.12113320292960798,,0.2954565022381033,36.11833445476479,8.032396155082527e-05,,True,1.0,1.0,9.837847046896868e-07,7.866247372949253e-07,True,0.004197737660950485,1.3004664436446362e-07,0.192262132826489,7.985188798194335e-08,59.57342217400812,1.1582324834589365e-13,True,True,True,204,0.44525909423828125,t5_lam1.00_D0.16_n400,t5,1.0,0.16,400
True,5,5,0.2351997336418703,0.27659457352603367,0.1924814890664373,0.12759694736269764,,0.2836757976013839,29.105289767980178,0.0011980613126403796,,True,1.0,1.0,9.699514651339795e-07,7.544971475974415e-07,True,0.005600167864599696,1.2816148888633618e-09,0.2482054225238027,1.1731245941472102e-09,25.814779805858976,2.479658018828606e-06,True,True,True,205,0.45604419708251953,t5_lam1.00_D0.16_n400,t5,1.0,0.16,400
True,5,5,0.1914346022286656,0.18323603465223706,0.0848629731860445,0.10609030869369776,,0.22775688890800846,26.82338410290599,0.0027772022642900186,,True,1.0,1.0,9.959034306594876e-07,9.866341968216706e-07,True,0.0029023878408090784,9.67123669310266e-06,0.13164078542944538,7.180211855470012e-06,16.223250020706388,0.0003000309234801235,True,True,True,206,0.5039348602294922,t5_lam1.00_D0.16_n400,t5,1.0,0.16,400
True,5,5,0.19210252288881416,0.18451689650123684,0.07916448811370222,0.13608776340841444,,0.24617430383358313,15.122222549465345,0.12766897451233652,,False,1.0,1.0,9.702368738523789e-07,9.332654437344104e-07,True,0.0035182244495291855,1.2383830385979718e-06,0.15432410600764773,1.4786603231324902e-06,25.069667313921265,3.599075118776321e-06,True,True,True,207,0.5077779293060303,t5_lam1.00_D0.16_n400,t5,1.0,0.16,400
True,5,5,0.21771567571888636,0.23700057726865642,0.12826715540287048,0.10747734767646315,,0.24700269656164697,32.85182477929618,0.00028844970003118317,,True,1.0,1.0,8.041402972315438e-07,9.408091594720886e-07,True,0.003946719528997987,2.9855942303130265e-07,0.1749433688565388,2.128246425487152e-07,30.013846201830532,3.037918418246865e-07,True,True,True,208,0.48056507110595703,t5_lam1.00_D0.16_n400,t5,1.0,0.16,400
True,5,5,0.17822011572956376,0.15881204825329548,0.07074247812265931,0.08156135888388338,,0.2024346685238996,21.301610969560787,0.019085865390736905,,True,1.0,1.0,9.207100470618796e-07,8.724985451661396e-07,True,0.002064422269146553,0.00016329938772357568,0.09184875896465963,0.00015330628075078037,12.545570116166523,0.0018869659484722565,True,True,True,209,0.47974133491516113,t5_lam1.00_D0.16_n400,t5,1.0,0.16,400
True,5,5,0.23160531914414598,0.26820511927930857,0.16560736971307605,0.12315407489177527,,0.27135872806035405,28.14644599499104,0.0017102955420350047,,True,1.0,0.9966666666666667,9.93931568738567e-07,9.919460718333196e-07,True,0.0038638016535166267,3.930150872009382e-07,0.1703476356825801,4.351122559763929e-07,25.983632862930126,2.278902862511277e-06,True,True,True,210,0.4964621067047119,t5_lam1.00_D0.16_n400,t5,1.0,0.16,400
True,5,5,0.32289925304373057,0.5213196380809958,0.4350736843195141,0.16079083463086383,,0.37404573833761157,51.2083069043057,1.598456113049377e-07,,True,1.0,1.0,8.269766701627094e-07,9.676583558095641e-07,True,0.002568333553426719,2.9693608295802694e-05,0.11235864471927098,2.943626499172183e-05,31.83801773259183,1.220287863574937e-07,True,True,True,211,0.46724700927734375,t5_lam1.00_D0.16_n400,t5,1.0,0.16,400
True,5,5,0.13462375556674866,0.09061777781447844,-0.009419489654851815,0.07212204086737464,,0.14779087309370065,13.25315739928695,0.20985994499059643,,False,0.9966666666666667,1.0,8.97016291137223e-07,9.482094763030631e-07,True,0.0023072955634806376,7.165293987637371e-05,0.10592055887656793,5.530614423308482e-05,6.22154924345939,0.044566419848800755,True,True,True,212,0.4754810333251953,t5_lam1.00_D0.16_n400,t5,1.0,0.16,400
True,5,5,0.285599611362725,0.4078356900526978,0.31141836306408344,0.14017461450017754,,0.3292370228668777,54.65485437317664,3.663189396280282e-08,,True,1.0,1.0,9.19833718000822e-07,7.62454180794039e-07,True,0.0021056952562890432,0.00014192283719320246,0.09886326517452929,8.665231376819483e-05,54.44634743655,1.5035776941777522e-12,True,True,True,213,0.4614090919494629,t5_lam1.00_D0.16_n400,t5,1.0,0.16,400
True,5,5,0.16447301463274672,0.13525686271191859,0.024846353077148053,0.09622439456107204,,0.1913747096521047,18.19643483100757,0.05173909739868623,,False,1.0,1.0,9.782208635509994e-07,8.259262666037673e-07,True,0.00166487131455586,0.0006402413263514445,0.08009017529417399,0.0003812295372025613,21.26387041158567,2.413288304447633e-05,True,True,True,214,0.4727802276611328,t5_lam1.00_D0.16_n400,t5,1.0,0.16,400
True,5,5,0.22710423681620012,0.2578816718993435,0.10937628946853228,0.15096163420782382,,0.2674644204472037,29.110745689808887,0.001195624445952745,,True,1.0,1.0,6.790713367892734e-07,9.399653314070709e-07,True,0.0015528451762909336,0.0009420117900996128,0.0707145683671783,0.0008154312732867473,11.662662510505818,0.0029341682521448363,True,True,True,215,0.49514079093933105,t5_lam1.00_D0.16_n400,t5,1.0,0.16,400
True,5,5,0.2010707586921056,0.20214725000509484,0.12295388140100266,0.11060865115911087,,0.24693680261648984,21.370442552682434,0.018653521820861354,,True,1.0,1.0,8.562013455078266e-07,8.924145601890929e-07,True,0.0023369827448687756,6.480834489718632e-05,0.10891241439096395,4.2574935518123413e-05,13.429646710083876,0.001212800228047934,True,True,True,216,0.45438194274902344,t5_lam1.00_D0.16_n400,t5,1.0,0.16,400
True,5,5,0.1883460549408453,0.17737118205889957,0.05990751073068605,0.10515184636287492,,0.21580866831585094,23.748961034503704,0.008295344743320528,,True,1.0,0.9966666666666667,8.498965292097298e-07,8.879540495192315e-07,True,0.002353911691245882,6.120373379084967e-05,0.10370314690311104,6.820169850133007e-05,4.282456653236418,0.11751041316801078,True,True,False,217,0.4899609088897705,t5_lam1.00_D0.16_n400,t5,1.0,0.16,400
True,5,5,0.21680217742146168,0.23501592067343474,0.14809056430097034,0.10468550124143507,,0.25309401048115604,25.625735977618497,0.004277533525613348,,True,0.9966666666666667,1.0,9.341993165693746e-07,9.414365517466766e-07,True,0.00461066977332109,3.324434769454007e-08,0.21602996446711317,1.8429019521972495e-08,30.416227675062267,2.484277352483015e-07,True,True,True,218,0.47389793395996094,t5_lam1.00_D0.16_n400,t5,1.0,0.16,400
True,5,5,0.19962135602400802,0.1992434289043188,0.11166148431973429,0.10162777902108829,,0.2361458469851181,24.291947771476806,0.006862056369034863,,True,1.0,0.9966666666666667,9.124468899545963e-07,7.974655622812815e-07,True,0.001699959075574382,0.0005674792098978977,0.07669445798418499,0.0004958263389839683,4.084883110320338,0.12971162585621368,True,True,False,219,0.465317964553833,t5_lam1.00_D0.16_n400,t5,1.0,0.16,400
True,5,5,0.21998686775833395,0.24197110993061355,0.16458073165036502,0.09577224250255977,,0.25381570167819656,34.21479527448209,0.0001698439227238851,,True,1.0,1.0,7.003059440914224e-07,9.991316644796601e-07,True,0.0032898864259656058,2.64910931837589e-06,0.14978163157952434,2.164110817796902e-06,27.153933230970043,1.2693994853714051e-06,True,True,True,220,0.45643019676208496,t5_lam1.00_D0.16_n400,t5,1.0,0.16,400
True,5,5,0.1939613375129975,0.1881050022491546,0.10693376999007799,0.08434314307837144,,0.22166005268925845,29.637805159952613,0.0009815986891049313,,True,1.0,1.0,9.856693734278231e-07,6.680882960646263e-07,True,0.0029322559585448407,8.750582387861846e-06,0.1316321962399773,6.858687697664099e-06,12.02835279695089,0.002443860302990942,True,True,True,221,0.44287991523742676,t5_lam1.00_D0.16_n400,t5,1.0,0.16,400
True,5,5,0.17733486212015936,0.15723826661587964,0.06573753859963573,0.08259367269002596,,0.20079444249633388,21.50150718320947,0.017855596460016297,,True,1.0,1.0,9.252159136107592e-07,6.836273775788813e-07,True,0.0025360218200988017,3.310713058517093e-05,0.11573325167981435,2.7588324966756786e-05,18.06854704540906,0.00011925177749308394,True,True,True,222,0.48073506355285645,t5_lam1.00_D0.16_n400,t5,1.0,0.16,400
True,5,5,0.21998064045054153,0.24195741086515216,0.10297829514304091,0.14668376570528924,,0.26239345234905764,25.669120119752886,0.004211634246974088,,True,1.0,1.0,9.496926846850139e-07,9.567365593689024e-07,True,0.003128650016152676,4.5371755567335655e-06,0.14042776884463962,4.166489824562435e-06,7.901323740227218,0.019241961880278338,True,True,True,223,0.48160600662231445,t5_lam1.00_D0.16_n400,t5,1.0,0.16,400
True,5,5,0.1566150405466874,0.12264135462720271,-0.015334008972335167,0.1120288891865202,,0.18381355539211852,16.441176610065412,0.08768057570071841,,False,1.0,1.0,9.923796008448086e-07,9.66043031875436e-07,True,0.0025878963723796234,2.7801176694389338e-05,0.11849330603337352,2.0750881760990246e-05,18.92217379235024,7.782196063989069e-05,True,True,True,224,0.48862600326538086,t5_lam1.00_D0.16_n400,t5,1.0,0.16,400
True,5,5,0.256382371589799,0.3286596023100488,0.1967839021752525,0.20758351410963266,,0.32809401038538144,30.424721885377068,0.0007297656562161266,,True,1.0,1.0,8.442222243991454e-07,9.115733284570758e-07,True,0.003970265829437242,2.761500223757482e-07,0.17406683559011715,2.900657702613843e-07,16.3398376561625,0.00028304099049216005,True,True,True,225,0.46938180923461914,t5_lam1.00_D0.16_n400,t5,1.0,0.16,400
True,5,5,0.1748571898292372,0.15287518417488946,0.05279343839158594,0.08896811238751093,,0.19956600949821562,18.36213158295515,0.04915370281016302,,True,1.0,1.0,9.676739777601943e-07,8.778959699170242e-07,True,0.0028771611218439256,1.052421085035779e-05,0.13210741583597085,7.598814926088736e-06,18.197348192069576,0.00011181396482720261,True,True,True,226,0.4768187999725342,t5_lam1.00_D0.16_n400,t5,1.0,0.16,400
True,5,5,0.20538191432362432,0.21090865365618283,0.12479326050737308,0.09188296147999175,,0.2349158500198656,28.670143842681817,0.0014087639120505982,,True,1.0,0.9966666666666667,9.62300695348446e-07,8.635667190716236e-07,True,0.002254377405163489,8.570819414201903e-05,0.10146153872021604,7.755732852020059e-05,14.07838198275526,0.0008768356429889338,True,True,True,227,0.4754762649536133,t5_lam1.00_D0.16_n400,t5,1.0,0.16,400
True,5,5,0.19296720192538605,0.18618170509456358,0.10207811340192657,0.08670219730090374,,0.2212195909484421,25.402168974894536,0.0046331435951654605,,True,1.0,1.0,9.674637883875838e-07,8.994024445891183e-07,True,0.00539260564455186,2.5339616766318407e-09,0.23765593596432785,2.180201823776379e-09,36.699682004327336,1.073409189446905e-08,True,True,True,228,0.46094608306884766,t5_lam1.00_D0.16_n400,t5,1.0,0.16,400
True,5,5,0.18683133518513356,0.17452973903529867,0.06958874895591592,0.09578383740903001,,0.2131380497806476,23.031982832618763,0.010629138057065418,,True,1.0,1.0,8.013329003175497e-07,7.949846483109814e-07,True,0.003327484634171093,2.337048579662529e-06,0.14578603429447334,2.2039142965913827e-06,12.65811233005001,0.001783716508888805,True,True,True,229,0.47119784355163574,t5_lam1.00_D0.16_n400,t5,1.0,0.16,400
True,5,5,0.18714777679944716,0.17512145180487848,0.05670365432024797,0.11098724133028535,,0.21875164948758954,17.71480984103704,0.05996921836794678,,False,1.0,0.9966666666666667,9.394209351209017e-07,8.850014392887604e-07,True,0.0025105808587292124,3.607026745115361e-05,0.11450382900051477,2.436981870212349e-05,18.59218465372345,9.17821864216719e-05,True,True,True,230,0.48281407356262207,t5_lam1.00_D0.16_n400,t5,1.0,0.16,400
True,5,5,0.19406640892714114,0.1883088553693818,0.07536395428297471,0.13058898727539012,,0.24089986452583145,14.195992380640067,0.1642380407049763,,False,1.0,1.0,8.46115546408631e-07,7.59110850389392e-07,True,0.0029395689749558986,8.538908480239435e-06,0.1288890952778555,8.101638969510133e-06,9.618506251066599,0.008153947399137846,True,True,True,231,0.47609806060791016,t5_lam1.00_D0.16_n400,t5,1.0,0.16,400
True,5,5,0.13743222087909468,0.09443807667880133,0.01689382303655837,0.06097577920419998,,0.15309477758354714,17.10185964168447,0.07214025282314655,,False,1.0,1.0,8.745760273541996e-07,9.372150506902255e-07,True,0.001573507223004561,0.0008771457076577612,0.06994146402566452,0.000773080190029923,4.384788144372431,0.11164913231648572,True,True,False,232,0.4670372009277344,t5_lam1.00_D0.16_n400,t5,1.0,0.16,400
True,5,5,0.27161875755080195,0.36888374726720674,0.2540669277116523,0.19105391315836037,,0.3371417060268435,28.979073823575504,0.0012558013121977455,,True,1.0,1.0,8.398174043608429e-07,9.82281929565456e-07,True,0.0019131188460565763,0.0002734594982701113,0.08632277030744581,0.00024475712317238393,28.909683737806283,5.276451366334069e-07,True,True,True,233,0.4802098274230957,t5_lam1.00_D0.16_n400,t5,1.0,0.16,400
True,5,5,0.26473478215764973,0.3504225244202913,0.22065520555133966,0.2077540033531284,,0.3353744568330812,28.980881756767534,0.0012549554665115584,,True,0.9966666666666667,1.0,9.87975655688445e-07,9.859255862140596e-07,True,0.0028638245065503286,1.100527378137456e-05,0.12884396179197924,8.520588867326964e-06,33.74939431422243,4.692584922642547e-08,True,True,True,234,0.5080738067626953,t5_lam1.00_D0.16_n400,t5,1.0,0.16,400
True,5,5,0.17909948958040292,0.16038313583980424,0.05441344647836738,0.09745408477012767,,0.20722507149172278,18.377987753428116,0.04891256134819347,,True,1.0,0.9966666666666667,9.822061242947212e-07,7.847936746128386e-07,True,0.0035197297383237876,1.232197756090758e-06,0.15683012307718014,1.1994584049567432e-06,13.496828970358708,0.001172737540273356,True,True,True,235,0.5108323097229004,t5_lam1.00_D0.16_n400,t5,1.0,0.16,400
True,5,5,0.28997106413229085,0.42041609017006565,0.29978825387748426,0.18726796122723027,,0.3486593291778958,45.091734650634464,2.0934008392429065e-06,,True,1.0,1.0,9.91679517344683e-07,8.731939615977328e-07,True,0.004698073629131182,2.4918732187792502e-08,0.21457439616758883,1.3693646305383075e-08,40.106493159275594,1.9542749543494873e-09,True,True,True,236,0.49278807640075684,t5_lam1.00_D0.16_n400,t5,1.0,0.16,400
True,5,5,0.2221558679720547,0.246766148372085,0.16358012738021724,0.10341712453051811,,0.2583355026910285,31.574889830572626,0.0004712406481831833,,True,0.9966666666666667,1.0,8.921122330954983e-07,9.577361470970769e-07,True,0.002362094168611312,5.9534447912077284e-05,0.11204210280888423,3.965613952449694e-05,31.365728996335935,1.5453202227515193e-07,True,True,True,237,0.4630458354949951,t5_lam1.00_D0.16_n400,t5,1.0,0.16,400
True,5,5,0.17759124314696975,0.15769324821243064,0.06720460728536846,0.09386575540050039,,0.21052317473495466,16.955686627633433,0.07535029069754155,,False,1.0,1.0,7.172561246420285e-07,8.061246658345113e-07,True,0.0027850332371052973,1.4333590360517174e-05,0.12386778726779801,1.4057076402901095e-05,11.458728069513391,0.003249142918655813,True,True,True,238,0.47252607345581055,t5_lam1.00_D0.16_n400,t5,1.0,0.16,400
True,5,5,0.19269568404744303,0.18565813325255998,0.049189422406434646,0.13696052765833922,,0.23429444853621323,15.396568945043903,0.118258633639497,,False,1.0,1.0,9.831208684295915e-07,9.382812532847883e-07,True,0.0025133066345060036,3.5740444232783134e-05,0.11443905590974636,2.559409796262419e-05,3.499631796052354,0.17380593852152082,True,True,False,239,0.4949800968170166,t5_lam1.00_D0.16_n400,t5,1.0,0.16,400
True,5,5,0.19378306028701078,0.1877593722709963,0.10216795854202397,0.08570463183620221,,0.22051736125046562,27.9134366976992,0.0018637560990541681,,True,1.0,0.9966666666666667,7.061635013610789e-07,8.196215252939055e-07,True,0.004561204414368788,3.913791596108486e-08,0.20515898011733033,3.256360311684135e-08,24.487885830226073,4.814189210720879e-06,True,True,True,240,0.4712541103363037,t5_lam1.00_D0.16_n400,t5,1.0,0.16,400
True,5,5,0.16897509776248043,0.14276291831919907,0.051281439193412826,0.09368692357337353,,0.20267348876012453,16.520385438483892,0.08567345614876631,,False,1.0,1.0,8.592567291816027e-07,9.310774298765364e-07,True,0.0035179387216636485,1.2395606155848976e-06,0.15937456123932,9.448537215617511e-07,16.668353809092828,0.0002401667931496087,True,True,True,241,0.4594690799713135,t5_lam1.00_D0.16_n400,t5,1.0,0.16,400
True,5,5,0.23230931103518415,0.26983807996820963,0.13943938631473052,0.15592142962594807,,0.2813920096073909,28.014088444275387,0.001795896537171724,,True,1.0,1.0,9.03286991650511e-07,9.339107851951795e-07,True,0.00331402488008945,2.4442821066387625e-06,0.15840393523677004,1.085962449106512e-06,25.66925024947472,2.666816484782198e-06,True,True,True,242,0.4909398555755615,t5_lam1.00_D0.16_n400,t5,1.0,0.16,400
True,5,5,0.20726228961395007,0.21478828348008458,0.06322927243284443,0.1365882557320125,,0.23995706293944355,22.597007391732298,0.012335915164156618,,True,1.0,1.0,9.739989122259026e-07,8.845201624225181e-07,True,0.001944629251430297,0.0002455779071785624,0.08845651108321168,0.0001591449823126095,11.73421740324467,0.0028310469135409463,True,True,True,243,0.5016367435455322,t5_lam1.00_D0.16_n400,t5,1.0,0.16,400
True,5,5,0.18821273496872076,0.17712016802202962,0.05783122539002032,0.1250188320145946,,0.22955125992529993,12.497781441307527,0.25312149786034815,,False,1.0,1.0,8.889153564068456e-07,8.737128854522383e-07,True,0.002350063120175294,6.200506975676448e-05,0.1075552893199564,4.807611047248727e-05,9.735483411226873,0.007690713587061635,True,True,True,244,0.4868619441986084,t5_lam1.00_D0.16_n400,t5,1.0,0.16,400
True,5,5,0.25198644142150556,0.31748583330136926,0.22708709280241404,0.12320812426653405,,0.2931710841376108,40.19861796213831,1.563295753373459e-05,,True,1.0,1.0,8.130182507011993e-07,9.70313291864998e-07,True,0.0031069267003566567,4.878691460969001e-06,0.13547427024358955,4.3780250298162775e-06,39.354892360799106,2.8457300892779868e-09,True,True,True,245,0.4827549457550049,t5_lam1.00_D0.16_n400,t5,1.0,0.16,400
True,5,5,0.21795023452158072,0.23751152364006017,0.1511081107604521,0.0975375245059349,,0.24961693119975145,32.12345260064315,0.00038190196367557497,,True,0.9966666666666667,1.0,8.687606619261607e-07,8.343479725116886e-07,True,0.0031242474635074357,4.604393871383183e-06,0.14174188551766054,3.2361990745208294e-06,24.36647009907349,5.115501852275169e-06,True,True,True,246,0.4819667339324951,t5_lam1.00_D0.16_n400,t5,1.0,0.16,400
True,5,5,0.2185107266960496,0.23873468840617842,0.12006189605955411,0.12879041762446722,,0.25764443778422763,32.30836030465277,0.00035569811920852824,,True,0.9966666666666667,1.0,9.930384036650603e-07,7.85090958380822e-07,True,0.004356252435906932,7.700330767623765e-08,0.19056044956568383,9.181708394765432e-08,32.834500430984704,7.414447995079767e-08,True,True,True,247,0.4870471954345703,t5_lam1.00_D0.16_n400,t5,1.0,0.16,400
True,5,5,0.2569470892675444,0.33010903341531705,0.2389078931947294,0.11998526256791571,,0.2953865560618121,46.071749552135415,1.3919430903359892e-06,,True,1.0,0.9966666666666667,9.66257951388256e-07,9.416508564038541e-07,True,0.00436066418142571,7.588896637206615e-08,0.19599660892957685,5.516372321993324e-08,40.542223426311836,1.5716941653737498e-09,True,True,True,248,0.4740102291107178,t5_lam1.00_D0.16_n400,t5,1.0,0.16,400
True,5,5,0.2789157051712036,0.38896985295574893,0.30023524431963217,0.13841948252355443,,0.3249353880971559,58.49923173885405,6.961281252981e-09,,True,1.0,1.0,8.178494540066923e-07,8.639245315295095e-07,True,0.002767532283773031,1.520062941489563e-05,0.1265947429132917,1.3427744964536304e-05,30.64226822899125,2.2187889665202496e-07,True,True,True,249,0.45900988578796387,t5_lam1.00_D0.16_n400,t5,1.0,0.16,400
True,5,5,0.2253049324064682,0.25381156283341605,0.16815497462103657,0.09806620257615058,,0.25669418521258935,37.831430842195466,4.060313495342714e-05,,True,0.9966666666666667,1.0,7.133547088297307e-07,8.00039288055428e-07,True,0.0009885095339630442,0.006794670852124784,0.044502933349788526,0.0060470987585167025,7.145854917636085,0.028073549108565604,True,True,True,250,0.4648749828338623,t5_lam1.00_D0.16_n400,t5,1.0,0.16,400
True,5,5,0.23222710553136108,0.26964714271736956,0.16724420286162567,0.13797034031399635,,0.2807793502160839,25.142797438960557,0.005081307919512405,,True,1.0,1.0,8.941977535923225e-07,8.431387186471175e-07,True,0.0046128207864126235,3.3009280953125205e-08,0.20200058375894867,3.5197052624248754e-08,35.96775682420795,1.5477501059143676e-08,True,True,True,251,0.4812319278717041,t5_lam1.00_D0.16_n400,t5,1.0,0.16,400
True,5,5,0.24130228825366676,0.2911339715822784,0.16227689497973033,0.17714559289274814,,0.30121602412482507,24.08902639878542,0.007367561820477199,,True,1.0,0.9933333333333333,8.613843318100466e-07,8.456110392498645e-07,True,0.001487554834678958,0.0011806706081711946,0.06666752922600522,0.0011454765303694344,13.932817038788802,0.0009430337184508541,True,True,True,252,0.48424506187438965,t5_lam1.00_D0.16_n400,t5,1.0,0.16,400
True,5,5,0.2045292109417358,0.2091609906422453,0.08300373471788972,0.1345103221862051,,0.24667935707240693,18.761491245683402,0.0433987957550157,,True,1.0,1.0,9.416991765660503e-07,9.632824135350589e-07,True,0.0019547174754096157,0.0002372712825014592,0.08762584106498876,0.0002091308775898544,11.462248586331413,0.003243428618309273,True,True,True,253,0.4786539077758789,t5_lam1.00_D0.16_n400,t5,1.0,0.16,400
True,5,5,0.1754628604498397,0.15393607698619957,0.05324074034354355,0.0976146319808546,,0.2067861319338342,18.473189629564494,0.04748723201337756,,True,1.0,1.0,9.644712433651544e-07,9.153553997863792e-07,True,0.0008898685867092124,0.009667504899015031,0.042844283912088714,0.007147206674454376,8.42509215483588,0.014808616414976198,True,True,True,254,0.47957777976989746,t5_lam1.00_D0.16_n400,t5,1.0,0.16,400
True,5,5,0.2078876583348123,0.21608639243965827,0.11710338202417572,0.11324252862254773,,0.24632123982885815,21.25284483282634,0.019397847570842692,,True,1.0,1.0,8.98231148356648e-07,5.918919329711786e-07,True,0.0031755481436105625,3.879448391120924e-06,0.15056940760889445,1.932907469383281e-06,31.02753708260738,1.8300203914399875e-07,True,True,True,255,0.4802360534667969,t5_lam1.00_D0.16_n400,t5,1.0,0.16,400
True,5,5,0.17716936778237338,0.15694492440202942,0.05535846953092596,0.09048817080578088,,0.20208823096707978,20.881453520475635,0.02193553315030469,,True,1.0,1.0,9.234606766688955e-07,9.051784635866414e-07,True,0.0035993276291228643,9.456612420540154e-07,0.163017706340761,6.936052990649209e-07,24.060120349275422,5.962264647550967e-06,True,True,True,256,0.46518516540527344,t5_lam1.00_D0.16_n400,t5,1.0,0.16,400
True,5,5,0.2495108760216629,0.3112783862654881,0.20612145392065523,0.14976204986387145,,0.3008182523780535,27.04834795635537,0.002558861715909448,,True,1.0,1.0,9.31966750515333e-07,7.992905935111533e-07,True,0.004165640936337038,1.4461486410482486e-07,0.18168762050666726,1.5519550772342225e-07,32.83432430802154,7.415100951105031e-08,True,True,True,257,0.48004889488220215,t5_lam1.00_D0.16_n400,t5,1.0,0.16,400
True,5,5,0.20684127662478688,0.21391656857885805,-0.44366062559828795,0.8580051682465926,,0.43991642100181433,17.964612674435386,0.05556351730205808,,False,1.0,0.9966666666666667,9.422373070092214e-07,9.274380663847203e-07,True,0.0018698687299538322,0.000317002540572056,0.08555575879852216,0.00027307925280302376,15.950585112517162,0.00034385429331721973,True,True,True,258,0.5417709350585938,t5_lam1.00_D0.16_n400,t5,1.0,0.16,400
True,5,5,0.20276077488313426,0.20555965915604527,0.12573454328726666,0.08600105407929436,,0.23116820240303104,31.227996160018584,0.0005379505537824211,,True,1.0,1.0,8.452747023220427e-07,9.983426442215058e-07,True,0.0014543883168533403,0.0013244863578609565,0.06759270147146558,0.0009435242817706222,20.80470841469454,3.036092290002657e-05,True,True,True,259,0.4742431640625,t5_lam1.00_D0.16_n400,t5,1.0,0.16,400
True,5,5,0.23083753300992804,0.2664298332305481,0.1865378556247848,0.10279948571403186,,0.26669381790744834,32.502248064704276,0.00033011078439885066,,True,0.9966666666666667,1.0,9.153329076990632e-07,9.002390976373668e-07,True,0.00236951714241136,5.8059744427221554e-05,0.10131502928715372,6.762489327724562e-05,2.6381708813024782,0.2673797248062075,True,True,False,260,0.47388601303100586,t5_lam1.00_D0.16_n400,t5,1.0,0.16,400
True,5,5,0.17784632389172694,0.15814657460900522,0.06617835754999797,0.08382558853621401,,0.20201939554663126,21.053945015553325,0.02072052799370238,,True,1.0,1.0,9.358242899519807e-07,6.940452701926034e-07,True,0.002546609578302542,3.194723160488827e-05,0.11311582368907558,3.170775290689472e-05,12.947248187861476,0.0015436213548813591,True,True,True,261,0.4882969856262207,t5_lam1.00_D0.16_n400,t5,1.0,0.16,400
True,5,5,0.20612609275832056,0.21243983057905882,0.10488057790811608,0.12675096064150562,,0.25034670169142625,17.75462586478826,0.059246530862719186,,False,0.9966666666666667,1.0,8.604424845476788e-07,8.641291437250933e-07,True,0.0030670173249466083,5.574787673216342e-06,0.14156550006397145,3.753268634459257e-06,25.760077284252866,2.5484158117947226e-06,True,True,True,262,0.4914591312408447,t5_lam1.00_D0.16_n400,t5,1.0,0.16,400
True,5,5,0.1615683931082399,0.1305217282578937,0.012092553251876526,0.09987048176785955,,0.1878110100143925,15.063753402151637,0.12975475248768084,,False,1.0,1.0,6.928880598048036e-07,9.52798388432964e-07,True,0.0031002508841838938,4.988738780568624e-06,0.14473888300519647,3.123039255746936e-06,36.271864655022014,1.3294275239379344e-08,True,True,True,263,0.49577975273132324,t5_lam1.00_D0.16_n400,t5,1.0,0.16,400
True,5,5,0.24840175140127552,0.3085171504961054,0.21446748146009786,0.12310948706208123,,0.28877831212412663,33.23629730779383,0.0002485632563749179,,True,1.0,1.0,9.772590349712622e-07,9.553771314664476e-07,True,0.004038838120852874,2.200377907291204e-07,0.17553835429164313,2.510970873661674e-07,13.971627311196173,0.0009249104318264738,True,True,True,264,0.47411108016967773,t5_lam1.00_D0.16_n400,t5,1.0,0.16,400
True,5,5,0.35872519671780595,0.6434188338011428,0.467437951503875,0.46895895128398674,,0.49775632259464053,33.222403589906634,0.00024990566083474253,,True,1.0,1.0,8.497116698162596e-07,9.227165641429771e-07,True,0.004766525257425368,1.9884935246873915e-08,0.2090967452402016,1.9434933040018886e-08,35.19993581589928,2.272118908558281e-08,True,True,True,265,0.4772353172302246,t5_lam1.00_D0.16_n400,t5,1.0,0.16,400
True,5,5,0.21908321182221394,0.23998726851168528,0.15640727623626893,0.10530885071742485,,0.2567586108736828,27.482013247991603,0.0021838243216142496,,True,0.9966666666666667,1.0,9.835734855513696e-07,9.985040201857164e-07,True,0.0030819064255932197,5.30413790775393e-06,0.13416936905178878,5.056327654240768e-06,13.865529610655894,0.0009753006209330936,True,True,True,266,0.4647858142852783,t5_lam1.00_D0.16_n400,t5,1.0,0.16,400
True,5,5,0.23462003575160895,0.2752328058804313,0.16876908886101075,0.13905371175836803,,0.2819546385459289,30.618570505177004,0.0006781321421657383,,True,1.0,1.0,8.311947298268166e-07,9.150748124731787e-07,True,0.002804589920958665,1.3423321115330205e-05,0.12450681407008778,1.0083673047879792e-05,26.823837912952275,1.4971923709470041e-06,True,True,True,267,0.47841811180114746,t5_lam1.00_D0.16_n400,t5,1.0,0.16,400
True,5,5,0.1920246927985438,0.18436741322187564,0.10632357618883793,0.08638006848239278,,0.22289286445663453,25.29139685214549,0.0048196961836228305,,True,1.0,1.0,9.222514547093195e-07,8.907273449519109e-07,True,0.0033597837061706366,2.098576387751714e-06,0.15656838955734895,1.3288017885769745e-06,34.019767270619596,4.099221627117696e-08,True,True,True,268,0.44878387451171875,t5_lam1.00_D0.16_n400,t5,1.0,0.16,400
True,5,5,0.11474776191859169,0.06583524432662902,-0.032912550987263256,0.06534230052838944,,0.12211958813410008,9.867410408050333,0.45220193239242834,,False,1.0,1.0,9.014374343961093e-07,9.080855300105884e-07,True,0.003282572059525862,2.714511586690568e-06,0.15025668290731053,2.0336308107020913e-06,12.005535589861001,0.0024719009846787755,True,True,True,269,0.47378110885620117,t5_lam1.00_D0.16_n400,t5,1.0,0.16,400
True,5,5,0.1929381068029761,0.18612556528358304,0.09344463159440196,0.09438557258351357,,0.22302245760922182,23.848847993511175,0.008011861364106879,,True,0.9966666666666667,1.0,9.474089122347577e-07,7.743546834284672e-07,True,0.00468743848028372,2.5808077878748018e-08,0.2135997357411201,1.564312015723385e-08,19.56641724793767,5.639056932625824e-05,True,True,True,270,0.46864795684814453,t5_lam1.00_D0.16_n400,t5,1.0,0.16,400
True,5,5,0.16995190164948776,0.1444182443713858,0.05258442058797064,0.08170093916429447,,0.19337554483320893,18.94391925565547,0.04098080189712523,,True,1.0,1.0,9.547518526852035e-07,9.126916387615286e-07,True,0.005321134856647964,3.204795939813206e-09,0.24391589807168088,1.898361603688224e-09,40.83176263638238,1.3598637606742832e-09,True,True,True,271,0.4721672534942627,t5_lam1.00_D0.16_n400,t5,1.0,0.16,400
True,5,5,0.29355501972187253,0.43087274801954484,0.34808718403663796,0.1311053867189065,,0.3357786041111335,51.3462421247615,1.507390212257852e-07,,True,1.0,1.0,7.051940289631317e-07,6.229439785424804e-07,True,0.003175274883651056,3.882989135355566e-06,0.14688692858781385,2.544356422108974e-06,52.03306922602058,5.025306780454149e-12,True,True,True,272,0.46387410163879395,t5_lam1.00_D0.16_n400,t5,1.0,0.16,400
True,5,5,0.15865540682068863,0.12585769056719104,0.03323893938645188,0.08119907981812745,,0.18264694923837127,18.054162738500246,0.05405683725691187,,False,1.0,1.0,9.453021898743279e-07,9.726348278749563e-07,True,0.00459407555414431,3.5115078830525895e-08,0.20229615824425437,3.5786508352241976e-08,22.689928897568482,1.1828904961658567e-05,True,True,True,273,0.4677259922027588,t5_lam1.00_D0.16_n400,t5,1.0,0.16,400
True,5,5,0.30077774111209465,0.4523362477424713,0.011199637693423525,0.746747934638673,,0.4978937007840861,37.10167188459631,5.434660691422132e-05,,True,1.0,1.0,7.323381762821519e-07,9.196758829784318e-07,True,0.003198665068998475,3.591348261113254e-06,0.15061409317280247,1.8926402839260901e-06,45.880145785682274,1.0895644585753656e-10,True,True,True,274,0.5136210918426514,t5_lam1.00_D0.16_n400,t5,1.0,0.16,400
True,5,5,0.23779100970060418,0.28272282147216415,0.16610420419761807,0.12369031204824331,,0.2718663872526099,29.70590527710563,0.0009568236265327279,,True,1.0,1.0,8.378794242841823e-07,6.934452478067246e-07,True,0.002232980364038158,9.215090670977308e-05,0.1030959788971507,6.409003105187978e-05,20.983611300583547,2.7763019675886126e-05,True,True,True,275,0.48039817810058594,t5_lam1.00_D0.16_n400,t5,1.0,0.16,400
True,5,5,0.20401563254285274,0.20811189160930155,0.10344012195241509,0.15696549717192104,,0.2689332219276341,17.68680753690831,0.06048222631856171,,False,1.0,0.9966666666666667,9.962712943350794e-07,8.875376017018562e-07,True,0.004288619254743904,9.62907516024542e-08,0.19260646142638702,8.105724169335384e-08,19.549448803113727,5.68710347641083e-05,True,True,True,276,0.47194409370422363,t5_lam1.00_D0.16_n400,t5,1.0,0.16,400
True,5,5,0.23583887511298,0.2780998750727789,0.1375688521917091,0.15510782655450037,,0.28024936155803776,29.110605677104132,0.0011956869218442518,,True,1.0,1.0,9.602827733834825e-07,9.136994814771335e-07,True,0.00256772844068732,2.9754164942943882e-05,0.11551944303101078,2.2223786521506826e-05,17.417770454296118,0.00016511221453167023,True,True,True,277,0.463665246963501,t5_lam1.00_D0.16_n400,t5,1.0,0.16,400
True,5,5,0.20210579119751523,0.20423375417786813,0.13738604709023705,0.07683227124964434,,0.2296797279352855,37.969491265646724,3.841860445963532e-05,,True,1.0,1.0,8.221200436147851e-07,9.04479437310885e-07,True,0.0011830003611952226,0.003415215559366563,0.056005608512632775,0.0026819536955335344,2.132189511099329,0.34435066853612095,True,True,False,278,0.45664405822753906,t5_lam1.00_D0.16_n400,t5,1.0,0.16,400
True,5,5,0.186338301571763,0.17360981316324647,0.061602531383973286,0.09710139725742475,,0.2103901693734306,27.573918352567507,0.0021114688308930835,,True,1.0,1.0,8.403604206211085e-07,9.871108638501853e-07,True,0.004453562911456468,5.583590332238479e-08,0.19767412850158253,4.5771882177733985e-08,31.793326491522684,1.2478628963232463e-07,True,True,True,279,0.46139001846313477,t5_lam1.00_D0.16_n400,t5,1.0,0.16,400
True,5,5,0.17255426419456416,0.14887487045863723,0.06977874967830232,0.07454574747302285,,0.19616095064161596,25.364245627900324,0.004696216216951973,,True,1.0,1.0,9.352614627969458e-07,9.867897958914107e-07,True,0.0033193630617703086,2.4011745890243637e-06,0.14882680330331458,2.1929914046080754e-06,14.50310541329712,0.0007090725519834322,True,True,True,280,0.4638819694519043,t5_lam1.00_D0.16_n400,t5,1.0,0.16,400
True,5,5,0.15708842362724196,0.12338386418845912,0.04944888570928671,0.06955593642459253,,0.18102940093436962,17.60791715331029,0.0619488307198267,,False,1.0,0.9966666666666667,9.524707789152654e-07,9.167820137019431e-07,True,0.0032176649879322133,3.3706999877957953e-06,0.1405184378360276,3.7409878217243623e-06,10.112936303073056,0.006368010691266636,True,True,True,281,0.45708274841308594,t5_lam1.00_D0.16_n400,t5,1.0,0.16,400
True,5,5,0.21424522100322707,0.22950507361360806,0.10307004110833232,0.12985603351154948,,0.25166017118778905,31.00758929457,0.0005850346081281005,,True,1.0,1.0,9.374569201684196e-07,7.795077585639917e-07,True,0.000984874006002539,0.006883215878840578,0.04709725491827694,0.005286369282499968,3.8374770442177235,0.1467920202706001,True,True,False,282,0.5009710788726807,t5_lam1.00_D0.16_n400,t5,1.0,0.16,400
True,5,5,0.21030855382378555,0.2211484390572605,0.13186684069196486,0.09682644258651689,,0.24130153997237797,28.515827268311206,0.00149179777054789,,True,1.0,1.0,9.906464464040773e-07,7.046107729542287e-07,True,0.003676212010266411,7.324702340576378e-07,0.1652861688456805,5.06207866202786e-07,49.03526023522012,2.2497203178773832e-11,True,True,True,283,0.490950345993042,t5_lam1.00_D0.16_n400,t5,1.0,0.16,400
True,5,5,0.18652857491165067,0.1739645462928564,0.0950773999001958,0.07887303984117684,,0.2120433944039019,29.27008621724438,0.0011265422318377206,,True,1.0,1.0,9.019373413253964e-07,8.021108501625933e-07,True,0.001163517652947338,0.0036574403310464503,0.0525434042197613,0.0033049679005554417,2.6734026098037784,0.26271084379382575,True,True,False,284,0.45712828636169434,t5_lam1.00_D0.16_n400,t5,1.0,0.16,400
True,5,5,0.17818600384384442,0.1587512598291927,0.04846986981441978,0.11336006180527534,,0.21676280982967072,12.822900133462413,0.2337429478580865,,False,1.0,0.9966666666666667,6.826744975788942e-07,7.416843138017604e-07,True,0.004665793815390616,2.7717502459165335e-08,0.21240464511867035,1.966090523992453e-08,10.455248399498256,0.005366259330180212,True,True,True,285,0.4801311492919922,t5_lam1.00_D0.16_n400,t5,1.0,0.16,400
True,5,5,0.18344547081717433,0.16826120381667378,0.07262696701695283,0.09542709056591447,,0.21428511989577056,20.761855973933322,0.022816742876850885,,True,1.0,0.9966666666666667,8.736732372229925e-07,7.957883177902769e-07,True,0.003569440135097834,1.0444437075689594e-06,0.16379329196126385,7.912825505866437e-07,13.176569972675164,0.0013763984827997499,True,True,True,286,0.480090856552124,t5_lam1.00_D0.16_n400,t5,1.0,0.16,400
True,5,5,0.23334879426356828,0.2722582989213056,0.18922836115547886,0.10670692159845128,,0.27009095807431904,36.498618252841496,6.908094348394238e-05,,True,1.0,1.0,6.463827650383494e-07,6.968740455800852e-07,True,0.003524104161062546,1.2143983873855592e-06,0.1566952795358643,1.018743213252316e-06,26.378052141221062,1.871021404478044e-06,True,True,True,287,0.4710102081298828,t5_lam1.00_D0.16_n400,t5,1.0,0.16,400
True,5,5,0.18962550244742887,0.17978915589219924,0.07649354262013666,0.09606519390699694,,0.2165671836829657,21.803399158316537,0.016138090937399645,,True,1.0,0.9966666666666667,9.480479170485548e-07,8.750860171301811e-07,True,0.0024477650617107886,4.457988720266252e-05,0.11111797793617692,3.9721599318438574e-05,23.814780033006784,6.7404085678399925e-06,True,True,True,288,0.48035216331481934,t5_lam1.00_D0.16_n400,t5,1.0,0.16,400
True,5,5,0.2278590202584402,0.2595986655656813,0.16523113749131757,0.11501394975231098,,0.26623758182924534,33.818846573684944,0.00019820996608027597,,True,1.0,1.0,9.997527790783932e-07,8.19240743765823e-07,True,0.0027237114967809777,1.7609891445649164e-05,0.12073918938119277,1.5227682740318211e-05,19.58121791497352,5.5974800616996164e-05,True,True,True,289,0.4967648983001709,t5_lam1.00_D0.16_n400,t5,1.0,0.16,400
True,5,5,0.1674183365249313,0.1401444970238757,0.04266068158673042,0.09197243609479122,,0.19694764617878033,16.876761420955688,0.07713580403465276,,False,1.0,1.0,6.43479490670232e-07,9.808947776324755e-07,True,0.0011079780836435692,0.004448414372763616,0.04909658475495382,0.004290693376912294,2.739055109920037,0.2542270394888174,True,True,False,290,0.4662630558013916,t5_lam1.00_D0.16_n400,t5,1.0,0.16,400
True,5,5,0.2410649186031408,0.2905614749056945,0.20612864572410172,0.1246235140204474,,0.28674591008907946,31.381681378018733,0.0005073298712812809,,True,1.0,0.9966666666666667,7.618210673167611e-07,7.497668763244941e-07,True,0.0024404071152923246,4.570050137947247e-05,0.10731146641831427,4.0832778164624316e-05,24.63342819473694,4.476298425521983e-06,True,True,True,291,0.460493803024292,t5_lam1.00_D0.16_n400,t5,1.0,0.16,400
True,5,5,0.2216788795404229,0.24570762817148661,0.15321038201632275,0.09981890409856009,,0.2519515304423295,34.06420851319891,0.00018012916155508356,,True,1.0,0.9966666666666667,9.527390454980998e-07,9.283145937605957e-07,True,0.002217574524560662,9.708944487304941e-05,0.09884946916007008,8.29255377734409e-05,19.53822629746877,5.719104952062936e-05,True,True,True,292,0.4791848659515381,t5_lam1.00_D0.16_n400,t5,1.0,0.16,400
True,5,5,0.13150386666675273,0.0864663347415354,0.003396348194818502,0.06653073746597146,,0.15021962123469612,13.649869809866162,0.18956938336337018,,False,1.0,1.0,9.665239871541685e-07,9.310345972948086e-07,True,0.001716320059782625,0.0005364636960564405,0.08087196228300544,0.00036783660753624735,6.214375629188577,0.044726558022201546,True,True,True,293,0.4684579372406006,t5_lam1.00_D0.16_n400,t5,1.0,0.16,400
True,5,5,0.23196642602989848,0.2690421140254218,0.16977075053149643,0.12555436786460783,,0.2743316634634784,28.680068336115028,0.001403580123075572,,True,1.0,0.9933333333333333,8.614952034630936e-07,8.9857943213707e-07,True,0.002069427641420933,0.0001605431630870562,0.0920066736054882,0.0001548780900229538,20.547883432358347,3.45210347721809e-05,True,True,True,294,0.4812018871307373,t5_lam1.00_D0.16_n400,t5,1.0,0.16,400
True,5,5,0.27917876339917574,0.38970390966546475,0.31846500029970176,0.127748751245017,,0.325143967227931,44.471530902433585,2.707904172992731e-06,,True,1.0,1.0,8.508107535442276e-07,8.79280223966724e-07,True,0.004852803180620631,1.4964221171821552e-08,0.2193176575255053,1.2684775481449623e-08,41.902734197793734,7.960436468216818e-10,True,True,True,295,0.42836499214172363,t5_lam1.00_D0.16_n400,t5,1.0,0.16,400
False,5,4,,,,,,,,,not_applicable,False,1.0,1.0,8.30298021976923e-07,9.205347236173825e-07,False,0.0019777710705391224,0.00021933593215374406,0.09590046359190145,9.928852356006541e-05,36.67564631965472,1.0863870787641077e-08,True,True,True,296,0.5652217864990234,t5_lam1.00_D0.16_n400,t5,1.0,0.16,400
True,5,5,0.2150538624625525,0.23124081880031222,0.14220596865971216,0.11323280091691484,,0.2563034732256953,27.350659511707914,0.0022914149823144835,,True,1.0,1.0,7.476771581058227e-07,8.005479318278416e-07,True,0.002272087848357729,8.071961198784831e-05,0.09818528076503785,9.01620084806389e-05,17.426771606134654,0.00016437078415829765,True,True,True,297,0.459414005279541,t5_lam1.00_D0.16_n400,t5,1.0,0.16,400
True,5,5,0.14269110635682433,0.10180375916667275,-0.0019749160568106328,0.07829093913698719,,0.1592496274030804,15.49782938546788,0.11493840059148208,,False,1.0,1.0,6.853385994043874e-07,9.568548241926182e-07,True,0.0010330839145057183,0.005798959483829406,0.04562223584853012,0.005909425370882308,4.103274853806335,0.12852428207901462,True,True,False,298,0.4842648506164551,t5_lam1.00_D0.16_n400,t5,1.0,0.16,400
True,5,5,0.1812624592605369,0.16428039568588904,0.0787007558717711,0.08360560335314556,,0.2079517904614715,24.913678221604975,0.0055115495747563555,,True,1.0,0.9966666666666667,6.227698233502008e-07,7.919678536926992e-07,True,0.0013037473134207894,0.00223718791488707,0.06398527636280021,0.0012381666724418027,12.986802351037587,0.001513392929691784,True,True,True,299,0.44966793060302734,t5_lam1.00_D0.16_n400,t5,1.0,0.16,400
True,5,5,0.20093536808573223,0.20187511073874348,0.09362531748328687,0.11750581727486482,,0.23954339365373664,17.309970931732774,0.06778037813326702,,False,0.9966666666666667,0.9966666666666667,7.277679770860301e-07,7.970125288253632e-07,True,0.0021759629631069133,0.00011180169970053545,0.10108707980082661,7.985374052912349e-05,16.163280885755295,0.0003091634542169708,True,True,True,300,0.47019314765930176,t5_lam1.00_D0.16_n400,t5,1.0,0.16,400
True,5,5,0.23362832673202252,0.2729109752580233,0.17026667008749435,0.11676869175927847,,0.2691966107669716,31.77357297088514,0.000436746208925195,,True,1.0,0.9966666666666667,9.322596953810481e-07,8.139283949935458e-07,True,0.0026595760428304934,2.1844859847185846e-05,0.11933667887430162,1.521421223488665e-05,15.764632695435054,0.0003773579514202871,True,True,True,301,0.471923828125,t5_lam1.00_D0.16_n400,t5,1.0,0.16,400
True,5,5,0.1827393031367352,0.16696826455449798,0.068835390598785,0.09539047967735872,,0.21248000709371653,19.282489878248846,0.036817911032028944,,True,1.0,1.0,9.399045919226508e-07,9.090260436526751e-07,True,0.003738885235620503,5.948506289064711e-07,0.17200158666915544,3.7388870635095517e-07,22.658487872436297,1.2016330765672186e-05,True,True,True,302,0.4790050983428955,t5_lam1.00_D0.16_n400,t5,1.0,0.16,400
True,5,5,0.24991647047280663,0.3122912110679261,0.18896550247681493,0.22161934786722565,,0.3327151606461121,15.252097889088496,0.12313756167325372,,False,1.0,1.0,9.8942586781326e-07,8.636888439317511e-07,True,0.0026501581577538526,2.254761481226697e-05,0.11837585152607133,1.8853618012149347e-05,11.70298093960393,0.002875609952620059,True,True,True,303,0.491527795791626,t5_lam1.00_D0.16_n400,t5,1.0,0.16,400
True,5,5,0.16149094128314578,0.13039662058258222,0.04513323641928765,0.09326830877545865,,0.19927164995966215,12.970314556086366,0.22533630346684586,,False,1.0,0.9966666666666667,9.946563637711403e-07,7.857912059913789e-07,True,0.00243803525185086,4.6067738527568905e-05,0.114012786745779,2.9679267400523946e-05,22.317225993172613,1.4252004469917848e-05,True,True,True,304,0.44478583335876465,t5_lam1.00_D0.16_n400,t5,1.0,0.16,400
True,5,5,0.2724438069397351,0.37112813969907815,0.24905832464182703,0.1500203836530315,,0.3149031269486434,36.32384384032588,7.404163457106085e-05,,True,1.0,0.9966666666666667,7.037085561377911e-07,9.147628873073846e-07,True,0.0032135277092503168,3.4175583154353243e-06,0.14398094934935401,2.2844882534777308e-06,23.203121669189663,9.151792148835562e-06,True,True,True,305,0.5050299167633057,t5_lam1.00_D0.16_n400,t5,1.0,0.16,400
True,5,5,0.15247768293180178,0.11624721896125537,0.030350272082393187,0.07463691810541859,,0.17499547281719657,17.0709153356149,0.07280945850442622,,False,1.0,1.0,8.829379276257093e-07,9.368629783362328e-07,True,0.0029893185715604265,7.229088399211712e-06,0.13648172643921244,6.315399517765151e-06,23.535021125727905,7.752380791560169e-06,True,True,True,306,0.4669630527496338,t5_lam1.00_D0.16_n400,t5,1.0,0.16,400
True,5,5,0.17080806002009888,0.1458769668391485,0.06256122152455021,0.08156114088582646,,0.19835188929218792,18.041213921101622,0.054272388081074194,,False,1.0,1.0,9.462983944628066e-07,8.978968277886032e-07,True,0.0036613816310531065,7.694571986375396e-07,0.16756185139647053,5.68825100277713e-07,18.534110318158376,9.448635182008461e-05,True,True,True,307,0.456676721572876,t5_lam1.00_D0.16_n400,t5,1.0,0.16,400
True,5,5,0.23486153014284036,0.2757996917051816,0.19206575691019012,0.10685941085586699,,0.27123194739202844,34.6266075611031,0.00014456851572930036,,True,1.0,1.0,9.22606341471859e-07,8.409630050384038e-07,True,0.0008479909925267488,0.01123892608273842,0.040288538744138756,0.008692439761695415,20.926691957739642,2.8564496886744152e-05,True,True,True,308,0.4607820510864258,t5_lam1.00_D0.16_n400,t5,1.0,0.16,400
True,5,5,0.24026992923689633,0.28864819447751583,0.1868833161314319,0.13192405747531127,,0.28421086557408465,28.421239164214004,0.0015450199125090327,,True,1.0,1.0,8.481408294692816e-07,9.486356855828844e-07,True,0.0018875224831705413,0.0002984425280280669,0.08676690023701789,0.00023936698136479433,24.343508116245367,5.174571324327413e-06,True,True,True,309,0.4592559337615967,t5_lam1.00_D0.16_n400,t5,1.0,0.16,400
True,5,5,0.20021057603401696,0.20042137377936442,0.08867591883122032,0.1034970621034289,,0.227558096674615,29.052638445960717,0.0012218271605111532,,True,1.0,1.0,8.973111107535748e-07,7.768151784848176e-07,True,0.005590428595242683,1.3232521840392188e-09,0.25807610095922484,7.11683901899003e-10,32.325224933244854,9.564595164564308e-08,True,True,True,310,0.46461009979248047,t5_lam1.00_D0.16_n400,t5,1.0,0.16,400
True,5,5,0.25726728577007046,0.3309322816374955,0.23269379429461906,0.1264925027315454,,0.29690249112958633,36.353900746340145,7.316425925009072e-05,,True,0.9966666666666667,1.0,6.678224541808184e-07,9.319816838637963e-07,True,0.003762970617343171,5.491451788640195e-07,0.17593926950044736,3.267628603205014e-07,22.915324582005123,1.056818705252555e-05,True,True,True,311,0.48650479316711426,t5_lam1.00_D0.16_n400,t5,1.0,0.16,400
True,5,5,0.2598004303237334,0.3374813179819852,0.25606939612742635,0.10864217188065592,,0.2948795912182491,54.30926794099256,4.249287886938978e-08,,True,1.0,1.0,9.771355524469707e-07,9.30513817133752e-07,True,0.0036223733616733297,8.759352050691634e-07,0.16520583443366774,6.2483394415378e-07,39.293489903517525,2.934452473725826e-09,True,True,True,312,0.4572298526763916,t5_lam1.00_D0.16_n400,t5,1.0,0.16,400
True,5,5,0.18457547099829408,0.1703405224712105,0.09713265796552596,0.07897142110854762,,0.21308640801394751,24.256730521779048,0.006947342905130465,,True,1.0,1.0,7.288113994965358e-07,9.273191401058283e-07,True,0.0035572639582251695,1.087596035284103e-06,0.15865525061826166,9.955054439840759e-07,8.403079691150822,0.01497250371692727,True,True,True,313,0.44460105895996094,t5_lam1.00_D0.16_n400,t5,1.0,0.16,400
True,5,5,0.22678688856408705,0.2571614641228982,0.1609424444189716,0.10381932698468994,,0.25756942402288346,34.5496115067708,0.00014899559692018398,,True,0.9966666666666667,0.9966666666666667,8.398294295873623e-07,8.81175517167884e-07,True,0.0039385565487900604,3.0674653721961193e-07,0.1760801796539622,2.268809743816359e-07,38.37005127225855,4.656388747474636e-09,True,True,True,314,0.4642171859741211,t5_lam1.00_D0.16_n400,t5,1.0,0.16,400
True,5,5,0.16390467247819973,0.13432370830092963,0.04595427104417735,0.08331238338113754,,0.19130653256938873,15.5668572810179,0.11272117705648693,,False,1.0,0.9966666666666667,8.189900700361696e-07,9.285088129789049e-07,True,0.0019324234471788232,0.00025602103076422444,0.08672100357676378,0.00023003247192089748,5.360342888515952,0.06855140040277484,True,True,False,315,0.4810349941253662,t5_lam1.00_D0.16_n400,t5,1.0,0.16,400
True,5,5,0.1829043436164366,0.16726999456879754,0.06969208432560595,0.09673837594517795,,0.213921739364856,19.220399827386704,0.037550940078672615,,True,1.0,1.0,7.333404120394317e-07,9.049999901111501e-07,True,0.0028522311829537717,1.1441362152879884e-05,0.1289453222796425,9.182276797048508e-06,13.791846279332987,0.0010119024159769392,True,True,True,316,0.47861790657043457,t5_lam1.00_D0.16_n400,t5,1.0,0.16,400
True,5,5,0.17724085421734762,0.15707160201847536,0.06209981642405177,0.11548052044880679,,0.22452098758312783,12.110592607749457,0.2777231526681525,,False,1.0,1.0,8.935790411870421e-07,7.090841406348838e-07,True,0.002221888959235173,9.56801433611593e-05,0.09701300351007872,0.00010053529693649443,4.576518920202823,0.10144287365247967,True,True,False,317,0.48052501678466797,t5_lam1.00_D0.16_n400,t5,1.0,0.16,400
True,5,5,0.2636319575824236,0.34750904529370386,0.2082887963879077,0.154430759966569,,0.30407393575635216,43.707062426245415,3.715322985005009e-06,,True,1.0,1.0,8.213050627040394e-07,9.732333011829371e-07,True,0.004895358950379924,1.3006938829689644e-08,0.2144474115790167,9.53438021886891e-09,49.740994408456174,1.580812283962301e-11,True,True,True,318,0.5072512626647949,t5_lam1.00_D0.16_n400,t5,1.0,0.16,400
True,5,5,0.2831761675169682,0.40094370924799017,0.293151625642733,0.18517629896544432,,0.3457570050256377,30.524504423514507,0.000702726590062032,,True,0.9966666666666667,1.0,8.891922699358801e-07,9.72483522795793e-07,True,0.002945360391593912,8.374930340573822e-06,0.13352328258831828,6.036865411492124e-06,22.311333761060677,1.4294054440748785e-05,True,True,True,319,0.5241761207580566,t5_lam1.00_D0.16_n400,t5,1.0,0.16,400
True,5,5,0.2440657184178644,0.29784037453414136,0.19974284650427904,0.12690011708352505,,0.2858233595595999,31.4995283928931,0.0004850088409472088,,True,1.0,1.0,9.556538220075905e-07,9.124855689389796e-07,True,0.004938513560082692,1.1283752035821312e-08,0.2245559804576266,9.760877127234795e-09,36.390420792076796,1.2529118821146593e-08,True,True,True,320,0.5037209987640381,t5_lam1.00_D0.16_n400,t5,1.0,0.16,400
True,5,5,0.1682345111684516,0.1415142537404393,0.03621061339779991,0.09679695323077717,,0.19770049721601396,15.242450189733887,0.12346940106722555,,False,0.9966666666666667,1.0,9.61499463636242e-07,9.395314728867697e-07,True,0.0020889574817152955,0.00015022958420464385,0.09575671139161344,9.84366024615162e-05,12.152576670419998,0.002296685378638609,True,True,True,321,0.49099206924438477,t5_lam1.00_D0.16_n400,t5,1.0,0.16,400
True,5,5,0.22103743459831812,0.24428773746902882,0.16419264158385816,0.10182953227131002,,0.25756060144016374,28.916774872495424,0.0012852886921666375,,True,1.0,1.0,8.880266473777836e-07,9.152814873708782e-07,True,0.0028209251637587008,1.2707639996431377e-05,0.12328736954806818,1.3031217668204114e-05,8.919179996360892,0.011567104849412828,True,True,True,322,0.46016407012939453,t5_lam1.00_D0.16_n400,t5,1.0,0.16,400
True,5,5,0.1730627293337101,0.14975354142216502,0.058998702181662435,0.0852419340997466,,0.19960421170606046,20.586980428718547,0.024164944956225357,,True,1.0,1.0,8.595322108383334e-07,9.836456399100055e-07,True,0.003275919514145989,2.7754019022615155e-06,0.14852974249463335,2.6412471941305613e-06,16.964624387817185,0.00020709929496117314,True,True,True,323,0.45658302307128906,t5_lam1.00_D0.16_n400,t5,1.0,0.16,400
True,5,5,0.3151586378040629,0.4966248349125625,0.41208402040899605,0.1477325696519944,,0.36196200723831223,57.040817284255354,1.3096077357458649e-08,,True,1.0,0.9966666666666667,9.692113186449624e-07,9.685478489713624e-07,True,0.004532910808192539,4.296845243901166e-08,0.20213709662566226,3.955413855238031e-08,59.89854388195219,9.844563372605403e-14,True,True,True,324,0.46062421798706055,t5_lam1.00_D0.16_n400,t5,1.0,0.16,400
True,5,5,0.2044120307383895,0.20892139155296152,0.11252972535830649,0.0973185032159832,,0.23349707421833146,27.31320575248899,0.0023230206404686233,,True,1.0,1.0,8.086326930351995e-07,8.552031356323048e-07,True,0.003719055921309049,6.353290378876544e-07,0.1628628983802809,7.188854363819948e-07,17.60566519474251,0.00015030671312417956,True,True,True,325,0.46729087829589844,t5_lam1.00_D0.16_n400,t5,1.0,0.16,400
True,5,5,0.12579014575093925,0.07911580384021269,-0.0072924489590015795,0.0678394809073164,,0.1444254598482573,9.090055479159359,0.5235788778285849,,False,1.0,1.0,9.247243818289708e-07,9.775238202790984e-07,True,0.0036657404703540606,7.583960394961377e-07,0.1665133990956676,5.675747869019115e-07,19.414962513213137,6.082672822630649e-05,True,True,True,326,0.462982177734375,t5_lam1.00_D0.16_n400,t5,1.0,0.16,400
True,5,5,0.1822573697453729,0.16608874413250788,0.08569101103934963,0.0771156007110534,,0.2061722030553427,27.868589581749262,0.001894785854333683,,True,1.0,1.0,8.675174707095902e-07,8.948367950541488e-07,True,0.0025706533941725687,2.9462595659306104e-05,0.11366905351152096,2.877772714438985e-05,7.9127573370038,0.019132273296108917,True,True,True,327,0.45370006561279297,t5_lam1.00_D0.16_n400,t5,1.0,0.16,400
True,5,5,0.21866538992056,0.23907276374555272,0.14388445911409986,0.1092484793725482,,0.2543942674861086,28.15397159780768,0.0017055491182776086,,True,0.99,1.0,9.006120104156563e-07,7.35832034217508e-07,True,0.0019747433080531773,0.00022161125508513734,0.08965358151346543,0.00016383989189963912,17.540305181221857,0.0001552998815370039,True,True,True,328,0.4624440670013428,t5_lam1.00_D0.16_n400,t5,1.0,0.16,400
True,5,5,0.29772881951381835,0.44321224984545915,0.334577096388125,0.13960396005461204,,0.33591819731022077,57.07004351595671,1.2931574634471185e-08,,True,0.9966666666666667,1.0,9.422348655273802e-07,9.115200078595793e-07,True,0.0017215762372399645,0.0005268672527567076,0.07867275241369535,0.0003802629006894933,14.324372014858772,0.0007753577614665916,True,True,True,329,0.4897639751434326,t5_lam1.00_D0.16_n400,t5,1.0,0.16,400
True,5,5,0.22893143299101557,0.26204800505659925,0.16198828794205195,0.10502394752939115,,0.25874207580234493,35.3194205773715,0.00011012115680455248,,True,1.0,1.0,8.67527489294648e-07,8.113938469752537e-07,True,0.0026423868316807157,2.3144579989724966e-05,0.12279251735076198,1.685313501372144e-05,23.535755913670418,7.749533136732103e-06,True,True,True,330,0.5060789585113525,t5_lam1.00_D0.16_n400,t5,1.0,0.16,400
True,5,5,0.26060928347673373,0.33958599317128274,0.25839666321095484,0.10743338429105752,,0.29499452707390084,51.160759039685374,1.631096243135953e-07,,True,1.0,1.0,9.439071519683369e-07,7.338621193529453e-07,True,0.003667445239016932,7.541134515887121e-07,0.16979533713546469,4.0765594859169566e-07,56.810174052534265,4.611343206878038e-13,True,True,True,331,0.4853818416595459,t5_lam1.00_D0.16_n400,t5,1.0,0.16,400
True,5,5,0.19130930725383652,0.18299625520971413,0.10058639137303926,0.08069735107532987,,0.21601931486544063,28.872286785633865,0.0013067562163370822,,True,0.9966666666666667,1.0,9.033426429832324e-07,8.898273191771895e-07,True,0.002108466955498113,0.00014059260739230067,0.09392396050405658,0.00011484938453501243,13.681145683820404,0.001069490575106587,True,True,True,332,0.49834227561950684,t5_lam1.00_D0.16_n400,t5,1.0,0.16,400
True,5,5,0.24285929681834642,0.2949031902555085,0.19981003040619572,0.12265640472706935,,0.28339437629929903,30.383404328305005,0.0007412563316885719,,True,0.9966666666666667,1.0,9.056677524879784e-07,9.86042905895105e-07,True,0.0027330331127362337,1.706716246886309e-05,0.1236558544293154,1.3792023965563413e-05,23.284762547448985,8.785734128119735e-06,True,True,True,333,0.4982411861419678,t5_lam1.00_D0.16_n400,t5,1.0,0.16,400
True,5,5,0.26597975503250393,0.35372615043575406,0.21784893272563377,0.1899838380360998,,0.32568221866766794,28.903337054436268,0.00129173668861545,,True,1.0,1.0,8.735975917313332e-07,8.67454249000413e-07,True,0.0038902884279242984,3.59970610565097e-07,0.17975492046337738,1.9730146111728302e-07,27.72806461619772,9.526366191058249e-07,True,True,True,334,0.4868447780609131,t5_lam1.00_D0.16_n400,t5,1.0,0.16,400
True,5,5,0.21845773831500911,0.238618917148545,0.1165067336966623,0.16277318724819503,,0.27721645012960794,23.71658649906223,0.008389259087030572,,True,1.0,1.0,8.324070930224095e-07,8.45617699941846e-07,True,0.0014769730917276477,0.0012247509776162062,0.07439444827706354,0.0006332915949597006,13.051176675884061,0.00146545670958079,True,True,True,335,0.4663212299346924,t5_lam1.00_D0.16_n400,t5,1.0,0.16,400
True,5,5,0.1652261460663007,0.1364983967196127,0.043405490216001985,0.07564321927477274,,0.183208904693193,21.817540272935585,0.016061584230824294,,True,1.0,1.0,7.736172457099965e-07,9.90082170464095e-07,True,0.0012342775074168691,0.0028526811711850945,0.06210300385206461,0.0015590783614132428,8.624257570359699,0.013404982869954006,True,True,True,336,0.47449302673339844,t5_lam1.00_D0.16_n400,t5,1.0,0.16,400
True,5,5,0.1827492884248267,0.16698651209890253,0.07992396281226402,0.08009534664768858,,0.20575183316201584,24.144319102678057,0.007226401376120798,,True,0.9966666666666667,1.0,9.182253125115473e-07,8.62315480671186e-07,True,0.0004036112816322021,0.058369700947171504,0.020875214555056015,0.044925161715859,2.718856515189099,0.256807562761393,False,True,False,337,0.4752790927886963,t5_lam1.00_D0.16_n400,t5,1.0,0.16,400
True,5,5,0.1812204757270308,0.16420430411365677,0.072555187774259,0.09129516759605552,,0.21105562078171403,20.707419133797597,0.02322870064986398,,True,1.0,1.0,9.164719188227137e-07,7.946383726736119e-07,True,0.0019055476017007472,0.0002806214256133255,0.08510614473095258,0.00023360680772826993,6.319141452351158,0.042443957250221605,True,True,True,338,0.4525470733642578,t5_lam1.00_D0.16_n400,t5,1.0,0.16,400
True,5,5,0.19678244105461296,0.19361664553706112,0.0954557726341402,0.09957226003384899,,0.22770048998391365,23.48185647017867,0.00910111819000187,,True,1.0,1.0,9.716063131411918e-07,8.548180504106027e-07,True,0.00511796351135804,6.2509254824851986e-09,0.22185979337842068,7.424002134302391e-09,22.051696950866674,1.6275519090228862e-05,True,True,True,339,0.4811241626739502,t5_lam1.00_D0.16_n400,t5,1.0,0.16,400
True,5,5,0.21217215222117905,0.22508511089083585,0.13943069769046545,0.09527994639455231,,0.24337307291205684,30.520834550222233,0.0007037035268688884,,True,1.0,1.0,7.358155817517754e-07,9.915542535544135e-07,True,0.0033123420825126406,2.4580315340108177e-06,0.1492648176425508,2.0948943274766643e-06,19.56792080215208,5.63481921182798e-05,True,True,True,340,0.47806310653686523,t5_lam1.00_D0.16_n400,t5,1.0,0.16,400
True,5,5,0.14632742204140206,0.10705857220641297,0.026245227623179393,0.06938508817316907,,0.1675550903799489,14.260722854649003,0.16142795095739043,,False,1.0,1.0,7.694526840255274e-07,9.549533035063837e-07,True,0.0020809394577520467,0.0001543805827475183,0.09291259364013602,0.00014544665508495344,0.31195707099075065,0.855577554722307,True,True,False,341,0.47138214111328125,t5_lam1.00_D0.16_n400,t5,1.0,0.16,400
True,5,5,0.1737871746915441,0.15100991043634632,0.07105472916159623,0.08293851991809405,,0.20370392949713076,20.596168789165752,0.024092295636840788,,True,1.0,1.0,7.626785324351369e-07,7.23643697735871e-07,True,0.0031354304716938765,4.435572434296057e-06,0.1429329122304133,3.776635886431719e-06,5.795400992135996,0.05514989175249293,True,True,False,342,0.4735739231109619,t5_lam1.00_D0.16_n400,t5,1.0,0.16,400
True,5,5,0.16151759457542844,0.13043966678716234,0.03468985059455476,0.097409694248328,,0.19744089722200467,12.010237317801785,0.2843719389287141,,False,1.0,1.0,7.894473862449251e-07,8.742982877821912e-07,True,0.003200565224795434,3.568644392748351e-06,0.14389455717988323,3.805868181488552e-06,15.831592401881363,0.00036493321236714184,True,True,True,343,0.4917287826538086,t5_lam1.00_D0.16_n400,t5,1.0,0.16,400
True,5,5,0.25636370353892346,0.32861174246096525,0.21792797046568663,0.1489930815166728,,0.3043024091225905,37.20743062429975,5.210259373625011e-05,,True,1.0,1.0,8.928155748324369e-07,6.615124063742014e-07,True,0.004607091941333653,3.3639060300559107e-08,0.20161493051767262,3.1388248700178626e-08,44.8618285160986,1.8129161327745956e-10,True,True,True,344,0.492750883102417,t5_lam1.00_D0.16_n400,t5,1.0,0.16,400
True,5,5,0.24946586193705117,0.31116608135997936,0.09397492075375286,0.24238899335738617,,0.3139010467044561,35.66792445825277,9.598212282783681e-05,,True,1.0,1.0,9.92566233287065e-07,9.180043175250583e-07,True,0.0035923940929673665,9.67708742851391e-07,0.16484076450784696,6.211501819216291e-07,55.22203538832399,1.0202048309235506e-12,True,True,True,345,0.4730222225189209,t5_lam1.00_D0.16_n400,t5,1.0,0.16,400
True,5,5,0.19089681977544096,0.1822079790018859,0.09389180045197154,0.09117005296684313,,0.22084075382222426,24.314789931536332,0.006807274938431173,,True,1.0,0.9966666666666667,8.570826958401358e-07,9.113054990975261e-07,True,0.00512378262203825,6.1323968287457164e-09,0.2222552929454418,6.426681028514278e-09,32.51765109604937,8.687239248920166e-08,True,True,True,346,0.4585847854614258,t5_lam1.00_D0.16_n400,t5,1.0,0.16,400
True,5,5,0.14069198605063937,0.09897117469436652,-0.003452389380336318,0.08007597391343452,,0.16016295872819528,11.027686179067258,0.3553650645118259,,False,1.0,1.0,8.775312964945446e-07,9.79412341885598e-07,True,0.0026780031496789593,2.0532846517666093e-05,0.12323246527945823,1.6546168433612388e-05,8.2670042512817,0.01602665307257242,True,True,True,347,0.4713470935821533,t5_lam1.00_D0.16_n400,t5,1.0,0.16,400
True,5,5,0.21371102083268737,0.22836200212674668,0.12430006442999127,0.121059505681888,,0.25433255058202714,22.585873104306195,0.012382840585543658,,True,1.0,1.0,9.471117077809562e-07,9.110756997910417e-07,True,0.0021232138904391535,0.00013372326511734855,0.09960156255135012,9.625007867097645e-05,20.929914881000247,2.851850336437359e-05,True,True,True,348,0.4972963333129883,t5_lam1.00_D0.16_n400,t5,1.0,0.16,400
True,5,5,0.25630253331418046,0.328454942916333,0.22704250692720057,0.13529643681656559,,0.29986174872382076,35.11020563039155,0.00011957153605301323,,True,1.0,1.0,9.023987768675163e-07,9.541614831239428e-07,True,0.001842170961724492,0.0003484968363981593,0.08378024417097413,0.0002713847900388617,33.21289494560084,6.136369441807175e-08,True,True,True,349,0.4808359146118164,t5_lam1.00_D0.16_n400,t5,1.0,0.16,400
True,5,5,0.19486518183488377,0.1898621954577116,0.10832863872076937,0.09252767550058638,,0.22826437363780522,22.60700356337636,0.012293929847483412,,True,1.0,1.0,9.807923694447645e-07,8.379808210529986e-07,True,0.003618255229029857,8.880051156346129e-07,0.1538285853103766,1.2699117825568118e-06,37.49313383197334,7.21887353724153e-09,True,True,True,350,0.4574441909790039,t5_lam1.00_D0.16_n400,t5,1.0,0.16,400
True,5,5,0.19013687770111154,0.18076016130963724,0.10089417721485132,0.08333314912835117,,0.21815820397312938,30.735503315492274,0.0006487267059619261,,True,1.0,1.0,9.950478283440636e-07,9.505571459375382e-07,True,0.004926321661494187,1.1745985965525706e-08,0.22559296270811074,8.232831020027501e-09,20.67926809401188,3.232615034762904e-05,True,True,True,351,0.46390604972839355,t5_lam1.00_D0.16_n400,t5,1.0,0.16,400
True,5,5,0.21519606369470337,0.23154672914847413,0.14200850075185506,0.09813192573015866,,0.24634169549990476,32.815961492352166,0.0002924749451357974,,True,1.0,1.0,7.785919675321365e-07,8.609465850848601e-07,True,0.003166065794011404,4.004230490835665e-06,0.1395618423961928,3.3684111206657902e-06,33.54914178579324,5.1867632483490066e-08,True,True,True,352,0.4679982662200928,t5_lam1.00_D0.16_n400,t5,1.0,0.16,400
True,5,5,0.20790532683670085,0.21612312463537703,0.13935954014299276,0.09070511470254179,,0.24023162866055664,33.409727390336286,0.0002323892857512288,,True,1.0,1.0,5.833916833332538e-07,9.4097138701347e-07,True,0.0019573554645471625,0.0002351462567239672,0.08736345506815797,0.00021183211593351982,10.648996202050219,0.004870795047890902,True,True,True,353,0.44979310035705566,t5_lam1.00_D0.16_n400,t5,1.0,0.16,400
True,5,5,0.21136372926159977,0.22337313023685426,0.09286881670817321,0.1173183956738494,,0.23909847567077136,32.139754409448734,0.000379517911349575,,True,1.0,1.0,9.590705522893091e-07,7.907046942014771e-07,True,0.004546567671888578,4.10747603261369e-08,0.2152284863745374,1.881622497814057e-08,56.85581629604663,4.507298901489826e-13,True,True,True,354,0.47767114639282227,t5_lam1.00_D0.16_n400,t5,1.0,0.16,400
True,5,5,0.2670927277935338,0.3566926262009539,0.22757881181632372,0.19624705217539817,,0.3317759748280644,37.60861844067287,4.438933557613735e-05,,True,1.0,1.0,8.807339153694538e-07,8.875855725335017e-07,True,0.002380093955475536,5.602170537347183e-05,0.1084695834792223,4.327659809349965e-05,17.643105421342337,0.00014751912778833943,True,True,True,355,0.4608650207519531,t5_lam1.00_D0.16_n400,t5,1.0,0.16,400
True,5,5,0.2092436669993361,0.2189145608966453,0.1208712611184252,0.11129295950900758,,0.24654893600296865,25.24055239457677,0.004907718969525011,,True,0.9966666666666667,1.0,8.395860988141326e-07,8.491947642204199e-07,True,0.0022524379770228233,8.627299265207812e-05,0.10203338616454653,7.678969164878105e-05,7.598987561140743,0.02238209924236457,True,True,True,356,0.4759349822998047,t5_lam1.00_D0.16_n400,t5,1.0,0.16,400
True,5,5,0.2375309376034199,0.2821047315937988,0.18627784809700404,0.11016384346714511,,0.27110191647528126,36.6985349028794,6.38065462743808e-05,,True,1.0,1.0,8.856403521352438e-07,9.843550464589955e-07,True,0.004194583876862678,1.314104092976934e-07,0.18396662412881806,1.3237872289030526e-07,29.849311012069865,3.298408716075847e-07,True,True,True,357,0.4774971008300781,t5_lam1.00_D0.16_n400,t5,1.0,0.16,400
True,5,5,0.17274831653552677,0.14920990432929276,0.030898524685049916,0.11825143376173314,,0.21232278464651336,11.210537421802503,0.3413522632858223,,False,1.0,1.0,8.21646169668822e-07,9.878539399948883e-07,True,0.0008813552896495205,0.009967622501403806,0.03918617459986193,0.00962857938909034,2.170477732508574,0.3378210821998779,True,True,False,358,0.4892861843109131,t5_lam1.00_D0.16_n400,t5,1.0,0.16,400
True,5,5,0.15257157114240302,0.11639042160430674,0.013218079827600898,0.08271676230633625,,0.17278602160872902,19.502977337892766,0.034320058788895116,,True,1.0,1.0,8.135047156400945e-07,9.647839961527357e-07,True,0.0027871307076538466,1.4233066844407556e-05,0.12686230916021518,1.2120273289200099e-05,13.410598034604766,0.0012244065304657882,True,True,True,359,0.4700467586517334,t5_lam1.00_D0.16_n400,t5,1.0,0.16,400
True,5,5,0.17829311280435628,0.1589421703673346,0.06112376075369608,0.10398817430410956,,0.2154850743870083,17.62513732422017,0.06162599804707835,,False,1.0,0.9966666666666667,8.073090041082577e-07,9.989942087632057e-07,True,0.0036092593892398466,9.14954459570127e-07,0.1520237996504187,1.5465784108645534e-06,10.760413907884342,0.004606868421749067,True,True,True,360,0.47277116775512695,t5_lam1.00_D0.16_n400,t5,1.0,0.16,400
True,5,5,0.23475071577050638,0.27553949277382533,0.18166678249179954,0.1218101850143731,,0.2764151613469569,26.411616201037738,0.0032242989630707594,,True,1.0,1.0,8.41012639936831e-07,9.83105030802586e-07,True,0.0018450215024547565,0.00034511494401397256,0.08289974045481485,0.00029904737361924187,3.161144076759189,0.20585730623744466,True,True,False,361,0.47673988342285156,t5_lam1.00_D0.16_n400,t5,1.0,0.16,400
True,5,5,0.20926053992872956,0.21894986785631712,0.11219226367725425,0.11542910669162637,,0.2457870006630718,32.793851276136294,0.00029498390261453223,,True,1.0,1.0,9.795604776237563e-07,9.285667062800706e-07,True,0.0020781901139297313,0.00015583037687171103,0.09384110174958112,0.0001323467167243022,10.78068305088639,0.004560415571792913,True,True,True,362,0.47361111640930176,t5_lam1.00_D0.16_n400,t5,1.0,0.16,400
True,5,5,0.2330763989499715,0.27162303873743143,0.18284374343463655,0.12783225266109208,,0.2803958230308044,30.273439584351863,0.0007727038986727365,,True,1.0,1.0,7.206748299372794e-07,7.608236060121886e-07,True,0.00358314550687802,9.979222219731405e-07,0.15912794580581954,7.895773231076154e-07,29.199345476836942,4.565020079164323e-07,True,True,True,363,0.4557483196258545,t5_lam1.00_D0.16_n400,t5,1.0,0.16,400
True,5,5,0.23089362380579306,0.26655932757085543,0.18002180204536183,0.10729916892335892,,0.2670255527914238,33.26472450639352,0.00024583860157979803,,True,1.0,1.0,7.309281686457408e-07,9.712850050328374e-07,True,0.0037992431268937133,4.868681374588682e-07,0.16806761424066416,4.398583526279185e-07,15.843227640279952,0.00036281633347248743,True,True,True,364,0.4708278179168701,t5_lam1.00_D0.16_n400,t5,1.0,0.16,400
True,5,5,0.20869593348787277,0.21776996327187303,0.09799337198385921,0.12521511669777133,,0.24655786778496452,23.61463878930951,0.008691660648311722,,True,1.0,1.0,9.655685597894554e-07,9.77782615200158e-07,True,0.0014380473425141323,0.0014017413379882797,0.06640547787232656,0.0010959476206430408,10.356878486803023,0.005636797220921816,True,True,True,365,0.4868910312652588,t5_lam1.00_D0.16_n400,t5,1.0,0.16,400
True,5,5,0.2574678924257515,0.3314485781507918,0.22174724525795364,0.1498223835790921,,0.3060010249285247,36.085416534842025,8.137779134771625e-05,,True,0.9966666666666667,1.0,9.359152812574409e-07,9.774747865933197e-07,True,0.0023026561192078794,7.27864491043866e-05,0.10579594729506055,5.6099655938449125e-05,42.519975902896604,5.846615685219808e-10,True,True,True,366,0.474503755569458,t5_lam1.00_D0.16_n400,t5,1.0,0.16,400
True,5,5,0.23943092851494954,0.2866358476476544,0.19029390986473504,0.11836456258368559,,0.2774837977010675,33.411771979810155,0.00023220489561654378,,True,0.9966666666666667,1.0,9.396518640852281e-07,9.111019213255579e-07,True,0.002542304367049837,3.241386178012418e-05,0.1190604939336539,1.788275692746841e-05,12.384526845957001,0.002045192375058525,True,True,True,367,0.4776592254638672,t5_lam1.00_D0.16_n400,t5,1.0,0.16,400
True,5,5,0.19147695165665893,0.18331711507863252,0.049684324008143765,0.14060338793265842,,0.23704696438083395,23.470890084528076,0.00913574375393393,,True,1.0,1.0,9.304485808313389e-07,7.707290232209855e-07,True,0.004642051889650924,2.997509898199071e-08,0.2096794794373911,2.360326428497517e-08,21.326978113535098,2.3383286176595238e-05,True,True,True,368,0.46442508697509766,t5_lam1.00_D0.16_n400,t5,1.0,0.16,400
True,5,5,0.231292537059465,0.26748118849701996,0.15883929787461593,0.13142933693145833,,0.2738690633913046,27.182222070322396,0.002436900629379104,,True,0.9966666666666667,1.0,7.470134339521773e-07,9.994952922869326e-07,True,0.004804268183948218,1.7559172008068896e-08,0.21465259617108648,1.265903729647818e-08,26.160607858165925,2.0859129578395436e-06,True,True,True,369,0.4731776714324951,t5_lam1.00_D0.16_n400,t5,1.0,0.16,400
True,5,5,0.21009251394541006,0.2206943220795116,0.12669914930682444,0.09993051276733954,,0.24127586521461414,33.25501100124236,0.0002467663037016625,,True,1.0,1.0,9.810773312819983e-07,8.651246370175076e-07,True,0.004089595065827719,1.859994222467581e-07,0.17928535159606013,1.8190434612654873e-07,44.64374838647586,2.021776816080964e-10,True,True,True,370,0.4718031883239746,t5_lam1.00_D0.16_n400,t5,1.0,0.16,400
True,5,5,0.19491426001836437,0.18995784379253278,0.1141354717392806,0.08484260936165712,,0.22525059177184384,28.666919673932757,0.0014104519639687018,,True,1.0,1.0,8.909870701140322e-07,8.388342889099079e-07,True,0.0019912467537516244,0.0002094912259646855,0.09160629112504974,0.00017431787419301526,14.50017950389575,0.0007101106521681078,True,True,True,371,0.4497239589691162,t5_lam1.00_D0.16_n400,t5,1.0,0.16,400
True,5,5,0.17716564354305236,0.1569383262601195,0.06134695315274728,0.08833522957752342,,0.2032955857420065,21.82755704039196,0.016007598101710947,,True,1.0,1.0,7.257885590856903e-07,8.993491461030265e-07,True,0.0024781190065280264,4.024155949863934e-05,0.11251644407249563,3.2377184268151016e-05,7.8828832240030575,0.01942019816497153,True,True,True,372,0.46736907958984375,t5_lam1.00_D0.16_n400,t5,1.0,0.16,400
True,5,5,0.23522301755495217,0.2766493399382867,0.1670637059694391,0.12145448878166074,,0.2708647494051194,35.87587198435649,8.841193007800802e-05,,True,1.0,1.0,9.622581295876426e-07,9.432118608136164e-07,True,0.0029295141142641466,8.831295537393383e-06,0.1375696912761013,4.983415945898132e-06,29.45588318426888,4.0154686237183306e-07,True,True,True,373,0.4659750461578369,t5_lam1.00_D0.16_n400,t5,1.0,0.16,400
True,5,5,0.1879661987079962,0.17665645928366958,0.03291473950684434,0.1729083436898196,,0.251922073568481,17.72068488040723,0.05986208526988634,,False,0.9966666666666667,1.0,9.143349075113718e-07,8.656736296735149e-07,True,0.003721998362326928,6.291523906655898e-07,0.1617570106584529,6.43729405037844e-07,22.83794652266704,1.0985072400112666e-05,True,True,True,374,0.47427916526794434,t5_lam1.00_D0.16_n400,t5,1.0,0.16,400
True,5,5,0.19027337779388,0.181019791485463,-0.012564226476267176,0.2590595669625743,,0.28759375578708274,14.20915783546392,0.16366327199952999,,False,1.0,1.0,8.542658542323274e-07,8.038397532074524e-07,True,0.0028453679511945737,1.1707660199427548e-05,0.1342899167243474,6.694281190188621e-06,40.69279397703576,1.4577131154679611e-09,True,True,True,375,0.482280969619751,t5_lam1.00_D0.16_n400,t5,1.0,0.16,400
True,5,5,0.2317313021825508,0.2684969820561034,0.16759874406087283,0.10489587524876705,,0.2608206682439321,43.428929423390464,4.1673056642101735e-06,,True,1.0,0.9966666666666667,9.761147655042217e-07,9.507415407035675e-07,True,0.0014789627458509608,0.001216337380520293,0.0696349272711035,0.0008958445382837716,11.80151125712149,0.002737375597902371,True,True,True,376,0.48093509674072266,t5_lam1.00_D0.16_n400,t5,1.0,0.16,400
True,5,5,0.21727104324698424,0.23603353116816445,0.1283931915284509,0.14464198473477913,,0.27066883260874786,26.4602395419016,0.003168093573025409,,True,1.0,1.0,8.969491096833431e-07,9.279843937304952e-07,True,0.0022635777172695607,8.307915235776912e-05,0.10082721563365964,7.676308525631679e-05,7.90272304714023,0.01922850388365476,True,True,True,377,0.48989009857177734,t5_lam1.00_D0.16_n400,t5,1.0,0.16,400
True,5,5,0.21582337783098554,0.2328986520918817,0.13847160649490714,0.13976406342288536,,0.2714269821272438,18.75161024671451,0.04353341849339762,,True,1.0,1.0,8.382129312605641e-07,9.435208455366988e-07,True,0.0014911202291220493,0.001166182644848977,0.06717113231077242,0.0010945988024198454,17.821879154153308,0.00013490502075764031,True,True,True,378,0.49217891693115234,t5_lam1.00_D0.16_n400,t5,1.0,0.16,400
True,5,5,0.15065774099497264,0.11348877460854132,0.0022772708888453286,0.08193831946699752,,0.1655619599125624,18.215607679694713,0.05143374680795365,,False,1.0,1.0,8.604414129623974e-07,9.860164101632885e-07,True,0.003752091116275065,5.69337562057328e-07,0.16397657387893247,5.245834312848743e-07,13.967383149214438,0.00092687525068715,True,True,True,379,0.5088181495666504,t5_lam1.00_D0.16_n400,t5,1.0,0.16,400
True,5,5,0.23634448158139876,0.27929356986990067,0.1940221540576305,0.11200358153837132,,0.2750460511923687,31.087672749348073,0.0005674794984970191,,True,1.0,1.0,8.658370354904445e-07,9.239718170238985e-07,True,0.001903514930947476,0.0002825762018628036,0.08371481623312603,0.0002648789604101137,20.426905447379163,3.667362508903181e-05,True,True,True,380,0.48465514183044434,t5_lam1.00_D0.16_n400,t5,1.0,0.16,400
True,5,5,0.19280317841161868,0.1858653280281123,0.09229564013810386,0.09443634399094837,,0.22254419923586063,25.16858417130971,0.005034953349671901,,True,1.0,1.0,6.931186477450544e-07,9.767159299451007e-07,True,0.0037014525166320965,6.73572323185498e-07,0.16646484220451357,5.805942792719295e-07,36.1746539157206,1.3956409695022093e-08,True,True,True,381,0.4648308753967285,t5_lam1.00_D0.16_n400,t5,1.0,0.16,400
True,5,5,0.2190304424257263,0.23987167354604705,0.14619409529653646,0.11880646949943319,,0.2613860545469014,23.852213359346848,0.0080024730775416,,True,1.0,0.9966666666666667,8.395449417784997e-07,7.258474508287082e-07,True,0.0037528569602364257,5.678921101095613e-07,0.1605691420506698,7.309276899946639e-07,20.723038378520734,3.162637323969203e-05,True,True,True,382,0.4593219757080078,t5_lam1.00_D0.16_n400,t5,1.0,0.16,400
True,5,5,0.18151916593784018,0.16474603801384577,0.07788724223518233,0.08711725785894947,,0.21032469174804083,26.9168767312405,0.0026843613972166993,,True,1.0,1.0,9.755408135789787e-07,9.599392132375292e-07,True,0.0014779236572029786,0.0012207240247183555,0.06434210544638039,0.0010620902591151839,14.145872481742957,0.0008477402815235002,True,True,True,383,0.45923280715942383,t5_lam1.00_D0.16_n400,t5,1.0,0.16,400
True,5,5,0.1572519696447701,0.12364090978579846,0.02385765733992494,0.08986239132784812,,0.1852933553272046,15.52045028282888,0.11420771100138463,,False,1.0,0.9933333333333333,8.702408935095141e-07,8.919354665814649e-07,True,0.0009533316052544945,0.007702710674294118,0.0393406761535747,0.009003100318225482,1.087752203557515,0.580493832838744,True,True,False,384,0.4851069450378418,t5_lam1.00_D0.16_n400,t5,1.0,0.16,400
True,5,5,0.2952619282169501,0.435898031271957,0.3432995752156567,0.15380160921811975,,0.3453348259208891,45.641679675023994,1.6652774494959691e-06,,True,1.0,1.0,7.106015534498939e-07,9.55246338769026e-07,True,0.0032756533016441124,2.777866841710766e-06,0.14942266996776446,1.575451627006566e-06,65.42574361314864,6.208408533709142e-15,True,True,True,385,0.46465206146240234,t5_lam1.00_D0.16_n400,t5,1.0,0.16,400
True,5,5,0.21470314816018404,0.2304872091494697,0.13890363640587208,0.10527342076306322,,0.2498251405962118,23.851023936448403,0.008005789984765364,,True,1.0,1.0,7.932017361306392e-07,8.194422002041558e-07,True,0.002099395467126156,0.00014499364435561194,0.09576547867034108,0.00011850752383297607,16.552259913147694,0.0002545203011039138,True,True,True,386,0.4624900817871094,t5_lam1.00_D0.16_n400,t5,1.0,0.16,400
True,5,5,0.21786276804379764,0.23732092849852787,0.1495037618851261,0.09421491262036746,,0.24676851607190634,38.82557757260031,2.7237343966477812e-05,,True,1.0,1.0,9.901212742923131e-07,9.986419995692646e-07,True,0.0014619278593197811,0.0012903088829727984,0.06817819595650691,0.0010979987307066774,6.007771379956397,0.049593986626095925,True,True,True,387,0.45391011238098145,t5_lam1.00_D0.16_n400,t5,1.0,0.16,400
True,5,5,0.14372979047465337,0.1032912633494388,0.028697893685768208,0.06879407777913073,,0.16843638682514717,13.65346047626526,0.1893931310074848,,False,1.0,1.0,7.71256114656127e-07,9.135324323477459e-07,True,0.003603102129120768,9.338714308916195e-07,0.16497952310594952,6.881812489985162e-07,35.95881051516753,1.5546889389630234e-08,True,True,True,388,0.4573848247528076,t5_lam1.00_D0.16_n400,t5,1.0,0.16,400
True,5,5,0.18687964123691156,0.1746200015441839,0.07589652461193509,0.09341467659485864,,0.21426618688887292,23.43839653233175,0.00923907749548077,,True,1.0,1.0,9.691886187263917e-07,8.498506813441881e-07,True,0.0029252028888811787,8.959721751991264e-06,0.12861915796940177,9.144233846249013e-06,21.651552133878983,1.9880403365243607e-05,True,True,True,389,0.4668080806732178,t5_lam1.00_D0.16_n400,t5,1.0,0.16,400
True,5,5,0.22534933137719312,0.25391160576074,0.15187035837844443,0.13188394390466382,,0.27158797537692836,26.174561162660538,0.0035123701985269582,,True,1.0,1.0,9.330763761704609e-07,8.192215959424063e-07,True,0.0036358773013509043,8.374984743178124e-07,0.16001657111758236,7.602328023585702e-07,20.555885793735843,3.43831858376493e-05,True,True,True,390,0.4684031009674072,t5_lam1.00_D0.16_n400,t5,1.0,0.16,400
False,5,4,,,,,,,,,not_applicable,False,1.0,1.0,7.526150744994569e-07,9.337268853606251e-07,False,0.004232862106870265,1.1578368514300277e-07,0.1813435044307501,1.3355099561226759e-07,49.055615437021494,2.22693968507955e-11,True,True,True,391,0.48648500442504883,t5_lam1.00_D0.16_n400,t5,1.0,0.16,400
True,5,5,0.16735639611483977,0.14004081660273576,0.040945160318388574,0.08608810883845615,,0.19107459191567897,16.06652518416024,0.09774381115611433,,False,1.0,1.0,9.819146575924409e-07,9.837945765038946e-07,True,0.0026288459000411582,2.4222941753527012e-05,0.11984114936816949,1.971486511082075e-05,24.33097339783384,5.207104062240171e-06,True,True,True,392,0.4818899631500244,t5_lam1.00_D0.16_n400,t5,1.0,0.16,400
True,5,5,0.2093180813920728,0.2190702959882921,0.10835404877784355,0.10907819892114709,,0.2399048644336444,30.65475502227784,0.000668896571684904,,True,1.0,1.0,8.344382822327267e-07,9.392382315444599e-07,True,0.004813163127297803,1.705197376160951e-08,0.22137324207663112,1.328443459361347e-08,18.738579477800826,8.53039549891842e-05,True,True,True,393,0.4576539993286133,t5_lam1.00_D0.16_n400,t5,1.0,0.16,400
True,5,5,0.2303941625628496,0.26540735071518384,0.14723184625542812,0.16467087308185052,,0.2891682309996641,17.032235606709655,0.0736537243398742,,False,1.0,1.0,9.540303705486124e-07,8.856798423888885e-07,True,0.0029102767510779254,9.419013109882706e-06,0.1313432822381805,8.659270963868838e-06,21.03554038786721,2.7051443392376152e-05,True,True,True,394,0.4737551212310791,t5_lam1.00_D0.16_n400,t5,1.0,0.16,400
True,5,5,0.2225470080306335,0.2476358539169342,0.15328495822696847,0.10909742358340747,,0.25796676185090095,30.578706930728007,0.0006884506587239737,,True,1.0,1.0,9.431364472189065e-07,9.571087241501273e-07,True,0.0026842788898724292,2.0104326473626615e-05,0.1256455529815128,1.4731900215315677e-05,10.36934248355276,0.005601777943181795,True,True,True,395,0.46377110481262207,t5_lam1.00_D0.16_n400,t5,1.0,0.16,400
True,5,5,0.1784742626082754,0.15926531206783823,0.06075812567838394,0.0953871812685475,,0.20864135580111237,16.721570249984584,0.080756465014549,,False,1.0,1.0,9.401105343625843e-07,9.955723341764207e-07,True,0.0016614909895509918,0.0006477308244513503,0.07436091761621676,0.0005667628133542816,0.7720584342450567,0.679750665031718,True,True,False,396,0.4735441207885742,t5_lam1.00_D0.16_n400,t5,1.0,0.16,400
True,5,5,0.22443475556839843,0.25185479753523377,0.15724084362484547,0.10259368731326507,,0.2553399468568891,34.97953658212902,0.00012587322990553586,,True,0.9966666666666667,1.0,8.159305514160641e-07,9.965421218853382e-07,True,0.002959504522619433,7.987617780708552e-06,0.13400499488564463,5.972089974136063e-06,40.50448677129617,1.6016309459649237e-09,True,True,True,397,0.4787299633026123,t5_lam1.00_D0.16_n400,t5,1.0,0.16,400
True,5,5,0.1273558962305637,0.08109762152345056,-0.010781751495950842,0.06927900190139714,,0.1436468350177895,10.785053358623212,0.37450780795418237,,False,1.0,1.0,6.780950316186503e-07,8.602592287110503e-07,True,0.0037771648269366875,5.238761215334434e-07,0.17124950712650663,4.42891525089338e-07,13.74937982813305,0.0010336180993930915,True,True,True,398,0.46165990829467773,t5_lam1.00_D0.16_n400,t5,1.0,0.16,400
True,5,5,0.2733084994529904,0.3734876793662263,0.28466854789250096,0.1266663898737723,,0.3140115344025517,47.98159207070698,6.254916531433338e-07,,True,1.0,1.0,7.877253142046232e-07,7.275295447578473e-07,True,0.0037717837232880765,5.333155777647569e-07,0.17636401260013435,2.8345608058752804e-07,59.711584924547054,1.0809213147032141e-13,True,True,True,399,0.46359920501708984,t5_lam1.00_D0.16_n400,t5,1.0,0.16,400
True,5,5,0.17374466183735418,0.15093603758488278,0.062258882608807437,0.08060159484228015,,0.19740147325853724,20.229474288792854,0.02715545077829497,,True,1.0,1.0,9.568531744872088e-07,9.921389135063093e-07,True,0.0017812239712984672,0.0004293721512516977,0.08498494163370449,0.00027506607932288363,12.578470636094496,0.0018561787907265639,True,True,True,400,0.4659919738769531,t5_lam1.00_D0.16_n400,t5,1.0,0.16,400
True,5,5,0.23082522121005203,0.26640141373334725,0.17804250423200385,0.1006327222580723,,0.26213302059381766,41.13508723672939,1.0679390167567877e-05,,True,1.0,1.0,9.956870951303894e-07,9.400236595101656e-07,True,0.0016041083419401697,0.0007892716841358619,0.0787250568695008,0.0005118656201658113,19.236727073108433,6.64963475045684e-05,True,True,True,401,0.464860200881958,t5_lam1.00_D0.16_n400,t5,1.0,0.16,400
True,5,5,0.2490254800397603,0.31006844854516524,0.2107069463516706,0.1357429926106743,,0.29461306830505163,37.02063873979115,5.613008420703727e-05,,True,1.0,1.0,9.350539294289944e-07,9.479566544385545e-07,True,0.0029173264806248342,9.199212362154242e-06,0.13334989225845836,6.425311881204469e-06,22.482865055621925,1.3119216059304055e-05,True,True,True,402,0.4683701992034912,t5_lam1.00_D0.16_n400,t5,1.0,0.16,400
True,5,5,0.21871711908696703,0.2391858909085126,0.16272042307643153,0.08831137187891415,,0.2481852950569488,37.060524735076086,5.5245142586386326e-05,,True,1.0,1.0,8.760608833403184e-07,8.952599441707641e-07,True,0.004558055996653894,3.954666296340273e-08,0.20250629787906657,3.802477373593427e-08,44.66083973030955,2.0045729885519112e-10,True,True,True,403,0.4567880630493164,t5_lam1.00_D0.16_n400,t5,1.0,0.16,400
True,5,5,0.18995580274805812,0.18041603498829584,0.09235446502404579,0.10686079436425935,,0.23157065021846496,16.94724456825034,0.0755395042677697,,False,1.0,1.0,7.852332922466285e-07,8.711242844573766e-07,True,0.0011775524175760476,0.0034812580714836663,0.056108060002208304,0.002419940697817725,4.734769818530504,0.0937255067813405,True,True,False,404,0.4551870822906494,t5_lam1.00_D0.16_n400,t5,1.0,0.16,400
True,5,5,0.20912842976469379,0.2186735006792323,0.12593381551679128,0.1152215124734657,,0.25117975165669926,18.28284262988397,0.0503758381745628,,False,1.0,1.0,8.387053346344136e-07,9.555768953758755e-07,True,0.002740507394015719,1.6644150582277833e-05,0.12383630228857219,1.5014477271048184e-05,8.112763416872095,0.017311544144375357,True,True,True,405,0.47371912002563477,t5_lam1.00_D0.16_n400,t5,1.0,0.16,400
True,5,5,0.16935732294148867,0.1434095141695384,0.05856962651731101,0.08308450127090916,,0.1976013510967069,17.45885106868299,0.06480760005548283,,False,1.0,1.0,9.568215720218539e-07,8.905753441760874e-07,True,0.0013658110532120905,0.0018018413839011318,0.06332840066087274,0.001497746419929429,6.474241502531909,0.03927682018606504,True,True,True,406,0.46382904052734375,t5_lam1.00_D0.16_n400,t5,1.0,0.16,400
True,5,5,0.1437489524087695,0.10331880659309339,-0.002568377823202364,0.07971787173072951,,0.16034703154467206,14.22105755161337,0.1631451826610082,,False,1.0,0.9966666666666667,9.043551942645459e-07,8.440339346522029e-07,True,0.0033621219395743233,2.082291505331854e-06,0.14673440296623663,1.7693949894031336e-06,11.597929031656918,0.003030691354067188,True,True,True,407,0.4734988212585449,t5_lam1.00_D0.16_n400,t5,1.0,0.16,400
True,5,5,0.1494590924602395,0.1116901015951921,0.024924277586855365,0.08375102221544828,,0.1803787405648619,11.59280498412441,0.313232200432358,,False,1.0,1.0,8.893642565914876e-07,9.31791540577644e-07,True,0.0023286668478626773,6.665647320123023e-05,0.10480316745672331,5.7632077815829165e-05,29.19359786583042,4.5781579277592637e-07,True,True,True,408,0.4765892028808594,t5_lam1.00_D0.16_n400,t5,1.0,0.16,400
True,5,5,0.15640989582323703,0.12232027755717931,0.028217832668376214,0.07990880585876983,,0.1786931010478775,19.54380111353506,0.033875094656623576,,True,1.0,1.0,8.802782003238717e-07,9.258699996488893e-07,True,0.004405053392763942,6.55377356731599e-08,0.19872452137757735,6.033438649400612e-08,22.179105724238738,1.5271031929768115e-05,True,True,True,409,0.4871370792388916,t5_lam1.00_D0.16_n400,t5,1.0,0.16,400
True,5,5,0.2162208291486992,0.23375723478875482,0.1518330451131965,0.09456253655641972,,0.24794135449406363,33.16167331817734,0.0002558572028138736,,True,1.0,1.0,9.293173720099342e-07,9.501496646472442e-07,True,0.003902264104809589,3.4595865985143886e-07,0.17731604355494113,3.018020737581339e-07,23.635830307810515,7.37130974957818e-06,True,True,True,410,0.4500608444213867,t5_lam1.00_D0.16_n400,t5,1.0,0.16,400
True,5,5,0.16599153483043436,0.1377659481768165,0.04964493515838965,0.07970131726447396,,0.19012729206174983,16.667734183407475,0.08204716927224989,,False,1.0,1.0,9.76446997392983e-07,9.29021895900386e-07,True,0.0029265118060602243,8.920533706045285e-06,0.13115514347230628,6.716695234994851e-06,20.449313114084518,3.626503307756237e-05,True,True,True,411,0.4648740291595459,t5_lam1.00_D0.16_n400,t5,1.0,0.16,400
True,5,5,0.23139782734210654,0.26772477249323673,0.1732196517599971,0.11979618797422713,,0.2721274870513322,29.883702174134314,0.0008949736427366343,,True,1.0,1.0,7.639918013711746e-07,8.672646592499091e-07,True,0.0041677181849046445,1.4362439245409014e-07,0.18651162098941937,1.3585198040790293e-07,24.42693560195527,4.963160607171204e-06,True,True,True,412,0.4715898036956787,t5_lam1.00_D0.16_n400,t5,1.0,0.16,400
True,5,5,0.20959577783585875,0.2196519504330933,0.0987957285559435,0.13595091933627987,,0.25393506702053203,19.737599303851617,0.03183455454039303,,True,1.0,1.0,7.727196649068861e-07,9.184155378822118e-07,True,0.003365852899398615,2.05656892837125e-06,0.15077088418877008,1.588334637110209e-06,22.76208876095795,1.1409726318587423e-05,True,True,True,413,0.49725914001464844,t5_lam1.00_D0.16_n400,t5,1.0,0.16,400
True,5,5,0.22146375465054047,0.24523097311957395,0.13828359000776302,0.1121654564755402,,0.2540784713076741,30.592777038096575,0.0006847913145146977,,True,1.0,1.0,9.127993602785689e-07,9.702101292169176e-07,True,0.0008377568204261146,0.011661346788191222,0.041414355852958176,0.008124794798422394,4.17483504207569,0.12400696804584116,True,True,False,414,0.47060108184814453,t5_lam1.00_D0.16_n400,t5,1.0,0.16,400
True,5,5,0.1896210177172226,0.17978065180057623,0.08846599047692436,0.08604279869988382,,0.2144732151069143,28.920452883949714,0.0012835292922671834,,True,1.0,1.0,6.930995819218842e-07,6.912592492934813e-07,True,0.0024401535322777054,4.5739622870071036e-05,0.1074556990834878,4.4982814956848544e-05,12.404596088604194,0.0020247722694023145,True,True,True,415,0.4542548656463623,t5_lam1.00_D0.16_n400,t5,1.0,0.16,400
True,5,5,0.15817329925867804,0.12509396299187658,0.03769071201165215,0.0780329259818773,,0.18223251813799798,16.351633032334867,0.08999925687934761,,False,1.0,1.0,8.98921059410783e-07,9.716409215371515e-07,True,0.0039690598492990396,2.7725569027749484e-07,0.17802174061945034,2.0470419393556982e-07,28.63821108673941,6.043541055274192e-07,True,True,True,416,0.4643440246582031,t5_lam1.00_D0.16_n400,t5,1.0,0.16,400
True,5,5,0.17866215189184254,0.15960082259311906,0.05695097486809188,0.10969649691681217,,0.21789247609111304,14.997427349082592,0.13215567866027184,,False,1.0,1.0,9.580465463360263e-07,9.24940091794114e-07,True,0.004500731923750283,4.7783604585614015e-08,0.2049209837513579,3.2165008277298106e-08,20.219927313993814,4.0672284947416465e-05,True,True,True,417,0.46970200538635254,t5_lam1.00_D0.16_n400,t5,1.0,0.16,400
True,5,5,0.16876986099961422,0.14241632990914554,0.026789914834494985,0.09816513754627676,,0.19403978837737296,15.68418468870576,0.10903693410894295,,False,1.0,1.0,9.037527448711454e-07,9.151963936544081e-07,True,0.0024081704913501397,5.0953754744187515e-05,0.10880418098179748,4.847914280710121e-05,19.72246889336212,5.2157923742881234e-05,True,True,True,418,0.4982023239135742,t5_lam1.00_D0.16_n400,t5,1.0,0.16,400
True,5,5,0.2145238346206428,0.23010237810172454,0.14181240921625676,0.09608919111445191,,0.24489388058164954,30.511136979064737,0.000706291438723973,,True,1.0,1.0,8.49159282257678e-07,9.504946067108687e-07,True,0.0020732616694652214,0.00015846366853502702,0.0925386406314559,0.00015557281622658115,6.1204488036699445,0.0468771747155979,True,True,True,419,0.4671061038970947,t5_lam1.00_D0.16_n400,t5,1.0,0.16,400
True,5,5,0.18446579235654764,0.17013814274864475,0.08901733663153136,0.08474006894498627,,0.2137298979477648,24.787958146129284,0.005762247419259453,,True,1.0,1.0,9.679243161590256e-07,8.826591728544229e-07,True,0.0021400056858968458,0.00012631175033628046,0.09804738804550976,0.00010140560071643277,6.1163857923995115,0.046972502757137435,True,True,True,420,0.4559650421142578,t5_lam1.00_D0.16_n400,t5,1.0,0.16,400
True,5,5,0.26066812712182585,0.3397393624860018,0.250542686813769,0.12478960670188047,,0.3019282444565943,37.614462459964784,4.428572770202624e-05,,True,1.0,1.0,8.878452075348042e-07,7.092107756895291e-07,True,0.005088229922015958,6.893344872923497e-09,0.22861607514581844,4.7008755525358845e-09,44.22890715956244,2.4877964284310827e-10,True,True,True,421,0.4636709690093994,t5_lam1.00_D0.16_n400,t5,1.0,0.16,400
True,5,5,0.18911531087228967,0.1788230040316138,0.08168030140317323,0.09131521469537031,,0.21535109170408467,27.055978726743483,0.002551754284726677,,True,1.0,0.9966666666666667,9.719264237360259e-07,8.043096282974544e-07,True,0.002417702470440593,4.934015003361284e-05,0.11006502196571125,3.5187077186776556e-05,30.683382479977382,2.1736426721854813e-07,True,True,True,422,0.4660038948059082,t5_lam1.00_D0.16_n400,t5,1.0,0.16,400
True,5,5,0.1843492537884815,0.1699232368618498,0.06410105542264838,0.09556062519627609,,0.21037314294866316,20.972212381120602,0.021288165988512287,,True,1.0,1.0,7.756696869277273e-07,8.034095722913507e-07,True,0.0025797983113059245,2.856939112943572e-05,0.117022592626947,2.4091697689370483e-05,9.142600089428417,0.010344502656118998,True,True,True,423,0.48353099822998047,t5_lam1.00_D0.16_n400,t5,1.0,0.16,400
True,5,5,0.25709127520225494,0.3304796189256079,0.2563861135631276,0.13477792782594478,,0.30921710074982484,29.4849085706823,0.001039517718598186,,True,0.9966666666666667,1.0,7.897826986751639e-07,9.67774413753467e-07,True,0.0034444340786564244,1.5830473068837895e-06,0.147501138405374,1.943437574511586e-06,8.948195463990858,0.011400503795215011,True,True,True,424,0.44489383697509766,t5_lam1.00_D0.16_n400,t5,1.0,0.16,400
True,5,5,0.2926121132409443,0.4281092440766561,0.31777407224641024,0.18259445213758635,,0.3516006880272381,44.00725649298691,3.281801328762654e-06,,True,1.0,1.0,8.877100818807185e-07,9.346705937684869e-07,True,0.0023497947981949807,6.206133073281492e-05,0.10854042423375299,3.95960622257683e-05,19.24129560663046,6.634462546101768e-05,True,True,True,425,0.48156118392944336,t5_lam1.00_D0.16_n400,t5,1.0,0.16,400
True,5,5,0.25665912549115744,0.32936953348942855,0.22528118295306188,0.13780048513075052,,0.30064690609286143,38.83256863712624,2.7160751822172464e-05,,True,1.0,1.0,9.741597861857841e-07,9.073440536992728e-07,True,0.004659201835695384,2.8326673886064776e-08,0.2106483438380422,2.122029746757091e-08,46.49978820713115,7.992806257823396e-11,True,True,True,426,0.4600827693939209,t5_lam1.00_D0.16_n400,t5,1.0,0.16,400
True,5,5,0.21516654126316836,0.2314832023957737,0.12393661617765689,0.10924107712081102,,0.24642329357912104,34.84780398510409,0.00013255593819267545,,True,1.0,0.9933333333333333,7.436536230195411e-07,8.731866729711555e-07,True,0.004999053586642765,9.244643482380083e-09,0.22079667790095397,9.240510471580327e-09,40.530391332386905,1.581019940528763e-09,True,True,True,427,0.4798929691314697,t5_lam1.00_D0.16_n400,t5,1.0,0.16,400
True,5,5,0.2065207633318324,0.21325412843581362,0.11764106310296428,0.10312064980085281,,0.2396912338578487,29.18871877990656,0.001161319887272957,,True,1.0,1.0,9.252191342252391e-07,7.221390332349956e-07,True,0.001815439812296774,0.00038188338693260387,0.08193811668524557,0.0003264059257422499,12.253044153744742,0.002184164121158304,True,True,True,428,0.46933794021606445,t5_lam1.00_D0.16_n400,t5,1.0,0.16,400
True,5,5,0.1996566917727248,0.19931397284814417,0.08475861788098038,0.10615920407148495,,0.22776082618933566,21.51669880099113,0.017765212782650214,,True,1.0,1.0,9.508247521460978e-07,9.605098947419086e-07,True,0.0022953856137009694,7.459917538606553e-05,0.10406712822916839,6.518793584358853e-05,12.496491697835015,0.0019338434162259836,True,True,True,429,0.48932695388793945,t5_lam1.00_D0.16_n400,t5,1.0,0.16,400
True,5,5,0.27910834050457806,0.38950732869609744,0.2761975392967682,0.19529631308208303,,0.3456678718654896,34.975310888433995,0.00012608236988161917,,True,1.0,1.0,8.026789240626056e-07,9.602988397297359e-07,True,0.002163601337585773,0.00011659036974139987,0.09846312823905576,8.401910191175541e-05,23.67159673201358,7.240658765421998e-06,True,True,True,430,0.46416616439819336,t5_lam1.00_D0.16_n400,t5,1.0,0.16,400
True,5,5,0.24010616738911988,0.2882548580914603,0.17369514462843322,0.12803429461864804,,0.27723377085271905,34.8683085933706,0.0001314933297061421,,True,0.9933333333333333,1.0,9.315072999496379e-07,8.165075770120315e-07,True,0.0037269536321372413,6.188862651123927e-07,0.16436481995014454,6.189978044827698e-07,27.184094471951102,1.250399777258257e-06,True,True,True,431,0.46878504753112793,t5_lam1.00_D0.16_n400,t5,1.0,0.16,400
True,5,5,0.18920167968624566,0.17898637798048353,0.06432136072185421,0.10491514840542336,,0.21766553383513282,21.90329709452562,0.01560489158719829,,True,1.0,1.0,9.96826134244068e-07,9.272319953601561e-07,True,0.0016175705967378582,0.0007534843094967362,0.0757785704310855,0.0005053952940290611,4.734456219614823,0.09374020404222076,True,True,False,432,0.48726391792297363,t5_lam1.00_D0.16_n400,t5,1.0,0.16,400
True,5,5,0.17124004062234296,0.14661575756170836,0.04922345072179028,0.0924404987417843,,0.2006362581162324,15.974604044182405,0.10036170026595582,,False,1.0,1.0,8.254470744442851e-07,9.951559611521257e-07,True,0.002880268569589015,1.0415189918585669e-05,0.1316829752044112,7.495650642833935e-06,19.54276803693395,5.706132344855136e-05,True,True,True,433,0.4688711166381836,t5_lam1.00_D0.16_n400,t5,1.0,0.16,400
True,5,5,0.2794296075096802,0.3904045277650696,0.2857835266338876,0.17846189459400083,,0.3403901353533798,37.00192715326419,5.655002583677831e-05,,True,0.9966666666666667,1.0,8.508520090018866e-07,7.661757706906916e-07,True,0.004219913299729039,1.2084960420121503e-07,0.1851168699948913,1.1760795447409135e-07,31.364898457575578,1.5459620801852456e-07,True,True,True,434,0.47779417037963867,t5_lam1.00_D0.16_n400,t5,1.0,0.16,400
True,5,5,0.23721995314029018,0.2813665308394074,0.18317383875075288,0.10429914184851963,,0.2663571513994758,46.84415361316036,1.0079394062653355e-06,,True,1.0,1.0,8.556917440053119e-07,8.745837256392637e-07,True,0.003057214446648949,5.7605066461026645e-06,0.14092360191283412,4.286319551270289e-06,59.22556645319301,1.3782615826389876e-13,True,True,True,435,0.4617009162902832,t5_lam1.00_D0.16_n400,t5,1.0,0.16,400
True,5,5,0.2422773583181343,0.29349159176806816,0.15698485392930814,0.17819301980078373,,0.3000287615699744,17.278512666548846,0.0684239303915147,,False,1.0,1.0,9.624541480361768e-07,9.089311222186814e-07,True,0.002668331493907885,2.12112854000361e-05,0.12226783495955816,1.3388955638950332e-05,25.5253396188624,2.865780527622049e-06,True,True,True,436,0.49295711517333984,t5_lam1.00_D0.16_n400,t5,1.0,0.16,400
True,5,5,0.21067981764854965,0.22192992782213064,0.11447189345689765,0.11050180534101095,,0.24340550065959685,26.915621878061522,0.002685587425796361,,True,1.0,1.0,9.912563844128577e-07,8.807485913898574e-07,True,0.0018550595338639728,0.0003334670682990935,0.08853092023082783,0.00021055439311994911,10.646910745138563,0.004875876613375885,True,True,True,437,0.4856419563293457,t5_lam1.00_D0.16_n400,t5,1.0,0.16,400
True,5,5,0.22406305048869996,0.2510212529715085,0.1469798545301751,0.12866007789664288,,0.26780845778366563,21.043003377809676,0.020795687804783244,,True,0.9966666666666667,1.0,7.467690651987547e-07,9.61976330224224e-07,True,0.002802379002821481,1.3523247240367606e-05,0.12980363559058497,7.948324178155141e-06,19.614596044415542,5.50483855496331e-05,True,True,True,438,0.4900197982788086,t5_lam1.00_D0.16_n400,t5,1.0,0.16,400
True,5,5,0.14755201174135385,0.10885798084460313,0.011655364419545594,0.08483389296774119,,0.17389347368774233,11.720477323156398,0.30419944168920254,,False,1.0,1.0,9.719996406437958e-07,8.626508884986653e-07,True,0.003572613805754615,1.0334811097277848e-06,0.15603508730269727,1.2972962530365356e-06,8.658716324867797,0.013176001629514229,True,True,True,439,0.49755287170410156,t5_lam1.00_D0.16_n400,t5,1.0,0.16,400
True,5,5,0.1915902077467367,0.18353403852218866,0.10254732913802816,0.08465004076896593,,0.2199019125512335,28.32857213119975,0.0015989447104927446,,True,1.0,1.0,8.475795856242248e-07,9.161043842733699e-07,True,0.002295866791703992,7.447781402975047e-05,0.10623347337245205,5.318071887344031e-05,20.74521704041424,3.1277595351097155e-05,True,True,True,440,0.4731099605560303,t5_lam1.00_D0.16_n400,t5,1.0,0.16,400
True,5,5,0.2302350775559672,0.2650409546860112,0.17832900684837635,0.11150347884273518,,0.26897431417908885,27.668188420251003,0.002039663372845158,,True,0.9966666666666667,1.0,9.94108641561063e-07,9.407809101956401e-07,True,0.0028337691249235675,1.2171927616269216e-05,0.13035234352304037,8.618117424184675e-06,18.178525491513025,0.00011287125266532559,True,True,True,441,0.4706568717956543,t5_lam1.00_D0.16_n400,t5,1.0,0.16,400
True,5,5,0.2177761700882101,0.23713230129144508,0.11905985816807392,0.12264780474824284,,0.25329727382893685,22.64621644960977,0.012130533513115327,,True,1.0,1.0,9.43478254976777e-07,9.73467199997003e-07,True,0.0030839402703462886,5.268205588658357e-06,0.13822681820640523,4.082818700779065e-06,40.9262256121734,1.2971285721787394e-09,True,True,True,442,0.49858903884887695,t5_lam1.00_D0.16_n400,t5,1.0,0.16,400
True,5,5,0.22595140265720942,0.25527018181380196,0.1605034903706883,0.12596116565198545,,0.27117933938572525,20.135471057258215,0.02799708579139231,,True,1.0,1.0,8.986625077216146e-07,9.655765140872552e-07,True,0.0032985914853187986,2.5733290279124475e-06,0.15260662251430626,1.8040051759225693e-06,28.70381280764051,5.848523563826149e-07,True,True,True,443,0.4911839962005615,t5_lam1.00_D0.16_n400,t5,1.0,0.16,400
True,5,5,0.20515949364544442,0.21045208916427577,0.07402776958725224,0.15356255904419566,,0.25558392038430233,18.98946989399169,0.04039663468962088,,True,1.0,1.0,8.207343861640943e-07,8.630800828747442e-07,True,0.004165802261180752,1.445376967835745e-07,0.19170100858317785,9.059947091366943e-08,22.547144334446322,1.2704272964078848e-05,True,True,True,444,0.4982750415802002,t5_lam1.00_D0.16_n400,t5,1.0,0.16,400
True,5,5,0.2471300827983324,0.30536638911955316,0.22551587254453234,0.12449962280198136,,0.29335968661847917,29.283799108107775,0.001120781683847454,,True,0.9933333333333333,1.0,6.605461532203712e-07,8.378475867794331e-07,True,0.0017388295861335153,0.0004965679652952874,0.07560394548718673,0.0005624558682951179,9.584972293742297,0.00829181706007864,True,True,True,445,0.4568970203399658,t5_lam1.00_D0.16_n400,t5,1.0,0.16,400
True,5,5,0.19538042854398127,0.19086755929014887,0.09049234334837424,0.09876749916040369,,0.22492239664706168,23.46959212739567,0.009139850248343469,,True,1.0,1.0,9.549276359441225e-07,9.512545522478862e-07,True,0.004595328555936111,3.497021415570872e-08,0.20285091163510746,2.8916115078083765e-08,22.0666321113993,1.6154433017723506e-05,True,True,True,446,0.4634721279144287,t5_lam1.00_D0.16_n400,t5,1.0,0.16,400
True,5,5,0.20173837537536496,0.20349186049545828,0.12016515289789595,0.09136578334691406,,0.23257192135566576,35.7600292941584,9.255361495006395e-05,,True,1.0,1.0,9.599981715897267e-07,8.300076315558633e-07,True,0.001797572567591791,0.0004059807084075909,0.08228317393059925,0.00033749328679165473,9.34727274026638,0.009338250376615852,True,True,True,447,0.4579167366027832,t5_lam1.00_D0.16_n400,t5,1.0,0.16,400
True,5,5,0.23026587572864818,0.26511186762540623,0.15221497293890268,0.12395829274588231,,0.26687383549260857,31.373120050583957,0.0005089899624099203,,True,1.0,1.0,8.896345688440269e-07,9.259240859367819e-07,True,0.0028429602371656923,1.1802548581575827e-05,0.13014017987399099,7.656099852319885e-06,28.959485266198527,5.146686028105574e-07,True,True,True,448,0.46862268447875977,t5_lam1.00_D0.16_n400,t5,1.0,0.16,400
True,5,5,0.1748566068466616,0.15287416478963992,0.06743511394583415,0.09449995869586209,,0.21112731408014795,19.50060120215311,0.0343461232132593,,True,1.0,1.0,9.707017292920012e-07,9.653460339575683e-07,True,0.0024801234837062767,3.9970481605539416e-05,0.11437241491662832,3.0122063634434074e-05,11.555536370111838,0.0030956165476113337,True,True,True,449,0.4543139934539795,t5_lam1.00_D0.16_n400,t5,1.0,0.16,400
True,5,5,0.20705991765536735,0.21436904749723754,0.11302429269941977,0.09814241322174394,,0.23428794123683594,31.61257099808347,0.000464500354013844,,True,1.0,1.0,8.960906721189685e-07,8.767928033382935e-07,True,0.0026157446169455295,2.5314328900345085e-05,0.11664062827137232,2.2142126607516845e-05,9.52700686356593,0.008535652875251083,True,True,True,450,0.47435903549194336,t5_lam1.00_D0.16_n400,t5,1.0,0.16,400
True,5,5,0.1887849701828468,0.17819882483469174,0.0952985894109685,0.10539565337416452,,0.23180121316696475,18.00377756975885,0.05489995268934322,,False,1.0,1.0,9.83739395864835e-07,9.71530371210768e-07,True,0.0014319528680363327,0.00143170865608339,0.06204905714136018,0.0014735274531446835,5.250164641080779,0.07243379399975018,True,True,False,451,0.45679497718811035,t5_lam1.00_D0.16_n400,t5,1.0,0.16,400
True,5,5,0.2675894867874399,0.35802066719582726,0.2684794048076749,0.13927103092716922,,0.3154551838716555,51.330075063048085,1.5177916258689087e-07,,True,1.0,1.0,9.172860596680964e-07,9.668214455106975e-07,True,0.0024384968083097044,4.599604367652411e-05,0.111445693025268,4.1757379309846424e-05,25.975951516646653,2.2876722128525595e-06,True,True,True,452,0.4720418453216553,t5_lam1.00_D0.16_n400,t5,1.0,0.16,400
True,5,5,0.31909445055285107,0.5091063418681295,0.3733942216141187,0.3145592535142369,,0.42208959964636866,26.18081913616528,0.0035044564055958924,,True,0.9966666666666667,1.0,8.230253837176495e-07,9.431287802225321e-07,True,0.004357593492555694,7.666285325416809e-08,0.19620412007841898,6.391920750093874e-08,28.99659491135098,5.052070681988697e-07,True,True,True,453,0.4747049808502197,t5_lam1.00_D0.16_n400,t5,1.0,0.16,400
True,5,5,0.3136673457806128,0.4919360190452725,0.3783844238325377,0.1846969789903152,,0.36937350192230556,44.71996294496999,2.4428329925446057e-06,,True,1.0,1.0,8.97931348110321e-07,9.212848733116245e-07,True,0.0027510811280467046,1.606364585766373e-05,0.12591517671067762,1.181597342435571e-05,35.87257183123022,1.6231924015065872e-08,True,True,True,454,0.4757962226867676,t5_lam1.00_D0.16_n400,t5,1.0,0.16,400
True,5,5,0.268653856725611,0.3608744736677255,0.26672963873698474,0.13684579572639413,,0.3136306560815139,40.60663047297669,1.324454643946372e-05,,True,1.0,1.0,9.111308286617135e-07,9.177168632299443e-07,True,0.0031213390366428497,4.649347122789363e-06,0.1409840619055053,4.014489158511891e-06,26.25165702111626,1.9930817269833888e-06,True,True,True,455,0.45659494400024414,t5_lam1.00_D0.16_n400,t5,1.0,0.16,400
True,5,5,0.2240847926758101,0.25106997154280397,0.1669854196721579,0.09153224627828535,,0.25200895497819553,38.70898646720053,2.854651191128358e-05,,True,1.0,1.0,9.884574810398605e-07,9.695607757759801e-07,True,0.0029759789391749685,7.559101554800255e-06,0.13528878473938663,5.816072962169974e-06,30.192006354020577,2.779003677140953e-07,True,True,True,456,0.4659109115600586,t5_lam1.00_D0.16_n400,t5,1.0,0.16,400
True,5,5,0.1598531534834891,0.12776515339307964,0.03067429358782063,0.08996117199556314,,0.18902235509564885,15.035551617829176,0.13077107435936575,,False,1.0,1.0,8.651266590434062e-07,8.603767855915326e-07,True,0.0030823305832924797,5.296623989241977e-06,0.13940020802577668,4.268751891822405e-06,29.057620345618844,4.900246344050528e-07,True,True,True,457,0.4647560119628906,t5_lam1.00_D0.16_n400,t5,1.0,0.16,400
True,5,5,0.2852511670466785,0.4068411415074604,0.2795396826023092,0.23750634721225553,,0.3661155170812576,29.084248726885512,0.0012075044828951653,,True,1.0,1.0,8.902271125669948e-07,9.022635848958957e-07,True,0.003008062317589578,6.789669669496836e-06,0.13653288087446205,5.416778572424747e-06,23.710586650528732,7.1008694386634355e-06,True,True,True,458,0.47847795486450195,t5_lam1.00_D0.16_n400,t5,1.0,0.16,400
True,5,5,0.21139685341888045,0.22344314817701816,0.12380641379379231,0.10471560075411719,,0.24333033082318542,26.878814566330256,0.002721790754947481,,True,1.0,1.0,8.879124067377726e-07,8.54402826538317e-07,True,0.0029210694392248306,9.084612653360843e-06,0.13212357895308618,7.848888466318311e-06,9.358907392902566,0.00928408443018158,True,True,True,459,0.4735119342803955,t5_lam1.00_D0.16_n400,t5,1.0,0.16,400
True,5,5,0.28520836343894035,0.40671905287759347,0.31337375543932755,0.13562142943232472,,0.32755187544370123,47.37504565850397,8.06922645757115e-07,,True,1.0,1.0,9.538623524952766e-07,9.870361031802681e-07,True,0.0036964423210689773,6.848730240955059e-07,0.1636126202265606,4.922790086670751e-07,37.4709930362248,7.299233326223894e-09,True,True,True,460,0.4657132625579834,t5_lam1.00_D0.16_n400,t5,1.0,0.16,400
True,5,5,0.1347965299917779,0.0908505224891214,0.010801327722516227,0.07427145774727058,,0.16307483213364793,9.224335008589964,0.5109540767821698,,False,1.0,1.0,7.807312337658049e-07,9.729214128226621e-07,True,0.0014960704861319773,0.0011463650131810622,0.06525626305101931,0.0012707842253377696,12.646524127663483,0.001794081541868829,True,True,True,461,0.44246673583984375,t5_lam1.00_D0.16_n400,t5,1.0,0.16,400
True,5,5,0.21096488827037396,0.22253092041465683,0.10016872376022443,0.13389321439366084,,0.2531416453607855,24.0407296231444,0.0074930128190893635,,True,1.0,1.0,9.070014224534862e-07,9.424755374660342e-07,True,0.0037143499476385757,6.453342478993486e-07,0.16251184209816694,5.691187189934681e-07,10.75965022069471,0.004608627860841968,True,True,True,462,0.4750556945800781,t5_lam1.00_D0.16_n400,t5,1.0,0.16,400
True,5,5,0.1699946654187212,0.14449093135411487,0.07521076688226207,0.0695869896606308,,0.19476713234741905,24.136611666124494,0.007245922101447054,,True,1.0,1.0,9.408607574492536e-07,7.914791023429801e-07,True,0.002546425329240931,3.196706287970524e-05,0.11497761263654435,3.253570773757047e-05,14.336136323353916,0.0007708103748428894,True,True,True,463,0.44817399978637695,t5_lam1.00_D0.16_n400,t5,1.0,0.16,400
True,5,5,0.16774742939331858,0.140696000340332,0.03379677735760572,0.08940246725112834,,0.19018451560210384,19.346499419821065,0.03607603175935999,,True,1.0,1.0,8.006753519924049e-07,9.996235841247562e-07,True,0.002783751682698336,1.4395360842367119e-05,0.12514908547560527,1.2711194424272355e-05,27.15331796079912,1.2697900572643007e-06,True,True,True,464,0.4718818664550781,t5_lam1.00_D0.16_n400,t5,1.0,0.16,400
True,5,5,0.23374572197059088,0.2731853126977638,0.17206868256494873,0.1155989840381228,,0.26915129229931645,30.89288065398599,0.0006111060061084661,,True,1.0,0.9966666666666667,7.453717055253193e-07,9.148944869699156e-07,True,0.0026324048218925524,2.3934722046415162e-05,0.12187784670723528,1.6356202577798544e-05,15.81432732404285,0.0003680971492818921,True,True,True,465,0.471189022064209,t5_lam1.00_D0.16_n400,t5,1.0,0.16,400
True,5,5,0.23193262635933207,0.2689637158496877,0.1754561983758384,0.11510390875477573,,0.2701056386554796,29.90506620526963,0.0008878089354443475,,True,1.0,1.0,9.228871699376849e-07,9.56020357548993e-07,True,0.0025123633418554993,3.5854239726750345e-05,0.11441232352483635,2.300062707271432e-05,17.378103445944138,0.00016841965901558944,True,True,True,466,0.48064184188842773,t5_lam1.00_D0.16_n400,t5,1.0,0.16,400
True,5,5,0.19700858526841594,0.19406191334731357,0.09217093666780529,0.10732027077705811,,0.23181763233234154,25.978784034724736,0.0037688251935263156,,True,0.9933333333333333,1.0,7.753286505429991e-07,9.352828730390804e-07,True,0.003228210565531517,3.2541568863954896e-06,0.14167949954958256,3.3157571087619853e-06,18.378033921229346,0.0001021552379864724,True,True,True,467,0.4790189266204834,t5_lam1.00_D0.16_n400,t5,1.0,0.16,400
True,5,5,0.21842839522627225,0.23855481920562294,0.1568940660274261,0.09829068667654998,,0.2524154743683121,34.385036531197215,0.0001589089170595147,,True,1.0,1.0,9.379189717247187e-07,7.736252363574412e-07,True,0.002968627523438681,7.7473916419039e-06,0.12974748442061965,7.610243121392242e-06,33.45858077672689,5.427020951015468e-08,True,True,True,468,0.48627710342407227,t5_lam1.00_D0.16_n400,t5,1.0,0.16,400
True,5,5,0.2523069107165427,0.31829388597662733,0.2498493516279626,0.10475650105007385,,0.2905713207895515,45.226964799315425,1.97897339655163e-06,,True,1.0,1.0,7.199537776576006e-07,6.487207231026381e-07,True,0.0036847297180523427,7.120385646236274e-07,0.1642342992421454,6.329124836175318e-07,43.38836774281923,3.787351865043134e-10,True,True,True,469,0.45987987518310547,t5_lam1.00_D0.16_n400,t5,1.0,0.16,400
True,5,5,0.16303897811614382,0.1329085419257821,0.04236950926290327,0.08181899944325631,,0.1881221875540915,16.201135692964236,0.09401760628837476,,False,0.9966666666666667,0.9966666666666667,9.874117131066494e-07,8.642234670990083e-07,True,0.003127568040818177,4.5536033614214714e-06,0.14354693652807352,2.787681415145852e-06,15.097541693405025,0.0005267571947048133,True,True,True,470,0.46115899085998535,t5_lam1.00_D0.16_n400,t5,1.0,0.16,400
True,5,5,0.1971600487991119,0.19436042421234093,0.09799748478268415,0.09821273935259614,,0.22783461779090616,26.8318659207576,0.002768653328971354,,True,1.0,1.0,9.828943076799603e-07,9.93462484465485e-07,True,0.0016759972429823025,0.000616202600428459,0.07639354554237013,0.0005540592297636048,15.430799464659632,0.00044590718529094974,True,True,True,471,0.46684789657592773,t5_lam1.00_D0.16_n400,t5,1.0,0.16,400
True,5,5,0.21640231744928334,0.23414981498710202,0.1481471565830911,0.09997955788559375,,0.25003955486771073,29.442110588816163,0.001056316756474377,,True,1.0,1.0,9.390485376834755e-07,7.383441464349947e-07,True,0.0026293131906238447,2.418490018388463e-05,0.11616779195268817,2.3927518573134774e-05,13.009109395980246,0.0014966070524865406,True,True,True,472,0.4918100833892822,t5_lam1.00_D0.16_n400,t5,1.0,0.16,400
True,5,5,0.22645745659991043,0.2564148982485016,0.17355201949036475,0.10099448381889332,,0.2606427296135318,31.728208126365214,0.000444398097400314,,True,1.0,1.0,8.967129715297782e-07,9.396724877416948e-07,True,0.0025083008503482833,3.634850083642344e-05,0.108728219601483,3.619877941819889e-05,10.23224403522719,0.005999242800626185,True,True,True,473,0.4807097911834717,t5_lam1.00_D0.16_n400,t5,1.0,0.16,400
True,5,5,0.2083418765569836,0.21703168763642697,0.10367040273856233,0.10440354530917248,,0.23469084042925367,33.50895740091366,0.00022360366017920417,,True,1.0,1.0,8.895492602431449e-07,9.54443577805489e-07,True,0.002067881842267062,0.00016138932523132574,0.09311446805881567,0.00013786985003429048,16.77998307337581,0.0002271292006157919,True,True,True,474,0.4524080753326416,t5_lam1.00_D0.16_n400,t5,1.0,0.16,400
True,5,5,0.18681236277316132,0.17449429442445616,0.07360944946565783,0.0976945645430313,,0.2164729582593205,19.822932968383405,0.030972632832653058,,True,1.0,1.0,9.288459929566846e-07,6.796632174690741e-07,True,0.004667624627190617,2.7550656005533927e-08,0.2062873200082876,2.9194917123292502e-08,42.89487408258454,4.847261414410847e-10,True,True,True,475,0.47841525077819824,t5_lam1.00_D0.16_n400,t5,1.0,0.16,400
True,5,5,0.2983163258060231,0.44496315121202645,0.3513651478972171,0.12881098026791912,,0.3356308555487944,57.377000919792536,1.1323158049794229e-08,,True,1.0,1.0,8.994275249501184e-07,8.695128694696113e-07,True,0.003166246162034038,4.001819780729324e-06,0.14424671580895468,2.765549969494425e-06,27.981751814671078,8.391503816930734e-07,True,True,True,476,0.5009777545928955,t5_lam1.00_D0.16_n400,t5,1.0,0.16,400
True,5,5,0.21779061440021139,0.23716375860410782,0.15497701403294153,0.09324668649395672,,0.2483361288712269,35.119452201787055,0.0001191375320406646,,True,1.0,1.0,9.886949234746142e-07,9.90111578191802e-07,True,0.0017232983809229532,0.0005237608945369576,0.07921016330254473,0.0004236868662806762,7.702327710126151,0.02125498431611787,True,True,True,477,0.47159290313720703,t5_lam1.00_D0.16_n400,t5,1.0,0.16,400
True,5,5,0.2897166457709931,0.4196786741839754,0.12093011709956442,0.5653945665426873,,0.4584585958482966,19.303613050078006,0.03657155153269162,,True,1.0,1.0,9.486455289131047e-07,8.915113748576224e-07,True,0.0045830984778634015,3.641016614285273e-08,0.20909151340463833,2.549419948159703e-08,44.66329058303792,2.002118036451527e-10,True,True,True,478,0.4824991226196289,t5_lam1.00_D0.16_n400,t5,1.0,0.16,400
True,5,5,0.2129148581932571,0.22666368419727387,0.1403259046429856,0.09885764388734607,,0.24614315295899003,31.36474649292301,0.0005106187732690689,,True,1.0,1.0,7.608550966001187e-07,9.830999129665347e-07,True,0.0015990839872625127,0.0008030641616200878,0.07023632602262511,0.0007725052146058528,6.757074295252307,0.034097297582056756,True,True,True,479,0.46242189407348633,t5_lam1.00_D0.16_n400,t5,1.0,0.16,400
True,5,5,0.2276189809182035,0.2590520023712075,0.18369991249573253,0.09731646093856243,,0.26221031491251756,34.96269080178671,0.00012670900160551715,,True,1.0,1.0,8.550177262073521e-07,9.323293217920907e-07,True,0.0010624584799386032,0.005225391835532445,0.04824367787849843,0.004676891108845113,12.773097941476589,0.0016840579178374854,True,True,True,480,0.44984889030456543,t5_lam1.00_D0.16_n400,t5,1.0,0.16,400
True,5,5,0.22398479285400225,0.25084593714925146,0.15970516926364725,0.10064037320779334,,0.25504660442838123,33.746583474497264,0.00020386615141522178,,True,1.0,0.9933333333333333,9.065017260597372e-07,9.156792993280737e-07,True,0.002373779003995359,5.722970935093302e-05,0.10656498950319031,4.9202679362737115e-05,12.994241713116155,0.0015077740474097488,True,True,True,481,0.472247838973999,t5_lam1.00_D0.16_n400,t5,1.0,0.16,400
True,5,5,0.1609284093851293,0.12948976473613888,0.04726162540744357,0.07337983066281398,,0.18328158992013244,18.608743842446025,0.045523037355219856,,True,1.0,1.0,9.25955804169876e-07,9.695234927676044e-07,True,0.004289209211818379,9.610314691850944e-08,0.19690843742391595,7.415688664471892e-08,31.25877322002376,1.6302103261567572e-07,True,True,True,482,0.4583921432495117,t5_lam1.00_D0.16_n400,t5,1.0,0.16,400
True,5,5,0.28610986700231117,0.4092942799804009,0.32517360688372765,0.13704540807787263,,0.331841300448772,45.42988586754841,1.8187850853758472e-06,,True,1.0,1.0,9.538764351971127e-07,8.995678753506647e-07,True,0.002946240506861601,8.35028899144907e-06,0.12651909378488652,9.323996012583088e-06,12.01500163369461,0.0024602290666530637,True,True,True,483,0.46146202087402344,t5_lam1.00_D0.16_n400,t5,1.0,0.16,400
True,5,5,0.2532452342303734,0.32066574330198333,0.23266473876207,0.11750608239177371,,0.29187156236024003,41.46730055265044,9.324868996038022e-06,,True,1.0,0.9933333333333333,9.810679464954209e-07,6.27997016917596e-07,True,0.002486108604604131,3.917195036175284e-05,0.1108831928763058,3.7646645440323074e-05,13.253546433302702,0.001324429846537697,True,True,True,484,0.45893192291259766,t5_lam1.00_D0.16_n400,t5,1.0,0.16,400
True,5,5,0.19659609518696974,0.19325012321382035,0.09769477894448159,0.10668671922885284,,0.2337429425739368,25.31676866933877,0.004776340874839524,,True,1.0,1.0,9.23238648615033e-07,9.334576238705324e-07,True,0.004440218596666307,5.83514069101763e-08,0.19702042474615847,5.4774149533199626e-08,45.95719562206372,1.0483873421576611e-10,True,True,True,485,0.45800185203552246,t5_lam1.00_D0.16_n400,t5,1.0,0.16,400
True,5,5,0.2797664801380723,0.391346417044232,0.2884654719159933,0.17354110000576844,,0.3387964520728131,29.83586614189796,0.0009112207558172926,,True,0.9966666666666667,1.0,7.026481067541319e-07,8.516100602404494e-07,True,0.0033675168106599537,2.045200335007481e-06,0.1566716898308532,1.3266555899606733e-06,30.6753263461597,2.1824159080330752e-07,True,True,True,486,0.47548484802246094,t5_lam1.00_D0.16_n400,t5,1.0,0.16,400
True,5,5,0.2317233807637937,0.2684786259630106,0.1752689027816063,0.11050700725713587,,0.26722153897919937,30.208946529970206,0.0007917482253017996,,True,1.0,1.0,9.454653359188366e-07,6.897078428625098e-07,True,0.0032489901907787064,3.0362113344594595e-06,0.15387221394834796,1.4508818312279412e-06,26.28599221401766,1.959157337512326e-06,True,True,True,487,0.4752182960510254,t5_lam1.00_D0.16_n400,t5,1.0,0.16,400
True,5,5,0.2060347140510484,0.2122515169704864,0.10914118721549185,0.10887274520274015,,0.24009203112072774,22.570073319412487,0.012449718945443132,,True,1.0,1.0,9.819033782645496e-07,8.49002201352612e-07,True,0.00211168937989225,0.00013906183228172696,0.09817406097193228,9.792285811987713e-05,19.861056829498747,4.866607343211655e-05,True,True,True,488,0.4821131229400635,t5_lam1.00_D0.16_n400,t5,1.0,0.16,400
True,5,5,0.1596155518878155,0.12738562202225964,0.02463669676863313,0.08584923229740418,,0.18212419821869794,15.909700276782514,0.10224667554898725,,False,1.0,1.0,8.757879416609044e-07,7.671441207763733e-07,True,0.0038135769609674007,4.642564060646037e-07,0.1717282390642244,4.3577907812924584e-07,20.741126243745146,3.134163596449196e-05,True,True,True,489,0.48352503776550293,t5_lam1.00_D0.16_n400,t5,1.0,0.16,400
True,5,5,0.297193553991377,0.4416200426701275,0.33516552896554586,0.15139644814061234,,0.34181589366125226,46.60778109654997,1.1127067235338572e-06,,True,0.9966666666666667,1.0,6.435155596972196e-07,8.719065620273528e-07,True,0.0041464363828301355,1.5410240746882274e-07,0.18291728369729338,1.9802898351535353e-07,22.590861395417825,1.242958925411461e-05,True,True,True,490,0.46544384956359863,t5_lam1.00_D0.16_n400,t5,1.0,0.16,400
True,5,5,0.2783856604398583,0.3874928796926804,0.29595900861006263,0.12691781715943956,,0.31771693076999546,46.99908891866136,9.446319967214892e-07,,True,1.0,1.0,8.054733925330781e-07,7.041641082609998e-07,True,0.005110898086580032,6.397928590569093e-09,0.23220601356943302,3.3643266940901774e-09,39.69688176805454,2.398455414599945e-09,True,True,True,491,0.4586918354034424,t5_lam1.00_D0.16_n400,t5,1.0,0.16,400
True,5,5,0.19939658355044604,0.19879498765795006,0.1174756743750997,0.08393747806251815,,0.22607102406252433,29.031531446565356,0.0012314825288323552,,True,1.0,1.0,9.99195861191501e-07,9.95876348822622e-07,True,0.0015858321121290792,0.0008406223163961049,0.06955172331332078,0.0008486940381081674,13.921166116374536,0.0009485433573071697,True,True,True,492,0.46884775161743164,t5_lam1.00_D0.16_n400,t5,1.0,0.16,400
True,5,5,0.13462310572966396,0.09061690298150141,-0.11844786521586473,0.22071862373237225,,0.22117954858714445,12.412536443688609,0.25839503725300716,,False,1.0,1.0,7.223996288009215e-07,9.574115299753046e-07,True,0.003177862375664696,3.849591522377048e-06,0.14409033508853833,2.9262009758430628e-06,12.120348552902401,0.0023339940918752577,True,True,True,493,0.4632408618927002,t5_lam1.00_D0.16_n400,t5,1.0,0.16,400
True,5,5,0.28554671491762657,0.40768463200124144,0.30844427039661965,0.13167415390883294,,0.32404597822819214,53.22146244547145,6.77301055035232e-08,,True,1.0,1.0,9.869729403729869e-07,9.638156199527014e-07,True,0.0035697724407791473,1.0432904015786e-06,0.16185088138080422,6.748177796054277e-07,74.00155191778035,8.526428899840289e-17,True,True,True,494,0.44881200790405273,t5_lam1.00_D0.16_n400,t5,1.0,0.16,400
True,5,5,0.26304389047217763,0.3459604415736949,0.25778297048877014,0.11649372462261577,,0.2997992981817555,45.49640472726162,1.7691214667356704e-06,,True,1.0,1.0,6.595922800052726e-07,8.257586117190004e-07,True,0.001714362586960035,0.0005400824696828684,0.08051963968972461,0.00036704518443619844,23.77477641999486,6.876586275821064e-06,True,True,True,495,0.4693169593811035,t5_lam1.00_D0.16_n400,t5,1.0,0.16,400
True,5,5,0.14372563355461068,0.10328528870337114,0.010823837270678344,0.08013719053996456,,0.16890102769612755,10.992273339656254,0.35812029896035547,,False,1.0,1.0,9.670723341568614e-07,9.655095981306542e-07,True,0.00232575289291251,6.731653829420206e-05,0.10310205372372626,5.952926617307868e-05,4.14707604470174,0.12574012243012408,True,True,False,496,0.45546698570251465,t5_lam1.00_D0.16_n400,t5,1.0,0.16,400
True,5,5,0.22510563271777476,0.2533627294063485,0.15808960817464207,0.10344975984931752,,0.25622229445153705,36.403628349814646,7.173508094416175e-05,,True,1.0,1.0,9.42817068984439e-07,9.860229462007828e-07,True,0.0014303291801055114,0.0014398014174507865,0.06865003549298133,0.0010259037537660883,13.033235114003741,0.001478662143669216,True,True,True,497,0.47083497047424316,t5_lam1.00_D0.16_n400,t5,1.0,0.16,400
True,5,5,0.22829402307516045,0.2605908048592095,0.18139696925027946,0.1003728349101427,,0.2632472566997153,36.32319542383762,7.40606756895521e-05,,True,1.0,1.0,9.450128715110436e-07,9.748477012710358e-07,True,0.002367997188506836,5.8358688726997965e-05,0.10537057186804913,5.5989947710431686e-05,21.082877303621324,2.6418695070737607e-05,True,True,True,498,0.42502665519714355,t5_lam1.00_D0.16_n400,t5,1.0,0.16,400
True,5,5,0.24933141805661244,0.3108307801506062,0.23114652250061485,0.12143169499035708,,0.2935588140159885,34.906939905834165,0.00012951400794184042,,True,1.0,1.0,9.616801600088871e-07,9.881886102516826e-07,True,0.0045884390333744435,3.5774211340005634e-08,0.2041341327701874,3.229229813938548e-08,32.81593530292715,7.483593510671397e-08,True,True,True,499,0.4221827983856201,t5_lam1.00_D0.16_n400,t5,1.0,0.16,400
